Product Type,Recently Updated Record,Last Modified Date,Event ID,Status,Recalling Firm,Address1,Address2,City,State/Province,Postal Code,Country,Voluntary/Mandated,Initial Firm Notification of Consignee or Public,Distribution Pattern,Recall Number,Classification,Product Description,Product Quantity,Reason for Recall,Recall Initiation Date,Center Classification Date,Termination Date,Report Date,Code Info
"Drugs","No","","86327","Terminated","Asiaticon, SA de CV","Conkal No. 62","N/A","Ciudad De Mexico","N/A","	N/A","Mexico","Voluntary: Firm initiated","Press Release","Distributed in Texas","D-0116-2021","Class II","V-Klean Hand Sanitizer Gel Alcohol 70% packaged as  a)8.5 fl oz (250 ml), UPC 7 16053 70499 3;  b) 16.9 fl oz (500 ml), UPC 7 16053 70499 3; c) 33.8 fl. oz. (1000 ml) bottles: 716053704993; Manufactured by: Asiaticon S.A. de C.V. Conkar 62, Jardines del Ajusco. Tlalpan Cuidad de Mexico. 14200 ;","111,500 units","Lack of CGMPs:","08/25/2020","12/07/2020","05/17/2023","12/16/2020","All lots."
"Drugs","No","","86327","Terminated","Asiaticon, SA de CV","Conkal No. 62","N/A","Ciudad De Mexico","N/A","	N/A","Mexico","Voluntary: Firm initiated","Press Release","Distributed in Texas","D-0117-2021","Class II","Protz real protection Antibacterial Hand Sanitizer, Ethyl Alcohol 70%, 13.5 FL OZ (400 mL), Distributed by: Safety-Med Products, Inc. Burlington, WI 53105 Made in Mexico by Asiaticon S.A. de C.V. Conkal No. 62, Mexico, Ciudad de Mexico 14200, Mexico NDC: 75192-600-02 UPC 7 503019 005002","111,500 units","Lack of CGMPs:","08/25/2020","12/07/2020","05/17/2023","12/16/2020","All lots."
"Drugs","No","","86708","Terminated","InvaTech Pharma Solutions, LLC","40c Cotters Ln Ste A","N/A","East Brunswick","NJ","	08816-2037","United States","Voluntary: Firm initiated","Letter","Distributed Nationwide in the USA","D-0115-2021","Class III","Levocetirizine Dihydrochloride Tablets, USP,  5 mg 30-count bottle, Rx Only, Distributed by: Marlex Pharmceuticals, Inc. New Castle, DE 19720. NDC 10135-0639-30","N/A","Failed Impurities/Degradation Specifications: One lot of Levocetirizine dihydrochloride tablets 5 mg 30 count  failed stability testing.","11/11/2020","12/03/2020","06/20/2023","12/09/2020","Lot #: 051944A Exp. Date April - 2021; 1119124 Exp Date Oct - 2021; 062088 Exp Date June - 2022;"
"Drugs","No","12/08/2020","86714","Terminated","Teligent Pharma, Inc.","105 Lincoln Avenue","N/A","Buena","NJ","	08310","United States","Voluntary: Firm initiated","Letter","Nationwide","D-0119-2021","Class III","Clobetasol Propionate Ointment USP 0.05%, Net Wt. 50 grams, Rx Only, Teligent Pharma. Inc. Buena, NJ 08310  NDC 52565-039-60","20160 tubes","Superpotent and Subpotent; low and high assay results","11/05/2020","12/08/2020","08/16/2024","12/09/2020","Lot Number: 12597, exp. date 12/2020"
"Drugs","No","01/22/2021","86749","Terminated","Shilpa Medicare Limited","S-20 To S-26,  Pharm. Formulation Sez","Tsiic, Green Industrial Park","Polepally, Jadcherla","N/A","	N/A","India","Voluntary: Firm initiated","Letter","Nationwide in the U.S.","D-0121-2021","Class II","Busulfan Injection 60 mg/10 mL (6 mg/mL), For Intravenous Infusion Only, Must be diluted before use, Single Dose Vial, Sterile, Cytotoxic Agent, Rx Only, 10 mL vial, Manufactured by: Shilpa Medicare Limited, India, Distributed by: Armas Pharmaceuticals, Inc., Manalapan, NJ 07726, Vial NDC 72485-210-01, Carton NDC 72485-210-08.  ","2,064 vials","CGMP Deviations","12/08/2020","12/09/2020","03/11/2022","12/16/2020","Lot #: 7S10008B, Exp. 12/31/2020"
"Drugs","No","01/22/2021","86749","Terminated","Shilpa Medicare Limited","S-20 To S-26,  Pharm. Formulation Sez","Tsiic, Green Industrial Park","Polepally, Jadcherla","N/A","	N/A","India","Voluntary: Firm initiated","Letter","Nationwide in the U.S.","D-0122-2021","Class II","Azacitidine for Injection 100 mg/vial, For Subcutaneous and Intravenous Use Only, Rx Only, One Single Dose Vial, Cytotoxic Agent, Manufactured by: Shilpa Medicare Limited, Jadcherla, 509301, India, Distributed by: Armas Pharmaceuticals, Inc. Manalapan, NJ 07726  NDC 72485-201-01.  ","35,931 vials","CGMP Deviations","12/08/2020","12/09/2020","03/11/2022","12/16/2020","Lot #s: 7S10115A, Exp. 07/31/2021; 7S10143A, 7S10182B, Exp. 09/30/2021; 7S10255A, 7S10256A, 7S10263A, Exp. 11/30/2021; 7T10028A, 12/31/2021; 7T10040A, Exp. 01/31/2022."
"Drugs","No","01/22/2021","86749","Terminated","Shilpa Medicare Limited","S-20 To S-26,  Pharm. Formulation Sez","Tsiic, Green Industrial Park","Polepally, Jadcherla","N/A","	N/A","India","Voluntary: Firm initiated","Letter","Nationwide in the U.S.","D-0123-2021","Class II","Azacitidine for Injection 100 mg/vial, For Subcutaneous and Intravenous Use Only, Rx Only, One Single Dose Vial, Cytotoxic Agent, Manufactured by: Shilpa Medicare Limited, India, Distributed by: Armas Pharmaceuticals, Inc., Manalapan, NJ 07726, NDC 72606-558-01.  ","6,560 vials","CGMP Deviations","12/08/2020","12/09/2020","03/11/2022","12/16/2020","Lot #: 7S10227A, Exp. 10/31/2021"
"Drugs","No","01/22/2021","86749","Terminated","Shilpa Medicare Limited","S-20 To S-26,  Pharm. Formulation Sez","Tsiic, Green Industrial Park","Polepally, Jadcherla","N/A","	N/A","India","Voluntary: Firm initiated","Letter","Nationwide in the U.S.","D-0124-2021","Class II","Imatinib Mesylate Tablets 100 mg, Rx Only, 90-count Bottle, Manufactured by: Shilpa Medicare Limited, India, Distributed by: Armas Pharmaceuticals Inc., Manalapan, NJ 07726, NDC 72485-202-90.   ","2611 bottles","CGMP Deviations","12/08/2020","12/09/2020","03/11/2022","12/16/2020","Lot #s: 7S10033B, 7S10033A, 7S10031A, Exp. 02/28/2021."
"Drugs","No","","86787","Terminated","The Harvard Drug Group","17177 N Laurel Park Dr Ste 233","N/A","Livonia","MI","	48152-3951","United States","Voluntary: Firm initiated","Letter","Nationwide","D-0114-2021","Class II","Aripiprazole Tablets, USP, 15 mg, 30 tablets per unit dose carton, Rx Only, Manufactured by: Apotex, Inc, Toronto, Ontario Canada M9L 1T9, Distributed by: Major Pharmaceuticals, 17177 N. Laurel Park Dr., Suite 233, Livonia, MI 48152 USA, NDC 0904-6512-04","841 cartons","Failed Dissolution Specifications: Out of specification for dissolution.","11/18/2020","12/01/2020","02/19/2023","12/09/2020","Lots: T02520, T02637, exp 02/2021"
"Drugs","No","","86799","Ongoing","Advanced Nutriceuticals, LLC","836 E 86th St","N/A","Indianapolis","IN","	46240-1806","United States","Voluntary: Firm initiated","Letter","CA, CO, FL, IN, KY, OH, TX","D-0128-2021","Class II","CJC-1295, 2000 MCG/ML, 5 ML vial, The Guyer Institute of Molecular Medicine, Indianapolis, IN","6 vials","Lack of Assurance of Sterility: due to concerns with production processes which cannot assure sterility of products intended to be sterile.","11/30/2020","12/11/2020","N/A","12/23/2020","Lot #1029202004, Exp 11/29/2020;   Lot #1102202001, 102202009, Exp 12/08/2020;   Lot #1105202009, Exp 12/20/2020;   Lot #1110202003, Exp 12/10/2020;   Lot #1112202004, Exp 12/12/2020"
"Drugs","No","","86802","Terminated","SCA Pharmaceuticals","755 Rainbow Rd Ste B","N/A","Windsor","CT","	06095-1024","United States","Voluntary: Firm initiated","Letter","Product was distributed to three hospitals in MO & LA.","D-0147-2021","Class III","Fentanyl, 250 mcg/ 5mL, Injection for IV or IM use, Rx only, SCA Pharmaceuticals, 8821 Knoedl Ct., Little Rock, AR 72205  ","4,843 syringes","Subpotency: Out-of-specification stability test result for low potency was obtained.","11/20/2020","12/14/2020","06/24/2021","12/23/2020","Lot #: 1220021578, Exp 12/2/2020; 1220021732, Exp 12/9/2020; 1220022385, Exp 12/29/2020; 1220022582, Exp 1/6/2021"
"Drugs","No","","86805","Completed","BASF Corporation","100 Park Ave","N/A","Florham Park","NJ","	07932-1049","United States","Voluntary: Firm initiated","Two or more of the following: Email, Fax, Letter, Press Release, Telephone, Visit","USA Nationwide and Worldwide","D-0149-2021","Class II","Kollidon CL-M Crospovidone Ph.Eur.Type B, USP/NF, JP, micronized, packaged in 30 kg plastic drums, Manufacturer: BASF SE, Carl-Bosch-Strabe 38, 67056 Ludwigshafen, Germany, Co-Manufactured by Siegfried PharmaChemikalien Minden GmbH, D-32423 Minden","4560 kg","Cross contamination: the excipient was found to be contaminated with theophylline.","11/17/2020","12/15/2020","N/A","12/23/2020","Batch # 18472036, 18472041."
"Drugs","No","12/16/2020","86833","Terminated","Taro Pharmaceuticals U.S.A., Inc.","3 Skyline Dr","N/A","Hawthorne","NY","	10532-2174","United States","Voluntary: Firm initiated","Letter","Distributed Nationwide in the USA and Canada","D-0150-2021","Class II","CVS Health Athlete's Foot Cream, Clotrimazole Cream USP, 1%, Antifungal, NET WT 1 OZ (28.4 g) Distributed by: CVS Pharmacy, Inc. One CVS Drive Woonsocket, RI 02895. Made in Canada NDC 59779-305-03    ","64,692 1 oz tubes","Failed Impurities/Degradation Specifications: An unknown degradation impurity was detected slightly above the specification limit in Clotrimazole Cream USP 1%.","11/17/2020","12/16/2020","02/21/2024","12/23/2020","Lot #: A873430336, Exp Dec-2020"
"Drugs","No","12/16/2020","86833","Terminated","Taro Pharmaceuticals U.S.A., Inc.","3 Skyline Dr","N/A","Hawthorne","NY","	10532-2174","United States","Voluntary: Firm initiated","Letter","Distributed Nationwide in the USA and Canada","D-0151-2021","Class II","Equate Athlete's Foot, Clotrimazole USP 1%, Antifungal Cream, Packaged as a) NET WT. 0.5 oz (14.2g), NDC 49035-812-01, b) NET WT 2 OZ (60g), NDC 49035-812-27. Distributed by: Walmart Inc., Bentonville, AR 72716.       ","481,896  tubes","Failed Impurities/Degradation Specifications: An unknown degradation impurity was detected slightly above the specification limit in Clotrimazole Cream USP 1%.","11/17/2020","12/16/2020","02/21/2024","12/23/2020","Lot#:   a)A873430371, Exp Dec-2020; B870030918, Exp Jan-2021; C868330918, Exp Feb-2021  b) A873430406, A873530406, A873630406, Exp Dec-2020;B870030635,  B870130867, Exp Jan-2021; C868330867, Exp Feb-2021"
"Drugs","No","12/16/2020","86833","Terminated","Taro Pharmaceuticals U.S.A., Inc.","3 Skyline Dr","N/A","Hawthorne","NY","	10532-2174","United States","Voluntary: Firm initiated","Letter","Distributed Nationwide in the USA and Canada","D-0152-2021","Class II","H-E-B - Athlete's Foot Cream Clotrimazole Cream USP, 1% Anitfungal NET WT. 0.5 oz. (14.2 g),  Made with Pride & Care for H-E-B San Antonio, TX 78204 Made in Canada NDC 37808-305-01","N/A","Failed Impurities/Degradation Specifications: An unknown degradation impurity was detected slightly above the specification limit in Clotrimazole Cream USP 1%.","11/17/2020","12/16/2020","02/21/2024","12/23/2020","Lot#: A873630558 Dec-2020; D867331276, Exp Mar-2021"
"Drugs","No","12/16/2020","86833","Terminated","Taro Pharmaceuticals U.S.A., Inc.","3 Skyline Dr","N/A","Hawthorne","NY","	10532-2174","United States","Voluntary: Firm initiated","Letter","Distributed Nationwide in the USA and Canada","D-0153-2021","Class II","Kaiser Permanente Clotrimazole Cream USP, 1% Antifungal Cream, NET WT 1 oz (28.4 g), Manufactured by Taro Pharmaceuticals Inc. Brampton, Ontario, Canada L6T1C1 Distributed by Kaiser Foundation Hospitals Livemore, CA 94551-9756. Made in Canada. NDC 0179-8014-30  ","30,816 1 oz tubes","Failed Impurities/Degradation Specifications: An unknown degradation impurity was detected slightly above the specification limit in Clotrimazole Cream USP 1%.","11/17/2020","12/16/2020","02/21/2024","12/23/2020","Lot#: A873630634, Exp Dec 2020; B870030634, Exp, Jan 2021"
"Drugs","No","12/16/2020","86833","Terminated","Taro Pharmaceuticals U.S.A., Inc.","3 Skyline Dr","N/A","Hawthorne","NY","	10532-2174","United States","Voluntary: Firm initiated","Letter","Distributed Nationwide in the USA and Canada","D-0154-2021","Class II","Kroger Athlete's Foot Cream, Clotrimazole Cream USP, 1%, Antifungal, NET WT 0.5 OZ (15g), Distributed by The Kroger Co. Cincinnati, Ohio 45202 Made in Canada. NDC 30142-305-01   ","133,452 0.5 oz tubes","Failed Impurities/Degradation Specifications: An unknown degradation impurity was detected slightly above the specification limit in Clotrimazole Cream USP 1%.","11/17/2020","12/16/2020","02/21/2024","12/23/2020","Lot#: A873430372, Exp Dec 2020; D867331278, Exp Mar 2021"
"Drugs","No","12/16/2020","86833","Terminated","Taro Pharmaceuticals U.S.A., Inc.","3 Skyline Dr","N/A","Hawthorne","NY","	10532-2174","United States","Voluntary: Firm initiated","Letter","Distributed Nationwide in the USA and Canada","D-0155-2021","Class II","Kroger Jock Itch Cream, Clotrimazole Cream USP, 1%, Antifungal Cream, NET WT .5 OZ (15 g), Distributed by The Kroger CO, Cincinnati, Ohio 45202 Made in Canada, NDC 30142-510-01  ","45,396 units","Failed Impurities/Degradation Specifications: An unknown degradation impurity was detected slightly above the specification limit in Clotrimazole Cream USP 1%.","11/17/2020","12/16/2020","02/21/2024","12/23/2020","Lot#: A873630557, Exp Dec 2020           70,200  63,252"
"Drugs","No","12/16/2020","86833","Terminated","Taro Pharmaceuticals U.S.A., Inc.","3 Skyline Dr","N/A","Hawthorne","NY","	10532-2174","United States","Voluntary: Firm initiated","Letter","Distributed Nationwide in the USA and Canada","D-0156-2021","Class II","RiteAid Pharmacy RIngworm Cream, Clotrimazole Cream USP, 1%, Antifungal NET W 0.5 oz. (14.2g), Distributed by: Rite Aid, 30 Hunter Lane, Camp Hill, PA 17011 Made in Canada. UPC 0 11822 53812 1","34,920 0.5 oz tubes","Failed Impurities/Degradation Specifications: An unknown degradation impurity was detected slightly above the specification limit in Clotrimazole Cream USP 1%.","11/17/2020","12/16/2020","02/21/2024","12/23/2020","Lot#: A873630559, Exp Dec 2020."
"Drugs","No","12/16/2020","86833","Terminated","Taro Pharmaceuticals U.S.A., Inc.","3 Skyline Dr","N/A","Hawthorne","NY","	10532-2174","United States","Voluntary: Firm initiated","Letter","Distributed Nationwide in the USA and Canada","D-0157-2021","Class II","Best Choice, Clotrimazole Cream, USP 1%, Antifungal, NET WT 0.5 OZ (14.2g), Distributed by: Valu Merchandisers, CO . 5000 Kansas Ave. Kansas City, KS 66106 Made in Canada. UPC 0-70038-20355-1","11,088 1 oz tubes","Failed Impurities/Degradation Specifications: An unknown degradation impurity was detected slightly above the specification limit in Clotrimazole Cream USP 1%.","11/17/2020","12/16/2020","02/21/2024","12/23/2020","Lot #: D867331087, Exp Mar, 2021          70,200  63,252"
"Drugs","No","12/16/2020","86833","Terminated","Taro Pharmaceuticals U.S.A., Inc.","3 Skyline Dr","N/A","Hawthorne","NY","	10532-2174","United States","Voluntary: Firm initiated","Letter","Distributed Nationwide in the USA and Canada","D-0158-2021","Class II","TopCare Health, Athlete's Foot Cream, Clotrimazole Cream USP, 1%, Antifungal, NET WT. 0.5 oz. (14.2 g). Distributed by Topco Associates LLC, Elk Grove Village, IL 60007. NDC 36800-495-69 UPC 0 36800 49569 2","N/A","Failed Impurities/Degradation Specifications: An unknown degradation impurity was detected slightly above the specification limit in Clotrimazole Cream USP 1%.","11/17/2020","12/16/2020","02/21/2024","12/23/2020","Lot#: D867331277, Exp Mar 2021          70,200  63,252"
"Drugs","No","12/16/2020","86833","Terminated","Taro Pharmaceuticals U.S.A., Inc.","3 Skyline Dr","N/A","Hawthorne","NY","	10532-2174","United States","Voluntary: Firm initiated","Letter","Distributed Nationwide in the USA and Canada","D-0159-2021","Class II","Athlete's Foot Cream, Clotrimazole Cream USP, 1%, Antifungal Cream, NET WT 1 oz  (30 g), Distributed by: Taro Pharmaceuticals U.S.A. Inc. Hawthorne, NY 10531. Made in Canada. UPC 3 51672 20022 0","40,896 1 oz tube","Failed Impurities/Degradation Specifications: An unknown degradation impurity was detected slightly above the specification limit in Clotrimazole Cream USP 1%.","11/17/2020","12/16/2020","02/21/2024","12/23/2020","Lot#: B870130838, Exp Jan 2021          70,200  63,252"
"Drugs","No","","86799","Ongoing","Advanced Nutriceuticals, LLC","836 E 86th St","N/A","Indianapolis","IN","	46240-1806","United States","Voluntary: Firm initiated","Letter","CA, CO, FL, IN, KY, OH, TX","D-0129-2021","Class II","FGL, 10 MG/ML, 3 ML vial, The Guyer Institute of Molecular Medicine, Indianapolis, IN","1 vial","Lack of Assurance of Sterility: due to concerns with production processes which cannot assure sterility of products intended to be sterile.","11/30/2020","12/11/2020","N/A","12/23/2020","Lot #1112202006, Exp 12/12/2020"
"Drugs","No","","86799","Ongoing","Advanced Nutriceuticals, LLC","836 E 86th St","N/A","Indianapolis","IN","	46240-1806","United States","Voluntary: Firm initiated","Letter","CA, CO, FL, IN, KY, OH, TX","D-0130-2021","Class II","PT-141, 10 MG/ML, 2 ML vial, The Guyer Institute of Molecular Medicine, Indianapolis, IN","1 vial","Lack of Assurance of Sterility: due to concerns with production processes which cannot assure sterility of products intended to be sterile.","11/30/2020","12/11/2020","N/A","12/23/2020","Lot #1112202006, Exp 12/12/2020"
"Drugs","No","","86799","Ongoing","Advanced Nutriceuticals, LLC","836 E 86th St","N/A","Indianapolis","IN","	46240-1806","United States","Voluntary: Firm initiated","Letter","CA, CO, FL, IN, KY, OH, TX","D-0131-2021","Class II","AOD-9604, 1200 MCG/ML, 5 ML vial The Guyer Institute of Molecular Medicine, Indianapolis, IN","3 vials","Lack of Assurance of Sterility: due to concerns with production processes which cannot assure sterility of products intended to be sterile.","11/30/2020","12/11/2020","N/A","12/23/2020","Lot #1029202003, Exp 11/29/2020;  Lot #1110202002, Exp 12/10/2020;  Lot #1112202001, Exp 12/12/2020"
"Drugs","No","","86799","Ongoing","Advanced Nutriceuticals, LLC","836 E 86th St","N/A","Indianapolis","IN","	46240-1806","United States","Voluntary: Firm initiated","Letter","CA, CO, FL, IN, KY, OH, TX","D-0132-2021","Class II","BPC-157, 2000 MCG/ML, 5 ML vial, The Guyer Institute of Molecular Medicine, Indianapolis, IN","4 vials","Lack of Assurance of Sterility: due to concerns with production processes which cannot assure sterility of products intended to be sterile.","11/30/2020","12/11/2020","N/A","12/23/2020","Lot #1102202009, Exp 12/08/2020;  Lot #1105202009, Exp 12/20/2020;  Lot #1110202001, Exp 12/15/2020;  Lot #1112202004, Exp 12/12/2020"
"Drugs","No","","86799","Ongoing","Advanced Nutriceuticals, LLC","836 E 86th St","N/A","Indianapolis","IN","	46240-1806","United States","Voluntary: Firm initiated","Letter","CA, CO, FL, IN, KY, OH, TX","D-0133-2021","Class II","THYMOSIN ALPHA, 2000 MCG/ML, 5 ML vial, The Guyer Institute of Molecular Medicine, Indianapolis, IN","4 vials","Lack of Assurance of Sterility: due to concerns with production processes which cannot assure sterility of products intended to be sterile.","11/30/2020","12/11/2020","N/A","12/23/2020","Lot #110220200, 1102202009, Exp 12/09/2020;  Lot #1105202009, Exp 12/20/2020;  Lot #1110202008, Exp 12/10/2020"
"Drugs","No","","86799","Ongoing","Advanced Nutriceuticals, LLC","836 E 86th St","N/A","Indianapolis","IN","	46240-1806","United States","Voluntary: Firm initiated","Letter","CA, CO, FL, IN, KY, OH, TX","D-0134-2021","Class II","IPAMORELIN, 2000 MCG/ML, 5 ML vial, The Guyer Institute of Molecular Medicine, Indianapolis, IN","3 vials","Lack of Assurance of Sterility: due to concerns with production processes which cannot assure sterility of products intended to be sterile.","11/30/2020","12/11/2020","N/A","12/23/2020","Lot # 1029202005,Exp 11/29/2020;  Lot #1102202014, Exp 12/08/2020;  Lot #1112202002, Exp 12/12/2020"
"Drugs","No","","86799","Ongoing","Advanced Nutriceuticals, LLC","836 E 86th St","N/A","Indianapolis","IN","	46240-1806","United States","Voluntary: Firm initiated","Letter","CA, CO, FL, IN, KY, OH, TX","D-0135-2021","Class II","GHRP, 2000 MCG/ML, 5 ML vial, The Guyer Institute of Molecular Medicine, Indianapolis, IN","1 vial","Lack of Assurance of Sterility: due to concerns with production processes which cannot assure sterility of products intended to be sterile.","11/30/2020","12/11/2020","N/A","12/23/2020","Lot #1112202008, Exp 12/11/2020"
"Drugs","No","","86799","Ongoing","Advanced Nutriceuticals, LLC","836 E 86th St","N/A","Indianapolis","IN","	46240-1806","United States","Voluntary: Firm initiated","Letter","CA, CO, FL, IN, KY, OH, TX","D-0136-2021","Class II","NANDROLONE, 200 MCG/ML, 2 ML, The Guyer Institute of Molecular Medicine, Indianapolis, IN","2 vials","Lack of Assurance of Sterility: due to concerns with production processes which cannot assure sterility of products intended to be sterile.","11/30/2020","12/11/2020","N/A","12/23/2020","Lot #1113202002, Exp 01/13/2021;  Lot #1102202005, Exp 12/08/2020"
"Drugs","No","","86799","Ongoing","Advanced Nutriceuticals, LLC","836 E 86th St","N/A","Indianapolis","IN","	46240-1806","United States","Voluntary: Firm initiated","Letter","CA, CO, FL, IN, KY, OH, TX","D-0137-2021","Class II","B12 for Injection, 2 MG/ML, 10 ML vial, The Guyer Institute of Molecular Medicine, Indianapolis, IN","1 vials","Lack of Assurance of Sterility: due to concerns with production processes which cannot assure sterility of products intended to be sterile.","11/30/2020","12/11/2020","N/A","12/23/2020","Lot #1111202001, Exp 01/11/2021"
"Drugs","No","","86799","Ongoing","Advanced Nutriceuticals, LLC","836 E 86th St","N/A","Indianapolis","IN","	46240-1806","United States","Voluntary: Firm initiated","Letter","CA, CO, FL, IN, KY, OH, TX","D-0138-2021","Class II","DSIP, 1000 MCG/ML, 5 ML vial, The Guyer Institute of Molecular Medicine, Indianapolis, IN","1 vial","Lack of Assurance of Sterility: due to concerns with production processes which cannot assure sterility of products intended to be sterile.","11/30/2020","12/11/2020","N/A","12/23/2020","Lot #1111202002, Exp 12/11/2020"
"Drugs","No","","86799","Ongoing","Advanced Nutriceuticals, LLC","836 E 86th St","N/A","Indianapolis","IN","	46240-1806","United States","Voluntary: Firm initiated","Letter","CA, CO, FL, IN, KY, OH, TX","D-0139-2021","Class II","CEREBROLYSIN, 107.5 MG/ML, 10 ML vial, The Guyer Institute of Molecular Medicine, Indianapolis, IN","1 vial","Lack of Assurance of Sterility: due to concerns with production processes which cannot assure sterility of products intended to be sterile.","11/30/2020","12/11/2020","N/A","12/23/2020","Lot #1110202004 Exp 12/10/2020"
"Drugs","No","","86799","Ongoing","Advanced Nutriceuticals, LLC","836 E 86th St","N/A","Indianapolis","IN","	46240-1806","United States","Voluntary: Firm initiated","Letter","CA, CO, FL, IN, KY, OH, TX","D-0140-2021","Class II","THYMOSIN BETA - 4, 2000 MCG/ML, 5 ML vial, The Guyer Institute of Molecular Medicine, Indianapolis, IN","3 vials","Lack of Assurance of Sterility: due to concerns with production processes which cannot assure sterility of products intended to be sterile.","11/30/2020","12/11/2020","N/A","12/23/2020","Lot #1110202005, Exp 12/10/2020;  Lot #1102202015, Exp 12/08/2020;  Lot #1105202009, Exp 12/20/2020"
"Drugs","No","","86799","Ongoing","Advanced Nutriceuticals, LLC","836 E 86th St","N/A","Indianapolis","IN","	46240-1806","United States","Voluntary: Firm initiated","Letter","CA, CO, FL, IN, KY, OH, TX","D-0141-2021","Class II","GHK-CU, 10 MG/ML, 5 ML vial, The Guyer Institute of Molecular Medicine, Indianapolis, IN","1 vial","Lack of Assurance of Sterility: due to concerns with production processes which cannot assure sterility of products intended to be sterile.","11/30/2020","12/11/2020","N/A","12/23/2020","Lot #1030202010, Exp 11/30/2020"
"Drugs","No","","86799","Ongoing","Advanced Nutriceuticals, LLC","836 E 86th St","N/A","Indianapolis","IN","	46240-1806","United States","Voluntary: Firm initiated","Letter","CA, CO, FL, IN, KY, OH, TX","D-0142-2021","Class II","HIGH DOSE B12, 10 MG/ML, 10 ML vial, The Guyer Institute of Molecular Medicine, Indianapolis, IN","1 vials","Lack of Assurance of Sterility: due to concerns with production processes which cannot assure sterility of products intended to be sterile.","11/30/2020","12/11/2020","N/A","12/23/2020","Lot #1029202007, Exp 12/29/20"
"Drugs","No","","86799","Ongoing","Advanced Nutriceuticals, LLC","836 E 86th St","N/A","Indianapolis","IN","	46240-1806","United States","Voluntary: Firm initiated","Letter","CA, CO, FL, IN, KY, OH, TX","D-0143-2021","Class II","LL-37, 2000 MCG/ML, 2 ML vial, The Guyer Institute of Molecular Medicine, Indianapolis, IN","1 vial","Lack of Assurance of Sterility: due to concerns with production processes which cannot assure sterility of products intended to be sterile.","11/30/2020","12/11/2020","N/A","12/23/2020","Lot #1105202006, Exp 12/18/2020"
"Drugs","No","01/05/2021","86850","Terminated","Ascend Laboratories LLC","339 Jefferson Rd Ste 101","N/A","Parsippany","NJ","	07054-3707","United States","Voluntary: Firm initiated","E-Mail","Distributed Nationwide in the USA","D-0185-2021","Class II","Cephalexin for Oral Suspension, USP, 125 mg per 5 mL, packaged as a) 100 ml (when mixed) bottle, NDC 67877-544-88; b) 200 ml (when mixed) bottle NDC 67877-544-68,  Rx Only, Manufactured by: Alkem Laboratories, Ltd, Mumbai -400 013 INDIA. Distributed by: Ascend Lab,oratories, LLC Parsippany, NJ 07054","20,232 bottles","Failed Impurity/Degradation Specifications: Unidentified impurities not complying with specifications were observed in various lots of Cephalexin FOS USP 125 mg/5 mL.","11/23/2020","01/04/2021","06/01/2023","01/13/2021","Lot#: a) 19144340, 19144341, Exp AUG 2021; b) 20142226, 20142227, Exp MAY 2022"
"Drugs","No","","86858","Terminated","Simex Logistics SA de CV","Calle Salvatierra Fracc. El Puente 101","Col. Santa Maria, Celaya","Celaya","N/A","	N/A","Mexico","Voluntary: Firm initiated","Letter","CA, GA, NV, TX","D-0160-2021","Class II","+Protec Hands Antibacterial Gel Topical Solution Instant Sanitizer Hands 70% Alcohol Antiseptic, packaged in bottles of a) 33.8 Oz (1000mL) Barcode: GOOD-GEL-04062020L; b) 127.8 oz (3780mL) Barcode 0723707893163, Distributed by: PS Promotional Services LLC Allen Street #406 Dallas, Texas 75204 Produced By: Simex Logistics S.A. de C.V. Salvatierra No. 101 Fraccionamiento El Puente. Celaya, Guanajuato, Mexico.","19340 bottles","Subpotent drug","11/25/2020","12/16/2020","05/17/2023","12/23/2020","Lot: 0-820, Exp 07/13/2023"
"Drugs","No","","86858","Terminated","Simex Logistics SA de CV","Calle Salvatierra Fracc. El Puente 101","Col. Santa Maria, Celaya","Celaya","N/A","	N/A","Mexico","Voluntary: Firm initiated","Letter","CA, GA, NV, TX","D-0161-2021","Class II","CitruGel Hand Sanitizer Advanced Formula 70% Alcohol Fresh Lemon Scent, 33.81 FL OZ (1L), Distributed By Citru Gel Inc. Henderson, NV 89052 www.citrugel.com NDC: 78247-002-01","1800 bottles","Subpotent drug","11/25/2020","12/16/2020","05/17/2023","12/23/2020","Lot: 0-620, Exp 06/10/2023"
"Drugs","No","","86858","Terminated","Simex Logistics SA de CV","Calle Salvatierra Fracc. El Puente 101","Col. Santa Maria, Celaya","Celaya","N/A","	N/A","Mexico","Voluntary: Firm initiated","Letter","CA, GA, NV, TX","D-0162-2021","Class II","Health & Hand Gel Hand Sanitizer 70% Alcohol Content, 33.8 FL OZ (1L), Distributed By Blue Ridge Southern Supply, LLC 1130 Ada St. Blue Ridge, GA 30513 Produced By: Simex Logistics S.A. de C.V. Salvatierra No. 101 Fracc. El Puente C.P. 38040 Celaya, Guanajuato, Mexico. smxcontact@simex-logistics.com Barcode: 6 18149 21988 9","19008 bottles","Subpotent drug","11/25/2020","12/16/2020","05/17/2023","12/23/2020","Lot: 0-720, Exp 05/16/2023"
"Drugs","No","","86858","Terminated","Simex Logistics SA de CV","Calle Salvatierra Fracc. El Puente 101","Col. Santa Maria, Celaya","Celaya","N/A","	N/A","Mexico","Voluntary: Firm initiated","Letter","CA, GA, NV, TX","D-0163-2021","Class II","UVT World Gel Hand Sanitizer 70% Alcohol Content, 33.9 FL OZ (1LT), Distributed By UVT World Newport Beach, CA 92660 www.uvt.world Produced By: Simex Logistics S.A. de C.V. Salvatierra No. 101 Fraccionamiento El Puente Celaya, Guanajuato, Mexico Barcode: 7 00306 88677 2","16308 bottles","Subpotent drug","11/25/2020","12/16/2020","05/17/2023","12/23/2020","Lot: 0-620, Exp 08/05/2023"
"Drugs","No","12/22/2020","86859","Terminated","Ascend Laboratories LLC","339 Jefferson Rd Ste 101","N/A","Parsippany","NJ","	07054-3707","United States","Voluntary: Firm initiated","E-Mail","MI","D-0173-2021","Class II","Tizanidine Tablets, USP 4mg, Rx Only, 150 Tablets per Bottle, Manufactured by Alkem Laboratories Ltd, Mumbai - 400 013, INDIA, Distributed by: Ascend Laboratories, LLC Parsippany, NJ 07054, NDC: 67877-614-15.","1200 bottles","Failed Dissolution Specifications; Out of Specification (low) results were obtained.","11/24/2020","12/22/2020","04/11/2023","12/09/2020","Lot #19143017, Exp. 05/31/2021"
"Drugs","No","","86867","Terminated","Novocol Pharmaceutical of Canada, Inc.","25 Wolseley Crt","N/A","Cambridge","N/A","	N/A","Canada","Voluntary: Firm initiated","Letter","U.S. nationwide.","D-0127-2021","Class III","Scandonest 3% Plain (Mepivacaine Hydrochloride 3% without Vasoconstrictor), packaged in cartons of 50 cartridges (1.7 mL each), Rx only, Manufactured for SEPTODONT, Inc.,  Louisville, CO 80027, by Novocol Pharmaceutical of Canada, Inc., Cambridge, ON N1R 6X3, Canada, NDC 0362-1098-90","15,398 cartridges","Labeling: Label mix-up","11/20/2020","12/09/2020","05/13/2021","12/16/2020","Batch # D03050E, D03032F, Exp 28-Feb-2022; D02983D, Exp 30-Nov-2021; D02865C, Exp 31-Aug-2021; D02894G, Exp 30-Sep-2021; D02701G, Exp 31-Jan-2021; D02766E, Exp 30-Apr-2021"
"Drugs","No","12/01/2020","86868","Terminated","US Pharmaceuticals Inc.","681 Main St Ste 27","N/A","Belleville","NJ","	07109-3471","United States","Voluntary: Firm initiated","Letter","Distributed in RI","D-0113-2021","Class II","CVS Health Hydrating Healing Ointment (Petrolatum 41%), Net Wt 3 OZ (85g), Distributed by CVS Pharmacy, Inc. One CVS Drive, Woonsocket, RI 02895  UPC 0 50428 53642 1","3312 units","Lack Of CGMP:s Low weight fill tubes were identified in one lot of CVS Healing Ointment.","11/19/2020","12/01/2020","02/01/2022","12/09/2020","Lot # 41C19 Exp 3/2021"
"Drugs","No","","86858","Terminated","Simex Logistics SA de CV","Calle Salvatierra Fracc. El Puente 101","Col. Santa Maria, Celaya","Celaya","N/A","	N/A","Mexico","Voluntary: Firm initiated","Letter","CA, GA, NV, TX","D-0164-2021","Class II","Lavar 70 Gel Hand Sanitizer 70% Alcohol Content, 33.8 FL OZ (1L), Distributed By Blue Ridge Southern Supply, LLC. 1130 Aba St. Blue Ridge, GA 30513 Produced By: Simex Logistics S.A. de C.V Salvatierra No. 101 Fraccionamiento El Puente Celaya, Guanajuato, Mexico, Barcode: 7 05333 5897","38016 bottles","Subpotent drug","11/25/2020","12/16/2020","05/17/2023","12/23/2020","Lot: 0-520, Exp 05/26/2023"
"Drugs","No","","86898","Ongoing","GAZA PROVEEDORA DE SERVICIOS DE HOSPEDAJE Y ALIMENTACION","Castilla 1473a Coloniajardines De","Tonala","Tonala","N/A","	N/A","Mexico","Voluntary: Firm initiated","Letter","TX","D-0229-2021","Class II","Pristine gel Hand Sanitizer Gel Antibacterial Gel Moisturizing, 8.45 Fl. Oz. (250 mL) Bottle, Distributed by: Universal Distributors LLC, 6197 S. Rural Rd.,Tempe AZ, 85283, Made in Mexico by: Gaza Proveedora De Servicios De Hospedaje y Alimentos S.A. de C.V., UPC 8 64972 00049 5, NDC 76540-100-02","26,000 liters","cGMP deviations: Product made at the same facility where product tested was sub-potent.","12/01/2020","01/14/2021","N/A","01/20/2021","All Lots"
"Drugs","No","","86904","Terminated","Morton Grove Pharmaceuticals, Inc.","6451 Main St","N/A","Morton Grove","IL","	60053-2633","United States","Voluntary: Firm initiated","Letter","Nationwide USA and Puerto Rico","D-0174-2021","Class II","Hydroxyzine Hydrochloride Oral Solution, USP (Syrup), 10 mg/5 mL, packaged in a) 4 fl oz (118 mL) bottle, NDC 60432-150-04, b) 1 pint (473 mL), NDC 60432-150-16, Rx Only, Manufactured By: Morton Grove Pharmaceuticals, Inc., Morton Grove, IL 60053","127,392 bottles","Failed Impurities/Degradation Specification: OOS for the following - unknown degradant/impurity, 4-chorobenzophenone, and for total impurities.","12/09/2020","12/23/2020","09/24/2022","12/30/2020","Lot#: a) UU1328, Exp 10/21; b) UU1207, Exp 07/21; UU1326, Exp 09/21; UU1327, Exp 10/21."
"Drugs","No","","86925","Terminated","Zydus Pharmaceuticals (USA) Inc","73 Route 31 N","N/A","Pennington","NJ","	08534-3601","United States","Voluntary: Firm initiated","Letter","Nationwide","D-0145-2021","Class II","Lansoprazole Delayed-Release Orally Disintegrating Tablets 15 mg, 100 Tablets (10x10 unit dose) blister pack, Rx only,  Manufactured by: Cadila Healthcare Ltd. Ahmedabad, India Distributed by: Zydus Pharmaceuticals USA Inc. Pennington, NJ 08534 NDC 68382-771-77","15,144 cartons","Failed Dissolution Specifications","12/03/2020","12/11/2020","12/20/2022","12/23/2020","M915744 OCT 2021  M904770 FEB 2021"
"Drugs","No","","86925","Terminated","Zydus Pharmaceuticals (USA) Inc","73 Route 31 N","N/A","Pennington","NJ","	08534-3601","United States","Voluntary: Firm initiated","Letter","Nationwide","D-0146-2021","Class II","Lansoprazole Delayed-Release Orally Disintegrating Tablets, 30 mg, 100 Tablets (10 x 10 unit-dose) blister pack, Rx only, Manufactured by: Cadila Healthcare Ltd. Ahmedabad, India Distributed by: Zydus Pharmaceuticals USA Inc. Pennington, NJ 08534 NDC 68382-772-77","22,848 cartons","Failed Dissolution Specifications","12/03/2020","12/11/2020","12/20/2022","12/23/2020","M900412 December 2020  M904772 February 2021  M915745 October 2021"
"Drugs","No","01/22/2021","86749","Terminated","Shilpa Medicare Limited","S-20 To S-26,  Pharm. Formulation Sez","Tsiic, Green Industrial Park","Polepally, Jadcherla","N/A","	N/A","India","Voluntary: Firm initiated","Letter","Nationwide in the U.S.","D-0125-2021","Class II","Imatinib Mesylate Tablets 400 mg, Rx Only, 30-count Bottle, Manufactured by: Shilpa Medicare Limited, India, Distributed by: Armas Pharmaceuticals Inc., Manalapan, NJ 07726, NDC 72485-203-30.   ","4166 bottles","CGMP Deviations","12/08/2020","12/09/2020","03/11/2022","12/16/2020","Lot #s: 7S10032A, 7S10034A, Exp. 02/28/2021"
"Drugs","No","","86929","Terminated","US Compounding Inc","1270 Dons Ln","N/A","Conway","AR","	72032-4753","United States","Voluntary: Firm initiated","Letter","Nationwide","D-0175-2021","Class III","Neostigmine Methylsulfate PF Inj. 5 mg/5 mL, 5 mL Single Use Syringes, Hospital/Office Use Only. US Compounding 1270 Don's Lane Conway, AR 72032 (800) 718-3588  NDC 62295-3324-05","1640 syringes","Labelling: Missing label.","11/25/2020","12/29/2020","11/05/2021","01/06/2021","Lot: 20202109@3 BUD: 3/20/2021"
"Drugs","No","","86940","Terminated","AVKARE Inc.","615 N 1st St","N/A","Pulaski","TN","	38478-2403","United States","Voluntary: Firm initiated","Letter","Nationwide within the U.S.","D-0167-2021","Class II","Sildenafil Tablets USP 100 mg, Rx Only, 100-count Bottle, Manufactured for: AvKARE Pulaski, TN 38478, NDC 42291-748-01.","38715 bottles","Product mix-up: Bottles of sildenafil and trazodone were inadvertently packaged together during bottling at a 3rd party facility.","12/07/2020","12/16/2020","10/16/2023","12/23/2020","Lot: 36884 Exp. 03/2022"
"Drugs","No","","86799","Ongoing","Advanced Nutriceuticals, LLC","836 E 86th St","N/A","Indianapolis","IN","	46240-1806","United States","Voluntary: Firm initiated","Letter","CA, CO, FL, IN, KY, OH, TX","D-0144-2021","Class II","Pentosan Polysulfate, 300 MG/ML, 5 ML vial, The Guyer Institute of Molecular Medicine, Indianapolis, IN","1 vial","Lack of Assurance of Sterility: due to concerns with production processes which cannot assure sterility of products intended to be sterile.","11/30/2020","12/11/2020","N/A","12/23/2020","Lot #1110202006, exp 12/10/2020"
"Drugs","No","","86945","Terminated","Biogen MA Inc.","5000 Davis Dr","N/A","Research Triangle Park","NC","	27709","United States","Voluntary: Firm initiated","Letter","USA Nationwide","D-0148-2021","Class II","Vumerity (diroximel fumarate) delayed-release capsule, 231 mg, packaged in  a) 106-count bottle, b)120-count bottle, Rx only, Manufactured for: Biogen Inc., Cambridge, MA 02142, NDC 64406-020-01    ","5,307 bottles","Failed dissolution specifications: out-of-specification test results observed during the buffer stage dissolution testing.","12/09/2020","12/14/2020","09/17/2021","12/23/2020","Lot #: a) 101801, Exp 5/31/2021; 102826, Exp 6/21/2021; b) 101799, Exp 5/31/2021; 102362, Exp 6/21/2021"
"Drugs","No","","86948","Terminated","Hikma Pharmaceuticals USA Inc.","2 Esterbrook Ln","N/A","Cherry Hill","NJ","	08003-4002","United States","Voluntary: Firm initiated","E-Mail","Distributed Nationwide in the USA","D-0169-2021","Class II","Sodium Chloride Injection, USP, 0.9%, 0.308 mOsmol/ml, 2mL Single Dose Vial, Rx Only, Mfd. by. West-ward Eatontown, NJ 07724 USA, Vial NDC 0641-0497-17","1,324,072 vials","Failed pH Specifications: Out of Specification pH Test Results were found in Sodium Chloride Injection USP 0.9% 2ml vial.","12/07/2020","12/16/2020","07/18/2023","12/23/2020","Lot#: 048315 EXP 4/2021; 068320 EXP 6/2021; 128302 EXP 12/2021; 099349 EXP 9/2022."
"Drugs","No","01/22/2021","86749","Terminated","Shilpa Medicare Limited","S-20 To S-26,  Pharm. Formulation Sez","Tsiic, Green Industrial Park","Polepally, Jadcherla","N/A","	N/A","India","Voluntary: Firm initiated","Letter","Nationwide in the U.S.","D-0126-2021","Class II","Docetaxel Injection USP 160 mg/8mL (20 mg/mL), For Intravenous Infusion Only, Rx Only, 8 mL Single Use Vial, Cytotoxic Agent, Manufactured by: Shilpa Medicare Limited, India, Distributed by: Armas Pharmaceuticals, Inc., Manalapan, NJ 07726, NDC 72485-216-08.    ","2008 vials","CGMP Deviations","12/08/2020","12/09/2020","03/11/2022","12/16/2020","Lot #: 7S10185A, Exp. 10/31/2021"
"Drugs","No","","86955","Terminated","Akebia Therapeutics dba Keryx Biopharmaceutials, Inc","245 1st St","N/A","Cambridge","MA","	02142-1200","United States","Voluntary: Firm initiated","Letter","The product was distributed by two major distributors who further distributed the product nationwide and one specialty pharmacy.","D-0170-2021","Class II","Auryxia (ferric citrate) tablets, 210 mg, 200-count bottles, Rx only, Manufactured for and distributed by: KERYX BIOPHARMACEUTICALS, INC., One Marina Park Drive, 12th Floor, Boston, MA  02210, NDC 59922-631-01","2,170 bottles","CGMP Deviations","12/09/2020","12/18/2020","09/01/2021","12/30/2020","Lot Number: 9062, exp. date Feb 2021"
"Drugs","No","","86964","Terminated","Fresenius Kabi USA, LLC","3 Corporate Dr","N/A","Lake Zurich","IL","	60047-8930","United States","Voluntary: Firm initiated","Letter","Nationwide in the USA","D-0172-2021","Class II","Sensorcaine-MPF (Bupivacaine HCl and Epinephrine Injection, USP), 0.5%, 150 mg per 30 mL (5 mg per mL), 30 mL Single Dose Vial (NDC 63323-462-01), packaged as 25 Single Dose Vials per tray (NDC 63323-462-37), Rx only, Fresenius Kabi, Lake Zurich, IL 60047.   ","4411 trays","Subpotent Drug: Low out-of-specification assay results for the epinephrine component.","12/10/2020","12/22/2020","08/25/2022","12/30/2020","Batch # 6123760, Exp 02/2022"
"Drugs","No","","86969","Terminated","CIPLA","10 Independence Blvd","N/A","Warren","NJ","	07059-2730","United States","Voluntary: Firm initiated","Two or more of the following: Email, Fax, Letter, Press Release, Telephone, Visit","USA Nationwide","D-0165-2021","Class II","Azacitidine for Injection 100 mg/vial For Subcutaneous and Intravenous Use Only Single-Dose Vial Manufactured by Shilpa Medicare Limited Jadcherla -509301 INDIA Distributed by: Cipla USA, Inc. 10 Independence Blvd, Suite 300 Warren, NJ 07059 NDC 69097-805-40","2151 vials","cGMP deviations: Vials may not be sealed correctly affecting sterility.","12/14/2020","12/16/2020","08/16/2022","12/23/2020","Lot #: 7S10182A, Ex 9/2021"
"Drugs","No","","86982","Terminated","SCA Pharmaceuticals, Inc.","8821 Knoedl Ct","N/A","Little Rock","AR","	72205-4600","United States","Voluntary: Firm initiated","Letter","Distributed Nationwide in the USA","D-0171-2021","Class II","Vasopressin 20 Units added to 0.9% Sodium Chloride 100 mL Rx Only, Single Dose Container, SCA Pharmaceuticals 8821 Knoedl Ct. Little Rock, AR 72205 Bar Code 70004093232","654 bags","Subpotent drug.","12/14/2020","12/21/2020","09/23/2021","12/30/2020","Lots: 1120025012 BUD: 01/13/2021, 1120025015 BUD: 01/15/2021, 1120025272 BUD: 01/28/2021"
"Drugs","No","","86898","Ongoing","GAZA PROVEEDORA DE SERVICIOS DE HOSPEDAJE Y ALIMENTACION","Castilla 1473a Coloniajardines De","Tonala","Tonala","N/A","	N/A","Mexico","Voluntary: Firm initiated","Letter","TX","D-0230-2021","Class II","Zapien Productos Hand Sanitizer Gel Antibacterial, 33.8 FL. OZ (1000 mL), Made by GAZA S.A. DE C.V. Castilla St. #1473-A ZIP 45410 Tonala, Jalisco, Mexico, UPC: 7 501700 623504, NDC numbers: 76938-001-01, 76938-001-02, 76938-001-03.","43875 liters","cGMP deviations: Product made at the same facility where product tested was sub-potent.","12/01/2020","01/14/2021","N/A","01/20/2021","All Lots"
"Drugs","No","","86990","Terminated","SCA Pharmaceuticals","755 Rainbow Rd Ste B","N/A","Windsor","CT","	06095-1024","United States","Voluntary: Firm initiated","Letter","Product was distributed to hospitals nationwide.","D-0186-2021","Class II","Atropine Sulfate Injection, 0.8 mg/2 mL (0.4 mg/mL), 2 mL Single Dose Syringe, Rx Only, SCA Pharmaceuticals, 755 Rainbow Rd., Windsor, CT,  06095, barcode 70004004006   ","1,930 syringes","Lack of Assurance of Sterility; potential for a defective syringe cap, resulting in a non-integral unit","12/17/2020","01/07/2021","11/02/2021","01/13/2021","Lot # 1220023001, BUD 2/5/2021; 1220023126, BUD 2/9/2021 & 1220023606, BUD 2/25/2021."
"Drugs","No","","86990","Terminated","SCA Pharmaceuticals","755 Rainbow Rd Ste B","N/A","Windsor","CT","	06095-1024","United States","Voluntary: Firm initiated","Letter","Product was distributed to hospitals nationwide.","D-0187-2021","Class II","Buffered Lidocaine HCl, 1%, 5 mL (10mg/mL) with Sodium Bicarbonate Injection for Local Anesthetic Use, 5 mL Single Dose Syringe, Rx Only  SCA Pharmaceuticals, 755 Rainbow Rd., Windsor, CT,  06095, barcode 70004072509      ","3,793 syringes","Lack of Assurance of Sterility; potential for a defective syringe cap, resulting in a non-integral unit","12/17/2020","01/07/2021","11/02/2021","01/13/2021","Lot # 1220023305, BUD 12/17/2020; 12200223400, BUD 12/19/2020; 1220023536, BUD 12/25/2020; 1220023608, BUD 12/27/2020; 1220023811, BUD 12/26/2020 & 1220023812, BUD 12/26/2020."
"Drugs","No","","86990","Terminated","SCA Pharmaceuticals","755 Rainbow Rd Ste B","N/A","Windsor","CT","	06095-1024","United States","Voluntary: Firm initiated","Letter","Product was distributed to hospitals nationwide.","D-0188-2021","Class II","ePHEDrine Sulfate, 50 mg/5mL in 0.9% Sodium Chloride Injection, 5 mL Single Dose Syringe, Rx Only,  SCA Pharmaceuticals, 755 Rainbow Rd., Windsor, CT, 06095, barcode 70004060509      ","1,879 syringes","Lack of Assurance of Sterility; potential for a defective syringe cap, resulting in a non-integral unit","12/17/2020","01/07/2021","11/02/2021","01/13/2021","Lot # 1220023041, BUD 1/20/2021; 1220023188, BUD 1/27/2021 & 1220023397, BUD 2/3/2021."
"Drugs","No","","86990","Terminated","SCA Pharmaceuticals","755 Rainbow Rd Ste B","N/A","Windsor","CT","	06095-1024","United States","Voluntary: Firm initiated","Letter","Product was distributed to hospitals nationwide.","D-0189-2021","Class II","ePHEDrine Sulfate 50 mg/10mL in 0.9% Sodium Chloride Injection, 10 mL Single Dose Syringe, Rx Only, SCA Pharmaceuticals, 755 Rainbow Rd., Windsor, CT, 06095 barcode 70004060412        ","7,257 syringes","Lack of Assurance of Sterility; potential for a defective syringe cap, resulting in a non-integral unit","12/17/2020","01/07/2021","11/02/2021","01/13/2021","Lot # 1220022996, BUD 1/21/2021; 1220023017, BUD 1/20/2021; 1220023021, BUD 1/17/2021; 1220023033, BUD 1/19/2021; 1220023146, BUD 1/26/2021; 1220023189, BUD 1/27/2021 1220023242, BUD 1/25/2021;  1220023321, BUD 2/2/2021; 1220023357 BUD 2/10/2021"
"Drugs","No","","86990","Terminated","SCA Pharmaceuticals","755 Rainbow Rd Ste B","N/A","Windsor","CT","	06095-1024","United States","Voluntary: Firm initiated","Letter","Product was distributed to hospitals nationwide.","D-0190-2021","Class II","Esmolol HCl 100 mg/10 mL (10mg/ mL), 10 mL Single Dose Syringe,  Rx Only, SCA Pharmaceuticals, 755 Rainbow Rd.,  Windsor, CT, 06095, barcode 70004062012              ","952 syringes","Lack of Assurance of Sterility; potential for a defective syringe cap, resulting in a non-integral unit","12/17/2020","01/07/2021","11/02/2021","01/13/2021","Lot # 1220023042, BUD 1/21/2021"
"Drugs","No","","86990","Terminated","SCA Pharmaceuticals","755 Rainbow Rd Ste B","N/A","Windsor","CT","	06095-1024","United States","Voluntary: Firm initiated","Letter","Product was distributed to hospitals nationwide.","D-0191-2021","Class II","fentaNYL 100 mcg/50mL Ropivacaine HCl 0.1% in 0.9% Sodium Chloride 50 mL, 50 mL Single Dose Syringe, Rx Only,  SCA Pharmaceuticals, 755 Rainbow Rd., Windsor, CT, 06095, barcode 70004026422      ","1,774 syringes","Lack of Assurance of Sterility; potential for a defective syringe cap, resulting in a non-integral unit","12/17/2020","01/07/2021","11/02/2021","01/13/2021","Lot # 1220023275, BUD 2/15/2021; 1220023312, BUD 2/15/2021; 1220023433, 2/22/2021;  1220023515, BUD 2/24/2021 & 1220023671, BUD 3/1/2021."
"Drugs","No","","86990","Terminated","SCA Pharmaceuticals","755 Rainbow Rd Ste B","N/A","Windsor","CT","	06095-1024","United States","Voluntary: Firm initiated","Letter","Product was distributed to hospitals nationwide.","D-0192-2021","Class II","fentaNYL 100 mcg/50mL Bupivacaine HCl 0.125% in 0.9% Sodium Chloride 50 mL, 50 mL Single Dose Syringe, Rx Only, SCA Pharmaceuticals,755 Rainbow Rd., Windsor, CT, 06095, barcode 70004023122  ","996 syringes","Lack of Assurance of Sterility; potential for a defective syringe cap, resulting in a non-integral unit","12/17/2020","01/07/2021","11/02/2021","01/13/2021","Lot # 1220022911, BUD 1/18/2021; 1220023092, BUD 1/25/2021 & 1220023247, BUD 1/27/2021."
"Drugs","No","","86990","Terminated","SCA Pharmaceuticals","755 Rainbow Rd Ste B","N/A","Windsor","CT","	06095-1024","United States","Voluntary: Firm initiated","Letter","Product was distributed to hospitals nationwide.","D-0193-2021","Class II","fentaNYL 1500 mcg/30 mL (50 mcg/mL), 30 mL Single Dose Syringe, Rx Only, SCA Pharmaceuticals, 755 Rainbow Rd., Windsor, CT, 06095, barcode 70004020016    ","2,834 syringes","Lack of Assurance of Sterility; potential for a defective syringe cap, resulting in a non-integral unit","12/17/2020","01/07/2021","11/02/2021","01/13/2021","Lot # 1220022977, BUD 1/20/2021;  1220023122, BUD 1/25/2021; 1220023209, BUD 1/28/2021; 1220023248, BUD 1/27/2021; 1220023319, BUD 2/1/2021;  1220023496, BUD 2/8/2021 & 1220023560, BUD 2/9/2021."
"Drugs","No","","86990","Terminated","SCA Pharmaceuticals","755 Rainbow Rd Ste B","N/A","Windsor","CT","	06095-1024","United States","Voluntary: Firm initiated","Letter","Product was distributed to hospitals nationwide.","D-0194-2021","Class II","Glycopyrrolate 1 mg/5mL (0.2mg/mL), 5 mL Single Dose Syringe, Rx Only,  SCA Pharmaceuticals,  755 Rainbow Rd.,  Windsor, CT,  06095, barcode 70004063809  ","1,614 syringes","Lack of Assurance of Sterility; potential for a defective syringe cap, resulting in a non-integral unit","12/17/2020","01/07/2021","11/02/2021","01/13/2021","Lot # 1220023043, BUD 2/3/2021; 1220023141, BUD 2/9/2021; 1220023429, BUD 2/18/2021 & 1220023470, BUD 2/18/2021."
"Drugs","No","","86990","Terminated","SCA Pharmaceuticals","755 Rainbow Rd Ste B","N/A","Windsor","CT","	06095-1024","United States","Voluntary: Firm initiated","Letter","Product was distributed to hospitals nationwide.","D-0195-2021","Class II","HYDROmorphone HCl 6 mg/30mL in 0.9% Sodium Chloride Injection (0.2 mg/mL), Rx Only, a) 30 mL Plungerless Single Dose Syringe (barcode 70004030016) and b) 30 mL Single Dose Syringe (barcode 70004030018), SCA Pharmaceuticals, 755 Rainbow Rd., Windsor, CT, 06095    ","3,092 syringes","Lack of Assurance of Sterility; potential for a defective syringe cap, resulting in a non-integral unit","12/17/2020","01/07/2021","11/02/2021","01/13/2021","a) Lot # 1220023171, BUD 1/26/2021; 1220023282, BUD 2/1/2021; 1220023446, BUD 2/7/2021; 1220023532, BUD 2/8/2021; 1220023650, BUD 2/11/2021 & 1220023727, BUD 2/14/2021.  b) Lot # 1220023241, BUD 1/25/2021; 1220023313, BUD 2/1/2021 & 1220023442, BUD 2/7/2021."
"Drugs","No","","86990","Terminated","SCA Pharmaceuticals","755 Rainbow Rd Ste B","N/A","Windsor","CT","	06095-1024","United States","Voluntary: Firm initiated","Letter","Product was distributed to hospitals nationwide.","D-0196-2021","Class II","HYDROmorphone HCl 30 mg/30 mL in 0.9% Sodium Chloride Injection (1 mg/mL) a) 30 mL Plungerless Single Dose Syringe (barcode 70004030316) and b) 30 mL Single Dose Syringe (barcode 70004030321), Rx Only, SCA Pharmaceuticals, 755 Rainbow Rd., Windsor, CT, 06095    ","1,056 syringes","Lack of Assurance of Sterility; potential for a defective syringe cap, resulting in a non-integral unit","12/17/2020","01/07/2021","11/02/2021","01/13/2021","a) Lot # 1220022964, BUD 1/19/2021; 1220023280, BUD 2/1/2021 &  1220023623, BUD 2/10/2021.  b) Lot # 1220023347, BUD 2/17/2021."
"Drugs","No","","86990","Terminated","SCA Pharmaceuticals","755 Rainbow Rd Ste B","N/A","Windsor","CT","	06095-1024","United States","Voluntary: Firm initiated","Letter","Product was distributed to hospitals nationwide.","D-0197-2021","Class II","Ketamine 100 mg/10mL in 0.9% Sodium Chloride Injection (10 mg/mL), CII, Rx Only, 10 mL Single Dose Syringe, SCA Pharmaceuticals, 755 Rainbow Rd., Windsor, CT, 06095, barcode 70004043012      ","11,075 syringes","Lack of Assurance of Sterility; potential for a defective syringe cap, resulting in a non-integral unit","12/17/2020","01/07/2021","11/02/2021","01/13/2021","a) Lot # 1220023076, BUD 1/24/2021 &  1220023549, BUD 2/9/2021.  b) Lot # 1220023040, BUD 1/19/2021; 1220023070, BUD 1/21/2021; 1220023105, BUD 1/25/2021; 1220023158, BUD 1/26/2021; 1220023315, BUD 2/1/2021; 1220023342, BUD 2/2/2021; 1220023431, BUD 2/4/2021;  1220023471, BUD 2/3/2021; 1220023481, BUD 2/4/2021 & 1220023509, BUD 2/8/2021."
"Drugs","No","","86990","Terminated","SCA Pharmaceuticals","755 Rainbow Rd Ste B","N/A","Windsor","CT","	06095-1024","United States","Voluntary: Firm initiated","Letter","Product was distributed to hospitals nationwide.","D-0198-2021","Class II","labetalol HCl  20 mg/4 mL, Injection for Intravenous Use (5mg/mL), Rx Only, 4 mL Single Dose Syringe, SCA Pharmaceuticals, 755 Rainbow Rd.,  Windsor, CT, 06095,  barcode 70004070028  ","9,057 syringes","Lack of Assurance of Sterility; potential for a defective syringe cap, resulting in a non-integral unit","12/17/2020","01/07/2021","11/02/2021","01/13/2021","Lot # 1220022969, BUD 3/1/2021; 1220023002, BUD 3/2/2021;  1220023045, BUD 3/2/2021; 1220023081, BUD 3/2/2021;  1220023130, BUD 3/6/2021;  1220023229, BUD 3/9/2021;  1220023287, BUD 3/12/2021 &  1220023335, BUD 3/22/2021."
"Drugs","No","","86990","Terminated","SCA Pharmaceuticals","755 Rainbow Rd Ste B","N/A","Windsor","CT","	06095-1024","United States","Voluntary: Firm initiated","Letter","Product was distributed to hospitals nationwide.","D-0199-2021","Class II","Lidocaine HCl 1% 10 mL (10mg/ml), Rx Only, 1 mL Single Dose Syringe,  SCA Pharma, Inc., 755 Rainbow Rd., Windsor, CT, 06095,  barcode 70004072012  ","1,880 syringes","Lack of Assurance of Sterility; potential for a defective syringe cap, resulting in a non-integral unit","12/17/2020","01/07/2021","11/02/2021","01/13/2021","Lot # 1220023097, BUD 1/25/2021; 1220023134, BUD 1/25/2021 & 1220023326, BUD 2/1/2021"
"Drugs","No","","86990","Terminated","SCA Pharmaceuticals","755 Rainbow Rd Ste B","N/A","Windsor","CT","	06095-1024","United States","Voluntary: Firm initiated","Letter","Product was distributed to hospitals nationwide.","D-0200-2021","Class II","Lidocaine HCl 2% 5 mL, 20 mg/mL, Rx Only, 5 mL syringe, Rx Only, SCA Pharmaceuticals, 755 Rainbow Rd., Windsor, CT, 06095, barcode 70004072309          ","7,275 syringes","Lack of Assurance of Sterility; potential for a defective syringe cap, resulting in a non-integral unit","12/17/2020","01/07/2021","11/02/2021","01/13/2021","Lot # 1220023034, BUD 1/19/2021;  1220023088, BUD 1/24/2021; 1220023112, BUD 1/25/2021;  1220023288, BUD 1/31/2021; 1220023323, BUD 2/2/2021;  1220023539, BUD 2/8/2021 &  1220023613, BUD 2/10/2021."
"Drugs","No","","86990","Terminated","SCA Pharmaceuticals","755 Rainbow Rd Ste B","N/A","Windsor","CT","	06095-1024","United States","Voluntary: Firm initiated","Letter","Product was distributed to hospitals nationwide.","D-0201-2021","Class III","Morphine Sulfate 3 mg/3 mL in 0.9% Sodium Chloride (1mg/mL) CII, Rx Only, 3 ml Single Dose Syringe, SCA Pharmaceuticals, 755 Rainbow Rd., Windsor, CT, 06095, barcode 70004010025          ","751 syringes","Lack of Assurance of Sterility; potential for a defective syringe cap, resulting in a non-integral unit","12/17/2020","01/07/2021","11/02/2021","01/13/2021","Lot # 1220023452, BUD 2/7/2021"
"Drugs","No","","86990","Terminated","SCA Pharmaceuticals","755 Rainbow Rd Ste B","N/A","Windsor","CT","	06095-1024","United States","Voluntary: Firm initiated","Letter","Product was distributed to hospitals nationwide.","D-0202-2021","Class II","morphine sulfate 150 mg/30 mL in 0.9% Sodium Chloride Injection, (5 mg/mL), Rx Only, 30 mL Single Dose Syringe,  SCA Pharmaceuticals, 755 Rainbow Rd., Windsor, CT, 06095, barcode 70004010316  ","50 syringes","Lack of Assurance of Sterility; potential for a defective syringe cap, resulting in a non-integral unit","12/17/2020","01/07/2021","11/02/2021","01/13/2021","Lot # 1220023221, BUD 1/31/2021 &  1220023584, BUD 2/9/2021."
"Drugs","No","","86990","Terminated","SCA Pharmaceuticals","755 Rainbow Rd Ste B","N/A","Windsor","CT","	06095-1024","United States","Voluntary: Firm initiated","Letter","Product was distributed to hospitals nationwide.","D-0203-2021","Class II","neostigmine methylsulfate 5 mg/5 mL, (1mg/ml), Rx Only,  5 mL Single Dose Syringe, SCA Pharmaceuticals, 755 Rainbow Rd., Windsor, CT, 06095, barcode 70004075009  ","390 syringes","Lack of Assurance of Sterility; potential for a defective syringe cap, resulting in a non-integral unit","12/17/2020","01/07/2021","11/02/2021","01/13/2021","Lot # 1220023044, BUD 1/30/2021"
"Drugs","No","","86990","Terminated","SCA Pharmaceuticals","755 Rainbow Rd Ste B","N/A","Windsor","CT","	06095-1024","United States","Voluntary: Firm initiated","Letter","Product was distributed to hospitals nationwide.","D-0204-2021","Class II","PHENYLephrine HCl 1000 mcg/10 mL in 0.9% Sodium Chloride, (100 mcg/mL) Rx Only, 10 mL Single Dose Syringe, SCA Pharmaceuticals, 755 Rainbow Rd., Windsor, CT,  06095, barcode 70004081012  ","23,029 syringes","Lack of Assurance of Sterility; potential for a defective syringe cap, resulting in a non-integral unit","12/17/2020","01/07/2021","11/02/2021","01/13/2021","Lot # 1220022957, BUD 1/20/2021; 1220022993, BUD 1/21/2021;  1220023020, BUD 1/14/2021;  1220023037, BUD 1/19/2021; 1220023038, BUD 1/20/2021; 1220023074, 1/24/2021; 1220023103, BUD 1/24/2021; 1220023160, BUD 1/26/2021;  1220023180, BUD 1/27/2021; 1220023183, BUD 1/27/2021; 1220023216, BUD 1/28/2021;  1220023267, BUD 2/1/2021; 1220023272, BUD 1/3/2021; 1220023344, BUD 2/10/2021;  1220023387, BUD 2/9/2021; 1220023475,BUD 2/4/2021; 1220023479, BUD 2/4/2021; 1220023564, BUD 2/9/2021;  1220023565, BUD 2/9/2021; 1220023587, BUD 2/10/2021 &  1220023624, BUD 2/11/2021."
"Drugs","No","","86990","Terminated","SCA Pharmaceuticals","755 Rainbow Rd Ste B","N/A","Windsor","CT","	06095-1024","United States","Voluntary: Firm initiated","Letter","Product was distributed to hospitals nationwide.","D-0205-2021","Class II","PHENYLephrine HCl 800 mcg/10 mL in 0.9% Sodium Chloride (80 mcg/mL), Rx Only, 10 mL Single Dose Syringe, SCA Pharmaceuticals,   755 Rainbow Rd., Windsor, CT, 06095, barcode 70004081612      ","7,890 syringes","Lack of Assurance of Sterility; potential for a defective syringe cap, resulting in a non-integral unit","12/17/2020","01/07/2021","11/02/2021","01/13/2021","Lot # 1220023039, BUD 1/21/2021; 1220023080, BUD 1/24/2021;  1220023374, BUD 2/3/2021; 1220023375, BUD 2/2/2021; 1220023490, BUD 2/7/2021; 1220023554, BUD 2/8/2021 & 1220023837, BUD 2/14/2021."
"Drugs","No","","86990","Terminated","SCA Pharmaceuticals","755 Rainbow Rd Ste B","N/A","Windsor","CT","	06095-1024","United States","Voluntary: Firm initiated","Letter","Product was distributed to hospitals nationwide.","D-0206-2021","Class II","Rocuronium Br 100 mg/10mL (10 mg/mL), Rx Only, 10 mL Single Dose Syringe, SCA Pharmaceuticals, 8821 Knoedl Ct. Little Rock, AR, 72205, barcode 70004085012      ","7,940 syringes","Lack of Assurance of Sterility; potential for a defective syringe cap, resulting in a non-integral unit","12/17/2020","01/07/2021","11/02/2021","01/13/2021","Lot # 1220022998, BUD 1/21/2021; 1220023115,  BUD 1/25/2021; 1220023163, BUD 1/26/2021; 1220023186, BUD 1/27/2021; 1220023234, BUD 1/31/2021; 1220023393, BUD 2/3/2021; 1220023477, BUD 2/4/2021;  1220023568, BUD 2/9/2021 & 1220023625, BUD 2/11/2021."
"Drugs","No","","86990","Terminated","SCA Pharmaceuticals","755 Rainbow Rd Ste B","N/A","Windsor","CT","	06095-1024","United States","Voluntary: Firm initiated","Letter","Product was distributed to hospitals nationwide.","D-0207-2021","Class II","Sodium Citrate 4% 3 mL Anticoagulation Solution (40mg/mL), Rx only, 3 mL Single Dose Syringe,  SCA Pharmaceuticals, 755 Rainbow Rd., Windsor, CT, 06095, barcode 70004090025  ","5,990 syringes","Lack of Assurance of Sterility; potential for a defective syringe cap, resulting in a non-integral unit","12/17/2020","01/07/2021","11/02/2021","01/13/2021","Lot # 1220022961, BUD 1/20/2021; 1220023121, BUD 1/25/2021; 1220023207, BUD 2/12/2021; 1220023363, BUD 2/17/2021 & 1220023526, BUD 2/23/2021."
"Drugs","No","","86990","Terminated","SCA Pharmaceuticals","755 Rainbow Rd Ste B","N/A","Windsor","CT","	06095-1024","United States","Voluntary: Firm initiated","Letter","Product was distributed to hospitals nationwide.","D-0208-2021","Class II","SUCccinylcholine Chloride 200 mg/10 mL, (20 mg/mL), Rx Only, 10 mL Single Dose Syringe, SCA Pharmaceuticals, 755 Rainbow Rd., Windsor, CT, 06095, barcode 70004090812            ","3,239 syringes","Lack of Assurance of Sterility; potential for a defective syringe cap, resulting in a non-integral unit","12/17/2020","01/07/2021","11/02/2021","01/13/2021","Lot # 1220023028, BUD 1/19/2021; 1220023124, BUD 1/25/2021; 1220023162, BUD 1/26/2021 & 1220023210, BUD 1/28/2021."
"Drugs","No","","86997","Terminated","US Compounding Inc","1270 Dons Ln","N/A","Conway","AR","	72032-4753","United States","Voluntary: Firm initiated","Letter","USA Nationwide","D-0223-2021","Class III","Succinylcholine Chloride PF Inj. 200 mg/10 mL, 10 mL single use syringes, Rx only, US Compounding, 1270 Don's Lane, Conway, AR 72032","1534 syringes","Labeling: Incorrect or Missing lot and/or expiration date: The lot number and BUD were printed in the incorrect position on the product label making it illegible.","12/16/2020","01/11/2021","11/05/2021","01/20/2021","Lot #: 20202010@6 BUD: 02/17/2021"
"Drugs","No","","87005","Terminated","Fresenius Kabi USA, LLC","3 Corporate Dr","N/A","Lake Zurich","IL","	60047-8930","United States","Voluntary: Firm initiated","Letter","USA Nationwide and Puerto Rico","D-0184-2021","Class II","Ketorolac Tromethamine Injection, USP, 60 mg per 2 mL (30 mg per mL), packaged in 2 mL Single Dose Vial, Rx only, Fresenius Kabi, Lake Zurich, IL 60047, NDC 63323-162-02","490,633 vials","Presence of Particulate Matter - found in reserve sample vials at the firm.","12/17/2020","12/31/2020","06/20/2023","01/06/2021","Batch # 6121125, Exp 02/2021"
"Drugs","No","","87016","Terminated","Allergan, PLC.","5 Giralda Farms","N/A","Madison","NJ","	07940-1027","United States","Voluntary: Firm initiated","Letter","Nationwide.","D-0233-2021","Class II","Refresh Relieva PF Preservative-Free Lubricant Eye Drops 0.33 fl oz (10 mL) Sterile Distributed by: Allergan, an AbbVie company Madison, NJ 07940 UPC 3 00236 63410 0, NDC 0023-6634-10.","100,634 bottles","Labeling: Missing instructions for use insert","12/30/2020","01/19/2021","06/21/2023","01/27/2021","Lots: T0392 Exp. Jul. 2022, T0843 Exp. Aug. 2022"
"Drugs","No","01/07/2021","87018","Terminated","Merck Sharp & Dohme","126 E Lincoln Ave","N/A","Rahway","NJ","	07065-4607","United States","Voluntary: Firm initiated","Letter","U.S.A. Nationwide","D-0176-2021","Class II","Zerbaxa (ceftolozane and tazobactam) 1.5g per vial for injection, Single-Dose vial, Rx only, Manuf. for: Merck Sharp & Dohme Corp. a subsidiary of Merck & Co., Inc., NDC 67919-030-01","106,503 vials","Lack of assurance of sterility: The results of sterility tests of seven batches of product were out of specification. Five of these batches tested positive for Ralstonia pickettii and two batches produced turbid results that could not be further identified. While all product distributed to the market has met the registered specifications for release, including for sterility, it was manufactured on the same equipment as the affected batches.","12/21/2020","01/07/2021","12/04/2023","01/13/2021","All lots within expiry:  SP1488 08-Jun-21; SP1490 11-Jun-21; SP1492 13-Jun-21; SP1493 15-Jun-21; SP1494 21-Jun-21; SP1495 23-Jun-21; SP1496 25-Jun-21; SP1497 27-Jun-21; SP1498 29-Jun-21; SP1509 20-Sep-21; SP1510 26-Sep-21; SP1515 16-Oct-21; SP1517 23-Oct-21; SP1518 25-Oct-21; SP1519 30-Oct-21; SP1520 01-Nov-21; SP1521 06-Nov-21; SP1522 08-Nov-21; SP1523;13-Nov-21; SP1524; 15-Nov-21; SP1525 20-Nov-21; SP1526 27-Nov-21; SP1537 11-Jan-22; SP1564 17-Oct-22; SP1567 16-Oct-22; SP1572 24-Oct-22; SP1573; 28-Oct-22; SP1574  29-Oct-22; SP1584; 14-Nov-22; SP1586; 15-Nov-22; SP1588; 19-Nov-22; SP1593 03-Dec-22; SP1602 18-Dec-22; SP1603; 19-Dec-22; SP1606 08-Jan-23; SP1609 15-Jan-23; SP1610 20-Jan-23; SP1611 22-Jan-23; SP1626 13-Apr-23; SP1629  17-Apr-23; SP1633 21-Apr-23"
"Drugs","No","","87020","Terminated","KVK-Tech, Inc.","110 Terry Dr","N/A","Newtown","PA","	18940-3427","United States","Voluntary: Firm initiated","Letter","Nationwide","D-0224-2021","Class III","Benzhydrocodone and Acetaminophen Tablets, CII, 6.12mg/ 325mg, 100 Tablets, Rx Only, Manufactured for: KVK-Tech, Inc., Newtown, PA 18940 USA, NDC 10702-344-01","528 bottles","Failed Impurities/Degradation Specifications; out of specification results obtained for N-Oxide impurity during the 12-month long term stability testing for Batch# 15892A","12/18/2020","01/11/2021","03/19/2021","01/20/2021","Batch# 15892A, Exp, 2021-FEB"
"Drugs","No","","87027","Terminated","Strides Pharma Inc.","2 Tower Center Blvd Ste 1102","N/A","East Brunswick","NJ","	08816-1100","United States","Voluntary: Firm initiated","Letter","PA","D-0180-2021","Class III","NDC 64380-721-06 TACROLIMUS CAPSULES, USP 1mg 100 Capsules Rx Only Manufactured by: Strides Pharma Science Ltd. Bengaluru - 562106, India Distributed by: Strides Pharma Inc. East Brunswick, NJ 08816","960 bottles","Failed Moisture Limits","12/22/2020","12/30/2020","01/26/2022","01/06/2021","Lot 7242728A; June 2023"
"Drugs","No","","87029","Terminated","Imprimis NJOF, LLC","1705 Route 46 Ste 6B","N/A","Ledgewood","NJ","	07852-9720","United States","Voluntary: Firm initiated","Two or more of the following: Email, Fax, Letter, Press Release, Telephone, Visit","U.S.A. Nationwide","D-0177-2021","Class II","Dexamethasone - Moxifloxacin PF Injection (1/5) mg/mL, Imprimis Rx Volume: 1mL/vial, Imprimis NJOF, LLC. 1705 Route 46 West, Unit 6B Ledgewood, NJ - 07852 (844)446-6979","6520 vials","Lack of assurance of sterility: 13 vials were discovered to have faulty crimps.","12/17/2020","12/30/2020","08/23/2023","01/06/2021","Lot#: 20JUN010, Exp 5/12/21"
"Drugs","No","","87032","Terminated","Ascend Laboratories LLC","339 Jefferson Rd Ste 101","N/A","Parsippany","NJ","	07054-3707","United States","Voluntary: Firm initiated","Letter","Nationwide","D-0178-2021","Class II","Ascend Laboratories, llc Cephalexin for Oral Suspension, USP 250 mg per 5 mL 100 ml (when mixed) Rx Only Manufactured by: Alkem Laboratories, Ltd, Mumbai -400 013 INDIA Distributed by: Ascend Laboratories, LLC Parsippany, NJ 07054 NDC 67877-545-88","29,317 bottles","Failed Impurity/Degradation Specifications","12/17/2020","12/30/2020","05/03/2023","01/06/2021","20141674, 20141675, 20141676, 20141677, 20141678,"
"Drugs","No","","87032","Terminated","Ascend Laboratories LLC","339 Jefferson Rd Ste 101","N/A","Parsippany","NJ","	07054-3707","United States","Voluntary: Firm initiated","Letter","Nationwide","D-0179-2021","Class II","Ascend Laboratories, llc Cephalexin for Oral Suspension, USP 250 mg per 5 mL 200 ml (when mixed) Rx Only Manufactured by: Alkem Laboratories, Ltd, Mumbai -400 013 INDIA Distributed by: Ascend Laboratories, LLC Parsippany, NJ 07054 NDC 67877-545-68","9,524 bottles","Failed Impurity/Degradation Specifications","12/17/2020","12/30/2020","05/03/2023","01/06/2021","20141680, 20141681, 20141759"
"Drugs","No","","87037","Terminated","Shane Erickson Inc","4284 Shoreline Dr","N/A","Spring Park","MN","	55384-9652","United States","Voluntary: Firm initiated","Press Release","Nationwide USA and Canada","D-0239-2021","Class II","IMC Wash-Free Hand Sanitizer, (ethyl alcohol), 75%, 1.7 fl. oz. (50 ml) bottles, Distributed by IMC 4284 Shoreline Dr, Spring Park, MN 55384, Made in China, ALSO distributed with Custom front labels as follows a) Sadie G. Mays Health & Rehabilitation Center, b) Pacers logo, c) northwood CHURCH, d) ROGERTHEROOFER.com and e) SoFi Stadium Wash-Free Hand Sanitizer. UPC 8 19845 00597 8","36,505 bottles","CGMP Deviations: product manufactured at the same facility that produced product that FDA sampled and found to be subpotent for ethanol and contained methanol.","12/23/2020","01/22/2021","09/29/2023","02/03/2021","Lot 2020/05/11, exp 2023/05/10"
"Drugs","No","","87038","Terminated","CIPLA","10 Independence Blvd","N/A","Warren","NJ","	07059-2730","United States","Voluntary: Firm initiated","Two or more of the following: Email, Fax, Letter, Press Release, Telephone, Visit","U.S.A. Nationwide","D-0181-2021","Class II","Esomeprazole Magnesium for Delayed-Release Oral Suspension 10mg, packaged in unit dose packets, Rx only, Manufactured by: Cipla Ltd., Kurkumbh, India, Manufactured for: Cipla USA, Inc. 10 Independence Boulevard, Suite 300 Warren, NJ 07059, NDC 69097-527-34","284,610 packets","Cross- contamination with other products: The excipient, Crospovidone, NF is contaminated with theophylline","12/17/2020","12/30/2020","12/07/2022","01/06/2021","Lot #: KA00411, KA00412, KA00460, Exp 11/2021"
"Drugs","No","","87038","Terminated","CIPLA","10 Independence Blvd","N/A","Warren","NJ","	07059-2730","United States","Voluntary: Firm initiated","Two or more of the following: Email, Fax, Letter, Press Release, Telephone, Visit","U.S.A. Nationwide","D-0182-2021","Class II","Esomeprazole Magnesium for Delayed-Release Oral Suspension 20mg, packaged in unit dose packets, Rx only, Manufactured by: Cipla Ltd., Kurkumbh, India, Manufactured for: Cipla USA, Inc. 10 Independence Boulevard, Suite 300 Warren, NJ 07059, NDC 69097-528-34","289350 packets","Cross- contamination with other products: The excipient, Crospovidone, NF is contaminated with theophylline","12/17/2020","12/30/2020","12/07/2022","01/06/2021","Lot #: KA00413, KA00414, KA00461, Exp 11/2021"
"Drugs","No","","87038","Terminated","CIPLA","10 Independence Blvd","N/A","Warren","NJ","	07059-2730","United States","Voluntary: Firm initiated","Two or more of the following: Email, Fax, Letter, Press Release, Telephone, Visit","U.S.A. Nationwide","D-0183-2021","Class II","Esomeprazole Magnesium for Delayed-Release Oral Suspension 40mg, packaged in unit dose packets, Rx only, Manufactured by: Cipla Ltd., Kurkumbh, India, Manufactured for: Cipla USA, Inc. 10 Independence Boulevard, Suite 300 Warren, NJ 07059 NDC 69097-529-34","6,491 packets","Cross- contamination with other products: The excipient, Crospovidone, NF is contaminated with theophylline","12/17/2020","12/30/2020","12/07/2022","01/06/2021","Lot #: KA00415, KA00416, Exp 11/2021"
"Drugs","No","","86990","Terminated","SCA Pharmaceuticals","755 Rainbow Rd Ste B","N/A","Windsor","CT","	06095-1024","United States","Voluntary: Firm initiated","Letter","Product was distributed to hospitals nationwide.","D-0209-2021","Class II","Morphine Sulfate 30 mg/30 mL in 0.9% Sodium Chloride (1mg/ml), CII, Rx Only, 30 mL Single Dose Syringe, SCA Pharmaceuticals, 755 Rainbow Rd., Windsor, CT, 06095, barcode 70004010016      ","116 syringes","Lack of Assurance of Sterility; potential for a defective syringe cap, resulting in a non-integral unit","12/17/2020","01/07/2021","11/02/2021","01/13/2021","Lot # 1220023412, BUD 2/2/2021; 12220023500, BUD 2/3/2021 & 1220023689 BUD 2/11/2021."
"Drugs","No","","86990","Terminated","SCA Pharmaceuticals","755 Rainbow Rd Ste B","N/A","Windsor","CT","	06095-1024","United States","Voluntary: Firm initiated","Letter","Product was distributed to hospitals nationwide.","D-0210-2021","Class II","PHENYLephrine HCl 500 mcg/5mL in 0.9% Sodium Chloride (100 mcg/mL), Rx Only,  5 mL Single Dose Syringe, SCA Pharmaceuticals, 755 Rainbow Rd., Windsor, CT, 06095, barcode 70004081011  ","14,580 syringes","Lack of Assurance of Sterility; potential for a defective syringe cap, resulting in a non-integral unit","12/17/2020","01/07/2021","11/02/2021","01/13/2021","Lot #    1220022958, BUD 1/20/2021;  1220023013, BUD 1/18/2021;  1220023035, BUD 1/19/2021;  1220023036, BUD 1/21/2021;   1220023059, BUD 1/21/2021;   1220023094, BUD 1/25/2021;  1220023167, BUD 1/26/2021;  1220023208, BUD 1/27/2021;  1220023291, BUD 1/31/2021;  1220023359, BUD 2/2/2021;  1220023401, BUD 2/2/2021 &  1220023473, BUD 2/4/2021."
"Drugs","No","","86990","Terminated","SCA Pharmaceuticals","755 Rainbow Rd Ste B","N/A","Windsor","CT","	06095-1024","United States","Voluntary: Firm initiated","Letter","Product was distributed to hospitals nationwide.","D-0211-2021","Class II","Rocuronium Br 50 mg/5mL (10 mg/mL), a) 5 mL Single Dose Syringe Red Label(barcode 7000485009) Rx Only, SCA Pharmaceuticals, 755 Rainbow Rd., Windsor, CT, 06095 and b) 5 mL Single Dose Syringe White Label (barcode 70004085028), Rx Only, SCA Pharmaceuticals, 8821 Knoedl Ct, Little Rock, AR 72205   ","13,096 syringes","Lack of Assurance of Sterility; potential for a defective syringe cap, resulting in a non-integral unit","12/17/2020","01/07/2021","11/02/2021","01/13/2021","a) Lot #    1220023011, BUD 1/12/2021;  1220023027, BUD 1/19/2021;  1220023151, BUD 1/26/2021;  1220023152, BUD 1/26/2021;  1220023194, BUD 1/26/2021;  1220023228, BUD 1/28/2021;  1220023358. BUD 2/3/2021;  1220023396. BUD 2/3/2021;  1220023398, BUD 2/10/2021;  1220023569, BUD 2/9/2021 &  1220023633, BUD 2/11/2021.    b)1220023031, BUD 1/19/2021;  1220023032, BUD  1/24/2021;  1220023161, BUD 1/26/2021 &  1220023224, BUD 1/28/2021."
"Drugs","No","01/15/2021","87044","Terminated","Genus Lifesciences Inc.","514 N 12th St","N/A","Allentown","PA","	18102-2756","United States","Voluntary: Firm initiated","Letter","Distributed Nationwide in the USA","D-0231-2021","Class III","Oxycodone Hydrochloride Oral Solution, USP 5 mg/5mL unit dose cups, Rx Only, Genus Lifesciences Inc. NDC 64950-354-05 Case NDC: 64950-354-450(40 unit dose cups) Case NDC 64950-354-55 (50 unit dose cups)","1,171,550 cups","Presence of Foreign Substance: Particulate matter was found in multiple lots of product.","12/23/2020","01/15/2021","11/05/2021","01/20/2021","Lot # 35400119A, 35400219A, 35400319A, 35400419A , 35400519A , 35400619A, EXP 12/31/20; 35400719A, 35400819A, EXP 1/31/21;  35400919A, 35401019A, 35401119A, EXP 2/28/21; 35401219A, 35401319A, EXP 4/30/21; 35401419A, 35401519A, 35401619A, EXP 5/31/21; 35401719A,  35401819A, EXP 7/31/21; 35401919A, 35402019A, EXP 8/31/21; 35402119A,  35402219A, 35402319A, 35402419A, EXP 9/30/21; 35402519A, EXP 10/31/21;  35402619A, 35402719A, EXP 11/30/21; 35400120A, 35400220A,   35400320A, 35400420B, EXP 12/31/21; 35400520A, EXP 1/31/22, 35400620A, EXP 1/31/22."
"Drugs","No","","87051","Terminated","Akorn, Inc.","1925 W Field Ct Ste 300","N/A","Lake Forest","IL","	60045-4862","United States","Voluntary: Firm initiated","Letter","Nationwide in the USA and Puerto Rico","D-0221-2021","Class II","Levetiracetam Oral Solution, 100 mg/mL, 16 fl oz (473 mL) bottle, Rx Only, HI-TECH PHARMACAL CO., INC., Amityville, NY 11701; NDC 50383-241-16","22,248 bottles","Defective container: Customer complaints for oral solution leaking from bottles.","12/28/2020","01/11/2021","08/09/2022","01/20/2021","Lot #: 373859, 373863, and 373865, Exp 05/2022; 374586, Exp 06/2022"
"Drugs","No","","87052","Ongoing","Sunstar Americas, Inc.","301 E Central Rd","N/A","Schaumburg","IL","	60195-1901","United States","Voluntary: Firm initiated","Two or more of the following: Email, Fax, Letter, Press Release, Telephone, Visit","Nationwide USA","D-0222-2021","Class II","Paroex (Chlorhexidine Gluconate) Oral Rinse, USP 0.12%, Alcohol Free, Rx only, packaged in: a) 1 pint (473mL) NDC 52376-021-02; b) 4 fl oz (118 mL) NDC 052376-021-04, Sunstar Americas, Inc., Schaumburg, IL","a) 1,021,914 bottles; b) 255,552 bottles","cGMP Deviations; FDA inspection of manufacturing facility observed potential Burkholderia cepacia complex (BCC) contamination, inadequate cleaning, inadequate microbiological testing, and insanitary conditions","12/28/2020","01/11/2021","N/A","01/20/2021","ALL LOTS with expiration date from Dec. 31, 2020 through Sep. 30, 2022"
"Drugs","No","","87037","Terminated","Shane Erickson Inc","4284 Shoreline Dr","N/A","Spring Park","MN","	55384-9652","United States","Voluntary: Firm initiated","Press Release","Nationwide USA and Canada","D-0240-2021","Class II","IMC Wash-Free Hand Sanitizer, (ethyl alcohol), 75%, 3.4 fl. oz. (100 ml), Made in China, Distributed by IMC 4284 Shoreline Dr, Spring Park, MN 55384. Labeled as a)  SAFE-GUARD Products International, b) Safe-WAY JEVCO Wash-Free Hand Sanitizer, c) TRACTION CAPITAL, d) United States Census 2020. UPC 8 19845 00598 5","42,157 bottles","CGMP Deviations: product manufactured at the same facility that produced product that FDA sampled and found to be subpotent for ethanol and contained methanol.","12/23/2020","01/22/2021","09/29/2023","02/03/2021","Lot: MFG: 2020/05/10 L/N: 20200510-3"
"Drugs","No","","87037","Terminated","Shane Erickson Inc","4284 Shoreline Dr","N/A","Spring Park","MN","	55384-9652","United States","Voluntary: Firm initiated","Press Release","Nationwide USA and Canada","D-0241-2021","Class II","IMC Wash-Free Hand Sanitizer, (ethyl alcohol), 75%, 10.1 fl. oz. (300 ml), Made in China, Distributed by IMC 4284 Shoreline Dr, Spring Park, MN 55384. Labeled as Thrifty White Pharmacy Wash-Free Hand Sanitizer. UPC 8 19845 00599 2","29,376 bottles","CGMP Deviations: product manufactured at the same facility that produced product that FDA sampled and found to be subpotent for ethanol and contained methanol.","12/23/2020","01/22/2021","09/29/2023","02/03/2021","Lot: 2020/05/11, exp 2023/05/10"
"Drugs","No","","87067","Terminated","AuroMedics Pharma LLC","279 Princeton Hightstown Rd","N/A","East Windsor","NJ","	08520-1401","United States","Voluntary: Firm initiated","Letter","Nationwide","D-0248-2021","Class II","Acetaminophen Injection 1,000 mg per 100 mL (10 mg/mL), 100 mL Single Dose Vial, For Intravenous Use Only, Distributed by: AuroMedics Pharma LLC 279 Princeton-Hightstown Rd. E. Windsor, NJ 08520 Made in India NDC 55150-307-01","3094 cartons","Discoloration and failed pH specifications","12/30/2020","02/04/2021","09/19/2023","02/10/2021","CAT200002 exp 9/2022; CAT200004 exp 9/2022; CAT200005 exp 9/2022; CAT200008 exp 9/2022; CAT200009 exp 9/2022; CAT200013 exp 10/2022; CAT200014 exp 10/2022;  CAT200015 exp 10/2022; CAT200016 exp 10/2022; CAT200017 exp 10/2022; CAT200018 exp 10/2022"
"Drugs","No","","86990","Terminated","SCA Pharmaceuticals","755 Rainbow Rd Ste B","N/A","Windsor","CT","	06095-1024","United States","Voluntary: Firm initiated","Letter","Product was distributed to hospitals nationwide.","D-0212-2021","Class II","SUCcinylcholine Chloride 100 mg/5mL, Rx Only, 5 mL Single Dose Syringe, SCA Pharmaceuticals, 755 Rainbow Rd., WIndsor, CT, 06095, barcode 70004090809    ","5067 syringes","Lack of Assurance of Sterility; potential for a defective syringe cap, resulting in a non-integral unit","12/17/2020","01/07/2021","11/02/2021","01/13/2021","Lot #    1220023019, BUD 1/17/2021;  1220023025, BUD 1/18/2021;  1220023026, BUD 1/24/2021 &  1220023264, BUD 2/1/2021."
"Drugs","No","","86990","Terminated","SCA Pharmaceuticals","755 Rainbow Rd Ste B","N/A","Windsor","CT","	06095-1024","United States","Voluntary: Firm initiated","Letter","Product was distributed to hospitals nationwide.","D-0213-2021","Class II","ePHEDrine 25 mg/5 mL in 0.9% Sodium Chloride Injection, Rx Only, 5 mL Single Dose Syringe,  SCA Pharmaceuticals 8521 Knoedl Ct., Little Rock, AR, 72205, barcode 70004060409  ","9416 syringes","Lack of Assurance of Sterility; potential for a defective syringe cap, resulting in a non-integral unit","12/17/2020","01/07/2021","11/02/2021","01/13/2021","Lot #    1220023022, BUD 1/17/2021;  1220023023, BUD 1/17/2021;  1220023029, BUD 1/19/2021;  1220023030, BUD 1/20/2021;  1220023117, BUD 1/25/2021;  1220023145, BUD 1/26/2021 &  1220023166, BUD 1/27/2021."
"Drugs","No","","86990","Terminated","SCA Pharmaceuticals","755 Rainbow Rd Ste B","N/A","Windsor","CT","	06095-1024","United States","Voluntary: Firm initiated","Letter","Product was distributed to hospitals nationwide.","D-0214-2021","Class II","fentaNYL 100 mcg/2mL Injection for IV or IM Use, 2 mL Single Dose Syringe, CII, Rx Only,  SCA Pharmaceuticals, 755 Rainbow Rd., Windsor, CT, 06095    barcode 70004020006    ","6710 syringes","Lack of Assurance of Sterility; potential for a defective syringe cap, resulting in a non-integral unit","12/17/2020","01/07/2021","11/02/2021","01/13/2021","Lot #1220023109, BUD 1/25/2021;  1220023255, BUD 1/26/2021;  1220023256. BUD 1/26/2021;  1220023257, BUD 1/28/2021;  1220023334, BUD 2/2/2021 &  1220023518, BUD 2/8/2021."
"Drugs","No","","86990","Terminated","SCA Pharmaceuticals","755 Rainbow Rd Ste B","N/A","Windsor","CT","	06095-1024","United States","Voluntary: Firm initiated","Letter","Product was distributed to hospitals nationwide.","D-0215-2021","Class II","HYDROmorphone HCl 10mg/50mL in 0.9% Sodium Chloride Injection, CII, Rx Only, 50 mL Single Dose Syringe, SCA Pharmaceuticals, 755 Rainbow Rd., Windsor, CT, 06095, barcode 70004030022     ","428 syringes","Lack of Assurance of Sterility; potential for a defective syringe cap, resulting in a non-integral unit","12/17/2020","01/07/2021","11/02/2021","01/13/2021","Lot #    1220023220, BUD 1/31/2021;  1220023337, BUD 2/2/2021 &  1220023443, BUD 2/22/2021."
"Drugs","No","","87076","Terminated","Complete Pharmacy and Medical Solutions, LLC.","5829 Nw 158th St","N/A","Miami Lakes","FL","	33014-6721","United States","Voluntary: Firm initiated","E-Mail","Distributed Nationwide in the USA","D-0234-2021","Class II","HUMAN CHORIONIC GONADOTROPIN 11,000 IU per vial Aso contains Mannitol 9%, Sodium Phosphate 2% in water for injection. Lyophilized, Unpreserved. Complete Pharmacy & Medical Solutions 5829 NW 158th St, Miami Lakes, FL 33014 Tel: 305-397-2035","1182 vials","CGMP deviations: Lack of potency testing.","11/20/2020","01/19/2021","09/28/2022","01/27/2021","Lot #: 40568 Use By Date: 01/30/2021"
"Drugs","No","","87076","Terminated","Complete Pharmacy and Medical Solutions, LLC.","5829 Nw 158th St","N/A","Miami Lakes","FL","	33014-6721","United States","Voluntary: Firm initiated","E-Mail","Distributed Nationwide in the USA","D-0235-2021","Class II","HUMAN CHORIONIC GONADOTROPIN 6,000 IU per vial Aso contains Mannitol 9%, Sodium Phosphate 2% in water for injection. Lyophilized, Unpreserved. Complete Pharmacy & Medical Solutions 5829 NW 158th St, Miami Lakes, FL 33014 Tel: 305-397-2035","2418 vials","CGMP deviations: Lack of potency testing.","11/20/2020","01/19/2021","09/28/2022","01/27/2021","Lot# 40604 Use By date, 01/30/2021"
"Drugs","No","","87076","Terminated","Complete Pharmacy and Medical Solutions, LLC.","5829 Nw 158th St","N/A","Miami Lakes","FL","	33014-6721","United States","Voluntary: Firm initiated","E-Mail","Distributed Nationwide in the USA","D-0236-2021","Class II","HUMAN CHORIONIC GONADOTROPIN 5,000 IU per vial Aso contains Mannitol 9%, Sodium Phosphate 2% in water for injection. Lyophilized, Unpreserved. Complete Pharmacy & Medical Solutions 5829 NW 158th St, Miami Lakes, FL 33014 Tel: 305-397-2035","1144 vials","CGMP deviations: Lack of potency testing.","11/20/2020","01/19/2021","09/28/2022","01/27/2021","Lot #: 40570 Use By Date 01/30/2021"
"Drugs","No","","87076","Terminated","Complete Pharmacy and Medical Solutions, LLC.","5829 Nw 158th St","N/A","Miami Lakes","FL","	33014-6721","United States","Voluntary: Firm initiated","E-Mail","Distributed Nationwide in the USA","D-0237-2021","Class II","HUMAN CHORIONIC GONADOTROPIN 1,250 IU per vial Aso contains Mannitol 9%, Sodium Phosphate 2% in water for injection. Lyophilized, Unpreserved. Complete Pharmacy & Medical Solutions 5829 NW 158th St, Miami Lakes, FL 33014 Tel: 305-397-2035","2400 vials","CGMP deviations: Lack of potency testing.","11/20/2020","01/19/2021","09/28/2022","01/27/2021","Lot #: 40548, Use By Date, 01/30/2021."
"Drugs","No","","87080","Ongoing","Nostrum Laboratories Inc","1800 N Topping Ave","N/A","Kansas City","MO","	64120-1228","United States","Voluntary: Firm initiated","Press Release","Nationwide","D-0227-2021","Class II","Metformin Hydrochloride Extended-Release Tablets, USP, 750 mg, 100 tablets per bottle, Rx Only, Manufactured by: Nostrum Laboratories, Inc., Kansas City, MO 64120, NDC: 29033-056-01","6958 Bottles","CGMP Deviations: detection of N-Nitrosodimethylamine (NDMA) impurity above the acceptable intake level","01/04/2021","01/14/2021","N/A","01/20/2021","MET200501 07/2022"
"Drugs","No","","87081","Terminated","Precision Dose Inc.","722 Progressive Ln","N/A","South Beloit","IL","	61080-2616","United States","Voluntary: Firm initiated","Press Release","Nationwide USA","D-0228-2021","Class II","Chlorhexidine Gluconate Oral Rinse USP 0.12%, packaged in a) 15 mL x 30 Unit Dose Cups (30-pack case) NDC 68094-028-61, b) 15 mL x 100 Unit Dose Cups (100-pack case) NDC 68094-028-62, Rx only, Precision Dose, Inc., South Beloit, IL 61080.","1,107,510 unit dose cups","cGMP deviations: The firm was notified of the manufacturer's expanded recall.","01/01/2021","01/14/2021","07/14/2024","01/20/2021","Lot #: a) 502037, 502040, 502043, Exp 1/31/2021; 502494, 502757, Exp 8/31/2021; 502677, Exp 9/30/2021; 502693, 502728, Exp 10/31/2021; 502771, 502784, Exp 11/30/2021; 502824, Exp 12/31/2021; 502925, Exp 2/28/2022; b) 502037, 502040, 502043, Exp 1/31/2021; 502494, Exp 8/31/2021; 502759, Exp 10/31/2021; 502771, Exp 11/30/2021"
"Drugs","No","","86990","Terminated","SCA Pharmaceuticals","755 Rainbow Rd Ste B","N/A","Windsor","CT","	06095-1024","United States","Voluntary: Firm initiated","Letter","Product was distributed to hospitals nationwide.","D-0216-2021","Class II","PHENYLephrine HCl 5000 mg/50 mL in Sodium Chloride 0.9% (100 mcg/mL) Rx Only, 5 mL Single Dose Syringe, SCA Pharmaceuticals, 755 Rainbow Rd., Windsor, CT, 06095, barcode 70004081022    ","3152 syringes","Lack of Assurance of Sterility; potential for a defective syringe cap, resulting in a non-integral unit","12/17/2020","01/07/2021","11/02/2021","01/13/2021","Lot # 1220023003, BUD 12/22/2020;  1220023057, BUD  12/25/2020;  1220023104, BUD  12/25/2020;  1220023144, BUD  12/27/2020;  1220023168, BUD 12/27/2020;  1220023222, BUD 12/29/2020;  1220023240, BUD 12/28/2020;  1220023284, BUD 1/1/2021;  1220023456, BUD 1/8/2021;  1220023474, BUD 1/4/2021;  1220023530, BUD 1/8/2021 &  1220023542, BUD 1/9/2021."
"Drugs","No","","86990","Terminated","SCA Pharmaceuticals","755 Rainbow Rd Ste B","N/A","Windsor","CT","	06095-1024","United States","Voluntary: Firm initiated","Letter","Product was distributed to hospitals nationwide.","D-0217-2021","Class II","Ketamine 50 mg/5mL in 0.9% Sodium Chloride Injection (10 mg/mL), CII, Rx Only, 5 mL Single Dose Syringe, SCA Pharmaceuticals, 755 Rainbow Rd., Windsor, CT, 06095, barcode 70004043009    ","9942 syringes","Lack of Assurance of Sterility; potential for a defective syringe cap, resulting in a non-integral unit","12/17/2020","01/07/2021","11/02/2021","01/13/2021","Lot # 1220023040, BUD 1/19/2021;  1220023070, BUD 1/21/2021;  1220023105, BUD 1/25/2021;  1220023158, BUD 1/26/2021;  1220023315, BUD 2/1/2021;  1220023342, BUD 2/2/2021;  1220023431, BUD 2/4/2021;  1220023471, BUD 2/3/2021;  1220023481, BUD 2/4/2021 &  1220023509, BUD 2/8/2021."
"Drugs","No","","87093","Terminated","Bausch Health Companies, Inc.","400 Somerset Corporate Blvd","N/A","Bridgewater","NJ","	08807-2867","United States","Voluntary: Firm initiated","Letter","Distributed Nationwide in the USA","D-0243-2021","Class III","Mephyton (phytonadione) Tablets 5mg, 100-count bottle, Rx Only, Manufactured for: Valeant Pharmaceuticals North America, LLC Bridgewater, NJ 08807 USA NDC 0187-1704-05","895 bottles","Failed Impurities/Degradation Specifications:Out of specification during the 24 month stability testing of Impurity D.","01/07/2021","01/25/2021","02/11/2022","02/03/2021","Lot: 18L092P, Exp 05/2021"
"Drugs","No","","87093","Terminated","Bausch Health Companies, Inc.","400 Somerset Corporate Blvd","N/A","Bridgewater","NJ","	08807-2867","United States","Voluntary: Firm initiated","Letter","Distributed Nationwide in the USA","D-0244-2021","Class III","Phytonadione Tablets 5mg, 30-count bottle, Rx Only, Manufactured For: Oceanside Pharmaceuticals, a division of Valeant Pharmaceuticals North America LLC Bridgewater, NJ 08807 USA NDC 68682-170-30","14,089 bottles","Failed Impurities/Degradation Specifications:Out of specification during the 24 month stability testing of Impurity D.","01/07/2021","01/25/2021","02/11/2022","02/03/2021","Lot: 18L091P, Exp 05/2021"
"Drugs","No","","87115","Terminated","Edge Pharma, LLC","856 Hercules Dr","N/A","Colchester","VT","	05446-8014","United States","Voluntary: Firm initiated","Letter","Nationwide","D-0226-2021","Class II","Methotrexate, USP Sterile Solution for Injection, Preservative Free 125mg/5ml (25mg/ml), 5 mL per syringe, Rx Only, SYRINGE FOR IM INJECTION, Edge Pharma, LLC 856 Hercules Dr. Colchester, VT 05446 Customer Service (USA) 1-802-992-1178, Barcode 0544650505","71 syringes","Lack of Assurance of Sterility; the media used to conduct post-compounding sterility testing for the Methotrexate product was expired.","03/19/2020","01/12/2021","06/07/2023","01/20/2021","Lot# 01-2020-28@10"
"Drugs","No","","87135","Terminated","Edge Pharma, LLC","856 Hercules Dr","N/A","Colchester","VT","	05446-8014","United States","Voluntary: Firm initiated","Letter","Distributed Nationwide in the USA","D-0238-2021","Class II","Ceftazidime Sterile Ophthalmic Solution for Injection Preservative Free 11.25mg / 0.5ml (22.5mg/ml) 0.5ml per syringe. KEEP FROZEN UNTIL USE AND PROTECT FROM LIGHT SINGLE USE SYRINGE FOR INTRAOCULAR INJECTION  Edge Pharma, LLC is an FDA-registered 503B outsourcing facility. This is a compounded (re-packaged) drug. Not for Resale, Hospital/Office use only. Edge Pharma, LLC 856 Hercules Dr. Colchester, VT 05446 Customer Service (USA) 1-802-992-1178","48 syringes","Lack of Assurance of Sterility; the media used to conduct post-compounding sterility testing for the Methotrexate product was expired.","03/19/2020","01/19/2021","06/07/2023","01/27/2021","Lot # 02-2020-04@4"
"Drugs","No","","87152","Terminated","Taro Pharmaceuticals U.S.A., Inc.","3 Skyline Dr","N/A","Hawthorne","NY","	10532-2174","United States","Voluntary: Firm initiated","Letter","Nationwide","D-0246-2021","Class II","Nortriptyline HCl Capsules, USP equivalent to 10mg base Mfd. by: Taro Pharmaceutical Industries Ltd. Haifa Bay, Israel 2624761 Dist. by: Taro Pharmaceuticals U.S.A., Inc. Hawthorne, NY 10532 NDC 51672-4001-1","44,256 bottles","CGMP deviations.","01/08/2021","02/01/2021","09/07/2023","02/10/2021","AC05096, AC05098, and AC05099; Exp 10/31/2022"
"Drugs","No","","87154","Terminated","American Health Packaging","2550 John Glenn Ave Ste A","N/A","Columbus","OH","	43217-1188","United States","Voluntary: Firm initiated","Letter","Nationwide USA","D-0232-2021","Class II","Nitrofurantoin Capsules USP (Monohydrate/Macrocrystals), 100 mg, 100 per carton (10 capsules x 10 blister cards), Rx only, Distributed by: American Health Packaging, Columbus, Ohio 43217, NDC Carton: 68084-446-01; NDC Blister Card: 68084- 446-11","1948 cartons","Failed Dissolution Specifications","01/07/2021","01/15/2021","08/03/2022","01/27/2021","Lot # 193757, Exp 1/31/2022"
"Drugs","No","","87168","Terminated","SUN PHARMACEUTICAL INDUSTRIES INC","2 Independence Way","N/A","Princeton","NJ","	08540-6620","United States","Voluntary: Firm initiated","Letter","Nationwide","D-0242-2021","Class III","Testosterone Cypionate Injection, USP CIII 200mg/ml FOR INTRAMUSCULAR USE ONLY 1mL Single-dose vial Distributed by: Sun Pharma Ind. Inc, NJ 08512 Manufactured by: Sun Pharma Ind. Ltd., India NDC 62756-015-40","36,275 cartons","Incorrect Labeling: Incorrect lot number on secondary packaging","01/11/2021","01/24/2021","11/02/2021","02/03/2021","Lot JKX2553A"
"Drugs","No","","87193","Terminated","Aurobindo Pharma USA Inc.","279 Princeton Hightstown Rd","N/A","East Windsor","NJ","	08520-1401","United States","Voluntary: Firm initiated","Letter","TX, CA, GA, PA","D-0290-2021","Class II","Famotidine Tablets USP 40mg, 1,000-count bottles, Rx only, Distributed by: Aurobindo Pharma USA, Inc. 279 Princeton-Hightstown Road East Windsor, NJ 08520 Made in India, NDC 65862-860-99","1296 bottles","Presence of foreign tablets/capsules: Famotidine 20mg and ibuprofen 400mg tablets were found in a lot of famotidine 40mg.","01/20/2021","02/26/2021","10/12/2023","03/10/2021","Lot #: P2000467, Exp 7/2022"
"Drugs","No","","87195","Terminated","Lupin Pharmaceuticals Inc.","Harborplace Tower","111 S Calvert St Fl 21st","Baltimore","MD","	21202-6174","United States","Voluntary: Firm initiated","Letter","Nationwide","D-0247-2021","Class III","Oseltamivir Phosphate for Oral Suspension, 6 mg/mL, 60 mL (usable volume after constitution), Rx only, Manufactured for:Lupin Pharmaceuticals, Inc. Baltimore, Maryland 21202, Manufactured by: Lupin Limited Aurangabad, Maharashtra, India. NDC: 68180-678-01","46,479 bottles","Failed Impurities/Degradation Specifications; Out-of-specification test results observed for Impurity C at 9 month long-term stability time point.","01/21/2021","02/03/2021","12/16/2021","02/10/2021","Lot # A906423, exp. date Nov 2021."
"Drugs","No","","87210","Ongoing","Nostrum Laboratories Inc","1800 N Topping Ave","N/A","Kansas City","MO","	64120-1228","United States","Voluntary: Firm initiated","Two or more of the following: Email, Fax, Letter, Press Release, Telephone, Visit","Nationwide","D-0249-2021","Class II","Metformin Hydrochloride Extended-Release Tablets, USP, 750 mg, 100 Tablets per bottle, Rx Only, Manufactured by: Nostrum Laboratories, Inc., Kansas City, MO 64120.  NDC: 29033-056-01","7071 bottles","CGMP Deviations: detection of N-Nitrosodimethylamine (NDMA) impurity above the acceptable intake level.","01/25/2021","02/04/2021","N/A","02/10/2021","Lot MET200601, 07/2022"
"Drugs","No","","87214","Terminated","Ascend Laboratories LLC","339 Jefferson Rd Ste 101","N/A","Parsippany","NJ","	07054-3707","United States","Voluntary: Firm initiated","E-Mail","Nationwide in the USA","D-0263-2021","Class II","Cephalexin for Oral Suspension, USP 250 mg per 5 mL, 100 ml (when mixed) Rx Only, Manufactured by: Alkem Laboratories, Ltd, Mumbai -400 013 INDIA Distributed by: Ascend Laboratories, LLC Parsippany, NJ 07054 NDC 67877-545-88","14,205 100 mL bottles","CGMP Deviations: Individual Unidentified impurities results of the product was found at higher side of the specification limit.","01/22/2021","02/18/2021","12/02/2022","02/24/2021","Lot # 19144841, Exp 9/2021; 20141673 Exp 4/2022."
"Drugs","No","","87214","Terminated","Ascend Laboratories LLC","339 Jefferson Rd Ste 101","N/A","Parsippany","NJ","	07054-3707","United States","Voluntary: Firm initiated","E-Mail","Nationwide in the USA","D-0264-2021","Class II","Cephalexin for Oral Suspension, USP 250 mg per 5 mL 200 ml (when mixed) Rx Only, Manufactured by: Alkem Laboratories, Ltd, Mumbai -400 013 INDIA Distributed by: Ascend Laboratories, LLC Parsippany, NJ 07054 NDC 67877-545-68","23,436 200 mL bottles","CGMP Deviations: Individual Unidentified impurities results of the product was found at higher side of the specification limit.","01/22/2021","02/18/2021","12/02/2022","02/24/2021","Lot #: 19141869, 19141870, EXP 3/2021; 19142762, EXP 5/2021; 19143826, 19143923,19143941, 19143954 EXP 7/2021"
"Drugs","No","","87233","Terminated","Accord Healthcare, Inc.","1009 Slater Rd Ste 210B","N/A","Durham","NC","	27703-8446","United States","Voluntary: Firm initiated","Letter","Nationwide","D-0250-2021","Class III","Glycopyrrolate Injection, USP 0.4 mg/2 mL (0.2 mg/mL) 25 x 2 mL Single Dose Vials Rx Only, Manufactured for: Accord Healthcare, Inc. Durham, NC 27703, USA.  Manufactured by: Intas Pharmaceuticals Limited, Ahmedabad-382 210, India NDC 16729-472-08 (Vial NDC 16729-472-30)","502 cartons","Labeling; Label Mix-up; correctly labeled 2 mL vials were packaged into blister strips labeled for 1 mL vials","01/28/2021","02/08/2021","02/08/2022","02/17/2021","Lot: M2013645 Exp. Aug. 2022"
"Drugs","No","","87255","Terminated","Stanley Specialty Pharmacy Compounding and Wellness Center","3120 Latrobe Dr Ste 200","N/A","Charlotte","NC","	28211-2185","United States","Voluntary: Firm initiated","Letter","Distributed Nationwide in the USA","D-0252-2021","Class II","Lidocaine/Tetracaine (LIPO110)* 23%/7% Ointment 100 GMS per 4 ounce plastic ointment jar, Rx Only, Stanley Specialty Pharmacy 3120 Latrobe Dr. Suite 200 Charlotte, NC 28211","4400 grams (44 jars)","Superpotent Drug. Lidocaine   higher concentration than listed","01/21/2021","02/10/2021","02/08/2022","02/17/2021","Lot: 195789 Exp. Apr. 17 2021"
"Drugs","No","","87256","Terminated","Akebia Therapeutics dba Keryx Biopharmaceutials, Inc","245 1st St","N/A","Cambridge","MA","	02142-1200","United States","Voluntary: Firm initiated","Letter","Nationwide.","D-0260-2021","Class III","Auryxia (ferric citrate) tablets, 210 mg*, 200 tablets bottle, RX ONLY, Manufactured for and distributed by: KERYX BIOPHARMACEUTICALS, INC., 245 First Street, Suite 1400, Cambridge, MA 02142, USA, NDC 59922-0631-01. ","17,664 bottles","Failed Dissolution Specifications","01/29/2021","02/17/2021","02/10/2022","02/24/2021","Lots #: CDKSN, CDPPH, Exp January 2022;  Lot #: CDPPK, Exp February 2022."
"Drugs","No","","87257","Terminated","DLC Laboratories, Inc","7008 Marcelle St","N/A","Paramount","CA","	90723-4839","United States","Voluntary: Firm initiated","E-Mail","Distributed Nationwide and to the following foreign countries: Canada, Cambodia, Germany, and United Kingdom.","D-0257-2021","Class II","Sulfur Ointment 10%, Pomada de Azufre, 2.6 OZ (73.7g) jar; Manufactured by/ Fabricado por: De La Cruz Products, A Division of DLC Laboratories, Inc. Paramount, CA 9023 USA; UPC 024286150426","86,297 jars","Labeling: Label Mix-Up. THe English label with Drug Facts panel for Camphor was incorrectly placed on product.","01/06/2021","02/12/2021","09/23/2022","02/24/2021","Lot # 5084, Exp 05/23; 5130, Exp 07/23; 5132, Exp 07/23; 5160, Exp 08/23."
"Drugs","No","","87260","Terminated","SUN PHARMACEUTICAL INDUSTRIES INC","2 Independence Way","N/A","Princeton","NJ","	08540-6620","United States","Voluntary: Firm initiated","Letter","Nationwide","D-0251-2021","Class III","Pantoprazole Sodium for Injection 40mg/vial For I.V. infusion only Distributed by: Sun Pharmaceutical Industries, Inc. Cranbury, NJ 08512 Manufactured by: Sun Pharmaceutical Industries Ltd. Halol-Baroda Highway, Halol-389 350, Gujarat, India NDC 62756-129-40","20,475 vials","Failed Impurity/Degradation Specifications","02/05/2021","02/09/2021","11/03/2021","02/17/2021","JKU3595A, JKU3596A, JKU3597A, and JKU3629A; Exp 02/2021"
"Drugs","No","","87266","Terminated","Teligent Pharma, Inc.","105 Lincoln Avenue","N/A","Buena","NJ","	08310","United States","Voluntary: Firm initiated","Letter","USA Nationwide","D-0338-2021","Class III","Betamethasone Dipropionate Ointment USP, 0.05% (Augmented), packaged in  15 grams tubes, Manufactured by: Teligent Pharma, Inc. Buena, New Jersey 08310, NDC 52565-019-15","104,784 tubes","Failed Impurities/ Degradation Specifications -  OOS for know impurity Betamethasone 17- propionate.","02/02/2021","04/23/2021","08/15/2024","05/05/2021","Lot #: 14297, Exp 9/2021; 15372, Exp 3/2022; 15841, Exp 8/2022"
"Drugs","No","","87266","Terminated","Teligent Pharma, Inc.","105 Lincoln Avenue","N/A","Buena","NJ","	08310","United States","Voluntary: Firm initiated","Letter","USA Nationwide","D-0339-2021","Class III","Betamethasone Dipropionate Ointment USP, 0.05% (Augmented), packaged in 50 grams tubes, Manufactured by: Teligent Pharma, Inc. Buena, New Jersey 08310, NDC 52565-019-51","79,416 tubes","Failed Impurities/ Degradation Specifications -  OOS for know impurity Betamethasone 17- propionate.","02/02/2021","04/23/2021","08/15/2024","05/05/2021","Lot #: 14297, Exp 9/2021; 15757, Exp 6/2022; 15840, Exp 7/2022; 15970, Exp 9/2022; 15993, Exp 9/2022"
"Drugs","No","","87266","Terminated","Teligent Pharma, Inc.","105 Lincoln Avenue","N/A","Buena","NJ","	08310","United States","Voluntary: Firm initiated","Letter","USA Nationwide","D-0340-2021","Class III","Betamethasone Dipropionate Ointment USP, 0.05% (Augmented), packaged in 15 grams tubes, Manufactured by: Teligent Pharma, Inc. Buena, New Jersey 08310, Distributed by: McKesson Corporation dba Sky Packaging 4971 Southbridge Blvd., Suite 101 Memphis, TN 38141, NDC 63739-996-15","N/A","Failed Impurities/ Degradation Specifications -  OOS for know impurity Betamethasone 17- propionate.","02/02/2021","04/23/2021","08/15/2024","05/05/2021","Lot #: 15644, Exp 5/2022"
"Drugs","No","","87268","Terminated","Wilshire Pharmaceuticals Inc","6 Concourse Pkwy NE","N/A","Atlanta","GA","	30328-6117","United States","Voluntary: Firm initiated","Letter","FL, TX","D-0258-2021","Class II","Meclizine HCl Tablets, USP, 12.5 mg, 100 Tablets bottles, Rx Only, Mfd. for: Wilshire Pharmaceuticals, Inc., Atlanta, GA 30328, Product of India, NDC 52536-129-01","2112 bottles","Failed Dissolution Specifications","02/04/2021","02/16/2021","06/02/2023","02/24/2021","Lot #: 18030318, Exp 03/2021"
"Drugs","No","","87268","Terminated","Wilshire Pharmaceuticals Inc","6 Concourse Pkwy NE","N/A","Atlanta","GA","	30328-6117","United States","Voluntary: Firm initiated","Letter","FL, TX","D-0259-2021","Class II","Meclizine HCl Tablets, USP, 25 mg, 100 Tablets bottles, Rx Only, Mfd. for: Wilshire Pharmaceuticals, Inc., Atlanta, GA 30328, Product of India, NDC 52536-133-01","35928 bottles","Failed Dissolution Specifications","02/04/2021","02/16/2021","06/02/2023","02/24/2021","Lot #: 18030329, 18030330, 18030331, Exp 03/2021."
"Drugs","No","","87298","Terminated","Teva Pharmaceuticals USA","400 Interpace Pkwy","N/A","Parsippany","NJ","	07054-1120","United States","Voluntary: Firm initiated","Letter","Product was distributed nationwide in the USA and Puerto Rico.","D-0271-2021","Class II","Dacarbazine for Injection USP, 200 mg, Single Use Vial (NDC 0703-5075-01), packaged in 10X20 ML Single Use Vials per tray (NDC 0703-5075-03); Rx only, TEVA Pharmaceuticals USA, INC., North Wales, PA  19454.","50 vials","Lack of Assurance of Sterility: manufacturing areas for the recalled products exceeded acceptance levels for microbial recovery leading to a lack of sterility assurance for these sterile injectable products.","02/10/2021","02/21/2021","05/15/2024","03/03/2021","Lot # 31326582B, exp. date 02/2022;  Lot # 31326964B, exp. date 04/2022"
"Drugs","No","","87298","Terminated","Teva Pharmaceuticals USA","400 Interpace Pkwy","N/A","Parsippany","NJ","	07054-1120","United States","Voluntary: Firm initiated","Letter","Product was distributed nationwide in the USA and Puerto Rico.","D-0272-2021","Class II","Desmopressin Acetate Injection USP, 4 mcg/mL, 1 mL Preserved Vial (NDC 0703-5051-01), packaged in 10X1 mL Vials per Tray (NDC 0703-5051-03), Rx only, Teva Pharmaceuticals USA, Inc., North Wales, PA  19454.","2,577 vials","Lack of Assurance of Sterility: manufacturing areas for the recalled products exceeded acceptance levels for microbial recovery leading to a lack of sterility assurance for these sterile injectable products.","02/10/2021","02/21/2021","05/15/2024","03/03/2021","Lot # 31326669B, exp. date 03/2021"
"Drugs","No","","87298","Terminated","Teva Pharmaceuticals USA","400 Interpace Pkwy","N/A","Parsippany","NJ","	07054-1120","United States","Voluntary: Firm initiated","Letter","Product was distributed nationwide in the USA and Puerto Rico.","D-0273-2021","Class II","Sterile Diluent for Epoprostenol Sodium for Injection, 50 mL vial (NDC 0703-9258-01), packaged in 2X50ML per tray (NDC 0703-9258-09), Rx only, TEVA PHARMACEUTICALS USA, INC., North Wales, PA  19454.","26,373 vials","Lack of Assurance of Sterility: manufacturing areas for the recalled products exceeded acceptance levels for microbial recovery leading to a lack of sterility assurance for these sterile injectable products.","02/10/2021","02/21/2021","05/15/2024","03/03/2021","Lot # 31326845B, exp. date 03/2021  Lot # 31327844B, exp. date 09/2021"
"Drugs","No","","87298","Terminated","Teva Pharmaceuticals USA","400 Interpace Pkwy","N/A","Parsippany","NJ","	07054-1120","United States","Voluntary: Firm initiated","Letter","Product was distributed nationwide in the USA and Puerto Rico.","D-0274-2021","Class II","Epoprostenol Sodium for Injection, 0.5 mg/vial (500,000 ng),  1X10ML vial, Rx only, Teva Pharmaceuticals USA, Inc., North Wales, PA  19454, NDC 0703-1985-01.","12,629 vials","Lack of Assurance of Sterility: manufacturing areas for the recalled products exceeded acceptance levels for microbial recovery leading to a lack of sterility assurance for these sterile injectable products.","02/10/2021","02/21/2021","05/15/2024","03/03/2021","Lot # 31327537B, exp. date 09/2021"
"Drugs","No","","87298","Terminated","Teva Pharmaceuticals USA","400 Interpace Pkwy","N/A","Parsippany","NJ","	07054-1120","United States","Voluntary: Firm initiated","Letter","Product was distributed nationwide in the USA and Puerto Rico.","D-0275-2021","Class II","MethyIPREDNISolone Acetate Injectable Suspension USP,   40 mg/mL, 1 mL Single-Dose Vial (NDC 0703-0031-01), packaged in 25X1ML per tray (NDC 0703-0031-04), Rx only, TEVA PHARMACEUTICALS USA, INC., North Wales, PA  19454.   ","5,086 vials","Lack of Assurance of Sterility: manufacturing areas for the recalled products exceeded acceptance levels for microbial recovery leading to a lack of sterility assurance for these sterile injectable products.","02/10/2021","02/21/2021","05/15/2024","03/03/2021","Lot # 31327742B, exp. date 02/2021  Lot # 31328408B, exp. date 07/2021"
"Drugs","No","","87298","Terminated","Teva Pharmaceuticals USA","400 Interpace Pkwy","N/A","Parsippany","NJ","	07054-1120","United States","Voluntary: Firm initiated","Letter","Product was distributed nationwide in the USA and Puerto Rico.","D-0276-2021","Class II","Leucovorin Calcium for Injection, USP, 100 mg/vial, Single-Dose Vial, Rx only, Teva Parenteral Medicines, Inc., Irvine, CA  92618, NDC 0703-5140-01.      ","248,565 vials","Lack of Assurance of Sterility: manufacturing areas for the recalled products exceeded acceptance levels for microbial recovery leading to a lack of sterility assurance for these sterile injectable products.","02/10/2021","02/21/2021","05/15/2024","03/03/2021","Lot #   31326364B, exp. date 01/2022  31327120B, exp. date 05/2022  31327963B, exp. date 10/2022"
"Drugs","No","","87298","Terminated","Teva Pharmaceuticals USA","400 Interpace Pkwy","N/A","Parsippany","NJ","	07054-1120","United States","Voluntary: Firm initiated","Letter","Product was distributed nationwide in the USA and Puerto Rico.","D-0277-2021","Class II","Metoclopramide Injection USP, 10 mg/2 mL (5 mg/mL), 2 mL Single-Use Vial NDC 0703-4502-01), packaged in 25 x 2 mL Single-Use Vials per tray (NDC 0703-4502-04), Rx only, Teva Parenteral Medicines, Inc., Irvine, CA  92618.","29,357 vials","Lack of Assurance of Sterility: manufacturing areas for the recalled products exceeded acceptance levels for microbial recovery leading to a lack of sterility assurance for these sterile injectable products.","02/10/2021","02/21/2021","05/15/2024","03/03/2021","Lot #   31325042B, exp. date 06/2021  31325336B, exp. date  07/2021  31326042B, exp. date  10/2021  31326137B, exp. date  11/2021  31326230B, exp. date  12/2021  31323816B, exp. date  02/2021"
"Drugs","No","","87298","Terminated","Teva Pharmaceuticals USA","400 Interpace Pkwy","N/A","Parsippany","NJ","	07054-1120","United States","Voluntary: Firm initiated","Letter","Product was distributed nationwide in the USA and Puerto Rico.","D-0278-2021","Class II","Toposar (etoposide injection USP), 1 gram/50 mL (20 mg/mL), 50 mL Multiple-dose Vial, Rx only, Teva Pharmaceuticals USA, Inc., North Wales, PA  19454, NDC 0703-5657-01.","4,806 vials","Lack of Assurance of Sterility: manufacturing areas for the recalled products exceeded acceptance levels for microbial recovery leading to a lack of sterility assurance for these sterile injectable products.","02/10/2021","02/21/2021","05/15/2024","03/03/2021","Lot #   31327600B, exp. date 08/2022"
"Drugs","No","","87298","Terminated","Teva Pharmaceuticals USA","400 Interpace Pkwy","N/A","Parsippany","NJ","	07054-1120","United States","Voluntary: Firm initiated","Letter","Product was distributed nationwide in the USA and Puerto Rico.","D-0279-2021","Class II","Vecuronium Bromide for Injection, 10 mg, 1 mg/mL when reconstituted to 10 mL, 10 mL Vial (NDC 0703-2914-01), packaged in 10 x 10 mL Vials per tray (NDC 0703-2914-03), Rx only, Teva Pharmaceuticals USA, Inc., North Wales, PA  19454.","33,6697 vials","Lack of Assurance of Sterility: manufacturing areas for the recalled products exceeded acceptance levels for microbial recovery leading to a lack of sterility assurance for these sterile injectable products.","02/10/2021","02/21/2021","05/15/2024","03/03/2021","Lot #   31325712B, exp. date 12/2021  31326320B, exp. date 02/2022  31326457B, exp. date 02/2022  31327880B, exp. date 10/2022"
"Drugs","No","","87304","Terminated","Kimberly-Clark Corporation","1400 Holcomb Bridge Rd","N/A","Roswell","GA","	30076-2190","United States","Voluntary: Firm initiated","Letter","Nationwide in the US. Product also distributed in Canada.","D-0319-2021","Class II","Scott¿ Moisturizing Foam Hand Sanitizer, 1.2 Liters (40.5 fl oz), Distributed in the U.S. by Kimberly-Clark Global Sales, LLC, Roswell, GA 30076-2199 Distributed in Canada by Kimberly-Clark Inc., Mississauga, Ontario L5B 3Y5 UPC 0 36000 91592 1","2,982 cases","Labeling; Label Mix-up; some bottles containing Foam Skin Cleanser soap are incorrectly labeled as Moisturizing Foam Hand Sanitizer","02/01/2021","04/02/2021","09/21/2021","04/14/2021","Product Code 91590 Lot #WV0280SLA EXP: 2022/09/29"
"Drugs","No","","87298","Terminated","Teva Pharmaceuticals USA","400 Interpace Pkwy","N/A","Parsippany","NJ","	07054-1120","United States","Voluntary: Firm initiated","Letter","Product was distributed nationwide in the USA and Puerto Rico.","D-0280-2021","Class II","Epoprostenol Sodium for Injection, 1.5 mg/vial (1,500,000 ng), 10 mL vial, Rx only, Teva Pharmaceuticals USA, Inc., North Wales, PA  19454, NDC 0703-1995-01.","12,609 vials","Lack of Assurance of Sterility: manufacturing areas for the recalled products exceeded acceptance levels for microbial recovery leading to a lack of sterility assurance for these sterile injectable products.","02/10/2021","02/21/2021","05/15/2024","03/03/2021","Lot # 31326456B, exp. date 02/28/2021"
"Drugs","No","","87298","Terminated","Teva Pharmaceuticals USA","400 Interpace Pkwy","N/A","Parsippany","NJ","	07054-1120","United States","Voluntary: Firm initiated","Letter","Product was distributed nationwide in the USA and Puerto Rico.","D-0281-2021","Class II","MethyIPREDNISolone Acetate Injectable Suspension USP, 80 mg/mL, 1 mL Single-Dose Vial (NDC 0703-0051-01), packaged in 25X1ML vials per tray (NDC 0703-0051-04), Rx only, Teva Pharmaceuticals USA, Inc., North Wales, PA  19454.","5,378 vials","Lack of Assurance of Sterility: manufacturing areas for the recalled products exceeded acceptance levels for microbial recovery leading to a lack of sterility assurance for these sterile injectable products.","02/10/2021","02/21/2021","05/15/2024","03/03/2021","Lot # 31327909B, exp. date 04/2021  Lot # 31328352B, exp. date 07/2021"
"Drugs","No","","87298","Terminated","Teva Pharmaceuticals USA","400 Interpace Pkwy","N/A","Parsippany","NJ","	07054-1120","United States","Voluntary: Firm initiated","Letter","Product was distributed nationwide in the USA and Puerto Rico.","D-0282-2021","Class II","MethyIPREDNISolone Acetate Injectable Suspension USP, 400 mg/10 mL (40 mg/mL), 10 mL Multiple-Dose Vial, Rx only, Teva Pharmaceuticals USA, Inc., North Wales, PA  19454, NDC 0703-0045-01.  ","N/A","Lack of Assurance of Sterility: manufacturing areas for the recalled products exceeded acceptance levels for microbial recovery leading to a lack of sterility assurance for these sterile injectable products.","02/10/2021","02/21/2021","05/15/2024","03/03/2021","Lot # 31327725B, exp. date 02/2021  Lot # 31327906B, exp. date 03/2021"
"Drugs","No","","87298","Terminated","Teva Pharmaceuticals USA","400 Interpace Pkwy","N/A","Parsippany","NJ","	07054-1120","United States","Voluntary: Firm initiated","Letter","Product was distributed nationwide in the USA and Puerto Rico.","D-0283-2021","Class II","MethyIPREDNISolone Acetate Injectable Suspension USP, 200 mg/5 mL (0 mg/mL), 5 mL Multiple-Dose Vial, Rx only, Teva Pharmaceuticals USA, Inc., North Wales, PA  19454, NDC 0703-0043-01.  ","6,710 vials","Lack of Assurance of Sterility: manufacturing areas for the recalled products exceeded acceptance levels for microbial recovery leading to a lack of sterility assurance for these sterile injectable products.","02/10/2021","02/21/2021","05/15/2024","03/03/2021","Lot # 31328768B, exp. date 09/2021"
"Drugs","No","","87298","Terminated","Teva Pharmaceuticals USA","400 Interpace Pkwy","N/A","Parsippany","NJ","	07054-1120","United States","Voluntary: Firm initiated","Letter","Product was distributed nationwide in the USA and Puerto Rico.","D-0284-2021","Class II","MethyIPREDNISolone Acetate Injectable Suspension USP, 400 mg/5 mL (80 mg/mL), 5 mL Multiple-Dose Vial, Rx only, Teva Pharmaceuticals USA, Inc., North Wales, PA  19454, NDC 0703-0063-01.","15,043 vials","Lack of Assurance of Sterility: manufacturing areas for the recalled products exceeded acceptance levels for microbial recovery leading to a lack of sterility assurance for these sterile injectable products.","02/10/2021","02/21/2021","05/15/2024","03/03/2021","Lot # 31327738B, exp. date 03/2021"
"Drugs","No","","87298","Terminated","Teva Pharmaceuticals USA","400 Interpace Pkwy","N/A","Parsippany","NJ","	07054-1120","United States","Voluntary: Firm initiated","Letter","Product was distributed nationwide in the USA and Puerto Rico.","D-0285-2021","Class II","Leucovorin Calcium for Injection, USP, 350 mg/vial, Rx only, labeled as a) Teva Parenteral Medicines, Inc., Irvine, CA  92618, and b) Manufactured By: Teva Pharmaceuticals USA, Inc., North Wales, PA  19454, novaplus+, NDC 0703-5145-01.","705,745 vials","Lack of Assurance of Sterility: manufacturing areas for the recalled products exceeded acceptance levels for microbial recovery leading to a lack of sterility assurance for these sterile injectable products.","02/10/2021","02/21/2021","05/15/2024","03/03/2021","Lot # a) 31324653B, exp. date 03/2021; 31326066B, exp. date 11/2021; 31326428B, exp. date 02/2022; 31327949B, exp. date 10/2022; 31327995B, exp. date 10/2022; 31328031B, exp. date 11/2022; 31328217B, exp. date 12/2022; 31328325B, exp. date 12/2022; 31328425B, exp. date 07/2021;  Lot # b) 31324480B, exp. date 02/2021; Lot # 31327396B, exp. date 08/2022"
"Drugs","No","","87330","Terminated","Teva Pharmaceuticals USA","400 Interpace Pkwy","N/A","Parsippany","NJ","	07054-1120","United States","Voluntary: Firm initiated","Letter","Nationwide, including Puerto Rico","D-0297-2021","Class II","Metoclopramide Injection USP, 10 mg/2 mL (5 mg/mL), 25x2mL Single Dose Vials, Rx only, Distributed by Teva Pharmaceuticals, USA, Inc., Parsippany, NJ Vial NDC 0703-4502-01 (vial) NDC# 0703-4502-04 (tray) ","9,452 cartons","Chemical contamination; Unknown brown residue adhering to the inside of one vial.","02/15/2021","03/03/2021","08/26/2021","03/10/2021","Lot # 31325335B, exp. date 07/2021"
"Drugs","No","","87339","Terminated","Dr. Reddy's Laboratories, Inc.","107 College Rd E","N/A","Princeton","NJ","	08540-6623","United States","Voluntary: Firm initiated","Letter","Nationwide in the USA","D-0287-2021","Class II","Imatinib Mesylate Tablets 100mg, packaged as a) 90-count bottles (NDC 43598-344-90); and b) For Institutional Use Only 30-count (3 x 10 unit-dose) tablets per carton (NDC 43598-344-31); Rx only, Distributor: Dr. Reddy's Laboratories Inc., Princeton, NJ 08540; Made in India.","a) 1350 bottles; b) 147 cartons","Failed Dissolution Specifications","02/17/2021","02/24/2021","12/21/2022","03/03/2021","Lot #: a) H2000206, Exp 06/22; b) H2000138, Exp 06/22"
"Drugs","No","","87342","Terminated","Jubilant Cadista Pharmaceuticals, Inc.","207 Kiley Dr","N/A","Salisbury","MD","	21801-2249","United States","Voluntary: Firm initiated","Letter","USA nationwide, including Puerto Rico.","D-0298-2021","Class III","Methylprednisolone Tablets USP, 4 MG, packaged in a 21-count blister pack, Rx only, Jubilant Cadista Pharmaceuticals, Inc., Salisbury, MD 21801, NDC 59746-001-03","635,400 cartons","Labeling: Illegible label: Customer complaint received of mis-alignment print of the printed dosing instructions on the blister card.","02/19/2021","03/04/2021","11/15/2022","03/10/2021","Lot #: 20K0043P, 20K0044P, 20K0042P, Exp 08/2022; 20L0026P, 20L0027P, 20L0028P, 20L0029P, 20L0030P, Exp 09/2022"
"Drugs","No","","87348","Terminated","Edge Pharma, LLC","856 Hercules Dr","N/A","Colchester","VT","	05446-8014","United States","Voluntary: Firm initiated","Letter","Nationwide in the US","D-0306-2021","Class III","Methacholine Challenge 5-Syringe Test Kits, Sterile Inhalation Solution, Preservative Free, 3 mL per syringe, Edge Pharma, LLC, 856 Hercules Dr., Dolchester, VT 06448  NDC # 05446-1600-05","213 kits","Temperature Abuse; labeled with the incorrect room temperature (15-25 ¿C) storage conditions rather than the correct refrigerated (2 - 8 ¿C) storage conditions","02/17/2021","03/18/2021","06/10/2021","03/24/2021","Lot # 12-2020-16@10, BUD 3-30-21   Lot # 11-2020-18@11, BUD 3-02-21"
"Drugs","No","","87349","Terminated","SUN PHARMACEUTICAL INDUSTRIES INC","2 Independence Way","N/A","Princeton","NJ","	08540-6620","United States","Voluntary: Firm initiated","Letter","Nationwide and Australia","D-0289-2021","Class III","Cequa (cyclosporine ophthalmic solution) 0.09%, 60 Single-Use Vials (6 pouches x 10 single-use vials (0.25 mL each)), Rx only, Manufactured for Sun Pharma Global FZE by: Laboratoire Unither, Coutances, France  NDC 47335-506-96","37,400 cartons/60 vials per carton","Subpotent","02/22/2021","02/26/2021","01/21/2022","03/10/2021","Lot 10007, exp. date 01/2022"
"Drugs","No","","87363","Terminated","Areva Pharmaceuticals Inc","7112 Areva Dr Ne","N/A","Georgetown","IN","	47122-7953","United States","Voluntary: Firm initiated","Letter","Nationwide in the USA","D-0270-2021","Class II","Irinotecan Hydrochloride Injection, USP, 40 mg/2 mL (20 mg/mL), 2 mL Single-Dose Vial, Rx Only, Distributed by: Areva Pharmaceuticals, Inc., Gerogetown, IN 47122, Made in India, NDC 59923-714-02.","3287 vials","CGMP Deviations: based on a Warning Letter received by the manufacturer of the recalled product for inadequate out-of specification investigations, complaint and the investigation conclusions.","11/19/2020","02/21/2021","12/28/2022","03/03/2021","Lot 7S10022A, Exp Jan-21"
"Drugs","No","","87365","Terminated","Dr. Reddy's Laboratories, Inc.","107 College Rd E","N/A","Princeton","NJ","	08540-6623","United States","Voluntary: Firm initiated","Letter","Distributed Nationwide in the USA","D-0291-2021","Class III","Atorvastatin Calcium Tablets, 40mg, packaged in a) 90-count bottles, NDC 55111-123-90; b)  500-count bottles, NDC 55111-123-05; Rx only, Mfd By: Dr. Reddy's Laboratories Limited Srikakulam - 532 409 INDIA","10,440 90-count and 224,710 500-count bottles","Failed Impurities/Degradation Specifications:presence of ATV cyclo IP and FP, Dihydroxy epoxy and Dieto epoxy impurities","02/19/2021","03/01/2021","09/07/2023","03/10/2021","a) T900406, exp 3/2021    b) T000078 exp 12/2021  T000079 exp 12/2021  T000080 exp 12/2021  T000081 exp 12/2021  T000082 exp 12/2021  T000083 exp 12/2021  T000084 exp 12/2021  T000085 exp 12/2021  T000086 exp 12/2021  T000087 exp 12/2021  T000088 exp 1/2022  T000311 exp 1/2022  T000312 exp 1/2022  T000313 exp 1/2022  T000314 exp 1/2022  T000315 exp 1/2022  T000316 exp 1/2022  T000317 exp 1/2022  T000318 exp 1/2022  T000319 exp 1/2022  T000320 exp 1/2022  T000500 exp 2/2022  T000501 exp 2/2022  T000502 exp 2/2022  T000503 exp 2/2022  T000504 exp 2/2022  T000505 exp 2/2022  T000506 exp 2/2022  T000507 exp 2/2022  T000508 exp 2/2022  T000509 exp 3/2022  T000510 exp 3/2022  T000647 exp 3/2022  T000648 exp 3/2022  T000651exp 3/2022  T000652 exp 3/2022  T000653 exp 3/2022  T000654 exp 3/2022  T000875 exp 4/2022  T000876 exp 4/2022  T000877 exp 4/2022  T000878 exp 4/2022  T000879 exp 4/2022  T000880 exp 4/2022  T000881 exp 4/2022  T000882 exp 4/2022  T000883 exp 4/2022  T000884 exp 4/2022  T001120 exp 5/2022  T001121 exp 5/2022  T001122 exp 5/2022  T001124 exp 5/2022  T001125 exp 5/2022  T001126 exp 5/2022  T001127 exp 5/2022  T001128 exp 5/2022  T001129 exp 5/2022  T001130 exp 5/2022  T001260 exp 5/2022  T001261 exp 5/2022  T900506 exp 4/2021  T900507 exp 4/2021  T900508 exp 4/2021  T900655 exp 5/2021  T900656 exp 5/2021  T900657 exp 5/2021  T900658 exp 5/2021  T900659 exp 5/2021  T900673 exp 5/2021  T900674 exp 5/2021  T901024 exp 7/2021  T901025 exp 7/2021  T901026 exp 7/2021  T901027 exp 7/2021  T901029 exp 7/2021   T901030 exp 7/2021  T901031 exp 7/2021  T901032 exp 7/2021  T901033 exp 7/2021  T901424 exp 10/2021  T901425 exp 10/2021  T901426 exp 10/2021  T901427 exp 10/2021   T901428 exp 10/2021  T901429 exp 10/2021  T901430 exp 10/2021   T901431 exp 10/2021  T901432 exp 10/2021  T901433 exp 10/2021  T901568 exp 10/2021  T901569 exp 10/2021  T901570 exp 11/2021  T901571 exp 11/2021  T901572 exp 11/2021  T901573 exp 11/2021  T901574 exp 11/2021  T901575 exp 11/2021  T901576 exp 11/2021  T901577 exp 11/2021"
"Drugs","No","","87283","Ongoing","Bryant Ranch Prepack, Inc. dba BRP Pharmaceuticals","1919 N Victory Pl","N/A","Burbank","CA","	91504-3425","United States","Voluntary: Firm initiated","E-Mail","Nationwide in the USA","D-0304-2021","Class II","Spironolactone Tablets, USP, 50 mg, packaged in 30-count bottles, Rx only, Manufactured by: Frontida BioPharm, Inc., Philadelphia, PA 19124 USA, Repackaged by: Bryant Ranch Prepack, Inc., Burbank, CA 91504 USA, NDC 63629-1067-01","12 bottles","Labeling: Label Mix-Up - Prepackaged bottles labeled spironolactone 50 mg may contain spironolactone 25 mg tablets.","01/27/2021","03/16/2021","N/A","03/24/2021","Lot #: 148992, Exp 5/31/2022"
"Drugs","No","07/20/2021","87372","Terminated","Alvogen, Inc","44 Whippany Rd Ste 107","N/A","Morristown","NJ","	07960-4558","United States","Voluntary: Firm initiated","Letter","USA nationwide.","D-0649-2021","Class II","Buprenorphine and Naloxone Sublingual Film 2mg/0.5mg, 30 pouches each containing 1 sublingual film, Distributed by: Alvogen, Inc. Pine Brook, NJ 07058 USA, NDC 47781-355-03","9,696 cartons","Subpotent drug: Out of specification for assay of naloxone and buprenorphine (low)","02/26/2021","07/02/2021","02/16/2022","07/14/2021","Lot #: 36924, Exp 6/2021"
"Drugs","No","","87373","Terminated","Noven Pharmaceuticals Inc","11960 Sw 144th St","N/A","Miami","FL","	33186-6109","United States","Voluntary: Firm initiated","Letter","Nationwide in the USA","D-0293-2021","Class II","Daytrana (methylphenidate transdermal system), Delivers 10 mg over 9 hours (1.1 mg/hr), Contains: 30 Patches in a foil-sealed polypropylene tray, packed in a paper carton, Rx only,  Manufactured for Noven Therapeutics, LLC, Miami, FL, 33186, By Noven Pharmaceuticals, Inc., Miami, FL, 33186,  NDC 68968-5552-3.","473,280 patches","Defective Delivery System: Out of specification for mechanical peel.","02/19/2021","03/03/2021","07/05/2024","03/10/2021","Lots #: 87579, Exp 3/2021 & 88243, Exp 7/2021."
"Drugs","No","","87373","Terminated","Noven Pharmaceuticals Inc","11960 Sw 144th St","N/A","Miami","FL","	33186-6109","United States","Voluntary: Firm initiated","Letter","Nationwide in the USA","D-0294-2021","Class II","Daytrana (methylphenidate transdermal system), Delivers 15 mg over 9 hours (1.6 mg/hr), Contains: 30 Patches in in a foil-sealed polypropylene tray,  packed in a paper carton, Rx only, Manufactured for Noven Therapeutics, LLC, Miami, FL, 33186, By Noven Pharmaceuticals, Inc., Miami, FL, 33186, NDC 68968-5553-3.  ","551,670 patches","Defective Delivery System: Out of specification for mechanical peel.","02/19/2021","03/03/2021","07/05/2024","03/10/2021","Lots #: 87818, Exp 4/2021, 88274, Exp 5/2021 & 88531, Exp 7/2021."
"Drugs","No","","87373","Terminated","Noven Pharmaceuticals Inc","11960 Sw 144th St","N/A","Miami","FL","	33186-6109","United States","Voluntary: Firm initiated","Letter","Nationwide in the USA","D-0295-2021","Class II","Daytrana (methylphenidate transdermal system) Delivers 20 mg over 9 hours (2.2 mg/hr) Contains: 30 Patches in a foil-sealed polypropylene tray, packed in a paper carton, Rx only, Manufactured for Noven Therapeutics, LLC, Miami, FL, 33186, By Noven Pharmaceuticals, Inc., Miami, FL, 33186, NDC 68968-5554-3.    ","786,900 patches","Defective Delivery System: Out of specification for mechanical peel.","02/19/2021","03/03/2021","07/05/2024","03/10/2021","Lots #: 87580, Exp 4/2021, 87819, Exp 4/2021, 88244, Exp 6/2021, 88245, Exp 6/2021, 88532, Exp 06/2021 & 88533, Exp 7/2021."
"Drugs","No","","87373","Terminated","Noven Pharmaceuticals Inc","11960 Sw 144th St","N/A","Miami","FL","	33186-6109","United States","Voluntary: Firm initiated","Letter","Nationwide in the USA","D-0296-2021","Class II","Daytrana (methylphenidate transdermal system) Delivers 30 mg over 9 hours (3.3 mg/hr) Contains: 30 Patches in a foil-sealed polypropylene tray,  packed in a paper carton, Rx only, Manufactured for Noven Therapeutics, LLC, Miami, FL, 33186, By Noven Pharmaceuticals, Inc., Miami, FL, 33186, NDC 68968-5555-3.","934,140 patches","Defective Delivery System: Out of specification for mechanical peel.","02/19/2021","03/03/2021","07/05/2024","03/10/2021","Lots #: 87377, Exp 3/2021, 87572, Exp 3/2021, 87581, Exp 4/2021, 87820, Exp 5/2021, 88246, Exp 6/2021, 88535, Exp 7/2021, 88536, Exp 8/2021, 88537, Exp 8/2021 & 88939, Exp 8/2021."
"Drugs","No","","87382","Terminated","Ferring Pharmaceuticals Inc","100 Interpace Pkwy","N/A","Parsippany","NJ","	07054-1149","United States","Voluntary: Firm initiated","Letter","Distributed nationwide in the USA.","D-0299-2021","Class III","Menopur 75 IU, (menotropins for injection), packaged as a) 5 single dose vials of Menotropins for injection, 5 single dose vials of 0.9% Sodium Chloride Injection, USP 2 mL, NDC 55566-7501-2; b) Professional Sample Kit: 3 single dose vials of Menotropins for injection, 3 single dose vials of 0.9% Sodium Chloride Injection, USP 2 mL, NDC 55566-7501-3; Rx Only, Manufactured for Ferring Pharmaceuticals Inc. Parsippany. NJ 07054. Diluent manufactured for Ferring Pharmaceuticals Inc.     ","1,155,601 cartons/5 vials per carton 12546 physician samples","Failed pH specifications: Out of Specification pH results for 0.9% Sodium Chloride, USP","03/02/2021","03/11/2021","03/21/2022","03/17/2021","Lots#   a) P12585AC,    Exp. Date 31-Mar-2020  P12677AA,    Exp. Date 31-Mar-2020  P12678AA,    Exp. Date 31-Jul-2020  P12679AA,    Exp. Date 31-Jul-2020  P12680EA,    Exp. Date 31-Jul-2020  P15461AA,    Exp. Date 31-Jul-2020  P15462AA,    Exp. Date 31-Aug-2020  P15463AA,    Exp. Date 31-Aug-2020  P15870AA,    Exp. Date 31-Aug-2020  P15872AA,    Exp. Date 31-Aug-2020  P16099AA,    Exp. Date 31-Aug-2020  P16100AA,    Exp. Date 30-Sep-2020  P16101AC,    Exp. Date 30-Sep-2020  P16248AA,    Exp. Date 30-Sep-2020  P16770AA,    Exp. Date 30-Nov-2020  P16771AA,    Exp. Date 30-Nov-2020  R10623AA,    Exp. Date 31-Jan-2021  R10624AA,    Exp. Date 31-Jan-2021  R10980AA,    Exp. Date 31-Jan-2021  R11085AA,    Exp. Date 31-Jan-2021  R11086AA,    Exp. Date 31-Jan-2021  R11088AA,    Exp. Date 28-Feb-2021  R11343AA,    Exp. Date 28-Feb-2021  R11416AA,    Exp. Date 28-Feb-2021  R11417AA,    Exp. Date 28-Feb-2021  R11418AA,    Exp. Date 28-Feb-2021  R11419AA,    Exp. Date 28-Feb-2021  R12100AA,    Exp. Date 28-Feb-2021  R12101AA,    Exp. Date 28-Feb-2021  R12102AA,    Exp. Date 31-Mar-2021  R12263CA,    Exp. Date 31-Mar-2021  R12264AA,    Exp. Date 31-Mar-2021  R12598AA,    Exp. Date 31-Mar-2021  R12599AA,    Exp. Date 31-Mar-2021  R12858AA,    Exp. Date 30-Apr-2021  R12859AA,    Exp. Date 30-Apr-2021  R12860AA,    Exp. Date 31-Jul-2021  R12861AA,    Exp. Date 31-Jul-2021  R14321AA,    Exp. Date 30-Nov-2021  R14753AA,    Exp. Date 31-Jul-2021  R14865AA,    Exp. Date 31-Jul-2021  R14866AA,    Exp. Date 31-Jul-2021  R15132AA,    Exp. Date 31-Aug-2021  R15133AA,    Exp. Date 31-Aug-2021  R15330AA,    Exp. Date 31-Aug-2021  R15331AA,    Exp. Date 31-Aug-2021  R15332AA,    Exp. Date 31-Aug-2021  R15333AA,    Exp. Date 31-Aug-2021  R15969AA,    Exp. Date 30-Sep-2021  R15970AA,    Exp. Date 30-Sep-2021  R16231AA,    Exp. Date 30-Sep-2021  R16379AA,    Exp. Date 31-Oct-2021  R16403AA,    Exp. Date 31-Oct-2021  R16405AA,    Exp. Date 31-Oct-2021  R16660AA,    Exp. Date 31-Oct-2021  R16696AA,    Exp. Date 30-Nov-2021  R16770AA,    Exp. Date 31-Oct-2021  R17019AA,    Exp. Date 31-Oct-2021  R17020AA,    Exp. Date 30-Nov-2021  R17148AA,    Exp. Date 30-Nov-2021  S11615AA,    Exp. Date28-Feb-2022  S11616AA,    Exp. Date 28-Feb-2022  S11617AA,    Exp. Date 28-Feb-2022  S11618AA,    Exp. Date 28-Feb-2022  S11619AA,    Exp. Date 28-Feb-2022  S11620AA,    Exp. Date 28-Feb-2022  S11621AA,    Exp. Date 28-Feb-2022  S11623AA,    Exp. Date 28-Feb-2022  S12026AA,    Exp. Date 31-Mar-2022  S12413AA,    Exp. Date 31-Mar-2022  S12436AA,    Exp. Date 31-Mar-2022  S12437AA,    Exp. Date 30-Apr-2022  S12438AA,    Exp. Date 31-May-2022  S12439AA,    Exp. Date 31-May-2022    b) Physician Samples  P16101AA,   Exp. Date 30-Sep-2020  R15332AC,   Exp. Date 31-Aug-2021  S11625AA,  Exp. Date 28-Feb-2022"
"Drugs","No","","87384","Terminated","The General Hospital Corporation","55 Fruit St","N/A","Boston","MA","	02114-2621","United States","Voluntary: Firm initiated","Telephone","Product was distributed to one direct account.","D-0288-2021","Class II","Fludeoxyglucose F 18 Injection, 20-300 mCi/mL at End of Synthesis (EOS) Solution, 50 mL glass vial, Rx only, Manufactured by Massachusetts General Hospital PET Center, Boston, MA  NDC 76318-334-50","50 mL vial","Lack of Assurance of Sterility","02/17/2021","02/24/2021","03/26/2021","03/03/2021","Lot # P01-021721, exp 02/17/2021"
"Drugs","No","","87411","Terminated","Dr. Reddy's Laboratories, Inc.","107 College Rd E","N/A","Princeton","NJ","	08540-6623","United States","Voluntary: Firm initiated","Letter","Nationwide in the USA","D-0292-2021","Class II","Progesterone Capsules, 200 mg, 100-count bottles, Rx Only, MADE IN FRANCE; Distributed by: Dr. Reddy's Laboratories, Inc., Princeton, NJ 08540; NDC 43598-350-01.","16,449 bottles","Failed Dissolution Specifications: Out-of-specification results observed for dissolution during stability testing.","02/26/2021","03/03/2021","02/17/2022","03/10/2021","Batch # 1399851P1, Exp 02/2021"
"Drugs","No","03/19/2021","87452","Terminated","Teva Pharmaceuticals USA","400 Interpace Pkwy","N/A","Parsippany","NJ","	07054-1120","United States","Voluntary: Firm initiated","Letter","Distributed Nationwide in the USA.","D-0309-2021","Class III","Romidepsin Injecton, 27.5 mg/5.5 mL (5 mg/mL) Rx Only, 5.5 ml vial, Teva Pharmaceuticals USA, Inc. NDC 0703-4004-01","1,416 vials","Failed Impurity/Degradation Specifications: Out-of-specifications results observed for impurities during stability testing.","03/04/2021","03/19/2021","05/19/2022","03/24/2021","Lot # 31328184C, exp. date 11/2021  Lot # 31327686C, exp. date 08/2021  Lot # 31327685C, exp. date 08/2021"
"Drugs","No","","87455","Terminated","Ferring Pharmaceuticals Inc","100 Interpace Pkwy","N/A","Parsippany","NJ","	07054-1149","United States","Voluntary: Firm initiated","Letter","Nationwide in the USA","D-0317-2021","Class II","ZOMA-Jet 5 Demonstration Kit, Needle-free delivery device for use with ZOMACTON (somatropin) for injection 5mg vial, Rx only, ZOMA-Jet 5 Demonstration Kit contains -ZOMA-Jet 5 device - 5 Needle-Free Head A's - 2 Vial Adaptors - 1 Carrying Case - 1 User Manual; Manufactured for: Ferring Pharmaceuticals Inc. Parsippany, NJ 07054; UPC 3 55566 18031 5.","301 devices","Defective Delivery System: customer complaints concerning the injector pen breaking apart and disintegrating into pieces.","03/11/2021","03/30/2021","06/07/2023","04/07/2021","201601320031  201702320207  201731220039  201817120044  201912720086  201912320044"
"Drugs","No","","87455","Terminated","Ferring Pharmaceuticals Inc","100 Interpace Pkwy","N/A","Parsippany","NJ","	07054-1149","United States","Voluntary: Firm initiated","Letter","Nationwide in the USA","D-0318-2021","Class II","ZOMA-Jet 10 Demonstration Kit, Needle-free delivery device for use with ZOMACTON (somatropin) for injection 10 mg vial, ZOMA-Jet 10 Demonstration Kit contains -ZOMA-Jet 10 device - 7 Needle-Free Head A's - 1 Carrying Case - 1 User Manual; Manufactured for: Ferring Pharmaceuticals Inc. Parsippany, NJ 07054; UPC 3 55566 19031 4.","1569 devices","Defective Delivery System: customer complaints concerning the injector pen breaking apart and disintegrating into pieces.","03/11/2021","03/30/2021","06/07/2023","04/07/2021","201827020015  201826020065  201835320058  201835320009  201834920003  201835220007  201901820009  201901420200  201902120010  201901120019  201901420005  201901020180  201901520015  201900720001  201900920004  201904620003  201902120011  201904420007  201904520015  201904920002  201905020111  201904620004  201905720011  201907320003  201907320030  201907820007  201907420017  201910820009  201915620014  201910920016  201910620017  201910820020  201911320048  201911320095  201913720148  201912920021"
"Drugs","No","","87458","Terminated","Direct Rx","94 Worldwide Dr","N/A","Dawsonville","GA","	30534-6828","United States","Voluntary: Firm initiated","Letter","GA","D-0300-2021","Class II","Nortriptyline HCL capsules, 10 mg, packaged in 30-count bottles, Rx only, Packaged and Distributed By: Direct Rx Dawsonville, GA, NDC 6191985330","17 bottles","cGMP deviations: The quantity of active ingredient used for the product lot was inadvertently taken from an ingredient lot from an alternate supplier before that specific lot was formally qualified for use by the manufacturing site.","03/02/2021","03/12/2021","09/21/2021","03/24/2021","Lot#: 28DE2002 Exp 10/31/22"
"Drugs","No","","87462","Terminated","Akorn, Inc.","1925 W Field Ct Ste 300","N/A","Lake Forest","IL","	60045-4862","United States","Voluntary: Firm initiated","Letter","Nationwide USA","D-0301-2021","Class II","Gabapentin Oral Solution, 250 mg/5 mL, 5 mL per unit dose cup, four unit dose cups per tray, For Institutional Use Only, Rx only, Hi-Tech Pharmacal Co., Inc, Amityville, NY 11701, NDC Tray: 50383-311-07; NDC Unit Dose Cup 50383-311-07","8,183 unit dose cups","Failed Impurities/Degradation Specifications; out of specification for unknown impurity observed during 6 month stability testing","03/08/2021","03/16/2021","08/09/2022","03/24/2021","Lot 369409, Exp. Date 05/2021; Lot 372393, Exp. Date 01/2022;  Lot 373112, Exp. Date 04/2022"
"Drugs","No","03/25/2021","87484","Terminated","ICU Medical Inc","600 N Field Dr","N/A","Lake Forest","IL","	60045-4835","United States","Voluntary: Firm initiated","Letter","Distributed Nationwide in the USA to include Puerto Rico","D-0313-2021","Class II","0.9% SODIUM CHLORIDE Irrigation, USP 1000 mL Semi-Rigid Bottle, Rx only, Manufactured for ICU Medical, Inc., Lake Forest, Illinois, 60045 USA. NDC 0990-7138-09","425,628 bottles","Presence of particulate matter.one confirmed  customer report of particulate matter within two semi-rigid bottles identified prior to use","03/09/2021","03/25/2021","09/28/2022","03/31/2021","Lots: 16-808-4B, 16-803-4B, 16-809-4B, Exp. April 01, 2023"
"Drugs","No","","87489","Terminated","Cardinal Health Inc.","7000 Cardinal Pl","N/A","Dublin","OH","	43017-1091","United States","Voluntary: Firm initiated","Letter","AL, LA, MS, TN","D-0314-2021","Class III","Tremfya (guselkumab) Injection, 100 mg/mL, one single-dose prefilled syringe per carton, Rx only, Manufactured by: Janssen Biotech, Inc., Horsham, PA  19044; NDC 57894-640-01.","48 boxes","Temperature Abuse","03/09/2021","03/29/2021","11/04/2021","04/07/2021","KESOY.AI Exp. 04/2022"
"Drugs","No","","87492","Terminated","Sagent Pharmaceuticals Inc","1901 N Roselle Rd Ste 450","N/A","Schaumburg","IL","	60195-3194","United States","Voluntary: Firm initiated","Two or more of the following: Email, Fax, Letter, Press Release, Telephone, Visit","Nationwide in the USA and Puerto Rico","D-0305-2021","Class II","Phenylephrine HCl Injection, USP, 10 mg per mL, 1 mL per Single-Dose Vial packaged in 25 x 1 mL Single-Dose Vials per carton, For Intravenous Use, Rx only, Mfd. for: SAGENT Pharmaceuticals, Schaumburg, IL  60195; Made in India, NDC: 25021-315-01.","3716 cartons","Lack of Assurance of Sterility: customer complaints of loose crimped vial overseals which may result in a non-sterile product.","03/11/2021","03/17/2021","12/28/2022","03/24/2021","Lots: PHT8IB2, PHT9IB2, exp 08/2022; PHT1JB2, exp 09/2022"
"Drugs","No","","87496","Ongoing","China Gel Inc","501 W Golf Rd","N/A","Arlington Heights","IL","	60005-3904","United States","Voluntary: Firm initiated","Letter","Distributed Nationwide in the USA as well as Australia, Canada, France, Germany, Ireland, Norway, Turks & Caicos, Republic of Maldives, Russia, Singapore, Switzerland, United Kingdom","D-0788-2021","Class II","CHINA_GEL (Camphor 3.00%, Menthol 5.00%) A TOPICAL PAIN RELIEVER, packaged as  a) 2 OZ (56.8g) tube, NDC 76305-300-13;   b) 4 OZ (113.5g) jar, UPC 6 87806 10004 2, NDC 76305-300-02;   c) 6 OZ (170 g) tube, UPC 6 87806 10006 2, NDC 76305-300-03;   d) 8 OZ (226.8g) jar, UPC 6 87806 10008 2, NDC 76305-300-04;   e) 16 OZ (453.6g), Bottle w/ Pump, UPC 6 87806 10016 7, NDC 76305-300-03;   f) 128 OZ (3.78L) Gallon, UPC 6 87806 10128 7, NDC 76305-300-06;   Distributed by: CHINA-GEL LLC, Arlington Heights, IL 60005,","92,472 each","CGMP deviations: Product being recalled as it was made in the same facility where contamination with B. cepacia was found in other products.","03/10/2021","09/02/2021","N/A","09/08/2021","Lot #: a)B122DY, exp 2021-05; B183GN, exp 2021-07; B262BF, exp 2021-09; C002KF, exp 2022-01; C030HT, exp 2022-02;  C094LT, exp 2022-04; C275CW, exp 2022-10; C338CH, exp 2022-12; b) B122DX, exp 2021-05; B183GP, exp 2021-07; B262BE, exp 2021-09; C002KF, exp 2022-01; C030HT, exp 2022-02; C094LT, exp 2022-04; C275CW, exp 2022-10; C330BG, exp 2022-12 c) B122DY, exp 2021-05; B183GN, exp 2021-07; B262BF, exp 2021-09; C002KF, exp 2022-01; C030HT, exp 2022-02;  C094LT, exp 2022-04;C156FF, exp 2022-06; C247JB, exp 2022-09; C338CH, exp 2022-12.  d)B122DX, Exp 05/2021; B122DY , EXP 05-2021; B183GP, EXP 07-2021; B262BE, EXP 09-2021; B262BF, EXP 09-2021; C002KF, EXP 01-2022; C030HT, EXP 02-2022; C094LT, EXP 04-2022; C156FF, EXP 06-2022; C247JB, EXP 09-2022; C275CW, EXP 10-2022; C330BG, EXP 12-2022; e) B100JS, Exp 04/2021; B183GQ, EXP 07-2021; B255KZ, EXP 09-2021; C030HS, EXP 02-2022; C100AH, EXP 04-2022; C247JF, EXP 09-2022; f) B122DY , EXP 05-2021; B183GN, EXP 07-2021; B183GP, EXP 07-2021; B262BF, EXP 01-2022; C002KF, EXP 02-2022; C030HT, EXP 02-2022; C094LT, EXP 04-2022; C156FF, EXP 09-2022; C275CW, EXP 12-2022; C338CH, EXP 05-2022;"
"Drugs","No","","87496","Ongoing","China Gel Inc","501 W Golf Rd","N/A","Arlington Heights","IL","	60005-3904","United States","Voluntary: Firm initiated","Letter","Distributed Nationwide in the USA as well as Australia, Canada, France, Germany, Ireland, Norway, Turks & Caicos, Republic of Maldives, Russia, Singapore, Switzerland, United Kingdom","D-0789-2021","Class II","CHINA-GEL WHITE (Camphor 3.00%, Menthol 5.00%), A TOPICAL PAIN RELIEVER, packaged in a) 2 oz(56.8g) Tube, 76305-301-13  ; b) 4 oz (113.5 g) jar, UPC 6 87806 20004 1, NDC 76305-301-02 ; c) 6 OZ (170 g) tube, UPC 6 87806 20006 5, NDC 76305-301-03; d) 8 oz (226.8 g) Jar, UPC 6 87806 20008 9, NDC  76305-301-04; e) 16 oz ( 453.6 g) Bottle w/ Pump, UPC 6 87806 20016 4, NDC 76305-301-05; f) 120 oz (3.78L) gallon, UPC 6 87806 20128 4, NDC 76305-301-06: Distributed by: CHINA-GEL LLC, Arlington Heights, IL 60005,       ","40,289 each","CGMP deviations: Product being recalled as it was made in the same facility where contamination with B. cepacia was found in other products.","03/10/2021","09/02/2021","N/A","09/08/2021","Lot #: a)B100JS, Exp 04/2021; B183GQ, EXP 07-2021; B255KZ, EXP 09-2021; C030HS, EXP 02-2022; C100AH, EXP 04-2022; C247JF, EXP 09-2022;  b)B100JS, Exp 04/2021; B183GQ, EXP 07-2021; B255KZ, EXP 09-2021; C030HS, EXP 02-2022; C100AH, EXP 04-2022; C247JF, EXP 09-2022;  c)B100JS, Exp 04/2021; B183GQ, EXP 07-2021; B255KZ, EXP 09-2021; C030HS, EXP 02-2022; C100AH, EXP 04-2022; C247JF, EXP 09-2022;  d)B100JS, Exp 04/2021; B183GQ, EXP 07-2021; B255KZ, EXP 09-2021; C030HS, EXP 02-2022; C100AH, EXP 04-2022; C247JF, EXP 09-2022;  e)B100JS, Exp 04/2021; B183GQ, EXP 07-2021; B255KZ, EXP 09-2021; C030HS, EXP 02-2022; C100AH, EXP 04-2022; C247JF, EXP 09-2022;  f)B100JS, Exp 04/2021; B183GQ, EXP 09-2021; B255KZ, EXP 09-2021; C030HS, EXP 04-2022; C100AH, EXP 06-2022; C247JF, EXP 10-2022;"
"Drugs","No","","87496","Ongoing","China Gel Inc","501 W Golf Rd","N/A","Arlington Heights","IL","	60005-3904","United States","Voluntary: Firm initiated","Letter","Distributed Nationwide in the USA as well as Australia, Canada, France, Germany, Ireland, Norway, Turks & Caicos, Republic of Maldives, Russia, Singapore, Switzerland, United Kingdom","D-0790-2021","Class II","aulief (Organic Camphor 3.00% Organic Menthol 5.00%), topical pain relief, packaged as a) 3.2 oz (90.7g) tube UPC 6 87806 30003 1 NDC 76305-302-01 ; b) 7.0 oz (198.5g) tube, UPC 6 87806 30007 9, NDC 76305-302-02; c) 16 oz (453.6g)Bottle w/ Pump, UPC 6 87806 30016 1, NDC 76305-302-03; Distributed by: CHINA-GEL LLC, Arlington Heights, IL 60005,      ","3458 tubes","CGMP deviations: Product being recalled as it was made in the same facility where contamination with B. cepacia was found in other products.","03/10/2021","09/02/2021","N/A","09/08/2021","Lot #: a) B136HN, Exp 05/2021; b) B136HN, Exp 05/2021; c) B136HN, Exp 05/2021"
"Drugs","No","","87498","Terminated","Breckenridge Pharmaceutical, Inc","15 Massirio Dr Ste 201","N/A","Berlin","CT","	06037-2352","United States","Voluntary: Firm initiated","Letter","Product was distributed nationwide","D-0308-2021","Class II","Omeprazole Delayed-Release Capsules, USP, 20 mg, 1000 count bottles, Rx Only, distributed by Breckenridge Pharmaceutical, Inc., Berlin, CT, Manufactured by Tow Pharmaceutical Europe, S.L., Martorelles (Barcelona), Spain  NDC 51991-643-10","3,146 bottles","Failed Impurities/Degradation Specifications: Out-of-Specification results obtained for unknown impurities during stability testing.","03/11/2021","03/18/2021","03/23/2022","03/24/2021","Lot # 191659, exp. date 05/2021"
"Drugs","No","02/25/2025","87500","Terminated","X-Gen Pharmaceuticals Inc.","300 Daniel Zenker Dr","N/A","Horseheads","NY","	14845-1014","United States","Voluntary: Firm initiated","Letter","Distributed Nationwide in the USA","D-0328-2021","Class II","Neomycin Sulfate Tablets, USP 500mg, Rx Only, 10x10 Unit dose 100 Tablets,  Manufactured for: X-GEN Phamaceuticals, Inc. Big Flats, NY 14814. NDC 39822-0310-5","720  100-count (10x10 blister strips)","Failed Stability Specifications:  Out of Specification (OOS) result reported for microbiological assay","03/19/2021","04/08/2021","12/07/2022","04/14/2021","Lot # CFMBX, EXP 9/2022"
"Drugs","No","","87514","Terminated","Edge Pharma, LLC","856 Hercules Dr","N/A","Colchester","VT","	05446-8014","United States","Voluntary: Firm initiated","Letter","PA only","D-0307-2021","Class III","Epinephrine/Lidocaine HCl, Sterile Ophthalmic Solution for Injection, 0.8 mL per syringe, Single Use Syringe, 0.025%/0.75%, Rx only, Edge Pharma LLC 856 Hercules Dr. Colchester, VT 05446, NDC 05446-0863-01","60 syringes","Labeling: Incorrect or Missing Lot and/or Exp Date","12/22/2020","03/18/2021","06/10/2021","03/24/2021","Lot #: 10-2020-13@8, exp. date 12/03/2020"
"Drugs","No","06/10/2021","87537","Terminated","Novo Nordisk Inc","800 Scudders Mill Rd","N/A","Plainsboro","NJ","	08536-1606","United States","Voluntary: Firm initiated","Letter","Nationwide in the USA","D-0617-2021","Class II","OZEMPIC (semaglutide) injection, 2 mg/1.5 mL (1.34 mg/mL) Prefilled pen, 1 pen, Sample. Not for Resale, Rx only, Novo Nordisk Inc, Plainsboro, NJ 08536, Manufactured by: Novo Nordisk A/S, Bagsvaerd, Denmark,  NDC 0169-4132-90 (Pen), NDC 0169-4132-97 (Kit)","N/A","Temperature Abuse: product samples were stored at temperatures below 32* F which is not in accordance with storage requirements that could cause a lack of efficacy and damage to the cartridge and pen-injectors.","03/22/2021","06/10/2021","12/09/2022","04/21/2021","KP50867, exp 10/31/2022,   KP53021, exp 04/30/2023,   KP52338, exp  02/28/2023,   JP54354, exp 08/31/2022,   KP50676, exp  10/31/2022,   KP51434, exp 11/30/2022,   KP51491, exp  11/30/2022,   KP51781, exp 01/31/2023,  KP52249, exp 01/31/2023,   KP52270, exp  01/31/2023,   KP52722, exp 01/31/2023,   KP52973, exp 01/31/2023,   KP53031, exp  01/31/2023,  KP53221, exp 12.04.2023,   KP53369, exp 01/31/2023"
"Drugs","No","","87545","Terminated","SUN PHARMACEUTICAL INDUSTRIES INC","2 Independence Way","N/A","Princeton","NJ","	08540-6620","United States","Voluntary: Firm initiated","Letter","NJ","D-0320-2021","Class II","Ganirelix Acetate Injection, 250 mcg/0.5 mL, Sterile Prefilled Syringe, Rx only, Distributor: Ferring Pharmaceuticals, Inc., Parsippany, NJ 07054 USA, Manufactured by: Sun Pharmaceutical Industries Ltd, Halol, Gujarat, India Made in India, NDC 55566-1000-1.","91,211 syringes","Failed Impurities/Degradation Specifications","03/15/2021","04/02/2021","06/06/2023","04/14/2021","Lots JKU1212A, JKU1503A, JKU1504A, JKU1505A, JKU1506A, Exp 03/2021; JKU3313A & JKU3314A, Exp 08/2021."
"Drugs","No","","87547","Terminated","Washington Homeopathic Products, Inc.","260 J R Hawvermale Way","N/A","Berkeley Springs","WV","	25411-6957","United States","Voluntary: Firm initiated","Letter","Product was distributed to MD, CO & TX only","D-0321-2021","Class III","Macula Pellets Homeopathic Medicine, 1 Oz bottles, Rx only, Manufactured for: Natural Ophthalmics Inc. PO Box 1510 Dillon, CO 80435, NDC 58770-190-42    ","1,909 bottles","An error occurred where the product was manufactured with Potassium Chloride instead of Potassium Phosphate.","03/18/2021","04/05/2021","05/13/2021","04/14/2021","Lot # 27479, exp. date 11/2022"
"Drugs","No","","87547","Terminated","Washington Homeopathic Products, Inc.","260 J R Hawvermale Way","N/A","Berkeley Springs","WV","	25411-6957","United States","Voluntary: Firm initiated","Letter","Product was distributed to MD, CO & TX only","D-0322-2021","Class III","Sp-4, 100 mL solution bottles, Rx only, Washington Homeopathic Products, Inc.260 J R Hawvermale Way  Berkeley Springs West Virginia 25411  ","114 bottles","An error occurred where the product was manufactured with Potassium Chloride instead of Potassium Phosphate.","03/18/2021","04/05/2021","05/13/2021","04/14/2021","Lot # 24844, 25500, 26310"
"Drugs","No","","87547","Terminated","Washington Homeopathic Products, Inc.","260 J R Hawvermale Way","N/A","Berkeley Springs","WV","	25411-6957","United States","Voluntary: Firm initiated","Letter","Product was distributed to MD, CO & TX only","D-0323-2021","Class III","LCL-2-0191, 5 gallon carboys, Rx only, Manufactured for: LaCore Labs, LLC, by: Washington Homeopathic Products, Inc.260 J R Hawvermale Way Berkeley Springs West Virginia 25411","300 liters","An error occurred where the product was manufactured with Potassium Chloride instead of Potassium Phosphate.","03/18/2021","04/05/2021","05/13/2021","04/14/2021","Lot # 28506"
"Drugs","No","","87566","Terminated","Golden State Medical Supply Inc.","5187 Camino Ruiz","N/A","Camarillo","CA","	93012-8601","United States","Voluntary: Firm initiated","Letter","Sold to two wholesalers/distributors under government contract located in PA and TX","D-0312-2021","Class II","Omeprazole Delayed Release Capsules, USP, 20 mg, 1000-count bottles, Rx only, Packaged by GSMS Incorporated, Camarillo, CA 93012-8601 USA, NDC 51407-129-10","N/A","Failed Impurities/Degradation Specifications: Out of Specification results obtained for unknown impurities during stability testing by manufacturer","03/19/2021","03/24/2021","07/28/2021","03/31/2021","Lot #: GS029673, Exp. Date 5/2021"
"Drugs","No","06/10/2021","87537","Terminated","Novo Nordisk Inc","800 Scudders Mill Rd","N/A","Plainsboro","NJ","	08536-1606","United States","Voluntary: Firm initiated","Letter","Nationwide in the USA","D-0618-2021","Class II","Saxenda (liraglutide) Injection, 18 mg/3 mL (6 mg/mL), 1 x 3 mL Prefilled Pen, Sample. Not for Resale., Rx only, Novo Nordisk Inc., Plainsboro, NJ 08536, Manufactured by: Novo Nordisk A/S, Bagsvaerd, Denmark,  NDC 0169-2800-90 (Pen), NDC 0169-2800-97 (Kit)","N/A","Temperature Abuse: product samples were stored at temperatures below 32* F which is not in accordance with storage requirements that could cause a lack of efficacy and damage to the cartridge and pen-injectors.","03/22/2021","06/10/2021","12/09/2022","04/21/2021","K1620A1 (Kit); KZFH714 (Pen) exp 05/31/2022;   B2020A (Kit); JZFF482 (Pen) exp 11/30/2021;   I2320A (Kit); KZFH714 (Pen) exp 05/31/2022;   H1020A (Kit); KZFH714 (Pen) exp 05/31/2022;  J0520A(Kit); KZFH714 (Pen) exp 05/31/2022"
"Drugs","No","06/10/2021","87537","Terminated","Novo Nordisk Inc","800 Scudders Mill Rd","N/A","Plainsboro","NJ","	08536-1606","United States","Voluntary: Firm initiated","Letter","Nationwide in the USA","D-0622-2021","Class II","ViCTOZA (liraglutide) injection, 18 mg/3 mL (6 mg/mL), contains: 1 Victoza Pen, Sample Not for Resale, Rx only, Manufactured by: Novo Nordisk A/S, Bagesvaerd, Denmark  NDC 0169-4060-90 (Pen), 0169-4060-99 (Kit)  ","N/A","Temperature Abuse: product samples were stored at temperatures below 32* F which is not in accordance with storage requirements that could cause a lack of efficacy and damage to the cartridge and pen-injectors.","03/22/2021","06/10/2021","12/09/2022","04/21/2021","I2419A (Kit); JS68K86 (Pen) exp 05/31/2021"
"Drugs","No","","87602","Terminated","Lupin Pharmaceuticals Inc.","Harborplace Tower","111 S Calvert St Fl 21st","Baltimore","MD","	21202-6174","United States","Voluntary: Firm initiated","Letter","Nationwide in the USA and Puerto Rico","D-0332-2021","Class II","Cefprozil for Oral Suspension USP, 250mg/5mL, packaged as a) 50 mL (when mixed) bottles (NDC 68180-402-01); b) 75 mL (when mixed) bottles (NDC 68180-402-02); and c) 100 mL (when mixed) bottles (NDC 68180-402-03); Rx only, Manufactured for: Lupin Pharmaceutical, Inc., Baltimore, MD  21202; Manufactured by: Lupin Limited, Mandideep 462 046, India.","a) 6,816 bottles; b) 3,960 bottles and c) 7,038 bottles","Superpotent Drug","03/26/2021","04/12/2021","12/16/2021","04/21/2021","Lot Numbers: a) F801122, exp. date June 2021; b) F801123, exp. date June 2021; c) F801124, exp. date June 2021"
"Drugs","No","","87607","Terminated","Macleods Pharma Usa Inc","666 Plainsboro Rd Bldg 200 Ste 230","N/A","Plainsboro","NJ","	08536-0009","United States","Voluntary: Firm initiated","Letter","Nationwide within the United States","D-0329-2021","Class III","Candesartan Cilexetil Tablets, USP, 4 mg, 30-count bottles, Rx only, Manufactured for: Macleods Pharma USA, Inc., Plainsboro, NJ 08536, Manufactured by: Macleods Pharmaceuticals Ltd., Daman (U.T.), India, NDC 33342-114-10","8015 packs","Failed Impurities/Degradation Specifications","03/22/2021","04/12/2021","12/13/2022","04/21/2021","Lots # : ECD5908C, Exp 7/2021; ECD5909A, ECD5910A,   ECD5911A, ECD5912A, Exp. 09/2021."
"Drugs","No","","87609","Terminated","Namoo Enterprise LLC","215 Gates Rd","Unit S","Little Ferry","NJ","	07643-1930","United States","Voluntary: Firm initiated","Letter","Nationwide within the United States","D-0351-2021","Class II","PremierZen Black 5000 capsules, 1 capsule per card/24 capsules per box, Distributed by New Premier Group Los Angeles CA 90006  UPC 7 2817542189 4","N/A","Marketed without Approved NDA/ANDA: FDA analysis results obtained the presence of tadalafil and sildenafil.","03/25/2021","04/26/2021","07/16/2021","05/05/2021","All lots within expiry"
"Drugs","No","","87608","Terminated","Cosette Pharmaceuticals, Inc.","111 Coolidge St","N/A","South Plainfield","NJ","	07080-3801","United States","Voluntary: Firm initiated","Letter","Nationwide in the US","D-0327-2021","Class II","Mometasone Furoate Topical Solution, USP, 0.1%, (Lotion), a) 30 mL (NDC 0713-0701-85) and b) 60 mL (NDC 0713-0701-53), Rx Only, Distributed by: Cosette Pharmaceuticals, Inc., South Plainfield, NJ 07080","a) 30 mL: 7724 b) 60 mL: 8064 bottles","CGMP Deviaitons","03/25/2021","04/07/2021","07/17/2023","04/14/2021","a) 30 mL: 1014611 and 1014612, exp 12/2022    b) 60 mL:1014593, 1014594 and 1014595, exp 10/2022"
"Drugs","No","","87613","Ongoing","S & B Story LLC","30 Railroad Ave","N/A","Ridgefield Park","NJ","	07660-1347","United States","Voluntary: Firm initiated","Press Release","Nationwide","D-0352-2021","Class II","Imperial Extreme 2000 Capsules, 2000 mg, 1 count blister cards, distributed S&B Shopper LLC. Little Ferry, NJ UPC 7 18122 04073 5","N/A","Marketed without Approved NDA/ANDA: FDA analysis results obtained the presence of tadalafil and sildenafil.","03/25/2021","04/26/2021","N/A","05/05/2021","all lots and expirys"
"Drugs","No","","87617","Terminated","SUN PHARMACEUTICAL INDUSTRIES INC","2 Independence Way","N/A","Princeton","NJ","	08540-6620","United States","Voluntary: Firm initiated","Letter","Nationwide in the USA","D-0325-2021","Class III","Metformin HCl Extended-Release Tablets, USP, 500 mg, Rx Only, 500-count bottle, Rx only, Distributed by: Sun Pharmaceutical Industries, Inc., Cranbury, NJ 08512; Manufactured by: Sun Pharmaceutical Industries Ltd., Halol-Baroda HIghway, Halol-389 350 Gujarat, India, NDC 62756-142-02.","2520 bottles","Failed Moisture Limits: Out of specification for water content","03/25/2021","04/07/2021","04/14/2022","04/14/2021","Lot #JKU4639A, Exp 10/2022"
"Drugs","No","","87627","Terminated","Antoto-K","7686 Chadds Landing Way","N/A","Manassas","VA","	20111-1772","United States","Voluntary: Firm initiated","Press Release","Nationwide","D-0366-2021","Class II","Thumbs Up 7 Red 70K, 10 count blister pack cartons, Distributed by Ummzy LLC., Made in USA, UPC 6 17135 89467 3. ","200 cartons","Marketed without Approved NDA/ANDA: FDA analysis results obtained the presence of sildenafil and tadalafil.","03/26/2021","05/04/2021","04/18/2022","05/12/2021","All lots within expiry."
"Drugs","No","","87630","Terminated","Bit & Bet LLC","25 Oakdene Ave","N/A","Cliffside Park","NJ","	07010-3009","United States","Voluntary: Firm initiated","Press Release","Nationwide","D-0388-2021","Class II","Thumbs Up 7 Blue 69K, 10 capsules, Distributed by Ummzy LLC., Made in USA, UPC 617135894673.    Packaged in blister foil sheets in a box. Each box contains 10 capsules.   ","3894 ten-count boxes (38,940 capsules)","Marketed without Approved NDA/ANDA: FDA analysis results obtained the presence of sildenafil and tadalafil.","03/24/2021","05/18/2021","07/16/2021","05/26/2021","All lots within expiry."
"Drugs","No","","87631","Terminated","Teligent Pharma, Inc.","105 Lincoln Avenue","N/A","Buena","NJ","	08310","United States","Voluntary: Firm initiated","Letter","Nationwide in the USA","D-0331-2021","Class III","Lidocaine Ointment USP, 5%, NET WT 35.44 g (1 1/4 Oz) tube, Rx Only, Teligent Pharma Inc., Buena, New Jersey, 08310, NDC 52565-008-14.","62,040 tubes","Failed Stability Specifications: product did not meet viscosity results.","03/29/2021","04/12/2021","07/03/2024","04/21/2021","Lot 13269, Exp March 2021"
"Drugs","No","04/13/2021","87548","Ongoing","Asclemed USA Inc. dba Enovachem Pharmaceuticals","379 Van Ness Ave Ste 1403","N/A","Torrance","CA","	90501-7211","United States","Voluntary: Firm initiated","Letter","Distributed to three physicians in the following states: CA, LA (Enovachem). DocRx distributed recalled product to one Distributor located in AL.","D-0330-2021","Class III","Distributed by: DocRx, Methylprednisolone Tablets, USP 4 mg, Rx, 21 Count Blister, NDC: 69306-004-21, Relabeled by: Enovachem Pharmaceuticals 379 Van Ness Ave. Suite 1403-1406, Torrance, CA 90501, Manufactured by: Jubilant Cadista Pharmaceuticals Inc. Source NDC: 59746-001-03, DocRx, Mobile, AL 36608","N/A","Labeling: Illegible label: Manufacturer received complaint of mis-alignment print of the printed dosing instructions on the blister card.","03/19/2021","04/12/2021","N/A","04/21/2021","Lot #: 20K0043P, Exp. 8/31/2022; 20L0026P, Exp. 9/30/2022"
"Drugs","No","","87648","Ongoing","Apotex Corp.","2400 N Commerce Pkwy Ste 400","N/A","Weston","FL","	33326-3253","United States","Voluntary: Firm initiated","Press Release","Nationwide within the United States","D-0324-2021","Class II","Guanfacine Extended-Release Tablets 2 mg,100-count bottles, Rx Only, Manufactured by: Apotex Inc. Toronto, Ontario Canada M9L 1T9 Manufactured for: Apotex Corp. Weston, Florida 33326, NDC 60505-3928-1, UPC 3 60505 39281 0","55620 bottles","Cross Contamination with Other Product: Product is being recalled due to Trace Amounts of Quetiapine Fumarate","03/31/2021","04/06/2021","N/A","04/14/2021","Lot #: RX1662, RX1663, RX1664 Exp. 11/2022"
"Drugs","No","","87650","Terminated","SUN PHARMACEUTICAL INDUSTRIES INC","2 Independence Way","N/A","Princeton","NJ","	08540-6620","United States","Voluntary: Firm initiated","Letter","Nationwide within the United States","D-0334-2021","Class II","Riomet (metformin hydrochloride oral solution) 500 mg/5 mL Cherry Flavor, 16 fl. oz., 473 mL bottles Rx Only, Manufactured by: Mikart, LLC, Atlanta, GA 30318, Distributed by: Sun Pharmaceutical Industries Inc., Cranbury, NJ 08512, NDC 10631-206-02.","13,834 bottles","Microbial Contamination of Non-Sterile Product","03/31/2021","04/13/2021","04/14/2022","04/21/2021","Lot #: J190386A,  X190354A, Exp. 3/2021, J190393A, Exp. 5/2021, A200035A, Exp. 6/2021, B200064A, Exp. 8/2021; H200236A, Exp. 1/2022"
"Drugs","No","","87653","Ongoing","Na Na Collection","495 Mola Blvd","Unit #3","Elmwood Park","NJ","	07407-2041","United States","Voluntary: Firm initiated","Press Release","Nationwide with the United States","D-0353-2021","Class II","PremierZen Platinum 5000, Packaged in paper packaging with a pill blister, 1 capsule per box, Distributed by New Premier Group Los Angeles CA 90006","N/A","Marketed without Approved NDA/ANDA: FDA analysis results obtained the presence of tadalafil and/or sildenafil.","03/30/2021","04/26/2021","N/A","05/05/2021","Lot #: GATCO 01671, Exp Date 12/30/2024  Serial # 728175421856"
"Drugs","No","","87653","Ongoing","Na Na Collection","495 Mola Blvd","Unit #3","Elmwood Park","NJ","	07407-2041","United States","Voluntary: Firm initiated","Press Release","Nationwide with the United States","D-0354-2021","Class II","Triple SupremeZen Gold 3500, Packaged in paper packaging with a pill blister,1 capsule per box, Distributed by VIEW LIFE Distributors Los Angeles CA 90005 UPC 7 15122 05089 4","N/A","Marketed without Approved NDA/ANDA: FDA analysis results obtained the presence of tadalafil and/or sildenafil.","03/30/2021","04/26/2021","N/A","05/05/2021","Lot #: GATCO 1805, Exp. Date 12/30/2024  Serial # 715122050894"
"Drugs","No","","87512","Terminated","Cardinal Health Inc.","7000 Cardinal Pl","N/A","Dublin","OH","	43017-1091","United States","Voluntary: Firm initiated","Letter","FL, GA, SC","D-0400-2021","Class II","THERAPEUTIC M 130; NDC/UPC 740985223680; OTC; TABLETS","55 bottles","CGMP Deviations: Intermittent exposure to temperature excursion during storage.","03/15/2021","05/24/2021","06/17/2024","06/02/2021","All Lots distributed 02/23/2021 through 03/10/2021."
"Drugs","No","","87512","Terminated","Cardinal Health Inc.","7000 Cardinal Pl","N/A","Dublin","OH","	43017-1091","United States","Voluntary: Firm initiated","Letter","FL, GA, SC","D-0401-2021","Class II","NIACIN 250MG 110; NDC/UPC 740985228494; OTC; TABLETS","4 bottles","CGMP Deviations: Intermittent exposure to temperature excursion during storage.","03/15/2021","05/24/2021","06/17/2024","06/02/2021","All Lots distributed 02/23/2021 through 03/10/2021."
"Drugs","No","","87512","Terminated","Cardinal Health Inc.","7000 Cardinal Pl","N/A","Dublin","OH","	43017-1091","United States","Voluntary: Firm initiated","Letter","FL, GA, SC","D-0402-2021","Class II","Creon (pancrelipase) Delayed-Release Capsules Dose By Lipase Units Lipase 36,000 USP Units Rx only NDC 0032-3016-13 100 Capsules Marketed by: AbbVie Inc. North Chicago, IL 60064, U.S.A.","1669 bottles","CGMP Deviations: Intermittent exposure to temperature excursion during storage.","03/15/2021","05/24/2021","06/17/2024","06/02/2021","1139494"
"Drugs","No","","87512","Terminated","Cardinal Health Inc.","7000 Cardinal Pl","N/A","Dublin","OH","	43017-1091","United States","Voluntary: Firm initiated","Letter","FL, GA, SC","D-0403-2021","Class II","Orilissa elagolix tablets 150 mg per tablet equivalent to 155.2 mg elagolix sodium, 28 Tablets For 28 Days Rx only NDC 0074-0038-28  Each carton contains 28 tablets in 4 weekly blister pack, Each weekly blister pack contains 7 tablets of elagolix 150 mg AbbVie Inc. North Chicago, IL 60064","210 cartons","CGMP Deviations: Intermittent exposure to temperature excursion during storage.","03/15/2021","05/24/2021","06/17/2024","06/02/2021","1120778"
"Drugs","No","","87512","Terminated","Cardinal Health Inc.","7000 Cardinal Pl","N/A","Dublin","OH","	43017-1091","United States","Voluntary: Firm initiated","Letter","FL, GA, SC","D-0404-2021","Class II","Norvir Ritonavir Tablets 100 mg 30 Tablets Rx only NDC 0074-3333-30 Abbott Laboratories North Chicago, IL 60064, U.S.A.","362 bottles","CGMP Deviations: Intermittent exposure to temperature excursion during storage.","03/15/2021","05/24/2021","06/17/2024","06/02/2021","1131141"
"Drugs","No","","87512","Terminated","Cardinal Health Inc.","7000 Cardinal Pl","N/A","Dublin","OH","	43017-1091","United States","Voluntary: Firm initiated","Letter","FL, GA, SC","D-0405-2021","Class II","Synthroid (levothyroxine sodium tablets, USP) in all pack sizes, styles and concentrations Rx only Abbott Laboratories North Chicago, IL","123 bottles","CGMP Deviations: Intermittent exposure to temperature excursion during storage.","03/15/2021","05/24/2021","06/17/2024","06/02/2021","1138959"
"Drugs","No","","87512","Terminated","Cardinal Health Inc.","7000 Cardinal Pl","N/A","Dublin","OH","	43017-1091","United States","Voluntary: Firm initiated","Letter","FL, GA, SC","D-0406-2021","Class II","METHOCARBAMOL 500MG 500; NDC/UPC 71093014005; RX; TABLETS","51 bottles","CGMP Deviations: Intermittent exposure to temperature excursion during storage.","03/15/2021","05/24/2021","06/17/2024","06/02/2021","UMETA0036A"
"Drugs","No","","87512","Terminated","Cardinal Health Inc.","7000 Cardinal Pl","N/A","Dublin","OH","	43017-1091","United States","Voluntary: Firm initiated","Letter","FL, GA, SC","D-0407-2021","Class II","FENOFIBRATE CAPSULES, UPS 67MG 100 CAPSULES NDC/UPC 27241-118-04; RX; CAPSULES","106 BOXES","CGMP Deviations: Intermittent exposure to temperature excursion during storage.","03/15/2021","05/24/2021","06/17/2024","06/02/2021","PA03410"
"Drugs","No","","87512","Terminated","Cardinal Health Inc.","7000 Cardinal Pl","N/A","Dublin","OH","	43017-1091","United States","Voluntary: Firm initiated","Letter","FL, GA, SC","D-0408-2021","Class II","OFLOXACIN 0.3% 5ML OPTH; NDC/UPC 17478071310; RX; DROPS","339 bottles","CGMP Deviations: Intermittent exposure to temperature excursion during storage.","03/15/2021","05/24/2021","06/17/2024","06/02/2021","427297"
"Drugs","No","","87512","Terminated","Cardinal Health Inc.","7000 Cardinal Pl","N/A","Dublin","OH","	43017-1091","United States","Voluntary: Firm initiated","Letter","FL, GA, SC","D-0409-2021","Class II","LIDOCAINE HCL VISC 2% 100ML; NDC/UPC 50383077504; RX; SOLUTION (USUALLY NOT OTIC, OPTH, NASAL DROPS)","240 bottles","CGMP Deviations: Intermittent exposure to temperature excursion during storage.","03/15/2021","05/24/2021","06/17/2024","06/02/2021","373577"
"Drugs","No","","87512","Terminated","Cardinal Health Inc.","7000 Cardinal Pl","N/A","Dublin","OH","	43017-1091","United States","Voluntary: Firm initiated","Letter","FL, GA, SC","D-0410-2021","Class II","Atropine Sulfate Ophthalmic Solution, USP 1% For Topical Application To The Eye Sterile 5 mL Rx only NDC 17478-215-05 Manufactured by: Akorn, Inc.","424 bottles","CGMP Deviations: Intermittent exposure to temperature excursion during storage.","03/15/2021","05/24/2021","06/17/2024","06/02/2021","071520A"
"Drugs","No","","87512","Terminated","Cardinal Health Inc.","7000 Cardinal Pl","N/A","Dublin","OH","	43017-1091","United States","Voluntary: Firm initiated","Letter","FL, GA, SC","D-0411-2021","Class II","COSOPT (Dorzolamide Hydrochloride-Timolol Maleate Ophthalmic Solution) (Dorzolamide Hydrochloride 22.3 mg/mL Timolol Maleate 6.8 mg/mL) 10ML Ocumeter Plus Ophthalmic Dispenser Sterile Ophthlamic Solution Rx only NDC/UPC 174780-605-10 Distributed by: Akorn, Inc. Lake Forest, IL 60045","12 bottles","CGMP Deviations: Intermittent exposure to temperature excursion during storage.","03/15/2021","05/24/2021","06/17/2024","06/02/2021","430358"
"Drugs","No","","87512","Terminated","Cardinal Health Inc.","7000 Cardinal Pl","N/A","Dublin","OH","	43017-1091","United States","Voluntary: Firm initiated","Letter","FL, GA, SC","D-0412-2021","Class II","Metoprolol Tartrate and Hydrochlorothiazide Tablets, USP 50 mg/25 mg 100 Tablets Rx only NDC 62332-115-31 Manufactured for: Alembic Pharmaceuticals, Inc. 750 Route 202, Bridgewater, NJ 08807 USA","71 bottles","CGMP Deviations: Intermittent exposure to temperature excursion during storage.","03/15/2021","05/24/2021","06/17/2024","06/02/2021","2005005745"
"Drugs","No","","87512","Terminated","Cardinal Health Inc.","7000 Cardinal Pl","N/A","Dublin","OH","	43017-1091","United States","Voluntary: Firm initiated","Letter","FL, GA, SC","D-0413-2021","Class II","BROMFENAC OPHTHALMIC SOLUTION 0.09% 1.7ML NDC/UPC 62332-508-17; RX; DROPS","152 CARTON","CGMP Deviations: Intermittent exposure to temperature excursion during storage.","03/15/2021","05/24/2021","06/17/2024","06/02/2021","AGV009"
"Drugs","No","","87512","Terminated","Cardinal Health Inc.","7000 Cardinal Pl","N/A","Dublin","OH","	43017-1091","United States","Voluntary: Firm initiated","Letter","FL, GA, SC","D-0414-2021","Class II","Vaniqa (eflornithine hydrochloride) Cream, 13.9% For Topical Use Only Net wt. 1.59 oz (45 g) Rx only NDC 0023-4857-45 Manufactured for Allegan, Inc. Irvine, CA 92612","72 tubes","CGMP Deviations: Intermittent exposure to temperature excursion during storage.","03/15/2021","05/24/2021","06/17/2024","06/02/2021","113780"
"Drugs","No","","87512","Terminated","Cardinal Health Inc.","7000 Cardinal Pl","N/A","Dublin","OH","	43017-1091","United States","Voluntary: Firm initiated","Letter","FL, GA, SC","D-0415-2021","Class II","UBRELVY 100MG 10UD CPLT; NDC/UPC 23650110; RX; TABLETS","964 bottles","CGMP Deviations: Intermittent exposure to temperature excursion during storage.","03/15/2021","05/24/2021","06/17/2024","06/02/2021","1658641"
"Drugs","No","","87512","Terminated","Cardinal Health Inc.","7000 Cardinal Pl","N/A","Dublin","OH","	43017-1091","United States","Voluntary: Firm initiated","Letter","FL, GA, SC","D-0416-2021","Class II","RESTASIS 0.05%30X 0.4ML OPTH PF; NDC/UPC 23916330; RX; DROPS/Restasis 0.05% 60x0.4 mL OPTH PF; NDC/UPC 23916330; RX","3688 bottles","CGMP Deviations: Intermittent exposure to temperature excursion during storage.","03/15/2021","05/24/2021","06/17/2024","06/02/2021","T1202"
"Drugs","No","","87512","Terminated","Cardinal Health Inc.","7000 Cardinal Pl","N/A","Dublin","OH","	43017-1091","United States","Voluntary: Firm initiated","Letter","FL, GA, SC","D-0417-2021","Class II","Linzess (linaclotide) capsules 72 mcg/capsule 30 capsules Rx Only NDC 0456-1203-30 Distributed by: Allergan USA, Inc. Irvine, CA 92612","1529 bottles","CGMP Deviations: Intermittent exposure to temperature excursion during storage.","03/15/2021","05/24/2021","06/17/2024","06/02/2021","W04411"
"Drugs","No","","87512","Terminated","Cardinal Health Inc.","7000 Cardinal Pl","N/A","Dublin","OH","	43017-1091","United States","Voluntary: Firm initiated","Letter","FL, GA, SC","D-0418-2021","Class II","Namzaric (memantine HCl extended release and donepezil HCl) capsules 14 mg/10 mg per capsule 30 capsules Rx Only NDC 0456-1214-30 Distributed by Forest Pharmaceuticals, Inc. Subsidiary of Forest Laboratories, LLC.","659 bottles","CGMP Deviations: Intermittent exposure to temperature excursion during storage.","03/15/2021","05/24/2021","06/17/2024","06/02/2021","W04815"
"Drugs","No","","87512","Terminated","Cardinal Health Inc.","7000 Cardinal Pl","N/A","Dublin","OH","	43017-1091","United States","Voluntary: Firm initiated","Letter","FL, GA, SC","D-0419-2021","Class II","Rectiv (nitroglycerin) Ointment 0.4% For Intra-anal Use Only 30 g Rx Only NDC 58914-301-80 Mfd. by: Pharbil Waltrop GmbH, Im Wirrigen 25, 45731 Waltrop, Germany Distributed by: Aptalis Pharma US, Inc. Birmingham, AL 35242","31 tubes","CGMP Deviations: Intermittent exposure to temperature excursion during storage.","03/15/2021","05/24/2021","06/17/2024","06/02/2021","2399070"
"Drugs","No","","87512","Terminated","Cardinal Health Inc.","7000 Cardinal Pl","N/A","Dublin","OH","	43017-1091","United States","Voluntary: Firm initiated","Letter","FL, GA, SC","D-0420-2021","Class II","Vraylar (cariprazine) capsules in all pack sizes, styles and strengths Rx only Distributed by: Actavis Pharma, Inc. Parsippany, NJ 07054","759 bottles","CGMP Deviations: Intermittent exposure to temperature excursion during storage.","03/15/2021","05/24/2021","06/17/2024","06/02/2021","W04494"
"Drugs","No","","87512","Terminated","Cardinal Health Inc.","7000 Cardinal Pl","N/A","Dublin","OH","	43017-1091","United States","Voluntary: Firm initiated","Letter","FL, GA, SC","D-0421-2021","Class II","Nitrofurantoin Macrocrystals Capsules 25 mg 100 Capsules Rx Only NDC 47781-306-01 Manufactured by: Norwich Pharmaceuticals, Inc. Norwich, NY 13815 Distributed by: Alvogen, Inc. Parsippany, NJ 07054 U.S.A.","15 bottles","CGMP Deviations: Intermittent exposure to temperature excursion during storage.","03/15/2021","05/24/2021","06/17/2024","06/02/2021","486942"
"Drugs","No","","87512","Terminated","Cardinal Health Inc.","7000 Cardinal Pl","N/A","Dublin","OH","	43017-1091","United States","Voluntary: Firm initiated","Letter","FL, GA, SC","D-0422-2021","Class II","BUPRENORPHINE AND NALOXONE SUBLINGUAL FILM 4MG/1MG  30 POUCHES EACH CONTAINING 1 SUBLINGUAL FILM  NDC/UPC 47781-0356-03; RX; FILM","249 CARTONS","CGMP Deviations: Intermittent exposure to temperature excursion during storage.","03/15/2021","05/24/2021","06/17/2024","06/02/2021","37890"
"Drugs","No","","87512","Terminated","Cardinal Health Inc.","7000 Cardinal Pl","N/A","Dublin","OH","	43017-1091","United States","Voluntary: Firm initiated","Letter","FL, GA, SC","D-0423-2021","Class II","Oseltamivir Phosphate for Oral Suspension 6 mg/mL* *Each mL contains 6 mg oseltamivir base after constitution.  60 mL (usable volume after constitution) Rx Only NDC 47781-384-26 Distributed by: Alvogen, Inc. Pine Brook, NJ 07058 USA","15885 bottles","CGMP Deviations: Intermittent exposure to temperature excursion during storage.","03/15/2021","05/24/2021","06/17/2024","06/02/2021","484241"
"Drugs","No","","87512","Terminated","Cardinal Health Inc.","7000 Cardinal Pl","N/A","Dublin","OH","	43017-1091","United States","Voluntary: Firm initiated","Letter","FL, GA, SC","D-0424-2021","Class II","ERYTHROMYCIN TABLETS, USP 250MG 30; NDC/UPC 69238-1484-3; RX; TABLETS","135 CARTON","CGMP Deviations: Intermittent exposure to temperature excursion during storage.","03/15/2021","05/24/2021","06/17/2024","06/02/2021","AM200540"
"Drugs","No","","87512","Terminated","Cardinal Health Inc.","7000 Cardinal Pl","N/A","Dublin","OH","	43017-1091","United States","Voluntary: Firm initiated","Letter","FL, GA, SC","D-0425-2021","Class II","TRAVOPROST OPHTHALMIC SOLUTION, USP  0.004% 2.5ML ; NDC/UPC 60505-0593-4; RX; DROPS","325 CARTONS","CGMP Deviations: Intermittent exposure to temperature excursion during storage.","03/15/2021","05/24/2021","06/17/2024","06/02/2021","RW4409"
"Drugs","No","","87512","Terminated","Cardinal Health Inc.","7000 Cardinal Pl","N/A","Dublin","OH","	43017-1091","United States","Voluntary: Firm initiated","Letter","FL, GA, SC","D-0426-2021","Class II","ENOXAPARIN DOFIUM INJRVYION, UPD 150MG/1ML 10X1ML SINGLE DOSE SYRINGES; NDC/UPC 60505-0798-4; RX; SYRINGES","64 BOXES","CGMP Deviations: Intermittent exposure to temperature excursion during storage.","03/15/2021","05/24/2021","06/17/2024","06/02/2021","CV006"
"Drugs","No","","87512","Terminated","Cardinal Health Inc.","7000 Cardinal Pl","N/A","Dublin","OH","	43017-1091","United States","Voluntary: Firm initiated","Letter","FL, GA, SC","D-0427-2021","Class II","Butorphanol Tartrate Nasal Solution USP 10 mg/mL 2. 5 mL bottles Rx Only NDC 60505-0813-1 Mfg by: Apotex Inc. Toronto, Ontario Canada M9L 1T9","38 bottles","CGMP Deviations: Intermittent exposure to temperature excursion during storage.","03/15/2021","05/24/2021","06/17/2024","06/02/2021","RT7113"
"Drugs","No","","87512","Terminated","Cardinal Health Inc.","7000 Cardinal Pl","N/A","Dublin","OH","	43017-1091","United States","Voluntary: Firm initiated","Letter","FL, GA, SC","D-0428-2021","Class II","Timolol Maleate Ophthalmic Solution, USP 0.5% 2.5 mL Sterile For Topical Application In The Eye Rx Only NDC 60505-1005-4 Manufactured by: Apotex Inc. Toronto, Ontario Canada M9L 1T9 Manufactured for: Apotex Corp. Weston, FL 33326","31 droptainers","CGMP Deviations: Intermittent exposure to temperature excursion during storage.","03/15/2021","05/24/2021","06/17/2024","06/02/2021","RV7378"
"Drugs","No","","87512","Terminated","Cardinal Health Inc.","7000 Cardinal Pl","N/A","Dublin","OH","	43017-1091","United States","Voluntary: Firm initiated","Letter","FL, GA, SC","D-0429-2021","Class II","Edarbi (azilsartan medoxomil) tablets 80 mg 30 Tablets Rx Only NDC 60631-080-30 Manufactured for: arbor Pharmaceuticals Atlanta, GA 30328","328 bottles","CGMP Deviations: Intermittent exposure to temperature excursion during storage.","03/15/2021","05/24/2021","06/17/2024","06/02/2021","78902-1"
"Drugs","No","","87512","Terminated","Cardinal Health Inc.","7000 Cardinal Pl","N/A","Dublin","OH","	43017-1091","United States","Voluntary: Firm initiated","Letter","FL, GA, SC","D-0430-2021","Class II","edarbyclor Azilsartan Medoxomil and Chlorthalidone Tablets 40 mg*/12.5 mg 30 Tablets Rx Only NDC 60631-412-30 Manufactured for: arbor Pharmaceuticals, LLC. Atlanta, GA 30328","244 bottles","CGMP Deviations: Intermittent exposure to temperature excursion during storage.","03/15/2021","05/24/2021","06/17/2024","06/02/2021","78520"
"Drugs","No","","87512","Terminated","Cardinal Health Inc.","7000 Cardinal Pl","N/A","Dublin","OH","	43017-1091","United States","Voluntary: Firm initiated","Letter","FL, GA, SC","D-0431-2021","Class II","edarbyclor Azilsartan Medoxomil and Chlorthalidone Tablets 40 mg*/25 mg *Each tablet contains: 42.68 mg azilsartan kamedoxomil (equivalent to 40 mg azilsartan medoxomil) and 25 mg chlorthalidone. 30 Tablets Rx Only NDC 60631-425-30 Manufactured for Arbor Pharmaceuticals Atlanta, GA 30328","273 bottles","CGMP Deviations: Intermittent exposure to temperature excursion during storage.","03/15/2021","05/24/2021","06/17/2024","06/02/2021","79551"
"Drugs","No","","87512","Terminated","Cardinal Health Inc.","7000 Cardinal Pl","N/A","Dublin","OH","	43017-1091","United States","Voluntary: Firm initiated","Letter","FL, GA, SC","D-0432-2021","Class II","GEMCITABINE INJECTION 200MG/5.26ML; NDC/UPC 72485-221-02; RX; SINGLEDOSE VIAL","3 CARTON","CGMP Deviations: Intermittent exposure to temperature excursion during storage.","03/15/2021","05/24/2021","06/17/2024","06/02/2021","7T10050A"
"Drugs","No","","87512","Terminated","Cardinal Health Inc.","7000 Cardinal Pl","N/A","Dublin","OH","	43017-1091","United States","Voluntary: Firm initiated","Letter","FL, GA, SC","D-0433-2021","Class II","Brilinta ticagrelar tablets 60 mg 60 tablets Rx only NDC 0186-0776-60 Mfd. for: AstraZeneca LP, Wilmington, DE 19850","1278 bottles","CGMP Deviations: Intermittent exposure to temperature excursion during storage.","03/15/2021","05/24/2021","06/17/2024","06/02/2021","MP0138"
"Drugs","No","","87512","Terminated","Cardinal Health Inc.","7000 Cardinal Pl","N/A","Dublin","OH","	43017-1091","United States","Voluntary: Firm initiated","Letter","FL, GA, SC","D-0434-2021","Class II","Bevespi Aerosphere (glycopyrrolate and formoterol fumarate) Inhalation Aerosol 9 mcg/4.8 mcg per inhalation For Oral Inhalation only 120 inhalations Rx Only NDC 0310-4600-12 Mfd for: AstraZeneca Pharmaceuticals, LP, Wilmington, DE 19850","355 inhalers","CGMP Deviations: Intermittent exposure to temperature excursion during storage.","03/15/2021","05/24/2021","06/17/2024","06/02/2021","6030180A00"
"Drugs","No","","87512","Terminated","Cardinal Health Inc.","7000 Cardinal Pl","N/A","Dublin","OH","	43017-1091","United States","Voluntary: Firm initiated","Letter","FL, GA, SC","D-0435-2021","Class II","xigduo XR (dapgliflozin/metformin HCl extended-release) tablets 10 mg/1000 mg 30 Tablets Rx only NDC 0310-6280-30 Manufactured for: AstraZeneca Pharmaceuticals LP Wilmington, DE 19850  Manufactured by: Bristol-Myers Squibb Manufacturing Company Humacao, Puerto Rico 00791","664 bottles","CGMP Deviations: Intermittent exposure to temperature excursion during storage.","03/15/2021","05/24/2021","06/17/2024","06/02/2021","MP0077"
"Drugs","No","","87512","Terminated","Cardinal Health Inc.","7000 Cardinal Pl","N/A","Dublin","OH","	43017-1091","United States","Voluntary: Firm initiated","Letter","FL, GA, SC","D-0436-2021","Class II","xigduo XR (dapagliflozin/metformin HCl extended-release) tablets 5 mg/1000 mg 60 Tablets Rx only NDC 0310-6260-60 Manufactured for: AstraZeneca Pharmaceuticals LP Wilmington, DE 19850","378 bottles","CGMP Deviations: Intermittent exposure to temperature excursion during storage.","03/15/2021","05/24/2021","06/17/2024","06/02/2021","ML0171"
"Drugs","No","","87512","Terminated","Cardinal Health Inc.","7000 Cardinal Pl","N/A","Dublin","OH","	43017-1091","United States","Voluntary: Firm initiated","Letter","FL, GA, SC","D-0437-2021","Class II","IBUPROFEN ORAL SUSPENSION USP 100MG/5ML 120ML ; NDC/UPC 59651-032-12; RX; SUSPENSION (NO DROPS)","345 CARTONS","CGMP Deviations: Intermittent exposure to temperature excursion during storage.","03/15/2021","05/24/2021","06/17/2024","06/02/2021","BO1020069-A"
"Drugs","No","","87512","Terminated","Cardinal Health Inc.","7000 Cardinal Pl","N/A","Dublin","OH","	43017-1091","United States","Voluntary: Firm initiated","Letter","FL, GA, SC","D-0438-2021","Class II","Eletriptan Hydrobromide Tablets 20 mg* 6(1x6) Unit-dose Tablets Rx only NDC 59651-104-69 Distributed by: Aurobindo Pharma USA, Inc. 279 Princeton-Highstown Road East Windsor, NJ 08520","20 CARTONS","CGMP Deviations: Intermittent exposure to temperature excursion during storage.","03/15/2021","05/24/2021","06/17/2024","06/02/2021","EA2020001-A"
"Drugs","No","","87512","Terminated","Cardinal Health Inc.","7000 Cardinal Pl","N/A","Dublin","OH","	43017-1091","United States","Voluntary: Firm initiated","Letter","FL, GA, SC","D-0439-2021","Class II","AMOXICILLIN 500MG 100; NDC/UPC 65862001401; RX; TABLETS","373 bottles","CGMP Deviations: Intermittent exposure to temperature excursion during storage.","03/15/2021","05/24/2021","06/17/2024","06/02/2021","SE5019062-A"
"Drugs","No","","87512","Terminated","Cardinal Health Inc.","7000 Cardinal Pl","N/A","Dublin","OH","	43017-1091","United States","Voluntary: Firm initiated","Letter","FL, GA, SC","D-0440-2021","Class II","ONDANSETRON HCL 4MG 30; NDC/UPC 65862018730; RX; TABLETS","1935 bottles","CGMP Deviations: Intermittent exposure to temperature excursion during storage.","03/15/2021","05/24/2021","06/17/2024","06/02/2021","ON0420015-A"
"Drugs","No","","87512","Terminated","Cardinal Health Inc.","7000 Cardinal Pl","N/A","Dublin","OH","	43017-1091","United States","Voluntary: Firm initiated","Letter","FL, GA, SC","D-0441-2021","Class II","ESZOPICLONE 3MG 100 C4; NDC/UPC 65862096901; RX; TABLETS","29 bottles","CGMP Deviations: Intermittent exposure to temperature excursion during storage.","03/15/2021","05/24/2021","06/17/2024","06/02/2021","GS0320010-A"
"Drugs","No","","87512","Terminated","Cardinal Health Inc.","7000 Cardinal Pl","N/A","Dublin","OH","	43017-1091","United States","Voluntary: Firm initiated","Letter","FL, GA, SC","D-0442-2021","Class II","Nuedexta (dextromethorphan HBr and quinidine sulfate) Capsules 20 mg/10 mg 60 capsules Rx only NDC 64597-301-60 Manufactured by Patheon, Inc. Whitby, ON L1N 5Z5, Canada","255 bottles","CGMP Deviations: Intermittent exposure to temperature excursion during storage.","03/15/2021","05/24/2021","06/17/2024","06/02/2021","CFBFP"
"Drugs","No","","87512","Terminated","Cardinal Health Inc.","7000 Cardinal Pl","N/A","Dublin","OH","	43017-1091","United States","Voluntary: Firm initiated","Letter","FL, GA, SC","D-0443-2021","Class II","LOTEMAX SM (loteprednol etabonate ophthalmic gel) 0.38% 5GM; NDC/UPC 24208-0507-07; RX; GEL","463 boxes","CGMP Deviations: Intermittent exposure to temperature excursion during storage.","03/15/2021","05/24/2021","06/17/2024","06/02/2021","352162"
"Drugs","No","","87512","Terminated","Cardinal Health Inc.","7000 Cardinal Pl","N/A","Dublin","OH","	43017-1091","United States","Voluntary: Firm initiated","Letter","FL, GA, SC","D-0444-2021","Class II","BENZEFOAM EMOLLIENT FOAM BENZOYL PEROXIDE 5.3% 100GM TOP EMOL NDC 187-0194--10; OTC; FOAMS","2 carton","CGMP Deviations: Intermittent exposure to temperature excursion during storage.","03/15/2021","05/24/2021","06/17/2024","06/02/2021","All Lots distributed 02/23/2021 through 03/10/2021."
"Drugs","No","","87512","Terminated","Cardinal Health Inc.","7000 Cardinal Pl","N/A","Dublin","OH","	43017-1091","United States","Voluntary: Firm initiated","Letter","FL, GA, SC","D-0445-2021","Class II","MURO-128 2% 15ML OPTH; NDC/UPC 324208276150; OTC; DROPS","64 droptainers","CGMP Deviations: Intermittent exposure to temperature excursion during storage.","03/15/2021","05/24/2021","06/17/2024","06/02/2021","All Lots distributed 02/23/2021 through 03/10/2021."
"Drugs","No","","87512","Terminated","Cardinal Health Inc.","7000 Cardinal Pl","N/A","Dublin","OH","	43017-1091","United States","Voluntary: Firm initiated","Letter","FL, GA, SC","D-0446-2021","Class II","TOBRAMY/DEX 0.3-0.1% 10ML OPTH; NDC/UPC 24208029510; RX; DROPS","47 droptainers","CGMP Deviations: Intermittent exposure to temperature excursion during storage.","03/15/2021","05/24/2021","06/17/2024","06/02/2021","350861"
"Drugs","No","","87512","Terminated","Cardinal Health Inc.","7000 Cardinal Pl","N/A","Dublin","OH","	43017-1091","United States","Voluntary: Firm initiated","Letter","FL, GA, SC","D-0447-2021","Class II","DEXAMETH SOD PHOS 0.1% 5ML; NDC/UPC 24208072002; RX; DROPS","318 droptainers","CGMP Deviations: Intermittent exposure to temperature excursion during storage.","03/15/2021","05/24/2021","06/17/2024","06/02/2021","353351"
"Drugs","No","","87512","Terminated","Cardinal Health Inc.","7000 Cardinal Pl","N/A","Dublin","OH","	43017-1091","United States","Voluntary: Firm initiated","Letter","FL, GA, SC","D-0448-2021","Class II","Belbuca (buprenorphine hydrochloride) buccal film 300 mcg 60 pouches containing 1 buccal film each Rx only NDC 59385-023-60 Manufactured for: BioDelivery Sciences International, Inc. Raleigh, NC 27612.","96 cartons","CGMP Deviations: Intermittent exposure to temperature excursion during storage.","03/15/2021","05/24/2021","06/17/2024","06/02/2021","37674B"
"Drugs","No","","87512","Terminated","Cardinal Health Inc.","7000 Cardinal Pl","N/A","Dublin","OH","	43017-1091","United States","Voluntary: Firm initiated","Letter","FL, GA, SC","D-0449-2021","Class II","Belbuca (buprenorphine hydrochloride) buccal film 600 mcg 60 pouches containing 1 buccal film each Rx only NDC 59385-025-60 Manufactured for: BioDelivery Sciences International, Inc. Raleigh, NC 27612 USA","47 cartons","CGMP Deviations: Intermittent exposure to temperature excursion during storage.","03/15/2021","05/24/2021","06/17/2024","06/02/2021","BL6002004"
"Drugs","No","","87512","Terminated","Cardinal Health Inc.","7000 Cardinal Pl","N/A","Dublin","OH","	43017-1091","United States","Voluntary: Firm initiated","Letter","FL, GA, SC","D-0450-2021","Class II","SYMPROIC (NAIDEMEDINE) TABLETS 0.2MG 30 TABLETS; NDC  59385-041-30; RX; TABLETS","67 BOXES","CGMP Deviations: Intermittent exposure to temperature excursion during storage.","03/15/2021","05/24/2021","06/17/2024","06/02/2021","2003060A"
"Drugs","No","","87512","Terminated","Cardinal Health Inc.","7000 Cardinal Pl","N/A","Dublin","OH","	43017-1091","United States","Voluntary: Firm initiated","Letter","FL, GA, SC","D-0451-2021","Class II","NURTEC ODT (RIMEGEPANT) 75MG 8 BPK; NDC/UPC 72618-3000-2; RX; TABLETS FOR RAPID DISSOLUTION (NOT SUBLINGUAL)","1240 CARTON","CGMP Deviations: Intermittent exposure to temperature excursion during storage.","03/15/2021","05/24/2021","06/17/2024","06/02/2021","4170326"
"Drugs","No","","87512","Terminated","Cardinal Health Inc.","7000 Cardinal Pl","N/A","Dublin","OH","	43017-1091","United States","Voluntary: Firm initiated","Letter","FL, GA, SC","D-0452-2021","Class II","CATAPRES-TTS-2 1X4; NDC/UPC 597003234; RX; ADHESIVE PATCHES","17 patches","CGMP Deviations: Intermittent exposure to temperature excursion during storage.","03/15/2021","05/24/2021","06/17/2024","06/02/2021","1905666/2"
"Drugs","No","","87512","Terminated","Cardinal Health Inc.","7000 Cardinal Pl","N/A","Dublin","OH","	43017-1091","United States","Voluntary: Firm initiated","Letter","FL, GA, SC","D-0453-2021","Class II","Spiriva HandiHaler (tiotropium bromide inhalation powder) For Oral Inhalation Only 18 mcg (as tiotropium) per capsule Rx only NDC 0597-0075-41 Manufactured by: Boehringer Ingelheim (BI) Pharma GmbH & Co. KG Ingelheim, Germany  Marketed by: Boehringer Ingelheim Pharmaceuticals, Inc. Ridgefield, CT 06877 USA and Pfizer, Inc. New York, NY 10017 USA","2611 inhalers","CGMP Deviations: Intermittent exposure to temperature excursion during storage.","03/15/2021","05/24/2021","06/17/2024","06/02/2021","5098"
"Drugs","No","","87512","Terminated","Cardinal Health Inc.","7000 Cardinal Pl","N/A","Dublin","OH","	43017-1091","United States","Voluntary: Firm initiated","Letter","FL, GA, SC","D-0454-2021","Class II","ATROVENT HFA 17MCG 12.9GM; NDC/UPC 597008717; RX; INHALER MEDICAL INTERNAL - MAY OR MAY NOT BE AEROSOL","667 inhalers","CGMP Deviations: Intermittent exposure to temperature excursion during storage.","03/15/2021","05/24/2021","06/17/2024","06/02/2021","200155"
"Drugs","No","","87512","Terminated","Cardinal Health Inc.","7000 Cardinal Pl","N/A","Dublin","OH","	43017-1091","United States","Voluntary: Firm initiated","Letter","FL, GA, SC","D-0455-2021","Class II","Glyxambi (empagliflozin and linagliptin) Tablets 25 mg/5 mg 30 tablets Rx only NDC 0597-0164-30 Dist. by: Boehringer Ingelheim (BI) Pharmaceuticals, Inc. Ridgefield, CT 06877 USA","592 bottles","CGMP Deviations: Intermittent exposure to temperature excursion during storage.","03/15/2021","05/24/2021","06/17/2024","06/02/2021","3513"
"Drugs","No","","87512","Terminated","Cardinal Health Inc.","7000 Cardinal Pl","N/A","Dublin","OH","	43017-1091","United States","Voluntary: Firm initiated","Letter","FL, GA, SC","D-0456-2021","Class II","Synjardy (empagliflozin and metformin hydrochloride) Tablets 12.5 mg/1000 mg 60 tablets Rx only NDC 0597-0168-69 Distributed by: Boehringer Ingleheim (BI) Pharmaceuticals, Inc. Ridgefield, CT 06877 USA","284 bottles","CGMP Deviations: Intermittent exposure to temperature excursion during storage.","03/15/2021","05/24/2021","06/17/2024","06/02/2021","C80102"
"Drugs","No","","87512","Terminated","Cardinal Health Inc.","7000 Cardinal Pl","N/A","Dublin","OH","	43017-1091","United States","Voluntary: Firm initiated","Letter","FL, GA, SC","D-0457-2021","Class II","Jentadueto XR (linagliptin and metformin hydrochloride extended-release) Tablets 5 mg/1000 mg 30 tablets Rx only NDC 0597-0275-33 Dist. by: Boehringer Ingleheim (BI) Pharmaceuticals, Inc. Ridgefield, CT 06877 USA","52 bottles","CGMP Deviations: Intermittent exposure to temperature excursion during storage.","03/15/2021","05/24/2021","06/17/2024","06/02/2021","3189866"
"Drugs","No","","87512","Terminated","Cardinal Health Inc.","7000 Cardinal Pl","N/A","Dublin","OH","	43017-1091","United States","Voluntary: Firm initiated","Letter","FL, GA, SC","D-0458-2021","Class II","Synjardy XR (empagliflozin and metformin hydrochloride extended-release) Tablets 25 mg/1000 mg 30 tablets Rx only NDC 0597-0295-88 Dist. by: Boehringer Ingelheim (BI) Pharmaceuticals, Inc., Ridgefield, CT 06877 USA","269 bottles","CGMP Deviations: Intermittent exposure to temperature excursion during storage.","03/15/2021","05/24/2021","06/17/2024","06/02/2021","3191432"
"Drugs","No","","87512","Terminated","Cardinal Health Inc.","7000 Cardinal Pl","N/A","Dublin","OH","	43017-1091","United States","Voluntary: Firm initiated","Letter","FL, GA, SC","D-0459-2021","Class II","Synjardy XR (empagliflozin and metformin) hydrochloride extended-release) Tablets 12.5 mg/1000 mg 60 tablets Rx only NDC 0597-0300-45 Dist. by: Boehringer Ingelheim (BI) Pharmaceuticals, Inc. Ridgefield, CT 06877 USA","751 bottles","CGMP Deviations: Intermittent exposure to temperature excursion during storage.","03/15/2021","05/24/2021","06/17/2024","06/02/2021","3190949"
"Drugs","No","","87512","Terminated","Cardinal Health Inc.","7000 Cardinal Pl","N/A","Dublin","OH","	43017-1091","United States","Voluntary: Firm initiated","Letter","FL, GA, SC","D-0460-2021","Class II","PRAVACHOL 40MG 90; NDC/UPC 3519410; RX; TABLETS","3 bottles","CGMP Deviations: Intermittent exposure to temperature excursion during storage.","03/15/2021","05/24/2021","06/17/2024","06/02/2021","ABA4203A1"
"Drugs","No","","87512","Terminated","Cardinal Health Inc.","7000 Cardinal Pl","N/A","Dublin","OH","	43017-1091","United States","Voluntary: Firm initiated","Letter","FL, GA, SC","D-0461-2021","Class II","Valsartan Tablets USP 40 mg 30 Scored Tablets Rx Only NDC 59746-360-30 Manufactured by: Jubilant Generics Ltd. Roorkee-247661, India","20 bottles","CGMP Deviations: Intermittent exposure to temperature excursion during storage.","03/15/2021","05/24/2021","06/17/2024","06/02/2021","VR120022A"
"Drugs","No","","87512","Terminated","Cardinal Health Inc.","7000 Cardinal Pl","N/A","Dublin","OH","	43017-1091","United States","Voluntary: Firm initiated","Letter","FL, GA, SC","D-0462-2021","Class II","Sodium Sulfacetamide 9.8% & Sulfur 4.8% Cleanser (sodium sulfacetamide 9.8% and sulfur 4.8%) Net Wt. 10 oz. (285 g) Rx Only NDC 50096-502-10 Manufactured for: Rosemar Labs, LLC 2100 West Loop South Suite 900 Houston, TX 77027","16 tubes","CGMP Deviations: Intermittent exposure to temperature excursion during storage.","03/15/2021","05/24/2021","06/17/2024","06/02/2021","59314"
"Drugs","No","","87512","Terminated","Cardinal Health Inc.","7000 Cardinal Pl","N/A","Dublin","OH","	43017-1091","United States","Voluntary: Firm initiated","Letter","FL, GA, SC","D-0463-2021","Class II","Meloxicam Tablets, USP 7.5 mg 100 Tablets Rx Only NDC 69097-158-07 Manufactured for: Cipla USA, Inc. 9100 S. Dadeland Blvd., Suite 1500 Miami, FL 33156","576 bottles","CGMP Deviations: Intermittent exposure to temperature excursion during storage.","03/15/2021","05/24/2021","06/17/2024","06/02/2021","KA03034"
"Drugs","No","","87512","Terminated","Cardinal Health Inc.","7000 Cardinal Pl","N/A","Dublin","OH","	43017-1091","United States","Voluntary: Firm initiated","Letter","FL, GA, SC","D-0464-2021","Class II","Nadolol Tablets, USP 40 mg 100 Tablets Rx Only NDC 69097-868-07 Manufactured for: Cipla USA Inc. 9100 S. Dadeland Blvd., Suite 1599 Miami, FL 33156","40 bottles","CGMP Deviations: Intermittent exposure to temperature excursion during storage.","03/15/2021","05/24/2021","06/17/2024","06/02/2021","NB100156"
"Drugs","No","","87512","Terminated","Cardinal Health Inc.","7000 Cardinal Pl","N/A","Dublin","OH","	43017-1091","United States","Voluntary: Firm initiated","Letter","FL, GA, SC","D-0465-2021","Class II","CIPROFLOX/D5W 400/200 24X200ML; NDC/UPC 36000000924; RX; IV SOLUTION (PIGGYBACK)","40 bags","CGMP Deviations: Intermittent exposure to temperature excursion during storage.","03/15/2021","05/24/2021","06/17/2024","06/02/2021","A0D0924A"
"Drugs","No","","87512","Terminated","Cardinal Health Inc.","7000 Cardinal Pl","N/A","Dublin","OH","	43017-1091","United States","Voluntary: Firm initiated","Letter","FL, GA, SC","D-0466-2021","Class II","Prilosec (Omeprazole Magnesium) For Delayed-Release Oral Suspension 10 mg Rx only NDC 70515-610-01 Mfd. for: Covis Pharma, Zug, 6300 Switzerland","13 packets","CGMP Deviations: Intermittent exposure to temperature excursion during storage.","03/15/2021","05/24/2021","06/17/2024","06/02/2021","CACU"
"Drugs","No","","87512","Terminated","Cardinal Health Inc.","7000 Cardinal Pl","N/A","Dublin","OH","	43017-1091","United States","Voluntary: Firm initiated","Letter","FL, GA, SC","D-0467-2021","Class II","Iron 100 with Vitamin C Tablets Dietary Supplement 100 Tablets NDC 60258-099-01 Distributed By: Cypress Pharmaceutical, Inc. 135 Industrial Blvd. Madison, MS 39110","1 bottle","CGMP Deviations: Intermittent exposure to temperature excursion during storage.","03/15/2021","05/24/2021","06/17/2024","06/02/2021","All Lots distributed 02/23/2021 through 03/10/2021."
"Drugs","No","","87512","Terminated","Cardinal Health Inc.","7000 Cardinal Pl","N/A","Dublin","OH","	43017-1091","United States","Voluntary: Firm initiated","Letter","FL, GA, SC","D-0468-2021","Class II","BENICAR 40MG 30; NDC/UPC 65597010430; RX; TABLETS","75 bottles","CGMP Deviations: Intermittent exposure to temperature excursion during storage.","03/15/2021","05/24/2021","06/17/2024","06/02/2021","1703296"
"Drugs","No","","87512","Terminated","Cardinal Health Inc.","7000 Cardinal Pl","N/A","Dublin","OH","	43017-1091","United States","Voluntary: Firm initiated","Letter","FL, GA, SC","D-0469-2021","Class II","PREGABALIN CAPSULES 300MG 90 ; NDC 43598-298-90; RX; CAPSULES","6 CONTAINERS","CGMP Deviations: Intermittent exposure to temperature excursion during storage.","03/15/2021","05/24/2021","06/17/2024","06/02/2021","T2000309"
"Drugs","No","","87512","Terminated","Cardinal Health Inc.","7000 Cardinal Pl","N/A","Dublin","OH","	43017-1091","United States","Voluntary: Firm initiated","Letter","FL, GA, SC","D-0470-2021","Class II","Phenobarbital Tablets, USP 32.4 mg 100 tablets Rx only NdC 13517-111-01 Manufactured for: e5 Pharma, LLC., Boca Raton, FL 33432","1 bottle","CGMP Deviations: Intermittent exposure to temperature excursion during storage.","03/15/2021","05/24/2021","06/17/2024","06/02/2021","20ZHX2R"
"Drugs","No","","87512","Terminated","Cardinal Health Inc.","7000 Cardinal Pl","N/A","Dublin","OH","	43017-1091","United States","Voluntary: Firm initiated","Letter","FL, GA, SC","D-0471-2021","Class II","Ivermectin Tablets USP 3 mg 20 Tablets (2 Foil Strips of 10 tablets each) Rx Only NDC 4799-806-01 Manufactured for: Edenbridge Pharmaceuticals, LLC Parsippany, NJ 07054 877-381-3336","504 cartons","CGMP Deviations: Intermittent exposure to temperature excursion during storage.","03/15/2021","05/24/2021","06/17/2024","06/02/2021","A1003273A"
"Drugs","No","","87512","Terminated","Cardinal Health Inc.","7000 Cardinal Pl","N/A","Dublin","OH","	43017-1091","United States","Voluntary: Firm initiated","Letter","FL, GA, SC","D-0472-2021","Class II","Banzel (rufinamide) tablets 200 mg 120 tablets Rx only NDC 62856-582-52 Manufactured by Eisai Co., Ltd. Marketed by Eisai Inc. Woodcliff Lake, NJ 07677","30 bottles","CGMP Deviations: Intermittent exposure to temperature excursion during storage.","03/15/2021","05/24/2021","06/17/2024","06/02/2021","80643"
"Drugs","No","","87512","Terminated","Cardinal Health Inc.","7000 Cardinal Pl","N/A","Dublin","OH","	43017-1091","United States","Voluntary: Firm initiated","Letter","FL, GA, SC","D-0473-2021","Class II","Narcan (naloxone HCl) Nasal Spray 4 mg Two Pack This box contains two (2) 4-mg doses of naloxone HCl in 0.1 mL of nasal spray. 0.1 mL intranasal spray per unit For use in the nose only Rx only NDC 69547-353-02 Distributed by Adapt Pharma, Inc. Radnor, PA 19087 USA","11189 plungers","CGMP Deviations: Intermittent exposure to temperature excursion during storage.","03/15/2021","05/24/2021","06/17/2024","06/02/2021","201701"
"Drugs","No","","87512","Terminated","Cardinal Health Inc.","7000 Cardinal Pl","N/A","Dublin","OH","	43017-1091","United States","Voluntary: Firm initiated","Letter","FL, GA, SC","D-0474-2021","Class II","BROMPHENIRAMINE MALEATE, PSEUDOEPHEDRINE HYDROCHLORIDE, AND DEXTROMETHORPHAN HYDROBROMIDE SYRUP 10-30-2MG/5ML 473ML; NDC/UPC 71930-026-43; RX; SYRUP","73 carton","CGMP Deviations: Intermittent exposure to temperature excursion during storage.","03/15/2021","05/24/2021","06/17/2024","06/02/2021","13120103A"
"Drugs","No","","87512","Terminated","Cardinal Health Inc.","7000 Cardinal Pl","N/A","Dublin","OH","	43017-1091","United States","Voluntary: Firm initiated","Letter","FL, GA, SC","D-0475-2021","Class II","Prenatal Tablets Gluten Free Multivitamin/ Multimineral Dietary Supplement for Pregnant and Lactating Women UD 100 Tablets (10x10) NDC 77333-715-10 GenDose Pharmaceuticals","41 bottles","CGMP Deviations: Intermittent exposure to temperature excursion during storage.","03/15/2021","05/24/2021","06/17/2024","06/02/2021","All Lots distributed 02/23/2021 through 03/10/2021."
"Drugs","No","","87512","Terminated","Cardinal Health Inc.","7000 Cardinal Pl","N/A","Dublin","OH","	43017-1091","United States","Voluntary: Firm initiated","Letter","FL, GA, SC","D-0476-2021","Class II","cathflo activase (ALTEPLASE) 2 mg Rx Only NDC 50242-041-64 Genentech","1473 vials","CGMP Deviations: Intermittent exposure to temperature excursion during storage.","03/15/2021","05/24/2021","06/17/2024","06/02/2021","3410425"
"Drugs","No","","87512","Terminated","Cardinal Health Inc.","7000 Cardinal Pl","N/A","Dublin","OH","	43017-1091","United States","Voluntary: Firm initiated","Letter","FL, GA, SC","D-0477-2021","Class II","FLOVENT DISKUS 100MCG 60; NDC/UPC 173060202; RX; INHALER MEDICAL INTERNAL - MAY OR MAY NOT BE AEROSOL","237 inhalers","CGMP Deviations: Intermittent exposure to temperature excursion during storage.","03/15/2021","05/24/2021","06/17/2024","06/02/2021","9E9A"
"Drugs","No","","87512","Terminated","Cardinal Health Inc.","7000 Cardinal Pl","N/A","Dublin","OH","	43017-1091","United States","Voluntary: Firm initiated","Letter","FL, GA, SC","D-0478-2021","Class II","ADVAIR HFA 45-21MCG 12GM; NDC/UPC 173071520; RX; INHALER MEDICAL INTERNAL - MAY OR MAY NOT BE AEROSOL","297 inhalers","CGMP Deviations: Intermittent exposure to temperature excursion during storage.","03/15/2021","05/24/2021","06/17/2024","06/02/2021","TH4K"
"Drugs","No","","87512","Terminated","Cardinal Health Inc.","7000 Cardinal Pl","N/A","Dublin","OH","	43017-1091","United States","Voluntary: Firm initiated","Letter","FL, GA, SC","D-0479-2021","Class II","ARNUITY ELLIPTA 100MCG 30INH; NDC/UPC 173087410; RX; INHALER MEDICAL INTERNAL - MAY OR MAY NOT BE AEROSOL","513 inhalers","CGMP Deviations: Intermittent exposure to temperature excursion during storage.","03/15/2021","05/24/2021","06/17/2024","06/02/2021","F79E"
"Drugs","No","","87512","Terminated","Cardinal Health Inc.","7000 Cardinal Pl","N/A","Dublin","OH","	43017-1091","United States","Voluntary: Firm initiated","Letter","FL, GA, SC","D-0480-2021","Class II","Arnuity Ellipta (fluticasone furoate inhalation powder) 200 mcg 1 Ellipta Inhaler containing 1 Foil Strip of 30 Blisters Rx Only NDC 0173-0876-10 GlaxoSmithKline Research Triangle Park, NC 27709","353 inhalers","CGMP Deviations: Intermittent exposure to temperature excursion during storage.","03/15/2021","05/24/2021","06/17/2024","06/02/2021","5U3D"
"Drugs","No","","87512","Terminated","Cardinal Health Inc.","7000 Cardinal Pl","N/A","Dublin","OH","	43017-1091","United States","Voluntary: Firm initiated","Letter","FL, GA, SC","D-0481-2021","Class II","TRELEGY ELLIPTA (FLUTICASONE FUROATE, UMEDIDINIUM AND VILANTEROL INHALATION POWDER) 100-62.5-25MCG 60; NDC/UPC 0173-0893-10; RX; INHALER MEDICAL INTERNAL - MAY OR MAY NOT BE AEROSOL","4065 CARTON","CGMP Deviations: Intermittent exposure to temperature excursion during storage.","03/15/2021","05/24/2021","06/17/2024","06/02/2021","FN2J"
"Drugs","No","","87512","Terminated","Cardinal Health Inc.","7000 Cardinal Pl","N/A","Dublin","OH","	43017-1091","United States","Voluntary: Firm initiated","Letter","FL, GA, SC","D-0482-2021","Class II","Trelegy Ellipta (fluticasone furoate, umeclidinium, and vilanterol inhalation powder) 100 mcg/62.5 mcg/25 mcg; 1 ELLIPTA Inhaler containing 30 doses (60 blisters total) Rx Only NDC 0173-0887-10 GlaxoSmithKline Research Triangle Park, NC 27709","903 inhalers","CGMP Deviations: Intermittent exposure to temperature excursion during storage.","03/15/2021","05/24/2021","06/17/2024","06/02/2021","3X8P"
"Drugs","No","","87512","Terminated","Cardinal Health Inc.","7000 Cardinal Pl","N/A","Dublin","OH","	43017-1091","United States","Voluntary: Firm initiated","Letter","FL, GA, SC","D-0483-2021","Class II","Verapamil Hydrochloride Extended-Release Tablets USP 120 mg Rx Only NDC 68462-292-01 Manufactured by: Glenmark Generics Ltd Colvale-Bardez, Goa 403513, India  Manufactured for: Glenmark Generics Inc., USA Mahwah, NJ 07430","513 bottles","CGMP Deviations: Intermittent exposure to temperature excursion during storage.","03/15/2021","05/24/2021","06/17/2024","06/02/2021","19205584"
"Drugs","No","","87512","Terminated","Cardinal Health Inc.","7000 Cardinal Pl","N/A","Dublin","OH","	43017-1091","United States","Voluntary: Firm initiated","Letter","FL, GA, SC","D-0484-2021","Class II","EZETIMIBE AND SIMVASTATIN TABLETS 10-10MG 30; NDC/UPC 68462-321-30; RX; TABLETS","7 CARTON","CGMP Deviations: Intermittent exposure to temperature excursion during storage.","03/15/2021","05/24/2021","06/17/2024","06/02/2021","17201603"
"Drugs","No","","87512","Terminated","Cardinal Health Inc.","7000 Cardinal Pl","N/A","Dublin","OH","	43017-1091","United States","Voluntary: Firm initiated","Letter","FL, GA, SC","D-0485-2021","Class II","Theophylline (Anhydrous) Extended-Release Tablets 400 mg 100 Tablets Rx Only NDC 68462-380-01 Manufactured by: Glenmark Pharmaceuticals Limited Colvale-Bardez, Goa 403513, India Manufactured for: Glenmark Pharmaceuticals Inc., USA Mahwah, NJ 07430","141 bottles","CGMP Deviations: Intermittent exposure to temperature excursion during storage.","03/15/2021","05/24/2021","06/17/2024","06/02/2021","19205025"
"Drugs","No","","87512","Terminated","Cardinal Health Inc.","7000 Cardinal Pl","N/A","Dublin","OH","	43017-1091","United States","Voluntary: Firm initiated","Letter","FL, GA, SC","D-0486-2021","Class II","Triumeq (abacavir, dolutegravir, and lamivudine) 600 mg/50 mg/300 mg Tablets 30 Tablets Rx Only NDC 49702-231-13 Manufactured for: Viiv Healthcare Research Triangle Park, NC 27709 by GlaxoSmithKline Research Triangle Park, NC 27709","2264 bottles","CGMP Deviations: Intermittent exposure to temperature excursion during storage.","03/15/2021","05/24/2021","06/17/2024","06/02/2021","GS5G"
"Drugs","No","","87512","Terminated","Cardinal Health Inc.","7000 Cardinal Pl","N/A","Dublin","OH","	43017-1091","United States","Voluntary: Firm initiated","Letter","FL, GA, SC","D-0487-2021","Class II","Hydrocortisone Ointment USP 1% Maximum Strength Net Wt. 1 oz (28 g) NDC 0472-0345-56 Manufactured by: Actavis Mid Atlantic LLC 1877 Kawai Road, Lincolnton, NC 28902","23 tubes","CGMP Deviations: Intermittent exposure to temperature excursion during storage.","03/15/2021","05/24/2021","06/17/2024","06/02/2021","All Lots distributed 02/23/2021 through 03/10/2021"
"Drugs","No","","87512","Terminated","Cardinal Health Inc.","7000 Cardinal Pl","N/A","Dublin","OH","	43017-1091","United States","Voluntary: Firm initiated","Letter","FL, GA, SC","D-0488-2021","Class II","FaBB Vitamin B6 (as Pyridoxine Hydrochloride) 25 mg Folic Acid 2.2 mg Vitamin B12 (as Cyanocobalamin) 1.0 mg Dietary Supplement 100 Tablets Distributed by: H2-Pharma, LLC 2010 Berry Chase Place Montgomery, AL 36117","54 bottles","CGMP Deviations: Intermittent exposure to temperature excursion during storage.","03/15/2021","05/24/2021","06/17/2024","06/02/2021","All Lots distributed 02/23/2021 through 03/10/2021."
"Drugs","No","","87512","Terminated","Cardinal Health Inc.","7000 Cardinal Pl","N/A","Dublin","OH","	43017-1091","United States","Voluntary: Firm initiated","Letter","FL, GA, SC","D-0489-2021","Class II","bupropion Hydrochloride Tablets, USP 75 mg 100 Tablets Rx only NDC 23155-191-01 Manufactured for: Heritage Pharmaceuticals Inc. Eatontown, NJ 07724","32 bottles","CGMP Deviations: Intermittent exposure to temperature excursion during storage.","03/15/2021","05/24/2021","06/17/2024","06/02/2021","L200791"
"Drugs","No","","87512","Terminated","Cardinal Health Inc.","7000 Cardinal Pl","N/A","Dublin","OH","	43017-1091","United States","Voluntary: Firm initiated","Letter","FL, GA, SC","D-0490-2021","Class II","AcetaZOLAMIDE Tablets, USP 125 mg 100 Tablets Rx only NDC 23155-287-01 Manufactured for: Heritage Pharmaceuticals Inc. Eatontown, NJ 07724","122 bottles","CGMP Deviations: Intermittent exposure to temperature excursion during storage.","03/15/2021","05/24/2021","06/17/2024","06/02/2021","M200833"
"Drugs","No","","87512","Terminated","Cardinal Health Inc.","7000 Cardinal Pl","N/A","Dublin","OH","	43017-1091","United States","Voluntary: Firm initiated","Letter","FL, GA, SC","D-0491-2021","Class II","Calcium Acetate Capsules 667 mg 200 Capsules Rx only NDC 23155-531-02 Manufactured for: Heritage Pharmaceuticals Inc. Eatontown, NJ 07724","35 bottles","CGMP Deviations: Intermittent exposure to temperature excursion during storage.","03/15/2021","05/24/2021","06/17/2024","06/02/2021","L200801"
"Drugs","No","","87512","Terminated","Cardinal Health Inc.","7000 Cardinal Pl","N/A","Dublin","OH","	43017-1091","United States","Voluntary: Firm initiated","Letter","FL, GA, SC","D-0492-2021","Class II","LITHIUM CARB 150MG 100; NDC/UPC 54252625; RX; CAPSULES","298 bottles","CGMP Deviations: Intermittent exposure to temperature excursion during storage.","03/15/2021","05/24/2021","06/17/2024","06/02/2021","AB1024A"
"Drugs","No","","87512","Terminated","Cardinal Health Inc.","7000 Cardinal Pl","N/A","Dublin","OH","	43017-1091","United States","Voluntary: Firm initiated","Letter","FL, GA, SC","D-0493-2021","Class II","LEUCOVORIN 15MG 24; NDC/UPC 54449810; RX; TABLETS","12 bottles","CGMP Deviations: Intermittent exposure to temperature excursion during storage.","03/15/2021","05/24/2021","06/17/2024","06/02/2021","064159A"
"Drugs","No","","87512","Terminated","Cardinal Health Inc.","7000 Cardinal Pl","N/A","Dublin","OH","	43017-1091","United States","Voluntary: Firm initiated","Letter","FL, GA, SC","D-0494-2021","Class II","Levofloxacin Injection in 5% Dextrose 500 mg in 100 mL 5% Dextrose (5 mg/mL)  24x100 mL Single Dose Flexible Containers NDC 0143-9721-24 West-Ward Pharmaceutical Corp Eatontown, NJ 07724 USA","35 bags","CGMP Deviations: Intermittent exposure to temperature excursion during storage.","03/15/2021","05/24/2021","06/17/2024","06/02/2021","2007046.1"
"Drugs","No","","87512","Terminated","Cardinal Health Inc.","7000 Cardinal Pl","N/A","Dublin","OH","	43017-1091","United States","Voluntary: Firm initiated","Letter","FL, GA, SC","D-0495-2021","Class II","TIROSINT(levothyroxine sodium) capsules  175MCG  3 blisters X10 capsules; NDC/UPC 71858-0055-4; RX; CAPSULES","25 boxes","CGMP Deviations: Intermittent exposure to temperature excursion during storage.","03/15/2021","05/24/2021","06/17/2024","06/02/2021","200606"
"Drugs","No","","87512","Terminated","Cardinal Health Inc.","7000 Cardinal Pl","N/A","Dublin","OH","	43017-1091","United States","Voluntary: Firm initiated","Letter","FL, GA, SC","D-0496-2021","Class II","Enbrace HR 30 ct. Softgels Enhanced Prenatal Vitamin Supplement Rx NDC 64661-650-30 Manufactured for: JAYMAC Pharmaceuticals, LLC, Sunset, LA 70584","11 bottles","CGMP Deviations: Intermittent exposure to temperature excursion during storage.","03/15/2021","05/24/2021","06/17/2024","06/02/2021","All Lots distributed 02/23/2021 through 03/10/2021."
"Drugs","No","","87512","Terminated","Cardinal Health Inc.","7000 Cardinal Pl","N/A","Dublin","OH","	43017-1091","United States","Voluntary: Firm initiated","Letter","FL, GA, SC","D-0497-2021","Class II","Tylenol Acetaminophen Pain Regular Strength Liquid Gels Pain Reliever Fever Reducer 20 Liquid Gels 325 mg each NDC 50580-487-20","37 bottles","CGMP Deviations: Intermittent exposure to temperature excursion during storage.","03/15/2021","05/24/2021","06/17/2024","06/02/2021","All Lots distributed 02/23/2021 through 03/10/2021."
"Drugs","No","","87512","Terminated","Cardinal Health Inc.","7000 Cardinal Pl","N/A","Dublin","OH","	43017-1091","United States","Voluntary: Firm initiated","Letter","FL, GA, SC","D-0498-2021","Class II","INVEGA SUSTENNA 156MG/1ML; NDC/UPC 50458056301; RX; SYRINGES","534 syringes","CGMP Deviations: Intermittent exposure to temperature excursion during storage.","03/15/2021","05/24/2021","06/17/2024","06/02/2021","KIB0M00"
"Drugs","No","","87512","Terminated","Cardinal Health Inc.","7000 Cardinal Pl","N/A","Dublin","OH","	43017-1091","United States","Voluntary: Firm initiated","Letter","FL, GA, SC","D-0499-2021","Class II","Auryxia (ferric citrate) tablets 210 mg* 200 Tablets Rx Only NDC 59922-631-01 Manufactured for and distributed by: Keryx Biopharmaceuticals, Inc. 750 Lexington Avenue, 20th Floor New York, NY 10022 USA","136 bottles","CGMP Deviations: Intermittent exposure to temperature excursion during storage.","03/15/2021","05/24/2021","06/17/2024","06/02/2021","AN0142D"
"Drugs","No","","87512","Terminated","Cardinal Health Inc.","7000 Cardinal Pl","N/A","Dublin","OH","	43017-1091","United States","Voluntary: Firm initiated","Letter","FL, GA, SC","D-0500-2021","Class II","Livalo (pitavastatin) tablets 2 mg* Rx Only NdC 66869-204-90 Manufactured under license from: Kowa Company, Limited Tokyo 103-8433 Japan  Tablets Manufactured by: Patheon, Inc. Cincinnati, OH 45237 USA or by Kowa Company, Ltd Nagoya 462-0024 Japan","453 bottles","CGMP Deviations: Intermittent exposure to temperature excursion during storage.","03/15/2021","05/24/2021","06/17/2024","06/02/2021","3193479"
"Drugs","No","","87512","Terminated","Cardinal Health Inc.","7000 Cardinal Pl","N/A","Dublin","OH","	43017-1091","United States","Voluntary: Firm initiated","Letter","FL, GA, SC","D-0501-2021","Class II","PHENTERMINE HCL 30MG 100 C4; NDC/UPC 10702002801; RX; CAPSULES","16 bottles","CGMP Deviations: Intermittent exposure to temperature excursion during storage.","03/15/2021","05/24/2021","06/17/2024","06/02/2021","16667A"
"Drugs","No","","87512","Terminated","Cardinal Health Inc.","7000 Cardinal Pl","N/A","Dublin","OH","	43017-1091","United States","Voluntary: Firm initiated","Letter","FL, GA, SC","D-0502-2021","Class II","PHENTERMINE HCL 37.5MG 100 C4; NDC/UPC 10702002901; RX; CAPSULES","237 bottles","CGMP Deviations: Intermittent exposure to temperature excursion during storage.","03/15/2021","05/24/2021","06/17/2024","06/02/2021","16649A"
"Drugs","No","","87512","Terminated","Cardinal Health Inc.","7000 Cardinal Pl","N/A","Dublin","OH","	43017-1091","United States","Voluntary: Firm initiated","Letter","FL, GA, SC","D-0503-2021","Class II","Infants Aqueous Vitamin D Oral Drops 400 IU/mL 50 mL (1 2/3 fl oz) Manufactrued by: Silarx Pharmaceuticals, Inc. 19 West Street Spring Valley, NY 10977 USA","422 bottles","CGMP Deviations: Intermittent exposure to temperature excursion during storage.","03/15/2021","05/24/2021","06/17/2024","06/02/2021","All Lots distributed 02/23/2021 through 03/10/2021."
"Drugs","No","","87512","Terminated","Cardinal Health Inc.","7000 Cardinal Pl","N/A","Dublin","OH","	43017-1091","United States","Voluntary: Firm initiated","Letter","FL, GA, SC","D-0504-2021","Class II","Ferrous Sulfate 75 mg (equivalent to 15 mg Iron) Per 1.0 mL Alcohol 0.2% v/v Drops Iron Supplement Drops For Infants and Toddlers 50 mL (1 2/3 fl oz) NDC 54838-011-50 Manufactured by: Silarx Pharmaceuticals, Inc. 19 West Street Spring Valley, NY 10977 USA","357 bottles","CGMP Deviations: Intermittent exposure to temperature excursion during storage.","03/15/2021","05/24/2021","06/17/2024","06/02/2021","All Lots distributed 02/23/2021 through 03/10/2021."
"Drugs","No","","87512","Terminated","Cardinal Health Inc.","7000 Cardinal Pl","N/A","Dublin","OH","	43017-1091","United States","Voluntary: Firm initiated","Letter","FL, GA, SC","D-0505-2021","Class II","SILADRYL 12.5/5ML 118ML SF AF; NDC/UPC 354838135404; OTC; LIQUID","78 bottles","CGMP Deviations: Intermittent exposure to temperature excursion during storage.","03/15/2021","05/24/2021","06/17/2024","06/02/2021","All Lots distributed 02/23/2021 through 03/10/2021."
"Drugs","No","","87512","Terminated","Cardinal Health Inc.","7000 Cardinal Pl","N/A","Dublin","OH","	43017-1091","United States","Voluntary: Firm initiated","Letter","FL, GA, SC","D-0506-2021","Class II","Pantoprazole Sodium Delayed-Release Tablets, USP 20 mg* 90 Tablets Rx Only NDC 62175-180-46 Distributed by: Kremers Urban Pharmaceuticals Inc. Princeton, NJ 08540, USA","4 bottles","CGMP Deviations: Intermittent exposure to temperature excursion during storage.","03/15/2021","05/24/2021","06/17/2024","06/02/2021","20249489A"
"Drugs","No","","87512","Terminated","Cardinal Health Inc.","7000 Cardinal Pl","N/A","Dublin","OH","	43017-1091","United States","Voluntary: Firm initiated","Letter","FL, GA, SC","D-0507-2021","Class II","NOHIST-DM Antihistamine/Antitussive Nasal Decongestant 16 fl. oz. (473 mL) NDC 68047-186-16 Distributed by: Larken Laboratories, Inc. Canton, MS 39046","24 bottles","CGMP Deviations: Intermittent exposure to temperature excursion during storage.","03/15/2021","05/24/2021","06/17/2024","06/02/2021","All Lots distributed 02/23/2021 through 03/10/2021."
"Drugs","No","","87512","Terminated","Cardinal Health Inc.","7000 Cardinal Pl","N/A","Dublin","OH","	43017-1091","United States","Voluntary: Firm initiated","Letter","FL, GA, SC","D-0508-2021","Class II","TRI-LO-MARZIA  0.180MG/0.025MG; 0.215 MG/0.025MG AND 0.250MG/0.025MG 3X28 BPK; NDC/UPC 68180-837-73; RX; TABLETS","60 CARTON","CGMP Deviations: Intermittent exposure to temperature excursion during storage.","03/15/2021","05/24/2021","06/17/2024","06/02/2021","L001911"
"Drugs","No","","87512","Terminated","Cardinal Health Inc.","7000 Cardinal Pl","N/A","Dublin","OH","	43017-1091","United States","Voluntary: Firm initiated","Letter","FL, GA, SC","D-0509-2021","Class II","Amlodipine and Olmesartan Medoxomil Tablets 10 mg/20 mg 30 Tablets Rx Only NDC 33342-192-07 Manufactured for: Macleods Pharma USA, Inc. Plainsboro, NJ 08536 Manufactured by: Macleods Pharmaceuticals Ltd. Baddi, Himachal Pradesh, India","33 bottles","CGMP Deviations: Intermittent exposure to temperature excursion during storage.","03/15/2021","05/24/2021","06/17/2024","06/02/2021","BAD62005A"
"Drugs","No","","87512","Terminated","Cardinal Health Inc.","7000 Cardinal Pl","N/A","Dublin","OH","	43017-1091","United States","Voluntary: Firm initiated","Letter","FL, GA, SC","D-0510-2021","Class II","TRAZODONE HYDROCHLORIDE TABLETS, USP 50MG 100 TABLET 10X10UD; NDC/UPC 0904-6868-61; RX; TABLETS","91 CARTON","CGMP Deviations: Intermittent exposure to temperature excursion during storage.","03/15/2021","05/24/2021","06/17/2024","06/02/2021","R01580"
"Drugs","No","","87512","Terminated","Cardinal Health Inc.","7000 Cardinal Pl","N/A","Dublin","OH","	43017-1091","United States","Voluntary: Firm initiated","Letter","FL, GA, SC","D-0511-2021","Class II","MICONAZOLE 7 2% 45GM APL; NDC/UPC 009047734459; OTC; CREAM","71 tubes","CGMP Deviations: Intermittent exposure to temperature excursion during storage.","03/15/2021","05/24/2021","06/17/2024","06/02/2021","All Lots distributed 02/23/2021 through 03/10/2021."
"Drugs","No","","87512","Terminated","Cardinal Health Inc.","7000 Cardinal Pl","N/A","Dublin","OH","	43017-1091","United States","Voluntary: Firm initiated","Letter","FL, GA, SC","D-0512-2021","Class II","Banophen  Diphenhydramine HCl 25 mg Antihistamine 100 capsules NDC 0904-5306-60 Distributed by: Major Pharmaceuticals 31778 Enterprise Drive Livonia, MI 48150 USA","88 bottles","CGMP Deviations: Intermittent exposure to temperature excursion during storage.","03/15/2021","05/24/2021","06/17/2024","06/02/2021","All Lots distributed 02/23/2021 through 03/10/2021"
"Drugs","No","","87512","Terminated","Cardinal Health Inc.","7000 Cardinal Pl","N/A","Dublin","OH","	43017-1091","United States","Voluntary: Firm initiated","Letter","FL, GA, SC","D-0513-2021","Class II","Acne Medication Benzoyl Peroxide Gel USP, 5% Net Wt 1.5 oz (42.5 g) NDC 0536-1055-56 Distributed by: Rugby Laboratories 31778 Enterprise Drive, Livonia, MI 48150","189 tubes","CGMP Deviations: Intermittent exposure to temperature excursion during storage.","03/15/2021","05/24/2021","06/17/2024","06/02/2021","All Lots distributed 02/23/2021 through 03/10/2021."
"Drugs","No","","87512","Terminated","Cardinal Health Inc.","7000 Cardinal Pl","N/A","Dublin","OH","	43017-1091","United States","Voluntary: Firm initiated","Letter","FL, GA, SC","D-0514-2021","Class II","VITAMIN D3 50MCG 100 SOFTGELS; NDC/UPC 880681009000; OTC; GELCAP","380 BOTTLE","CGMP Deviations: Intermittent exposure to temperature excursion during storage.","03/15/2021","05/24/2021","06/17/2024","06/02/2021","All Lots distributed 02/23/2021 through 03/10/2021."
"Drugs","No","","87512","Terminated","Cardinal Health Inc.","7000 Cardinal Pl","N/A","Dublin","OH","	43017-1091","United States","Voluntary: Firm initiated","Letter","FL, GA, SC","D-0515-2021","Class II","VITAMIN D3 25MCG 90 TABLETS; NDC/UPC 880681168004; OTC; TABLETS","53 BOTTLE","CGMP Deviations: Intermittent exposure to temperature excursion during storage.","03/15/2021","05/24/2021","06/17/2024","06/02/2021","All Lots distributed 02/23/2021 through 03/10/2021."
"Drugs","No","","87512","Terminated","Cardinal Health Inc.","7000 Cardinal Pl","N/A","Dublin","OH","	43017-1091","United States","Voluntary: Firm initiated","Letter","FL, GA, SC","D-0516-2021","Class II","VITAMIN D3 25MCG 180 TABLETS; NDC/UPC 880681168011; OTC; TABLETS","19 BOTTLE","CGMP Deviations: Intermittent exposure to temperature excursion during storage.","03/15/2021","05/24/2021","06/17/2024","06/02/2021","All Lots distributed 02/23/2021 through 03/10/2021."
"Drugs","No","","87512","Terminated","Cardinal Health Inc.","7000 Cardinal Pl","N/A","Dublin","OH","	43017-1091","United States","Voluntary: Firm initiated","Letter","FL, GA, SC","D-0517-2021","Class II","DIBUCAINE TOPICAL ANESTHETIC 1%  HEMORRHOIDAL OINTMENT 28GM ; NDC/UPC 0536-1211-95; OTC; OINTMENT","701 CARTON","CGMP Deviations: Intermittent exposure to temperature excursion during storage.","03/15/2021","05/24/2021","06/17/2024","06/02/2021","All Lots distributed 02/23/2021 through 03/10/2021."
"Drugs","No","","87512","Terminated","Cardinal Health Inc.","7000 Cardinal Pl","N/A","Dublin","OH","	43017-1091","United States","Voluntary: Firm initiated","Letter","FL, GA, SC","D-0518-2021","Class II","BENZOYL PEROXIDE WASH 5% 148ML; NDC/UPC 0536-1259-63; OTC; LIQUID","37 BOTTLE","CGMP Deviations: Intermittent exposure to temperature excursion during storage.","03/15/2021","05/24/2021","06/17/2024","06/02/2021","All Lots distributed 02/23/2021 through 03/10/2021."
"Drugs","No","","87512","Terminated","Cardinal Health Inc.","7000 Cardinal Pl","N/A","Dublin","OH","	43017-1091","United States","Voluntary: Firm initiated","Letter","FL, GA, SC","D-0519-2021","Class II","VITAMIN D3 50MCG 100 CALC; NDC/UPC 880681170007; OTC; TABLETS","427 BOTTLE","CGMP Deviations: Intermittent exposure to temperature excursion during storage.","03/15/2021","05/24/2021","06/17/2024","06/02/2021","All Lots distributed 02/23/2021 through 03/10/2021."
"Drugs","No","","87512","Terminated","Cardinal Health Inc.","7000 Cardinal Pl","N/A","Dublin","OH","	43017-1091","United States","Voluntary: Firm initiated","Letter","FL, GA, SC","D-0520-2021","Class II","CARBIDOPA AND LEVORDOPA TABLETS, USP  25MG/100MG 100 TABLETS; NDC/UPC 51862-856-01; RX; TABLETS","407 BOXES","CGMP Deviations: Intermittent exposure to temperature excursion during storage.","03/15/2021","05/24/2021","06/17/2024","06/02/2021","FG12532"
"Drugs","No","","87512","Terminated","Cardinal Health Inc.","7000 Cardinal Pl","N/A","Dublin","OH","	43017-1091","United States","Voluntary: Firm initiated","Letter","FL, GA, SC","D-0521-2021","Class II","PEDIA-LAX 66ML; NDC/UPC 301320202205; OTC; ENEMA","147","CGMP Deviations: Intermittent exposure to temperature excursion during storage.","03/15/2021","05/24/2021","06/17/2024","06/02/2021","All Lots distributed 02/23/2021 through 03/10/2021."
"Drugs","No","","87512","Terminated","Cardinal Health Inc.","7000 Cardinal Pl","N/A","Dublin","OH","	43017-1091","United States","Voluntary: Firm initiated","Letter","FL, GA, SC","D-0522-2021","Class II","Belsomra (suvorexant) tablets 10 mg Each tablet contains 10 mg suvorexant.  This package contains 30 Tablets in 3 Blister Cards.  Each Blister Card contains 10 Tablets Rx only NDC 00006-0033-30 Merck Sharp & Dohme Corp., a subsidiary of Merck & Co., Inc. Whitehouse Station, NJ 08889, USA","119 cartons","CGMP Deviations: Intermittent exposure to temperature excursion during storage.","03/15/2021","05/24/2021","06/17/2024","06/02/2021","1791139"
"Drugs","No","","87512","Terminated","Cardinal Health Inc.","7000 Cardinal Pl","N/A","Dublin","OH","	43017-1091","United States","Voluntary: Firm initiated","Letter","FL, GA, SC","D-0523-2021","Class II","Belsomra (suvorexant) tablets 20 mg Each tablet contains 20 mg suvorexant.  This package contains 30 Tablets in 3 Blister Cards.  Each Blister Card contains 10 Tablets. Rx only NDC 0006-0335-30 Merck Sharp & Dohme Corp., a subsidiary of Merck & Co., Inc. Whitehouse Station, NJ 08880, USA","299 cartons","CGMP Deviations: Intermittent exposure to temperature excursion during storage.","03/15/2021","05/24/2021","06/17/2024","06/02/2021","1778598"
"Drugs","No","","87512","Terminated","Cardinal Health Inc.","7000 Cardinal Pl","N/A","Dublin","OH","	43017-1091","United States","Voluntary: Firm initiated","Letter","FL, GA, SC","D-0524-2021","Class II","Steglatro (ertugliflozin) tablets 15 mg 30 Tablets Rx only NDC 0006-5364-03 Manuf. for: Merck Sharp & Dohme Corp., a subsidiary of Merck & Co., Inc., Whitehouse Station, NJ 08889, USA","215 bottles","CGMP Deviations: Intermittent exposure to temperature excursion during storage.","03/15/2021","05/24/2021","06/17/2024","06/02/2021","T013566"
"Drugs","No","","87512","Terminated","Cardinal Health Inc.","7000 Cardinal Pl","N/A","Dublin","OH","	43017-1091","United States","Voluntary: Firm initiated","Letter","FL, GA, SC","D-0525-2021","Class II","ASMANEX TWST 220MCG 60INH PWD; NDC/UPC 85134102; RX; INHALER MEDICAL INTERNAL - MAY OR MAY NOT BE AEROSOL","122 inhalers","CGMP Deviations: Intermittent exposure to temperature excursion during storage.","03/15/2021","05/24/2021","06/17/2024","06/02/2021","T023471"
"Drugs","No","","87512","Terminated","Cardinal Health Inc.","7000 Cardinal Pl","N/A","Dublin","OH","	43017-1091","United States","Voluntary: Firm initiated","Letter","FL, GA, SC","D-0526-2021","Class II","Levothyroxine Sodium Tablets, USP 125 mcg (0.125 mg) 90 Tablets Rx only NDC 0378-1813-77 Mylan Pharmaceuticals Inc. Morgantown, WV 26505 U.S.A.","112 bottles","CGMP Deviations: Intermittent exposure to temperature excursion during storage.","03/15/2021","05/24/2021","06/17/2024","06/02/2021","3109046"
"Drugs","No","","87512","Terminated","Cardinal Health Inc.","7000 Cardinal Pl","N/A","Dublin","OH","	43017-1091","United States","Voluntary: Firm initiated","Letter","FL, GA, SC","D-0527-2021","Class II","Estradiol Transdermal System, USP 0.1 mg/day (Twice-Weekly) Delivers 0.1 mg/day Rx only NDC 0378-4623-26 Manufactured for: Mylan Pharmaceuticals Inc. Morgantown, WV 26505 U.S.A.","72 cartons","CGMP Deviations: Intermittent exposure to temperature excursion during storage.","03/15/2021","05/24/2021","06/17/2024","06/02/2021","3108206"
"Drugs","No","","87512","Terminated","Cardinal Health Inc.","7000 Cardinal Pl","N/A","Dublin","OH","	43017-1091","United States","Voluntary: Firm initiated","Letter","FL, GA, SC","D-0528-2021","Class II","Epinephrine Injection, USP Auto-Injectors in all strengths, packs and styles Manufactured for Mylan Specialty L.P., Morgantown, WV , NDC: 9502-500-01, 49502-500-02, 49502-500-92, 49502-501-01","620 injector","CGMP Deviations: Intermittent exposure to temperature excursion during storage.","03/15/2021","05/24/2021","06/17/2024","06/02/2021","0FM544"
"Drugs","No","","87512","Terminated","Cardinal Health Inc.","7000 Cardinal Pl","N/A","Dublin","OH","	43017-1091","United States","Voluntary: Firm initiated","Letter","FL, GA, SC","D-0529-2021","Class II","Proctofoam HC (hydrocortisone acetate 1% and pramoxine hydrochloride 1%) topical aerosol 10 g net wt Rx Only NDC 0037-6822-10 Distributed by: Meda Pharmaceutical Inc. Somerset, New Jersey","834 aerosol containers","CGMP Deviations: Intermittent exposure to temperature excursion during storage.","03/15/2021","05/24/2021","06/17/2024","06/02/2021","33119"
"Drugs","No","","87512","Terminated","Cardinal Health Inc.","7000 Cardinal Pl","N/A","Dublin","OH","	43017-1091","United States","Voluntary: Firm initiated","Letter","FL, GA, SC","D-0530-2021","Class II","NAT B VIT D3 2000U 100; NDC/UPC 079854041125; OTC; TABLETS","47 bottles","CGMP Deviations: Intermittent exposure to temperature excursion during storage.","03/15/2021","05/24/2021","06/17/2024","06/02/2021","All Lots distributed 02/23/2021 through 03/10/2021."
"Drugs","No","","87512","Terminated","Cardinal Health Inc.","7000 Cardinal Pl","N/A","Dublin","OH","	43017-1091","United States","Voluntary: Firm initiated","Letter","FL, GA, SC","D-0531-2021","Class II","Vitamin D3 Cholecalciferol 50,000 IU Dietary Supplement 100 Capsules NDC 75834-020-01 Marketed by: Nivagen Pharmaceuticals, Inc. Sacramento, CA 95827","523 bottles","CGMP Deviations: Intermittent exposure to temperature excursion during storage.","03/15/2021","05/24/2021","06/17/2024","06/02/2021","All Lots distributed 02/23/2021 through 03/10/2021."
"Drugs","No","","87512","Terminated","Cardinal Health Inc.","7000 Cardinal Pl","N/A","Dublin","OH","	43017-1091","United States","Voluntary: Firm initiated","Letter","FL, GA, SC","D-0532-2021","Class II","Vitamin D3 Cholecalciferol 50,000 IU Dietary Supplement 12 Capsules NDC 75834-020-12 Marketed by: Nivagen Pharmaceuticals, Inc. Sacramento, CA 95827 USA","205 bottles","CGMP Deviations: Intermittent exposure to temperature excursion during storage.","03/15/2021","05/24/2021","06/17/2024","06/02/2021","All Lots distributed 02/23/2021 through 03/10/2021."
"Drugs","No","","87512","Terminated","Cardinal Health Inc.","7000 Cardinal Pl","N/A","Dublin","OH","	43017-1091","United States","Voluntary: Firm initiated","Letter","FL, GA, SC","D-0533-2021","Class II","TOBREX 0.3% 3.5GM OPTH; NDC/UPC 65064435; RX; OINTMENT","28 tubes","CGMP Deviations: Intermittent exposure to temperature excursion during storage.","03/15/2021","05/24/2021","06/17/2024","06/02/2021","20B14E"
"Drugs","No","","87512","Terminated","Cardinal Health Inc.","7000 Cardinal Pl","N/A","Dublin","OH","	43017-1091","United States","Voluntary: Firm initiated","Letter","FL, GA, SC","D-0534-2021","Class II","Ilevro (nepafenac ophthalmic suspension) 0.3% 3 mL Sterile Rx Only NDC 0065-1750-14 Alcon Laboratories, Inc. 6201 South Freeway Fort Worth, Texas 76134","348 droptainers","CGMP Deviations: Intermittent exposure to temperature excursion during storage.","03/15/2021","05/24/2021","06/17/2024","06/02/2021","10CPE"
"Drugs","No","","87512","Terminated","Cardinal Health Inc.","7000 Cardinal Pl","N/A","Dublin","OH","	43017-1091","United States","Voluntary: Firm initiated","Letter","FL, GA, SC","D-0535-2021","Class II","CIPRODEX  (CIPROFLOXACIN 0.3 AND DEXAMETHASONE 0.1%) 7.5ML; NDC/UPC 0078-0799-75; RX; DROPS","341 CARTON","CGMP Deviations: Intermittent exposure to temperature excursion during storage.","03/15/2021","05/24/2021","06/17/2024","06/02/2021","20F02UA"
"Drugs","No","","87512","Terminated","Cardinal Health Inc.","7000 Cardinal Pl","N/A","Dublin","OH","	43017-1091","United States","Voluntary: Firm initiated","Letter","FL, GA, SC","D-0536-2021","Class II","Rybelsus (semaglutide) Tablets 7 mg Once daily Each tablet contains 7 mg semaglutide 30 tablets 3 blister packs. Each pack contains 10 tablets. Rx only NDC 0169-4307-13 Manufactured by: Novo Nordisk A/S DK-2880 Bagsvaerd, Denmark","1189 cartons","CGMP Deviations: Intermittent exposure to temperature excursion during storage.","03/15/2021","05/24/2021","06/17/2024","06/02/2021","K082347"
"Drugs","No","","87512","Terminated","Cardinal Health Inc.","7000 Cardinal Pl","N/A","Dublin","OH","	43017-1091","United States","Voluntary: Firm initiated","Letter","FL, GA, SC","D-0537-2021","Class II","Benztropine Mesylate Tablets, USP in all pack sizes, styles and strengths Manufactured for: Qualitest Pharmaceuticals Huntsville, AL 35811","60 bottles","CGMP Deviations: Intermittent exposure to temperature excursion during storage.","03/15/2021","05/24/2021","06/17/2024","06/02/2021","S2008031"
"Drugs","No","","87512","Terminated","Cardinal Health Inc.","7000 Cardinal Pl","N/A","Dublin","OH","	43017-1091","United States","Voluntary: Firm initiated","Letter","FL, GA, SC","D-0538-2021","Class II","Lamotrigine Extended-Release Tablets 250 mg 30 Tablets Rx Only NDC 49884-604-11 Manufactured by: Zhejiang Huahai Pharmaceutical Co., Ltd. Zhejiang 317024 China For Par Pharmaceutical Companes, Inc. Spring Valley, NY 10977 U.S.A.","131 bottles","CGMP Deviations: Intermittent exposure to temperature excursion during storage.","03/15/2021","05/24/2021","06/17/2024","06/02/2021","10116"
"Drugs","No","","87512","Terminated","Cardinal Health Inc.","7000 Cardinal Pl","N/A","Dublin","OH","	43017-1091","United States","Voluntary: Firm initiated","Letter","FL, GA, SC","D-0539-2021","Class II","ZOLPIDEM TARTRATE SUBLINGUAL TABLET 3.5 MG  30 UNIT DOSE POUCHES; NDC/UPC 49884089911; RX;  EACH POUCH CONTAINS ONE SUBLINGUAL TABLET","55 Boxes","CGMP Deviations: Intermittent exposure to temperature excursion during storage.","03/15/2021","05/24/2021","06/17/2024","06/02/2021","12699501"
"Drugs","No","","87512","Terminated","Cardinal Health Inc.","7000 Cardinal Pl","N/A","Dublin","OH","	43017-1091","United States","Voluntary: Firm initiated","Letter","FL, GA, SC","D-0540-2021","Class II","HySept Solution 0.25% Sodium Hypochlorite Solution 473 mL (16 fl. oz.) NDC 39328-063-25 Manufactured in USA Patrin Pharma, Skokie, IL 60076","236 bottles","CGMP Deviations: Intermittent exposure to temperature excursion during storage.","03/15/2021","05/24/2021","06/17/2024","06/02/2021","All Lots distributed 02/23/2021 through 03/10/2021."
"Drugs","No","","87512","Terminated","Cardinal Health Inc.","7000 Cardinal Pl","N/A","Dublin","OH","	43017-1091","United States","Voluntary: Firm initiated","Letter","FL, GA, SC","D-0541-2021","Class II","RISPERIDONE 1MG/ML 30ML; NDC/UPC 50458059601; RX; SOLUTION (USUALLY NOT OTIC, OPTH, NASAL DROPS)","39 bottles","CGMP Deviations: Intermittent exposure to temperature excursion during storage.","03/15/2021","05/24/2021","06/17/2024","06/02/2021","KHB2701"
"Drugs","No","","87512","Terminated","Cardinal Health Inc.","7000 Cardinal Pl","N/A","Dublin","OH","	43017-1091","United States","Voluntary: Firm initiated","Letter","FL, GA, SC","D-0542-2021","Class II","Benzoyl Peroxide 2.5% Aqueous Base, Acne Treatment Gel Net Wt. 2.1 oz (60 g) NDC 45802-101-96 Distributed By Perrigo Allegan, MI 49010","5 tubes","CGMP Deviations: Intermittent exposure to temperature excursion during storage.","03/15/2021","05/24/2021","06/17/2024","06/02/2021","All Lots distributed 02/23/2021 through 03/10/2021."
"Drugs","No","","87512","Terminated","Cardinal Health Inc.","7000 Cardinal Pl","N/A","Dublin","OH","	43017-1091","United States","Voluntary: Firm initiated","Letter","FL, GA, SC","D-0543-2021","Class II","Benzoyl Peroxide 10% Acne Medication Wash Net Wt 5 oz (142 g) Distributed By Perrigo Allegan, MI 49010, NDC 45802-318-01","31 bottles","CGMP Deviations: Intermittent exposure to temperature excursion during storage.","03/15/2021","05/24/2021","06/17/2024","06/02/2021","All Lots distributed 02/23/2021 through 03/10/2021."
"Drugs","No","","87512","Terminated","Cardinal Health Inc.","7000 Cardinal Pl","N/A","Dublin","OH","	43017-1091","United States","Voluntary: Firm initiated","Letter","FL, GA, SC","D-0544-2021","Class II","Polyethylene Glycol 3350 Powder for Solution, Laxative Net Wt 4.1 oz (119 g) 7 Once-Daily Doses NDC 45802-868-01 Distributed by Perrigo Allegan, MI 49010","163 bottles","CGMP Deviations: Intermittent exposure to temperature excursion during storage.","03/15/2021","05/24/2021","06/17/2024","06/02/2021","All Lots distributed 02/23/2021 through 03/10/2021."
"Drugs","No","","87512","Terminated","Cardinal Health Inc.","7000 Cardinal Pl","N/A","Dublin","OH","	43017-1091","United States","Voluntary: Firm initiated","Letter","FL, GA, SC","D-0545-2021","Class II","POLYETHYLENE GLYCOL 3350 Powder for Solution Osmotic Laxative 14 once-daily doses 14 Packet- Newt Wt. 0.5 oz (17g) each   NDC 45802-868-66","934 boxes","CGMP Deviations: Intermittent exposure to temperature excursion during storage.","03/15/2021","05/24/2021","06/17/2024","06/02/2021","All Lots distributed 02/23/2021 through 03/10/2021."
"Drugs","No","","87512","Terminated","Cardinal Health Inc.","7000 Cardinal Pl","N/A","Dublin","OH","	43017-1091","United States","Voluntary: Firm initiated","Letter","FL, GA, SC","D-0546-2021","Class II","Fexofenadine Hydrochloride Tablets, 180 mg Antihistamine Non-Drowsy 100 Tablets 180 mg Each NDC 45802-571-78 Distributed By Perrigo Allegan, MI 49010","321 bottles","CGMP Deviations: Intermittent exposure to temperature excursion during storage.","03/15/2021","05/24/2021","06/17/2024","06/02/2021","All Lots distributed 02/23/2021 through 03/10/2021."
"Drugs","No","","87512","Terminated","Cardinal Health Inc.","7000 Cardinal Pl","N/A","Dublin","OH","	43017-1091","United States","Voluntary: Firm initiated","Letter","FL, GA, SC","D-0547-2021","Class II","LORATADINE 10MG 100 ND 24H; NDC/UPC 345802650788; OTC; TABLETS","2854 bottles","CGMP Deviations: Intermittent exposure to temperature excursion during storage.","03/15/2021","05/24/2021","06/17/2024","06/02/2021","All Lots distributed 02/23/2021 through 03/10/2021."
"Drugs","No","","87512","Terminated","Cardinal Health Inc.","7000 Cardinal Pl","N/A","Dublin","OH","	43017-1091","United States","Voluntary: Firm initiated","Letter","FL, GA, SC","D-0548-2021","Class II","Cetirizine Hydrochloride Tablets, 10 mg, 300 Count; NDC/UPC 345802919878; OTC; TABLETS","1371 bottles","CGMP Deviations: Intermittent exposure to temperature excursion during storage.","03/15/2021","05/24/2021","06/17/2024","06/02/2021","All Lots distributed 02/23/2021 through 03/10/2021."
"Drugs","No","","87512","Terminated","Cardinal Health Inc.","7000 Cardinal Pl","N/A","Dublin","OH","	43017-1091","United States","Voluntary: Firm initiated","Letter","FL, GA, SC","D-0549-2021","Class II","Podofilox Topical Solution 0.5% 3.5ML, Rx Only, For Topical Use Only, Manufactured by Perrigo, Minneapolis, MN 55427, NDC 0574-0611-05.","180 bottles","CGMP Deviations: Intermittent exposure to temperature excursion during storage.","03/15/2021","05/24/2021","06/17/2024","06/02/2021","402995"
"Drugs","No","","87512","Terminated","Cardinal Health Inc.","7000 Cardinal Pl","N/A","Dublin","OH","	43017-1091","United States","Voluntary: Firm initiated","Letter","FL, GA, SC","D-0550-2021","Class II","HYDROCORTISONE ACET 30MG 12; RX; SUPPOSITORY,Rx Only, Distributed by: Perrigo, Allegan, MI 49010, NDC: 0574-7093-12","95 suppositories","CGMP Deviations: Intermittent exposure to temperature excursion during storage.","03/15/2021","05/24/2021","06/17/2024","06/02/2021","433202"
"Drugs","No","","87512","Terminated","Cardinal Health Inc.","7000 Cardinal Pl","N/A","Dublin","OH","	43017-1091","United States","Voluntary: Firm initiated","Letter","FL, GA, SC","D-0551-2021","Class II","Triamcinolone Acetonide Ointment, USP, 0.025% 80g; Rx Only, Distributed by: Perrigo, Allegan, MI 49010,NDC 45802-054-36","178 tubes","CGMP Deviations: Intermittent exposure to temperature excursion during storage.","03/15/2021","05/24/2021","06/17/2024","06/02/2021","0MT0286"
"Drugs","No","","87512","Terminated","Cardinal Health Inc.","7000 Cardinal Pl","N/A","Dublin","OH","	43017-1091","United States","Voluntary: Firm initiated","Letter","FL, GA, SC","D-0552-2021","Class II","LYRICA (pregabalin) capsules, 200mg 90-count bottle, Rx Only, Distributed by: Parke-Davis, Division of Pfizer Inc., NY, NY 10017, MADE IN SINGAPORE","49 bottles","CGMP Deviations: Intermittent exposure to temperature excursion during storage.","03/15/2021","05/24/2021","06/17/2024","06/02/2021","CK1081"
"Drugs","No","","87512","Terminated","Cardinal Health Inc.","7000 Cardinal Pl","N/A","Dublin","OH","	43017-1091","United States","Voluntary: Firm initiated","Letter","FL, GA, SC","D-0553-2021","Class II","Methotrexate Injection, USP 50 mg/2mL (25 mg/mL) 5 x 2mL Single-Dose Vials, Sterile, Rx Only, Distributed by Hospira, Inc. Lake Forest, IL 60045. NDC 61703-350-38.","341 vials","CGMP Deviations: Intermittent exposure to temperature excursion during storage.","03/15/2021","05/24/2021","06/17/2024","06/02/2021","H074437AA"
"Drugs","No","","87512","Terminated","Cardinal Health Inc.","7000 Cardinal Pl","N/A","Dublin","OH","	43017-1091","United States","Voluntary: Firm initiated","Letter","FL, GA, SC","D-0554-2021","Class II","Chantix (varenicline) Tablets Continuing Month Box Contains: 4 Continuing Weeks (1 mg x 56 tablets) Rx only NDC 0069-0469-03 Distributed by Pfizer Labs Division of Pfizer Inc., NY, NY 10017","940 cartons","CGMP Deviations: Intermittent exposure to temperature excursion during storage.","03/15/2021","05/24/2021","06/17/2024","06/02/2021","EC5910"
"Drugs","No","","87512","Terminated","Cardinal Health Inc.","7000 Cardinal Pl","N/A","Dublin","OH","	43017-1091","United States","Voluntary: Firm initiated","Letter","FL, GA, SC","D-0555-2021","Class II","Chantix (varenicline) Tablets Continuing Month Box Contains: 4 Continuing Weeks (1 mg x 56 tablets) Rx only ; Rx only  Distributed by Pfizer Labs Division of Pfizer, Inc., NY, NY ,10017NDC 0069-0469-56","848 bottles","CGMP Deviations: Intermittent exposure to temperature excursion during storage.","03/15/2021","05/24/2021","06/17/2024","06/02/2021","EM1069"
"Drugs","No","","87512","Terminated","Cardinal Health Inc.","7000 Cardinal Pl","N/A","Dublin","OH","	43017-1091","United States","Voluntary: Firm initiated","Letter","FL, GA, SC","D-0556-2021","Class II","Chantix (varenicline) Tablets Starting Pack Contains: 1 Starting Week (0.5 mgx11 tablets) 3 Continuing Weeks (1 mgx42 tablets) Rx only NDC 0069-0471-03 Distributed by Pfizer Labs Division of Pfizer, Inc., NY, NY 10017","1040 cartons","CGMP Deviations: Intermittent exposure to temperature excursion during storage.","03/15/2021","05/24/2021","06/17/2024","06/02/2021","EC5911"
"Drugs","No","","87512","Terminated","Cardinal Health Inc.","7000 Cardinal Pl","N/A","Dublin","OH","	43017-1091","United States","Voluntary: Firm initiated","Letter","FL, GA, SC","D-0557-2021","Class II","LEVOXYL Tablets, USD, 150MCG, 100-count bottle, Rx Only, Distributed by Pfizer Inc., New York, NY 10017, MADE IN AUSTRIA, NDC: 60793-858-01","13 bottles","CGMP Deviations: Intermittent exposure to temperature excursion during storage.","03/15/2021","05/24/2021","06/17/2024","06/02/2021","20D27"
"Drugs","No","","87512","Terminated","Cardinal Health Inc.","7000 Cardinal Pl","N/A","Dublin","OH","	43017-1091","United States","Voluntary: Firm initiated","Letter","FL, GA, SC","D-0558-2021","Class II","PROMETHAZINE PLAIN ORAL SOLUTION 6.25MG/5ML 473ML; ; RX; SOLUTION (USUALLY NOT OTIC, OPTH, NASAL DROPS), Rx Only, NDC 0211-0927-16","49 CARTON","CGMP Deviations: Intermittent exposure to temperature excursion during storage.","03/15/2021","05/24/2021","06/17/2024","06/02/2021","20001481"
"Drugs","No","","87512","Terminated","Cardinal Health Inc.","7000 Cardinal Pl","N/A","Dublin","OH","	43017-1091","United States","Voluntary: Firm initiated","Letter","FL, GA, SC","D-0559-2021","Class II","Nature's Truth Absorbable Calcium 1200 mg plus D3 5000 IU 120 Softgels Dietary Supplements Carefully Designed and Distributed by Nature's Truth LLC. Ronkonkoma, NY 11779, UPC 840093100672","8 bottles","CGMP Deviations: Intermittent exposure to temperature excursion during storage.","03/15/2021","05/24/2021","06/17/2024","06/02/2021","All Lots distributed 02/23/2021 through 03/10/2021."
"Drugs","No","","87512","Terminated","Cardinal Health Inc.","7000 Cardinal Pl","N/A","Dublin","OH","	43017-1091","United States","Voluntary: Firm initiated","Letter","FL, GA, SC","D-0560-2021","Class II","Intrarosa Prasterone Vaginal Inserts 6.5 mg 28 inserts/applicators Rx Only Manufactured for: Ednoceutics, Inc. Quebec City, Canada, G1V 4M7 Distributed by: AMAG Pharmaceuticals, Inc. Waltam, MA 02451, NDC 64011-601-28","205 cartons","CGMP Deviations: Intermittent exposure to temperature excursion during storage.","03/15/2021","05/24/2021","06/17/2024","06/02/2021","R81339"
"Drugs","No","","87512","Terminated","Cardinal Health Inc.","7000 Cardinal Pl","N/A","Dublin","OH","	43017-1091","United States","Voluntary: Firm initiated","Letter","FL, GA, SC","D-0561-2021","Class II","Budesonide and Formoterol Fumarate Dihydrate Inhalation Aerosol 80/4.5 budesonide 80 mcg/formoterol fumarate dihydrate 4.5 mcg Inhalation Aerosol 120 inhalations Rx only Manufactured for: AstraZeneca Pharmaceuticals LP, Wilmington, DE 19850, NDC 0310-7372-20","905 inhalers","CGMP Deviations: Intermittent exposure to temperature excursion during storage.","03/15/2021","05/24/2021","06/17/2024","06/02/2021","2000655C00"
"Drugs","No","","87512","Terminated","Cardinal Health Inc.","7000 Cardinal Pl","N/A","Dublin","OH","	43017-1091","United States","Voluntary: Firm initiated","Letter","FL, GA, SC","D-0562-2021","Class II","Medroxyprogesterone acetate injectable suspension, USP 150 mg per mL 1 mL Prefilled Syringe Rx only NDC 59762-4538-2 Distributed by: Greenstone, LLC. Peapack, NJ 07977","286 syringes","CGMP Deviations: Intermittent exposure to temperature excursion during storage.","03/15/2021","05/24/2021","06/17/2024","06/02/2021","EC4744"
"Drugs","No","","87512","Terminated","Cardinal Health Inc.","7000 Cardinal Pl","N/A","Dublin","OH","	43017-1091","United States","Voluntary: Firm initiated","Letter","FL, GA, SC","D-0563-2021","Class II","medroxyprogesterone acetate injectable suspension, USP,  150MG/ML 1ML, Rx Only, Distributed by: Greenstone LLC, Peapack, NJ 07977, NDC 59762-4538-02","148 syringes","CGMP Deviations: Intermittent exposure to temperature excursion during storage.","03/15/2021","05/24/2021","06/17/2024","06/02/2021","DN0428"
"Drugs","No","","87512","Terminated","Cardinal Health Inc.","7000 Cardinal Pl","N/A","Dublin","OH","	43017-1091","United States","Voluntary: Firm initiated","Letter","FL, GA, SC","D-0564-2021","Class II","Cefazolin for Injection, USP 1 gram per vial Rx Only Single-use Vial Sterile Manufactured in Austria by Sandoz GmbH for Sandoz, Inc., Princeton, NJ 08540, NDC 0781-3451-70","8 vials","CGMP Deviations: Intermittent exposure to temperature excursion during storage.","03/15/2021","05/24/2021","06/17/2024","06/02/2021","JZ9830"
"Drugs","No","","87512","Terminated","Cardinal Health Inc.","7000 Cardinal Pl","N/A","Dublin","OH","	43017-1091","United States","Voluntary: Firm initiated","Letter","FL, GA, SC","D-0565-2021","Class II","HYDROCORTISONE 1% 30gm cream","143 tubes","CGMP Deviations: Intermittent exposure to temperature excursion during storage.","03/15/2021","05/24/2021","06/17/2024","06/02/2021","KK4912"
"Drugs","No","","87512","Terminated","Cardinal Health Inc.","7000 Cardinal Pl","N/A","Dublin","OH","	43017-1091","United States","Voluntary: Firm initiated","Letter","FL, GA, SC","D-0566-2021","Class II","Tuberculin Purified Protein Derivative (Mantous) TUBERSOL, Stabilized Solution 5 US Units, Rx Only Sanofi Pasteur Limited, NDC 49281-752-21","406 vials","CGMP Deviations: Intermittent exposure to temperature excursion during storage.","03/15/2021","05/24/2021","06/17/2024","06/02/2021","C5804AA"
"Drugs","No","","87512","Terminated","Cardinal Health Inc.","7000 Cardinal Pl","N/A","Dublin","OH","	43017-1091","United States","Voluntary: Firm initiated","Letter","FL, GA, SC","D-0567-2021","Class II","Collagenase Santyl Ointment 250 units/g 30 grams Rx Only Marketed by Smith & Nephew, Inc., Fort Worth, TX 76107, NDC 50484-010-30","1391 tubes","CGMP Deviations: Intermittent exposure to temperature excursion during storage.","03/15/2021","05/24/2021","06/17/2024","06/02/2021","191960"
"Drugs","No","","87512","Terminated","Cardinal Health Inc.","7000 Cardinal Pl","N/A","Dublin","OH","	43017-1091","United States","Voluntary: Firm initiated","Letter","FL, GA, SC","D-0568-2021","Class II","CLINDAMYCIN HYDROCHLORIDE CAPSULES, USP,150MG 100-count bottles, Rx Only, Manufactured by: Ohm Laboratories Inc. New Brunswick, NJ 08901, Distributed by: Sun Pharmaceutical Industries, Inc. Cranbury, NJ 08512, NDC 63304-692-01","223 bottles","CGMP Deviations: Intermittent exposure to temperature excursion during storage.","03/15/2021","05/24/2021","06/17/2024","06/02/2021","AB77104"
"Drugs","No","","87512","Terminated","Cardinal Health Inc.","7000 Cardinal Pl","N/A","Dublin","OH","	43017-1091","United States","Voluntary: Firm initiated","Letter","FL, GA, SC","D-0569-2021","Class II","COREG CR (carvedilol phosphate) Extended Release Capsules, 80 mg, 30-count bottle, Rx Only,/UPC 57664066683","133 bottles","CGMP Deviations: Intermittent exposure to temperature excursion during storage.","03/15/2021","05/24/2021","06/17/2024","06/02/2021","P0978"
"Drugs","No","","87512","Terminated","Cardinal Health Inc.","7000 Cardinal Pl","N/A","Dublin","OH","	43017-1091","United States","Voluntary: Firm initiated","Letter","FL, GA, SC","D-0570-2021","Class II","Trokendi XR (topiramate) extended-release capsules 100 mg 30 Capsules Rx only, Manufactured by: Catalent Pharma Solutions Winchester, KY 40391 USA Manufactured for: Supernus Pharmaceuticals, Inc. Rockville, MD 20850 USA, NDC 17772-103-30","490 bottles","CGMP Deviations: Intermittent exposure to temperature excursion during storage.","03/15/2021","05/24/2021","06/17/2024","06/02/2021","1741214"
"Drugs","No","","87512","Terminated","Cardinal Health Inc.","7000 Cardinal Pl","N/A","Dublin","OH","	43017-1091","United States","Voluntary: Firm initiated","Letter","FL, GA, SC","D-0571-2021","Class II","Colcrys (colchicine, USP) tablets 0.6 mg 30 tablets Rx only Distributed by: Takeda Pharmaceuticals America, Inc. Deerfield, IL 60015,NDC 64764-119-07","160 bottles","CGMP Deviations: Intermittent exposure to temperature excursion during storage.","03/15/2021","05/24/2021","06/17/2024","06/02/2021","11888415"
"Drugs","No","","87512","Terminated","Cardinal Health Inc.","7000 Cardinal Pl","N/A","Dublin","OH","	43017-1091","United States","Voluntary: Firm initiated","Letter","FL, GA, SC","D-0572-2021","Class II","Children's Loratadine Oral Solution USP, 5 mg/5 mL (Antihistamine) Allergy Grape Flavor 4 FL OZ (120 mL) NDC 51672-2131-8 Distributed by: Taro Pharmaceuticals U.S.A., Inc. Hawthorne, NY 10532","2907 bottles","CGMP Deviations: Intermittent exposure to temperature excursion during storage.","03/15/2021","05/24/2021","06/17/2024","06/02/2021","All Lots distributed 02/23/2021 through 03/10/2021."
"Drugs","No","","87512","Terminated","Cardinal Health Inc.","7000 Cardinal Pl","N/A","Dublin","OH","	43017-1091","United States","Voluntary: Firm initiated","Letter","FL, GA, SC","D-0573-2021","Class II","Proair HFA (albuterol sulfate) Inhalation Aerosol 90 mcg per actuation With Dose Counter 200 Metered Inhalation 8,5 g Net Contents Rx only NDC 59310-579-22 Mktd by: Teva Respiratory, LLC Horsham, PA 19044 Mfd by: IVAX Pharmaceuticals Ireland Waterford, Ireland","26895 inhalers","CGMP Deviations: Intermittent exposure to temperature excursion during storage.","03/15/2021","05/24/2021","06/17/2024","06/02/2021","DAF02A"
"Drugs","No","","87512","Terminated","Cardinal Health Inc.","7000 Cardinal Pl","N/A","Dublin","OH","	43017-1091","United States","Voluntary: Firm initiated","Letter","FL, GA, SC","D-0574-2021","Class II","NEOMYCIN SULF TABLETS, USP, 500mg, 100-count bottle, Rx Only, Distributed by: Teva Pharmaceuticals USA, Inc., North Wales, PA 19454, NDC: 0093-1177-01","41 bottles","CGMP Deviations: Intermittent exposure to temperature excursion during storage.","03/15/2021","05/24/2021","06/17/2024","06/02/2021","3006910"
"Drugs","No","","87512","Terminated","Cardinal Health Inc.","7000 Cardinal Pl","N/A","Dublin","OH","	43017-1091","United States","Voluntary: Firm initiated","Letter","FL, GA, SC","D-0575-2021","Class II","BISOPROLOL FUMARATE AND HYDROCHLOROTHIAZIDE TABLETS 2.5 mg/6.25 mg, 100-count bottles, Rx Only, Distributed by: Teva Pharmaceuticals USA, Inc., Parsippany, NJ 07054 NDC 0093-3241-01 RX; TABLETS","235 bottles","CGMP Deviations: Intermittent exposure to temperature excursion during storage.","03/15/2021","05/24/2021","06/17/2024","06/02/2021","1417295A"
"Drugs","No","","87512","Terminated","Cardinal Health Inc.","7000 Cardinal Pl","N/A","Dublin","OH","	43017-1091","United States","Voluntary: Firm initiated","Letter","FL, GA, SC","D-0576-2021","Class II","PENICILLIN V POT  for Oral Solution, USP 125mg/5mL 100mL (when mixed) Rx Only, Manufactured for: Teva Pharmaceuticals USA, Inc., North Wales, PA 19454, NDC 0093-4125-73","91 bottles","CGMP Deviations: Intermittent exposure to temperature excursion during storage.","03/15/2021","05/24/2021","06/17/2024","06/02/2021","35446365A"
"Drugs","No","","87512","Terminated","Cardinal Health Inc.","7000 Cardinal Pl","N/A","Dublin","OH","	43017-1091","United States","Voluntary: Firm initiated","Letter","FL, GA, SC","D-0577-2021","Class II","EPINEPHRINE INJECTION USP, 0.3MG (AUTO-INJECTORS) FOR ALLERGIC EMERGENCIES (ANAPHYLAXIS)  2 Auto-Injectors and 1 Trainer, Manufactured for: Teva Pharmaceuticals USA, Inc., North Wales, PA 19454 NDC 0093-5986-27","414 boxes","CGMP Deviations: Intermittent exposure to temperature excursion during storage.","03/15/2021","05/24/2021","06/17/2024","06/02/2021","033J20AA"
"Drugs","No","","87512","Terminated","Cardinal Health Inc.","7000 Cardinal Pl","N/A","Dublin","OH","	43017-1091","United States","Voluntary: Firm initiated","Letter","FL, GA, SC","D-0578-2021","Class II","EPINEPHRINE INJECTION USP, 0.15 MG (AUTO-INJECTORS) FOR ALLERGIC EMERGENCIES (ANAPHYLAXIS)  2 Auto-Injectors and 1 Trainer, Manufactured for: Teva Pharmaceuticals USA, Inc., North Wales, PA 19454 NDC 0093-5985-27","1776 boxes","CGMP Deviations: Intermittent exposure to temperature excursion during storage.","03/15/2021","05/24/2021","06/17/2024","06/02/2021","025C20AA"
"Drugs","No","","87512","Terminated","Cardinal Health Inc.","7000 Cardinal Pl","N/A","Dublin","OH","	43017-1091","United States","Voluntary: Firm initiated","Letter","FL, GA, SC","D-0579-2021","Class II","Balziva 28 Day (norethindrone and ethinyl estradiol tablets USP)  6 Blister Card Dispensers, 28 tablets each, Rx Only, Manufactured for:  Teva Pharmaceuticals USA, Inc., North Wales, PA 19454, NDC 0555-9034-58","23 bottles","CGMP Deviations: Intermittent exposure to temperature excursion during storage.","03/15/2021","05/24/2021","06/17/2024","06/02/2021","100016785"
"Drugs","No","","87512","Terminated","Cardinal Health Inc.","7000 Cardinal Pl","N/A","Dublin","OH","	43017-1091","United States","Voluntary: Firm initiated","Letter","FL, GA, SC","D-0580-2021","Class II","Levalbuterol tartrate HFA Inhalation Aerosol 45 mcg/actuation 200 Metered Inhalations Net Contents: 15 g Rx Only NDC 0591-2927-54 Distributed by: Actavis Pharma, Inc. Parsippany, NJ 07054 USA","828 inhalers","CGMP Deviations: Intermittent exposure to temperature excursion during storage.","03/15/2021","05/24/2021","06/17/2024","06/02/2021","200093"
"Drugs","No","","87512","Terminated","Cardinal Health Inc.","7000 Cardinal Pl","N/A","Dublin","OH","	43017-1091","United States","Voluntary: Firm initiated","Letter","FL, GA, SC","D-0581-2021","Class II","Desvenlafaxine Extended-Release Tablets 25 mg 30 Tablets Rx Only NDC 0591-4060-30 Manufactured by: Actavis Laboratories FL, Inc. Fort Lauderdale, FL 33314 USA Distributed by: Actavis Pharma, Inc. Parsippany, NJ 07054 USA","57 bottles","CGMP Deviations: Intermittent exposure to temperature excursion during storage.","03/15/2021","05/24/2021","06/17/2024","06/02/2021","1399650A"
"Drugs","No","","87512","Terminated","Cardinal Health Inc.","7000 Cardinal Pl","N/A","Dublin","OH","	43017-1091","United States","Voluntary: Firm initiated","Letter","FL, GA, SC","D-0582-2021","Class II","Sulindac Tablets, USP, 200mg 100-count bottles, Rx Only, Manufactured by: Epic Pharma, LLC, Laurelton, NY 11413, NDC 42806-011-01","92 bottles","CGMP Deviations: Intermittent exposure to temperature excursion during storage.","03/15/2021","05/24/2021","06/17/2024","06/02/2021","1578F201"
"Drugs","No","","87512","Terminated","Cardinal Health Inc.","7000 Cardinal Pl","N/A","Dublin","OH","	43017-1091","United States","Voluntary: Firm initiated","Letter","FL, GA, SC","D-0583-2021","Class II","Darifenacin Extended-release Tablets 7.5 mg 30 Tablets Rx only Manufactured by: Torrent Pharmaceuticals LTD. Indrad-382 721, India Manufactured for: Torrent Pharma Inc. Basking Ridge, NJ 07920, NDC 13668-202-30","52 bottles","CGMP Deviations: Intermittent exposure to temperature excursion during storage.","03/15/2021","05/24/2021","06/17/2024","06/02/2021","BDZ7G005"
"Drugs","No","","87512","Terminated","Cardinal Health Inc.","7000 Cardinal Pl","N/A","Dublin","OH","	43017-1091","United States","Voluntary: Firm initiated","Letter","FL, GA, SC","D-0584-2021","Class II","Darifenacin Extended-release Tablets 15 mg 30 Tablets Rx only,  Manufactured by: Torrent Pharmaceuticals, LTD Indrad-382 721, India Manufactured for: Torrent Pharma Inc. Basking Ridge, NJ 07920, NDC 13668-203-30","37 bottles","CGMP Deviations: Intermittent exposure to temperature excursion during storage.","03/15/2021","05/24/2021","06/17/2024","06/02/2021","BDZ9G005"
"Drugs","No","","87512","Terminated","Cardinal Health Inc.","7000 Cardinal Pl","N/A","Dublin","OH","	43017-1091","United States","Voluntary: Firm initiated","Letter","FL, GA, SC","D-0585-2021","Class II","Folivane-Plus with Ascorbic Acid Precursors Iron/Folic Acid/Vitamin Supplement Capsules 90 Capsules Rx Only NDC 13811-539-90 Manufactured for: Trigen Laboratories, Inc., Sayreville, NJ 08872","80 bottles","CGMP Deviations: Intermittent exposure to temperature excursion during storage.","03/15/2021","05/24/2021","06/17/2024","06/02/2021","All Lots distributed 02/23/2021 through 03/10/2021."
"Drugs","No","","87512","Terminated","Cardinal Health Inc.","7000 Cardinal Pl","N/A","Dublin","OH","	43017-1091","United States","Voluntary: Firm initiated","Letter","FL, GA, SC","D-0586-2021","Class II","TRAMADOL HYDROCHLORIDE TABLETS USP 100MG, 100-count bottle, Rx Only, Manufactured by: Rubicon Research :Private Limited, Ambernath, Dist. Thane, 421506 India, NDC: 52817-0196-10","86 BOTTLE","CGMP Deviations: Intermittent exposure to temperature excursion during storage.","03/15/2021","05/24/2021","06/17/2024","06/02/2021","200340H1"
"Drugs","No","","87512","Terminated","Cardinal Health Inc.","7000 Cardinal Pl","N/A","Dublin","OH","	43017-1091","United States","Voluntary: Firm initiated","Letter","FL, GA, SC","D-0587-2021","Class II","Restora Omega-3 enhanced Lactobacillus Casei KE-99 30 Capsules 1 A Day Nutritional Supplement NDC 52747-200-30 Marketed by US Pharmaceutical Corporation, P.O. Box 360465, Decatur, GA 30036","31 cartons","CGMP Deviations: Intermittent exposure to temperature excursion during storage.","03/15/2021","05/24/2021","06/17/2024","06/02/2021","All Lots distributed 02/23/2021 through 03/10/2021."
"Drugs","No","","87512","Terminated","Cardinal Health Inc.","7000 Cardinal Pl","N/A","Dublin","OH","	43017-1091","United States","Voluntary: Firm initiated","Letter","FL, GA, SC","D-0588-2021","Class II","INTEGRA 325/40/3mg 90-count bottle, NDC: 52747-710-60","32 bottles","CGMP Deviations: Intermittent exposure to temperature excursion during storage.","03/15/2021","05/24/2021","06/17/2024","06/02/2021","All Lots distributed 02/23/2021 through 03/10/2021."
"Drugs","No","","87512","Terminated","Cardinal Health Inc.","7000 Cardinal Pl","N/A","Dublin","OH","	43017-1091","United States","Voluntary: Firm initiated","Letter","FL, GA, SC","D-0589-2021","Class II","VIMPAT(lacosamide) Tablets ,100 mg, 60-count bottle; Rx Only, Manufactured for: UCB, Inc. Smyrna, GA 30080","796 bottles","CGMP Deviations: Intermittent exposure to temperature excursion during storage.","03/15/2021","05/24/2021","06/17/2024","06/02/2021","912056"
"Drugs","No","","87512","Terminated","Cardinal Health Inc.","7000 Cardinal Pl","N/A","Dublin","OH","	43017-1091","United States","Voluntary: Firm initiated","Letter","FL, GA, SC","D-0590-2021","Class II","VIMPAT  (lacosamide) Tablets, 200mg, 60-count bottle, Rx Only, Manufactured for: UCB, Inc. Smyrna, GA 30080, NDC 0131-2480-35","882 bottles","CGMP Deviations: Intermittent exposure to temperature excursion during storage.","03/15/2021","05/24/2021","06/17/2024","06/02/2021","912064"
"Drugs","No","","87512","Terminated","Cardinal Health Inc.","7000 Cardinal Pl","N/A","Dublin","OH","	43017-1091","United States","Voluntary: Firm initiated","Letter","FL, GA, SC","D-0591-2021","Class II","Briviact (brivaracetam) tablets 50 mg, 60-count bottle, Rx only Manufactured for UCB, Inc. Smyrna, GA 30080, NDC 50474-570-66","101 bottles","CGMP Deviations: Intermittent exposure to temperature excursion during storage.","03/15/2021","05/24/2021","06/17/2024","06/02/2021","309750"
"Drugs","No","","87512","Terminated","Cardinal Health Inc.","7000 Cardinal Pl","N/A","Dublin","OH","	43017-1091","United States","Voluntary: Firm initiated","Letter","FL, GA, SC","D-0592-2021","Class II","Amantadine Hydrochloride Tablets 100 mg 100-count bottle, Rx Only Manufactured by Upsher-Smith Laboratories, Inc. Maple Grove, MN 55369, NDC 0832-0111-00","271 bottles","CGMP Deviations: Intermittent exposure to temperature excursion during storage.","03/15/2021","05/24/2021","06/17/2024","06/02/2021","395310"
"Drugs","No","","87512","Terminated","Cardinal Health Inc.","7000 Cardinal Pl","N/A","Dublin","OH","	43017-1091","United States","Voluntary: Firm initiated","Letter","FL, GA, SC","D-0593-2021","Class II","HALOPERIDOL TABLETS 20mg, USP, 100-count bottle, Rx Only Distributed by: Usher-Smith Laboratories, LLC, Maple Grove, MN 55369, NDC: 0832-1560-11","35 BOTTLE","CGMP Deviations: Intermittent exposure to temperature excursion during storage.","03/15/2021","05/24/2021","06/17/2024","06/02/2021","2007346C"
"Drugs","No","","87512","Terminated","Cardinal Health Inc.","7000 Cardinal Pl","N/A","Dublin","OH","	43017-1091","United States","Voluntary: Firm initiated","Letter","FL, GA, SC","D-0594-2021","Class II","Corgard (nadolol tablets, USP) 40 mg 100 Tablets Rx only NDC 27505-101-01 Distributed by US WorldMeds, LLC, Louisville, KY 40241","2 bottles","CGMP Deviations: Intermittent exposure to temperature excursion during storage.","03/15/2021","05/24/2021","06/17/2024","06/02/2021","19T28"
"Drugs","No","","87512","Terminated","Cardinal Health Inc.","7000 Cardinal Pl","N/A","Dublin","OH","	43017-1091","United States","Voluntary: Firm initiated","Letter","FL, GA, SC","D-0595-2021","Class II","CYANOCOBAL Injection 1000MCG/ML 25X1ML; NDC/UPC 69680-112-25; RX; MULTI DOSE VIAL","6 boxes","CGMP Deviations: Intermittent exposure to temperature excursion during storage.","03/15/2021","05/24/2021","06/17/2024","06/02/2021","303824"
"Drugs","No","","87512","Terminated","Cardinal Health Inc.","7000 Cardinal Pl","N/A","Dublin","OH","	43017-1091","United States","Voluntary: Firm initiated","Letter","FL, GA, SC","D-0596-2021","Class II","Brompheniramine Maleate, Pseudoephedrine Hydrochloride and Dextromethorphan Hydrobromide Oral Syrup Net: 1 Pint (473 mL) Bulk Container-Not for Household Use Rx Only NDC 60432-275-16 Distributed By: Wockhardt USA, LLC Parsippany, NJ 07054","15 bottles","CGMP Deviations: Intermittent exposure to temperature excursion during storage.","03/15/2021","05/24/2021","06/17/2024","06/02/2021","UV1092"
"Drugs","No","","87512","Terminated","Cardinal Health Inc.","7000 Cardinal Pl","N/A","Dublin","OH","	43017-1091","United States","Voluntary: Firm initiated","Letter","FL, GA, SC","D-0597-2021","Class II","Enalapril Maleate Tablets, USP 2.5 mg 100 tablets Rx only Distributed by: Cardinal Health, NDC 64679-923-02","10 bottles","CGMP Deviations: Intermittent exposure to temperature excursion during storage.","03/15/2021","05/24/2021","06/17/2024","06/02/2021","DV10467"
"Drugs","No","","87667","Terminated","Jubilant Cadista Pharmaceuticals, Inc.","207 Kiley Dr","N/A","Salisbury","MD","	21801-2249","United States","Voluntary: Firm initiated","Letter","Nationwide in the USA","D-0333-2021","Class II","Itraconazole Capsules, 100 mg, 30-count bottles, Rx only, Manufactured by: Jubilant Generics Ltd., Roorkee - 247661, India; Marketed by: Jubilant Cadista Pharmaceuticals, Inc., Salisbury, MD 21801, NDC 59746-282-30.","Lot #IT119008B - (4,128 Bottles); Lot #IT20001A - (3,984 Bottles); Lot #IT20002B - (4.080 Bottles)","Failed Dissolution Specifications","04/01/2021","04/12/2021","04/28/2022","04/21/2021","Lot #s: IT119008B, Exp 05/2021; IT120001A, IT120002A, Exp 12/2021"
"Drugs","No","04/30/2021","87633","Terminated","Spartan Chemical Co Inc","1110 Spartan Dr","N/A","Maumee","OH","	43537-1725","United States","Voluntary: Firm initiated","Letter","Nationwide USA and Puerto Rico; Mexico","D-0360-2021","Class II","foamyiQ Lemon Blossom Hand Sanitizer (benzalkonium chloride 0.1%), Net Contents: 42.27 oz/1250 ml per foam pump cartridge, For Institutional and Industrial Use Only, Spartan Chemical Company, Inc., 1110 Spartan Drive, Maumee, OH 43537 USA. UPC 7 53727 26454 4 NDC: 64009-202-06","26,328 cartridges","CGMP Deviations","03/29/2021","04/30/2021","10/16/2023","04/21/2021","Lot, expiry: Lot 526756, exp 9/22/2022; Lot 527499, exp 9/28/2022; Lot 527501, exp 9/30/2022"
"Drugs","No","04/30/2021","87633","Terminated","Spartan Chemical Co Inc","1110 Spartan Dr","N/A","Maumee","OH","	43537-1725","United States","Voluntary: Firm initiated","Letter","Nationwide USA and Puerto Rico; Mexico","D-0361-2021","Class II","Antiseptic Hand Cleaner (Chloroxylenol, 1.0%), Net Contents: 1 US Gallon/ 3.79 Liters per gallon container, For Institutional and Industrial Use Only, Spartan Chemical Company, Inc., 1110 Spartan Drive, Maumee, OH 43537 USA.UPC 7 53727 26257 1  NDC: 64009-336-85","400 containers","CGMP Deviations","03/29/2021","04/30/2021","10/16/2023","04/21/2021","Lot, expiry: Lot 538885, exp 1/25/2023"
"Drugs","No","04/30/2021","87633","Terminated","Spartan Chemical Co Inc","1110 Spartan Dr","N/A","Maumee","OH","	43537-1725","United States","Voluntary: Firm initiated","Letter","Nationwide USA and Puerto Rico; Mexico","D-0362-2021","Class II","Lite'n Foamy E2 Sanitizing Handwash (Benzalkonium Chloride, 0.13%), Net Contents: 1 US Gallon/ 3.79 Liters per gallon container, For Institutional and Industrial Use Only, Spartan Chemical Company, Inc., 1110 Spartan Drive, Maumee, OH 43537 USA. UPC 7 53727 26116 1 NDC: 64009-333-95","2,152 containers","CGMP Deviations","03/29/2021","04/30/2021","10/16/2023","04/21/2021","Lot, expiry: Lot 538882, exp 1/22/2023"
"Drugs","No","04/30/2021","87633","Terminated","Spartan Chemical Co Inc","1110 Spartan Dr","N/A","Maumee","OH","	43537-1725","United States","Voluntary: Firm initiated","Letter","Nationwide USA and Puerto Rico; Mexico","D-0363-2021","Class II","Lite'n Foamy Eucalyptus Mint Sanitizing Handwash (Benzalkonium Chloride, 0.13%), Net Contents: 18 oz/ 532 ml per foam pump container, For Institutional and Industrial Use Only, Spartan Chemical Company, Inc., 1110 Spartan Drive, Maumee, OH 43537 USA. UPC 7 53525 26287 8  NDC: 64009-332-72","1,200 cases","CGMP Deviations","03/29/2021","04/30/2021","10/16/2023","04/21/2021","Lot, expiry: Lot 538307, exp 1/20/2023"
"Drugs","No","04/30/2021","87633","Terminated","Spartan Chemical Co Inc","1110 Spartan Dr","N/A","Maumee","OH","	43537-1725","United States","Voluntary: Firm initiated","Letter","Nationwide USA and Puerto Rico; Mexico","D-0364-2021","Class II","Lite'n Foamy Healthcare Personnel Handwash (Chloroxylenol, 1.0%), Net Contents: 18 oz/ 532 ml per foam pump container, For Institutional and Industrial Use Only, Spartan Chemical Company, Inc., 1110 Spartan Drive, Maumee, OH 43537 USA. UPC 7 53727 26283 0  NDC: 64009-335-82","960 containers","CGMP Deviations","03/29/2021","04/30/2021","10/16/2023","04/21/2021","Lot, expiry: Lot 538310, exp 1/21/2023"
"Drugs","No","04/28/2021","87694","Ongoing","Teligent Pharma, Inc.","105 Lincoln Avenue","N/A","Buena","NJ","	08310","United States","Voluntary: Firm initiated","Letter","Distributed Nationwide in the USA","D-0356-2021","Class II","Flurandrenolide Ointment USP, 0.05%,  Net Wt. 60 grams, Rx Only, Teligent Pharma, Inc. Buena, New Jersey 08310 NDC 52565-017-60","3432 tubes","Failed Impurities/Degradation Specifications:","04/09/2021","04/28/2021","N/A","04/28/2021","Lot #13974 EXP 7/2021"
"Drugs","No","","87695","Terminated","Nomax Inc","9735 Green Park Industrial Dr","N/A","Saint Louis","MO","	63123-7241","United States","Voluntary: Firm initiated","Letter","Nationwide USA","D-0387-2021","Class III","Dry Eye Test, Fluorescein Sodium, Ophthalmic Strips USP (0.12mg Fluorescein Sodium), 100 Sterile Strips (50 Pouches of 2 Strips Each), Manufactured by: Nomax, Inc, St. Louis, MO 63123, NDC: 51801-008-15","78 cartons","Subpotent Drug","04/13/2021","05/18/2021","09/28/2023","05/26/2021","LOT 13336 EXP 07/23"
"Drugs","No","","87710","Terminated","Edge Pharma, LLC","856 Hercules Dr","N/A","Colchester","VT","	05446-8014","United States","Voluntary: Firm initiated","Letter","Nationwide in the US","D-0335-2021","Class II","Betadine (Povidone-Iodine) 5%, 0.5mL per syringe Single Use Syringe Rx only, For Topical Ophthalmic Use (DO NOT INJECT) STERILE OPHTHALMIC SOLUTION, PRESERVATIVE FREE, Edge Pharma, LLC 856 Hercules Dr. Colchester, VT 05446 Customer Service (USA) 1-802-992-1178","5850 syringes","Defective container; syringe content migrating past the seal of the plunger may cause a lack of assurance of sterility","04/12/2021","04/19/2021","02/11/2022","04/28/2021","Lot 02-2021-16@4 BUD 5/31/2021"
"Drugs","No","","87711","Ongoing","Hyobin LLC","455 S Pleasant Ave","N/A","Ridgewood","NJ","	07450-5413","United States","Voluntary: Firm initiated","Press Release","USA Nationwide","D-0381-2021","Class II","PremierZen Extreme 3000, packaged in   cardboard blisters containing one capsule per card, Distributed by Yolo Studio,  Cliffside Park, NJ","500 cards","Marketed without Approved NDA/ANDA: FDA analysis results obtained the presence of tadalafil.","04/06/2021","05/14/2021","N/A","05/26/2021","all lots"
"Drugs","No","","87711","Ongoing","Hyobin LLC","455 S Pleasant Ave","N/A","Ridgewood","NJ","	07450-5413","United States","Voluntary: Firm initiated","Press Release","USA Nationwide","D-0382-2021","Class II","PremierZen Black 5000, packaged in   cardboard blisters containing one capsule per card, Distributed by Yolo Studio,  Cliffside Park, NJ","500 cards","Marketed without Approved NDA/ANDA: FDA analysis results obtained the presence of tadalafil.","04/06/2021","05/14/2021","N/A","05/26/2021","all lots"
"Drugs","No","","87711","Ongoing","Hyobin LLC","455 S Pleasant Ave","N/A","Ridgewood","NJ","	07450-5413","United States","Voluntary: Firm initiated","Press Release","USA Nationwide","D-0383-2021","Class II","Triple SupremeZen Plus 3500, packaged in   cardboard blisters containing one capsule per card, Distributed by Yolo Studio,  Cliffside Park, NJ","300 cards","Marketed without Approved NDA/ANDA: FDA analysis results obtained the presence of tadalafil.","04/06/2021","05/14/2021","N/A","05/26/2021","all lots"
"Drugs","No","","87719","Ongoing","Preferred Pharmaceuticals, Inc.","1250 N Lakeview Ave Ste O","N/A","Anaheim","CA","	92807-1801","United States","Voluntary: Firm initiated","Letter","recalled product was distributed to three physicians located CA","D-0342-2021","Class II","Cephalexin for Oral Suspension, Generic for Keflex, USP, Powder for Oral Suspension, 250 mg/5mL, Pkg Size 100, Rx only, Repackaged by Preferred Pharmaceuticals, Inc., Mfg: Ascend Laboratories, LLC, NDC #: 68788-7529-1,","Six bottles","Failed Impurities/degradation specifications: Repackager recall due to Out of Specification detected by manufacturer for Individual Unidentified Impurity found during related substance test analysis of Cephalexin","04/12/2021","04/26/2021","N/A","05/05/2021","Lot #: B1121W, Exp.Date: 04/2022"
"Drugs","No","04/29/2021","87724","Terminated","Genentech Inc","1 Dna Way","N/A","South San Francisco","CA","	94080-4918","United States","Voluntary: Firm initiated","Letter","Distributed Nationwide in the USA.","D-0357-2021","Class III","Evrysdi (risdiplam) for oral solution, 60 mg/80mL (0.75mg/mL), 80 mL total volume after constitution, Rx only, Distributed by: Genentech, Inc. NDC:50242-175-05","2,627 bottles","Defective Container: complaints received regarding some incorrect press-in-bottle-adapters (PIBA), the incorrect PIBAs have a female instead of male fit so they cannot be used in combination with co-packed syringes.","04/20/2021","04/29/2021","01/18/2022","05/05/2021","Lot #: B1001B05; B1001B08, Exp. Feb-2022"
"Drugs","No","","87592","Terminated","CareFusion 213, LLC","1550 Northwestern Dr","N/A","El Paso","TX","	79912-8000","United States","Voluntary: Firm initiated","Press Release","Distributed Nationwide in the USA and to Singapore, Chile, Oman, Columbia, United Arab Emirates, South Africa, Kuwait, Democratic Republic of the Congo, Qatar, Bahrain, Hong Kong, Brazil.","D-0347-2021","Class II","BD ChloraPrep Clear, 2% w/v chlorhexidine gluconate (CHG) and 70% v/v isopropyl alcohol (IPA) Sterile Solution, 0.10 fl. oz. (3 ml) each, 25 Applicators in carton, applicator is sterile if package is intact. CareFusion 213, LLC, El Paso, TX 79912, subsidiary of Becton, Dickinson and Co, NDC 54365-400-32 REF 930400","24,969,700 cartons","Lack of Assurance of Sterility:  Product is being recalled because at labeled storage conditions of 30*C/75% Relative Humidity, there is the potential for growth of Aspergillus penicillioides, a type of fungus, resulting in a breach of the package integrity.","03/19/2021","04/26/2021","09/29/2022","05/05/2021","Lot and Exp Date:  0010759, 11/30/2022;  0025045, 11/30/2022;  0035136, 12/31/2022;  0054691, 2/28/2023;  0057018, 2/28/2023;  0058944, 2/28/2023;  0062656, 2/28/2023;  0063728, 2/28/2023;  0063740, 2/28/2023;  0064594, 2/28/2023;  0065288, 2/28/2023;  0066368, 2/28/2023;  0067288, 3/31/2023;  0069106, 3/31/2023;  0070865, 3/31/2023;  0071359, 3/31/2023;  0072872, 3/31/2023;  0073232, 3/31/2023;  0076029, 3/31/2023;  0077515, 3/31/2023;  0077519, 3/31/2023;  0078347, 3/31/2023;  0079853, 3/31/2023;  0080632, 3/31/2023;  0081061, 3/31/2023;  0081062, 3/31/2023;  0084750, 3/31/2023;  0084754, 3/31/2023;  0084758, 3/31/2023;  0085418, 3/31/2023;  0088774, 3/31/2023;  0090545, 3/31/2023;  0090949, 3/31/2023;  0091664, 3/31/2023;  0092927, 3/31/2023;  0093445, 3/31/2023;  0094039, 3/31/2023;  0005878, 3/31/2023;  0097559, 3/31/2023;  0098525, 3/31/2023;  0099419, 2/28/2023;  0099421, 3/31/2023;  0100379, 3/31/2023;  0105130, 3/31/2023;  0105985, 3/31/2023;  0106926, 4/30/2023;  0106937, 4/30/2023;  0111775, 4/30/2023;  0112982, 4/30/2023;  0113301, 4/30/2023;  0113433, 4/30/2023;  0114091, 4/30/2023;  0114101, 4/30/2023;  0115679, 4/30/2023;  0118820, 4/30/2023;  0119488, 4/30/2023;  0120668, 4/30/2023;  0121257, 4/30/2023;  0121281, 4/30/2023;  0122195, 4/30/2023;  0125774, 4/30/2023;  0126308, 4/30/2023;  0127006, 4/30/2023;  0127856, 4/30/2023;  0128820, 4/30/2023;  0129413, 4/30/2023;  0132806, 4/30/2023;  0132808, 4/30/2023;  0133318, 4/30/2023;  0135284, 4/30/2023;  0136179, 4/30/2023;  0136919, 4/30/2023;  0139776, 4/30/2023;  0139779, 4/30/2023;  0140050, 4/30/2023;  0141253, 4/30/2023;  0142167, 4/30/2023;  0143703, 4/30/2023;  0148151, 4/30/2023;  0149875, 5/31/2023;  0153587, 5/31/2023;  0154180, 5/31/2023;  0154183, 5/31/2023;  0155301, 5/31/2023;  0155611, 5/31/2023;  0156437, 5/31/2023;  0156782, 5/31/2023;  0157078, 5/31/2023;  0160601, 5/31/2023;  0161218, 5/31/2023;  0162594, 5/31/2023;  0162595, 5/31/2023;  0163255, 5/31/2023;  0164591, 6/30/2023;  0167383, 6/30/2023;  0168035, 6/30/2023;  0168225, 6/30/2023;  0169563, 6/30/2023;  0169624, 6/30/2023;  0170815, 6/30/2023;  0171463, 6/30/2023;  0171467, 6/30/2023;  0174318, 6/30/2023;  0174321, 6/30/2023;  0174763, 6/30/2023;  0176737, 6/30/2023;  0177382, 6/30/2023;  0178582, 6/30/2023;  0178584, 6/30/2023;  0188425, 6/30/2023;  0189107, 6/30/2023;  0190185, 6/30/2023;  0192851, 6/30/2023;  0197378, 6/30/2023;  0197837, 6/30/2023;  0198823, 7/31/2023;  0199710, 7/31/2023;  0199720, 6/30/2023;  0199721, 6/30/2023;  0202925, 7/31/2023;  0203832, 6/30/2023;  0204881, 6/30/2023;  0205329, 6/30/2023;  0205331, 6/30/2023;  0206178, 7/31/2023;  0206188, 7/31/2023;  0208782, 7/31/2023;  0209285, 7/31/2023;  0210048, 7/31/2023;  0210638, 7/31/2023;  0211069, 7/31/2023;  0212509, 7/31/2023;  0212627, 7/31/2023;  0213661, 7/31/2023;  0216135, 7/31/2023;  0216992, 7/31/2023;  0216995, 7/31/2023;  0225098, 7/31/2023;  0225257, 7/31/2023;  0226610, 7/31/2023;  0227802, 7/31/2023;  0227838, 7/31/2023;  0228011, 7/31/2023;  0229538, 7/31/2023;  0230050, 7/31/2023;  0230194, 7/31/2023;  0231645, 7/31/2023;  0231646, 7/31/2023;  0232170, 7/31/2023;  0232171, 7/31/2023;  0233607, 7/31/2023;  0233609, 7/31/2023;  0234326, 7/31/2023;  0236941, 8/31/2023;  0237345, 8/31/2023;  0238657, 8/31/2023;  0238658, 8/31/2023;  0239736, 8/31/2023;  0240258, 8/31/2023;  0240259, 8/31/2023;  0241313, 8/31/2023;  0241656, 8/31/2023;  0242880, 8/31/2023;  0244660, 8/31/2023;  0244662, 8/31/2023;  0245775, 7/31/2023;  0246170, 8/31/2023;  0246478, 8/31/2023;  0247206, 8/31/2023;  0248555, 8/31/2023;  0248737, 7/31/2023;  0252884, 8/31/2023;  0253778, 8/31/2023;  0253810, 8/31/2023;  0254567, 8/31/2023;  0254731, 8/31/2023;  0255645, 8/31/2023;  0258252, 8/31/2023;  0258659, 8/31/2023;  0259065, 9/30/2023;  0259898, 9/30/2023;  0260681, 9/30/2023;  0261975, 9/30/2023;  0262729, 9/30/2023;  0265184, 9/30/2023;  0279818, 9/30/2023;  0308327, 10/31/2023;  0309811, 10/31/2023;  0309816, 10/31/2023;  0311453, 10/31/2023;  0312698, 10/31/2023;  0314634, 10/31/2023;  0315662, 10/31/2023;  0316151, 11/30/2023;  0316372, 10/31/2023;  0317672, 11/30/2023;  0318148, 11/30/2023;  0321438, 11/30/2023;  0322315, 11/30/2023;  0323068, 11/30/2023;  0323448, 11/30/2023;  0323503, 11/30/2023;  0324263, 11/30/2023;  0324264, 11/30/2023;  0328929, 11/30/2023;  0329153, 11/30/2023;  0329996, 11/30/2023;  0330665, 11/30/2023;  0335120, 11/30/2023;  0335799, 11/30/2023;  0337020, 11/30/2023;  0338067, 11/30/2023;  0338974, 11/30/2023;  0340677, 11/30/2023;  0343589, 11/30/2023;  0343898, 11/30/2023;  0343903, 11/30/2023;  0344397, 12/31/2023;  0345866, 11/30/2023;  0345870, 11/30/2023;  0346321, 12/31/2023;  0349906, 12/31/2023;  0349907, 12/31/2023;  0350058, 12/31/2023;  0350772, 12/31/2023;  0351193, 12/31/2023;  0351226, 12/31/2023;  0351821, 12/31/2023;  0352445, 11/30/2023;  0352694, 11/30/2023;  0353338, 12/31/2023;  0354300, 12/31/2023;  1008731, 12/31/2023;  1009535, 12/31/2023;  1009538, 12/31/2023;  1012621, 12/31/2023;  1013421, 12/31/2023;  1013423, 12/31/2023;  1014132, 12/31/2023;  1014134, 12/31/2023;  1018037, 12/31/2023;  1018799, 12/31/2023;  1019769, 1/31/2024;  1020849, 1/31/2024;  1021641, 1/31/2024;  1021805, 1/31/2024;  1022415, 1/31/2024;  1022719, 1/31/2024;  1025105, 1/31/2024;  1025854, 1/31/2024;  1025950, 1/31/2024;  1026350, 1/31/2024;  1027907, 1/31/2024;  1028547, 1/31/2024;  1028799, 1/31/2024;  1029694, 1/31/2024;  1030487, 1/31/2024;  1032505, 1/31/2024;  1032717, 1/31/2024;  1033620, 1/31/2024;  1033708, 1/31/2024;  1034917, 1/31/2024;  1035640, 1/31/2024;  1036582, 1/31/2024;  1038982, 1/31/2024;  1039915, 1/31/2024;  1040816, 1/31/2024;  1041348, 1/31/2024;  1041631, 1/31/2024;  1043285, 2/29/2024;  1043350, 1/31/2024;  1048645, 2/29/2024;  1048656, 2/29/2024;  1049461, 2/29/2024;  1049465, 2/29/2024;  1050250, 2/29/2024;  1051583, 2/29/2024;  1051918, 2/29/2024;  1054135, 2/29/2024;  1054728, 2/29/2024;  1055950, 2/29/2024;  1055969, 2/29/2024;  1056752, 2/29/2024;  1057007, 2/29/2024;  1057987, 2/29/2024;  1057988, 2/29/2024;  1059824, 2/29/2024;  1060836, 2/29/2024;  1061724, 2/29/2024;  9305899, 10/31/2022;  9309166, 10/31/2022;  9339182, 11/30/2022;"
"Drugs","No","","87592","Terminated","CareFusion 213, LLC","1550 Northwestern Dr","N/A","El Paso","TX","	79912-8000","United States","Voluntary: Firm initiated","Press Release","Distributed Nationwide in the USA and to Singapore, Chile, Oman, Columbia, United Arab Emirates, South Africa, Kuwait, Democratic Republic of the Congo, Qatar, Bahrain, Hong Kong, Brazil.","D-0348-2021","Class II","BD ChloraPrep Hi-Lite Orange 2% w/v chlorhexidine gluconate (CHG) and 70% v/v isopropyl alcohol (IPA), Sterile Solution, 0.10 fl. oz. (3 ml) each, 25 Applicators in carton, applicator is sterile if package is intact. CareFusion El Paso, TX 79912, subsidiary of Becton, Dickinson and Co., NDC 54365-400-33 REF 930415","14,275,400 cartons","Lack of Assurance of Sterility:  Product is being recalled because at labeled storage conditions of 30*C/75% Relative Humidity, there is the potential for growth of Aspergillus penicillioides, a type of fungus, resulting in a breach of the package integrity.","03/19/2021","04/26/2021","09/29/2022","05/05/2021","Lot and Exp Date:  0018578, 11/30/2022;  0058277, 2/28/2023;  0059141, 2/28/2023;  0066365, 2/28/2023;  0067289, 3/31/2023;  0070866, 3/31/2023;  0074038, 3/31/2023;  0076034, 3/31/2023;  0084619, 3/31/2023;  0086158, 3/31/2023;  0090894, 3/31/2023;  0093903, 3/31/2023;  0095838, 3/31/2023;  0097561, 3/31/2023;  0098470, 3/31/2023;  0100383, 2/28/2023;  0109632, 4/30/2023;  0111185, 4/30/2023;  0113339, 4/30/2023;  0115853, 4/30/2023;  0121982, 4/30/2023;  0122192, 4/30/2023;  0122193, 4/30/2023;  0122194, 4/30/2023;  0128821, 4/30/2023;  0129409, 4/30/2023;  0135287, 4/30/2023;  0157083, 5/31/2023;  0161219, 5/31/2023;  0164032, 6/30/2023;  0164595, 5/31/2023;  0168228, 6/30/2023;  0177338, 6/30/2023;  0177384, 6/30/2023;  0178587, 6/30/2023;  0198836, 7/31/2023;  0199909, 6/30/2023;  0204887, 7/31/2023;  0205674, 6/30/2023;  0206366, 7/31/2023;  0207651, 7/31/2023;  0210578, 7/31/2023;  0227493, 7/31/2023;  0241043, 8/31/2023;  0249695, 8/31/2023;  0252883, 8/31/2023;  0254864, 8/31/2023;  0255091, 8/31/2023;  0259156, 9/30/2023;  0263754, 9/30/2023;  0267575, 9/30/2023;  0272405, 9/30/2023;  0300187, 10/31/2023;  0304315, 10/31/2023;  0305488, 10/31/2023;  0306841, 10/31/2023;  0307140, 9/30/2023;  0312694, 10/31/2023;  0313824, 10/31/2023;  0319649, 11/30/2023;  0324409, 11/30/2023;  0325577, 11/30/2023;  0326746, 11/30/2023;  0330938, 11/30/2023;  0335971, 11/30/2023;  0340937, 11/30/2023;  0347570, 12/31/2023;  0347571, 12/31/2023;  0355671, 12/31/2023;  0356362, 12/31/2023;  1008758, 12/31/2023;  1009747, 12/31/2023;  1028187, 1/31/2024;  1033578, 1/31/2024;  1034948, 1/31/2024;  1035662, 1/31/2024;  1036544, 1/31/2024;  1055547, 2/29/2024;  1060432, 2/29/2024;  9324226, 10/31/2022;  9343836, 11/30/2022;  9344810, 10/31/2022;"
"Drugs","No","","87592","Terminated","CareFusion 213, LLC","1550 Northwestern Dr","N/A","El Paso","TX","	79912-8000","United States","Voluntary: Firm initiated","Press Release","Distributed Nationwide in the USA and to Singapore, Chile, Oman, Columbia, United Arab Emirates, South Africa, Kuwait, Democratic Republic of the Congo, Qatar, Bahrain, Hong Kong, Brazil.","D-0349-2021","Class II","ChloraPrep One-Step 2% w/v chlorhexidine gluconate (CHG) and 70% v/v isopropyl alcohol (IPA) Non-Sterile Solution -Clear, 0.10 fl. oz. (3ml) each, 25 applicators per carton, applicator is sterile if package is intact. CareFusion El Paso, TX 79912, NDC 054365-400-01 Cat. No. 260400","40,720,900 cartons","CGMP Deviations:  Product is being recalled because at labeled storage conditions of 30*C/75% Relative Humidity, there is the potential for growth of Aspergillus penicillioides, a type of fungus, resulting in a breach of the package integrity.","03/19/2021","04/26/2021","09/29/2022","05/05/2021","Lot and Exp Date:  0000192, 12/31/2022;  0007621, 12/31/2022;  0008775, 12/31/2022;  0009111, 12/31/2022;  0011738, 12/31/2022;  0011753, 12/31/2022;  0011754, 12/31/2022;  0011755, 12/31/2022;  0013604, 12/31/2022;  0015498, 12/31/2022;  0015500, 12/31/2022;  0016329, 1/31/2023;  0017929, 12/31/2022;  0021945, 1/31/2023;  0028887, 1/31/2023;  0031093, 1/31/2023;  0034660, 1/31/2023;  0035149, 1/31/2023;  0036460, 1/31/2023;  0037272, 1/31/2023;  0038213, 1/31/2023;  0038217, 1/31/2023;  0041893, 1/31/2023;  0042483, 1/31/2023;  0042501, 1/31/2023;  0043105, 1/31/2023;  0044739, 1/31/2023;  0094838, 2/28/2023;  0098051, 2/28/2023;  0104859, 3/31/2023;  0129330, 4/30/2023;  0133069, 4/30/2023;  0220728, 7/31/2023;  0223036, 7/31/2023;  8078998, 3/31/2021;  8079620, 3/31/2021;  8079621, 3/31/2021;  8082921, 3/31/2021;  8082923, 3/31/2021;  8085804, 3/31/2021;  8088708, 3/31/2021;  8089621, 3/31/2021;  8093619, 3/31/2021;  8093813, 3/31/2021;  8094833, 3/31/2021;  8096706, 3/31/2021;  8097822, 3/31/2021;  8099727, 3/31/2021;  8099783, 3/31/2021;  8100947, 3/31/2021;  8101636, 3/31/2021;  8101719, 3/31/2021;  8102691, 3/31/2021;  8103673, 4/30/2021;  8108795, 4/30/2021;  8109707, 4/30/2021;  8110645, 4/30/2021;  8110674, 4/30/2021;  8114540, 4/30/2021;  8114547, 4/30/2021;  8115574, 4/30/2021;  8116705, 4/30/2021;  8120701, 4/30/2021;  8120985, 4/30/2021;  8122873, 4/30/2021;  8122874, 4/30/2021;  8124914, 4/30/2021;  8127649, 4/30/2021;  8127650, 4/30/2021;  8129680, 4/30/2021;  8129686, 4/30/2021;  8134847, 4/30/2021;  8134850, 4/30/2021;  8136811, 5/31/2021;  8137525, 5/31/2021;  8138867, 5/31/2021;  8141821, 5/31/2021;  8143659, 5/31/2021;  8144768, 5/31/2021;  8144882, 5/31/2021;  8145889, 5/31/2021;  8150625, 5/31/2021;  8151713, 5/31/2021;  8151736, 5/31/2021;  8152581, 5/31/2021;  8156507, 5/31/2021;  8156735, 5/31/2021;  8157866, 5/31/2021;  8157993, 5/31/2021;  8158595, 5/31/2021;  8158633, 5/31/2021;  8159995, 5/31/2021;  8164525, 6/30/2021;  8165696, 6/30/2021;  8167970, 6/30/2021;  8170535, 6/30/2021;  8170538, 6/30/2021;  8171503, 6/30/2021;  8172910, 6/30/2021;  8173655, 6/30/2021;  8176731, 6/30/2021;  8177746, 6/30/2021;  8178576, 6/30/2021;  8178654, 6/30/2021;  8179928, 6/30/2021;  8179974, 6/30/2021;  8180627, 6/30/2021;  8186700, 6/30/2021;  8190916, 6/30/2021;  8190987, 6/30/2021;  8192557, 6/30/2021;  8192881, 6/30/2021;  8197514, 6/30/2021;  8197515, 6/30/2021;  8198763, 7/31/2021;  8199675, 7/31/2021;  8204574, 7/31/2021;  8206898, 7/31/2021;  8211903, 7/31/2021;  8212879, 7/31/2021;  8214989, 7/31/2021;  8214995, 7/31/2021;  8215994, 7/31/2021;  8218645, 7/31/2021;  8219946, 7/31/2021;  8219988, 7/31/2021;  8222798, 7/31/2021;  8225863, 7/31/2021;  8225868, 7/31/2021;  8228632, 8/31/2021;  8229682, 8/31/2021;  8232739, 8/31/2021;  8233569, 8/31/2021;  8235983, 8/31/2021;  8239901, 8/31/2021;  8239902, 8/31/2021;  8240966, 8/31/2021;  8241848, 8/31/2021;  8243756, 8/31/2021;  8247510, 8/31/2021;  8248570, 8/31/2021;  8249934, 8/31/2021;  8257619, 8/31/2021;  8260778, 9/30/2021;  8261945, 9/30/2021;  8261946, 9/30/2021;  8262674, 9/30/2021;  8263865, 9/30/2021;  8265679, 9/30/2021;  8267928, 9/30/2021;  8267929, 9/30/2021;  8268617, 9/30/2021;  8268618, 9/30/2021;  8269913, 9/30/2021;  8271911, 9/30/2021;  8274999, 9/30/2021;  8275615, 9/30/2021;  8275625, 9/30/2021;  8276694, 9/30/2021;  8277635, 9/30/2021;  8277637, 9/30/2021;  8282884, 9/30/2021;  8283738, 9/30/2021;  8284622, 9/30/2021;  8285592, 9/30/2021;  8288852, 9/30/2021;  8290569, 9/30/2021;  8291769, 10/31/2021;  8292703, 10/31/2021;  8292708, 10/31/2021;  8296693, 10/31/2021;  8296695, 10/31/2021;  8299673, 10/31/2021;  8303606, 10/31/2021;  8304839, 10/31/2021;  8306692, 10/31/2021;  8309553, 10/31/2021;  8310641, 10/31/2021;  8311789, 10/31/2021;  8313646, 10/31/2021;  8313687, 10/31/2021;  8319821, 10/31/2021;  8320984, 11/30/2021;  8323514, 11/30/2021;  8323745, 11/30/2021;  8325725, 11/30/2021;  8325749, 11/30/2021;  8331695, 11/30/2021;  8341526, 11/30/2021;  8344689, 11/30/2021;  8345987, 11/30/2021;  8345988, 11/30/2021;  8346840, 11/30/2021;  8347713, 11/30/2021;  8348560, 11/30/2021;  8351524, 12/31/2021;  8351527, 12/31/2021;  8354841, 12/31/2021;  8355555, 12/31/2021;  8355665, 12/31/2021;  9007932, 12/31/2021;  9008954, 12/31/2021;  9008963, 12/31/2021;  9009962, 12/31/2021;  9010973, 12/31/2021;  9014968, 12/31/2021;  9017714, 12/31/2021;  9017716, 12/31/2021;  9021962, 1/31/2022;  9022804, 12/31/2021;  9022808, 12/31/2021;  9023539, 1/31/2022;  9023541, 1/31/2022;  9028693, 1/31/2022;  9030936, 1/31/2022;  9035603, 1/31/2022;  9036759, 1/31/2022;  9036761, 1/31/2022;  9037816, 1/31/2022;  9038527, 1/31/2022;  9039888, 1/31/2022;  9039889, 1/31/2022;  9042932, 1/31/2022;  9043626, 1/31/2022;  9044570, 1/31/2022;  9049788, 2/28/2022;  9049790, 2/28/2022;  9051558, 2/28/2022;  9053553, 2/28/2022;  9053605, 2/28/2022;  9056781, 2/28/2022;  9057597, 2/28/2022;  9057600, 2/28/2022;  9058797, 2/28/2022;  9064561, 2/28/2022;  9067661, 2/28/2022;  9070712, 2/28/2022;  9072853, 2/28/2022;  9073968, 2/28/2022;  9074967, 2/28/2022;  9077861, 2/28/2022;  9079525, 3/31/2022;  9079746, 3/31/2022;  9085737, 3/31/2022;  9093920, 3/31/2022;  9094797, 3/31/2022;  9098940, 3/31/2022;  9099817, 3/31/2022;  9100771, 3/31/2022;  9100776, 3/31/2022;  9106945, 3/31/2022;  9106950, 3/31/2022;  9107765, 4/30/2022;  9107767, 4/30/2022;  9112666, 4/30/2022;  9112668, 4/30/2022;  9113527, 4/30/2022;  9114610, 4/30/2022;  9114611, 4/30/2022;  9116696, 4/30/2022;  9116698, 4/30/2022;  9119832, 4/30/2022;  9120522, 4/30/2022;  9120523, 4/30/2022;  9121774, 4/30/2022;  9122536, 4/30/2022;  9123755, 4/30/2022;  9127963, 4/30/2022;  9127968, 4/30/2022;  9128862, 4/30/2022;  9129660, 4/30/2022;  9130717, 4/30/2022;  9136917, 5/31/2022;  9138989, 5/31/2022;  9140678, 5/31/2022;  9140679, 5/31/2022;  9141792, 5/31/2022;  9143507, 5/31/2022;  9143509, 5/31/2022;  9144771, 5/31/2022;  9144772, 5/31/2022;  9154934, 5/31/2022;  9155527, 5/31/2022;  9155529, 5/31/2022;  9157896, 5/31/2022;  9161567, 5/31/2022;  9162902, 5/31/2022;  9164894, 5/31/2022;  9168973, 6/30/2022;  9171622, 6/30/2022;  9172951, 6/30/2022;  9175686, 6/30/2022;  9179857, 6/30/2022;  9190047, 6/30/2022;  9191255, 6/30/2022;  9192026, 6/30/2022;  9192028, 6/30/2022;  9194258, 6/30/2022;  9196197, 6/30/2022;  9200423, 6/30/2022;  9201209, 7/31/2022;  9204095, 7/31/2022;  9204283, 7/31/2022;  9206983, 7/31/2022;  9207534, 7/31/2022;  9207913, 7/31/2022;  9208099, 7/31/2022;  9211089, 7/31/2022;  9211677, 7/31/2022;  9212097, 7/31/2022;  9213911, 7/31/2022;  9214450, 7/31/2022;  9217995, 7/31/2022;  9218456, 7/31/2022;  9218466, 7/31/2022;  9220319, 7/31/2022;  9220320, 7/31/2022;  9222097, 7/31/2022;  9222098, 7/31/2022;  9222208, 7/31/2022;  9224704, 7/31/2022;  9225074, 7/31/2022;  9225081, 7/31/2022;  9226653, 7/31/2022;  9227526, 7/31/2022;  9227930, 7/31/2022;  9228303, 8/31/2022;  9232762, 8/31/2022;  9234176, 8/31/2022;  9234899, 8/31/2022;  9235837, 8/31/2022;  9236528, 8/31/2022;  9236529, 8/31/2022;  9238869, 8/31/2022;  9239631, 8/31/2022;  9239660, 8/31/2022;  9240736, 8/31/2022;  9241927, 8/31/2022;  9242195, 8/31/2022;  9243015, 8/31/2022;  9247747, 8/31/2022;  9248036, 8/31/2022;  9250289, 8/31/2022;  9250290, 8/31/2022;  9250395, 8/31/2022;  9255902, 8/31/2022;  9256126, 8/31/2022;  9259343, 8/31/2022;  9260247, 8/31/2022;  9260249, 9/30/2022;  9261887, 9/30/2022;  9262353, 9/30/2022;  9263126, 9/30/2022;  9264104, 9/30/2022;  9264107, 9/30/2022;  9266082, 9/30/2022;  9266337, 9/30/2022;  9267130, 9/30/2022;  9267132, 9/30/2022;  9268809, 9/30/2022;  9269989, 9/30/2022;  9269991, 9/30/2022;  9270898, 9/30/2022;  9271954, 9/30/2022;  9275594, 9/30/2022;  9276137, 9/30/2022;  9276159, 9/30/2022;  9278674, 9/30/2022;  9281274, 9/30/2022;  9282883, 9/30/2022;  9283393, 9/30/2022;  9287360, 9/30/2022;  9288429, 9/30/2022;  9289665, 9/30/2022;  9290448, 9/30/2022;  9293444, 10/31/2022;  9295579, 9/30/2022;  9296389, 10/31/2022;  9296399, 10/31/2022;  9297775, 10/31/2022;  9298637, 10/31/2022;  9298640, 10/31/2022;  9301749, 10/31/2022;  9301762, 10/31/2022;  9302581, 10/31/2022;  9302586, 10/31/2022;  9303414, 10/31/2022;  9303758, 10/31/2022;  9305773, 10/31/2022;  9309480, 10/31/2022;  9309567, 10/31/2022;  9311065, 10/31/2022;  9313838, 10/31/2022;  9313839, 10/31/2022;  9316341, 10/31/2022;  9317266, 11/30/2022;  9318804, 11/30/2022;  9318806, 11/30/2022;  9319143, 11/30/2022;  9320067, 11/30/2022;  9323280, 11/30/2022;  9323406, 11/30/2022;  9324538, 11/30/2022;  9324707, 11/30/2022;  9325125, 11/30/2022;  9327963, 11/30/2022;  9329366, 11/30/2022;  9329368, 11/30/2022;  9330598, 11/30/2022;  9331805, 11/30/2022;  9338115, 11/30/2022;  9338129, 11/30/2022;  9340890, 11/30/2022;  9343956, 11/30/2022;  9343958, 11/30/2022;  9344779, 11/30/2022;  9347277, 10/31/2022;  9351555, 12/31/2022;  9353728, 12/31/2022;  9354163, 12/31/2022;  9354165, 12/31/2022;"
"Drugs","No","","87592","Terminated","CareFusion 213, LLC","1550 Northwestern Dr","N/A","El Paso","TX","	79912-8000","United States","Voluntary: Firm initiated","Press Release","Distributed Nationwide in the USA and to Singapore, Chile, Oman, Columbia, United Arab Emirates, South Africa, Kuwait, Democratic Republic of the Congo, Qatar, Bahrain, Hong Kong, Brazil.","D-0350-2021","Class II","ChloraPrep With Tint 2% w/v chlorhexidine gluconate (CHG) and 70% v/v isopropyl alcohol (IPA) Non-Sterile Solution - Hi-Lite Orange, 0.10 fl. oz. (3 ml) each, 25 applicators in carton, applicator is sterile if package is intact. CareFusion El Paso, TX 79912, NDC 054365-400-11 Cat. No. 260415","7,990,100 cartons","CGMP Deviations:  Product is being recalled because at labeled storage conditions of 30*C/75% Relative Humidity, there is the potential for growth of Aspergillus penicillioides, a type of fungus, resulting in a breach of the package integrity.","03/19/2021","04/26/2021","09/29/2022","05/05/2021","Lots and Exp dates:  0009104, 12/31/2022;  0013602, 12/31/2022;  0016431, 1/31/2023;  0022273, 1/31/2023;  0023788, 1/31/2023;  0029135, 1/31/2023;  0032694, 1/31/2023;  0038211, 1/31/2023;  0044741, 1/31/2023;  0064598, 2/28/2023;  0104862, 3/31/2023;  0127010, 4/30/2023;  0196060, 6/30/2023;  0224915, 7/31/2023;  8024958, 1/9/2021;  8025595, 1/31/2021;  8025597, 1/31/2021;  8031857, 1/31/2021;  8033645, 1/31/2021;  8038971, 1/28/2021;  8043969, 1/22/2021;  8043978, 1/31/2021;  8046513, 2/1/2021;  8046721, 1/29/2021;  8053669, 2/28/2021;  8053699, 2/28/2021;  8053947, 2/28/2021;  8055949, 2/28/2021;  8059513, 2/28/2021;  8059562, 2/28/2021;  8061970, 2/19/2021;  8064854, 2/28/2021;  8066666, 2/28/2021;  8068686, 2/28/2021;  8069986, 2/28/2021;  8073868, 2/28/2021;  8087798, 3/31/2021;  8099735, 3/31/2021;  8101641, 3/31/2021;  8106743, 4/30/2021;  8107945, 4/30/2021;  8120678, 4/30/2021;  8122947, 4/30/2021;  8131539, 4/30/2021;  8145833, 5/31/2021;  8155989, 5/31/2021;  8172690, 6/30/2021;  8173860, 6/30/2021;  8191600, 6/30/2021;  8221942, 7/31/2021;  8234936, 8/31/2021;  8243851, 8/31/2021;  8247688, 8/31/2021;  8250928, 8/31/2021;  8253987, 8/31/2021;  8256638, 8/31/2021;  8260782, 8/31/2021;  8265685, 9/30/2021;  8274504, 9/30/2021;  8276704, 9/30/2021;  8282698, 9/30/2021;  8284625, 9/30/2021;  8288853, 9/30/2021;  8338776, 11/30/2021;  8339985, 11/30/2021;  8351538, 12/31/2021;  8355672, 12/31/2021;  9007942, 12/31/2021;  9014571, 12/31/2021;  9017726, 1/31/2022;  9021969, 12/31/2021;  9024576, 1/31/2022;  9030949, 1/31/2022;  9078586, 3/31/2022;  9087987, 3/31/2022;  9092771, 3/31/2022;  9128867, 4/30/2022;  9129671, 4/30/2022;  9135822, 5/31/2022;  9143840, 5/31/2022;  9154907, 5/31/2022;  9154939, 5/31/2022;  9158658, 5/31/2022;  9164579, 5/31/2022;  9175663, 6/30/2022;  9176284, 6/30/2022;  9197931, 6/30/2022;  9199822, 6/30/2022;  9200426, 7/31/2022;  9205380, 7/31/2022;  9207927, 7/31/2022;  9213913, 7/31/2022;  9221459, 7/31/2022;  9224855, 7/31/2022;  9231815, 8/31/2022;  9232764, 8/31/2022;  9233646, 8/31/2022;  9235839, 8/31/2022;  9248040, 8/31/2022;  9261980, 9/30/2022;  9270896, 9/30/2022;  9301763, 10/31/2022;  9310176, 10/31/2022;  9317270, 11/30/2022;  9327966, 11/30/2022;  9327969, 11/30/2022;  9339209, 11/30/2022;  9344806, 11/30/2022;  9345964, 10/31/2022;  9351402, 12/31/2022;"
"Drugs","No","","87741","Terminated","Noven Pharmaceuticals Inc","11960 Sw 144th St","N/A","Miami","FL","	33186-6109","United States","Voluntary: Firm initiated","Letter","Nationwide within the United States","D-0336-2021","Class II","Minivelle (estradiol transdermal system) Delivers 0.075 mg/day, 8 patches/box, Rx only, Mfd. by: Noven Pharmaceuticals, Inc. Miami, Florida 33186  Dist. by: Noven Therapeutics, LLC Miami, Florida 33186, NDC 68968-6675-8","12060 cartons","Defective Delivery System: Out of specification for release rate testing and shear, an attribute related to the adhesive properties of the transdermal patches. As a result, patients could experience patches that do not stick well to the skin.","04/16/2021","04/20/2021","10/11/2024","04/28/2021","Lot #: 88584 Exp. 03/2022"
"Drugs","No","","87741","Terminated","Noven Pharmaceuticals Inc","11960 Sw 144th St","N/A","Miami","FL","	33186-6109","United States","Voluntary: Firm initiated","Letter","Nationwide within the United States","D-0337-2021","Class II","Estradiol Transdermal System Delivers 0.0375 mg/day, 8 Systems/box, Rx only, Mfd. by: Noven Pharmaceuticals, Inc. Miami, Florida 33186  Dist. by: Noven Therapeutics, LLC Miami, Florida 33186, NDC 68968-3437-8","10872 cartons","Defective Delivery System: Out of specification for release rate testing and shear, an attribute related to the adhesive properties of the transdermal patches. As a result, patients could experience patches that do not stick well to the skin.","04/16/2021","04/20/2021","10/11/2024","04/28/2021","Lot #: 88321 Exp. 02/2022"
"Drugs","No","","87742","Terminated","Grace Healthcare Medical, Inc","1418 31st Ave","N/A","Gulfport","MS","	39501-2746","United States","Voluntary: Firm initiated","Letter","USA Nationwide","D-0355-2021","Class II","Oxygen, Compressed, USP UN 1072, packaged in cylinders labeled as: a) M6 Medical Gas Cylinder, b) C Medical Gas Cylinder; c) D Medical Gas Cylinder; d) E Medical Gas Cylinder; e) M Medical Gas Cylinder; f)  H Medical Gas Cylinder, Rx only, Grace Healthcare 1418 31st Avenue Gulfport, MS 39501 228-863-3331","35,838 cylinders","cGMP deviations","04/15/2021","04/26/2021","12/02/2022","05/05/2021","All lots manufactured and distributed 04/01/2019-04/09/2021"
"Drugs","No","","87748","Terminated","SigmaPharm Laboratories LLC","3375 Progress Dr","N/A","Bensalem","PA","	19020-5801","United States","Voluntary: Firm initiated","Letter","Nationwide in the US","D-0379-2021","Class III","Asenapine Sublingual Tablets, 5 mg, Rx Only, 60 Tablets, Sigmapharm Laboratories, LLC, Bensalem, PA, 19020    NDC 42794-016-10.","6266 bottles","Incorrect Product Formulation; product was manufactured with the incorrect Art Cherry Flavor flavoring agent instead of Art Black Cherry Flavor flavoring agent","04/19/2021","05/14/2021","09/26/2022","05/26/2021","Lots # 2012501, 2012601 , 2012701, & 2100701, Exp. AUG 2022"
"Drugs","No","","87748","Terminated","SigmaPharm Laboratories LLC","3375 Progress Dr","N/A","Bensalem","PA","	19020-5801","United States","Voluntary: Firm initiated","Letter","Nationwide in the US","D-0380-2021","Class III","Asenapine Sublingual Tablets, 10 mg, Rx only, 60 Tablets, Sigmapharm Laboratories, LLC, Bensalem, PA, 19020,   NDC 42794-017-10","8786 bottles","Incorrect Product Formulation; product was manufactured with the incorrect Art Cherry Flavor flavoring agent instead of Art Black Cherry Flavor flavoring agent","04/19/2021","05/14/2021","09/26/2022","05/26/2021","Lots # 2012801, 2012901, 2013001 & Lot 2100501, Exp AUG 2022; 2100101, Exp NOV 2022"
"Drugs","No","","87751","Ongoing","QMart","495 Mola Blvd","N/A","Elmwood Park","NJ","	07407-2041","United States","Voluntary: Firm initiated","Press Release","USA Nationwide","D-0368-2021","Class II","IMPERIAL GOLD 2000, Male Sexual Performance Enhancement, 1 Capsule, UPC 718122040702","200 boxes","Marketed without Approved NDA/ANDA: FDA analysis results obtained the presence of tadalafil and/or sildenafil.    ","03/31/2021","05/06/2021","N/A","05/12/2021","All"
"Drugs","No","","87751","Ongoing","QMart","495 Mola Blvd","N/A","Elmwood Park","NJ","	07407-2041","United States","Voluntary: Firm initiated","Press Release","USA Nationwide","D-0369-2021","Class II","PremierZen Extreme 3000, Male Sexual Performance Enhancement, 1 Capsule, UPC 728175421887","500 boxes","Marketed without Approved NDA/ANDA: FDA analysis results obtained the presence of tadalafil and/or sildenafil.    ","03/31/2021","05/06/2021","N/A","05/12/2021","All"
"Drugs","No","","87751","Ongoing","QMart","495 Mola Blvd","N/A","Elmwood Park","NJ","	07407-2041","United States","Voluntary: Firm initiated","Press Release","USA Nationwide","D-0370-2021","Class II","Burro en Primavera, 2 capsules, UPC 638632431055","500 boxes","Marketed without Approved NDA/ANDA: FDA analysis results obtained the presence of tadalafil and/or sildenafil.    ","03/31/2021","05/06/2021","N/A","05/12/2021","All"
"Drugs","No","","87751","Ongoing","QMart","495 Mola Blvd","N/A","Elmwood Park","NJ","	07407-2041","United States","Voluntary: Firm initiated","Press Release","USA Nationwide","D-0371-2021","Class II","Imperial Platinum 2000, 1 capsule, UPC 718122040702","200 boxes","Marketed without Approved NDA/ANDA: FDA analysis results obtained the presence of tadalafil and/or sildenafil.    ","03/31/2021","05/06/2021","N/A","05/12/2021","All"
"Drugs","No","","87762","Terminated","Heritage Pharmaceuticals Inc","1 Tower Center Blvd Ste 1700","N/A","East Brunswick","NJ","	08816-1145","United States","Voluntary: Firm initiated","Letter","OH","D-0367-2021","Class III","Acyclovir Tablets, USP, 400 mg, 100 Tablets, Rx Only, Distributed by: Avet Pharmaceuticals Inc., East Brunswick, NJ 08816, NDC 23155-227-01.    Packaged in 150 cc white HDPE bottle","408 bottles","Labeling: Incorrect or Missing Lot and/or Exp Date","04/21/2021","05/06/2021","06/09/2022","05/12/2021","Lot A120036, Exp DEC 2023"
"Drugs","No","","87774","Terminated","PD-Rx Pharmaceuticals, Inc.","727 N Ann Arbor Ave","N/A","Oklahoma City","OK","	73127-5822","United States","Voluntary: Firm initiated","Letter","AK, AZ, CA, CO, FL, KY, MA, MI, MN, NC, OH, OR, WI, WY","D-0341-2021","Class II","Losartan Potassium USP, 50 mg, RX Only,  Pkg By PD-Rx Pharmaceuticals Incorporated Oklahoma City, OK 73127 a) 60 Tablets NDC: 43063-854-60; b) 90 Tablets NDC: 43063-0854-90","576 bottles","CGMP deviation: Product found to contain trace amounts of NMBA","03/08/2019","04/26/2021","06/16/2021","05/05/2021","Lots: A19B99 Exp. 11/30/2019; B19A26 Exp. 11/30/2019; B19A69 Exp. 11/30/2019; E18F12 Exp.: 09/30/19; F18A12 Exp.: 09/30/19; F18F06 Exp.: 09/30/19; G18B43 Exp.: 09/30/19; G18C43 Exp.: 09/30/19; G18F75 Exp.: 09/30/19; H18D55 Exp.: 09/30/19; I18A11 Exp.: 09/30/19; I18E32 Exp.: 09/30/19; J18A90 Exp.: 09/30/19; J18D50 Exp. 11/30/2019; L18D01 Exp. 11/30/2019"
"Drugs","No","","87803","Terminated","Mylan Institutional LLC","4901 Hiawatha Dr","N/A","Rockford","IL","	61103-1287","United States","Voluntary: Firm initiated","Letter","Nationwide within the United States","D-0601-2021","Class III","Thiamine HCl Injection, USP 200 mg/2 mL (100mg/mL), 2 mL vials, packaged in 25 (2 mL multi-dose vial) per carton, Rx only, Manufactured for: Mylan Institutional LLC, Rockford, IL 61103 USA; Manufactured by: Mylan Institutional, Galway, Ireland. NDC: 67457-196-02","2,131 cartons","Labeling: Incorrect or Missing Lot and/or Exp Date: Cartons with the correct lot number 200906 contain vials labeled with the incorrect lot number 200901.","05/03/2021","06/01/2021","10/18/2022","06/09/2021","Lot #: 200906, Exp. Date February 2022"
"Drugs","No","05/31/2022","87809","Terminated","Fresenius Medical Care, North America","475 W 13th St","N/A","Ogden","UT","	84404-5554","United States","Voluntary: Firm initiated","Letter","USA Nationwide","D-0389-2021","Class II","Delflex Peritoneal Dialysis Solution with 1.5% Dextrose, LM/LC, packaged in a case containing 2 x 6 Liter bags, Rx only, NDC 49230-206-60, Fresenius Medical Care North America, Waltham, MA 02451","709 cases","Labeling; Label Mix-up; 4.25% DEXTROSE bag was found inside a 1.5% DEXTROSE box.","04/14/2021","05/19/2021","04/05/2022","05/26/2021","Lot #20SU03019, Exp 6/2022"
"Drugs","No","","87810","Terminated","KVK-Tech, Inc.","110 Terry Dr","N/A","Newtown","PA","	18940-3427","United States","Voluntary: Firm initiated","Letter","Distributed Nationwide in the USA","D-0386-2021","Class III","Hydrocodone Bitartrate and Homatropine Methlybromide tablets, USP, 5 mg/ 1.5 mg, 30-count bottle, Rx only, Mfd. By:KVK-Tech, Inc., Newtown, PA, 18940  NDC 10702-055-03","17,096 bottles","Failed Impurities/Degradation Specifications","04/27/2021","05/17/2021","10/05/2022","05/26/2021","Lot: 15684A, Exp 7/2021"
"Drugs","No","","87817","Terminated","Ascend Laboratories LLC","339 Jefferson Rd Ste 101","N/A","Parsippany","NJ","	07054-3707","United States","Voluntary: Firm initiated","Letter","Nationwide","D-0392-2021","Class III","Olmesartan Medoxomil Tablets, USP, 20 mg, Rx Only, 30 Tablets, Manufactured by Alkem Laboratories Ltd, Mumbai, 400 013. INDIA, Distributed by: Ascend Laboratories LLC, Parsippany, NJ, 07054, NDC 67877-446-30.","34296 bottles","Presence of Foreign Tablet/Capsule","04/29/2021","05/24/2021","02/17/2023","06/02/2021","Batch No. 20122548, Exp Date: Aug. 2022"
"Drugs","No","","87831","Terminated","Pfizer Inc.","235 East 42nd Street","N/A","New York","NY","	10017-5703","United States","Voluntary: Firm initiated","Letter","Nationwide USA","D-0384-2021","Class II","Sterile Water for Inj., USP, 25 x 100 mL Single Dose Vials per carton, Rx only, For Drug Diluent Use Only, Distributed by Hospira, Inc., Lake Forest, IL 60045 USA, NDC Carton: 0409-4887-99; NDC Vial: 0409-4887-25","49,525 vials","Presence of Particulate Matter: particulate matter identified as an insect in one vial.","05/03/2021","05/14/2021","07/29/2023","05/26/2021","Lot DN9185"
"Drugs","No","","87833","Ongoing","Preferred Pharmaceuticals, Inc.","1250 N Lakeview Ave Ste O","N/A","Anaheim","CA","	92807-1801","United States","Voluntary: Firm initiated","N/A","Distributed to two physician consignees located in FL.","D-0385-2021","Class II","Preferred Pharmaceuticals Inc., Metformin HCl, Extended Release Tab. USP 500 mg, Generic for Glucophage XR, Rx Only, Pkg Size: 100, Mfg: Time-Cap Labs Inc.; Farmingdale NY, NDC #: 68788-6932-1","147 bottles (14,700 extended release tablets)","CMGP Deviations: Presence of NDMA impurity detected in product and exceed the Acceptable Daily Intake Limit (ADI) of 96ng/day.","04/28/2021","05/16/2021","N/A","05/26/2021","Lot Codes: C2520W,Exp.12/31/2021; E0620F, Exp. 12/31/2021; G2020M, Exp. 4/30/2022; G2720A, Exp. 4/30/2022"
"Drugs","No","","87856","Terminated","Boehringer Ingelheim Pharmaceuticals, Inc.","900 Ridgebury Rd","N/A","Ridgefield","CT","	06877-1058","United States","Voluntary: Firm initiated","Letter","AR, CO, CT, LA, NC, ND, NH, NJ, OH, PA and PR","D-0600-2021","Class II","Micardis Tablets, (telmisartan Tablets) 80 mg, 30 ct. per folding cartons, Rx only, NDC 0597-0041-37), Distributed by: Boehringer Ingelheim Pharmaceuticals, Inc., Ridgefield, CT 06877","15,198 bottles (30 tablets per bottle)","Subpotent Drug","05/04/2021","05/28/2021","10/14/2021","06/09/2021","Lot #860412; SEPT 2022"
"Drugs","No","05/27/2021","87869","Terminated","SUN PHARMACEUTICAL INDUSTRIES INC","2 Independence Way","N/A","Princeton","NJ","	08540-6620","United States","Voluntary: Firm initiated","Letter","USA Nationwide","D-0372-2021","Class II","Metformin HCl Extended-Release Tablets, USP, 500 mg, packaged in 500-count bottles, Rx only, Distributed by: Sun Pharmaceutical Industries, Inc. Cranbury, NJ 08512, Manufactured by: Sun Pharmaceutical Industries Ltd., Halol-Baroda Highway, Halol-389 350, Gujarat, India, NDC 62756-142-02.    ","50868 bottles","Presence of foreign substance: identified as activated carbon.","05/04/2021","05/07/2021","06/27/2023","05/19/2021","Lots #: JKX2749A, JKX2803A, JKX2804A, JKX2805A, JKX806A, JKX2945A,JKX2946A, JXK2947A, JKX2948A, JKX2952A, JKX2953A, JKX2954A & JKX3224A, Exp 6/2032; JKX3211A, JKX3212A, Exp 7/2023."
"Drugs","No","","87871","Terminated","Lupin Pharmaceuticals Inc.","Harborplace Tower","111 S Calvert St Fl 21st","Baltimore","MD","	21202-6174","United States","Voluntary: Firm initiated","Letter","Nationwide within the United States","D-0390-2021","Class II","Cefixime for Oral Suspension USP 100 mg/5mL, 50mL HDPE bottles, Rx Only, Manufactured by: Lupin Pharmaceuticals, Inc. Baltimore, Maryland, 21202 United States, Manufactured by: Lupin Limited, Manddeep, 462 046, India, NDC 68180-405-01","3,138 bottles","Subpotent Drug","04/29/2021","05/19/2021","02/22/2022","05/26/2021","Lot #: F900787, Exp. Date 4/2021"
"Drugs","No","","87873","Completed","Oxford Pharmaceuticals, LLC","301 Leaf Lake Pkwy","N/A","Birmingham","AL","	35211-7208","United States","Voluntary: Firm initiated","Letter","USA Nationwide.","D-0602-2021","Class II","BusPIRone Hydrochloride Tablets, USP, 15 mg, 100-count bottle, Rx only, Manufactured By: Oxford Pharmaceuticals, LLC Birmingham, Alabama 35211, NDC 69584-093-10","6,864 bottles","Presence of Foreign Tablets/Capsules","05/05/2021","06/02/2021","N/A","06/09/2021","Lot #: C21021A, Exp. 03/2023"
"Drugs","No","05/17/2021","87875","Terminated","Teva Pharmaceuticals USA","400 Interpace Pkwy","N/A","Parsippany","NJ","	07054-1120","United States","Voluntary: Firm initiated","Letter","Product was distributed nationwide.","D-0374-2021","Class II","Leucovorin Calcium for Injection, equivalent to leucovorin 350 mg/vial (20 mg/mL), Rx Only, FOR IM or IV Use, Sterile, Teva Parenteral Medicines, Inc., Irvine, CA  NDC 0703-5145-01; ALSO LABELED UNDER: NOVAPLUS, Manufactured By: Teva Pharmaceuticals USA, Inc., North Wales, PA 19454 NDC 0703-5145-91 (Novaplus, a registered trademark of Vizient, Inc.)  ","192,277 cartons/1 single dose vial per carton","Lack of Assurance of Sterility","04/26/2021","05/14/2021","06/04/2024","05/26/2021","NDC 0703-5145-01: Lot # 31325332B, exp. date 08/2021, Lot # 31325756B, exp. date 09/2021 AND NDC 0703-5145-91: Lot # 31325685B, exp. date 09/2021"
"Drugs","No","","87875","Terminated","Teva Pharmaceuticals USA","400 Interpace Pkwy","N/A","Parsippany","NJ","	07054-1120","United States","Voluntary: Firm initiated","Letter","Product was distributed nationwide.","D-0375-2021","Class II","Haloperidol Decanoate Injection, USP 50 mg/mL, 1 mL Single Dose Vials, Rx Only, Sterile, 10 Vials, Teva Pharmaceuticals, USA, Inc., North Wales, PA NDC 00703-7121-03","3150 vials","Lack of Assurance of Sterility","04/26/2021","05/14/2021","06/04/2024","05/26/2021","Lot # 31325793C, exp. date 09/2021"
"Drugs","No","","87875","Terminated","Teva Pharmaceuticals USA","400 Interpace Pkwy","N/A","Parsippany","NJ","	07054-1120","United States","Voluntary: Firm initiated","Letter","Product was distributed nationwide.","D-0376-2021","Class II","Methylprednisolone Acetate Injectable Suspension USP, 40 mg/mL, 10 mL Multiple Dose Vial, Rx Only, Teva Pharmaceuticals USA, Inc., North Wales, PA 19454  NDC 0703-0045-01","7,564/1 multiple dose vial per carton","Lack of Assurance of Sterility","04/26/2021","05/14/2021","06/04/2024","05/26/2021","Lot # 31327989B, exp. date 04/2021"
"Drugs","No","05/26/2021","87875","Terminated","Teva Pharmaceuticals USA","400 Interpace Pkwy","N/A","Parsippany","NJ","	07054-1120","United States","Voluntary: Firm initiated","Letter","Product was distributed nationwide.","D-0377-2021","Class II","Metoclopramide Injection USP, 10 mg/2 mL (5 mg/mL), 2 mL Single-Use Vial, Rx Only, TEVA Parenteral Medicines, Inc. Irvine, CA 92618 NDC 0703-4502-04","3,138/25 single use vials per tray","Lack of Assurance of Sterility","04/26/2021","05/14/2021","06/04/2024","05/26/2021","Lot # 31325459B, exp. date 08/2021"
"Drugs","No","","87879","Terminated","Dr. Reddy's Laboratories, Inc.","107 College Rd E","N/A","Princeton","NJ","	08540-6623","United States","Voluntary: Firm initiated","Letter","Distributed Nationwide in the USA","D-0599-2021","Class III","Atorvastatin Calcium Tablets, USP 10 mg*, Rx Only, 500 count bottle, Mfd By: Dr. Reddy's Laboratories Limited, Bachupally 500 090, India,  NDC 55111-121-05.    ","2980 500 count -bottles","Failed Impurities -Degradation Specifications:due to presence of ATV cyclo IP and FP impurities","05/04/2021","05/27/2021","02/16/2023","06/02/2021","Lot # C905063, Exp 07/2021"
"Drugs","No","","87907","Terminated","Fresenius Medical Care Holdings, Inc.","920 Winter St Bld 950","N/A","Waltham","MA","	02451-1521","United States","Voluntary: Firm initiated","Letter","Nationwide within the United States","D-0603-2021","Class II","Sodium Chloride 0.9%, USP, 1000 mL, Mfg by: Fresenius Medical Care North America, Waltham, MA 02451, NDC 46163-0300-10  ","48 cases","Temperature Abuse: Product exposed to temperature outside specified limits.","04/28/2021","06/09/2021","09/17/2021","06/16/2021","Lot #: 20NG02095, Exp. Date October 2021"
"Drugs","No","","87907","Terminated","Fresenius Medical Care Holdings, Inc.","920 Winter St Bld 950","N/A","Waltham","MA","	02451-1521","United States","Voluntary: Firm initiated","Letter","Nationwide within the United States","D-0604-2021","Class III","DELFLEX Peritoneal Dialysis Solution with 1.5% Dextrose, 5000 mL bags, 2-pack, Rx Only, Fresenius Medical Care NA, Waltham, MA 02451, NDC 49230-0188-50    ","25 cases","Temperature Abuse: Product exposed to temperature outside specified limits.","04/28/2021","06/09/2021","09/17/2021","06/16/2021","Lot #: 20JU01001, Exp. Date February 2022"
"Drugs","No","","87907","Terminated","Fresenius Medical Care Holdings, Inc.","920 Winter St Bld 950","N/A","Waltham","MA","	02451-1521","United States","Voluntary: Firm initiated","Letter","Nationwide within the United States","D-0605-2021","Class III","DELFLEX Peritoneal Dialysis Solution with 2.5 % Dextrose, Low Magnesium, Low Calcium, packaged in a) 3000 mL 2 packs (NDC 49230-0209-23), b) 3000 mL (NDC 49230-209-30) and c) 5000 mL (NDC 49230-209-50) Rx only, Fresenius Medical Care NA Waltham, MA 02451      ","672 cases","Temperature Abuse: Product exposed to temperature outside specified limits.","04/28/2021","06/09/2021","09/17/2021","06/16/2021","Lot #: a) 20PU03043, Exp. Date June 2022; b) 20SU03036, Exp. date July 2022; c) 20Su07012, Exp. date July 2022; 21AU07021, 21AU02037, 21AU01007, 21AU01006, 21AU01019, Exp. date August 2022"
"Drugs","No","","87907","Terminated","Fresenius Medical Care Holdings, Inc.","920 Winter St Bld 950","N/A","Waltham","MA","	02451-1521","United States","Voluntary: Firm initiated","Letter","Nationwide within the United States","D-0606-2021","Class III","DELFELX Peritoneal Dialysis Solution with 4.25% Dextrose, Low Magnesium, Low Calcium, 5000 mL, Fresenius Medical Care, Waltham, MA 02451, NDC  49230-0212-50","49 cases","Temperature Abuse: Product exposed to temperature outside specified limits.","04/28/2021","06/09/2021","09/17/2021","06/16/2021","Lot #: 21AK01022, Exp. date July 2022; 20SK01022, Exp. date June 2022"
"Drugs","No","","87907","Terminated","Fresenius Medical Care Holdings, Inc.","920 Winter St Bld 950","N/A","Waltham","MA","	02451-1521","United States","Voluntary: Firm initiated","Letter","Nationwide within the United States","D-0607-2021","Class III","DELFLEX Peritoneal Dialysis Solution with 1.5% Dextrose, Low magnesium, Low Calcium and attached stay safe Exchange set, 2000 mL Fresenius Medical Care NA, Waltham, MA 02451, NDC 49230-206-92","5 cases","Temperature Abuse: Product exposed to temperature outside specified limits.","04/28/2021","06/09/2021","09/17/2021","06/16/2021","Lot #: 20SU02032, Exp. date July 2022"
"Drugs","No","","87907","Terminated","Fresenius Medical Care Holdings, Inc.","920 Winter St Bld 950","N/A","Waltham","MA","	02451-1521","United States","Voluntary: Firm initiated","Letter","Nationwide within the United States","D-0608-2021","Class III","DELFLEX Peritoneal Dialysis Solution with 2.5% Dextrose, Low magnesium, Low Calcium and attached stay safe Exchange set, packaged in a) 2500 mL  (NDC 49230-209-94) and b) 2000mL, packs of 5 (NDC 49230-209-92) Fresenius Medical Care NA, Waltham, MA 02451,","39 cases","Temperature Abuse: Product exposed to temperature outside specified limits.","04/28/2021","06/09/2021","09/17/2021","06/16/2021","Lot #: a) 20PU02010, Exp. date June 2022 and b) 20SU04033, Exp. date July 2022"
"Drugs","No","","87907","Terminated","Fresenius Medical Care Holdings, Inc.","920 Winter St Bld 950","N/A","Waltham","MA","	02451-1521","United States","Voluntary: Firm initiated","Letter","Nationwide within the United States","D-0609-2021","Class III","DELFLEX Peritoneal Dialysis Solution with 4.25% Dextrose, Low magnesium, Low Calcium and attached stay safe Exchange set, 2000 mL, packs of 5, Rx only, Fresenius Medical Care NA, Waltham, MA 02451, NDC 49230-212-92","4 cases","Temperature Abuse: Product exposed to temperature outside specified limits.","04/28/2021","06/09/2021","09/17/2021","06/16/2021","Lot #: 20PU04030, Exp. date June 2022"
"Drugs","No","","87922","Terminated","SUN PHARMACEUTICAL INDUSTRIES INC","2 Independence Way","N/A","Princeton","NJ","	08540-6620","United States","Voluntary: Firm initiated","Letter","Nationwide in the US","D-0391-2021","Class III","Cequa (cyclosporine ophthalmic solution) 0.09%, 60 Single-Use Vials (6 pouches x 10 single-use vials (0.25 mL each)), Rx only, Manufactured for Sun Pharma Global FZE by: Laboratoire Unither, Coutances, France Distributed by Sun Pharmaceutical Industries, Inc. Cranbury, NJ 08512  NDC 47335-506-96  ","N/A","Subpotent and Presence of Particulates .","05/07/2021","05/20/2021","06/17/2022","05/26/2021","Lot #  10009, exp. date 03/2022 10006, exp. date 01/2022"
"Drugs","No","","87923","Ongoing","DASH XCLUSIVE","610 S Verdugo Rd Apt 31","N/A","Glendale","CA","	91205-2730","United States","Voluntary: Firm initiated","Press Release","Nationwide within the United States","D-0628-2021","Class II","Imperia Elita Vitaccino Coffee, 10 g sachets, 15 sachets per box, Global Beauty Technologies, Manufactured for: Imperia-Elita Ltd. & Co, KG D- 35435 Wettenberg","25 pieces (boxes containing 15 sachets)","Marketed without an approved NDA/ANDA: FDA analysis determined presence of the pharmaceutical ingredients Sibutramine and Fluoxetine","05/11/2021","06/11/2021","N/A","06/23/2021","All Lots"
"Drugs","No","","87875","Terminated","Teva Pharmaceuticals USA","400 Interpace Pkwy","N/A","Parsippany","NJ","	07054-1120","United States","Voluntary: Firm initiated","Letter","Product was distributed nationwide.","D-0378-2021","Class II","Haloperidol Decanoate Injection, USP 100 mg/mL, 1 mL Single Dose Vials, Rx Only, Sterile, 10 Vials, Teva Pharmaceuticals, USA, Inc., North Wales, PA  NDC 0703-7131-03","7020 vials","Lack of Assurance of Sterility","04/26/2021","05/14/2021","06/04/2024","05/26/2021","Lot # 31325394C, exp. date 09/2021 Lot # 31327161B, exp. date 04/2022"
"Drugs","No","","87944","Terminated","Accupac, Inc.","1501 Industrial Boulevard","N/A","Mainland","PA","	19451","United States","Voluntary: Firm initiated","E-Mail","Naitonwide in the US and Puerto Rico.","D-0598-2021","Class II","Native Fluoride Toothpaste for Sensitive Teeth, with Fluoride, 5% potassium nitrate, 0.243% sodium fluoride (0.14% w/v fluoride ion), Net Wt. 4.1 oz.,116 g, , Distr by Native, San Francisco, CA 94111  NDC: 69423-903-41, UPC 0 37000 28803 9  ","2,261 cases/24 tubes per case = 54,264 tubes","Labeling: Not Elsewhere Classified; the primary label (tube) may be incorrectly labeled as Fluoride-Free instead of With Fluoride","05/13/2021","05/26/2021","08/11/2021","06/02/2021","LOT 0317M107 with expiry Oct 12 2022  LOT1075M107 with expiry Feb 16 2023"
"Drugs","No","","87950","Terminated","Teligent Pharma, Inc.","105 Lincoln Avenue","N/A","Buena","NJ","	08310","United States","Voluntary: Firm initiated","Letter","Nationwide in the United States","D-0636-2021","Class II","Diflorasone Diacetate Ointment USP, 0.05%, packaged in a)15 g (NDC 52565-063-15) and b) 30 g (NDC 52565-063-30) tubes, Rx only, Manufactured by: Teligent Pharma, Inc, Buena, NJ  08310.","6,240 tubes","Presence of Foreign Substance: Foreign particles observed during routine stability testing.","05/14/2021","06/23/2021","08/22/2022","06/30/2021","Lot #: 16264, Exp Date Nov 2022"
"Drugs","No","","87980","Ongoing","Noven Pharmaceuticals Inc","11960 Sw 144th St","N/A","Miami","FL","	33186-6109","United States","Voluntary: Firm initiated","Letter","Nationwide in the USA","D-0393-2021","Class II","Daytrana (methylphenidate transdermal system), Delivers 10 mg over 9 hours (1.1 mg/hr), 30 Patches (NDC 68968-5552-1) per box (NDC 68968-5552-3), Rx only, Manufactured for Noven Therapeutics, LLC., Miami, FL 33186; By Noven Pharmaceuticals, Inc., Miami, FL 33186.","9,587 boxes","Defective Delivery System: The number of customer complaints for ripping patches and tight release/adhesive transfer have exceeded the action limits.","05/20/2021","05/24/2021","N/A","06/02/2021","Lot: 88528 Exp. 09/2021"
"Drugs","No","","87980","Ongoing","Noven Pharmaceuticals Inc","11960 Sw 144th St","N/A","Miami","FL","	33186-6109","United States","Voluntary: Firm initiated","Letter","Nationwide in the USA","D-0394-2021","Class II","Daytrana (methylphenidate transdermal system), Delivers 15 mg over 9 hours (1.6 mg/hr), 30 Patches (NDC 68968-5553-1) per box (NDC 68968-5553-3), Rx only, Manufactured for Noven Therapeutics, LLC., Miami, FL 33186; By Noven Pharmaceuticals, Inc., Miami, FL 33186.","6,689 boxes","Defective Delivery System: The number of customer complaints for ripping patches and tight release/adhesive transfer have exceeded the action limits.","05/20/2021","05/24/2021","N/A","06/02/2021","Lot: 88530 Exp. 10/2021"
"Drugs","No","","87990","Terminated","Hill Dermaceuticals, Inc.","2650 S Mellonville Ave","N/A","Sanford","FL","	32773-9311","United States","Voluntary: Firm initiated","Letter","Nationwide within the United States","D-0637-2021","Class II","DermOtic Oil (fluocinolone acetonide oil) 0.01% Ear Drops  20 mL bottles, Rx only,  Manufactured by: Hill Dermaceuticals, Inc. Sanford, FL 32773 for: Royal Pharmaceuticals Manasquan, NJ 08736, NDC 68791-103-20","34,561 bottles for sale; 773 bottles for samples","Presence of Foreign Substance: Potential for broken glass within the glass pipette of the dropper.","05/21/2021","06/23/2021","09/28/2022","06/30/2021","Lot #: 19K036D, 19L039E Exp. 05/21; 20A001E, 20A003D, 20A003E, Exp. 07/21; 20C013G Exp. 09/21; 20E025F, 20E025G, 20E025H Exp. 12/21; 20H041D, 20H041F Exp. 02/22; 20J043E Exp. 03/22; 20K050F Exp. 04/22; 20L055E Exp. 06/22; 21C015E, 21C018E Exp. 09/22"
"Drugs","No","","88005","Terminated","Medline Industries Inc","3 Lakes Dr","N/A","Northfield","IL","	60093-2753","United States","Voluntary: Firm initiated","Letter","Distributed Nationwide in the USA and Isreal","D-0624-2021","Class III","READYPREP CHG, 2% Chlorhexidine Gluconate Cloth, 2 9x10.5 in (22.9x26.7 cm) Disposable Cloths, Non-Sterile, Single Use Only, Manufactured by Medline Industries, Inc., Northfield, IL 60093 USA.  NDC: 53329-244-01","231,936 packs","Superpotent Drug: Product is above specification for active ingredient, 2% Chlorhexidine Gluconate.","05/14/2021","06/10/2021","08/07/2024","06/16/2021","Lot #:: 19EEA027, Exp May 2021; 19GEA049, Exp August 2021; 19HEA044, Exp Sept 2021"
"Drugs","No","","87941","Ongoing","Global Sanitizers LLC","5979 S Valley View Blvd","N/A","Las Vegas","NV","	89118-3111","United States","Voluntary: Firm initiated","Letter","Product Distributed Nationwide in the USA","D-0778-2021","Class II","MEDICALLY MINDED ANTIMICROBIAL Hand Sanitizer Gel with Aloe Vera, (Ethyl Alcohol 70% v/v), 10 FL OZ / 300 mL, Manufactured by Grupo V-Klean S.A. de C.V, Calle Alborada 124, Parques del Pedregal, Tlalpan, 14250 Ciudad de Mexico, CDMX, Distributed by SBL Brands, LLC. Las Vegas, NV 89119. Made in Mexico UPC: 6 76753 00417 8","50,000 bottles","CGMP Deviations: lots and products of hand sanitizer are being recalled because they were manufactured under the same conditions as the product lot found to contain methanol.","05/12/2021","08/30/2021","N/A","09/08/2021","Lot No: GV4420205 Best By, 5/21/2022"
"Drugs","No","","87941","Ongoing","Global Sanitizers LLC","5979 S Valley View Blvd","N/A","Las Vegas","NV","	89118-3111","United States","Voluntary: Firm initiated","Letter","Product Distributed Nationwide in the USA","D-0779-2021","Class II","MEDICALLY MINDED Hand Sanitizer Gel, ANTIMICROBIAL FORMULA, (Ethyl Alcohol 70% v/v),  8.5 FL OZ  (250 mL) bottle, Manufactured by Asiaticon, S.A. de C.V. Conkal 62, Jardines del Ajusco, Tlalpan, Ciudad de Mexico, C.P. 14200, Distributed by SBL Brands, LLC. Las Vegas, NV 89119. Made in Mexico UPC 6 76753 00414 7","50,000 bottles","CGMP Deviations:  lots and products of hand sanitizer are being recalled because they were manufactured under the same conditions as the product lot found to contain methanol.","05/12/2021","08/30/2021","N/A","09/08/2021","Lot No: E372020, ""Best Buy"": 5/21/2022;"
"Drugs","No","06/15/2021","88008","Terminated","McKesson Corporation dba McKesson Drug Company","4853 Crumpler Rd","N/A","Memphis","TN","	38141-8301","United States","Voluntary: Firm initiated","Letter","Nationwide in the US","D-0630-2021","Class III","Levetiracetam Tablets USP, 250 mg UD 100 Tablets (10x10) boxes, Rx Only, Distributed By: McKesson Corporation 4971 Southridge Blvd., Suite 101 Memphis, TN 38141  Manufactured by: Aurobindo Pharma Limited Hyderabad-500 090, India  NDC 63739-795-10","210 cartons","Labeling; Wrong Barcode; error in the machine-readable barcode which could result in some units being read as Naproxen Tablets 500 mg. Product is labeled correctly as Levetiracetam","05/26/2021","06/15/2021","09/29/2022","06/16/2021","Lot: 0000124916 Exp. 09/30/2022"
"Drugs","No","07/07/2021","88033","Terminated","VIONA PHARMACEUTICALS INC","20 Commerce Dr Ste 340","N/A","Cranford","NJ","	07016-3617","United States","Voluntary: Firm initiated","Letter","Nationwide in the US","D-0640-2021","Class II","Metformin Hydrochloride Extended-Release Tablets, USP 750 mg, 100 Tablets, Rx only, Manufactured by: Cadila Healthcare Ltd. Ahmedabad, India. Distributed by: Viona Pharmaceuticals Inc. Cranford, NJ 07016  NDC 72578-036-01","21240 bottles","CGMP Deviations: Detection of N-Nitrosodimethylamine (NDMA) levels in excess of the Acceptable Daily Intake Limit.","06/01/2021","06/24/2021","05/31/2023","06/30/2021","Lot M915601 & M915602, Oct 2021"
"Drugs","No","","88041","Terminated","Dr. Reddy's Laboratories, Inc.","107 College Rd E","N/A","Princeton","NJ","	08540-6623","United States","Voluntary: Firm initiated","Letter","Nationwide within the United States","D-0629-2021","Class III","Atorvastatin Calcium Tablets, USP 10 mg, 500-count bottles, Rx Only, Dr. Reddy's Mfd. By: Dr. Reddy's Laboratories Limited, Bachupally, 500-090 India, NDC 55111-121-05.","5984 bottles","Failed Impurities/Degradation Specifications: due to presence of ATV cyclo IP and FP impurities","06/04/2021","06/11/2021","02/16/2023","06/23/2021","Lot #: C905064, C905065, Exp. Date 07/2021"
"Drugs","No","","87917","Terminated","DIBAR NUTRICIONAL S DE RL DE CV","Sargento Manuel De La Rosa #145","Col Chapultepec Sur","Morelia","N/A","	N/A","Mexico","Voluntary: Firm initiated","Press Release","Distributed Nationwide in the USA","D-0645-2021","Class II","DiBAR LABS Hand Sanitizer, (ethyl alcohol 70%), packaged as a) 16 FL OZ (473.1 mL) bottle, NDC 73009-001-16, UPC 8 53090 00302 0 and b) 8 FL OZ (236.5 mL) bottle, NDC 73009-0001-08, UPC 8 53090 00301 3; Distributed by: S.E.N.D, LLC., Anthony, NM  88021; Imported by: Dibar Labs, LLC., Sugar Land, TX  77479, Made in Mexico.  ","Unknown quantity","CGMP Deviations: Other lots and products of hand sanitizer recalled because they were manufactured under the same conditions as the product lots found to contain methanol.  ","05/11/2021","06/29/2021","03/08/2023","07/07/2021","All lots"
"Drugs","No","","87917","Terminated","DIBAR NUTRICIONAL S DE RL DE CV","Sargento Manuel De La Rosa #145","Col Chapultepec Sur","Morelia","N/A","	N/A","Mexico","Voluntary: Firm initiated","Press Release","Distributed Nationwide in the USA","D-0646-2021","Class II","ProtectoRx (ethyl alcohol 70%), packaged in a) 2 FL OZ (59 mL), NDC 75408-002-01 and b) 16 FL OZ (473.2 mL), NDC 75408-002-02 bottles, Imported by: Dibar Labs, LLC., Sugar Land, TX  77479; Distributed by: PR Trading LLC, PO Box 19647, San Juan, PR  00910, Made in Mexico.  ","Unknown quantity","CGMP Deviations: Other lots and products of hand sanitizer recalled because they were manufactured under the same conditions as the product lots found to contain methanol.  ","05/11/2021","06/29/2021","03/08/2023","07/07/2021","All lots."
"Drugs","No","","87917","Terminated","DIBAR NUTRICIONAL S DE RL DE CV","Sargento Manuel De La Rosa #145","Col Chapultepec Sur","Morelia","N/A","	N/A","Mexico","Voluntary: Firm initiated","Press Release","Distributed Nationwide in the USA","D-0647-2021","Class II","ADVANCE HAND SANITIZER, (ethyl alcohol 70%), 16 FL OZ (473.2 mL), Imported by: Dibar Labs, LLC,.Sugar Land, TX 77479, Distributed by: Lifetime Health Services, Pharr, TX 78577, Made in Mexico, NDC; 79284-005-00. UPC 8 60004 06470 1    ","Unknown quantity","CGMP Deviations: Other lots and products of hand sanitizer recalled because they were manufactured under the same conditions as the product lots found to contain methanol.  ","05/11/2021","06/29/2021","03/08/2023","07/07/2021","All lots"
"Drugs","No","","88070","Terminated","World Source Llc","145 Oakwoods Dr","N/A","Wakefield","RI","	02879-2512","United States","Voluntary: Firm initiated","Letter","Product was distributed to two hospitals in NY.","D-0632-2021","Class II","QiYu Hand Sanitizer Gel, ethanol, 500 mL bottles (pump), Manufacturer Guangzhou Minghui Cosmetics Co., Ltd., Baiyun District, Guanzhou","6,300 bottles","Subpotent","06/09/2021","06/16/2021","06/09/2022","06/23/2021","Manufacturer's lot # 20200320, exp. date March 2022  WorldSource LLC, Item # TCM004"
"Drugs","No","","88077","Ongoing","Pfizer Inc.","235 East 42nd Street","N/A","New York","NY","	10017-5703","United States","Voluntary: Firm initiated","Letter","Nationwide","D-0699-2021","Class II","Chantix (varenicline) tablets, 0.5mg*, 56 Tablets, Rx Only, Distributed by Pfizer Labs, Division of Pfizer Inc., NY, NY 10017, Made in Ireland.  NDC 0069-0468-56 ","59,232 bottles","CGMP Deviations: Presence of the N-nitroso-varenicline impurity above FDA s acceptable interim acceptable intake limit","06/09/2021","07/30/2021","N/A","08/11/2021","Lots 00019213, Exp 31 Jan 2022 &  EC6994, Exp May 31, 2023"
"Drugs","No","","88079","Terminated","Bausch Health Companies, Inc.","400 Somerset Corporate Blvd","N/A","Bridgewater","NJ","	08807-2867","United States","Voluntary: Firm initiated","Letter","Nationwide within the United States","D-0638-2021","Class III","Mephyton (Phytonadione) 5 mg tablets, 100-count tablets, Rx Only, Manufactured for: Valeant Pharmaceuticals North America, LLC, Bridgewater, NJ, 08807, USA, NDC 0187-1704-05.","2,691 bottles","Failed Impurities/Degradation Specifications","06/08/2021","06/23/2021","02/16/2023","06/30/2021","Lot #: 19D012P, Exp Date 07/2021; 20D096P, Exp Date 10/2022"
"Drugs","No","","88079","Terminated","Bausch Health Companies, Inc.","400 Somerset Corporate Blvd","N/A","Bridgewater","NJ","	08807-2867","United States","Voluntary: Firm initiated","Letter","Nationwide within the United States","D-0639-2021","Class III","Phytonadione Tablets, 5 mg, 30-count ablets, Rx only, Manufactured for: Oceanside Pharmaceuticals, a division of Valeant Pharmaceuticals North America LLC, Bridgewater, NJ 08807 USA, NDC 68682-170-30","37,797 bottles","Failed Impurities/Degradation Specifications","06/08/2021","06/23/2021","02/16/2023","06/30/2021","Lot #:19D013P, Exp Date 07/2021; 20D099P, Exp Date 10/2022"
"Drugs","No","","87907","Terminated","Fresenius Medical Care Holdings, Inc.","920 Winter St Bld 950","N/A","Waltham","MA","	02451-1521","United States","Voluntary: Firm initiated","Letter","Nationwide within the United States","D-0610-2021","Class III","DELFLEX Peritoneal Dialysis Solution with 1.5% Dextrose, Low magnesium, Low Calcium, packaged in a) 3000 mL bags (NDC 49230-206-30)  and b) 5000mL bags, 2 packs (NDC 49230-206-50), Rx only, Fresenius Medical Care NA, Waltham, MA 02451","285 cases","Temperature Abuse: Product exposed to temperature outside specified limits.","04/28/2021","06/09/2021","09/17/2021","06/16/2021","Lot #: a) 20SU03060, Exp Date. July 2022; b) 21AU02015, 21AU02038, Exp. Date August 2022"
"Drugs","No","","88090","Terminated","CIPLA","10 Independence Blvd","N/A","Warren","NJ","	07059-2730","United States","Voluntary: Firm initiated","Letter","Nationwide within the United States","D-0660-2021","Class II","Solifenacin Succinate Tablets, 10 mg, 30-count bottles, Rx Only, Manufactured by: Cipla Ltd., Verna, Goa, India Manufactured for Cipla USA, Inc. 1560 Sawgrass Corporate Parkway, Suite 130, Sunrise, FL, 33323, NDC 69097-261-02.","7228 bottles","CGMP Deviations","06/10/2021","07/15/2021","01/10/2024","07/21/2021","Lot #: GG90819, Exp. Date 06/2021"
"Drugs","No","","88091","Terminated","AVKARE Inc.","615 N 1st St","N/A","Pulaski","TN","	38478-2403","United States","Voluntary: Firm initiated","Letter","Distributed in Los Angeles California","D-0631-2021","Class III","Phytonadione Tablets 5 mg, Rx Only, 30 Tablets (3x10) Unit Dose, Manufactured for: AvKARE Pulaski, TN 38478. NDC 50268-661-13","10 cartons","Failed Impurities Specification: Out of specification when measuring the impurity degradant D level.","06/09/2021","06/16/2021","06/02/2023","06/23/2021","Lot: 38617 Exp. 10/2022"
"Drugs","No","","88097","Terminated","Prisma Health Outsourcing Facility","1071 Holland Rd Ste 2","N/A","Simpsonville","SC","	29681-5709","United States","Voluntary: Firm initiated","E-Mail","Distributed in South Carolina","D-0648-2021","Class III","Ketamine HCl Injection Solution, 10 mg / 2 mL (5 mg/mL), Rx Only, Compounded by Prisma Health Outsourcing Facility 1071 Holland Rd. Suite 2 Simpsonville, SC 29681.  NDC: 73463-0100-01","109 syringes","Labeling: Incorrect Exp. Date: Incorrect BUD.","06/08/2021","07/02/2021","09/21/2021","06/23/2021","Lots: K10521042 and K20521043 Exp. 08/31/2021."
"Drugs","No","","88100","Terminated","Genentech Inc","1 Dna Way","N/A","South San Francisco","CA","	94080-4918","United States","Voluntary: Firm initiated","Letter","Product was distributed nationwide","D-0650-2021","Class II","Xolair (omalizumab) Injection, 150 mg/1 mL, 1 prefilled syringe, Rx Only, For Subcutaneous Use. Single-Dose Prefilled Syringe. Product of France, Manufactured by: Genentech, Inc. A Member of the Roche Group, South San Francisco, CA 9480-4990. NDC: 50242-215-01","88,620 prefilled syringes","Failed Stability Specifications: Out of Specification results of Polysorbate 20 (PS20) content were detected at the 12 month testing time point.","06/09/2021","07/06/2021","08/11/2022","07/14/2021","Lot No.: 3352758, Exp. Date Aug 2021; Lot No.: 3352759, Exp. Date Aug 2021"
"Drugs","No","","88077","Ongoing","Pfizer Inc.","235 East 42nd Street","N/A","New York","NY","	10017-5703","United States","Voluntary: Firm initiated","Letter","Nationwide","D-0700-2021","Class II","Chantix (varenicline)Tablets, Contains: 1 Starting Week (0.5 mg* x 11 tablets), 3 Continuing Weeks (1 mg x 42 tablets), Rx Only, Distributed by Pfizer Labs, Division of Pfizer Inc, NY, NY 10017, Made in Ireland,  NDC 0069-0471-03.","350,985 cartons","CGMP Deviations: Presence of the N-nitroso-varenicline impurity above FDAs acceptable interim acceptable intake limit","06/09/2021","07/30/2021","N/A","08/11/2021","Lots 00020231, Exp 30 Sept 2021;  00020232, Exp 30 Nov 2021;  00020357, Exp 31 Dec 2021;  00020358, Exp 31, Jan 2022;  00020716, Exp 31, Jan 2022 ;  ET1600, Exp 31, Jan 2023;  ET1607, Exp 31, Jan 2023 &  ET1609, Exp 31, Jan 2023."
"Drugs","No","","88140","Ongoing","HOYU(US) LOGISTICS INC","2130 E Del Amo Blvd","N/A","Compton","CA","	90220-6302","United States","Voluntary: Firm initiated","Letter","Product was destroyed nationwide.","D-0643-2021","Class II","QiYu Hand Sanitizer (ethyl alcohol 75% (v/v)), 16.9 FL OZ (500 ML) bottles, Manufactured by: Guangzhou Minghui Cosmetics Co., Ltd, Baiyun District, Guanzhou, China Distributed by HoYu (US) Logistics Inc UPC 6 926645 716288","30,880 bottles","Subpotent","06/22/2021","06/29/2021","N/A","07/07/2021","Lot # Q20200320, exp. date 03/19/2022"
"Drugs","No","","88145","Terminated","Teligent Pharma, Inc.","105 Lincoln Avenue","N/A","Buena","NJ","	08310","United States","Voluntary: Firm initiated","Letter","Nationwide","D-0689-2021","Class III","Erythromycin Topical Solution USP, 2% 60 mL, Rx Only, Teligent Pharma, Inc.,  Buena, NJ 08310, NDC 52565-027-59","7872 tubes","Failed Impurities/Degradation Specifications","06/22/2021","07/19/2021","07/03/2024","07/28/2021","Lot 14180"
"Drugs","No","","88159","Completed","Innoveix Pharmaceuticals Inc","3790 Arapaho Rd","N/A","Addison","TX","	75001-4311","United States","Voluntary: Firm initiated","Letter","Nationwide within the United States","D-0692-2021","Class II","Compounded Lyophilized Semorelin/Ipamorelin 3 mg For subcutaneous or intramuscular injection, Rx Only, Compounded by: Innoveix Addison, TX 75001 800-370-1910","728 vials","Lack of Assurance of Sterility","07/09/2021","07/20/2021","N/A","07/28/2021","Lot #: SIP215 Exp. 01/14/2022, SIP220 Exp. 01/23/2022, SIP210 Exp. 12/15/2021"
"Drugs","No","","88159","Completed","Innoveix Pharmaceuticals Inc","3790 Arapaho Rd","N/A","Addison","TX","	75001-4311","United States","Voluntary: Firm initiated","Letter","Nationwide within the United States","D-0693-2021","Class II","Compounded Lyophilized AOD-9604, 3 mg For subcutaneous or intramuscular injection, Rx Only, Compounded by: Innoveix Addison, TX 75001 800-370-1910","1,316 vials","Lack of Assurance of Sterility","07/09/2021","07/20/2021","N/A","07/28/2021","Lot #: AOD205 Exp. 11/09/2021; AOD210 Exp. 11/18/2021; AOD215 Exp. 12/15/2021; AOD220 Exp. 01/20/2022."
"Drugs","No","","88145","Terminated","Teligent Pharma, Inc.","105 Lincoln Avenue","N/A","Buena","NJ","	08310","United States","Voluntary: Firm initiated","Letter","Nationwide","D-0690-2021","Class III","Erythromycin Topical Gel, 2%, Net Wt. (a) 30 g,(NDC 52565-033-30) (b) 60 g,(NDC 52565-033-60) Rx Only, Manufactured by: Teligent Pharma, Inc. , Buena, NJ 08310,     ","22,824 tubes","Failed Impurities/Degradation Specifications","06/22/2021","07/19/2021","07/03/2024","07/28/2021","1) NDC 52565-033-30    Lot 14010, Exp July 2021;     2) NDC 52565-033-60    Lot 13865, Exp June 2021; Lot 14011, Exp July 2021."
"Drugs","No","","87511","Terminated","Sanit Technologies, LLC dba Durisan","7810 25th Ct E Unit 106","N/A","Sarasota","FL","	34243-2841","United States","Voluntary: Firm initiated","Letter","Nationwide in the USA and Bahamas","D-0658-2021","Class II","Durisan Antimicrobial Solutions (benzalkonium chloride) Hand Sanitizer, listed as 0.1% or 0.13%, Alcohol-Free, packaged in a) 18 mL Net Content 0.61 fl oz credit card size container, (UPC 8 52379 00614 1); b) 50 mL Net Content 1.69 oz bottle, (UPC 8 52379 00634 9 and 8 52379 00612 7); c) 118 mL Net Content 4 oz bottle, (UPC 8 52379 00634 9 and 8 52379 00612 9); d) 236.58 mL Net Content 8 oz bottle, (UPC 8 52379 00635 6); e) 250 mL Net Contents 8.45 oz (UPC 8 52379 00611 0); f) 300 mL Net Content 10 oz bottle, (UPC 8 52379 00697 4); g) 550 mL Net Content 18.59 oz bottle, (UPC 8 52379 00620 2) ; h) 1000 mL Net Content 33.81 oz kidney bottle dispensing 0.4 or 0.8 each actuation, (UPC 8 50008 48507 7 and 8 52379 00610 3); and i) 1 Gallon Net Content 128 oz bottle, (UPC 8 52379 00621 9); Sanit Technologies, LLC 7810 25th Court East, Unit 106 Sarasota, Florida 34243","8,609,863 credit card size containers, 665,395 bottles, and 70,462 kidney bottles TOTAL","CGMP Deviations: lots recalled due to CGMP deviations because they were manufactured under the same conditions as product lots found to be contaminated.","03/10/2021","07/13/2021","01/19/2022","07/21/2021","Lots: DHS041519A1-S, DHS041519A2-S, DHS041519A3-S, DHS041519A4-S, DHS041519A5-S, DHS041519A6-S, Exp. 5/15/2021; DHS042919AR1-S, Exp. 5/29/2021; DHS043019AR1-S, Exp. 5/30/2021;   DHS050319A4-S, Exp. 6/03/2021; DHS053019A1-S, DHS053019A2-S, DHS053019A4-S, DHS053019A5-S, DHS053019A6-S, Exp. 6/30/2021; DHS070219A1-S, DHS070219A2-S, DHS070219A3-S, DHS070219A4-S, DHS070219A5-S, DHS070219A6-S, DHS070219AB-S, Exp. 8/2/2021; DHS080219A1-S, Exp. 9/2/2021; DHS091819A1-S, Exp 10/18/2021; DHS032820B1-S, Exp 4/28/2022; DHS051520A1R1-S, Exp. 6/15/2022; DHS052020A1R1-S, DHS052020B1R1-S, DHS052020CR1-S, Exp. 6/20/2022; DHS052220A1R1-S, Exp. 6/22/2022; DHS052720C1R1-S, Exp 6/27/2022; DHS052920A1R1-S, DHS052920B1R1-S, DHS052920C1R1-S, Exp 6/29/2022; DHS060320C1R1-S, Exp. 7/3/2022; DHS060520C1R1-S, DHS060520F1R1-S, Exp. 7/5/2022; DHS060820E1R1-S, Exp. 7/8/2022; DHS061220A1R1-S, Exp. 7/12/2022; DHS061920B1R1-S, Exp. 7/19/2022; DHS062320B1R1-S, Exp. 7/23/2022; DHS062420B1R1-S, Exp. 7/24/2022; DHS081120A1-S, Exp. 9/11/2022; DHS081220A1R1-S, Exp 9/12/2022; DHS081420B1-S, DHS081420B3-S, DHS081420B6-S, DHS081420B8-S, Exp. 9/14/2022; DHS081720A3-S, DHS081720A5-S, Exp. 9/17/2022"
"Drugs","No","","87511","Terminated","Sanit Technologies, LLC dba Durisan","7810 25th Ct E Unit 106","N/A","Sarasota","FL","	34243-2841","United States","Voluntary: Firm initiated","Letter","Nationwide in the USA and Bahamas","D-0659-2021","Class II","Durisan Antimicrobial Solutions (benzalkonium chloride) Hand Sanitizing Wipes, 0.13%, packaged in 80-count canister (UPC 8 52379 00632 5), b) 160-count canister (UPC 8 52379 00631 8), and c) 240-count canister (UPC 8 52379 00633 2); Sanit Technologies, LLC, 7810 25th Court East, Sarasota, Florida 34243.","43,164 canisters TOTAL","CGMP Deviations: lots recalled due to CGMP deviations because they were manufactured under the same conditions as product lots found to be contaminated.","03/10/2021","07/13/2021","01/19/2022","07/21/2021","DHS041519A1-S, DHS041519A2-S, DHS041519A3-S, DHS041519A4-S, DHS041519A5-S, DHS041519A6-S, Exp. 5/15/2021; DHS042919AR1-S, Exp. 5/29/2021; DHS043019AR1-S, Exp. 5/30/2021; DHS050319A4-S, Exp. 6/03/2021; DHS053019A1-S, DHS053019A2-S, DHS053019A4-S, DHS053019A5-S, DHS053019A6-S, Exp. 6/30/2021; DHS070219A1-S, DHS070219A2-S, DHS070219A3-S, DHS070219A4-S, DHS070219A5-S, DHS070219A6-S, DHS070219AB-S, Exp. 8/2/2021; DHS080219A1-S, Exp. 9/2/2021; DHS091819A1-S, Exp 10/18/2021; DHS032820B1-S, Exp 4/28/2022; DHS051520A1R1-S, Exp. 6/15/2022; DHS052020A1R1-S, DHS052020B1R1-S, DHS052020CR1-S, Exp. 6/20/2022; DHS052220A1R1-S, Exp. 6/22/2022; DHS052720C1R1-S, Exp 6/27/2022; DHS052920A1R1-S, DHS052920B1R1-S, DHS052920C1R1-S, Exp 6/29/2022; DHS060320C1R1-S, Exp. 7/3/2022; DHS060520C1R1-S, DHS060520F1R1-S, Exp. 7/5/2022; DHS060820E1R1-S, Exp. 7/8/2022; DHS061220A1R1-S, Exp. 7/12/2022; DHS061920B1R1-S, Exp. 7/19/2022; DHS062320B1R1-S, Exp. 7/23/2022; DHS062420B1R1-S, Exp. 7/24/2022; DHS081120A1-S, Exp. 9/11/2022; DHS081220A1R1-S, Exp 9/12/2022; DHS081420B1-S, DHS081420B3-S, DHS081420B6-S, DHS081420B8-S, Exp. 9/14/2022; DHS081720A3-S, DHS081720A5-S, Exp. 9/17/2022"
"Drugs","No","","88164","Terminated","Partner Therapeutics Inc","2625 162nd St Sw","N/A","Lynnwood","WA","	98087-3263","United States","Voluntary: Firm initiated","E-Mail","Product was distributed to one government account (ASPR)","D-0655-2021","Class III","LEUKINE (Sargramostim) for Injection, 250 mcg/ vial, 5mL vials, 5 (250 mcg vials) per box, Rx only, Mfd by Partner Therapeutics, Inc. Lexington, MA 02421, NDC 71837-5843-5","32,260 vials","FAILED STABILITY SPECIFICATION: Out-of-specification (OOS) result observed for Leukine (sargramostim) at the 27-month stability timepoint.","06/23/2021","07/13/2021","02/07/2023","07/21/2021","Lot #: E8023E, exp. date 11/30/2022"
"Drugs","No","","88182","Terminated","Grato Holdings, Inc.","201 Apple Blvd","N/A","Woodbine","IA","	51579-1503","United States","Voluntary: Firm initiated","Two or more of the following: Email, Fax, Letter, Press Release, Telephone, Visit","FL","D-0653-2021","Class III","B-Force, Homeopathic, 1 Fl Oz (30 mL) bottle, Distributed by: BioActive Nutritional, Inc., Melbourne, FL 32935, NDC 43857-0576-1","1480 bottles","Superpotent","06/18/2021","07/12/2021","10/18/2022","07/21/2021","Lot: Z61917"
"Drugs","No","","88193","Terminated","Eli Lilly & Company","839 S Delaware St","N/A","Indianapolis","IN","	46225-1782","United States","Voluntary: Firm initiated","Letter","OH, MS, IN","D-0720-2021","Class II","Zyprexa Intramuscular, Olanzapine for Injection, 10 MG per Single Use Vial, Rx only, Marketed by: Lilly USA, LLC, Indianapolis, IN 46285, NDC# 0002-7597-01","36,540 vials","cGMP deviations: Atypical appearance, decrease in size and change in color of the lyophilized cake of drug product.","06/29/2021","08/11/2021","07/29/2023","08/18/2021","Lot # 197"
"Drugs","No","","88194","Terminated","Fresenius Kabi USA LLC","2020 N Ruby St","N/A","Melrose Park","IL","	60160-1112","United States","Voluntary: Firm initiated","Letter","Distributed Nationwide in the USA","D-0651-2021","Class II","Xylocaine-MPF with Epinephrine 1:200,000, (Lidocaine HCl and Epinephrine Injection, USP), 1%, 300 mg/30 mL, (10 mg/mL), 30 mL Single Dose Vial, 25 Vials per Tray, Rx only, Fresenius Kabi USA, LLC, Lake Zurich, IL 60047. Vial NDC  63323-487-07, Tray NDC 63323-487-37","234,800 vials","Low out of specification results for epinephrine assay.","06/25/2021","07/07/2021","12/28/2022","07/14/2021","Batch, expiry: Batch 6123435, exp 01/2022; 6124730, 6124731, exp 07/2022"
"Drugs","No","","88222","Terminated","Cascade Kelly Holdings LLC","81200 Kallunki Rd","N/A","Clatskanie","OR","	97016-2244","United States","Voluntary: Firm initiated","Letter","Distributed to the firm's affiliated facilities and donated third party recipients located in the following states: CT, MA, ME, ND, NY, OR, PA, TX, VT.","D-0697-2021","Class II","Global Hand Sanitizer with moisturizer, Alcohol-based Antiseptic 80%, Non-sterile Topical Solution, 4 fl. oz./119 mL, Alcohol 80% v/v, Manufactured by: Cascade Kelly Holdings LLC, NDC 80253-001-01","N/A","CGMP Deviations: Does not meet monograph for denaturant.","06/30/2021","07/30/2021","07/20/2022","08/11/2021","All distributed lots within expiry"
"Drugs","No","","88222","Terminated","Cascade Kelly Holdings LLC","81200 Kallunki Rd","N/A","Clatskanie","OR","	97016-2244","United States","Voluntary: Firm initiated","Letter","Distributed to the firm's affiliated facilities and donated third party recipients located in the following states: CT, MA, ME, ND, NY, OR, PA, TX, VT.","D-0698-2021","Class II","Global Hand Sanitizer with moisturizer, Alcohol-based Antiseptic 80%, Non-sterile Topical Solution, 8 fl. oz./236 mL, Alcohol 80% v/v, Manufactured by: Cascade Kelly Holdings LLC, NDC 80253-001-02","N/A","CGMP Deviations: Does not meet monograph for denaturant.","06/30/2021","07/30/2021","07/20/2022","08/11/2021","All distributed lots within expiry"
"Drugs","No","","88224","Terminated","The Harvard Drug Group","17187 N Laurel Park Dr Ste 300","N/A","Livonia","MI","	48152-2600","United States","Voluntary: Firm initiated","Letter","Distributed in OH and NJ","D-0652-2021","Class II","NIFEdipine EXTENDED-RELEASE TABLETS, USP 30 mg Rx only packaged as a) 100 count unit dose carton, NDC 0904-7080-61; b) 50 count unit dose carton, NDC 0904-7080-06: Distributed by: Ingenus Pharmaceuticals, LLC Orlando, FL 32839-6408  Distributed by: Major Pharmaceuticals 17177 N Laurel Park Dr., Suite 233 Livonia, MI 48152 USA","504 Cartons of 50 count each; 372 Cartons of 100 count each","Failed Dissolution Specification: Out of specification for dissolution during routine stability testing.","07/02/2021","07/09/2021","12/28/2022","07/21/2021","Lots: a)N00418 Exp. 09/2022, b) N00417 Exp. 09/2022"
"Drugs","No","","88227","Terminated","Aurobindo Pharma USA Inc.","279 Princeton Hightstown Rd","N/A","East Windsor","NJ","	08520-1401","United States","Voluntary: Firm initiated","N/A","Nationwide","D-0719-2021","Class II","Sulfamethoxazole and Trimethoprim Tablets, USP, 800mg/160mg Double Strength, 500 Tablets,  Rx Only, Distributed by: Aurobindo Pharma USA, Inc. 279 Princeton-HIghtstown Road, EAs Windsor, NJ 08520, Made in India, NDC 65862-420-05","3800 bottles","Presence of Foreign Substance- Potential of metal contamination.","07/07/2021","08/10/2021","10/18/2023","08/18/2021","Batch SP1D19082AA3 &  Batch SP1D19085AA3; Exp 08/2022"
"Drugs","No","","88244","Terminated","LNK International, Inc.","55 Arkay Dr","N/A","Hauppauge","NY","	11788-3707","United States","Voluntary: Firm initiated","Letter","Distributed in PA","D-0665-2021","Class III","Acetaminophen EXTRA STRENGTH Pain Reliever / Fever Reducer, Enteric Coated, 50 Coated Tablets/ 500 mg each, Distributed by Amerisource Bergen, 1300 Morris Drive, Chesterbrook, PA, 19087, NDC 46122-649-71","8,472 bottles","Labeling: Not Elsewhere Classified The primary label contains the words ""enteric coated"" but the tablet is not enteric coated and should only say 'coated tablet'","07/07/2021","07/16/2021","05/04/2023","07/28/2021","Lot # P120999, Exp 07/31/2022"
"Drugs","No","","88077","Ongoing","Pfizer Inc.","235 East 42nd Street","N/A","New York","NY","	10017-5703","United States","Voluntary: Firm initiated","Letter","Nationwide","D-0701-2021","Class II","Chantix (varenicline) tablets, 1 mg, 56 Tablets, Rx Only, Distributed by Pfizer Labs, Division of Pfizer Inc., NY, NY 10017, Made in Ireland.  NDC 0069-0469-56 ","69,6396 bottles","CGMP Deviations: Presence of the N-nitroso-varenicline impurity above FDAs acceptable interim acceptable intake limit","06/09/2021","07/30/2021","N/A","08/11/2021","Lots EC9843, Exp 31, Mar 2023;  EA6080, Exp. 31, Mar 2023."
"Drugs","No","","88275","Terminated","NATIVE PROMOTIONS, INC","1927 S Boston Ave Ste 205","N/A","Tulsa","OK","	74119-5200","United States","Voluntary: Firm initiated","Letter","Tribal nations in the following states: NC, MS, NY, FL, AL, SC, ME, CT, MA, VA, TX, LA, RI","D-0793-2021","Class II","QiYu Hand Sanitizer (ethyl alcohol 75% (v/v)), 16.9 FL OZ (500 ML) bottles, Manufactured by: Guangzhou Minghui Cosmetics Co., Ltd, Baiyun District, Guanzhou, China Distributed by Native Promotional Products, Tulsa, OK NDC 74447-010","4,320 bottles","Subpotent","07/12/2021","09/09/2021","09/29/2023","09/15/2021","Production Batch No.: Q20200510"
"Drugs","No","","88288","Ongoing","Johnson & Johnson Consumer, Inc.","199 Grandview Rd","N/A","Skillman","NJ","	08558-1311","United States","Voluntary: Firm initiated","Two or more of the following: Email, Fax, Letter, Press Release, Telephone, Visit","Nationwide in US","D-0831-2021","Class II","Aveeno Protect + Refresh sunscreen weightless spray with oat SPF 60, Avobenzone (3%), Homosalate (10%), Octisalate (5%), Octocrylene (10%), NET WT. 5.0  (OZ) (141 g) aerosol can, Distributed by: Johnson & Johnson Consumer Inc., Skillman, NJ 08558 UPC 3 8137-119462 9","134,280 cans","cGMP Deviations","07/14/2021","09/24/2021","N/A","10/06/2021","All lots within expiry."
"Drugs","No","","88289","Terminated","API Solutions Inc.","25309 Friendship Rd","N/A","Daphne","AL","	36526-6278","United States","Voluntary: Firm initiated","Letter","AL, AZ, CO, FL, VA","D-0695-2021","Class II","Estriol USP41 Micro 25 Grams, Distributed by: A.P.I. Solutions 25309 Friendship Rd Daphne, AL  Distributed by: Syntec Pharma Corp., NY MFT by: Wuhan Fortune Chemical Co., Ltd., China, NDC: 46144-300-01","20 bottles","cGMP Deviations","07/15/2021","07/28/2021","02/08/2022","08/04/2021","Lot #: ETL181001, Exp 10/09/2021"
"Drugs","No","","88289","Terminated","API Solutions Inc.","25309 Friendship Rd","N/A","Daphne","AL","	36526-6278","United States","Voluntary: Firm initiated","Letter","AL, AZ, CO, FL, VA","D-0696-2021","Class II","Azelaic Acid 99.0+% Micro 500 Grams, Distributed By: A.P.I. Solutions Daphne Alabama  Manufactured by: Yicheng Chemicals Corp. China Distributed by: Syntec Pharma Corp New York","1 bottle","cGMP Deviations","07/15/2021","07/28/2021","02/08/2022","08/04/2021","Lot #: AZA181105, Exp 11/09/2021"
"Drugs","No","","88293","Terminated","Teligent Pharma, Inc.","105 Lincoln Avenue","N/A","Buena","NJ","	08310","United States","Voluntary: Firm initiated","Letter","Nationwide","D-0751-2021","Class II","Econazole Nitrate Cream 1%, 85 grams bulk shippers, Rx Only,  Teligent Pharma, Inc. Buena, New Jersey 08310, NDC 52565-022-85 ; packaged in tubes.","14688 tubes","Correct Labeled Product Mispack","07/19/2021","08/18/2021","08/16/2024","08/25/2021","Lot # 16630; Exp 03/2023"
"Drugs","No","","88303","Ongoing","HIS ENTERPRISE INC","460 Bergen Blvd Ste 222","N/A","Palisades Park","NJ","	07650-2358","United States","Voluntary: Firm initiated","N/A","USA nationwide.","D-0770-2021","Class II","Miss Slim, capsules, packaged in 10-count and 30-count box, Distributed by : His Enterprise Made in USA UPC 742137605030","N/A","Marketed without ANDA/NDA approval","07/20/2021","08/26/2021","N/A","09/01/2021","all lots"
"Drugs","No","","88309","Terminated","Dr. Reddy's Laboratories, Inc.","107 College Rd E","N/A","Princeton","NJ","	08540-6623","United States","Voluntary: Firm initiated","Letter","Nationwide within the United States","D-0750-2021","Class II","Tizanidine HCl Tablets, USP 4 mg, 150-count bottles, Rx only, Mfd By: Dr. Reddy's Laboratories limited, Srikakulam District, 532 409 INDIA, NDC 55111-180-15.","37560 bottles","Failed Tablet/Capsule Specification: Some tablets are shaved","07/19/2021","08/18/2021","12/21/2022","08/25/2021","Lot #: T2000471, exp date 09/2023"
"Drugs","No","","88310","Terminated","High Performance Formulas, L.L.C. (HPF, L.L.C.)","2001 Makefield Rd","N/A","Yardley","PA","	19067-3127","United States","Voluntary: Firm initiated","Two or more of the following: Email, Fax, Letter, Press Release, Telephone, Visit","Product was distributed nationwide.","D-0727-2021","Class II","Cholestene capsules, 1200 mg of red yeast rice per 2 capsules, 120-count bottle, Manufactured by: High Performance Formulas, L.L.C. (HPF, L.L.C.) P.O. Box 1311, Morrisville, PA 19067, UPC 640485-10093-4","14,848 bottles","Marketed Without an Approved NDA/ANDA","07/26/2021","08/15/2021","05/04/2023","08/25/2021","Lot #30317, exp. date 02/2026"
"Drugs","No","","88322","Terminated","Spirit Pharmaceuticals","2004 Orville Dr N Ste 2","N/A","Ronkonkoma","NY","	11779-7645","United States","Voluntary: Firm initiated","Letter","USA Nationwide","D-0729-2021","Class II","Acetaminophen 325 mg tablets, Regular Strength Pain Reliever, 100-count bottle, Distributed by: Walmart Inc., Bentoville, AR 72716, NDC 79903-052-10","N/A","cGMP deviations: Discolored acetaminophen","06/16/2021","08/16/2021","09/07/2022","08/25/2021","Lot #: S210240, Exp. 03/2023"
"Drugs","No","","88326","Terminated","Professional Disposables International, Inc","400 Chestnut Ridge Rd","N/A","Woodcliff Lake","NJ","	07677-7604","United States","Voluntary: Firm initiated","Letter","Distributed Nationwide in the US","D-0758-2021","Class II","PDI Povidone-Iodine Prep Pad MEDIUM, 1 Prep Pad [2.0x2.5 in (5.1x6.4 cm)], Professional Disposables International Inc., Orangeburg, NY 10962-1376 Reorder No. B40600; UPC (01)00310819000147, NDC 10819-3883-1,","53588 cases","SubPotent: Out of Specification","07/23/2021","08/20/2021","05/31/2023","09/01/2021","Lot #'s       EXP date 11800977, 2021-07-31;  11800978 2021-08-02; 11800979 2021-08-04; 11801123 2021-08-06; 11801124 2021-08-09; 11801125 2021-08-15; 11801126 2021-08-16; 11801228 2021-08-28; 11801230 2021-09-11; 11801231 2021-09-13; 11801232 2021-09-18; 11801234 2021-10-25; 11801417 2021-10-28; 11801418 2021-11-01; 11801419 2021-11-07; 11801420 2021-11-15; 11801421 2021-11-20; 11801709 2021-11-29; 11801710 2021-12-04; 11900195 2022-02-19; 11900196 2022-02-21; 11900197 2022-02-25; 11900370 2022-04-01; 11900372 2022-04-03; 11900371 2022-04-05; 11900647 2022-05-04; 11900623 2022-05-21; 11900624 2022-05-24; 11900646 2022-05-29; 11900967 2022-08-13; 11900968 2022-08-26; 11900969 2022-08-28; 11901043 2022-09-11; 11901044 2022-09-18; 11901318 2022-10-03; 11901330 2022-10-08; 11901331 2022-10-16; 11901446 2022-10-28; 11901447 2022-11-19; 11901448 2022-12-19; 11901739 2023-01-02; 11901752 2023-01-09; 12000045 2023-01-14; 12000048 2023-01-18; 12000046 2023-01-21; 12000047 2023-01-24; 12000333 2023-01-25; 12000675 2023-02-16; 12000334 2023-02-27; 12000335 2023-02-27; 12000336 2023-02-28; 12000676 2023-03-16; 12000815 2023-03-29; 12000816 2023-05-05; 12000914 2023-05-13; 12000915 2023-05-18; 12000951 2023-05-22; 12000950 2023-06-01; 12001366 2023-08-12; 12001367 2023-08-14; 12001368 2023-08-17; 12001370 2023-08-21; 12001369 2023-08-21; 12001371 2023-08-25; 12001372 2023-09-30; 12001818 2023-09-30; 12001820 2023-09-30; 12001819 2023-11-30; 12001821 2023-11-30; 12001822 2023-11-30; 12001972 2023-12-31; 12001973 2023-12-31; 12001974 2023-12-31; 12001975 2023-12-31; 12001976 2023-12-31; 12001977 2023-12-31; 12001978 2023-12-31; 12100080 2023-12-31; 12100081 2023-12-31; 12100082 2024-02-29; 12100084 2024-02-29; 12100447 2024-03-31;                  11800978, 11800979, 11801123, 11801124, 11801125, 11801126, 11801228, 11801230, 11801231, 11801232, 11801234, 11801417,11801418, 11801419,  11801420, 11801421, 11801709, 11801710, 11900195, 11900196, 11900197, 11900370, 11900371, 11900372, 11900623, 11900624, 11900646, 11900647, 11900967, 11900968, 11900969, 11901043, 11901044, 11901318, 11901330, 11901331, 11901446, 11901447, 11901448, 11901739, 11901752, 12000045, 12000046, 12000047, 12000048, 12000333,  12000334, 12000335, 12000336, 12000675, 12000676, 12000815, 12000816, 12000914, 12000915, 12000950, 12000951, 12001366, 12001367, 12001368, 12001369, 12001370,  12001371, 12001372, 12001818, 12001819, 12001820, 12001821, 12001822, 12001972, 12001973, 12001974, 12001975, 12001976, 12001977, 12001978, 12100080, 12100081, 12100082, 12100084 and 12100447"
"Drugs","No","","88288","Ongoing","Johnson & Johnson Consumer, Inc.","199 Grandview Rd","N/A","Skillman","NJ","	08558-1311","United States","Voluntary: Firm initiated","Two or more of the following: Email, Fax, Letter, Press Release, Telephone, Visit","Nationwide in US","D-0832-2021","Class II","Neutrogena COOLDRY SPORT sunscreen spray SPF 30, Avobenzone (3%), Homosalate (8%), Octisalate (5%), Octocrylene (8%), a) Net Wt 5.0 oz (141g) (UPC 0 86800 10035 5) and b) Net Wt. 8 oz. (226 g) UPC 0 86800 10031 7 aerosol can, Distributed by: JOHNSON & JOHNSON CONSUMER INC., Skillman, NJ 08858,","a) 223,884; b) 245,880 cans","cGMP Deviations","07/14/2021","09/24/2021","N/A","10/06/2021","All lots within expiry."
"Drugs","No","","88288","Ongoing","Johnson & Johnson Consumer, Inc.","199 Grandview Rd","N/A","Skillman","NJ","	08558-1311","United States","Voluntary: Firm initiated","Two or more of the following: Email, Fax, Letter, Press Release, Telephone, Visit","Nationwide in US","D-0833-2021","Class II","Neutrogena Beach Defense water + sun protection sunscreen spray BROAD SPECTRUM SPF 30, Avobenzone (3%), Homosalate (8%), Octisalate (5%), Octocrylene (8%), a) NET WT. 6.5 OZ (184 g) (UPC 0 86800 87273 3) and b) NET WT. 8.5 oz (240 g) (UPC 0 86800 10032 4) aerosol can, Distributed by JOHNSON & JOHNSON CONSUMER, INC. Skillman, NJ 08858  ","a) 1,265,724  b) 1,052,544cans","cGMP Deviations","07/14/2021","09/24/2021","N/A","10/06/2021","All lots within expiry."
"Drugs","No","","88342","Ongoing","Noven Pharmaceuticals Inc","11960 Sw 144th St","N/A","Miami","FL","	33186-6109","United States","Voluntary: Firm initiated","Letter","Nationwide.","D-0724-2021","Class II","Combipatch (estradiol/norethindrone acetate transdermal system) 0.05/0.14 mg per day, 50/140 Twice Weekly, Rx Only a) 2 Systems NDC 68968-0514-2 b) 8 Systems NDC 68968-0514-8, Mfd. by: Noven Pharmaceuticals, Inc., Miami, Florida 33186, Dist. by: Noven Therapeutics LLC, Miami, Florida 33186","223,382 boxes","Failed Stability Specifications; out of specification for shear.","07/30/2021","08/13/2021","N/A","08/25/2021","Lots: 88542 Exp. 03/2022; 88227 Exp. 12/2021; 88696 Exp. 05/2022; 89357 Exp. 08/2022"
"Drugs","No","","88342","Ongoing","Noven Pharmaceuticals Inc","11960 Sw 144th St","N/A","Miami","FL","	33186-6109","United States","Voluntary: Firm initiated","Letter","Nationwide.","D-0725-2021","Class II","Combipatch (estradiol/norethindrone acetate transdermal system) 0.05/0.25 mg per day 50/250 Twice Weekly Rx Only a) 2 Systems NDC 68968-0525-2; b) 8 Systems NDC 68968-0525-8, Mfd. by: Noven Pharmaceuticals, Inc., Miami, Florida 33186, Dist. by: Noven Therapeutics LLC, Miami, Florida 33186","70,638 boxes","Failed Stability Specifications; out of specification for shear.","07/30/2021","08/13/2021","N/A","08/25/2021","Lots: 88540 Exp. 03/2022; 89118 Exp. 05/2022; 89244 Exp. 07/2022; 89244 (sample lot) Exp. 07/2022"
"Drugs","No","","88288","Ongoing","Johnson & Johnson Consumer, Inc.","199 Grandview Rd","N/A","Skillman","NJ","	08558-1311","United States","Voluntary: Firm initiated","Two or more of the following: Email, Fax, Letter, Press Release, Telephone, Visit","Nationwide in US","D-0834-2021","Class II","Neutrogena COOLDRY SPORT sunscreen spray BROAD SPECTRUM SPF 50, Avobenzone (3%), Homosalate (10%), Octisalate (5%), Octocrylene (10%), NET WT 5.0 OZ (141 g) aerosol can, Distributed by: JOHNSON & JOHNSON CONSUMER, INC. Skillman, NJ 08858, UPC 0 86800 10036 2","867,816 cans","cGMP Deviations","07/14/2021","09/24/2021","N/A","10/06/2021","All lots within expiry."
"Drugs","No","","88288","Ongoing","Johnson & Johnson Consumer, Inc.","199 Grandview Rd","N/A","Skillman","NJ","	08558-1311","United States","Voluntary: Firm initiated","Two or more of the following: Email, Fax, Letter, Press Release, Telephone, Visit","Nationwide in US","D-0835-2021","Class II","Neutrogena COOLDRY SPORT sunscreen spray BROAD SPECTRUM SPF 70, Avobenzone (3%), Homosalate (15%), Octisalate (5%), Octocrylene (10%), NET WT. 5.0 OZ (141 g) aerosol can, Distributed by: JOHNSON & JOHNSON CONSUMER, INC. Skillman, NY 08858,   UPC 0 86800 10037 9","678,384 cans","cGMP Deviations","07/14/2021","09/24/2021","N/A","10/06/2021","All lots within expiry."
"Drugs","No","","88288","Ongoing","Johnson & Johnson Consumer, Inc.","199 Grandview Rd","N/A","Skillman","NJ","	08558-1311","United States","Voluntary: Firm initiated","Two or more of the following: Email, Fax, Letter, Press Release, Telephone, Visit","Nationwide in US","D-0836-2021","Class II","Neutrogena Ultra Sheer body mist sunscreen BROAD SPECTRUM SPF 30,  Avobenzone (3%), Homosalate (8%), Octisalate (5%), Octocrylene (8%), Net Wt. 5.0 OZ (141 g) aerosol can, Distributed by: JOHNSON & JOHNSON CONSUMER, INC. Skillman, NY 08858  UPC 0 86800 10038 6","1,611,180 cans","cGMP Deviations","07/14/2021","09/24/2021","N/A","10/06/2021","All lots within expiry"
"Drugs","No","","88288","Ongoing","Johnson & Johnson Consumer, Inc.","199 Grandview Rd","N/A","Skillman","NJ","	08558-1311","United States","Voluntary: Firm initiated","Two or more of the following: Email, Fax, Letter, Press Release, Telephone, Visit","Nationwide in US","D-0837-2021","Class II","Neutrogena Ultra Sheer body mist sunscreen BROAD SPECTRUM SPF 45, Avobenzone (3%), Homosalate (10%), Octisalate (5%), Octocrylene (10%), a) Net Wt. 5 OZ (141 g) (UPC 0 86800 10039 3) and b) Net Wt. 8.0 oz. (226 g) (UPC 0 86800 11134 4) aerosol can, Distributed by: JOHNSON & JOHNSON CONSUMER, INC. Skillman, NJ, 08858,","a) 5oz-1,282,488; b) 8oz-475,476 cans","cGMP Deviations","07/14/2021","09/24/2021","N/A","10/06/2021","All lots within expiry."
"Drugs","No","","88288","Ongoing","Johnson & Johnson Consumer, Inc.","199 Grandview Rd","N/A","Skillman","NJ","	08558-1311","United States","Voluntary: Firm initiated","Two or more of the following: Email, Fax, Letter, Press Release, Telephone, Visit","Nationwide in US","D-0838-2021","Class II","Neutrogena Ultra Sheer body mist sunscreen BROAD SPECTRUM SPF 70,  Avobenzone (3%), Homosalate (15%), Octisalate (5%), Octocrylene (10%), NET WT. 5.0 OZ (141 g) aerosol can, Distributed by: JOHNSON & JOHNSON CONSUMER, INC. Skillman, NJ 08858, UPC 0 86800 10040 9","2,724,480 cans","cGMP Deviations","07/14/2021","09/24/2021","N/A","10/06/2021","All lots within expiry."
"Drugs","No","","88288","Ongoing","Johnson & Johnson Consumer, Inc.","199 Grandview Rd","N/A","Skillman","NJ","	08558-1311","United States","Voluntary: Firm initiated","Two or more of the following: Email, Fax, Letter, Press Release, Telephone, Visit","Nationwide in US","D-0839-2021","Class II","Neutrogena Ultra Sheer body mist sunscreen BROAD SPECTRUM SPF 100+, Avobenzone (3%), Homosalate (15%), Octisalate (5%), Octocrylene (10%), Oxybenzone (15%), NET WT. 5.0 OZ (141 g) aerosol can, Distributed by: JOHNSON & JOHNSON CONSUMER INC. Skillman, NJ 08858, UPC 0 86800 10041 6","3,985,392 cans","cGMP Deviations","07/14/2021","09/24/2021","N/A","10/06/2021","All lots within expiry."
"Drugs","No","","88288","Ongoing","Johnson & Johnson Consumer, Inc.","199 Grandview Rd","N/A","Skillman","NJ","	08558-1311","United States","Voluntary: Firm initiated","Two or more of the following: Email, Fax, Letter, Press Release, Telephone, Visit","Nationwide in US","D-0840-2021","Class II","Neutrogena COOLDRY SPORT sunscreen spray BROAD SPECTRUM SPF 100, Avobenzone (3%), Homosalate (15%), Octisalate (5%), Octocrylene (10%), Oxybenzone (6%) aerosol can, NET WT. 5.0 OZ (141 g) Distributed by: JOHNSON & JOHNSON CONSUMER, INC. Skillman, NJ 08858, UPC 0 86800 10143 7","405,264 cans","cGMP Deviations","07/14/2021","09/24/2021","N/A","10/06/2021","All lots within expiry."
"Drugs","No","","88288","Ongoing","Johnson & Johnson Consumer, Inc.","199 Grandview Rd","N/A","Skillman","NJ","	08558-1311","United States","Voluntary: Firm initiated","Two or more of the following: Email, Fax, Letter, Press Release, Telephone, Visit","Nationwide in US","D-0841-2021","Class II","Neutrogena Beach Defense water+sun protection sunscreen spray BROAD SPECTRUM SPF 100, Avobenzone (3%), Homosalate (15%), Octisalate (5%), Octocrylene (10%), Oxybenzone (6%), NET WT. 6.5 OZ (184 g) aerosol can, Distributed by: JOHNSON & JOHNSON CONSUMER, INC. Skillman, NJ 08858, UPC 0 86800 10144 4","876,960 cans","cGMP Deviations","07/14/2021","09/24/2021","N/A","10/06/2021","All lots within expiry."
"Drugs","No","","88288","Ongoing","Johnson & Johnson Consumer, Inc.","199 Grandview Rd","N/A","Skillman","NJ","	08558-1311","United States","Voluntary: Firm initiated","Two or more of the following: Email, Fax, Letter, Press Release, Telephone, Visit","Nationwide in US","D-0842-2021","Class II","Neutrogena COOLDRY SPORT WITH MICROMESH SUNSCREEN SPRAY Broad Spectrum SPF 50, Avobenzone 2.7%, Homosalate 5%, Octisalate 4.5%, Octocrylene 6%, Oxybenzone 4.5%. NET WT. 5.5 OZ. (155 g) aerosol can, Distributed by: JOHNSON & JOHNSON CONSUMER, INC. Skillman, NJ 08858, UPC 0 86800 11033 0","1,448,520 cans","cGMP Deviations","07/14/2021","09/24/2021","N/A","10/06/2021","All lots within expiry."
"Drugs","No","","88288","Ongoing","Johnson & Johnson Consumer, Inc.","199 Grandview Rd","N/A","Skillman","NJ","	08558-1311","United States","Voluntary: Firm initiated","Two or more of the following: Email, Fax, Letter, Press Release, Telephone, Visit","Nationwide in US","D-0843-2021","Class II","Neutrogena Invisible Daily defense body spray sunscreen BROAD SPECTRUM SPF 60+, Avobenzone (3%), Homosalate (10%), Octisalate (5%), Octocrylene (10%), NET WT. 5.0 OZ. (141 g) aerosol can, Distributed by: JOHNSON & JOHNSON CONSUMER, INC. Skillman, NJ 08858, UPC 0 86800 11154 2","88,380 cans","cGMP Deviations","07/14/2021","09/24/2021","N/A","10/06/2021","All lots within expiry."
"Drugs","No","","88288","Ongoing","Johnson & Johnson Consumer, Inc.","199 Grandview Rd","N/A","Skillman","NJ","	08558-1311","United States","Voluntary: Firm initiated","Two or more of the following: Email, Fax, Letter, Press Release, Telephone, Visit","Nationwide in US","D-0846-2021","Class II","Neutrogena Beach Defense water+sun protection sunscreen spray BROAD SPECTRUM SPF 70, Avobenzone (3%), Homosalate (15%), Octisalate (5%), Octocrylene (10%), a) NET WT. 6.5 OZ. (184 g) (UPC 0 86800 87274 0) and b) NET WT. 8.5 OZ. (240 g) (UPC 0 86800 10048 5) aerosol can, Distributed by: JOHNSON & JOHNSON CONSUMER, INC. Skillman, NJ 08858","a) 3,672,204; b) 11,180 cans","cGMP Deviations","07/14/2021","09/24/2021","N/A","10/06/2021","All lots within expiry"
"Drugs","No","","88370","Terminated","Teva Pharmaceuticals USA","400 Interpace Pkwy","N/A","Parsippany","NJ","	07054-1120","United States","Voluntary: Firm initiated","Letter","Product was distributed nationwide.","D-0774-2021","Class II","Cyclobenzaprine Hydrochloride Tablets, 7.5mg, 100 count tablets per bottle, Rx Only, Manufactured by: Actavis Laboratories FL, Inc. Fort Lauderdale, FL 33314, Distributed by: Actavis Pharma, Inc., Parsippany, NJ  07054, NDC 0591-3330-01    ","9,655 bottles","CGMP Deviations: Out of specification (OOS) test result for Total Aerobic Microbial Count (TAMC) and Total Yeast and Mold Count (TYMC)  for an excipient batch of Dibasic Calcium Phosphate.","07/29/2021","08/27/2021","11/04/2022","09/08/2021","1408821A, exp. date 08/2023 (labeler - Teva)"
"Drugs","No","","88371","Terminated","ANHUI WELCOME FOREIGN TRADE CO.,LTD.","Changhe Kechuang Mansion Room 1602","No. 677 Changjiang West Rd","Hefei","N/A","	N/A","China","Voluntary: Firm initiated","Letter","Distributed to: INTERNATIONAL NATURE NUTRACEUTICALS.INC. 39 BOWERY PMB 193,NEW YORK,NY 10002,U.S.A.   ","D-0755-2021","Class II","Pi yen chin Ophthalmic Redness Reliever Drops Made in China, Net Wt.: 10 ml (0.34 fl/oz) Exclusive U.S. Distributor: (Chinese writing)International Nature Nutraceuticals, Inc. New York, NY 10002 www.INNHERB.com. Konzon NDC 51367-008-10","63,750","Labeling: Not Elsewhere Classified; The packaging states these are ophthalmic drops. However, they are manufactured as nasal drops and sterility cannot be assured.","08/12/2021","08/20/2021","12/23/2021","09/01/2021","Lot 180901 Exp: 8/2021 Lot 190601 Exp: 5/2022 Lot 191201 Exp: 11/2022 Lot 200701 Exp:6/2023 Lot 201101 Exp: 10/2023 Lot 210501 Exp: 4/2024"
"Drugs","No","","88376","Terminated","SUN PHARMACEUTICAL INDUSTRIES INC","2 Independence Way","N/A","Princeton","NJ","	08540-6620","United States","Voluntary: Firm initiated","Letter","Northstar Distribution Center 4853 Crumpler Rd. Memphis, TN 38141","D-0703-2021","Class II","Venlafaxine Tablets, USP 50 mg*, 100 Tablets  Manufactured for Northstar Rx LLC Memphis, TN 38141 Manufactured by: ALKALOIDA Chemical Company Zrt. 4440 Tiszavasvari, Kabay Janos u.29.Hungary. Product of India NDC 16714-657-01","2856 bottles","Presence of Forein Tablets/Capsules; Venlafaxine Tablets, USP 37.5 mg found in bottles labeled as Venlafaxine Tablets, USP, 50 mg    ","07/29/2021","08/06/2021","06/08/2023","08/18/2021","AVK1175A, exp 9/2023"
"Drugs","No","","88377","Ongoing","Teligent Pharma, Inc.","105 Lincoln Avenue","N/A","Buena","NJ","	08310","United States","Voluntary: Firm initiated","Letter","USA Nationwide","D-0769-2021","Class II","Erythromycin Topical Solution USP, 2%, 60mL bottle, Rx only, Teligent Pharma, Inc. Buena, NJ 08310, NDC 52565-027-59","7488 bottles","Defective container: possibility for lack of seal integrity.","07/29/2021","08/25/2021","N/A","09/01/2021","Lot #: 14892, Exp 1/2022"
"Drugs","No","","88382","Terminated","Teligent Pharma, Inc.","105 Lincoln Avenue","N/A","Buena","NJ","	08310","United States","Voluntary: Firm initiated","Letter","Distributed Nationwide in the USA","D-0785-2021","Class III","Lidocaine Ointment USP, 5% Rx Only, Net Wt 35.44 g(1 1/4 oz)packaged in a laminat tube, Teligent Pharma, Inc. Buena, New Jersey 08310, NDC 52565-008-14.","114,456 tubes","Failed Viscosity Specifications: lot does not meet specification for Viscosity, which was determined through routine testing.","07/29/2021","08/31/2021","08/15/2024","09/08/2021","Lot #: 15378, Exp 3/2023; 14418 EXP 10/2021"
"Drugs","No","","88390","Terminated","Novel Laboratories, Inc. d.b.a LUPIN","400 Campus Dr","N/A","Somerset","NJ","	08873-1145","United States","Voluntary: Firm initiated","Letter","Nationwide","D-0726-2021","Class II","GaviLyteTM - C PEG-3350 (240g) and Electrolytes for Oral Solution, USP with Flavor Pack Manufactured by Novel Laboratories, Inc. Somerset, NJ 08873, USA Manufactured for Lupin Pharmaceuticals, Inc. Baltimore, MD 21202  NDC  43386-060-19","20,814 bottles","Failed Stability Specification; Out of specification for Osmolarity","07/29/2021","08/13/2021","11/14/2022","08/25/2021","Lot S001133, exp 7/2022"
"Drugs","No","","88391","Terminated","Macleods Pharma Usa Inc","666 Plainsboro Rd Bldg 200 Ste 230","N/A","Plainsboro","NJ","	08536-0009","United States","Voluntary: Firm initiated","Letter","Product was distributed nationwide.","D-0787-2021","Class II","Clopidogrel Tablets, USP, 75 mg, 500-count bottle, Rx only, Manufactured for: Macleods Pharma USA, Inc., Plainsboro, NJ 08536, Manufactured by: Macleods Pharmaceutical Ltd., Baddi, Himachal, Pradesh, INDIA  NDC 33342-060-15","444,000 tablets / 888 unit packs of 500 count","Presence of foreign matter","08/02/2021","08/31/2021","12/02/2022","09/08/2021","Lot # BCA82021A, Exp 06/2023"
"Drugs","No","08/12/2021","88392","Terminated","PAI Holdings, LLC. dba Pharmaceutical Associates Inc","1700 Perimeter Rd","N/A","Greenville","SC","	29605-5252","United States","Voluntary: Firm initiated","Letter","Distributed Nationwide in the USA","D-0721-2021","Class II","Nystatin Oral Suspension, USP 100,000 units per mL, Cherry/Peppermint Flavor, Rx ONLY,  packaged in a) 16 fl oz (473 mL) NDC 0121-0868-16; b) 2 fl oz (60 mL) NDC 0121-0868-02; Manufactured by: Pharmaceutical Associates, Inc. Greenville, SC 29605","a) 1002 cases (12 bottles/case); b) 458 cases (24 bottles/case)","Lack of CGMP: This recall is being carried out due to potential for carry over of Senna Syrup.","07/29/2021","08/12/2021","12/02/2022","08/18/2021","Lots: a) C98F, C990 Exp. 30SEP2022, C9C2 Exp. 31OCT2022; b) C9E1 Exp. 31OCT2022"
"Drugs","No","08/12/2021","88392","Terminated","PAI Holdings, LLC. dba Pharmaceutical Associates Inc","1700 Perimeter Rd","N/A","Greenville","SC","	29605-5252","United States","Voluntary: Firm initiated","Letter","Distributed Nationwide in the USA","D-0722-2021","Class II","Cimetidine Hydrochloride Oral Solution 300 mg/5 mL,  8 fl oz (237 mL) Rx ONLY, Pharmaceutical Associates, Inc. Greenville, SC 29605, NDC 0121-0649-08","400 cases (12 bottles/case)","Lack of CGMP: This recall is being carried out due to potential for carry over of Senna Syrup.","07/29/2021","08/12/2021","12/02/2022","08/18/2021","Lot: C62F Exp. 31OCT2022"
"Drugs","No","08/12/2021","88392","Terminated","PAI Holdings, LLC. dba Pharmaceutical Associates Inc","1700 Perimeter Rd","N/A","Greenville","SC","	29605-5252","United States","Voluntary: Firm initiated","Letter","Distributed Nationwide in the USA","D-0723-2021","Class II","Ethosuximide Oral Solution USP 250 mg/5 mL, 16 fl oz (473 mL), Rx ONLY,  Pharmaceutical Associates, Inc. Greenville, SC 29605, NDC 0121-0670-16","75 cases (6 bottles/case)","Lack of CGMP: This recall is being carried out due to potential for carry over of Senna Syrup.","07/29/2021","08/12/2021","12/02/2022","08/18/2021","Lot: C9BC Exp. 31OCT2022"
"Drugs","No","","88394","Terminated","BayCare Integrated Service Center, LLC /dba BayCare Central Pharmacy","7802 E Telecom Pkwy","N/A","Temple Terrace","FL","	33637-0928","United States","Voluntary: Firm initiated","E-Mail","FL","D-0702-2021","Class II","Succinylcholine Chloride 100 mg/5 mL (20 mg/mL), 5 mL Syringes, Rx only, For IV Use only, BayCare Central Pharmacy, 7802 E. Telecom Parkway, Temple Terrace, FL 33837","253 syringes","Lack of sterility assurance","07/30/2021","08/04/2021","10/22/2021","08/11/2021","Lot: SUCC10020210624 Exp. 09/22/2021"
"Drugs","No","","88326","Terminated","Professional Disposables International, Inc","400 Chestnut Ridge Rd","N/A","Woodcliff Lake","NJ","	07677-7604","United States","Voluntary: Firm initiated","Letter","Distributed Nationwide in the US","D-0759-2021","Class II","PDI Povidone-Iodine Prep Pad Large, 1 Prep Pad, Professional Disposable International, Inc., Orangeburg, NY 10962 -1376 USA Reorder No C12400 NDC 10819-3883-3, UPC (01)00310819000154","1982 cases","SubPotent: Out of Specification","07/23/2021","08/20/2021","05/31/2023","09/01/2021","Lot #'s 11801215, EXP 2021-08-22; 11801504, EXP 2021-11-06; 11801717,EXP 2021-12-07; 11900421, EXP 2022-04-04; 11901076, EXP 2022-08-29; 11901571, EXP 2022-11-19; 12000388, EXP 2023-03-13; 12001533 EXP 2023-07-28;  12100459 EXP 2024-03-31;"
"Drugs","No","","88326","Terminated","Professional Disposables International, Inc","400 Chestnut Ridge Rd","N/A","Woodcliff Lake","NJ","	07677-7604","United States","Voluntary: Firm initiated","Letter","Distributed Nationwide in the US","D-0760-2021","Class II","PDI Povidine Iodine Swabstick (1's), 1 swabstick, Professional Disposable International, Inc. Orangeburg, NY 10962 -1376 Reorder No S41350 NDC 10819-3885-1, UPC (01)00310819000178.","41,105 cases","SubPotent: Out of Specification","07/23/2021","08/20/2021","05/31/2023","09/01/2021","Lot #'s 11900790, EXP 2021-07-25; 11900919, EXP 2021-07-28; 11900920, EXP 2021-08-12;  11900921, EXP 2021-08-15; 11901106, EXP 2021-08-27; 11901107, EXP 2021-08-30; 11901128, EXP 2021-09-05; 11901129, EXP 2021-09-12;11901249, EXP 2021-09-25; 11901250, EXP 2021-10-17; 11901391, EXP 2021-10-19; 11901392, EXP 2021-10-22; 11901438, EXP 2021-10-24; 11901439, EXP 2021-10-08; 11901457, EXP 2021-11-07; 11901541, EXP 2021-11-18; 11901603, EXP 2021-11-19; 11901604, EXP 2021-12-19; 11901669, EXP 2021-12-19; 11901670, EXP 2021-11-16; 11901702, EXP 2021-12-02; 11901703, EXP 2021-12-14; 12000082, EXP 2021-12-19; 12000083, EXP 2022-01-24; 12000118, EXP 2022-01-03; 12000119, EXP 2022-01-30; 12000249, EXP 2022-01-10; 12000250, EXP 2022-01-10; 12000348, EXP 2022-02-13; 12000349, EXP 2022-02-28; 12000398, EXP 2022-02-05; 12000456, EXP 2022-03-12; 12000457, EXP 2022-03-12; 12000683, EXP 2022-03-23; 12000684, EXP 2022-03-30; 12000685, EXP 2022-04-04; 12000922, EXP 2022-05-15; 12000923, EXP 2022-05-19; 12000927, EXP 2022-05-21;  12000989, EXP 2022-06-15; 12000990, EXP 2022-06-05; 12000991, EXP 2022-06-10; 12001154, EXP 2022-06-26; 12001155, EXP 2022-06-24; 12001231, EXP 2022-07-26; 12001232, EXP 2022-07-21; 12001243, EXP 2022-07-03; 12001244, EXP 2022-07-04; 12001537, EXP 2022-08-31; 12001538, EXP 2022-08-31; 12001539, EXP 2022-08-31; 12001540, EXP 2022-09-30; 12001666, EXP 2022-09-30; 12001667, EXP 2022-09-30; 12001668, EXP 2022-09-30; 12001669, EXP 2022-09-30; 12001841, EXP 2022-10-31; 12001842, EXP 2022-10-31; 12001959, EXP 2022-10-31; 12002072, EXP 2022-11-30; 12100123, EXP 2023-02-28; 12100124, EXP 2023-02-28; 12100454, EXP 2023-03-31; 12100455, EXP 2023-03-31; 12100590, EXP 2023-04-30; 12100591, EXP 2023-04-30;"
"Drugs","No","","88326","Terminated","Professional Disposables International, Inc","400 Chestnut Ridge Rd","N/A","Woodcliff Lake","NJ","	07677-7604","United States","Voluntary: Firm initiated","Letter","Distributed Nationwide in the US","D-0761-2021","Class II","PDI Povidone-Iodine Swabstick (3's), 3 Swabsticks, Professional Disposable International, Inc., Orangeburg, NY 10962 -1376  Reorder No S41125 NDC 10819-3885-2, UPC (01)00310819000185","51,926 cases","SubPotent: Out of Specification","07/23/2021","08/20/2021","05/31/2023","09/01/2021","Lot #'s 11900761, EXP 2022-11-03; 11900917, EXP 2022-11-04; 11900918, EXP 2022-11-05; 11901008, EXP 2022-11-06; 11901009, EXP 2022-11-07; 11901124, EXP 2022-11-08; 11901125, EXP 2022-11-09; 11901126, EXP 2022-11-10;11901127, EXP 2022-11-11; 11901179, EXP 2022-11-12; 11901180, EXP 2022-11-13; 11901247, EXP 2022-11-14; 11901248, EXP 2022-11-15; 11901388, EXP 2022-11-16;11901389, EXP 2022-11-17; 11901390, EXP 2022-11-18; 11901419, EXP 2022-11-19; 11901420, EXP 2022-11-20; 11901480, EXP 2022-11-21; 11901558, EXP 2022-11-22;11901590, EXP 2022-11-23; 11901591, EXP 2022-11-24; 11901592, EXP 2022-11-25; 11901691, EXP 2022-11-26; 11901692, EXP 2022-11-27; 12000054, EXP 2022-11-28; 12000055, EXP 2022-11-29; 12000116, EXP 2022-11-30; 12000117, EXP 2022-12-01; 12000172, EXP 2022-12-02; 12000173, EXP 2022-12-03; 12000189, EXP 2022-12-04; 12000190, EXP 2022-12-05; 12000287, EXP 2022-12-06; 12000288, EXP 2022-12-07; 12000346, EXP 2022-12-08; 12000347, EXP 2022-12-09; 12000452, EXP 2022-12-10; 12000453, EXP 2022-12-11; 12000454, EXP 2022-12-12; 12000455, EXP 2022-12-13; 12000679, EXP 2022-12-14; 12000680, EXP 2022-12-15; 12000681, EXP 2022-12-16; 12000682, EXP 2022-12-17; 12000881, EXP 2022-12-18; 12000882, EXP 2022-12-19; 12000883, EXP 2022-12-20; 12000884, EXP 2022-12-21; 12001003, EXP 2022-12-22; 12001004, EXP 2022-12-23; 12001005, EXP 2022-12-24; 12001006, EXP 2022-12-25; 12001150, EXP 2022-12-26; 12001151, EXP 2022-12-27; 12001184, EXP 2022-12-28; 12001283, EXP 2022-12-29; 12001284, EXP 2022-12-30; 12001285, EXP 2022-12-31; 12001510, EXP 2023-01-01; 12001513, EXP 2023-01-02; 12001514, EXP 2023-01-03; 12001515, EXP 2023-01-04; 12001598, EXP 2023-01-05; 12001599, EXP 2023-01-06; 12001600, EXP 2023-01-07; 12001786, EXP 2023-01-08; 12001789, EXP 2023-01-09; 12001790, EXP 2023-01-10; 12001843, EXP 2023-01-11; 12001844, EXP 2023-01-12; 12001981, EXP 2023-01-13; 12001982, EXP 2023-01-14; 12002006, EXP 2023-01-15; 12002007, EXP 2023-01-16; 12002148, EXP 2023-01-17; 12002149, EXP 2023-01-18; 12100119, EXP 2023-01-19; 12100120, EXP 2023-01-20; 12100237, EXP 2023-01-21; 12100238, EXP 2023-01-22; 12100239, EXP 2023-01-23; 12100240, EXP 2023-01-24; 12100456, EXP 2023-01-25; 12100457, EXP 2023-01-26; 12100537, EXP 2023-01-27;"
"Drugs","No","","88326","Terminated","Professional Disposables International, Inc","400 Chestnut Ridge Rd","N/A","Woodcliff Lake","NJ","	07677-7604","United States","Voluntary: Firm initiated","Letter","Distributed Nationwide in the US","D-0762-2021","Class II","PDI Povidone-Iodine Cleansing Scrub Swabstick (1's), 1 Swabstick, Professional Disposable International, Inc., Orangeburg, NY 10962 -1376 Reorder No S48050, NDC 10819-3891-2, UPC  (01)00310819000192.","5,477 cases","SubPotent: Out of Specification","07/23/2021","08/20/2021","05/31/2023","09/01/2021","Lot #'s 11901081, EXP 2023-04-04; 11901340, EXP 2023-04-05; 11901593, EXP 2023-04-06; 11901594, EXP 2023-04-07; 12000784, EXP 2023-04-08; 12000992, EXP 2023-04-09; 12001492, EXP 2023-04-10; 12001699, EXP 2023-04-11; 12100121, EXP 2023-04-12; 12100453, EXP 2023-04-13;"
"Drugs","No","","88326","Terminated","Professional Disposables International, Inc","400 Chestnut Ridge Rd","N/A","Woodcliff Lake","NJ","	07677-7604","United States","Voluntary: Firm initiated","Letter","Distributed Nationwide in the US","D-0763-2021","Class II","PDI Povidone-Iodide Cleansing Scrub Swabstick (3's), 3 Swabsticks, Professional Disposable International, Inc., Orangeburg, NY 10962 -1376, Reorder No S82125, NDC 10819-3891-3, UPC (01)00310819000208.","3,113 cases","SubPotent: Out of Specification","07/23/2021","08/20/2021","05/31/2023","09/01/2021","Lot #'s  11901080, EXP 2023-04-14; 11901339, EXP 2023-04-15; 11901755, EXP 2023-04-16; 12000016, EXP 2023-04-17; 12000397, EXP 2023-04-18; 12000987, EXP 2023-04-19; 12001578, EXP 2023-04-20; 12001814, EXP 2023-04-21;"
"Drugs","No","","88326","Terminated","Professional Disposables International, Inc","400 Chestnut Ridge Rd","N/A","Woodcliff Lake","NJ","	07677-7604","United States","Voluntary: Firm initiated","Letter","Distributed Nationwide in the US","D-0764-2021","Class II","PDI Duo-Swab Povidone-Iodine Cleansing Scrub Swabstick, (1's), Step 1, packaged as a) Step 1 Scrub, 1 Swabstick,  NDC 10819-3891-1,  b) Step 2 Prep, 1 Swabstick, NDC 10819-3890-1, Professional Disposable International, Inc., Orangeburg, NY 10962 -1376 Reorder No S23125, UPC (01)00318019000161","11,039 cases","SubPotent: Out of Specification","07/23/2021","08/20/2021","05/31/2023","09/01/2021","SKU S23125 Lot #'s 11900971, 11901517, 11901756, 12000199, 12000286, 12000459, 12000686, 12000751, 12001009, 12001316, 12001795, 12001809, 12001862, 12001863, 12002140, 12002141, 12100392 and 12100393"
"Drugs","No","","88402","Terminated","Hikma Pharmaceuticals USA Inc.","2 Esterbrook Ln","N/A","Cherry Hill","NJ","	08003-4002","United States","Voluntary: Firm initiated","Letter","USA nationwide","D-0771-2021","Class III","Bleomycin for Injection, USP, packaged in 15 units per single dose vial, Rx only, Manufactured by Thymoorgan Pharmazie GmbH Schiffgraben 23, 38690 Gosfar, Germany Distributed by Hikma USA Inc. Berkeley Heights, NJ 07922, NDC 0143-9240-01","1,152 vials","Labeling: Not elsewhere classified: Mislabeling","08/05/2021","08/26/2021","06/08/2023","09/01/2021","BL0018"
"Drugs","No","","88428","Terminated","DuPont Nutrition USA, Inc","1301 Ogletown Rd","N/A","Newark","DE","	19711-5419","United States","Voluntary: Firm initiated","Letter","Product was distributed nationwide, including Puerto Rico and to foreign accounts abroad.","D-0728-2021","Class III","Avicel, Mirocrystalline cellulose, packaged in bulk as PH101 NF, PH102 NF, PH200 NF, Manufactured by: DuPont Nutrition USA, Inc., 1301 Ogletown Road, Newark, DE 19711","2,384,720 kg","Out of specification results for conductivity.","08/05/2021","08/16/2021","03/07/2023","08/25/2021","Lot Numbers:  P120834253, PN20834314, PN20834326, P220834329, P120834471, 2173728724, 2173731307, 2173739294, 2173742956, 2173743721, 2173747040 217374970, 2173749846, 2173751395, 2173751995, 2173753080, 2173749460, 2173755135, 2173755142, 2173758869, 22173758869 2173759101, 2173759087, 2173760958, 21737606959, 2173762248, 217376233, 2173763871 2173763872, 2173755139, 2173763875, 2173764734, 2173763870, 2173764735, 2173769670, 2173775381, 2173776518, 217377536, 2173779284, 2173800414, 2173801736, 2173801737, 2173802516, 2173805796, 2173805797, 2173806449, 2173806450, 2173809474, 2173809473 2173810873, 2173811314, 2173811315, 2173806441, 217381169, 2173811666    These excipients are noted not to have an expiration date."
"Drugs","No","","88370","Terminated","Teva Pharmaceuticals USA","400 Interpace Pkwy","N/A","Parsippany","NJ","	07054-1120","United States","Voluntary: Firm initiated","Letter","Product was distributed nationwide.","D-0775-2021","Class II","Cyclobenzaprine Hydrochloride Tablets, 7.5mg, 100 count tablets per bottle, Rx Only, Manufactured by: Actavis Laboratories FL, Inc. Fort Lauderdale, FL 33314, NDC 70199-014-01    ","4,587 bottles","CGMP Deviations: Out of specification (OOS) test result for Total Aerobic Microbial Count (TAMC) and Total Yeast and Mold Count (TYMC)  for an excipient batch of Dibasic Calcium Phosphate.","07/29/2021","08/27/2021","11/04/2022","09/08/2021","1408822A, exp. date 08/2023 (labeler - Casper)"
"Drugs","No","","88370","Terminated","Teva Pharmaceuticals USA","400 Interpace Pkwy","N/A","Parsippany","NJ","	07054-1120","United States","Voluntary: Firm initiated","Letter","Product was distributed nationwide.","D-0776-2021","Class II","Cyclobenzaprine Hydrochloride Tablets, 7.5mg, 100 count tablets per bottle, Rx Only,  Manufactured by: Actavis Laboratories FL, Inc. Fort Lauderdale, FL 33314,  NDC 57237-266-01    ","4,992 bottles","CGMP Deviations: Out of specification (OOS) test result for Total Aerobic Microbial Count (TAMC) and Total Yeast and Mold Count (TYMC)  for an excipient batch of Dibasic Calcium Phosphate.","07/29/2021","08/27/2021","11/04/2022","09/08/2021","1408824A, exp. date 08/2023 (labeler - Rising)"
"Drugs","No","","88442","Terminated","Teva Pharmaceuticals USA","400 Interpace Pkwy","N/A","Parsippany","NJ","	07054-1120","United States","Voluntary: Firm initiated","Letter","Product was distributed Nationwide, including Puerto Rico.","D-0730-2021","Class II","DAUNOrubicin Hydrochloride Injection 20 mg/4mL, 4mL Single Dose vials, 10 in 1 carton, Rx only, Teva Parenteral Medicines, Inc. Irvine, CA 92618  Vial NDC# 0703-5233-11, Carton NDC # 0703-5233-13","1,351 vials","Lack of Assurance of Sterility","07/29/2021","08/16/2021","06/04/2024","08/25/2021","Lot #: 31329250B, exp. date 08/2022"
"Drugs","No","","88442","Terminated","Teva Pharmaceuticals USA","400 Interpace Pkwy","N/A","Parsippany","NJ","	07054-1120","United States","Voluntary: Firm initiated","Letter","Product was distributed Nationwide, including Puerto Rico.","D-0731-2021","Class II","Methylprednisolone Acetate Injectable Suspension USP, 40 mg/mL, packaged in a) 1 mL Single-Dose vials (0703-0031-01), and b) 5mL Multi Dose Vials (NDC 0703-0043-01), and c) 10 mL Multi-Dose Vials (NDC 0703-0045-01), Rx only, TEVA PHARMACEUTICALS USA, INC. North Wales, PA 19454.","193,845 vials","Lack of Assurance of Sterility","07/29/2021","08/16/2021","06/04/2024","08/25/2021","Lot #: a) 31328455B, exp. date 09/2021; 31329340B, exp. date 12/2021;  31329439B, exp. date 01/2022; 31328347B, exp. date 07/2021  b) 31328321B, exp. date 07/2021; c) 31328368B, 31328394B, exp. date 07/2021; 31328699B, exp. date 09/2021; 31328834B, exp. date 10/2021; 31329286B, exp. date 12/2021"
"Drugs","No","","88442","Terminated","Teva Pharmaceuticals USA","400 Interpace Pkwy","N/A","Parsippany","NJ","	07054-1120","United States","Voluntary: Firm initiated","Letter","Product was distributed Nationwide, including Puerto Rico.","D-0732-2021","Class II","Haloperidol Decanoate Injection 100 mg/mL, packaged in a) 1 mL single-dose vials (NDC 0703-7131-01), b) 5 mL multi-dose vials (NDC 0703-7133-01), Rx only, Teva Pharmaceuticals USA, Inc. North Wales, PA 19454.","16,226 vials","Lack of Assurance of Sterility","07/29/2021","08/16/2021","06/04/2024","08/25/2021","Lot #: a) 31327056B, exp. date 03/2022; 31328547B, exp. date 01/2023; b)   31327066B, exp. date 03/2022"
"Drugs","No","","88442","Terminated","Teva Pharmaceuticals USA","400 Interpace Pkwy","N/A","Parsippany","NJ","	07054-1120","United States","Voluntary: Firm initiated","Letter","Product was distributed Nationwide, including Puerto Rico.","D-0733-2021","Class II","Amikacin Sulfate Injection USP 1 gram/4mL (250mg/ML), 4 mL single-dose vials, Rx only, Teva Pharmaceuticals USA Inc. North Wales, PA 19454, NDC 0703-9040-01","4,712 vials","Lack of Assurance of Sterility","07/29/2021","08/16/2021","06/04/2024","08/25/2021","Lot #: 31329243B, exp. date 05/2022"
"Drugs","No","","88442","Terminated","Teva Pharmaceuticals USA","400 Interpace Pkwy","N/A","Parsippany","NJ","	07054-1120","United States","Voluntary: Firm initiated","Letter","Product was distributed Nationwide, including Puerto Rico.","D-0734-2021","Class II","Idarubicin Hydrochloride Injection 20 mg/20 mL, 20 mL single-dose vial, Rx only, Teva Pharmaceuticals USA, Inc. North Wales, PA 19454, NDC 0703-4156-11","2,091 vials","Lack of Assurance of Sterility","07/29/2021","08/16/2021","06/04/2024","08/25/2021","Lot #: 31328668B, exp. date 04/2023"
"Drugs","No","","88442","Terminated","Teva Pharmaceuticals USA","400 Interpace Pkwy","N/A","Parsippany","NJ","	07054-1120","United States","Voluntary: Firm initiated","Letter","Product was distributed Nationwide, including Puerto Rico.","D-0735-2021","Class II","Vecuronium Bromide for Injection 10 mg, 10mL vial, Rx only, Teva Pharmaceuticals USA, North Wales, PA 19454, NDC 0703-2914-01","62,358 vials","Lack of Assurance of Sterility","07/29/2021","08/16/2021","06/04/2024","08/25/2021","Lot #: 31325960B, exp. date12/2021; 31326111B, exp. date 01/2022; 31326875B, exp. date 03/2022; 31326915B, exp. date 03/2022; 31326916B, 31326917B, exp. date 04/2022; 31329079B, exp. date 04/2023; 31329085B, exp. date 05/2023"
"Drugs","No","","88442","Terminated","Teva Pharmaceuticals USA","400 Interpace Pkwy","N/A","Parsippany","NJ","	07054-1120","United States","Voluntary: Firm initiated","Letter","Product was distributed Nationwide, including Puerto Rico.","D-0736-2021","Class II","Octreotide Acetate Injection 1000 mcg/5mL, 5 mL multi-dose vial, Rx only, Teva Pharmaceuticals USA. Inc. North Wales, PA 19454, NDC 0703-3333-01  ","16,644 vials","Lack of Assurance of Sterility","07/29/2021","08/16/2021","06/04/2024","08/25/2021","Lot #: 31329150B, exp. date 06/2022"
"Drugs","No","","88442","Terminated","Teva Pharmaceuticals USA","400 Interpace Pkwy","N/A","Parsippany","NJ","	07054-1120","United States","Voluntary: Firm initiated","Letter","Product was distributed Nationwide, including Puerto Rico.","D-0737-2021","Class II","Leucovorin Calcium for Injection, USP 350 mg/vial, 17.5 mL single-use vials, Rx only, Teva Parenteral Medicines, Inc. Irvine, CA 92618, NDC 0703-5145-01","434,229 vials","Lack of Assurance of Sterility","07/29/2021","08/16/2021","06/04/2024","08/25/2021","Lot #: 31325852B, 31325985B, exp. date 10/2021; 31326349B, exp. date 01/2022; 31326873B, exp. date 03/2022; 31326995B, exp. date 05/2022  31327158B, exp. date 06/2022; 31328946B, 31329180B, exp. date 05/2023."
"Drugs","No","","88442","Terminated","Teva Pharmaceuticals USA","400 Interpace Pkwy","N/A","Parsippany","NJ","	07054-1120","United States","Voluntary: Firm initiated","Letter","Product was distributed Nationwide, including Puerto Rico.","D-0738-2021","Class II","Epoprostenol Sodium for Injection, 1.5 mg/vial, 10 mL vials, Rx only, Teva Pharmaceuticals USA, Inc. North Wales, PA 19454, NDC 0703-1995-01","12,698 vials","Lack of Assurance of Sterility","07/29/2021","08/16/2021","06/04/2024","08/25/2021","Lot #: 31329113B, exp. date 05/2022"
"Drugs","No","","88442","Terminated","Teva Pharmaceuticals USA","400 Interpace Pkwy","N/A","Parsippany","NJ","	07054-1120","United States","Voluntary: Firm initiated","Letter","Product was distributed Nationwide, including Puerto Rico.","D-0739-2021","Class II","Norepinephrine Bitartrate Injection, USP 4 mg/4 mL, 4 mL single dose vials, packaged in 10 vial cartons (NDC 0703-1153-03) Rx only, Teva Pharmaceuticals USA Inc. North Wales, PA 19454, vial NDC 0703-1153-01","34,100 vials","Lack of Assurance of Sterility","07/29/2021","08/16/2021","06/04/2024","08/25/2021","Lot #: 31329045B, exp. date 07/2021; 31329077B, exp. date 08/2021; 31329312B, exp. date 09/2021"
"Drugs","No","","88442","Terminated","Teva Pharmaceuticals USA","400 Interpace Pkwy","N/A","Parsippany","NJ","	07054-1120","United States","Voluntary: Firm initiated","Letter","Product was distributed Nationwide, including Puerto Rico.","D-0740-2021","Class II","Adenosine Injection, USP, 60mg/20mL (3 mg/mL), 20 mL single-dose vial, Rx only, Manufactured by: Teva Pharmaceuticals USA Inc. Parsippany, NJ 07054, NDC 0703-8776-01","4,249 vials","Lack of Assurance of Sterility","07/29/2021","08/16/2021","06/04/2024","08/25/2021","Lot #: 100022400, exp. date 04/2023"
"Drugs","No","","88442","Terminated","Teva Pharmaceuticals USA","400 Interpace Pkwy","N/A","Parsippany","NJ","	07054-1120","United States","Voluntary: Firm initiated","Letter","Product was distributed Nationwide, including Puerto Rico.","D-0741-2021","Class II","Metoclopramide Injection USP, 10 mg/2mL (5 mg/mL) 2 mL single-use vial, Rx only, Teva Parenteral Medicines, Inc. Irvine, CA 92618, NDC 0703-4502-01","25,653 vials","Lack of Assurance of Sterility","07/29/2021","08/16/2021","06/04/2024","08/25/2021","Lot #: 31326043B, exp. date 10/2021;  31326138B, exp. date 11/2021  31329399B, 31329539B, exp. date 08/2023; 31329599B, exp. date 09/2023"
"Drugs","No","","88442","Terminated","Teva Pharmaceuticals USA","400 Interpace Pkwy","N/A","Parsippany","NJ","	07054-1120","United States","Voluntary: Firm initiated","Letter","Product was distributed Nationwide, including Puerto Rico.","D-0742-2021","Class II","Alprostadil Injection USP, 500 mg/mL, 1 mL single dose, vials, 5 mL single use vial per carton (NDC 0703-1501-02), Rx only, Teva Pharmaceuticals USA, Inc. Parsippany, NJ 07054, Vial NDC 0703-1501-01","2,199 vials","Lack of Assurance of Sterility","07/29/2021","08/16/2021","06/04/2024","08/25/2021","Lot #: 31329295B, exp date. 01/2022"
"Drugs","No","","88457","Terminated","XELLIA PHARMACEUTICALS USA, LLC","2150 E Lake Cook Rd","N/A","Buffalo Grove","IL","	60089-1862","United States","Voluntary: Firm initiated","Letter","Nationwide USA","D-0756-2021","Class II","Micafungin for Injection, 50 mg/vial, Single-Dose Vial, Sterile, Rx Only, For Intravenous Infusion Only, Manufactured for: Xellia Pharmaceuticals USA, LLC, Buffalo Grove, IL 60089.  NDC 70594-036-01","9,161 vials 50 mg and 100 mg vials total","Labeling; Incorrect or Missing Package Insert: The package insert provided with the product does not include all required sections approved for this product. This includes aspects of Adverse Reactions, Drug Interactions and Use in Specific Populations.","08/06/2021","08/20/2021","09/29/2024","09/01/2021","Lot 467111, exp 1/2023"
"Drugs","No","","88457","Terminated","XELLIA PHARMACEUTICALS USA, LLC","2150 E Lake Cook Rd","N/A","Buffalo Grove","IL","	60089-1862","United States","Voluntary: Firm initiated","Letter","Nationwide USA","D-0757-2021","Class II","Micafungin for Injection, 100 mg/vial, Single-Dose Vial, Sterile, Rx Only, For Intravenous Infusion Only, Manufactured for: Xellia Pharmaceuticals USA, LLC, Buffalo Grove, IL 60089.  NDC 70594-037-01","9,161 (50mg and 100  mg vials total)","Labeling; Incorrect or Missing Package Insert: The package insert provided with the product does not include all required sections approved for this product. This includes aspects of Adverse Reactions, Drug Interactions and Use in Specific Populations.","08/06/2021","08/20/2021","09/29/2024","09/01/2021","Lot 467111, exp 1/2023"
"Drugs","No","","88474","Terminated","SigmaPharm Laboratories LLC","3375 Progress Dr","N/A","Bensalem","PA","	19020-5801","United States","Voluntary: Firm initiated","Letter","Disttibuted Nationwide in the USA.","D-0766-2021","Class II","Sodium Phenylbutyrate POWDER, 250 grams bottle, Rx Only, Sigmapharm Laboratories, LLC Bensalem, PA 19020 NDC 42794-086-14 UPC Code# 3 42794 086 14 4","1,993 bottles","Failed Impurities Specifications: Out of Specification impurity results obtained during routine testing.","08/13/2021","08/24/2021","09/26/2022","09/01/2021","Lot Numbers:  1813001, 1813101,  1813201, EXP. May 2023; 1822601, 1822701, EXP Nov 2023; 1905701,    1905801, 1906501, 1906601, 1906701, EXP May 2024"
"Drugs","No","","88475","Terminated","Granules USA, Inc.","35 Waterview Blvd Fl 3","N/A","Parsippany","NJ","	07054-1200","United States","Voluntary: Firm initiated","Letter","NY","D-0777-2021","Class II","Naproxen Sodum Tablets USP 220 mg, (Caplet), Manufactured by: Granules  India Limited, Sy.No. 160/A, 161/E, 162, &174/A, Gagillapur Village,   Dundigal-Gandimalsamma Monday, Medchai-Maikhajgir District - 500043,  Telangana, INDIA. NDC 62207-762-36","11,450,000 tablets","CGMP Deviations","08/11/2021","08/27/2021","02/16/2023","09/08/2021","7620060a"
"Drugs","No","","88482","Terminated","Zydus Pharmaceuticals (USA) Inc","73 Route 31 N","N/A","Pennington","NJ","	08534-3601","United States","Voluntary: Firm initiated","Letter","Nationwide in the US","D-0753-2021","Class II","Carvedilol Tablets, USP 25 mg, 500 Tablets bottles, Rx Only, Manufactured by: Cadila Healthcare Ltd., India, Distributed by: Zydus Pharmaceuticals (USA) Inc., Pennington, NJ 0853, NDC 68382-095-05","2880 bottles","Presence of Foreign Tablets/Capsules; report of two Paroxetine tablets were found in the bottle","08/13/2021","08/19/2021","04/03/2023","08/25/2021","Z006279, exp 12/31/2022"
"Drugs","No","","88488","Terminated","Akorn, Inc.","1925 W Field Ct Ste 300","N/A","Lake Forest","IL","	60045-4862","United States","Voluntary: Firm initiated","Letter","USA Nationwide","D-0802-2021","Class II","Betamethasone Dipropionate Lotion USP (Augmented), 0.05%, packaged in a) 30 mL bottle (NDC 61748-480-30), b) 60 mL bottle (NDC 61748-480-60), Rx only, Manufactured by: Hi-Tech Pharmacal Co. Inc., Amityville,NY 11701","264 bottles; 48 bottles lot 372286 and 216 bottles lot 372289","Failed impurities/degradation specification: Out of Specification for an unknown impurity observed in topical product.","08/13/2021","09/16/2021","08/17/2022","09/22/2021","Lot #: a) 372286, 372289, Exp 1/31/2022, b) 372286, 372289, Exp 1/31/2022"
"Drugs","No","08/23/2021","88489","Terminated","Custopharm, Inc.","2325 Camino Vida Roble","N/A","Carlsbad","CA","	92011-1567","United States","Voluntary: Firm initiated","Letter","Distributed Nationwide in the USA","D-0765-2021","Class II","FLUDARABINE PHOSPHATE FOR INJECTION, USP, 50 mg per vial, Single dose vial, Rx Only,    Mfd for: Leucadia Pharmaceuticals Carlsbad, CA 92011 U.S.A, NDC 24201-237-01","19,384 vials","Lack of Assurance of Sterility: the manufacturing firm had microbial recoveries during environmental monitoring in aseptic areas of manufacturing.","07/30/2021","08/23/2021","08/08/2022","09/01/2021","Lot#  31327913C, Exp. Date 10/2022"
"Drugs","No","","88442","Terminated","Teva Pharmaceuticals USA","400 Interpace Pkwy","N/A","Parsippany","NJ","	07054-1120","United States","Voluntary: Firm initiated","Letter","Product was distributed Nationwide, including Puerto Rico.","D-0743-2021","Class II","Methylprednisolone Acetate Injectable Suspension USP, 80 mg/mL, packaged in a) 1 mL Single-Dose vials (0703-0051-01), and b) 5mL Multi Dose Vials (NDC 0703-0063-01),  Rx only, TEVA PHARMACEUTICALS USA, INC. North Wales, PA 19454.","50,713 vials","Lack of Assurance of Sterility","07/29/2021","08/16/2021","06/04/2024","08/25/2021","Lot #: a) 31329363B, exp. date 01/2022; 31329484B, exp. date 03/2022  b) 31328367B, 31328431B, exp. date 07/2021; 31329014B, exp. date 11/2021"
"Drugs","No","","88442","Terminated","Teva Pharmaceuticals USA","400 Interpace Pkwy","N/A","Parsippany","NJ","	07054-1120","United States","Voluntary: Firm initiated","Letter","Product was distributed Nationwide, including Puerto Rico.","D-0744-2021","Class II","Octreotide Acetate Injection 100 mcg/mL, 1 mL single-dose vial, Rx only, Teva Pharmaceuticals USA. Inc. North Wales, PA 19454, NDC 0703-3311-01","3,067 vials","Lack of Assurance of Sterility","07/29/2021","08/16/2021","06/04/2024","08/25/2021","Lot #: 31327466B, exp. date 08/2021"
"Drugs","No","","88442","Terminated","Teva Pharmaceuticals USA","400 Interpace Pkwy","N/A","Parsippany","NJ","	07054-1120","United States","Voluntary: Firm initiated","Letter","Product was distributed Nationwide, including Puerto Rico.","D-0745-2021","Class II","Octreotide Acetate Injection 50 mcg/mL, 1 mL single-dose vial, Rx only, Teva Pharmaceuticals USA. Inc. North Wales, PA 19454, NDC 0703-3301-01","6,184 vials","Lack of Assurance of Sterility","07/29/2021","08/16/2021","06/04/2024","08/25/2021","Lot #: 31329169B, 31329231B, exp. Date 06/2022"
"Drugs","No","","88442","Terminated","Teva Pharmaceuticals USA","400 Interpace Pkwy","N/A","Parsippany","NJ","	07054-1120","United States","Voluntary: Firm initiated","Letter","Product was distributed Nationwide, including Puerto Rico.","D-0746-2021","Class II","Leucovorin Calcium for Injection, USP 100 mg/vial, 10 mL single-use vials, Rx only, Teva Parenteral Medicines, Inc. Irvine, CA 92618, NDC 0703-5140-01","476,275 vials","Lack of Assurance of Sterility","07/29/2021","08/16/2021","06/04/2024","08/25/2021","Lot #: 31325596B, exp. date 08/2021; 31328129B, exp. date 11/2022; 31328356B, exp. date 01/2023; 31329297B, exp. date 06/2023; 31329569B, 31329821B, exp. date 08/2023"
"Drugs","No","","88442","Terminated","Teva Pharmaceuticals USA","400 Interpace Pkwy","N/A","Parsippany","NJ","	07054-1120","United States","Voluntary: Firm initiated","Letter","Product was distributed Nationwide, including Puerto Rico.","D-0747-2021","Class II","Leucovorin Calcium for Injection, USP 350 mg/vial, 17.5 mL single-use vials, Rx only, Manufactured by: Teva Pharmaceuticals USA, Inc. North Wales, PA 19454, NDC 0703-5145-91","42,046 vials","Lack of Assurance of Sterility","07/29/2021","08/16/2021","06/04/2024","08/25/2021","Lot #: 313282585B, exp. date 11/2022"
"Drugs","No","","88442","Terminated","Teva Pharmaceuticals USA","400 Interpace Pkwy","N/A","Parsippany","NJ","	07054-1120","United States","Voluntary: Firm initiated","Letter","Product was distributed Nationwide, including Puerto Rico.","D-0748-2021","Class II","Adenosine Injection, USP, 60mg/20 mL (3 mg/mL), 20 mL single-dose vial, Rx only, Mfd in the USA for: NorthStar Rx LLC Memphis, TN 38141, NDC 16714-180-01","20,800 vials","Lack of Assurance of Sterility","07/29/2021","08/16/2021","06/04/2024","08/25/2021","Lot #: 100022401, exp. date 04/2023"
"Drugs","No","","88497","Ongoing","Pfizer Inc.","235 East 42nd Street","N/A","New York","NY","	10017-5703","United States","Voluntary: Firm initiated","Press Release","Nationwide","D-0808-2021","Class II","Chantix (varenicline) tablets 0.5mg/1mg, 56 Tablets, Rx only,  Distributed by Pfizer Labs, Division of Pfizer Inc. NY, NY 10017, Made in Ireland, NDC 00069-0471-03.  carton containing one blister pack of 11 0.5 mg tablets and one blister pack containing 42.1 mg tablets.","N/A","CGMP Deviations: Presence of the N-nitroso-varenicline impurity above FDA s acceptable interim acceptable intake limit","08/13/2021","09/17/2021","N/A","09/29/2021","Lots 00018522, 00018523, 00018739, 00018740, 00020231, 00020232, 00020357, 00020358, 00020716, 00020813, 00021288, 00021289, 00021420, 00021687, 00021688, 00021788, 00021789, 00021790, 00021791, 00021792, 00022819, 00022851, 00023136, 00023137, 00023190, 00023448, DM0275, DM0276, DM0277, DY4470, EC5911, EC5912, ED6814, ET1600, ET1603, ET1607, ET1609, ET1611  EXPIRATION DATE: August 2021   January 2023"
"Drugs","No","","88506","Terminated","Rhodes Pharmaceuticals, L.P.","498 Washington St","N/A","Coventry","RI","	02816-5467","United States","Voluntary: Firm initiated","Letter","Product was distributed nationwide.","D-0794-2021","Class II","Oxycodone Hydrochloride Tablets, USP, 10 mg, 100 count bottle, Rx only,  Marketed by: Rhodes Pharmaceuticals L.P., Coventry RI 02816, Manufactured by: Purdue Pharma L.P., Stanford, CT 06901  NDC 42858-002-01 ","55,344/100 count bottles","Presence of Foreign Tablets/Capsules; A single foreign tablet Hydrochlorothiazide/Lisinopril 25/20 was found in one bottle","08/19/2021","09/13/2021","03/07/2023","09/22/2021","Lot # WP5K0Y, exp. date 02/28/2023"
"Drugs","No","","88505","Terminated","Eli Lilly & Company","839 S Delaware St","N/A","Indianapolis","IN","	46225-1782","United States","Voluntary: Firm initiated","Letter","USA Nationwide","D-0773-2021","Class II","Trulicity (dulaglutide), 0.75 mg/0.5 mL, 4 Single-Dose Pens per box, Rx only, Eli Lilly and Company, Indianapolis, IN 46285, NDC 0002-1433-80","119,539 4-packs","Labeling: Label error on declared strength - autoinjector devices labeled as 0.75 mg / 0.5 mL actually contain 1.5 mg / 0.5 mL of product.","08/19/2021","08/26/2021","08/07/2023","09/01/2021","Lot number: D396436C"
"Drugs","No","","88515","Terminated","Prescription Labs Inc dba Greenpark","4061f Bellaire Blvd","N/A","Houston","TX","	77025-1121","United States","Voluntary: Firm initiated","Letter","Nationwide within the United States","D-0804-2021","Class II","Spironolactone Ophthalmic Solution 0.005 mg/mL, 15 mL bottles, Rx only, Greenpark Compounding Pharmacy","350 bottles","Lack of Assurance of Sterility","08/18/2021","09/16/2021","08/15/2023","09/22/2021","Lots: 03012021@35; 04132021@10; 05102021@12; 06012021@28; 07012021@25; 03012021@36; 04132021@12; 05102021@11; 06012021@29; 07132021@14; 03152021@9; 06162021@21; 07132021@16; 03152021@10; 06162021@22"
"Drugs","No","","88293","Terminated","Teligent Pharma, Inc.","105 Lincoln Avenue","N/A","Buena","NJ","	08310","United States","Voluntary: Firm initiated","Letter","Nationwide","D-0752-2021","Class II","Triamcinolone Acetonide Ointment USP, 0.1% 80 g cartons, Rx Only,  Teligent Pharma, Inc. Buena, New Jersey 08310, NDC 52565-014-80 ; packaged in tubes.","N/A","Correct Labeled Product Mispack","07/19/2021","08/18/2021","08/16/2024","08/25/2021","Lot # 16630; Exp 03/2023"
"Drugs","No","","88523","Terminated","Jubilant Cadista Pharmaceuticals, Inc.","207 Kiley Dr","N/A","Salisbury","MD","	21801-2249","United States","Voluntary: Firm initiated","Letter","Product was distributed nationwide.","D-0784-2021","Class III","Donepezil HCL Tablets, USP, 5 mg, 90-count bottle, Rx only, Manufactured by: Jubilant Generics Ltd. India, Marketed by: Jubilant Cadista Pharmaceuticals Inc. Salisbury, MD 21801  NDC 59746-329-90 ","14,544 bottles","Subpotent","08/20/2021","08/31/2021","04/05/2022","09/08/2021","Lot # DN120006A, exp. date 12/2021"
"Drugs","No","","88436","Terminated","SterRx, LLC","141 Idaho Ave","N/A","Plattsburgh","NY","	12903-3987","United States","Voluntary: Firm initiated","Press Release","Nationwide in the US","D-0768-2021","Class II","Sodium Bicarbonate in 5% Dextrose Injection, 150 mEq per 1,000 mL (12.6 mg per mL), 1,000 mL bags, Rx only, SterRx, 141 Idaho Ave., Plattsburgh, NY 12903","3378 bags","Lack of Assurance of Sterility","08/10/2021","08/25/2021","05/19/2022","09/01/2021","Lot Numbers:    BTW, exp. date 03/08/22  BUI, exp. date 03/16/22"
"Drugs","No","","88528","Terminated","Washington Homeopathic Products, Inc.","260 J R Hawvermale Way","N/A","Berkeley Springs","WV","	25411-6957","United States","Voluntary: Firm initiated","Letter","Distributed Nationwide in the USA","D-0857-2021","Class II","Aconitum nap Fear* 87% Alcohol HPUS: 5X, 7X, 18X, 30X, packaged in 30 mL containers, Aconitum nap Fear* 87% Alcohol HPUS: 24X, packaged in 50 mL containers, WHP Homeopathic Medicine, Washington Homeopathic Products 260 JR Hawvermale Way, Berkeley Springs, WV 25411.","562 bottles","Out-of-specification test results obtained for identification testing based on HPTLC analysis.","08/20/2021","09/29/2021","06/21/2022","10/06/2021","Lot # 26198"
"Drugs","No","","88528","Terminated","Washington Homeopathic Products, Inc.","260 J R Hawvermale Way","N/A","Berkeley Springs","WV","	25411-6957","United States","Voluntary: Firm initiated","Letter","Distributed Nationwide in the USA","D-0858-2021","Class II","ZTE-105 Formula Gentle Detoxing. Contents 1000 mL, RX Only, REMEDY: Bryoni Alba 10X, Chelidonium Majus 10X, Carduus Marianus 10X, Dolichos Pruriens 10X, Solidago Vigaurea 10X, Alfalfa 10X, Boldo 10X, Cynara Scolymus 10X, Zincum Muriaticum 13X, Chromium Sulphuricum 10X, Manganum Metallicum 10X, Dilution Alcohol 20%. WHP Homeopathic Medicine. For Manufacturing Use Only, Manufactured for Optimal Health Dimensi.  Manufactured By: Washington Homeopathic Products, 260 JR Hawvermale Way, Berkeley Springs, WV, 25411. ","3/1 Liter bottles","Out-of-specification test results obtained for identification testing based on HPTLC analysis.","08/20/2021","09/29/2021","06/21/2022","10/06/2021","Lot # 25950, 26933, Exp 8/17/2026"
"Drugs","No","","88528","Terminated","Washington Homeopathic Products, Inc.","260 J R Hawvermale Way","N/A","Berkeley Springs","WV","	25411-6957","United States","Voluntary: Firm initiated","Letter","Distributed Nationwide in the USA","D-0859-2021","Class II","Occular Allergy Blend 87% Alcohol; In Equal Parts of Apis Mellifica 7x Allium Cepa 7x Euphrasia Officinalis 7X Sabadilla 7X, WHP Homeopathic Medicine For Manufacturing Only, 500 ml. Manufcatured by Washington Homeopathic Products 260JR Hawvermale Way, Berkeley Springs WV 25411   ","2/500 mL bottles","Out-of-specification test results obtained for identification testing based on HPTLC analysis.","08/20/2021","09/29/2021","06/21/2022","10/06/2021","Lot # 30148"
"Drugs","No","","88528","Terminated","Washington Homeopathic Products, Inc.","260 J R Hawvermale Way","N/A","Berkeley Springs","WV","	25411-6957","United States","Voluntary: Firm initiated","Letter","Distributed Nationwide in the USA","D-0860-2021","Class II","Yeast Guard Blend,  Calcarea Carbonica 6X, Collinsonia Canadensis 3X, Kali Muriaicum 3X, WHP Homeopathic Medicine, For Manufacturing Use Only. 1.957 kg Lactose, Manufactured by Wasington Homeopathic Products 260 JR Hawvermale Way, Berkeley Springs WV 25411.  ","1.957 kg.","Out-of-specification test results obtained for identification testing based on HPTLC analysis.","08/20/2021","09/29/2021","06/21/2022","10/06/2021","Lot # 29782"
"Drugs","No","","88528","Terminated","Washington Homeopathic Products, Inc.","260 J R Hawvermale Way","N/A","Berkeley Springs","WV","	25411-6957","United States","Voluntary: Firm initiated","Letter","Distributed Nationwide in the USA","D-0861-2021","Class II","Haloderm Homeopathic Blend, For Manufacturing Use Only, 1,000 ml 20% Alcohol, Contains:  Dulcamara 10x, Nitricum Acidum 12x, Thuja Occidentalis 10x, Antimonium Crudum 12x, Calcarea Cadbonica 12x, Silicea 12x,  WHP Homeopathic Medicine, FOr Manufacturing Use Only. 1.957 kg Lactose Manufactured by Wasington Homeopathic Products 260 JR Hawvermale Way, Berkeley Springs WV 25411.    Marketed by: Health Specialty","3 Liter bottles","Out-of-specification test results obtained for identification testing based on HPTLC analysis.","08/20/2021","09/29/2021","06/21/2022","10/06/2021","Lot # 30308"
"Drugs","No","","88528","Terminated","Washington Homeopathic Products, Inc.","260 J R Hawvermale Way","N/A","Berkeley Springs","WV","	25411-6957","United States","Voluntary: Firm initiated","Letter","Distributed Nationwide in the USA","D-0862-2021","Class II","Cedar Fever Drops, 20% USP ALCOHOL, 30 mL, homeopathic drug for symptoms of cder allerges, Manufactured for Peoples RX, 3801 S Lamar, Austin, TX 78704. UPC 7 40640 64166 8","1,931 bottles","Out-of-specification test results obtained for identification testing based on HPTLC analysis.","08/20/2021","09/29/2021","06/21/2022","10/06/2021","Lot # 25586, 27410"
"Drugs","No","","87941","Ongoing","Global Sanitizers LLC","5979 S Valley View Blvd","N/A","Las Vegas","NV","	89118-3111","United States","Voluntary: Firm initiated","Letter","Product Distributed Nationwide in the USA","D-0782-2021","Class II","MEDICALLY MINDED Hand Sanitizer Gel, ANTIMICROBIAL FORMULA, (Ethyl Alcohol 70% v/v), 8.5 FL OZ / 250 mL bottle, Made in Mexico, Distributed by SBL Brands, LLC Las Vegas, NV 89119. UPC:  6 76753 00359 1 ,","N/A","CGMP Deviations:  lots and products of hand sanitizer are being recalled because they were manufactured under the same conditions as the product lot found to contain methanol.","05/12/2021","08/30/2021","N/A","09/08/2021","Lot No: E212020, ""Best Buy"": 5/21/2022"
"Drugs","No","","87941","Ongoing","Global Sanitizers LLC","5979 S Valley View Blvd","N/A","Las Vegas","NV","	89118-3111","United States","Voluntary: Firm initiated","Letter","Product Distributed Nationwide in the USA","D-0783-2021","Class II","MEDICALLY MINDED Hand Sanitizer Gel, ANTIMICROBIAL FORMULA, (Ethyl Alcohol 70% v/v), 8 Fl OZ (236 mL) bottle, Manufactured by Asiaticon, S.A. de C.V. Conkal 62, Jardines del Ajusco, Tlalpan, Ciudad de Mexico, C.P. 14200. Distributed by SBL Brands, LLC Las Vegas, NV 89119 UPC:  6 76753 00420 8 ,","N/A","CGMP Deviations:  lots and products of hand sanitizer are being recalled because they were manufactured under the same conditions as the product lot found to contain methanol.","05/12/2021","08/30/2021","N/A","09/08/2021","Lot No: E332020, E212020 ""Best Buy"": 5/21/2022"
"Drugs","No","","88536","Terminated","RemedyRepack Inc.","625 Kolter Dr Ste 4","N/A","Indiana","PA","	15701-3571","United States","Voluntary: Firm initiated","Letter","Product was distributed to two medical facilities in VA and FL.","D-0754-2021","Class II","Carvedilol 25 mg, 180-count bottle, Rx only, Manufactured by Zydus Pharm, Pennington, NJ 08534, NDC 68382-0095-05, Repackaged by RemedyRepack Inc., Indiana, PA 15701, NDC 70518-1826-01  ","4","A 500 count bottle of Carvedilol 25 mg tablets contained two Paroxetine Tablets, 40 mg. Product was repackaged into 180 count bottles.","08/17/2021","08/20/2021","03/09/2022","09/01/2021","Lot # B1273286-071521, Exp 07/31/2022"
"Drugs","No","","88539","Terminated","AVRIO HEALTH L.P","201 Tresser Blvd","N/A","Stamford","CT","	06901-3435","United States","Voluntary: Firm initiated","Letter","Product was distributed nationwide.","D-0828-2021","Class II","Betadine Solution Swabstick Povidone-Iodine Solution USP, 10 % single  and three count Antispetic Non-Sterile Solution   Avrio Health LP Stamford, CT 06901-3431  NDC 67618-153-01, NDC 67618-153-03  ","75,828 shippers","Subpotent Drug","08/26/2021","09/23/2021","04/12/2023","09/29/2021","Lot #  11901232, Exp. Date 09/30/2021  11901549, Exp. Date 11/30/2021  12000585, Exp. Date 03/31/2022  12000964, Exp. Date 5/31/2022  12001457, Exp. Date 7/31/2022  12002142, Exp. Date 12/31/2022  12100407, Exp. Date 03/31/2023  11901231, Exp. Date 09/30/2021  11901548, Exp. Date 11/30/2021  12000584, Exp. Date 03/31/2022  12000963, Exp. Date 05/31/2022  12001185, Exp. Date 06/30/2022  12001456, Exp. Date 07/31/2022  12002150, Exp. Date 12/31/2022  12100406, Exp. Date 03/31/2023"
"Drugs","No","","88542","Terminated","Viatris","781 Chestnut Ridge Rd","N/A","Morgantown","WV","	26505-2730","United States","Voluntary: Firm initiated","Letter","Nationwide within the United States","D-0851-2021","Class II","Lyrica CR (pregabalin) extended release tablets, 330 mg, 30-count bottles, Rx only, Distributed by Parke-Davis Division of Pfizer Inc., NY, NY 10017, NDC 0071-1029-01","9,515 bottles","Failed Dissolution Specifications","08/23/2021","09/24/2021","09/07/2022","10/06/2021","Lot #: DN5396, EP9726, EK2417, Exp. Date August 2022"
"Drugs","No","","88528","Terminated","Washington Homeopathic Products, Inc.","260 J R Hawvermale Way","N/A","Berkeley Springs","WV","	25411-6957","United States","Voluntary: Firm initiated","Letter","Distributed Nationwide in the USA","D-0863-2021","Class II","Althaea Officinalis 4X, Iritable Bladder* packaged as Sucrose/Lactose Pills, 4 Dram, WHP Homeopathic Medicine, Washington Homeopathic Products, 260 JR Hawvermale Way, Berkeley Springs, WV 25411.","10 bottles","Out-of-specification test results obtained for identification testing based on HPTLC analysis.","08/20/2021","09/29/2021","06/21/2022","10/06/2021","Lot # 29377, Exp 8/17/2026"
"Drugs","No","","88528","Terminated","Washington Homeopathic Products, Inc.","260 J R Hawvermale Way","N/A","Berkeley Springs","WV","	25411-6957","United States","Voluntary: Firm initiated","Letter","Distributed Nationwide in the USA","D-0864-2021","Class II","Cinnamomum  6X, Flatulence* Sucrose/Lactose Pills, Packaged as a) 4 Dram, b) 1 oz,  and Cinnamomum  30X, Flatulence* Sucrose/Lactose Pills, Packaged as 4 Dram, WHP Homeopathic Medicine, Washington Homeopathic Products 260 JR Hawvermale Way, Berkeley Springs WV 25411","6 bottles","Out-of-specification test results obtained for identification testing based on HPTLC analysis.","08/20/2021","09/29/2021","06/21/2022","10/06/2021","Lot # 28626, Exp 8/17/2026"
"Drugs","No","","88528","Terminated","Washington Homeopathic Products, Inc.","260 J R Hawvermale Way","N/A","Berkeley Springs","WV","	25411-6957","United States","Voluntary: Firm initiated","Letter","Distributed Nationwide in the USA","D-0865-2021","Class II","Cistus Canadensis 6X, 10X, 15X, 30X, Coldness* Sucrose/Lactose Pills, 6X Packaged as a) 1 OZ, UPC 7 40640 28177 2, b) 4 dr, UPC 7 40640 28173 4; 10X Packaged as c) 4 dr; 15X Packaged as d) 1 OZ; 30X Packaged as e) 2 Dram, UPC 7 40640 28171 0, f) 4 dr, UPC 7 40640 28175 8; WHP Homeopathic Medicine, Washington Homeopathic Products 260 JR Hawvermale Way, Berkeley Springs WV 25411","17 bottles","Out-of-specification test results obtained for identification testing based on HPTLC analysis.","08/20/2021","09/29/2021","06/21/2022","10/06/2021","Lot # 28638, EXP 08/17/2026"
"Drugs","No","","88528","Terminated","Washington Homeopathic Products, Inc.","260 J R Hawvermale Way","N/A","Berkeley Springs","WV","	25411-6957","United States","Voluntary: Firm initiated","Letter","Distributed Nationwide in the USA","D-0866-2021","Class II","Humulus 6X, 15X, Sucrose/Lactose Pills, 6X Packaged as a) 4dr, UPC 7 40640 33969 5; 15X Packaged as b) 4 dr; WHP Homeopathic Medicine. Washington Homeopathic Products, 260 JR Hawvermale Way, Berkeley Springs, WV 25411.","2 bottles","Out-of-specification test results obtained for identification testing based on HPTLC analysis.","08/20/2021","09/29/2021","06/21/2022","10/06/2021","Lot # 29298, Exp 8/17/2026"
"Drugs","No","","88528","Terminated","Washington Homeopathic Products, Inc.","260 J R Hawvermale Way","N/A","Berkeley Springs","WV","	25411-6957","United States","Voluntary: Firm initiated","Letter","Distributed Nationwide in the USA","D-0867-2021","Class II","Quebracho 4C, 5C, 6C, 12C, 30C, Fever*, Sucrose/Lactose Pills, 5C Packaged as a) 4dr; 6C Packaged as b) 4 Dram UPC 7 40640 44092 6; c) 2 oz UPC 7 40640 44100 8; 12C Packaged as d) 4 Dram; e) 2 oz; 30C Packaged as f) 2 dr UPC 7 40640 44090 2; g) 4 Dram, UPC 7 40640 44094 0; h) 1 oz, UPC 7 40640 44098 8; i) 2 oz, UPC 7 40640 44102 2; WHP Homeopathic Medicine, Washington Homeopathic Products, 260 JR Hawvermale Way, Berkeley Springs, WV 25411.","61 bottles","Out-of-specification test results obtained for identification testing based on HPTLC analysis.","08/20/2021","09/29/2021","06/21/2022","10/06/2021","Lot # 28930, Exp 8/17/2026"
"Drugs","No","","88528","Terminated","Washington Homeopathic Products, Inc.","260 J R Hawvermale Way","N/A","Berkeley Springs","WV","	25411-6957","United States","Voluntary: Firm initiated","Letter","Distributed Nationwide in the USA","D-0868-2021","Class II","Verbena Officinalis 6X, Nervousness* Sucrose/Lactose Pills, Packaged 2 Dram, WHP Homeopathic Medicine, Washington Hoemopathis Producs, 260 JR Hawvermale Way, Berkeley Springs, WV 25411.","3 bottles","Out-of-specification test results obtained for identification testing based on HPTLC analysis.","08/20/2021","09/29/2021","06/21/2022","10/06/2021","Lot # 29060, Exp 8/17/2026"
"Drugs","No","","88528","Terminated","Washington Homeopathic Products, Inc.","260 J R Hawvermale Way","N/A","Berkeley Springs","WV","	25411-6957","United States","Voluntary: Firm initiated","Letter","Distributed Nationwide in the USA","D-0869-2021","Class II","Viola Odorata 4X, 10X, 12X, Bee Stings*, Sucrose/Lactose Pills,  4X Packaged in a) 2 Dram; 10X Packaged in b) 2 Dram; 12X Packaged in c) 2 Dram; d) 4 Dram; WHP Homeopathic Medicine, Washington Homeopathic Products, 260 JR Hawvermale Way, Berkeley Springs, WV, 25411.","12 bottles","Out-of-specification test results obtained for identification testing based on HPTLC analysis.","08/20/2021","09/29/2021","06/21/2022","10/06/2021","Lot # 29057, Exp 8/17/2026"
"Drugs","No","","88550","Terminated","Teligent Pharma, Inc.","105 Lincoln Avenue","N/A","Buena","NJ","	08310","United States","Voluntary: Firm initiated","Letter","Distributed Nationwide in the USA","D-0297-2022","Class II","Betamethasone Dipropionate Lotion USP, 0.05% (Augmented), 30 mL bottle, (29 g), Rx Only,  Teligent Pharma Inc., Buena, NJ, 08310, NDC 52565-023-29","3,792 bottles","Failed Stability Specifications: lot did not meet specification for the Active Pharmaceutical Ingredient (API) particle test, which was determined through routine stability testing","08/23/2021","12/28/2021","08/16/2024","01/05/2022","Lot # 16569, Exp 9/2022"
"Drugs","No","","88552","Terminated","Charles Paint Research Inc","2401 E 85th St","N/A","Kansas City","MO","	64132-2617","United States","Voluntary: Firm initiated","Letter","Distributed in Michigan","D-0791-2021","Class II","HAND SANITIZER (alcohol 80%), Alchol Antiseptic 80% topical solution, Hand Sanitizer non-sterile solution, Net weight (6 lbs 14.2 oz) 1 gallon; Net Quantity (3785 mL), Manufactured by Soapdaddy LLC, 2401 E. 85th Street, Kansas City, MO 64131","3,900 gallons","CGMP Deviations: Product manufactured in same facility where product was found to contain acetaldehyde and acetal above the allowable limits.","09/02/2020","09/08/2021","09/29/2023","09/15/2021","Lot# 20-151 to 20-159 and 20-161 to20-163, Exp 06/11/2022"
"Drugs","No","","88583","Terminated","The Harvard Drug Group","17187 N Laurel Park Dr Ste 300","N/A","Livonia","MI","	48152-2600","United States","Voluntary: Firm initiated","Letter","NC","D-0807-2021","Class II","Carbamazepine 200mg Tablets, USP, 200 mg, 100 Count Unit Dose Cartons, Rx only, Manufactured by: Torrent Pharmaceuticals Ltd., Bharuch-392130, India; Manufactured for: Torrent Pharma, Inc., Basking Ridge, NJ 07920; Distributed by: MAJOR PHARMACEUTICALS, 17177 N. Laurel Park Dr., Suite 233, Livonia, MI 48152 USA.  NDC 0904-6172-61","4 Cartons of 100 count each","Failed Dissolution Specifications","08/06/2021","09/17/2021","11/08/2022","09/29/2021","Lot R01562; Exp. 10/2022"
"Drugs","No","","88591","Terminated","Glenmark Pharmaceuticals Inc., USA","750 Corporate Dr","N/A","Mahwah","NJ","	07430-2009","United States","Voluntary: Firm initiated","Letter","Nationwide.","D-0820-2021","Class II","Fulvestrant Injection 250 mg/5 mL (50 mg/mL) For Intramuscular Use Only Contains 2 single-dose pre-filled syringes Rx only NDC 68462-317-32","28658 cartons","Lack of Assurance of Sterility","08/27/2021","09/21/2021","10/04/2023","09/29/2021","Lots: 30200014 Exp. 04/30/2022; 30200015 Exp. 05/31/2022; 30200015 Exp. 05/31/2022; 30200016 Exp. 05/31/2022; 30200036 Exp. 09/30/2022; 30200038 Exp. 09/30/2022; 30200039 Exp. 09/30/2022; 30200040 Exp. 09/30/2022; 30210001 Exp. 12/31/2022; 30210002 Exp. 12/31/2022; 30210003 Exp. 01/31/2023; 30210004 Exp. 01/31/2023; 30210005 Exp. 01/31/2023; 30210006 Exp. 01/31/2023; 30210014 Exp. 02/28/2023; 30210022 Exp. 02/28/2023; 30210028 Exp. 02/28/2023; 30210029 Exp. 02/28/2023; 30210030 Exp. 02/28/2023; 30210031 Exp. 02/28/2023"
"Drugs","No","","88591","Terminated","Glenmark Pharmaceuticals Inc., USA","750 Corporate Dr","N/A","Mahwah","NJ","	07430-2009","United States","Voluntary: Firm initiated","Letter","Nationwide.","D-0821-2021","Class II","Naproxen Sodium Tablets, USP 275 mg 100 Tablets Rx Only NDC 68462-178-01 Manufactured by: Glenmark Pharmaceuticals Inc., USA 4147 Goldmine Road Monroe, NC 28110 Manufactured for: Glenmark Pharmaceuticals Inc., USA Mahwah, NJ 07430","9552 bottles","CGMP Deviations","08/27/2021","09/21/2021","10/04/2023","09/29/2021","Lots: 29190087 Exp. 10/31/2021; 29190088 Exp. 10/31/2021; 29190089 Exp. 10/31/2021; 29200077 Exp. 11/30/2022; 29200078 Exo, 11/30/2022"
"Drugs","No","","88591","Terminated","Glenmark Pharmaceuticals Inc., USA","750 Corporate Dr","N/A","Mahwah","NJ","	07430-2009","United States","Voluntary: Firm initiated","Letter","Nationwide.","D-0822-2021","Class II","Naproxen Sodium Tablets, USP 550 mg Rx Only Manufactured by: Glenmark Pharmaceuticals Inc., USA 4147 Goldmine Road Monroe, NC 28110 Manufactured for: Glenmark Pharmaceuticals Inc., USA Mahwah, NJ 07430 a) 100 Tablets NDC 68462-179-01; b) 500 Tablets NDC 68462-179-05","a) 31248 bottles; b) 300 bottles","CGMP Deviations","08/27/2021","09/21/2021","10/04/2023","09/29/2021","Lots: a) 29190082 Exp. 09/30/2021; 29190083 Exp. 09/30/2021; 29190084 Exp. 10/31/2021; 29190085 Exp. 10/31/2021; 29200001 Exp. 12/31/2021; 29200003 Exp. 01/31/2022; 29200004 Exp. 01/31/2022; 29200005 Exp. 01/31/2022; 29200012 Exp. 02/28/2022; 29200013 Exp. 02/28/2022; b) 29200010 Exp. 02/28/2022"
"Drugs","No","","88591","Terminated","Glenmark Pharmaceuticals Inc., USA","750 Corporate Dr","N/A","Mahwah","NJ","	07430-2009","United States","Voluntary: Firm initiated","Letter","Nationwide.","D-0823-2021","Class II","Chlorzoxazone Tablets USP 375 mg 100 Tablets Rx Only NDC 68462-724-01  Manufactured by: Glenmark Pharmaceuticals Inc., USA 4147 Goldmine Road Monroe, NC 28110 Manufactured for: Glenmark Pharmaceuticals Inc., USA Mahwah, NJ 07430","1800 bottles","CGMP Deviations","08/27/2021","09/21/2021","10/04/2023","09/29/2021","Lots: 29200022 Exp. 03/31/2022; 29200024 Exp. 03/31/2022; 29200035 Exp. 06/30/2022"
"Drugs","No","","88591","Terminated","Glenmark Pharmaceuticals Inc., USA","750 Corporate Dr","N/A","Mahwah","NJ","	07430-2009","United States","Voluntary: Firm initiated","Letter","Nationwide.","D-0824-2021","Class II","Chlorzoxazone Tablets USP 750 mg 100 Tablets Rx Only NDC 68462-725-01  Manufactured by: Glenmark Pharmaceuticals Inc., USA 4147 Goldmine Road Monroe, NC 28110 Manufactured for: Glenmark Pharmaceuticals Inc., USA Mahwah, NJ 07430","4752 bottles","CGMP Deviations","08/27/2021","09/21/2021","10/04/2023","09/29/2021","Lots: 29200023 Exp. 03/31/2022; 29200025 Exp. 03/31/2022; 29200036 Exp. 06/30/2022; 29200056 Exp. 09/30/2022; 29200070 Exp. 11/30/2022"
"Drugs","No","","88591","Terminated","Glenmark Pharmaceuticals Inc., USA","750 Corporate Dr","N/A","Mahwah","NJ","	07430-2009","United States","Voluntary: Firm initiated","Letter","Nationwide.","D-0825-2021","Class II","Zonisamide Capsules USP 50 mg 100 Capsules Rx Only NDC 68462-129-01 Manufactured by: Glenmark Pharmaceuticals Inc., USA Monroe, NC 28110 Manufactured for: Glenmark Pharmaceuticals Inc., USA Mahwah, NJ 07430","15936 bottles","CGMP Deviations","08/27/2021","09/21/2021","10/04/2023","09/29/2021","Lots: 29190043 Exp. 05/31/2022; 29190044 Exp. 05/31/2022; 29190045 Exp. 05/31/2022"
"Drugs","No","","88591","Terminated","Glenmark Pharmaceuticals Inc., USA","750 Corporate Dr","N/A","Mahwah","NJ","	07430-2009","United States","Voluntary: Firm initiated","Letter","Nationwide.","D-0826-2021","Class II","Zonisamide Capsules USP 100 mg Rx Only Manufactured by: Glenmark Pharmaceuticals Inc., USA Monroe, NC 28110 Manufactured for: Glenmark Pharmaceuticals Inc., USA Mahwah, NJ 07430 a) 100 Capsules NDC 68462-130-01; b) 500 Capsules NDC 68462-130-05","a) 216,454 bottles; b) 2166 bottles","CGMP Deviations","08/27/2021","09/21/2021","10/04/2023","09/29/2021","Lots: a) 29200014 Exp. 02/28/2023; 29200015 Exp. 03/31/2023; 29200016 Exp. 03/31/2023; 29200030 Exp. 05/31/2023; 29200031 Exp. 05/31/2023; 29200032 Exp. 05/31/2023; 29200033 Exp. 06/30/2023; 29200037 Exp. 06/30/2023; 29200038 Exp. 06/30/2023; 29200039 Exp. 07/31/2023; 29200041 Exp. 07/31/2023; 29200042 Exp. 07/31/2023; 29200048 Exp. 08/31/2023; 29200049 Exp. 08/31/2023; 29200050 Exp. 08/31/2023; 29200072 Exp. 11/30/2023; 29200073 Exp. 11/30/2023; 29200074 Exp. 11/30/2023; 29200075 Exp. 11/30/2023; 29200076 Exp. 11/30/2023; b) 29200014 Exp. 02/28/2023; 29200015 Exp. 03/31/2023; 29200016 Exp. 03/31/2023"
"Drugs","No","","88591","Terminated","Glenmark Pharmaceuticals Inc., USA","750 Corporate Dr","N/A","Mahwah","NJ","	07430-2009","United States","Voluntary: Firm initiated","Letter","Nationwide.","D-0827-2021","Class II","Arformoterol Tartrate Inhalation Solution 15 mcg*/2 mL For Oral Inhalation Only Rx Only Manufactured by: Glenmark Pharmaceuticals Inc., USA Monroe, NC 28110 Manufactured for: Glenmark Pharmaceuticals Inc., USA Mahwah, NJ 07430 a) 60x2 mL Sterile Unit-Dose Vials NDC 68462-833-65; b) 30x2 mL Sterile Unit-Dose Vials NDC 68462-833-35","a) 5362 inhalers; b) 5593 inhalers","Lack of Assurance of Sterility","08/27/2021","09/21/2021","10/04/2023","09/29/2021","Lots: a) 30210041 Exp. 03/31/2023; 30210045 Exp. 04/30/2023; 30210046 Exp. 04/30/2023; 30210050 Exp. 03/31/2023; 30210051 Exp. 04/30/2023; 30210058 Exp. 04/30/2023; b) 30210042 Exp. 03/31/2023; 30210047 Exp. 04/30/2023; 30210048 Exp. 04/30/2023; 30210052 Exp. 04/30/2023; 30210053 Exp. 04/30/2023; 30210054 Exp. 04/30/2023; 30210059 Exp. 04/30/2023; 30210060 Exp. 04/30/2023; 30210061 Exp. 04/30/2023; 30210062 Exp. 04/30/2023; 30210063 Exp. 04/30/2023; 30210064 Exp. 05/31/2023"
"Drugs","No","","88593","Ongoing","RISING PHARMACEUTICALS","2 Tower Center Blvd","N/A","East Brunswick","NJ","	08816-1100","United States","Voluntary: Firm initiated","Letter","to be entered","D-0005-2022","Class II","Meclizine HCl Tablets, 25 mg, packaged in 100-count HDPE bottle, Distributed by: Rising Pharma Holdings, Inc. East Brunswick, NJ 08816, Manufactured by: Aurex laboratories LLC, East Windsor, NJ 08520, NDC 16571-752-01","1,344 bottles","Labeling: Incorrect Instructions","09/02/2021","10/07/2021","N/A","10/13/2021","Lot # CB21024, Exp 2/2023"
"Drugs","No","","88594","Terminated","Akorn, Inc.","1925 W Field Ct Ste 300","N/A","Lake Forest","IL","	60045-4862","United States","Voluntary: Firm initiated","Letter","Nationwide USA and Puerto Rico","D-0786-2021","Class II","Artificial Tears Ointment, Lubricant Eye Ointment, Net Wt. 3.5 g (1/8 oz.) per tube, Sterile, Manufactured by: Akorn, Inc., Lake Forest, IL 60045,  NDC 17478-062-35","142,188 tubes","Non-Sterility - OOS sterility testing observed during 12-month controlled room temperature stability testing. The microbiological investigation identified the organism as a member of the Bacillus cereus group.","08/02/2021","08/31/2021","08/22/2022","09/08/2021","Lot #: 9G01A, Exp 06/2022; 9H32A, Exp 07/2022; 9K82A, 9K82B, Exp 09/2022"
"Drugs","No","","88598","Terminated","Monarch PCM, LLC","7333 Jack Newell Blvd N Ste 100","N/A","Fort Worth","TX","	76118-7151","United States","Voluntary: Firm initiated","Telephone","OH, TN","D-0817-2021","Class III","Sodium Sulfacetamide, 10%, Wash, packaged in bottles: a) 6 fl oz (177 mL) NDC 42808-103-06 UPC 3 42808 10306 5; b) 12 fl oz (354.8 mL) NDC 42808-103-12 UPC 3 42808 10312 6, Rx only, Manufactured in the U.S.A. for Exact-Rx, Inc., Melville, NY 11747","a) 3305 bottles; b) 840 bottles","Subpotency: one product for active ingredient assay and another one for preservative assay","09/01/2021","09/20/2021","06/21/2023","09/29/2021","Lots: a) 21FP1737 Exp 05/2023; b) 21FP1738 Exp 05/2023"
"Drugs","No","","88598","Terminated","Monarch PCM, LLC","7333 Jack Newell Blvd N Ste 100","N/A","Fort Worth","TX","	76118-7151","United States","Voluntary: Firm initiated","Telephone","OH, TN","D-0818-2021","Class III","Hydroquinone, USP, 4% Skin Bleaching Cream, packaged in 1 oz (28.35g) tube, Rx only,  Manufactured for: Westminster Pharmaceuticals, LLC Nashville, TN 37217, NDC 69367-174-01 UPC 3 69367 17401 5","6305 tubes","Subpotency: one product for active ingredient assay and another one for preservative assay","09/01/2021","09/20/2021","06/21/2023","09/29/2021","Lot: 21FP1731 Exp 05/2023"
"Drugs","No","","88528","Terminated","Washington Homeopathic Products, Inc.","260 J R Hawvermale Way","N/A","Berkeley Springs","WV","	25411-6957","United States","Voluntary: Firm initiated","Letter","Distributed Nationwide in the USA","D-0870-2021","Class II","La Core LCL-2-0191 Blend, 149,980ml 20% Alcohol, WHP Homeopathic Medicine, For Manufacturing Only, Liter LCL-2-0191-Bend: 12% Lycopodium Clavatum 10X, 12% Carbo Vegetabilis 16X, 12% Natrum Muriaticum 9X, 12% Calcarea Carbonica 12X, 10% Hypothalamus 30X, 6% Pituitarum Posterium 12X,  6% Pituitarum Posterium 30C, 3% Natrum Phosphoricum 12X, 3% Graphites 30X, 3# Agnus Castus 6X, 3% Thiosinaminum 8X, 3% Phytolacca Decandra 12X, 3% Magnesia Phosphorica 10X, 3% Ornithogalum Umbellatum 6X, 3% Chelidonium Majus 6X, 3% Quercus Robur 14X, 3% Nux Vomica 30X,  Manufactured by Washington Homeopathic Products 260 JR Hawvermale Way, Berkeley Springs, WV, 25411.","2/149,980 mL bottles","Out-of-specification test results obtained for identification testing based on HPTLC analysis.","08/20/2021","09/29/2021","06/21/2022","10/06/2021","Lot # 27861, Exp 8/17/2026"
"Drugs","No","","88608","Terminated","New Vision Pharmaceuticals LLC","10200 Nw 67th St","N/A","Tamarac","FL","	33321-6404","United States","Voluntary: Firm initiated","Letter","AL, CA, FL, IN, MI, MO, NJ, NY, PA, RI, SC, TN, TX, VA","D-0852-2021","Class III","Daytime Severe Cold & Flu Relief 8 Pre-Measured Vials 0.51 FL OZ (15 mL) Each 4.06 FL OZ (120 mL) Total/Nighttime Severe Cold & Flu Relief 8 Pre-Measured Vials 1.01 FL OZ (30 mL) Each 8.12 FL OZ (240 mL) Total Single-Use Vials Mixed Berry Flavor NDC 69842-495-16 UPC 0 50428 64057 9 Distributed by: CVS Pharmacy, Inc. One CVS Drive, Woonsocket, RI 02895","14,976 FG cartons","Subpotent Drug","09/02/2021","09/24/2021","06/21/2023","10/06/2021","Lot: 2021-10159 Exp. 06/08/2023"
"Drugs","No","","88608","Terminated","New Vision Pharmaceuticals LLC","10200 Nw 67th St","N/A","Tamarac","FL","	33321-6404","United States","Voluntary: Firm initiated","Letter","AL, CA, FL, IN, MI, MO, NJ, NY, PA, RI, SC, TN, TX, VA","D-0853-2021","Class III","CVS Health Daytime Severe Cold & Flu Relief Single-Use Vials Mixed Berry Flavor 8 Pre-Measured Vials 0.51 FL OZ (15 mL) Each 4.06 FL OZ (120 mL) Total NDC 69842-499-08 UPC 0 50428 64130 9 Distributed by: CVS Pharmacy, Inc. One CVS Drive Woonsocket, RI 02895","18,864 FG cartons","Subpotent Drug","09/02/2021","09/24/2021","06/21/2023","10/06/2021","Lots: 2021-10154 Exp. 06/29/2023; 2021-10164 Exp. 06/11/2023"
"Drugs","No","","88609","Terminated","Viatris","781 Chestnut Ridge Rd","N/A","Morgantown","WV","	26505-2730","United States","Voluntary: Firm initiated","Letter","Product was distributed nationwide.","D-0798-2021","Class III","Candesartan Cilexetil Tablets, USP 16 mg, 30 count bottles, Manufactured for: Mylan Pharmaceuticals Inc., Morgantown, WV 26505 NDC 0378-3231-93    ","21,094","Failed Impurities/Degradation Specifications; out of specification for Related Compound","09/13/2021","09/14/2021","04/28/2022","09/22/2021","Lot # 3107334, exp. date October 2021"
"Drugs","No","","88288","Ongoing","Johnson & Johnson Consumer, Inc.","199 Grandview Rd","N/A","Skillman","NJ","	08558-1311","United States","Voluntary: Firm initiated","Two or more of the following: Email, Fax, Letter, Press Release, Telephone, Visit","Nationwide in US","D-0847-2021","Class II","Neutrogena Ultra Sheer body mist sunscreen BROAD SPECTRUM SPF 30, Avobenzone (3%), Homosalate (8%), Octisalate (5%), Octocrylene (8%), Net Wt. 8.0 oz. (226 g) aerosol can, Distributed by: JOHNSON & JOHNSON CONSUMER, INC. Skillman, NY 08858 UPC 0 86800 11133 7","196,380 cans","cGMP Deviations","07/14/2021","09/24/2021","N/A","10/06/2021","All lots within expiry"
"Drugs","No","","88288","Ongoing","Johnson & Johnson Consumer, Inc.","199 Grandview Rd","N/A","Skillman","NJ","	08558-1311","United States","Voluntary: Firm initiated","Two or more of the following: Email, Fax, Letter, Press Release, Telephone, Visit","Nationwide in US","D-0848-2021","Class II","Neutrogena Beach Defense water+sun protection sunscreen spray BROAD SPECTRUM SPF 70, Avobenzone (3%), Homosalate (15%), Octisalate (5%), Octocrylene (10%), NET WT. 8.5 OZ. (240 g) aerosol can, Distributed by: JOHNSON & JOHNSON CONSUMER, INC. Skillman, NJ 08858 UPC 0 86800 10048 5","411,180 cans","cGMP Deviations","07/14/2021","09/24/2021","N/A","10/06/2021","All lots within expiry"
"Drugs","No","","88528","Terminated","Washington Homeopathic Products, Inc.","260 J R Hawvermale Way","N/A","Berkeley Springs","WV","	25411-6957","United States","Voluntary: Firm initiated","Letter","Distributed Nationwide in the USA","D-0871-2021","Class II","Kali Sulphuricum 3X, 960ml 20% Alcohol, WHP Homeopathic Medicine, For Manufacturing Use Only. Manufactured by Washington Homeopathic Products 260JR hawvermale Way Berkeley Springs WV 25411.","12/960 mL bottles","Out-of-specification test results obtained for identification testing based on HPTLC analysis.","08/20/2021","09/29/2021","06/21/2022","10/06/2021","Lot # 29475, Exp 8/17/2026"
"Drugs","No","","88619","Terminated","Meitheal Pharmaceuticals Inc","8700 W Bryn Mawr Ave Ste 600","N/A","Chicago","IL","	60631-3512","United States","Voluntary: Firm initiated","Letter","Nationwide within the USA and India","D-0801-2021","Class III","Glycopyrrolate Injection, USP 4mg per 20mL, 20 mL Multi-Dose Vials, Rx only, Mfd for Meitheal Pharmaceuticals, Chicago, IL 60631. NDC 71288-408-21","1,160 ten-pack cartons","Failed Impurities/Degradation Specifications","09/03/2021","09/15/2021","05/12/2024","09/22/2021","Lot #: G0010120, Exp. Date December 2021; G0080520, Exp. Date April 2022; G0090221, G0100221, Exp. Date January 2023"
"Drugs","No","","86266","Terminated","Grupo Asimex de Mexico SA de CV","Mario Pani No 750 Piso 10-C","Col. Santa Fe Cuajimalpa, Cuajimalpa De Morelos","Ciudad De Mexico","N/A","	N/A","Mexico","Voluntary: Firm initiated","Telephone","Distributor in FL who further distributed Nationwide in the USA","D-0796-2021","Class II","Florance Morris ANTISEPTIC Hand Sanitizer (ethyl alcohol 70%), packaged in a) 8.45 fl oz (250 mL) bottles and b) 33.81 fl oz (1L) bottles, Distributed by: Asimex International LLC, 9100 S Dadeland Blvd, Ste 912, Miami, FL 33156, COUNTRY OF ORIGIN: MEXICO.","N/A","CGMP Deviations: All other lots are being recalled because they were manufactured under the same conditions as the product lots found to contain methanol.","08/14/2020","09/13/2021","10/17/2023","09/22/2021","All lots including but not limited to a) 200520674 and b) 200525677"
"Drugs","No","","88629","Completed","Morton Grove Pharmaceuticals, Inc.","6451 Main St","N/A","Morton Grove","IL","	60053-2633","United States","Voluntary: Firm initiated","Letter","Nationwide USA and China","D-0814-2021","Class II","Promethazine Syrup Plain, 6.25 mg/5 mL (Promethazine Hydrochloride Syrup, USP), 1 Pint (473 mL), Rx Only, Manufactured For: Wockhardt USA, LLC, Parsippany, NJ 07054; Manuractured By: Morton Grove Pharmaceuticals, Inc, Morton Grove, IL 60053. NDC: 60432-608-16","116,400 bottles","CGMP Deviations: Potential concern with products manufactured using liquid sugar batches contaminated with microbial organisms.","09/03/2021","09/20/2021","N/A","09/29/2021","Lot #: UV1335; UV1352; and UV1373"
"Drugs","No","","88629","Completed","Morton Grove Pharmaceuticals, Inc.","6451 Main St","N/A","Morton Grove","IL","	60053-2633","United States","Voluntary: Firm initiated","Letter","Nationwide USA and China","D-0815-2021","Class II","Promethazine With Codeine Oral Solution, (Promethazine Hydrochloride 6.25 mg/5mL & Codeine Phosphate 10 mg/5 mL), 1 Pint (473 mL), Rx Only, Manufactured For: Wockhardt USA, LLC, Parsippany, NJ 07054; Manuractured By: Morton Grove Pharmaceuticals, Inc, Morton Grove, IL 60053. NDC: 60432-606-16","14,904 bottles","CGMP Deviations: Potential concern with products manufactured using liquid sugar batches contaminated with microbial organisms.","09/03/2021","09/20/2021","N/A","09/29/2021","Lot #: UV1198"
"Drugs","No","","88629","Completed","Morton Grove Pharmaceuticals, Inc.","6451 Main St","N/A","Morton Grove","IL","	60053-2633","United States","Voluntary: Firm initiated","Letter","Nationwide USA and China","D-0816-2021","Class II","Valproic Acid Oral Solution USP,  (250 mg/5 mL),  1 Pint (473 mL), Rx Only, Manufactured For: Wockhardt USA, LLC, Parsippany, NJ 07054; Manuractured By: Morton Grove Pharmaceuticals, Inc, Morton Grove, IL 60053. NDC: 60432-621-16","38,748 bottles","CGMP Deviations: Potential concern with products manufactured using liquid sugar batches contaminated with microbial organisms.","09/03/2021","09/20/2021","N/A","09/29/2021","Lot #: UV1159"
"Drugs","No","","88552","Terminated","Charles Paint Research Inc","2401 E 85th St","N/A","Kansas City","MO","	64132-2617","United States","Voluntary: Firm initiated","Letter","Distributed in Michigan","D-0792-2021","Class II","HAND SANITIZER (alcohol 80%), Alchol Antiseptic 80% topical solution, Hand Sanitizer non-sterile solution, Net weight (6 lbs 14.2 oz) 1 gallon; Net Quantity (3785 mL), Manufactured by Soapdaddy LLC, 2401 E. 85th Street, Kansas City, MO 64131","600 gallons","CGMP Deviations: Product contains acetaldehyde and acetal above the allowable limits.","09/02/2020","09/08/2021","09/29/2023","09/15/2021","Lot# 20-160, Exp 06/11/2022"
"Drugs","No","","88528","Terminated","Washington Homeopathic Products, Inc.","260 J R Hawvermale Way","N/A","Berkeley Springs","WV","	25411-6957","United States","Voluntary: Firm initiated","Letter","Distributed Nationwide in the USA","D-0872-2021","Class II","Althaea Officinalis 6X, Iritable Bladder* Sucrose/Lactose Pills, packaged as 4 Dram, WHP Homeopathic Medicine, Washington Homeopathic Products, 260 JR Hawvermale Way, Berkeley Springs, WV 25411.","10 bottles","Out-of-specification test results obtained for identification testing based on HPTLC analysis.","08/20/2021","09/29/2021","06/21/2022","10/06/2021","Lot # 29377, Exp 8/17/2026"
"Drugs","No","","88528","Terminated","Washington Homeopathic Products, Inc.","260 J R Hawvermale Way","N/A","Berkeley Springs","WV","	25411-6957","United States","Voluntary: Firm initiated","Letter","Distributed Nationwide in the USA","D-0873-2021","Class II","Althaea 6X, Iritable Bladder* Sucrose/Lactose Pills, packaged as 1 OZ, WHP Homeopathic Medicine, Washington Homeopathic Products, 260 JR Hawvermale Way, Berkeley Springs, WV 25411.","10 bottles","Out-of-specification test results obtained for identification testing based on HPTLC analysis.","08/20/2021","09/29/2021","06/21/2022","10/06/2021","Lot # 29377, Exp 8/17/2026"
"Drugs","No","","88528","Terminated","Washington Homeopathic Products, Inc.","260 J R Hawvermale Way","N/A","Berkeley Springs","WV","	25411-6957","United States","Voluntary: Firm initiated","Letter","Distributed Nationwide in the USA","D-0874-2021","Class II","Althaea 6X, Iritable Bladder* 20% Alcohol, Drops,  packaged as 15 ml, WHP Homeopathic Medicine, Washington Homeopathic Products, 260 JR Hawvermale Way, Berkeley Springs, WV 25411.","10 bottles","Out-of-specification test results obtained for identification testing based on HPTLC analysis.","08/20/2021","09/29/2021","06/21/2022","10/06/2021","Lot # 29377, Exp 8/17/2026"
"Drugs","No","","88528","Terminated","Washington Homeopathic Products, Inc.","260 J R Hawvermale Way","N/A","Berkeley Springs","WV","	25411-6957","United States","Voluntary: Firm initiated","Letter","Distributed Nationwide in the USA","D-0875-2021","Class II","Althaea 30X, Iritable Bladder* Sucrose/Lactose Pills,  packaged as 4 Dram,  WHP Homeopathic Medicine, Washington Homeopathic Products, 260 JR Hawvermale Way, Berkeley Springs, WV 25411.","10 bottles","Out-of-specification test results obtained for identification testing based on HPTLC analysis.","08/20/2021","09/29/2021","06/21/2022","10/06/2021","Lot # 29377, Exp 8/17/2026"
"Drugs","No","","88638","Terminated","The Harvard Drug Group","17187 N Laurel Park Dr Ste 300","N/A","Livonia","MI","	48152-2600","United States","Voluntary: Firm initiated","Letter","CO, FL, MO, OH","D-0806-2021","Class II","Entacapone Tablets, USP, 200 mg, Rx only, 30 Tablets per unit dose cartons, Distributed by: Major Pharmaceuticals, 17177 N. Laurel Park Dr., Suite 233, Livonia, MI 48152.  NDC 0904-6822-04","1,632 cartons","Failed Dissolution Specifications","07/29/2021","09/17/2021","02/19/2023","09/29/2021","Lot, expiry: N00187, 05/2022; N00245, 06/2022; N00273, 07/2022; N00355, 11/2022"
"Drugs","No","","88528","Terminated","Washington Homeopathic Products, Inc.","260 J R Hawvermale Way","N/A","Berkeley Springs","WV","	25411-6957","United States","Voluntary: Firm initiated","Letter","Distributed Nationwide in the USA","D-0876-2021","Class II","Cistus Canadensis 5X Coldness* 20% Alcohol drops, Packaged in a) 15ml; b) 50 ml;  WHP Homeopathic Medicine, Washington Homeopathic Products 260 JR Hawvermale Way, Berkeley Springs WV 25411","N/A","Out-of-specification test results obtained for identification testing based on HPTLC analysis.","08/20/2021","09/29/2021","06/21/2022","10/06/2021","Lot # 28638, Exp 8/17/2026"
"Drugs","No","","88528","Terminated","Washington Homeopathic Products, Inc.","260 J R Hawvermale Way","N/A","Berkeley Springs","WV","	25411-6957","United States","Voluntary: Firm initiated","Letter","Distributed Nationwide in the USA","D-0877-2021","Class II","Quebracho 4C, Fever*, 20% Alcohol, Packaged as 100ml, WHP Homeopathic Medicine, Washington Homeopathic Products, 260 JR Hawvermale Way, Berkeley Springs, WV 25411.","N/A","Out-of-specification test results obtained for identification testing based on HPTLC analysis.","08/20/2021","09/29/2021","06/21/2022","10/06/2021","Lot # 28930, Exp 8/17/2026"
"Drugs","No","","88639","Terminated","Aurobindo Pharma USA Inc.","279 Princeton Hightstown Rd","N/A","East Windsor","NJ","	08520-1401","United States","Voluntary: Firm initiated","Letter","Nationwide within the United States","D-0812-2021","Class II","Metoprolol Tartrate Tablets USP 100 mg, 1000-count bottles, Rx only, Distributed by: Aurobindo Pharma USA Inc. 279 Princeton-Highstown Road East Windsor, NJ 08520, NDC  65862-064-99  ","2,820 bottles","Presence of Foreign Substance: Product complaints received for the presence of metal wire in one tablet.","09/09/2021","09/20/2021","10/31/2023","09/29/2021","Lot: MJ1019025-A, Exp. date 04/2022"
"Drugs","No","","88528","Terminated","Washington Homeopathic Products, Inc.","260 J R Hawvermale Way","N/A","Berkeley Springs","WV","	25411-6957","United States","Voluntary: Firm initiated","Letter","Distributed Nationwide in the USA","D-0878-2021","Class II","Viola od 6X, 30X, Bee Stings*, Sucrose/Lactose Pills,  6X Packaged in a) 4 Dram, UPC 7 40640 50139 9; 30X Packaged in b) 4 dr, UPC 7 40640 50141 2; c) 2 oz, UPC 7 40640 50149 8; WHP Homeopathic Medicine, Washington Homeopathic Products, 260 JR Hawvermale Way, Berkeley Springs, WV, 25411.","N/A","Out-of-specification test results obtained for identification testing based on HPTLC analysis.","08/20/2021","09/29/2021","06/21/2022","10/06/2021","Lot # 29057,  Exp 8/17/2026"
"Drugs","No","","88528","Terminated","Washington Homeopathic Products, Inc.","260 J R Hawvermale Way","N/A","Berkeley Springs","WV","	25411-6957","United States","Voluntary: Firm initiated","Letter","Distributed Nationwide in the USA","D-0879-2021","Class II","Z-103 GU DETOXING. Contents 1000ml 20% Alcohol. WHP Homeopathic Medicine. For Manufacturing Use Only, REMEDY: Agrimonia Eupatoria 24X, Alfalfa 24X, Althaea Officinalis 24X, Avena Sativa 24X, Boldo 24X, Carduus Marianus 24X, Chioanathus Virginica 24X, Cynara Scolymus 24X, Iria Versicolor 24X, Millefolium 24X, Rumex Crispus 24X, Selenium Metallicum 12X, Selenium Metallicum 60X, Solidago Virgaurea 12X, Solidago Virgaurea 24X, Solidago Virgaurea 60X, Spiraea Ulmaira 24X, Taraxacum Officinale 24X, Urtica Dioica 24X, Uva-Ursi 24X, Zincum Muriaticum 13X, Zincum Mruiaticum 30X, Dilution Alcohol 20%. Manufactured for Optimal Health Dimensi. RX Only, Manufactured by Washington Homeopathic Products, 260 JR Hawvermale Way, Berkeley Springs, WV, 25411.  ","2/1 Liter bottles","Out-of-specification test results obtained for identification testing based on HPTLC analysis.","08/20/2021","09/29/2021","06/21/2022","10/06/2021","Lot # 26364,  Exp 8/17/2026"
"Drugs","No","","88528","Terminated","Washington Homeopathic Products, Inc.","260 J R Hawvermale Way","N/A","Berkeley Springs","WV","	25411-6957","United States","Voluntary: Firm initiated","Letter","Distributed Nationwide in the USA","D-0880-2021","Class II","Z-107 Formula Soft Tissue Healing. Contents 1000ml. For Manufacturing Use Only, REMEDY: Amygdalus Persica 10X, Arnica Montana 10X, Bellis Perennis 10X, Chromium Sulphuricum 10X, Citrus Vulgaris 10X, Derris Pinnata 13X, Franciscea Uniflora 13X, Hamamelis Virginiana 10X, Manganum Metallicum 10X, Ruta Graveolens 10X, Sarsaparilla 10X, Zincum Muriaticum 13X, Dilution Alcohol 20%. Manufactured for Optimal Health Dimensi. RX Only, Manufactured by Washington Homeopathic Products, Inc. 260 JR Hawvermale Way, Berkeley Springs, WV, 25411.  ","2 1/liter bottle","Out-of-specification test results obtained for identification testing based on HPTLC analysis.","08/20/2021","09/29/2021","06/21/2022","10/06/2021","Lot # 27668,  Exp 8/17/2026"
"Drugs","No","","88528","Terminated","Washington Homeopathic Products, Inc.","260 J R Hawvermale Way","N/A","Berkeley Springs","WV","	25411-6957","United States","Voluntary: Firm initiated","Letter","Distributed Nationwide in the USA","D-0881-2021","Class II","ZTE-1020 Formula. Contents 1000ml. WHP Homeopathic Medicine, For Manufacturing Use Only, REMEDY: Aurum Metallicum 10X, Crataegus Oxyacantha 10X, Baryta Carbonica 10X, Digitalis Purpurea 10X, Zincum Muriaticum 13X, Chromium Sulphuricum 10X, Manganum Metallicum 10X, Dilution Alcohol 20%. Manufactured for Optimal Health Dimensions. RX Only, Manufactured by Washington Homeopathic Products, Inc. 260 JR Hawvermale Way, Berkeley Springs, WV, 25411.  ","1 1/Liter bottle","Out-of-specification test results obtained for identification testing based on HPTLC analysis.","08/20/2021","09/29/2021","06/21/2022","10/06/2021","Lot # 25740,  Exp 8/17/2026"
"Drugs","No","","88528","Terminated","Washington Homeopathic Products, Inc.","260 J R Hawvermale Way","N/A","Berkeley Springs","WV","	25411-6957","United States","Voluntary: Firm initiated","Letter","Distributed Nationwide in the USA","D-0882-2021","Class II","Z-1020 Formula. Contents 1000ml 20% Alcohol. WHP Homeopathic Medicine, For Manufacturing Use Only, REMEDY: Aurum Metallicum 10X, Baryta Carbonica 10X, Chromium Sulphuricum 10X, Crataegus Oxyacantha 10X,  Digitalis Purpurea 10X, Manganum Metallicum 10X, Zincum Muriaticum 13X, Dilution Alcohol 20%. Manufactured for Optimal Health Dimensions. Manufactured by Washington Homeopathic Products, Inc. 260 JR Hawvermale Way, Berkeley Springs, WV, 25411.  ","2 1/liter bottle","Out-of-specification test results obtained for identification testing based on HPTLC analysis.","08/20/2021","09/29/2021","06/21/2022","10/06/2021","Lot # 26529,  Exp 8/17/2026"
"Drugs","No","","88528","Terminated","Washington Homeopathic Products, Inc.","260 J R Hawvermale Way","N/A","Berkeley Springs","WV","	25411-6957","United States","Voluntary: Firm initiated","Letter","Distributed Nationwide in the USA","D-0883-2021","Class II","Z-1050 Formula Hepatodetox. Contents 1000ml. WHP Homeopathic Medicine, For Manufacturing Use Only, REMEDY: Cholesterinum 10X, Avena Sativa 12X, Cynara Scolymos 12X, Phosphorus 12X, Oroticum Acidum 13X, Aesculus Hipposcastanum 24X, Carduus Marianus 24X, Chelidonium Majus 24X, Cimicifuga Racemosa 24X, Cinchona Officinalis 24X, Colocynthis 24X, Histaminum Hydrochloricum 24X, Lycopodium Clavatum 24X, Sulphur 24X, Tataxacum Officinale 24X, Veratrum Album 24X, Sepia 30X, Strontium Carbonicum 30X, Dilution Alcohol 20%. Manufactured for Optimal Health Dimensions. RX Only. anufactured by Washington Homeopathic Products, Inc. 260 JR Hawvermale Way, Berkeley Springs, WV, 25411.  ","3/1 Liter bottles","Out-of-specification test results obtained for identification testing based on HPTLC analysis.","08/20/2021","09/29/2021","06/21/2022","10/06/2021","Lot # 26071,  28180, Exp 8/17/2026"
"Drugs","No","","88528","Terminated","Washington Homeopathic Products, Inc.","260 J R Hawvermale Way","N/A","Berkeley Springs","WV","	25411-6957","United States","Voluntary: Firm initiated","Letter","Distributed Nationwide in the USA","D-0884-2021","Class II","Z-1070 Formula Anxioheal. Contents 1000ml 20% Alcohol. WHP Homeopathic Medicine, For Manufacturing Use Only, REMEDY:Causticum 30X, Conium Maculatum 8X, Conium Maculatum 12X, Crataegus Oxyacantha 12X, Crataegus Oxyacantha 30X, Ignatia Amara 24X, Lycopus Virginicus 12X, Phosphoricum Acidum 12X, Phosphoricum Acidum 24X, Rhus Toxicodendron 24X, Secale Cornutum 24X, Secale Cornutum 30X, Sepia 6X, Sepia 24X, Solanum Nigrum 30X, Zincum Valericanicum 8X, Zincum Valerianicum 12X, Dilution Alcohol 20%.  Manufactured for Optimal Health Dimensions. RX Only. anufactured by Washington Homeopathic Products, Inc. 260 JR Hawvermale Way, Berkeley Springs, WV, 25411.  ","2/1 Liter bottle","Out-of-specification test results obtained for identification testing based on HPTLC analysis.","08/20/2021","09/29/2021","06/21/2022","10/06/2021","Lot # 26007, Exp 8/17/2026"
"Drugs","No","","88528","Terminated","Washington Homeopathic Products, Inc.","260 J R Hawvermale Way","N/A","Berkeley Springs","WV","	25411-6957","United States","Voluntary: Firm initiated","Letter","Distributed Nationwide in the USA","D-0885-2021","Class II","ZTE-1034 Formula Antimicrobial Bowel. Contents 1000ml. WHP Homeopathic Medicine, For Manufacturing Use Only, REMEDY: Arsenicum Album 10X, Baptisia Tinctoria 10X, Pulsatilla 10X, Lachesis Mutus 11X, Rhus Toxicodendron 10X, Belladonna 7X, Colchicum Autumnale 5X, Aconitum Napellus 8X, Astragalus Menziesli 8X, Carbo Vegetabilis 8X, Chamomilla 3X, Hydrastis Canadensis 3X, Echinacea Angustifolia 12X, Pulsatilla 11X, Anas Barariae, Hepatis ET 60C, Anas Barariae, Hepatis ET 100C,  Anas Barariae, Hepatis ET 200C, Carduus Marianus 6X, Taraxacum Officinale 4X, Berberis Aquifolium 8X, Zingiber Officinal 8X, Allium Sativum 4X, Dilution Alcohol 20%.    Causticum 30X, Conium Maculatum 8X, Conium Maculatum 12X, Crataegus Oxyacantha 12X, Crataegus Oxyacantha 30X, Ignatia Amara 24X, Lycopus Virginicus 12X, Phosphoricum Acidum 12X, Phosphoricum Acidum 24X, Rhus Toxicodendron 24X, Secale Cornutum 24X, Secale Cornutum 30X, Sepia 6X, Sepia 24X, Solanum Nigrum 30X, Zincum Valericanicum 8X, Zincum Valerianicum 12X, Dilution Alcohol 20%.  Manufactured for Optimal Health Dimensions. RX Only. anufactured by Washington Homeopathic Products, Inc. 260 JR Hawvermale Way, Berkeley Springs, WV, 25411.  ","2/1 Liter bottles","Out-of-specification test results obtained for identification testing based on HPTLC analysis.","08/20/2021","09/29/2021","06/21/2022","10/06/2021","Lot # 25887, Exp 8/17/2026"
"Drugs","No","09/15/2021","88653","Terminated","Vi-Jon, Inc.","1 Swan Dr","N/A","Smyrna","TN","	37167-2099","United States","Voluntary: Firm initiated","Letter","Distributed Nationwide in the USA","D-0799-2021","Class II","Kroger 70% Isopropyl Alcohol First Aid Antiseptic 32 FL OZ (1 QT) 946 mL 5 Dist. By The Kroger Co., Cincinnati, Ohio 45202 NDC 30142-810-45, UPC 0 11110 37049","21,156 bottles","Labeling: Label Mix-Up.The recall has been initiated after receiving one complaint about incorrect labeling.The primary label on the front and back label on some of the bottles have 70% Isopropyl Alcohol affixed to the containers. However, the product inside the bottle is Hydrogen Peroxide, Topical Solution USP with active ingredient Hydrogen Peroxide (stabilized) 3%, 32 FL Ounces","09/09/2021","09/15/2021","06/21/2023","09/22/2021","Lot: 0542077 Exp. 07/2023"
"Drugs","No","","88650","Terminated","American Health Packaging","2550 John Glenn Ave Ste A","N/A","Columbus","OH","	43217-1188","United States","Voluntary: Firm initiated","Letter","Nationwide within the USA","D-0813-2021","Class III","Sirolimus Tablets 1 mg, 30 Tablets (5 blister cards x 6 unit doses), Rx only, Packaged and Distributed by: American Health Packaging Columbus, OH 43217, NDC 68084-915-25","290 cartons","Failed Impurities/Degradation Specifications","05/12/2021","09/20/2021","08/25/2022","09/29/2021","Lot #: 1000789, Exp. Date 10/31/2022"
"Drugs","No","","88662","Terminated","Promise Pharmacy, LLC","31818 Us Highway 19 N","N/A","Palm Harbor","FL","	34684-3713","United States","Voluntary: Firm initiated","Telephone","AZ, CO, FL, IL, NJ","D-0803-2021","Class II","MIC+Methyl B12 injection Methionine Inositol Choline+Methylcobalamin 25 mg/50 mg/50 mg/1 mg/mL, 10 mL vial sterile, Rx only, Promise Pharmacy 31818 US Hwy 19N Palm Harbor FL 34684 1-888-3PROMIS","57 vials","Lack of processing controls","06/30/2021","09/16/2021","06/06/2023","09/22/2021","Lot# 06152021@2, Exp 09/13/2021"
"Drugs","No","","88288","Ongoing","Johnson & Johnson Consumer, Inc.","199 Grandview Rd","N/A","Skillman","NJ","	08558-1311","United States","Voluntary: Firm initiated","Two or more of the following: Email, Fax, Letter, Press Release, Telephone, Visit","Nationwide in US","D-0849-2021","Class II","Neutrogena Beach Defense water+sun protection sunscreen spray BROAD SPECTRUM SPF 50, Avobenzone (3%), Homosalate (10%), Octisalate (5%), Octocrylene (10%), NET WT. 6.5 OZ. (184 g) aerosol can, Distributed by: JOHNSON & JOHNSON CONSUMER, INC. Skillman, NJ 08858, UPC 0 86800 11254 9","N/A","cGMP Deviations","07/14/2021","09/24/2021","N/A","10/06/2021","All lots within expiry"
"Drugs","No","","88288","Ongoing","Johnson & Johnson Consumer, Inc.","199 Grandview Rd","N/A","Skillman","NJ","	08558-1311","United States","Voluntary: Firm initiated","Two or more of the following: Email, Fax, Letter, Press Release, Telephone, Visit","Nationwide in US","D-0850-2021","Class II","Neutrogena Beach Defense water+sun protection sunscreen spray BROAD SPECTRUM SPF 60+, Avobenzone (3%), Homosalate (10%), Octisalate (5%), Octocrylene (10%) NET WT. 8.5 OZ. (240 g) aerosol can, Distributed by: JOHNSON & JOHNSON CONSUMER, INC. Skillman, NJ 08858, UPC 0 86800 11255 6","N/A","cGMP Deviations","07/14/2021","09/24/2021","N/A","10/06/2021","All lots within expiry"
"Drugs","No","","88677","Terminated","Bayer Healthcare Pharmaceuticals Inc.","100 Bayer Blvd","N/A","Whippany","NJ","	07981-1544","United States","Voluntary: Firm initiated","Press Release","Distributed Nationwide in the US, Puerto Rico, Canada and Mexico through a variety of retail channels.","D-0236-2022","Class II","LOTRIMIN AF (Miconazole nitrate 2%) Deodorant Powder Spray NET WT 133g (4.6 OZ) can, Dist by: Bayer Healthcare LLC, Whippany, NJ 07981, Product of Spain, NDC 11523-1272-2 UPC 3 11017 41023 3","2,817,468 cans","cGMP Deviations: manufactured at the same facility where other lots were found to be contaminated with benzene.","10/01/2021","11/18/2021","06/26/2023","11/24/2021","Lot # TN00082, Exp 9/30/2021;TN000TU, TN000TV, Exp. 10/31/2021;  TN00236, Exp. 1/31/2022; TN003C8, Exp 2/28/2022; TN003C9, Exp 3/31/2022; TN003GS, Exp 4/30/2022; TN0041W, Exp 6/30/2022; TN006W8, Exp 8/31/2022; TN005P5, Exp 9/30/2022; TN006MZ, Exp 2/28/2023;"
"Drugs","No","","88497","Ongoing","Pfizer Inc.","235 East 42nd Street","N/A","New York","NY","	10017-5703","United States","Voluntary: Firm initiated","Press Release","Nationwide","D-0809-2021","Class II","Chantix (varenicline) tablets 0.5mg, 56 Tablets, Rx only,  Distributed by Pfizer Labs, Division of Pfizer Inc. NY, NY 10017, Made in Ireland, NDC 0069-0468-56.  ","N/A","CGMP Deviations: Presence of the N-nitroso-varenicline impurity above FDA s acceptable interim acceptable intake limit","08/13/2021","09/17/2021","N/A","09/29/2021","Lots , CY6861, DM9007, DM9008,  EN5725, EN8362, EN8467  EXPIRATION DATE: January 2022 - May 2023"
"Drugs","No","","88497","Ongoing","Pfizer Inc.","235 East 42nd Street","N/A","New York","NY","	10017-5703","United States","Voluntary: Firm initiated","Press Release","Nationwide","D-0810-2021","Class II","Chantix (varenicline) tablets 1 mg, 56 Tablets, Rx only,  Distributed by Pfizer Labs, Division of Pfizer Inc. NY, NY 10017, Made in Ireland, NDC 0069-0469-56.  ","N/A","CGMP Deviations: Presence of the N-nitroso-varenicline impurity above FDA s acceptable interim acceptable intake limit","08/13/2021","09/17/2021","N/A","09/29/2021","Lots 00018777, 00019289, 00019593, 00019682, 00019846, 00019977, 00020295, 00020448, 00020458, 00020480, 00021024, 00021073, 00021074, CW1565, CW1566, CW1567, CW1568, CW1569, CW1570, CW1571, CW1572, CW1573, CW1574, CW1575, CW1578, CW1579, CW1581, DF5277, DF5278, DF5279, DF5280, DF5281, DF5282, DR5086, DR5092, DR5093, DR5094, DT3885, DW4148, DW4152, DY7987, EC9841, EC9842, EC9847, EC9848, EE1011, EM1069, EM1070, EN5694, EN5695, EP1717, EP1718, EP1719, EW2012, EW3854, EW3865, EX2102, EX2103  EXPIRATION DATE: September 2021   December 2023"
"Drugs","No","","88497","Ongoing","Pfizer Inc.","235 East 42nd Street","N/A","New York","NY","	10017-5703","United States","Voluntary: Firm initiated","Press Release","Nationwide","D-0811-2021","Class II","Chantix (varenicline) tablets 1 mg, Carton containing 4 blister packs of 14 tablets each,, Rx only,  Distributed by Pfizer Labs, Division of Pfizer Inc. NY, NY 10017, Made in Ireland, NDC 0069-0469-03.  EXPIRATION DATE: September 2021   June 2023  ","N/A","CGMP Deviations: Presence of the N-nitroso-varenicline impurity above FDA s acceptable interim acceptable intake limit","08/13/2021","09/17/2021","N/A","09/29/2021","Lots 00019431, 00019542, 00019543, 00019544, 00020814, 00020815, 00020907, 00020965, 00021421, 00021422, 00021423, 00022136, 00022174, 00022175, 00022176, 00022177, 00022765, 00022766, 00023134, 00023135, 00023747, 00023748, DL3896, DL7779, DR2614, DX4576, DX5870, DX5871, DX5872, DX5873, DX7805, DY6078, DY7060, DY9367, DY9473, DY9475, DY9476, DY9505, EC5910, EC5913, EE9391, EF2346, EM4805, EM4807, EN2005, ET1601, ET1605, ET1606  EXPIRATION DATE: September 2021   December 2023"
"Drugs","No","","88693","Terminated","First Royal Care Co. LLC, dba Red Mountain Compounding Pharmacy","6828 E Brown Rd Ste 101","N/A","Mesa","AZ","	85207-3761","United States","Voluntary: Firm initiated","N/A","494 patients/consumers received prescriptions and are located in AZ, CA FL, MN, MT, TX, and UT.","D-0028-2022","Class II","Calcium Chloride, 100 mg/mL MDV INJ, Rx only, Red Mountain Compounding Rx","N/A","Lack of Assurance of Sterility: FDA inspection raised sterility assurance concerns","08/13/2021","10/26/2021","04/12/2023","11/03/2021","all lots within expiry"
"Drugs","No","","88693","Terminated","First Royal Care Co. LLC, dba Red Mountain Compounding Pharmacy","6828 E Brown Rd Ste 101","N/A","Mesa","AZ","	85207-3761","United States","Voluntary: Firm initiated","N/A","494 patients/consumers received prescriptions and are located in AZ, CA FL, MN, MT, TX, and UT.","D-0029-2022","Class II","Magnesium Chloride, 200 mg/mL MDV INJ, Rx only, Red Mountain Compounding Rx","N/A","Lack of Assurance of Sterility: FDA inspection raised sterility assurance concerns","08/13/2021","10/26/2021","04/12/2023","11/03/2021","all lots within expiry"
"Drugs","No","","88693","Terminated","First Royal Care Co. LLC, dba Red Mountain Compounding Pharmacy","6828 E Brown Rd Ste 101","N/A","Mesa","AZ","	85207-3761","United States","Voluntary: Firm initiated","N/A","494 patients/consumers received prescriptions and are located in AZ, CA FL, MN, MT, TX, and UT.","D-0030-2022","Class II","LEVOCARNITINE 100MG/ML MDV SOLN, Rx only, Red Mountain Compounding Rx","N/A","Lack of Assurance of Sterility: FDA inspection raised sterility assurance concerns","08/13/2021","10/26/2021","04/12/2023","11/03/2021","all lots within expiry"
"Drugs","No","","88693","Terminated","First Royal Care Co. LLC, dba Red Mountain Compounding Pharmacy","6828 E Brown Rd Ste 101","N/A","Mesa","AZ","	85207-3761","United States","Voluntary: Firm initiated","N/A","494 patients/consumers received prescriptions and are located in AZ, CA FL, MN, MT, TX, and UT.","D-0031-2022","Class II","ASCORBIC ACID (NON-CORN) 500MG/ML MDV SOLN, Rx only, Red Mountain Compounding Rx","N/A","Lack of Assurance of Sterility: FDA inspection raised sterility assurance concerns","08/13/2021","10/26/2021","04/12/2023","11/03/2021","all lots within expiry"
"Drugs","No","","88693","Terminated","First Royal Care Co. LLC, dba Red Mountain Compounding Pharmacy","6828 E Brown Rd Ste 101","N/A","Mesa","AZ","	85207-3761","United States","Voluntary: Firm initiated","N/A","494 patients/consumers received prescriptions and are located in AZ, CA FL, MN, MT, TX, and UT.","D-0032-2022","Class II","ASCORBIC ACID (NON-CORN) 500MG/ML SOLN (PF), Rx only, Red Mountain Compounding Rx","N/A","Lack of Assurance of Sterility: FDA inspection raised sterility assurance concerns","08/13/2021","10/26/2021","04/12/2023","11/03/2021","all lots within expiry"
"Drugs","No","","88693","Terminated","First Royal Care Co. LLC, dba Red Mountain Compounding Pharmacy","6828 E Brown Rd Ste 101","N/A","Mesa","AZ","	85207-3761","United States","Voluntary: Firm initiated","N/A","494 patients/consumers received prescriptions and are located in AZ, CA FL, MN, MT, TX, and UT.","D-0033-2022","Class II","ASCORBIC/GLUTATHIONE 1.25/1.25% OPTH SOLN, Rx only, Red Mountain Compounding Rx","N/A","Lack of Assurance of Sterility: FDA inspection raised sterility assurance concerns","08/13/2021","10/26/2021","04/12/2023","11/03/2021","all lots within expiry"
"Drugs","No","","88693","Terminated","First Royal Care Co. LLC, dba Red Mountain Compounding Pharmacy","6828 E Brown Rd Ste 101","N/A","Mesa","AZ","	85207-3761","United States","Voluntary: Firm initiated","N/A","494 patients/consumers received prescriptions and are located in AZ, CA FL, MN, MT, TX, and UT.","D-0034-2022","Class II","CYCLOSPORIN 0.2% OIL OPTH SUSP, Rx only, Red Mountain Compounding Rx","N/A","Lack of Assurance of Sterility: FDA inspection raised sterility assurance concerns","08/13/2021","10/26/2021","04/12/2023","11/03/2021","all lots within expiry"
"Drugs","No","","88693","Terminated","First Royal Care Co. LLC, dba Red Mountain Compounding Pharmacy","6828 E Brown Rd Ste 101","N/A","Mesa","AZ","	85207-3761","United States","Voluntary: Firm initiated","N/A","494 patients/consumers received prescriptions and are located in AZ, CA FL, MN, MT, TX, and UT.","D-0035-2022","Class II","CYCLOSPORINE 2% MCT OIL SUSP, Rx only, Red Mountain Compounding Rx","N/A","Lack of Assurance of Sterility: FDA inspection raised sterility assurance concerns","08/13/2021","10/26/2021","04/12/2023","11/03/2021","all lots within expiry"
"Drugs","No","","88693","Terminated","First Royal Care Co. LLC, dba Red Mountain Compounding Pharmacy","6828 E Brown Rd Ste 101","N/A","Mesa","AZ","	85207-3761","United States","Voluntary: Firm initiated","N/A","494 patients/consumers received prescriptions and are located in AZ, CA FL, MN, MT, TX, and UT.","D-0036-2022","Class II","DEXPANTHENOL 250MG/ML INJ SOLN, Rx only, Red Mountain Compounding Rx","N/A","Lack of Assurance of Sterility: FDA inspection raised sterility assurance concerns","08/13/2021","10/26/2021","04/12/2023","11/03/2021","all lots within expiry"
"Drugs","No","","88693","Terminated","First Royal Care Co. LLC, dba Red Mountain Compounding Pharmacy","6828 E Brown Rd Ste 101","N/A","Mesa","AZ","	85207-3761","United States","Voluntary: Firm initiated","N/A","494 patients/consumers received prescriptions and are located in AZ, CA FL, MN, MT, TX, and UT.","D-0037-2022","Class II","ESTRADIOL VALERATE 5MG/ML MDV INJ, Rx only, Red Mountain Compounding Rx","N/A","Lack of Assurance of Sterility: FDA inspection raised sterility assurance concerns","08/13/2021","10/26/2021","04/12/2023","11/03/2021","all lots within expiry"
"Drugs","No","","88693","Terminated","First Royal Care Co. LLC, dba Red Mountain Compounding Pharmacy","6828 E Brown Rd Ste 101","N/A","Mesa","AZ","	85207-3761","United States","Voluntary: Firm initiated","N/A","494 patients/consumers received prescriptions and are located in AZ, CA FL, MN, MT, TX, and UT.","D-0038-2022","Class II","GLUTATHIONE 200MG/ML MDV, Rx only, Red Mountain Compounding Rx","N/A","Lack of Assurance of Sterility: FDA inspection raised sterility assurance concerns","08/13/2021","10/26/2021","04/12/2023","11/03/2021","all lots within expiry"
"Drugs","No","","88693","Terminated","First Royal Care Co. LLC, dba Red Mountain Compounding Pharmacy","6828 E Brown Rd Ste 101","N/A","Mesa","AZ","	85207-3761","United States","Voluntary: Firm initiated","N/A","494 patients/consumers received prescriptions and are located in AZ, CA FL, MN, MT, TX, and UT.","D-0039-2022","Class II","HYDROXYPROG CAPROATE 250MG/ML OIL INJ, Rx only, Red Mountain Compounding Rx","N/A","Lack of Assurance of Sterility: FDA inspection raised sterility assurance concerns","08/13/2021","10/26/2021","04/12/2023","11/03/2021","all lots within expiry"
"Drugs","No","","88693","Terminated","First Royal Care Co. LLC, dba Red Mountain Compounding Pharmacy","6828 E Brown Rd Ste 101","N/A","Mesa","AZ","	85207-3761","United States","Voluntary: Firm initiated","N/A","494 patients/consumers received prescriptions and are located in AZ, CA FL, MN, MT, TX, and UT.","D-0040-2022","Class II","LEVOCARNITINE 100MG/ML MDV SOLN, Rx only, Red Mountain Compounding Rx","N/A","Lack of Assurance of Sterility: FDA inspection raised sterility assurance concerns","08/13/2021","10/26/2021","04/12/2023","11/03/2021","all lots within expiry"
"Drugs","No","","88693","Terminated","First Royal Care Co. LLC, dba Red Mountain Compounding Pharmacy","6828 E Brown Rd Ste 101","N/A","Mesa","AZ","	85207-3761","United States","Voluntary: Firm initiated","N/A","494 patients/consumers received prescriptions and are located in AZ, CA FL, MN, MT, TX, and UT.","D-0041-2022","Class II","PYRIDOXINE HCL (B6) 100MG/ML MDV, Red Mountain Compounding Rx","N/A","Lack of Assurance of Sterility: FDA inspection raised sterility assurance concerns","08/13/2021","10/26/2021","04/12/2023","11/03/2021","all lots within expiry"
"Drugs","No","","88693","Terminated","First Royal Care Co. LLC, dba Red Mountain Compounding Pharmacy","6828 E Brown Rd Ste 101","N/A","Mesa","AZ","	85207-3761","United States","Voluntary: Firm initiated","N/A","494 patients/consumers received prescriptions and are located in AZ, CA FL, MN, MT, TX, and UT.","D-0042-2022","Class II","TEST CYP 100MG/ML IN ETHYL OLEATE OIL, Rx only, Red Mountain Compounding Rx    ","N/A","Lack of Assurance of Sterility: FDA inspection raised sterility assurance concerns","08/13/2021","10/26/2021","04/12/2023","11/03/2021","all lots within expiry"
"Drugs","No","","88693","Terminated","First Royal Care Co. LLC, dba Red Mountain Compounding Pharmacy","6828 E Brown Rd Ste 101","N/A","Mesa","AZ","	85207-3761","United States","Voluntary: Firm initiated","N/A","494 patients/consumers received prescriptions and are located in AZ, CA FL, MN, MT, TX, and UT.","D-0043-2022","Class II","TEST CYP 200MG/ML IN SESAME OIL MDV, Rx only, Red Mountain Compounding Rx    ","N/A","Lack of Assurance of Sterility: FDA inspection raised sterility assurance concerns","08/13/2021","10/26/2021","04/12/2023","11/03/2021","all lots within expiry"
"Drugs","No","","88693","Terminated","First Royal Care Co. LLC, dba Red Mountain Compounding Pharmacy","6828 E Brown Rd Ste 101","N/A","Mesa","AZ","	85207-3761","United States","Voluntary: Firm initiated","N/A","494 patients/consumers received prescriptions and are located in AZ, CA FL, MN, MT, TX, and UT.","D-0044-2022","Class II","TEST CYP 200MG/ML MDV ETHYL OLEATE, Rx only, Red Mountain Compounding Rx    ","N/A","Lack of Assurance of Sterility: FDA inspection raised sterility assurance concerns","08/13/2021","10/26/2021","04/12/2023","11/03/2021","all lots within expiry"
"Drugs","No","","88693","Terminated","First Royal Care Co. LLC, dba Red Mountain Compounding Pharmacy","6828 E Brown Rd Ste 101","N/A","Mesa","AZ","	85207-3761","United States","Voluntary: Firm initiated","N/A","494 patients/consumers received prescriptions and are located in AZ, CA FL, MN, MT, TX, and UT.","D-0045-2022","Class II","TEST CYP 25MG/ML IN ETHYL OLEATE MDV, Rx only, Red Mountain Compounding Rx    ","N/A","Lack of Assurance of Sterility: FDA inspection raised sterility assurance concerns","08/13/2021","10/26/2021","04/12/2023","11/03/2021","all lots within expiry"
"Drugs","No","","88693","Terminated","First Royal Care Co. LLC, dba Red Mountain Compounding Pharmacy","6828 E Brown Rd Ste 101","N/A","Mesa","AZ","	85207-3761","United States","Voluntary: Firm initiated","N/A","494 patients/consumers received prescriptions and are located in AZ, CA FL, MN, MT, TX, and UT.","D-0046-2022","Class II","TEST CYP 50MG/ML IN ETHYL OLEATE OIL, Rx only, Red Mountain Compounding Rx    ","N/A","Lack of Assurance of Sterility: FDA inspection raised sterility assurance concerns","08/13/2021","10/26/2021","04/12/2023","11/03/2021","all lots within expiry"
"Drugs","No","","88693","Terminated","First Royal Care Co. LLC, dba Red Mountain Compounding Pharmacy","6828 E Brown Rd Ste 101","N/A","Mesa","AZ","	85207-3761","United States","Voluntary: Firm initiated","N/A","494 patients/consumers received prescriptions and are located in AZ, CA FL, MN, MT, TX, and UT.","D-0047-2022","Class II","TEST CYP/PROP 160/40MG/ML MDV IN ETHYL OLEATE, Rx only, Red Mountain Compounding Rx  ","N/A","Lack of Assurance of Sterility: FDA inspection raised sterility assurance concerns","08/13/2021","10/26/2021","04/12/2023","11/03/2021","all lots within expiry"
"Drugs","No","","88693","Terminated","First Royal Care Co. LLC, dba Red Mountain Compounding Pharmacy","6828 E Brown Rd Ste 101","N/A","Mesa","AZ","	85207-3761","United States","Voluntary: Firm initiated","N/A","494 patients/consumers received prescriptions and are located in AZ, CA FL, MN, MT, TX, and UT.","D-0048-2022","Class II","TEST CYP/PROP/DECA-NAN 125MG/ML (80/10/10) IN SESAME OIL, Rx only, Red Mountain Compounding Rx  ","N/A","Lack of Assurance of Sterility: FDA inspection raised sterility assurance concerns","08/13/2021","10/26/2021","04/12/2023","11/03/2021","all lots within expiry"
"Drugs","No","","88693","Terminated","First Royal Care Co. LLC, dba Red Mountain Compounding Pharmacy","6828 E Brown Rd Ste 101","N/A","Mesa","AZ","	85207-3761","United States","Voluntary: Firm initiated","N/A","494 patients/consumers received prescriptions and are located in AZ, CA FL, MN, MT, TX, and UT.","D-0049-2022","Class II","TEST CYP/PROP/DECA-NAN 125MG/ML (80/10/10) IN SESAME OIL, Rx only, Red Mountain Compounding Rx  ","N/A","Lack of Assurance of Sterility: FDA inspection raised sterility assurance concerns","08/13/2021","10/26/2021","04/12/2023","11/03/2021","all lots within expiry"
"Drugs","No","","88693","Terminated","First Royal Care Co. LLC, dba Red Mountain Compounding Pharmacy","6828 E Brown Rd Ste 101","N/A","Mesa","AZ","	85207-3761","United States","Voluntary: Firm initiated","N/A","494 patients/consumers received prescriptions and are located in AZ, CA FL, MN, MT, TX, and UT.","D-0050-2022","Class II","TESTOSTERONE ULTRA 250MG/ML MDV IN SESAME OIL, Rx only, Red Mountain Compounding Rx  ","N/A","Lack of Assurance of Sterility: FDA inspection raised sterility assurance concerns","08/13/2021","10/26/2021","04/12/2023","11/03/2021","all lots within expiry"
"Drugs","No","","88693","Terminated","First Royal Care Co. LLC, dba Red Mountain Compounding Pharmacy","6828 E Brown Rd Ste 101","N/A","Mesa","AZ","	85207-3761","United States","Voluntary: Firm initiated","N/A","494 patients/consumers received prescriptions and are located in AZ, CA FL, MN, MT, TX, and UT.","D-0051-2022","Class II","VIT B COMPLEX INJ SOLN (HP), Rx only, Red Mountain Compounding Rx  ","N/A","Lack of Assurance of Sterility: FDA inspection raised sterility assurance concerns","08/13/2021","10/26/2021","04/12/2023","11/03/2021","all lots within expiry"
"Drugs","No","","88693","Terminated","First Royal Care Co. LLC, dba Red Mountain Compounding Pharmacy","6828 E Brown Rd Ste 101","N/A","Mesa","AZ","	85207-3761","United States","Voluntary: Firm initiated","N/A","494 patients/consumers received prescriptions and are located in AZ, CA FL, MN, MT, TX, and UT.","D-0052-2022","Class II","VIT B COMPLEX INJ SOLN (HP), Rx only, Red Mountain Compounding Rx  ","N/A","Lack of Assurance of Sterility: FDA inspection raised sterility assurance concerns","08/13/2021","10/26/2021","04/12/2023","11/03/2021","all lots within expiry"
"Drugs","No","","88693","Terminated","First Royal Care Co. LLC, dba Red Mountain Compounding Pharmacy","6828 E Brown Rd Ste 101","N/A","Mesa","AZ","	85207-3761","United States","Voluntary: Firm initiated","N/A","494 patients/consumers received prescriptions and are located in AZ, CA FL, MN, MT, TX, and UT.","D-0053-2022","Class II","ACETYLCYSTEINE 10% OPTH SOLN, Red Mountain Compounding Rx  ","N/A","Lack of Assurance of Sterility: FDA inspection raised sterility assurance concerns","08/13/2021","10/26/2021","04/12/2023","11/03/2021","all lots within expiry"
"Drugs","No","","88693","Terminated","First Royal Care Co. LLC, dba Red Mountain Compounding Pharmacy","6828 E Brown Rd Ste 101","N/A","Mesa","AZ","	85207-3761","United States","Voluntary: Firm initiated","N/A","494 patients/consumers received prescriptions and are located in AZ, CA FL, MN, MT, TX, and UT.","D-0054-2022","Class II","ACETYLCYSTEINE 2% OPTH SOLN, Rx only, Red Mountain Compounding Rx  ","N/A","Lack of Assurance of Sterility: FDA inspection raised sterility assurance concerns","08/13/2021","10/26/2021","04/12/2023","11/03/2021","all lots within expiry"
"Drugs","No","","88693","Terminated","First Royal Care Co. LLC, dba Red Mountain Compounding Pharmacy","6828 E Brown Rd Ste 101","N/A","Mesa","AZ","	85207-3761","United States","Voluntary: Firm initiated","N/A","494 patients/consumers received prescriptions and are located in AZ, CA FL, MN, MT, TX, and UT.","D-0055-2022","Class II","BENZALKONIUM CHLORIDE 0.013% SOLUTION, Rx only, Red Mountain Compounding Rx  ","N/A","Lack of Assurance of Sterility: FDA inspection raised sterility assurance concerns","08/13/2021","10/26/2021","04/12/2023","11/03/2021","all lots within expiry"
"Drugs","No","","88693","Terminated","First Royal Care Co. LLC, dba Red Mountain Compounding Pharmacy","6828 E Brown Rd Ste 101","N/A","Mesa","AZ","	85207-3761","United States","Voluntary: Firm initiated","N/A","494 patients/consumers received prescriptions and are located in AZ, CA FL, MN, MT, TX, and UT.","D-0056-2022","Class II","CALCIUM GLUCONATE 10% INJ (PF), Rx only, Red Mountain Compounding Rx  ","N/A","Lack of Assurance of Sterility: FDA inspection raised sterility assurance concerns","08/13/2021","10/26/2021","04/12/2023","11/03/2021","all lots within expiry"
"Drugs","No","","88693","Terminated","First Royal Care Co. LLC, dba Red Mountain Compounding Pharmacy","6828 E Brown Rd Ste 101","N/A","Mesa","AZ","	85207-3761","United States","Voluntary: Firm initiated","N/A","494 patients/consumers received prescriptions and are located in AZ, CA FL, MN, MT, TX, and UT.","D-0057-2022","Class II","FOLIC ACID 10MG/ML MDV INJ, Rx only, Red Mountain Compounding Rx  ","N/A","Lack of Assurance of Sterility: FDA inspection raised sterility assurance concerns","08/13/2021","10/26/2021","04/12/2023","11/03/2021","all lots within expiry"
"Drugs","No","","88693","Terminated","First Royal Care Co. LLC, dba Red Mountain Compounding Pharmacy","6828 E Brown Rd Ste 101","N/A","Mesa","AZ","	85207-3761","United States","Voluntary: Firm initiated","N/A","494 patients/consumers received prescriptions and are located in AZ, CA FL, MN, MT, TX, and UT.","D-0058-2022","Class II","METHYLCOBALAMIN 10,000MCG/ML MDV INJ, Rx only, Red Mountain Compounding Rx  ","N/A","Lack of Assurance of Sterility: FDA inspection raised sterility assurance concerns","08/13/2021","10/26/2021","04/12/2023","11/03/2021","all lots within expiry"
"Drugs","No","","88693","Terminated","First Royal Care Co. LLC, dba Red Mountain Compounding Pharmacy","6828 E Brown Rd Ste 101","N/A","Mesa","AZ","	85207-3761","United States","Voluntary: Firm initiated","N/A","494 patients/consumers received prescriptions and are located in AZ, CA FL, MN, MT, TX, and UT.","D-0059-2022","Class II","METHYLCOBALAMIN 1000MCG/ML MDV INJ, Rx only, Red Mountain Compounding Rx  ","N/A","Lack of Assurance of Sterility: FDA inspection raised sterility assurance concerns","08/13/2021","10/26/2021","04/12/2023","11/03/2021","all lots within expiry"
"Drugs","No","","88693","Terminated","First Royal Care Co. LLC, dba Red Mountain Compounding Pharmacy","6828 E Brown Rd Ste 101","N/A","Mesa","AZ","	85207-3761","United States","Voluntary: Firm initiated","N/A","494 patients/consumers received prescriptions and are located in AZ, CA FL, MN, MT, TX, and UT.","D-0060-2022","Class II","METHYLCOBALAMIN 12.5MG/ML MDV INJ SOLN, Rx only, Red Mountain Compounding Rx  ","N/A","Lack of Assurance of Sterility: FDA inspection raised sterility assurance concerns","08/13/2021","10/26/2021","04/12/2023","11/03/2021","all lots within expiry"
"Drugs","No","","88693","Terminated","First Royal Care Co. LLC, dba Red Mountain Compounding Pharmacy","6828 E Brown Rd Ste 101","N/A","Mesa","AZ","	85207-3761","United States","Voluntary: Firm initiated","N/A","494 patients/consumers received prescriptions and are located in AZ, CA FL, MN, MT, TX, and UT.","D-0061-2022","Class II","METHYLCOBALAMIN 5000MCG/ML MDV INJ, Rx only, Red Mountain Compounding Rx","N/A","Lack of Assurance of Sterility: FDA inspection raised sterility assurance concerns","08/13/2021","10/26/2021","04/12/2023","11/03/2021","all lots within expiry"
"Drugs","No","","88693","Terminated","First Royal Care Co. LLC, dba Red Mountain Compounding Pharmacy","6828 E Brown Rd Ste 101","N/A","Mesa","AZ","	85207-3761","United States","Voluntary: Firm initiated","N/A","494 patients/consumers received prescriptions and are located in AZ, CA FL, MN, MT, TX, and UT.","D-0062-2022","Class II","MIC 25/50/50MG/ML MDV, Rx only,Red Mountain Compounding Rx","N/A","Lack of Assurance of Sterility: FDA inspection raised sterility assurance concerns","08/13/2021","10/26/2021","04/12/2023","11/03/2021","all lots within expiry"
"Drugs","No","","88693","Terminated","First Royal Care Co. LLC, dba Red Mountain Compounding Pharmacy","6828 E Brown Rd Ste 101","N/A","Mesa","AZ","	85207-3761","United States","Voluntary: Firm initiated","N/A","494 patients/consumers received prescriptions and are located in AZ, CA FL, MN, MT, TX, and UT.","D-0063-2022","Class II","MIC/B12A 25/50/50MG/ML 1MG/ML MDV, Red Mountain Compounding Rx","N/A","Lack of Assurance of Sterility: FDA inspection raised sterility assurance concerns","08/13/2021","10/26/2021","04/12/2023","11/03/2021","all lots within expiry"
"Drugs","No","","88693","Terminated","First Royal Care Co. LLC, dba Red Mountain Compounding Pharmacy","6828 E Brown Rd Ste 101","N/A","Mesa","AZ","	85207-3761","United States","Voluntary: Firm initiated","N/A","494 patients/consumers received prescriptions and are located in AZ, CA FL, MN, MT, TX, and UT.","D-0064-2022","Class II","MIC/B12A/B6 15/50/100 5MG/50MG/ML MDV, Rx only, Red Mountain Compounding Rx","N/A","Lack of Assurance of Sterility: FDA inspection raised sterility assurance concerns","08/13/2021","10/26/2021","04/12/2023","11/03/2021","all lots within expiry"
"Drugs","No","","88693","Terminated","First Royal Care Co. LLC, dba Red Mountain Compounding Pharmacy","6828 E Brown Rd Ste 101","N/A","Mesa","AZ","	85207-3761","United States","Voluntary: Firm initiated","N/A","494 patients/consumers received prescriptions and are located in AZ, CA FL, MN, MT, TX, and UT.","D-0065-2022","Class II","MIT/B12 25/50/50MG/ML 1MG/ML MDV, Rx only, Red Mountain Compounding Rx","N/A","Lack of Assurance of Sterility: FDA inspection raised sterility assurance concerns","08/13/2021","10/26/2021","04/12/2023","11/03/2021","all lots within expiry"
"Drugs","No","","88693","Terminated","First Royal Care Co. LLC, dba Red Mountain Compounding Pharmacy","6828 E Brown Rd Ste 101","N/A","Mesa","AZ","	85207-3761","United States","Voluntary: Firm initiated","N/A","494 patients/consumers received prescriptions and are located in AZ, CA FL, MN, MT, TX, and UT.","D-0066-2022","Class II","PROGESTERONE 100MG/ML MDV OIL INJECTION, Rx only, Red Mountain Compounding Rx","N/A","Lack of Assurance of Sterility: FDA inspection raised sterility assurance concerns","08/13/2021","10/26/2021","04/12/2023","11/03/2021","all lots within expiry"
"Drugs","No","","88693","Terminated","First Royal Care Co. LLC, dba Red Mountain Compounding Pharmacy","6828 E Brown Rd Ste 101","N/A","Mesa","AZ","	85207-3761","United States","Voluntary: Firm initiated","N/A","494 patients/consumers received prescriptions and are located in AZ, CA FL, MN, MT, TX, and UT.","D-0067-2022","Class II","SODIUM SELINITE 200MCG/ML FOR INJ, Rx only, Red Mountain Compounding Rx","N/A","Lack of Assurance of Sterility: FDA inspection raised sterility assurance concerns","08/13/2021","10/26/2021","04/12/2023","11/03/2021","all lots within expiry"
"Drugs","No","","88696","Terminated","American Health Packaging","2550 John Glenn Ave Ste A","N/A","Columbus","OH","	43217-1188","United States","Voluntary: Firm initiated","Letter","Nationwide USA","D-0854-2021","Class II","Valproic Acid Oral Solution, USP, 500 mg/10 mL, 100 10 mL unit dose cups per case, Rx Only, Packaged and Distributed by: American Health Packaging, Columbus, Ohio 43217 Case NDC#: 60687-262-56; Individual Dose NDC: 60687-262-42  ","548 ccases","CGMP Deviations: Potential concern with products manufactured using liquid sugar batches contaminated with microbial organisms.","09/15/2021","09/24/2021","06/08/2023","10/06/2021","Lot 1000082; Exp 06/30/2022"
"Drugs","No","","88698","Terminated","Fresenius Kabi USA LLC","2020 N Ruby St","N/A","Melrose Park","IL","	60160-1112","United States","Voluntary: Firm initiated","Letter","U.S.A. Nationwide","D-0856-2021","Class II","Morphine Sulfate Injection, USP, 2 mg per mL, 1 mL single dose vial, Rx only, Fresenius Kabi, Lake Zurich, IL 60047, NDC 63323-452-01.  25 vials per tray packaged 18 trays per shipper","963000 vials","Defective container: Cracked vials leading to lack of sterility assurance","09/17/2021","09/27/2021","06/20/2023","10/06/2021","Lot #  6023731, 6023732, Exp 03/2023; 6024172, 6024260, Exp 06/2023"
"Drugs","No","","88731","Terminated","IntegraDose Compounding Services LLC","719 Kasota Ave Se","N/A","Minneapolis","MN","	55414-2842","United States","Voluntary: Firm initiated","Telephone","NH, MA, MN","D-0896-2021","Class II","ceFAZolin, 2 G/20 mL in Sterile Water, 20 mL Sterile Syringe for Injection, IntegraDose Compounding Services, LLC, 719 Kasota Ave SE, Minneapolis, MN. NDC 71139-7087-1","2,614 syringes","Lack of sterility assurance.","09/17/2021","09/30/2021","10/02/2022","10/06/2021","Lot, expiry: Lot 20210803CEF-1, exp 09/17/2021; Lot 20210805CEF-3, 09/19/2021; Lots 20210806CEF-1, 20210806CEF-2, exp 09/20/2021; Lots 20210809CEF-1, 20210809CEF-2, exp 09/23/2021; Lot 20210810CEF-1, exp 09/24/2021; Lot 20210811CEF-1, exp 09/25/2021; Lot 20210812CEF-1, exp 09/26/2021"
"Drugs","No","","88731","Terminated","IntegraDose Compounding Services LLC","719 Kasota Ave Se","N/A","Minneapolis","MN","	55414-2842","United States","Voluntary: Firm initiated","Telephone","NH, MA, MN","D-0897-2021","Class II","ceFAZolin 3 G in 0.9% Sodium Chloride, 115 mL Bag for Injection, Sterile Product, IntegraDose Compounding Services, LLC, 719 Kasota Ave SE, Minneapolis, MN.  NDC: 71139-7153-1","589 bags","Lack of sterility assurance.","09/17/2021","09/30/2021","10/02/2022","10/06/2021","Lot, expiry: 20210722CEF-2, exp 09/20/2021; 20210728CEF-1, exp 09/26/2021"
"Drugs","No","","88733","Terminated","New Vitalis Pharmacy LLC dba New Vitalis Pharmacy","4139 Cadillac Ct Ste 201","N/A","Louisville","KY","	40213-1578","United States","Voluntary: Firm initiated","Letter","Nationwide within the United States","D-0899-2021","Class II","Testosterone Cypionate Testosterone Propionate, 180mg/mL, 20mg/mL, 1 mL  vial, Rx only, New Vitalis Pharmacy 4139 Cadillac Ct # 201 Louisville, KY 40213","1,347 vials","Lack of Assurance of Sterility","09/22/2021","09/30/2021","05/12/2024","10/06/2021","Lot, expiry: Lot #AL07202021@901, Exp 9/18/21; Lot #AL07272021@901, Exp 9/25/21; Lot #AL08032021@901, Exp 10/2/21; Lot #AL08102021@901, Exp 10/9/21; Lot #AL08172021@901, Exp 10/16/21; Lot #AL08242021@901, Exp 10/23/21"
"Drugs","No","","88734","Terminated","American Health Packaging","2550 John Glenn Ave Ste A","N/A","Columbus","OH","	43217-1188","United States","Voluntary: Firm initiated","N/A","Nationwide within the USA","D-0020-2022","Class II","GlipiZIDE Extended-Release Tablets, 2.5 mg, 30 Tablets (3 blister cards each with 10 individually blistered doses), Rx only, Manufactured by: Patheon Pharmaceuticals Inc., Cincinnati, OH 45237; Distributed by: Actavis Pharma, Inc., Parsippany, NJ 07054.  Carton NDC#: 68084-295-21 (Individual Dose NDC: 68084-295-11)","2,266 cartons","Failed Dissolution Specifications: results were above specification.","09/17/2021","10/20/2021","06/08/2023","10/27/2021","Lot #: 194141, Exp. Date 03/31/2022"
"Drugs","No","","88736","Terminated","SigmaPharm Laboratories LLC","3375 Progress Dr","N/A","Bensalem","PA","	19020-5801","United States","Voluntary: Firm initiated","Letter","Nationwide","D-0898-2021","Class II","Sodium Phenylbutyrate Powder, 250 Grams, Rx Only, packaged in 500 cc HDPE bottles and 53 mm CRC caps packed in a carton and then in case packs containing 2 bottles. Sigmapharm Laboratories, LLC, Bensalem, PA 19020, NDC 42794-086-14","1192 bottles","Failed Impurities/Degradation Specifications; Out of Specification impurity results obtained during routine testing.","09/21/2021","09/30/2021","09/26/2022","10/06/2021","Lots 2005401,  2005501, 2005601, 2005701, Exp FEB 2023; Lots 2101401, 2101501, Exp  FEB-2024"
"Drugs","No","","88738","Terminated","Teva Pharmaceuticals USA","400 Interpace Pkwy","N/A","Parsippany","NJ","	07054-1120","United States","Voluntary: Firm initiated","Letter","USA Nationwide","D-0021-2022","Class II","AirDuo Digihaler 113/14 (fluticasone propionate 113 mcg and salmeterol 14 mcg) Inhalation Powder, Sample Not For Sale, Rx Only, Mktd by: Teva Respiratory, LLC , Frazer, PA 19355, Manufactured in Ireland,  NDC 59310-520-08  ","10,665 inhalers","Subpotent drug: OOS results of Label Claimed Emitted Dose for salmeterol","09/22/2021","10/21/2021","02/16/2023","10/27/2021","AFR17A"
"Drugs","No","","88738","Terminated","Teva Pharmaceuticals USA","400 Interpace Pkwy","N/A","Parsippany","NJ","	07054-1120","United States","Voluntary: Firm initiated","Letter","USA Nationwide","D-0022-2022","Class II","AirDuo Digihaler 232/14 (fluticasone propionate 232 mcg and salmeterol 14 mcg) Inhalation Powder, Sample Not For Sale,  Rx Only, Mktd by: Teva Respiratory, LLC, Frazer, PA 19355, Manufactured in Ireland, NDC 59310-530-08.    ","3,240 inhalers","Subpotent drug: OOS results of Label Claimed Emitted Dose for salmeterol","09/22/2021","10/21/2021","02/16/2023","10/27/2021","AFR18A"
"Drugs","No","","88749","Terminated","Direct Rx","94 Worldwide Dr","N/A","Dawsonville","GA","	30534-6828","United States","Voluntary: Firm initiated","Letter","FL only","D-0829-2021","Class II","Zonisamide 100 mg Capsules, 30-count bottles, Packaged and Distributed By: Direct Rx Dawsonville, GA 30534 Mfg. For Glenmark Pharmaceuticals Inc., USA Mahwah, NJ 07430, NDC 61919-0775-30","2 bottles","CGMP deviations: Gaps in the quality system in the Quality Control microbiology laboratory.","09/14/2021","09/23/2021","10/22/2021","09/29/2021","Lot #: 17JU2118 Exp. 5/31/23"
"Drugs","No","","88754","Terminated","Sanitor Corporation","8400 Cerritos Ave","N/A","Stanton","CA","	90680-2504","United States","Voluntary: Firm initiated","Telephone","Distributed to one distributor located in Las Vegas, NV.","D-0018-2022","Class II","Cleaning Solutions Foaming Hand Sanitizer, Active Ingredient Benzalkonium chloride 0.1%, New Wave Cleaning Solutions LLC, 7001 W Arby Ave Suite 100, Las Vegas, NV 89113, UPC#: 8 60001 93396 3","unknown","CGMP Deviations: Use of this product may cause possible infection/ irritation of the skin and/or soft tissues.","09/21/2021","10/15/2021","04/21/2023","10/27/2021","Lot #  20102, 20103, Exp, Sept, 2021;"
"Drugs","No","","88755","Terminated","Monarch PCM, LLC","7333 Jack Newell Blvd N Ste 100","N/A","Fort Worth","TX","	76118-7151","United States","Voluntary: Firm initiated","Letter","TN","D-0855-2021","Class II","Hydroquinone USP, 4% Skin Bleaching Cream, Rx only, Net Wt 1 oz (28.35g), Manufactured for: Westminster Pharmaceuticals, LLC Nashville, TN 37217 NDC 69367-174-01","11,419 tubes","Finished product specification did not meet USP specifications.","09/23/2021","09/27/2021","06/23/2023","10/06/2021","Lots: 21FP1743, 21FP1745 Exp. 05/2023"
"Drugs","No","","88758","Terminated","SSM Health Care St. Louis DBA SSM St. Clare Health Center","1015 Bowles Ave","N/A","Fenton","MO","	63026-2394","United States","Voluntary: Firm initiated","E-Mail","MO","D-0007-2022","Class II","Potassium Chloride 40 mEq in 0.9% Sodium Chloride 270 mL NS, 250 mL bag, Rx Only, SSM Health Care Corporation, 1015 Bowles, Fenton, MO.  NDC 60652-6429-1","385 bags","Lack of Assurance of Sterility","09/22/2021","10/08/2021","12/28/2022","10/20/2021","Lot 210806-015, exp 11/4/2021"
"Drugs","No","","88759","Terminated","Strides Pharma Inc.","2 Tower Center Blvd Ste 1102","N/A","East Brunswick","NJ","	08816-1100","United States","Voluntary: Firm initiated","Letter","Nationwide","D-0006-2022","Class II","Potassium Chloride Extended-Release Tablets, USP 10 mEq (750 mg), 500 Tablets, Rx Only, Manufactured by: Strides Shasun Limited, Bengaluru - 562106, India, Distributed by: Strides Pharma In., East Brunswick, NJ 08816, NDC 64380-861-07.","1813 bottles","Failed Dissolution Specifications","09/27/2021","10/08/2021","10/26/2022","10/20/2021","Lot 7240840A, exp.  12/31/2021"
"Drugs","No","","88528","Terminated","Washington Homeopathic Products, Inc.","260 J R Hawvermale Way","N/A","Berkeley Springs","WV","	25411-6957","United States","Voluntary: Firm initiated","Letter","Distributed Nationwide in the USA","D-0886-2021","Class II","ZTE-1035 Formula, Antimicrobial Combination, Contents 1006 ml, REMEDY: Arsenicum Album 10X, Baptista Tinctoria 10X, Phosphorus 10X, Arnica Montana 10X,  Bryonia Alba 10X, Antimonium Crudum 10X, Iodium 10X, Lycopodium Clavatum 10X, Pulsatilla 10X, Berberis Vulgaris 10X, Glycyrrhiza Clabra 10X, Condurango 10X, Ginco Biloba 10X, Zincum Muriaticum 13X, Chromium Sulphuricum 10X, Manganum Metallicum 10X,  Alfalfa 3X, Dilution Alcohol 20%, Manufactured by: Washington Homeopathic Products 260 JR Hawvernale Way, Berkeley Springs, WV, 225411, Manufactured for Optimal Health Dimensions, Washington Homeopathic Products, Inc. 260 JR Hawvernale Way, Berkeley Springs, WV, 25411,","2 1/liter","Out-of-specification test results obtained for identification testing based on HPTLC analysis.","08/20/2021","09/29/2021","06/21/2022","10/06/2021","Lot # 25697, no expiry date"
"Drugs","No","","88528","Terminated","Washington Homeopathic Products, Inc.","260 J R Hawvermale Way","N/A","Berkeley Springs","WV","	25411-6957","United States","Voluntary: Firm initiated","Letter","Distributed Nationwide in the USA","D-0887-2021","Class II","ZTE 1013 Formula Antimicrobial - F&M , Contents 1000 ml, REMEDY: Bryonia Alba 10X, Antimonium Crudum 10X, Iodium 10X, Lycopodium Clavatum 10X, Pulsatilla 10X, Berberus Vulgaris 10X, Glycyrrhiza Clabra 10X, Condurango 10X, Ginco Biloba 10X, Chromium Sulphuricum 10X, Manganum Metallicum 10X, Zincum Muriaticum 13X,  Dilution Alcohol 20%, WHP Homeopathic Medicine, For Manufacturing Use Only; Manufactured for Optimal Health Dimensions, Manufactured by: Washington Homeopathic Products 260 JR Hawvernale Way, Berkeley Springs, WV, 25411,","1 1/liter","Out-of-specification test results obtained for identification testing based on HPTLC analysis.","08/20/2021","09/29/2021","06/21/2022","10/06/2021","Lot # 25738, no expiry date"
"Drugs","No","","88528","Terminated","Washington Homeopathic Products, Inc.","260 J R Hawvermale Way","N/A","Berkeley Springs","WV","	25411-6957","United States","Voluntary: Firm initiated","Letter","Distributed Nationwide in the USA","D-0888-2021","Class II","ZTE 1015 Formula, Contents 1000 ml, For Manufacturing Use only, REMEDY: Argentum Nitricum 10X, Rhus Toxicodendron 10X, Aurum Metallicum 10X, Iris Versicolor 10X, Lycopodium Clavatum 10X, Zincum Muriaticum 13X, Chromium Sulphuricum 10X, Manganum Metallicum 10X,  Dilution Alcohol 20%, Manufactured for Optimal Health Dimensions, Manufactured by: Washington Homeopathic Products 260 JR Hawvernale Way, Berkeley Springs, WV, 25411,","1 1/liter","Out-of-specification test results obtained for identification testing based on HPTLC analysis.","08/20/2021","09/29/2021","06/21/2022","10/06/2021","Lot # 25739, no expiry date"
"Drugs","No","","88528","Terminated","Washington Homeopathic Products, Inc.","260 J R Hawvermale Way","N/A","Berkeley Springs","WV","	25411-6957","United States","Voluntary: Firm initiated","Letter","Distributed Nationwide in the USA","D-0889-2021","Class II","Strophanthus hisp 30X, Hives*, 20% Alcohol, Packaged in (a) 15 mL, UPC 7 40640 47553 9; (b) 30mL UPC 7 40640 47557 7; (c) 100mL, UPC 7 40640 47565 2; WHP Homeopathic Mecicine, 260 JR Hawvermale Way, Berkeley Springs, WV 25411","91 bottles","Out-of-specification test results obtained for identification testing based on HPTLC analysis.","08/20/2021","09/29/2021","06/21/2022","10/06/2021","Lot # 29061"
"Drugs","No","","88528","Terminated","Washington Homeopathic Products, Inc.","260 J R Hawvermale Way","N/A","Berkeley Springs","WV","	25411-6957","United States","Voluntary: Firm initiated","Letter","Distributed Nationwide in the USA","D-0890-2021","Class II","Strophanthus hisp 30X, Hives*, Sucrose/Lactose Pills , Packaged in (a) 2 dr, UPC 7 40640 47533 1; (b) 4 dr UPC 7 40640 47537 9; (c) 1 oz, UPC 7 40640 47541 6; (d) 2 oz, UPC 7 40640 47545 4; WHP Homeopathic Mecicine, 260 JR Hawvermale Way, Berkeley Springs, WV 25411","91 bottles","Out-of-specification test results obtained for identification testing based on HPTLC analysis.","08/20/2021","09/29/2021","06/21/2022","10/06/2021","Lot # 29061"
"Drugs","No","","88772","Terminated","AMIVAS (US), LLC","100 Tuscanney Dr Suiteb2","N/A","Frederick","MD","	21702","United States","Voluntary: Firm initiated","Letter","Product was distributed to 3 major distributors who may have further distributed the product to various medical centers, hospitals and hospital pharmacies nationwide in the USA.","D-0002-2022","Class II","Artesunate for Injection, 110 mg/vial, packaged in a) 2x2 pack containing 2 Single-dose vials artesunate (73607-001-01) and 2 vials sterile diluent (NDC 73607-001-02) per carton (NDC 73607-001-11); 4x4 pack containing 4 Single-dose vials artesunate (73607-001-01) and 4 vials sterile diluent (NDC 73607-001-02) per carton (NDC 73607-001-10), Rx only, Mfg for: Amivas, LLC, 1209 Orange St., Wilmington, Delaware 19801.","292 cartons","Lack of Assurance of Sterility: Air filter failed post integrity test leading to a lack of sterility assurance.","09/27/2021","10/05/2021","06/27/2023","10/13/2021","Manufacturer Lot Numbers: AR479E01, exp. date 11/03/2022; AR479E02, exp. date 11/09/2022; AR479E03, exp. date 11/16/2022;   Cardinal Health Packaging Solutions Lot Numbers: 7507001 and 7508001"
"Drugs","No","","88528","Terminated","Washington Homeopathic Products, Inc.","260 J R Hawvermale Way","N/A","Berkeley Springs","WV","	25411-6957","United States","Voluntary: Firm initiated","Letter","Distributed Nationwide in the USA","D-0891-2021","Class II","Aconitum Napellus Fear* 20% Alcohol HPUS: 5X, 6X, 26X, 30X, packaged in 15mL containers, Aconitum Napellus Fear* 20% Alcohol HPUS: 6X, 10X, packaged in 30mL containers Aconitum Napellus Fear* 20% Alcohol HPUS: 5X, 10X, 12X, 30X, packaged in 50mL containers  Aconitum Napellus Fear* 20% Alcohol HPUS: 5X, packaged in 100mL containers WHP Homeopathic Medicine, Washington Homeopathic Products 260 JR Hawvermale Way, Berkeley Springs, WV 25411. ","562 bottles","Out-of-specification test results obtained for identification testing based on HPTLC analysis.","08/20/2021","09/29/2021","06/21/2022","10/06/2021","Lot # 26198"
"Drugs","No","","88528","Terminated","Washington Homeopathic Products, Inc.","260 J R Hawvermale Way","N/A","Berkeley Springs","WV","	25411-6957","United States","Voluntary: Firm initiated","Letter","Distributed Nationwide in the USA","D-0892-2021","Class II","Aconitum nap Fear* Sucrose/Lactose Pills HPUS: 4X, 5X, 6X,15X, packaged in 1 oz containers, Aconitum nap Fear* Sucrose/Lactose Pills HPUS: 4X, 7X, 12X, packaged in 2 dr containers, Aconitum nap Fear* Sucrose/Lactose Pills HPUS: 4X, 12X, 20X, packaged in 2 oz containers, Aconitum nap Fear* Sucrose/Lactose Pills HPUS: 4X, 5X, 9X,11X, 24X, packaged in 4 dr containers, Aconitum nap Fear* Sucrose/Lactose Pills HPUS: 6X, 30X, packaged in 4 oz containers, WHP Homeopathic Medicine, Washington Homeopathic Products 260 JR Hawvermale Way, Berkeley Springs, WV 25411. ","562 bottles","Out-of-specification test results obtained for identification testing based on HPTLC analysis.","08/20/2021","09/29/2021","06/21/2022","10/06/2021","Lot # 26198"
"Drugs","No","","88528","Terminated","Washington Homeopathic Products, Inc.","260 J R Hawvermale Way","N/A","Berkeley Springs","WV","	25411-6957","United States","Voluntary: Firm initiated","Letter","Distributed Nationwide in the USA","D-0893-2021","Class II","Aconitum Napellus Fear* Sucrose/Lactose Pills HPUS: 8X, 9X, 12X,30X, packaged in 1 oz containers, Aconitum Napellus Fear* Sucrose/Lactose Pills HPUS: 6X, 10X, 15X, 24X, 30X, packaged in 2 dr containers, Aconitum Napellus Fear* Sucrose/Lactose Pills HPUS: 6X, 30X, packaged in 2 oz containers, Aconitum Napellus Fear* Sucrose/Lactose Pills HPUS: 6X, 7X, 8X, 10X, 12X, 15X, 16X, 18X, 30X, packaged in 4 dram containers, WHP Homeopathic Medicine, Washington Homeopathic Products 260 JR Hawvermale Way, Berkeley Springs, WV 25411. ","562 bottles","Out-of-specification test results obtained for identification testing based on HPTLC analysis.","08/20/2021","09/29/2021","06/21/2022","10/06/2021","Lot # 26198"
"Drugs","No","","88528","Terminated","Washington Homeopathic Products, Inc.","260 J R Hawvermale Way","N/A","Berkeley Springs","WV","	25411-6957","United States","Voluntary: Firm initiated","Letter","Distributed Nationwide in the USA","D-0894-2021","Class II","Aconitum nap Fear* 20% Alcohol HPUS: 6X, packaged in 50mL & 8 oz containers Aconitum nap Fear* 20% Alcohol HPUS: 7X, 12X, packaged in 15mL containers WHP Homeopathic Medicine, Washington Homeopathic Products 260 JR Hawvermale Way, Berkeley Springs, WV 25411. ","562 bottles","Out-of-specification test results obtained for identification testing based on HPTLC analysis.","08/20/2021","09/29/2021","06/21/2022","10/06/2021","Lot # 26198"
"Drugs","No","","88528","Terminated","Washington Homeopathic Products, Inc.","260 J R Hawvermale Way","N/A","Berkeley Springs","WV","	25411-6957","United States","Voluntary: Firm initiated","Letter","Distributed Nationwide in the USA","D-0895-2021","Class II","Aconitum Napellus 12X Fear* 87% Alcohol HPUS: packaged in 30 mL containers; WHP Homeopathic Medicine, Washington Homeopathic Products 260 JR Hawvermale Way, Berkeley Springs, WV 25411.","562 bottles","Out-of-specification test results obtained for identification testing based on HPTLC analysis.","08/20/2021","09/29/2021","06/21/2022","10/06/2021","Lot # 26198"
"Drugs","No","","88738","Terminated","Teva Pharmaceuticals USA","400 Interpace Pkwy","N/A","Parsippany","NJ","	07054-1120","United States","Voluntary: Firm initiated","Letter","USA Nationwide","D-0023-2022","Class II","AirDuo Digihaler 55/14 (fluticasone propionate 55 mcg and salmeterol 14 mcg) Inhalation Powder, Rx Only, Mktd by: Teva Respiratory, LLC Frazer, PA 19355, Manufactured in Ireland,  NDC 59310-111-06     ","1,978 inhalers","Subpotent drug: OOS results of Label Claimed Emitted Dose for salmeterol","09/22/2021","10/21/2021","02/16/2023","10/27/2021","AFR16A"
"Drugs","No","","88738","Terminated","Teva Pharmaceuticals USA","400 Interpace Pkwy","N/A","Parsippany","NJ","	07054-1120","United States","Voluntary: Firm initiated","Letter","USA Nationwide","D-0024-2022","Class II","AirDuo Digihaler 113/14 (fluticasone propionate 113 mcg and salmeterol 14 mcg) Inhalation Powder, Rx Only, Mktd. by: Teva Respiratory, LLC, Frazer, PA 19355, Manufactured in Ireland, NDC 59310-129-06.     ","4,850 inhalers","Subpotent drug: OOS results of Label Claimed Emitted Dose for salmeterol","09/22/2021","10/21/2021","02/16/2023","10/27/2021","AFR17A"
"Drugs","No","07/15/2022","88738","Terminated","Teva Pharmaceuticals USA","400 Interpace Pkwy","N/A","Parsippany","NJ","	07054-1120","United States","Voluntary: Firm initiated","Letter","USA Nationwide","D-0025-2022","Class II","AirDuo Digihaler 232/14 (fluticasone propionate 232 mcg and salmeterol 14 mcg) Inhalation Powder, Rx Only, Mktd by: Teva Respiratory, LLC, Frazer, PA 19355, Manufactured in Ireland, NDC 59310-136-06     ","5,500 inhalers","Subpotent drug: OOS results of Label Claimed Emitted Dose for salmeterol","09/22/2021","10/21/2021","02/16/2023","10/27/2021","AFR18A"
"Drugs","No","","88677","Terminated","Bayer Healthcare Pharmaceuticals Inc.","100 Bayer Blvd","N/A","Whippany","NJ","	07981-1544","United States","Voluntary: Firm initiated","Press Release","Distributed Nationwide in the US, Puerto Rico, Canada and Mexico through a variety of retail channels.","D-0237-2022","Class II","LOTRIMIN AF (Miconazole nitrate 2%) Jock Itch Powder Spray NET WT 133g (4.6 OZ) can, Dist by: Bayer Healthcare LLC, Whippany, NJ 07981, Product of Spain,  NDC 11523-4140-2. UPC 3 11017 41031 8","4,546,152 cans","cGMP Deviations: manufactured at the same facility where other lots were found to be contaminated with benzene.","10/01/2021","11/18/2021","06/26/2023","11/24/2021","Lot #:  CV01BEP, 3/31/2022; CV01D6W, 5/31/2022; CV01EV0, 7/31/2022; TN0004J, 9/30/2022; TN001AE, 11/30/2022; TN003C3, 1/31/2023; TN003C4, 2/28/2023; TN003HT, 3/31/2023; TN003CW, 4/30/2023; TN0045J, 6/30/2023; TN0040C, 7/31/2023; TN004BU, 8/31/2023; TN006MB, 9/30/2022;"
"Drugs","No","","88677","Terminated","Bayer Healthcare Pharmaceuticals Inc.","100 Bayer Blvd","N/A","Whippany","NJ","	07981-1544","United States","Voluntary: Firm initiated","Press Release","Distributed Nationwide in the US, Puerto Rico, Canada and Mexico through a variety of retail channels.","D-0238-2022","Class II","LOTRIMIN AF (Miconazole nitrate 2%) Powder Spray NET WT 133g (4.6 OZ) can, packaged as (a) a single pack NDC 11523-0544-2 UPC 3 11017 41025 7; (b) 3 pack, NDC 11523-0544-2, UPC 0 41100 58594 3; Dist by: Bayer Healthcare LLC, Whippany, NJ 07981, Product of Spain,       ,","3,816,468 cans","cGMP Deviations: manufactured at the same facility where other lots were found to be contaminated with benzene.","10/01/2021","11/18/2021","06/26/2023","11/24/2021","Lot # (a) CV017D9, EXP 10/31/2021; CV01940, EXP 11/30/2021; CV01CD9, EXP 4/30/2022; CV01D9T, CV01DZ3, EXP 6/30/2022; CV01EPP, EXP 7/31/2022; TN000TT, EXP 10/31/2022; TN003CG, EXP 1/31/2023; TN003CH, TN00407, EXP 3/31/2023; TN0041V, EXP 6/30/2023; TN0056W, EXP 7/31/2022; TN005P4, EXP 8/31/2022; TN006MJ, EXP 9/30/2022;   (b) CV01940, CV01940A, EXP 11/30/2021; CV01AP2, EXP 02/28/2022; CV01D9T, CV01D9TA, CV01DZ3, EXP 06/30/2022; CV01EPP, EXP 07/31/2022; TN005P4, EXP 08/31/2022; TN000TT,  TN000TTA, EXP 10/31/2022; TN003CG, EXP 01/31/2023; TN003CH, TN003CHA,   TN00407, TN006TD, TN006TDB, TN00407A, EXP 03/31/2023; TN0041V, EXP 06/30/2023"
"Drugs","No","","88677","Terminated","Bayer Healthcare Pharmaceuticals Inc.","100 Bayer Blvd","N/A","Whippany","NJ","	07981-1544","United States","Voluntary: Firm initiated","Press Release","Distributed Nationwide in the US, Puerto Rico, Canada and Mexico through a variety of retail channels.","D-0239-2022","Class II","LOTRIMIN AF (Tolnaftate 1%) DAILY PREVENTION deodorant powder spray NET WT 133g (4.6 OZ) can, Dist by: Bayer Healthcare LLC, Whippany, NJ 07981, Product of Finland,  UPC 0 41100 59036 7, NDC 11523-0010-1.","77,076 cans","cGMP Deviations: manufactured at the same facility where other lots were found to be contaminated with benzene.","10/01/2021","11/18/2021","06/26/2023","11/24/2021","Lot # TN005K4, EXP 4/30/2022; TN005K8, EXP 6/30/2022"
"Drugs","No","","88677","Terminated","Bayer Healthcare Pharmaceuticals Inc.","100 Bayer Blvd","N/A","Whippany","NJ","	07981-1544","United States","Voluntary: Firm initiated","Press Release","Distributed Nationwide in the US, Puerto Rico, Canada and Mexico through a variety of retail channels.","D-0240-2022","Class II","LOTRIMIN AF (Tolnaftate 1%) DAILY PREVENTION deodorant powder spray, NET WT 160g (5.6 OZ) can, packaged as (a) single pack, UPC 0 41100 58720 6, NDC 11523-0010-2; (b) 3-pack, UPC 0 41100 58961 3; Dist by: Bayer Healthcare LLC, Whippany, NJ 07981, Product of Finland,       ","579,456 cans","cGMP Deviations: manufactured at the same facility where other lots were found to be contaminated with benzene.","10/01/2021","11/18/2021","06/26/2023","11/24/2021","Lot # (a)TN0023C, EXP 1/31/2022; TN003C7, EXP 4/30/2022; TN00570, EXP 7/31/2022; TN0056Z, TN005KJ, EXP 8/31/2022;  (b)TN0023C, EXP 01/31/2022; TN003C7, EXP 04/30/2022; TN0023DV, TN0023DAV, TN0023DBV, TN0023DC, EXP 02/28/2022; TN005KJ, TN005KJA, TN005KJB, EXP 08/31/2022;"
"Drugs","No","","88677","Terminated","Bayer Healthcare Pharmaceuticals Inc.","100 Bayer Blvd","N/A","Whippany","NJ","	07981-1544","United States","Voluntary: Firm initiated","Press Release","Distributed Nationwide in the US, Puerto Rico, Canada and Mexico through a variety of retail channels.","D-0241-2022","Class II","Lotrimin AF (Miconazole nitrate 2%) Liquid Spray NET WT 133g (4.6 oz) can,  Packaged as (a) single pack, UPC 0 41100 40788 7, NDC 11523-4327-1; (b) 3-pack UPC 0 41100 58593 6; Dist by: Bayer Healthcare LLC, Whippany, NJ 07981, Product of Spain       ","1,801,332 cans","cGMP Deviations: manufactured at the same facility where other lots were found to be contaminated with benzene.","10/01/2021","11/18/2021","06/26/2023","11/24/2021","Lot # (a) TN000TR, EXP 10/31/2021; TN0011B, EXP 11/30/2021; TN003CC, TN003CD, EXP 02/28/2022; TN0040B, EXP 05/31/2022; TN0041U, EXP 06/30/2022; TN004BK, EXP 08/31/2022; TN005P3, EXP 10/31/2022; TN006AP, TN006MC, EXP 01/31/2023; TN006TB, EXP 04/30/2023; (b) TN000TR, EXP 10/31/2021; TN0011B, TN0011BA, EXP 11/30/2021; TN003CD, TN003CDA, TN003CDB,EXP 02/28/2022; TN0040BA, TN0040BV, EXP 05/31/2022; TN0041U,EXP 06/30/2022; TN004BK, EXP 08/31/2022; TN006MC, EXP 01/31/2023;"
"Drugs","No","","88677","Terminated","Bayer Healthcare Pharmaceuticals Inc.","100 Bayer Blvd","N/A","Whippany","NJ","	07981-1544","United States","Voluntary: Firm initiated","Press Release","Distributed Nationwide in the US, Puerto Rico, Canada and Mexico through a variety of retail channels.","D-0242-2022","Class II","Tinactin (Tolnaftate 1%) DEODORANT POWDER SPRAY NET WT 133g (4.6 OZ) can, labeled as (a) UPC 3 11017-410-00 4, NDC 11523-4162-1, Product of Finland 86568411; (b) UPC 3 11017 41000 4, NDC 11523-4162-1, Product of Finland 20006105; Dist by: Bayer Healthcare LLC, Whippany, NJ 07981  ","738,432 cans","cGMP Deviations: manufactured at the same facility where other lots were found to be contaminated with benzene.","10/01/2021","11/18/2021","06/26/2023","11/24/2021","Lot # (a) TN004BW, EXP 7/31/2022,   (b) TN00678, EXP 8/31/2022; TN00679, EXP 9/30/2022;"
"Drugs","No","","88677","Terminated","Bayer Healthcare Pharmaceuticals Inc.","100 Bayer Blvd","N/A","Whippany","NJ","	07981-1544","United States","Voluntary: Firm initiated","Press Release","Distributed Nationwide in the US, Puerto Rico, Canada and Mexico through a variety of retail channels.","D-0243-2022","Class II","Tinactin (Tolnaftate 1%) LIQUID SPRAY NET WT150g (5.3 OZ) can, labeled as (a) Product of Finland 20006101, (b) Product of  Ireland 87022897,  (c)  Product of  Ireland 87022897, with an instant redeemable coupon (IRC) tag attached to the can; Dist by: Bayer Healthcare LLC, Whippany, NJ 07981, UPC 3 11017 41005 9, NDC 11523-0165-3     Tinactin (Tolnaftate 1%) LIQUID SPRAY NET WT150g (5.3 OZ) can,  Labeled as (a) Product of Finland 20006101, (b) Product of Ireland 87022897, Dist by: Bayer Healthcare LLC, Whippany, NJ 07981,  UPC 3 11017 41005 9, NDC 11523-0165-3.    ","4,990,860 cans","cGMP Deviations: manufactured at the same facility where other lots were found to be contaminated with benzene.","10/01/2021","11/18/2021","06/26/2023","11/24/2021","Lot # (a)TN0060U,  TN0060V, TN0060W, EXP 7/31/2022; TN0060X, TN0060Y, TN0060Z, TN006CJ, TN006CK, TN006CM, TN00610, EXP 9/30/2022; TN006YW, EXP 10/31/2022; TN006MY, TN006YX, TN006YY, EXP 12/31/2022; TN007EN, TN007EP, TN007ER, EXP 2/28/2023;    (b)CV016TH, CV016TJ, CV017D8, CV017D7, EXP 10/31/2021; CV017XS, EXP 11/30/2021;  CV01980, CV019DS, EXP 12/31/2021;  CV01A72, CV01A73, CV01AE6, EXP 1/31/2022; CV01AUA, CV01B1E, EXP 2/28/2022; CV01BNE, EXP 3/31/2022; CV01BVU, EXP 3/31/2022; CV01CT6, CV01CY1, EXP 4/30/2022; CV01D2G, EXP 5/31/2022; CV01DRX, CV01DRY, CV01E2T, EXP 6/30/2022; CV01E2W, CV01E2X, EXP 7/31/2022; CV01E2U, EXP 7/31/2022; CV01E2V, EXP 8/31/2022; TN001V6, EXP 11/30/2022; TN00243, EXP 12/31/2022;  TN0024B, TN0024C,  TN0024D, TN0024E, TN003C6, EXP 1/31/2023; TN00408, TN00409, TN0047J, TN0047K, TN0040A, EXP 4/30/2022,   (c) CV01DRX, CV01DRY, CV01E2T, EXP 6/30/2022"
"Drugs","No","","88677","Terminated","Bayer Healthcare Pharmaceuticals Inc.","100 Bayer Blvd","N/A","Whippany","NJ","	07981-1544","United States","Voluntary: Firm initiated","Press Release","Distributed Nationwide in the US, Puerto Rico, Canada and Mexico through a variety of retail channels.","D-0244-2022","Class II","Tinactin (Tolnaftate 1%) JOCK ITCH POWDER SPRAY NET WT133g (4.6 oz) can, Dist by: Bayer Healthcare LLC, Whippany, NJ 07981, Product of Ireland 86951967, UPC 3 11017 41007 3, NDC 11523-0072-5","592,416 cans","cGMP Deviations: manufactured at the same facility where other lots were found to be contaminated with benzene.","10/01/2021","11/18/2021","06/26/2023","11/24/2021","Lot # TN00086, CV015YU, EXP 10/31/2022; TN00273, EXP 12/31/2022; TN005RW, Exp 5/31/2023;"
"Drugs","No","","88677","Terminated","Bayer Healthcare Pharmaceuticals Inc.","100 Bayer Blvd","N/A","Whippany","NJ","	07981-1544","United States","Voluntary: Firm initiated","Press Release","Distributed Nationwide in the US, Puerto Rico, Canada and Mexico through a variety of retail channels.","D-0245-2022","Class II","Tinactin (Tolnaftate 1%) POWDER SPRAY NET WT 133g (4.6 oz) can, Labeled as (a) Product of  Ireland 86940418, (b)Product of Finland 20006106, (c) Product of Ireland with Instant redeemable coupon ( IRC); Dist by: Bayer Healthcare LLC, Whippany, NJ 07981, Product of Finland, UPC 3 11017 41009 7, NDC 11523-0777-2.  ","2,841,012 cans","cGMP Deviations: manufactured at the same facility where other lots were found to be contaminated with benzene.","10/01/2021","11/18/2021","06/26/2023","11/24/2021","Lot # (a) CV015YT, EXP 10/31/2021; CV01AE7, EXP 2/28/2022; CV01CY2, EXP 4/30/2022'; CV01E6P, EXP 8/31/2022; TN00085, TN001EK, EXP 10/31/2022; TN001ZV, TN00274, EXP 12/31/2022; TN003CU, EXP 1/31/2023; TN003CV, EXP 3/31/2023; TN0047H, EXP 4/30/2023; TN0047R, EXP 5/31/2023;  (b)TN0067B, EXP 9/30/2022; TN006AT, EXP 12/31/2022; TN006TA, EXP 2/28/2023;  (c) CV01E6PV, CV01E6PD, CV01E6PC, CV01E6PBV, CV01E6PAV, EXP 8/31/2022"
"Drugs","No","","88798","Terminated","Dr. Reddy's Laboratories, Inc.","107 College Rd E","N/A","Princeton","NJ","	08540-6623","United States","Voluntary: Firm initiated","Letter","Nationwide in the US","D-0081-2022","Class II","Dr. Reddy's Ezetimibe and Simvastatin Tablets, 10 mg/10 mg, a) 90 count (NDC 43598-742-90) and b) 1000 count (NDC 43598-742-10) bottles, Rx only, Manufactured by: Dr. Reddy's Laboratories LA LLC, Shreveport, LA 71106, USA, Distributed by: Dr. Reddy's Laboratories Inc., Princeton, NJ 08540 USA, , packaged in bottles.","a) 776 bottles, b) 84 bottles","Failed Excipient Specifications; product manufactured using an excipient found to be OOS for conductivity","10/05/2021","10/29/2021","02/16/2023","11/10/2021","a) L100256, exp 01/2023; b) L100257, exp 01/2023"
"Drugs","No","","88806","Terminated","SUN PHARMACEUTICAL INDUSTRIES INC","2 Independence Way","N/A","Princeton","NJ","	08540-6620","United States","Voluntary: Firm initiated","Letter","Nationwide within the United States","D-0068-2022","Class III","Loratadine-D Extended-Release Tablets (Loratadine and Pseudoephedrine Sulfate, Extended-Release Tablets, USP 10mg/240mg) , 10-count blister packs, Distributed By Major Pharmaceuticals, 17177 N Laurel Park Drive, Suite 233, Livonia, MI 48152, NDC 0904-5833-15","22,752 blister packs","Failed Moisture Limits","10/12/2021","10/26/2021","08/31/2023","11/03/2021","Lot #: AC14635, Exp. Date 12/2022"
"Drugs","No","","88806","Terminated","SUN PHARMACEUTICAL INDUSTRIES INC","2 Independence Way","N/A","Princeton","NJ","	08540-6620","United States","Voluntary: Firm initiated","Letter","Nationwide within the United States","D-0069-2022","Class III","AllerClear D-24 hr, (Loratadine and Pseudoephedrine Sulfate, Extended-Release Tablets, USP 10/240mg), 15-count blister packs, Manufactured by: Ohm Laboratories Inc., 1385 Livingston Avenue, North Brunswick, NJ 08902, NDC 63981-724-15","46,584 blister packs","Failed Moisture Limits","10/12/2021","10/26/2021","08/31/2023","11/03/2021","AC09723, Exo, Date 11/2022"
"Drugs","No","10/22/2021","88809","Terminated","Dr. Reddy's Laboratories, Inc.","107 College Rd E","N/A","Princeton","NJ","	08540-6623","United States","Voluntary: Firm initiated","Letter","Nationwide in the USA","D-0026-2022","Class II","Omeprazole Delayed-Release Capsules, 20 mg* (equivalent to 20.6 mg omeprazole magnesium),  24 Hour, 14-count capsules per bottle within a carton, Distributed by Cardinal Health, Dublin, OH 43017, NDC 70000-0232-1","8,976 bottles","CGMP Deviations: Customer complaint for the presence of a staple co-mingled with capsules within the bottle.","10/05/2021","10/22/2021","12/06/2022","10/27/2021","BT001594C"
"Drugs","No","","88811","Terminated","The Harvard Drug Group","17187 N Laurel Park Dr Ste 300","N/A","Livonia","MI","	48152-2600","United States","Voluntary: Firm initiated","Letter","Nationwide USA","D-0289-2022","Class II","Fexofenadine Hydrochloride Tablets, 60 mg, 500 Tablets per bottle, Distributed by: Major Pharmaceuticals, 17177 N. Laurel Park Drive, Suite 233, Livonia, MI 48152  NDC 0904-6979-40","2,239 bottles","Failed Impurities/Degradation Specifications","08/03/2021","12/21/2021","07/16/2023","12/29/2021","Lot, expiry: Lot H00005, exp 01/2022; Lot H00006, exp 04/2022; Lot H00007, exp 07/2022"
"Drugs","No","","88823","Terminated","Akorn, Inc.","1925 W Field Ct Ste 300","N/A","Lake Forest","IL","	60045-4862","United States","Voluntary: Firm initiated","Letter","Distributed Nationwide in the USA","D-0004-2022","Class II","Betaxolol Ophthalmic Solution, USP, 0.5%, (Betaxolol HCl 5.6 mg/mL), 5 mL dropper bottle, Rx only, Sterile, Manufactured by: Akorn, Inc., Lake Forest, IL 60045.  Carton NDC: 17478-705-10, Bottle NDC 17478-705-11","10,210 bottles","Microbial Contamination of Sterile Products: Confirmed sterility failure identified during stability testing at the 12-month time point.","10/04/2021","10/07/2021","08/17/2022","10/13/2021","Lot 0B61A, Exp 01/31/2022"
"Drugs","No","","88798","Terminated","Dr. Reddy's Laboratories, Inc.","107 College Rd E","N/A","Princeton","NJ","	08540-6623","United States","Voluntary: Firm initiated","Letter","Nationwide in the US","D-0082-2022","Class II","Dr. Reddy's Ezetimibe and Simvastatin Tablets, 10 mg/20 mg, a) 30 count (NDC 43598-744-30), b) 90 count (NDC 43598-744-90) bottles, Rx only, Manufactured by: Dr. Reddy's Laboratories LA LLC, Shreveport, LA 71106, USA, Distributed by: Dr. Reddy's Laboratories Inc., Princeton, NJ 08540 USA","a) 30,839 bottles, b) 3,830 bottles","Failed Excipient Specifications; product manufactured using an excipient found to be OOS for conductivity","10/05/2021","10/29/2021","02/16/2023","11/10/2021","a) L100298 and L100304, exp 01/2023 b) L100235, exp 01/2023"
"Drugs","No","","88798","Terminated","Dr. Reddy's Laboratories, Inc.","107 College Rd E","N/A","Princeton","NJ","	08540-6623","United States","Voluntary: Firm initiated","Letter","Nationwide in the US","D-0083-2022","Class II","Dr. Reddy's Ezetimibe and Simvastatin Tablets, 10 mg/80 mg, a) 30 count (NDC 43598-745-30), b) 90 count (NDC 43598-745-90), and c) 500 count (NDC 43598-745-05) bottles, Rx Only, Manufactured by: Dr. Reddy's Laboratories LA LLC, Shreveport, LA 71106, USA, Distributed by: Dr. Reddy's Laboratories Inc., Princeton, NJ 08540 USA","a) 3,444 bottles b) 469 bottles c) 142 bottles","Failed Excipient Specifications; product manufactured using an excipient found to be OOS for conductivity","10/05/2021","10/29/2021","02/16/2023","11/10/2021","a) L100160, exp 01/2023 b) L100249, exp 01/2023 c) L100250, exp 01/2023"
"Drugs","No","","88798","Terminated","Dr. Reddy's Laboratories, Inc.","107 College Rd E","N/A","Princeton","NJ","	08540-6623","United States","Voluntary: Firm initiated","Letter","Nationwide in the US","D-0084-2022","Class II","Dr. Reddy's Ezetimibe and Simvastatin Tablets, 10 mg/40 mg, a) 30 count (NDC 43598-743-30), b) 90 count (NDC 43598-743-90) bottles, Rx Only, Manufactured by: Dr. Reddy's Laboratories LA LLC, Shreveport, LA 71106, USA, Distributed by: Dr. Reddy's Laboratories Inc., Princeton, NJ 08540 USA","a) 11,590 bottles b) 3,585 bottles","Failed Excipient Specifications; product manufactured using an excipient found to be OOS for conductivity","10/05/2021","10/29/2021","02/16/2023","11/10/2021","a) L100158, exp 12/2022 b) L100159, exp 12/2022"
"Drugs","No","04/13/2023","88770","Terminated","Beiersdorf Inc","45 Danbury Rd","N/A","Wilton","CT","	06897-4405","United States","Voluntary: Firm initiated","Letter","Nationwide in the US","D-0015-2022","Class II","Coppertone Pure & Simple 50 Sunscreen Spray (To Deliver) Zinc Oxide 24.08%, NET WT 5 OZ (142 g) can, Beiersdorf Inc., Wilton, CT 06897  UPC 0 72140 02880 0","36,660 cans","cGMP Deviations","09/30/2021","10/15/2021","04/13/2023","10/27/2021","Lot# TN00BR2, exp. date 03/31/2023"
"Drugs","No","04/13/2023","88770","Terminated","Beiersdorf Inc","45 Danbury Rd","N/A","Wilton","CT","	06897-4405","United States","Voluntary: Firm initiated","Letter","Nationwide in the US","D-0016-2022","Class II","Coppertone Pure & Simple kids 50 Sunscreen Spray (To Deliver) Zinc Oxide 24.08%, NET WT 5 OZ (142 g) can, Beiersdorf Inc., Wilton, CT 06897  UPC 0 72140 02882 4","70,320 cans","cGMP Deviations","09/30/2021","10/15/2021","04/13/2023","10/27/2021","Lot# TN00857, exp. date 04/30/2023"
"Drugs","No","04/13/2023","88770","Terminated","Beiersdorf Inc","45 Danbury Rd","N/A","Wilton","CT","	06897-4405","United States","Voluntary: Firm initiated","Letter","Nationwide in the US","D-0017-2022","Class II","Coppertone Pure & Simple baby 50 Sunscreen Spray (To Deliver) Zinc Oxide 24.08%, NET WT 5 OZ (142 g) can, Beiersdorf Inc., Wilton, CT 06897  UPC 0 72140 02881 7","14,748 cans","cGMP Deviations","09/30/2021","10/15/2021","04/13/2023","10/27/2021","Lot# TN009GH, 03/31/2023"
"Drugs","No","10/22/2021","88838","Terminated","Lupin Pharmaceuticals Inc.","Harborplace Tower","111 S Calvert St Fl 21st","Baltimore","MD","	21202-6174","United States","Voluntary: Firm initiated","Letter","Distributed Nationwide in the USA.","D-0027-2022","Class II","Imipramine Pamoate Capsules 125 mg, 30-count bottle, Rx only, Manufactured for Lupin Pharmaceuticals, Inc. Baltimore, Maryland 21202 UNited States. Manufactured by: Lupin Limited, Pithampur, (M.P.) 454 775  India NDC# 68180-316-06 ","1,902 bottles","Out of specification result observed in a dissolution test at the 9-month long term stability time point.","10/08/2021","10/22/2021","03/13/2023","10/27/2021","lot H002205, exp. date 08/2023"
"Drugs","No","","88841","Terminated","Piramal Critical Care, Inc.","3950 Schelden Cir","N/A","Bethlehem","PA","	18017-8936","United States","Voluntary: Firm initiated","Letter","Nationwide within the United States","D-0019-2022","Class II","Rocuronium Bromide Injection 50mg/5 mL, 5mL Multi-Dose Vial, Rx only, Manufactured for: Piramal Critical Care, Bethlehem, PA 18017, USA, Manufactured by: Sanovel Ilac, San. Ve Tic. A.S. Istanbul, Turkey, NDC 66794-0228-41","100 glass vials","Labeling: Label Lacks Warning or Rx Legend: Finished product did not include the statement on the flip cap vial, ""WARNING:  PARALYZING AGENT""","09/10/2021","10/20/2021","09/07/2022","10/27/2021","Lot #: 20415001, 20415002, Expiration Date 05/2022"
"Drugs","No","","88843","Terminated","Ultra Seal Corporation","521 Main St","N/A","New Paltz","NY","	12561-1609","United States","Voluntary: Firm initiated","Letter","Nationwide in the USA.","D-0070-2022","Class III","PainAway II (Acetaminophen 250 mg/Aspirin 250 mg/Caffeine 65 mg) tablets , 2 tablets/pk, packaged in 12,000 Packets/Case, Material # 11161, Mfg. for Respond Industries First Aid, Mason, OH 45040 (Shipping Label)","2,484,274 tablets","Failed Stability Specifications: Out-of-Specification results observed for Aspirin related compound Salicylic Acid.","10/13/2021","10/26/2021","03/28/2022","11/03/2021","Lot #: AK-9336, exp. date 21-Oct; K9406, AK-9407, exp. date 21-Dec; K-9860, exp. date 22-Oct; AK-1057, exp. date 23-Feb"
"Drugs","No","","88843","Terminated","Ultra Seal Corporation","521 Main St","N/A","New Paltz","NY","	12561-1609","United States","Voluntary: Firm initiated","Letter","Nationwide in the USA.","D-0071-2022","Class III","Vica-Cet BACK PAIN RELIEF (Acetaminophen 250 mg/Aspirin 250 mg/Caffeine 65 mg) tablets, 2 tablets/pk, packaged in 10,000 packets, PO# 8967, Mfg. for Tellus/The Provision First Aid Line  (Shipping Label)  ","1,367,525 tablets","Failed Stability Specifications: Out-of-Specification results observed for Aspirin related compound Salicylic Acid.","10/13/2021","10/26/2021","03/28/2022","11/03/2021","Lot #: AK-9455, exp. date 22-Jan; AK-1109, AK-1110, exp. date 23-Mar; K-9821, exp. date 22-Sep"
"Drugs","No","","88843","Terminated","Ultra Seal Corporation","521 Main St","N/A","New Paltz","NY","	12561-1609","United States","Voluntary: Firm initiated","Letter","Nationwide in the USA.","D-0072-2022","Class III","ZEE+ painaid ESF Extra-Strength Formula (Acetaminophen 250 mg, Aspirin 250 mg (NSAID), Caffeine 65 mg) tablets, 2 Tablets per/package, Packaged in a) 50-count packages/carton, b) 125-count packages/carton, PA-ESF 1414Z, Dist. by: Zee Medical Distributors, LLC Mason, OH 45040 (Shipping Label)   ","1,968,150 tablets","Failed Stability Specifications: Out-of-Specification results observed for Aspirin related compound Salicylic Acid.","10/13/2021","10/26/2021","03/28/2022","11/03/2021","Lot #: AK-9547, exp. date 22- Apr; AK-9941, exp. date 22-Dec"
"Drugs","No","","88843","Terminated","Ultra Seal Corporation","521 Main St","N/A","New Paltz","NY","	12561-1609","United States","Voluntary: Firm initiated","Letter","Nationwide in the USA.","D-0073-2022","Class III","AERO Tab PAIN RELIEVER (Acetaminophen 250 mg/Aspirin 250 mg/Caffeine 65 mg) tablets , 2 tablets Per Packet, Packaged in 10,000 Packets/Case, PO# 11938, Mfg. for: Aero Healthcare, Valley Cottage, NY 10989  (Shipping Label )  ","1,480,981 tablets","Failed Stability Specifications: Out-of-Specification results observed for Aspirin related compound Salicylic Acid.","10/13/2021","10/26/2021","03/28/2022","11/03/2021","Lot #: K-1278, exp. date 23-Jul; K-9371, AK-9463, exp. date 21-Nov; AK-9821, AK-9819, exp. date 22-Sep; 1107, exp. date 23-Mar."
"Drugs","No","","88843","Terminated","Ultra Seal Corporation","521 Main St","N/A","New Paltz","NY","	12561-1609","United States","Voluntary: Firm initiated","Letter","Nationwide in the USA.","D-0074-2022","Class III","North by Honeywell PAIN STOPPER EXTRA STRENGTH (Acetaminophen 250 mg, Aspirin 250 mg, Caffeine 65 mg) tablets, 2 tablets per packet, Packaged in 5,000 Packets/Case, PO# B121242, Item# 853500-01, Dist. By Honeywell Safety Products USA, Smithfield, RI 02917 ","250,000 tablets","Failed Stability Specifications: Out-of-Specification results observed for Aspirin related compound Salicylic Acid.","10/13/2021","10/26/2021","03/28/2022","11/03/2021","Lot #: AK-9371, exp. date 21-Nov"
"Drugs","No","","88843","Terminated","Ultra Seal Corporation","521 Main St","N/A","New Paltz","NY","	12561-1609","United States","Voluntary: Firm initiated","Letter","Nationwide in the USA.","D-0075-2022","Class III","Advance Formula Pain Reliever (Acetaminophen 250 mg/Aspirin 250 mg/Caffeine 65 mg) tablets, 2 tablets Per Packet, Packaged in 12,000 Packets/Case, PO# 007564-00, Item# 1170, Mfg. for: Advanced First Aid, Baltimore, MD 21237; American Safety & First Aid, Osceola, IN 46561 (Shipping Label)  ","991,310 tablets","Failed Stability Specifications: Out-of-Specification results observed for Aspirin related compound Salicylic Acid.","10/13/2021","10/26/2021","03/28/2022","11/03/2021","Lot #: AK-9457, exp. date 22-Jan; AK-9521, exp. date 22-Mar; AK-9959, exp. date 22-Dec; AK-1017, exp. date 23-Jan"
"Drugs","No","","88843","Terminated","Ultra Seal Corporation","521 Main St","N/A","New Paltz","NY","	12561-1609","United States","Voluntary: Firm initiated","Letter","Nationwide in the USA.","D-0076-2022","Class III","Xpect First aid Extra Strength PAIN AWAY (Acetaminophen 250 mg/Aspirin 250 mg/Caffeine 65 mg) tablets, 2 Tablets/package, Packaged in 12,000 Packets/Case, Material# 111519, Mfg. for: Cintas First Aid & Safety, Mason, OH 45040 (Shipping Label)","42,394,018 tablets","Failed Stability Specifications: Out-of-Specification results observed for Aspirin related compound Salicylic Acid.","10/13/2021","10/26/2021","03/28/2022","11/03/2021","Lot #: K-9335, AK-9419, exp. date 21-Oct; AK-9369, exp. date 21- Nov; AK-9403, exp. date 21-Dec; AK-9452, K-9455, 9455, exp. date 22-Jan; AK-9586, exp. date 22-Feb; AK-9525, AK-9526, AK-9639, exp. date 22-Mar; AK-9568, AK-9569, AK-9567, AK-9692, exp. date 22-Apr; AK-9615, exp. date 22-May; AK-9666, exp. date 22-Jun; AK-9714, K-9714, AK-9718, K-9718, 9718, exp. date 22-Jul, AK-9719, exp. date 22-Jul; AK-9771, AK-9765, AK-9769, exp. date 22-Aug; AK-9822, AK-9818, exp. date 22-Sep; AK-9860, exp. date 22-Oct; AK-9957, exp. date 22-Dec; AK-1011, K-1014, 1014, AK-9489, exp. date 23-Jan; 1055, K-1057, 1057, AK-1058, exp. date 23-Feb; AK-1108, AK-1113, K-1199, AK-1199, exp. date 23-May; AK-1240, 1240, exp. date 23-Jun; AK-9335, exp. date 10/21; AK-9406, exp. date 21-Dec; AK-1278, exp. date 23-Jul; K-1240, exp. date 23-Jun"
"Drugs","No","","88843","Terminated","Ultra Seal Corporation","521 Main St","N/A","New Paltz","NY","	12561-1609","United States","Voluntary: Firm initiated","Letter","Nationwide in the USA.","D-0077-2022","Class III","Afassco Pain Free Plus X-STRENGTH PAIN RELIEVER (Acetaminophen 250 mg/Aspirin 250 mg/Caffeine 65 mg) tablets, 2 Tablets/package, Packaged in 12,000 Packets/Case, PO# 19540, Mfg. for: Afassco Minden, NV 89423 (Shipping Label)","519,600 tablets","Failed Stability Specifications: Out-of-Specification results observed for Aspirin related compound Salicylic Acid.","10/13/2021","10/26/2021","03/28/2022","11/03/2021","Lot #: 9819, K-9819, exp. date 22-Sep"
"Drugs","No","","88850","Terminated","Teligent Pharma, Inc.","105 Lincoln Avenue","N/A","Buena","NJ","	08310","United States","Voluntary: Firm initiated","Press Release","Nationwide within the United States","D-0279-2022","Class II","Lidocaine Hydrochloride Topical Solution USP 4% (40 mg/mL), 50 mL glass bottles, Rx Only, Manufactured by: Teligent Pharma Inc., Buena, NJ 06310, Distributed by: McKesson Corporation dba Sky Packaging, 497 Southridge Blvd, Suite 101, Memphis, TN 36141, NDC 63739-997-64.","7,008 glass bottles","CGMP Deviations: Lots recalled because they were manufactured at the same facility using the same components as the products that had cracked seals in caps that were found to be superpotent.","10/12/2021","12/13/2021","06/18/2024","12/22/2021","Lot #: 16306, Exp. Date 01/2024."
"Drugs","No","","88853","Terminated","A-S Medication Solutions LLC.","2401 Commerce Dr","N/A","Libertyville","IL","	60048-4464","United States","Voluntary: Firm initiated","Two or more of the following: Email, Fax, Letter, Press Release, Telephone, Visit","FL, IN, MN, WI","D-0096-2022","Class III","Cetirizine hydrochloride, 10 mg tablets, 90-count bottle, Distributed by: A-S Medications Solutions, Libertyville, IL 60048, Mfg: Major Pharmaceuticals, Livonia, MI 48152, NDC: 50090-5510-3","72 bottles","Labeling: Not Elsewhere classified: Product was relabeled as 90 tablet count product although it was a manufacturer in a box with 30 tablet count tablets.","10/05/2021","11/05/2021","08/12/2022","11/17/2021","Lot #: 1256330"
"Drugs","No","","88847","Ongoing","Bryant Ranch Prepack, Inc. dba BRP Pharmaceuticals","1919 N Victory Pl","N/A","Burbank","CA","	91504-3425","United States","Voluntary: Firm initiated","Letter","Nationwide in the USA","D-0256-2022","Class III","Butalbital, APAP, Caf 50/325/40 Tablets, packaged in a) 12-count bottles, NDC: 63629-8392-09, barcode 083929152151; b) 60-count bottles, NDC: 63629-8392-03, barcode 083923152614; c) 90-count bottles, NDC:63629-8392-04, barcode 083924152614, Lannett Company Inc; Rx only, Packaged by Bryant Ranch Prepack, Burbank, CA 91504.","119 Bottles","Labeling: Not Elsewhere Classified: the controlled substance classification ""CIII"" is missing on the label","09/28/2021","11/23/2021","N/A","12/01/2021","a) Lots: 152838, 152156, 152151, 151708, 151693, 151375, 151131, 151114, Exp: 7/31/2022, b) Lots: 152245, 151822, 151708, 151160, 151131, Exp: 7/31/2022, c) Lot #: 152614, Exp: 7/31/2022."
"Drugs","No","","88856","Terminated","Lupin Pharmaceuticals Inc.","Harborplace Tower","111 S Calvert St Fl 21st","Baltimore","MD","	21202-6174","United States","Voluntary: Firm initiated","Letter","Product was distributed to major distributors who may have further distributed the product nationwide.","D-0086-2022","Class II","Irbesartan Tablets USP, 75 mg  a) 30 count (NDC 68180-410-06) and b) 90 count (NDC 68180-410-09) bottles, Rx only","51,144 bottles","CGMP Deviations: impurity N-nitrosoirbesartan detected in API","10/12/2021","11/01/2021","01/30/2023","11/10/2021","a) Lot#    H000843, exp. date 28/02/2023  H805727, exp. date 30/11/2021  H901579, exp. date 31/03/2022    b) Lot#    H000844, exp. date 28/02/2023  H000964, exp. date 31/03/2023  H804311, exp. date 31/08/2021  H805267, exp. date 30/11/2021  H805268, exp. date 30/11/2021  H805269, exp. date 30/11/2021  H805725, exp. date 30/11/2021  H805726, exp. date 30/11/2021  H901497, exp. date 31/01/2022  H901577, exp. date 31/03/2022  H901578, exp. date 31/03/2022  H902258, exp. date 31/05/2022"
"Drugs","No","","88856","Terminated","Lupin Pharmaceuticals Inc.","Harborplace Tower","111 S Calvert St Fl 21st","Baltimore","MD","	21202-6174","United States","Voluntary: Firm initiated","Letter","Product was distributed to major distributors who may have further distributed the product nationwide.","D-0087-2022","Class II","Irbesartan Tablets USP, 150 mg  a) 30 count (NDC 68180-411-06) and b) 90 count (NDC 68180-411-09) bottles, Rx only","134,016 bottles","CGMP Deviations: impurity N-nitrosoirbesartan detected in API","10/12/2021","11/01/2021","01/30/2023","11/10/2021","a) Lot#    H804403, exp. date 31/08/2021  H805251, exp. date 30/11/2021  H805640, exp. date 30/11/2021  H901580; exp. date 30/04/2022    b) Lot#    H804492, exp. date 31/08/2021  H805252, exp. date 30/11/2021  H805253, exp. date30/11/2021  H805641, exp. date30/11/2021  H805642, exp. date30/11/2021  H805643, exp. date 30/11/2021  H901581, exp. date 30/04/2021  H902139, exp. date 30/04/2022  H902140, exp. date 30/04/2022"
"Drugs","No","","88856","Terminated","Lupin Pharmaceuticals Inc.","Harborplace Tower","111 S Calvert St Fl 21st","Baltimore","MD","	21202-6174","United States","Voluntary: Firm initiated","Letter","Product was distributed to major distributors who may have further distributed the product nationwide.","D-0088-2022","Class II","Irbesartan Tablets USP, 300 mg  a) 30 count (NDC 68180-412-06) and b) 90 count NDC# 68180-412-09) bottles, Rx only","119,544 bottles","CGMP Deviations: impurity N-nitrosoirbesartan detected in API","10/12/2021","11/01/2021","01/30/2023","11/10/2021","a) Lot#    H804310, exp. date 31/08/2021  H900050, exp. date 30/11/2021  H902262, exp. date 31/05/2022    b) Lot#    H000845, exp. date 28/02/2023  H000846, exp. date 28/02/2023  H000965, exp. date 31/03/2023  H805345, exp. date 30/11/2021  H805346, exp. date 30/11/2021  H805347, exp. date 30/11/2021  H805724, exp. date 30/11/2021  H900061, exp. date 31/12/2021  H900062, exp. date 31/12/2021  H900445, exp. date 31/01/2022  H901489, exp. date 31/03/2022  H901490, exp. date 31/03/2022  H901491, exp. date 31/03/2022  H902261, exp. date 31/05/2022"
"Drugs","No","","88856","Terminated","Lupin Pharmaceuticals Inc.","Harborplace Tower","111 S Calvert St Fl 21st","Baltimore","MD","	21202-6174","United States","Voluntary: Firm initiated","Letter","Product was distributed to major distributors who may have further distributed the product nationwide.","D-0089-2022","Class II","Irbesartan and Hydrochlorothiazide Tablets USP, 150/12.5 mg  a) 30 count (NDC 68180-413-06) and b) 90 count (NDC 68180-413-09) bottles, Rx only","63,408 bottles","CGMP Deviations: impurity N-nitrosoirbesartan detected in API","10/12/2021","11/01/2021","01/30/2023","11/10/2021","a) Lot#  H804537, exp. date 30/09/2021  H805148, exp. date 31/10/2021  H900063, exp. date 31/10/2021  H900522, exp. date 31/12/2021  H901582, exp. date 31/01/2022    b) Lot#  H000963, exp. date 30/04/2022  H804507, exp. date 30/04/2022  H804536, exp. date 30/09/2021  H805070, exp. date 31/10/2021  H805149, exp. date 31/10/2021  H900064, exp. date 31/12/2021  H900523, exp. date 31/01/2022  H901583, exp. date 30/04/2022  H902530, exp. date 30/04/2022"
"Drugs","No","","88856","Terminated","Lupin Pharmaceuticals Inc.","Harborplace Tower","111 S Calvert St Fl 21st","Baltimore","MD","	21202-6174","United States","Voluntary: Firm initiated","Letter","Product was distributed to major distributors who may have further distributed the product nationwide.","D-0090-2022","Class II","Irbesartan and Hydrochlorothiazide Tablets USP, 300/12.5 mg  a) 30 count (NDC 68180-414-06) and b) 90 count (NDC 68180-414-09) bottles, Rx only","98,052 bottles","CGMP Deviations: impurity N-nitrosoirbesartan detected in API","10/12/2021","11/01/2021","01/30/2023","11/10/2021","a) Lot#  H804192, exp. date 31/08/2021  H805348, exp. date 30/11/2021  H900065, exp. date 31/12/2021  H902264; exp. date 31/05/2022    b) Lot#    H804082, exp. date 31/08/2021  H804121, exp. date 31/08/2021  H804338, exp. date 31/08/2021  H804538, exp. date 30/09/2021  H804539, exp. date 30/09/2021  H805349, exp. date 30/11/2021  H805350, exp. date 30/11/2021  H900066, exp. date 31/12/2021  H900067, exp. date 31/12/2021  H902265, exp. date31/05/2022  H902275, exp. date31/05/2022  H902276, exp. date31/05/2022  H902531, exp. date 30/04/2022  H902532, exp. date 30/04/2022"
"Drugs","No","","88798","Terminated","Dr. Reddy's Laboratories, Inc.","107 College Rd E","N/A","Princeton","NJ","	08540-6623","United States","Voluntary: Firm initiated","Letter","Nationwide in the US","D-0085-2022","Class II","Dr. Reddy's  Ezetimibe and Simvastatin Tablets, 10 mg/40 mg, 500 count bottles, Rx Only, Manufactured by: Dr. Reddy's Laboratories LA LLC, Shreveport, LA 71106, USA, Distributed by: Dr. Reddy's Laboratories Inc., Princeton, NJ 08540 USA NDC 43598-743-05","696 bottles","Failed Excipient Specifications and Presence of Foreign Tablets/Capsules; product manufactured using an excipient found to be OOS for conductivity and some Ezetimibe and Simvastatin Tablets, 10 mg/10 mg were found in the bottle","10/05/2021","10/29/2021","02/16/2023","11/10/2021","L100208, exp 01/2023"
"Drugs","No","","88862","Terminated","Vita Pharmacy, LLC dba Talon Compounding Pharmacy","2950 Thousand Oaks Dr Ste 25","N/A","San Antonio","TX","	78247-3347","United States","Voluntary: Firm initiated","Telephone","United States including Washington, D.C. and Puerto Rico","D-0097-2022","Class II","Estradiol Valerate 20 mg/mL in Ethyl Oleate Inj. 20 mg/mL Injection in vials, Rx only, Talon Compounding Pharmacy, 2950 Thousand Oaks Drive Ste 25, San Antonio, Texas 78247  ","335 vials","Lack of assurance of sterility","10/12/2021","11/08/2021","10/04/2023","11/17/2021","Lot: 04122021:51 BUD: 10/09/2021; 04232021:94 BUD: 10/20/2021; 05032021:52 BUD: 10/30/2021; 05242021:73 BUD: 11/20/2021; 05172021:47 BUD: 11/13/2021; 06302021:93 BUD: 12/27/2021; 06222021:98 BUD: 12/19/2021; 06072021:83 BUD: 12/04/2021; 07152021:86 BUD: 01/11/2022; 07222021:52 BUD: 01/18/2022; 08062021:11 BUD: 02/02/2022; 08192021:73 BUD: 02/15/2022; 08312021:22 BUD: 02/27/2022; 09162021:58 03/15/2022; 09082021:15 BUD: 03/07/2022"
"Drugs","No","","88866","Terminated","Golden State Medical Supply Inc.","5187 Camino Ruiz","N/A","Camarillo","CA","	93012-8601","United States","Voluntary: Firm initiated","Letter","Distributed to two distributors located in AZ and MO","D-0227-2022","Class II","Ezetimibe and Simvastatin Tablets, 10 mg/40mg, a) 90 Tablets, b) 500 tablets, Rx only, Manufactured by Dr. Reddy's Laboratories LA LLC Shreveport, LA 71106 USA, Packaged by GSMS, Incorporated Camarillo, CA 93012 USA; NDC: a) 51407-192-90, b) 51407-192-05","a) 101 b) 145 bottles","Failed Excipient Specifications and Presence of Foreign Tablets/Capsules; product manufactured using an excipient found to be OOS for conductivity and some Ezetimibe and Simvastatin Tablets, 10 mg/10 mg were found in the bottle","10/14/2021","11/09/2021","11/10/2022","11/17/2021","a) Lot: GS038610, Exp: 01/2023; b) GS038891, Exp: 1/2023"
"Drugs","No","","88866","Terminated","Golden State Medical Supply Inc.","5187 Camino Ruiz","N/A","Camarillo","CA","	93012-8601","United States","Voluntary: Firm initiated","Letter","Distributed to two distributors located in AZ and MO","D-0228-2022","Class II","Ezetimibe and Simvastatin Tablets, 10 mg/80mg, 500 tablet bottles, Rx only, Manufactured by Dr. Reddy's Laboratories LA LLC Shreveport, LA 71106 USA, Packaged by GSMS, Incorporated Camarillo, CA 93012 USA; NDC 51407-193-05","49","Failed Excipient Specification; product manufactured using an excipient found to be OOS for conductivity","10/14/2021","11/09/2021","11/10/2022","11/17/2021","GS040048, Exp: 1/2023"
"Drugs","No","","88862","Terminated","Vita Pharmacy, LLC dba Talon Compounding Pharmacy","2950 Thousand Oaks Dr Ste 25","N/A","San Antonio","TX","	78247-3347","United States","Voluntary: Firm initiated","Telephone","United States including Washington, D.C. and Puerto Rico","D-0098-2022","Class II","(WELL'S LIPO-LEAN)INOSITOL/CHOLINE/B-COMP+LEUCINE+CARN+ CHROM+LIDO  25MG/25MG/1.5MG/25MG/25MCG/10MG INJECTABLE in vials, Rx only, Talon Compounding Pharmacy, 2950 Thousand Oaks Drive Ste 25, San Antonio, Texas 78247  ","2 vials","Lack of assurance of sterility","10/12/2021","11/08/2021","10/04/2023","11/17/2021","Lot: 08062021:30 BUD: 10/31/2021"
"Drugs","No","","88862","Terminated","Vita Pharmacy, LLC dba Talon Compounding Pharmacy","2950 Thousand Oaks Dr Ste 25","N/A","San Antonio","TX","	78247-3347","United States","Voluntary: Firm initiated","Telephone","United States including Washington, D.C. and Puerto Rico","D-0099-2022","Class II","ALPROSTADIL 22.5MCG/ML 22.5MCG/ML INJECTABLE, Rx only, Talon Compounding Pharmacy, 2950 Thousand Oaks Drive Ste 25, San Antonio, Texas 78247    ","1 vial","Lack of assurance of sterility","10/12/2021","11/08/2021","10/04/2023","11/17/2021","Lot: 08022021:14 BUD: 11/30/2021"
"Drugs","No","","88862","Terminated","Vita Pharmacy, LLC dba Talon Compounding Pharmacy","2950 Thousand Oaks Dr Ste 25","N/A","San Antonio","TX","	78247-3347","United States","Voluntary: Firm initiated","Telephone","United States including Washington, D.C. and Puerto Rico","D-0100-2022","Class II","ALPROSTADIL 22MCG/ML  22MCG/ML INJECTABLE, Rx only, Talon Compounding Pharmacy, 2950 Thousand Oaks Drive Ste 25, San Antonio, Texas 78247      ","1 vial","Lack of assurance of sterility","10/12/2021","11/08/2021","10/04/2023","11/17/2021","Lot: 06082021:61 BUD: 10/06/2021"
"Drugs","No","","88862","Terminated","Vita Pharmacy, LLC dba Talon Compounding Pharmacy","2950 Thousand Oaks Dr Ste 25","N/A","San Antonio","TX","	78247-3347","United States","Voluntary: Firm initiated","Telephone","United States including Washington, D.C. and Puerto Rico","D-0101-2022","Class II","ALPROSTADIL 25MCG/ML  25MCG/ML INJECTABLE, Rx only, Talon Compounding Pharmacy, 2950 Thousand Oaks Drive Ste 25, San Antonio, Texas 78247        ","3 vials","Lack of assurance of sterility","10/12/2021","11/08/2021","10/04/2023","11/17/2021","Lot: 04232021:91 BUD: 10/20/2021; 08022021:76 BUD: 11/30/2021"
"Drugs","No","","88862","Terminated","Vita Pharmacy, LLC dba Talon Compounding Pharmacy","2950 Thousand Oaks Dr Ste 25","N/A","San Antonio","TX","	78247-3347","United States","Voluntary: Firm initiated","Telephone","United States including Washington, D.C. and Puerto Rico","D-0102-2022","Class II","ALPROSTADIL 30MCG/ML INJ  30MCG/ML INJECTABLE, Rx only, Talon Compounding Pharmacy, 2950 Thousand Oaks Drive Ste 25, San Antonio, Texas 78247          ","3 vials","Lack of assurance of sterility","10/12/2021","11/08/2021","10/04/2023","11/17/2021","Lot: 06142021:35 BUD: 10/23/2021; 07282021:49 BUD: 01/24/2022; 08302021:48 BUD: 02/26/2022"
"Drugs","No","","88862","Terminated","Vita Pharmacy, LLC dba Talon Compounding Pharmacy","2950 Thousand Oaks Dr Ste 25","N/A","San Antonio","TX","	78247-3347","United States","Voluntary: Firm initiated","Telephone","United States including Washington, D.C. and Puerto Rico","D-0103-2022","Class II","ALPROSTADIL 32MCG/ML  32MCG/ML INJECTABLE, Rx only, Talon Compounding Pharmacy, 2950 Thousand Oaks Drive Ste 25, San Antonio, Texas 78247            ","1 vial","Lack of assurance of sterility","10/12/2021","11/08/2021","10/04/2023","11/17/2021","Lot: 08262021:68 BUD: 12/24/2021"
"Drugs","No","","88862","Terminated","Vita Pharmacy, LLC dba Talon Compounding Pharmacy","2950 Thousand Oaks Dr Ste 25","N/A","San Antonio","TX","	78247-3347","United States","Voluntary: Firm initiated","Telephone","United States including Washington, D.C. and Puerto Rico","D-0104-2022","Class II","ALPROSTADIL 40MCG/ML INJ  40MCG/ML INJECTABLE, Rx only, Talon Compounding Pharmacy, 2950 Thousand Oaks Drive Ste 25, San Antonio, Texas 78247              ","4 vials","Lack of assurance of sterility","10/12/2021","11/08/2021","10/04/2023","11/17/2021","Lot: 06242021:37 BUD: 10/22/2021; 08132021:74 BUD: 12/11/2021; 07132021:94 BUD:10/23/2021"
"Drugs","No","","88862","Terminated","Vita Pharmacy, LLC dba Talon Compounding Pharmacy","2950 Thousand Oaks Dr Ste 25","N/A","San Antonio","TX","	78247-3347","United States","Voluntary: Firm initiated","Telephone","United States including Washington, D.C. and Puerto Rico","D-0105-2022","Class II","ALPROSTADIL 45MCG/ML  45MCG/ML INJECTABLE, Rx only, Talon Compounding Pharmacy, 2950 Thousand Oaks Drive Ste 25, San Antonio, Texas 78247                ","2 vials","Lack of assurance of sterility","10/12/2021","11/08/2021","10/04/2023","11/17/2021","Lot: 06112021:61 BUD: 10/09/2021"
"Drugs","No","","88862","Terminated","Vita Pharmacy, LLC dba Talon Compounding Pharmacy","2950 Thousand Oaks Dr Ste 25","N/A","San Antonio","TX","	78247-3347","United States","Voluntary: Firm initiated","Telephone","United States including Washington, D.C. and Puerto Rico","D-0106-2022","Class II","B COMPLEX INJ CMP-NO B12, NO LIDOCAINE  INJECTABLE, Rx only, Talon Compounding Pharmacy, 2950 Thousand Oaks Drive Ste 25, San Antonio, Texas 78247                  ","1 vial","Lack of assurance of sterility","10/12/2021","11/08/2021","10/04/2023","11/17/2021","Lot: 07192021:91 BUD: 10/17/2021"
"Drugs","No","","88862","Terminated","Vita Pharmacy, LLC dba Talon Compounding Pharmacy","2950 Thousand Oaks Dr Ste 25","N/A","San Antonio","TX","	78247-3347","United States","Voluntary: Firm initiated","Telephone","United States including Washington, D.C. and Puerto Rico","D-0107-2022","Class II","BI-MIX PAPAVERINE 40/PHENTOLAMINE 2 INJ   INJECTABLE, Rx only, Talon Compounding Pharmacy, 2950 Thousand Oaks Drive Ste 25, San Antonio, Texas 78247                      ","1 vial","Lack of assurance of sterility","10/12/2021","11/08/2021","10/04/2023","11/17/2021","Lot: 08182021:00 BUD: 12/16/2021"
"Drugs","No","","88862","Terminated","Vita Pharmacy, LLC dba Talon Compounding Pharmacy","2950 Thousand Oaks Dr Ste 25","N/A","San Antonio","TX","	78247-3347","United States","Voluntary: Firm initiated","Telephone","United States including Washington, D.C. and Puerto Rico","D-0108-2022","Class II","BLUE TREE LIPO EXTREME (/W METHYLCOBALAMIN) INJECTION  INJECTABLE, Rx only, Talon Compounding Pharmacy, 2950 Thousand Oaks Drive Ste 25, San Antonio, Texas 78247                        ","8 vials","Lack of assurance of sterility","10/12/2021","11/08/2021","10/04/2023","11/17/2021","Lot: 09172021:87 BUD: 12/16/2021"
"Drugs","No","","88862","Terminated","Vita Pharmacy, LLC dba Talon Compounding Pharmacy","2950 Thousand Oaks Dr Ste 25","N/A","San Antonio","TX","	78247-3347","United States","Voluntary: Firm initiated","Telephone","United States including Washington, D.C. and Puerto Rico","D-0109-2022","Class II","CJC-1295 4MG/IPAMORELIN 4MG VIAL 4MG/4MG INJECTABLE, Rx only, Talon Compounding Pharmacy, 2950 Thousand Oaks Drive Ste 25, San Antonio, Texas 78247                          ","15 vials","Lack of assurance of sterility","10/12/2021","11/08/2021","10/04/2023","11/17/2021","Lot: 05242021:73 BUD: 08/22/2021; 08032021:26 BUD: 11/01/2021; 06022021:49 BUD: 08/31/2021; 08122021:97 BUD: 11/10/2021;"
"Drugs","No","","88862","Terminated","Vita Pharmacy, LLC dba Talon Compounding Pharmacy","2950 Thousand Oaks Dr Ste 25","N/A","San Antonio","TX","	78247-3347","United States","Voluntary: Firm initiated","Telephone","United States including Washington, D.C. and Puerto Rico","D-0110-2022","Class II","ESTRADIOL VALERATE 10MG/ML IN ETHYL OLEATE 10MG/ML INJECTABLE, Rx only, Talon Compounding Pharmacy, 2950 Thousand Oaks Drive Ste 25, San Antonio, Texas 78247                            ","2 vials","Lack of assurance of sterility","10/12/2021","11/08/2021","10/04/2023","11/17/2021","Lot: 06232021:55 BUD: 12/20/2021"
"Drugs","No","","88862","Terminated","Vita Pharmacy, LLC dba Talon Compounding Pharmacy","2950 Thousand Oaks Dr Ste 25","N/A","San Antonio","TX","	78247-3347","United States","Voluntary: Firm initiated","Telephone","United States including Washington, D.C. and Puerto Rico","D-0111-2022","Class II","ESTRADIOL VALERATE 30MG/ML INJ #1 IN ETHYL OLEATE OIL INJECTABLE, Rx only, Talon Compounding Pharmacy, 2950 Thousand Oaks Drive Ste 25, San Antonio, Texas 78247                              ","2 vials","Lack of assurance of sterility","10/12/2021","11/08/2021","10/04/2023","11/17/2021","Lot: 04262021:43 BUD: 10/23/2021"
"Drugs","No","","88862","Terminated","Vita Pharmacy, LLC dba Talon Compounding Pharmacy","2950 Thousand Oaks Dr Ste 25","N/A","San Antonio","TX","	78247-3347","United States","Voluntary: Firm initiated","Telephone","United States including Washington, D.C. and Puerto Rico","D-0112-2022","Class II","ESTRADIOL VALERATE 40MG/ML IN ETHYL OLEATE INJ  INJECTABLE, Rx only, Talon Compounding Pharmacy, 2950 Thousand Oaks Drive Ste 25, San Antonio, Texas 78247                                ","11 vials","Lack of assurance of sterility","10/12/2021","11/08/2021","10/04/2023","11/17/2021","Lot: 09082021:11 BUD: 03/07/2022; 07022021:66 BUD: 12/29/2021; 05202021:46 BUD: 11/16/2021; 08192021:24 BUD: 02/15/2022"
"Drugs","No","","88862","Terminated","Vita Pharmacy, LLC dba Talon Compounding Pharmacy","2950 Thousand Oaks Dr Ste 25","N/A","San Antonio","TX","	78247-3347","United States","Voluntary: Firm initiated","Telephone","United States including Washington, D.C. and Puerto Rico","D-0113-2022","Class II","ESTRADIOL VALERATE 50MG/ML IN ETHYL OLEATE INJ  INJECTABLE, Rx only, Talon Compounding Pharmacy, 2950 Thousand Oaks Drive Ste 25, San Antonio, Texas 78247                                  ","15 vials","Lack of assurance of sterility","10/12/2021","11/08/2021","10/04/2023","11/17/2021","Lot: 09162021:29 BUD: 03/15/2022; 09132021:31 BUD: 03/12/2022"
"Drugs","No","","88862","Terminated","Vita Pharmacy, LLC dba Talon Compounding Pharmacy","2950 Thousand Oaks Dr Ste 25","N/A","San Antonio","TX","	78247-3347","United States","Voluntary: Firm initiated","Telephone","United States including Washington, D.C. and Puerto Rico","D-0114-2022","Class II","ESTRADIOL VALERATE 50MG/ML INJ #2  INJECTABLE, Rx only, Talon Compounding Pharmacy, 2950 Thousand Oaks Drive Ste 25, San Antonio, Texas 78247                                    ","1 vials","Lack of assurance of sterility","10/12/2021","11/08/2021","10/04/2023","11/17/2021","Lot: 09162021:22 BUD: 03/15/2022"
"Drugs","No","","88862","Terminated","Vita Pharmacy, LLC dba Talon Compounding Pharmacy","2950 Thousand Oaks Dr Ste 25","N/A","San Antonio","TX","	78247-3347","United States","Voluntary: Firm initiated","Telephone","United States including Washington, D.C. and Puerto Rico","D-0115-2022","Class II","ESTRADIOL VALERATE 5MG/ML IN ETHYL OLEATE 5MG/ML INJECTABLE, Rx only, Talon Compounding Pharmacy, 2950 Thousand Oaks Drive Ste 25, San Antonio, Texas 78247                                      ","7 vials","Lack of assurance of sterility","10/12/2021","11/08/2021","10/04/2023","11/17/2021","Lot: 07232021:10 BUD: 01/19/2022; 04162021:56 BUD: 10/13/2021; 08172021:62 BUD: 02/13/2022; 05272021:21 BUD: 11/23/2021"
"Drugs","No","","88862","Terminated","Vita Pharmacy, LLC dba Talon Compounding Pharmacy","2950 Thousand Oaks Dr Ste 25","N/A","San Antonio","TX","	78247-3347","United States","Voluntary: Firm initiated","Telephone","United States including Washington, D.C. and Puerto Rico","D-0116-2022","Class II","GOAL-GLUTAMINE 75MG/ORNITHINE 75MG/ARGININE 150MG/LYSINE 150MG+LIDOCAINE 10MG/ML 75MG/75MG/150MG/150MG/10MG/ML INJECTABLE, Rx only, Talon Compounding Pharmacy, 2950 Thousand Oaks Drive Ste 25, San Antonio, Texas 78247                                        ","5 vials","Lack of assurance of sterility","10/12/2021","11/08/2021","10/04/2023","11/17/2021","Lot: 05062021:44 BUD: 11/02/2021; 08192021:87 BUD: 02/15/2022"
"Drugs","No","","88862","Terminated","Vita Pharmacy, LLC dba Talon Compounding Pharmacy","2950 Thousand Oaks Dr Ste 25","N/A","San Antonio","TX","	78247-3347","United States","Voluntary: Firm initiated","Telephone","United States including Washington, D.C. and Puerto Rico","D-0117-2022","Class II","HYDROXOCOBALAMIN 1,000MCG/ML INJ  VIAL 1,000MCG/ML INJECTABLE, Rx only, Talon Compounding Pharmacy, 2950 Thousand Oaks Drive Ste 25, San Antonio, Texas 78247                                          ","2 vials","Lack of assurance of sterility","10/12/2021","11/08/2021","10/04/2023","11/17/2021","Lot: 09102021:19 BUD: 11/09/2021"
"Drugs","No","","88862","Terminated","Vita Pharmacy, LLC dba Talon Compounding Pharmacy","2950 Thousand Oaks Dr Ste 25","N/A","San Antonio","TX","	78247-3347","United States","Voluntary: Firm initiated","Telephone","United States including Washington, D.C. and Puerto Rico","D-0118-2022","Class II","HYDROXOCOBALAMIN 5,000MCG/ML INJ 5,000MCG/ML INJECTABLE, Rx only, Talon Compounding Pharmacy, 2950 Thousand Oaks Drive Ste 25, San Antonio, Texas 78247                                            ","1 vial","Lack of assurance of sterility","10/12/2021","11/08/2021","10/04/2023","11/17/2021","Lot: 08242021:51 BUD: 10/23/2021"
"Drugs","No","","88862","Terminated","Vita Pharmacy, LLC dba Talon Compounding Pharmacy","2950 Thousand Oaks Dr Ste 25","N/A","San Antonio","TX","	78247-3347","United States","Voluntary: Firm initiated","Telephone","United States including Washington, D.C. and Puerto Rico","D-0119-2022","Class II","IC B COMPLEX INJ  INJECTABLE, Rx only, Talon Compounding Pharmacy, 2950 Thousand Oaks Drive Ste 25, San Antonio, Texas 78247  ","1 vial","Lack of assurance of sterility","10/12/2021","11/08/2021","10/04/2023","11/17/2021","Lot: 09152021:12 BUD: 12/14/2021"
"Drugs","No","","88862","Terminated","Vita Pharmacy, LLC dba Talon Compounding Pharmacy","2950 Thousand Oaks Dr Ste 25","N/A","San Antonio","TX","	78247-3347","United States","Voluntary: Firm initiated","Telephone","United States including Washington, D.C. and Puerto Rico","D-0120-2022","Class II","IVME HCG VITAMIN B INJ (CONTAINS NO HCG)  INJECTABLE, Rx only, Talon Compounding Pharmacy, 2950 Thousand Oaks Drive Ste 25, San Antonio, Texas 78247    ","122 vials","Lack of assurance of sterility","10/12/2021","11/08/2021","10/04/2023","11/17/2021","Lot: 09092021:04 BUD: 12/09/2021; 07262021:55 BUD: 10/24/2021;"
"Drugs","No","","88862","Terminated","Vita Pharmacy, LLC dba Talon Compounding Pharmacy","2950 Thousand Oaks Dr Ste 25","N/A","San Antonio","TX","	78247-3347","United States","Voluntary: Firm initiated","Telephone","United States including Washington, D.C. and Puerto Rico","D-0121-2022","Class II","IVME SUPER B INJ  INJECTABLE, Rx only, Talon Compounding Pharmacy, 2950 Thousand Oaks Drive Ste 25, San Antonio, Texas 78247      ","99 vials","Lack of assurance of sterility","10/12/2021","11/08/2021","10/04/2023","11/17/2021","Lot: 07262021:54 BUD: 10/24/2021; 07262021:04 BUD: 10/24/2021; 09092021:07 BUD: 12/09/2021; 09092021:97 BUD: 12/09/2021; 09102021:10 BUD: 12/09/2021"
"Drugs","No","","88862","Terminated","Vita Pharmacy, LLC dba Talon Compounding Pharmacy","2950 Thousand Oaks Dr Ste 25","N/A","San Antonio","TX","	78247-3347","United States","Voluntary: Firm initiated","Telephone","United States including Washington, D.C. and Puerto Rico","D-0122-2022","Class II","L-CARNITINE 250MG/ML INJ  INJECTABLE, Rx only, Talon Compounding Pharmacy, 2950 Thousand Oaks Drive Ste 25, San Antonio, Texas 78247        ","4 vials","Lack of assurance of sterility","10/12/2021","11/08/2021","10/04/2023","11/17/2021","Lot: 08172021:31 BUD: 11/15/2021; 07152021:16 BUD: 10/13/2021"
"Drugs","No","","88862","Terminated","Vita Pharmacy, LLC dba Talon Compounding Pharmacy","2950 Thousand Oaks Dr Ste 25","N/A","San Antonio","TX","	78247-3347","United States","Voluntary: Firm initiated","Telephone","United States including Washington, D.C. and Puerto Rico","D-0123-2022","Class II","LEUCINE 10MG/ ISOLEUCINE 15MG/ VALINE 40MG/ML (BCAA) INJ 10MG/15MG/40MG/ML INJECTABLE, Rx only, Talon Compounding Pharmacy, 2950 Thousand Oaks Drive Ste 25, San Antonio, Texas 78247          ","5 vials","Lack of assurance of sterility","10/12/2021","11/08/2021","10/04/2023","11/17/2021","Lot: 05072021:81 BUD: 11/03/2021; 08122021:08 BUD: 02/08/2022"
"Drugs","No","","88862","Terminated","Vita Pharmacy, LLC dba Talon Compounding Pharmacy","2950 Thousand Oaks Dr Ste 25","N/A","San Antonio","TX","	78247-3347","United States","Voluntary: Firm initiated","Telephone","United States including Washington, D.C. and Puerto Rico","D-0124-2022","Class II","MEDROXYPROGESTERONE ACET 150MG/ML SUSP (PF)  150MG/ML SUSPENSION, Rx only, Talon Compounding Pharmacy, 2950 Thousand Oaks Drive Ste 25, San Antonio, Texas 78247            ","696 vials","Lack of assurance of sterility","10/12/2021","11/08/2021","10/04/2023","11/17/2021","Lot: 07222021:40 BUD: 10/20/2021; 03302021:60 BUD: 10/26/2021; 04122021:29 BUD: 11/08/2021; 08172021:38 BUD: 11/15/2021; 07072021:60 BUD: 10/05/2021"
"Drugs","No","","88862","Terminated","Vita Pharmacy, LLC dba Talon Compounding Pharmacy","2950 Thousand Oaks Dr Ste 25","N/A","San Antonio","TX","	78247-3347","United States","Voluntary: Firm initiated","Telephone","United States including Washington, D.C. and Puerto Rico","D-0125-2022","Class II","METHYLCOBALAMIN 1MG/ML (1000MCG/ML) INJ 1MG/ML INJECTABLE, Rx only, Talon Compounding Pharmacy, 2950 Thousand Oaks Drive Ste 25, San Antonio, Texas 78247              ","324 vials","Lack of assurance of sterility","10/12/2021","11/08/2021","10/04/2023","11/17/2021","Lot: 07292021:79 BUD: 10/27/2021; 09072021:33 BUD: 12/07/2021; 09072021:32 BUD: 12/07/2021; 08312021:30 BUD: 11/29/2021; 07222021:66 BUD: 10/20/2021; 08242021:10 BUD: 11/22/2021; 07262021:12 BUD: 10/24/2021; 08182021:08 BUD: 11/16/2021; 09072021:31 BUD: 12/07/2021; 09092021:32 BUD: 12/08/2021; 09212021:12 BUD: 12/20/2021; 09212021:88 BUD: 12/20/2021."
"Drugs","No","","88862","Terminated","Vita Pharmacy, LLC dba Talon Compounding Pharmacy","2950 Thousand Oaks Dr Ste 25","N/A","San Antonio","TX","	78247-3347","United States","Voluntary: Firm initiated","Telephone","United States including Washington, D.C. and Puerto Rico","D-0126-2022","Class II","METHYLCOBALAMIN 5MG/ML (5000MCG/ML)  INJ 5MG/ML INJECTABLE, Rx only, Talon Compounding Pharmacy, 2950 Thousand Oaks Drive Ste 25, San Antonio, Texas 78247                  ","1 vial","Lack of assurance of sterility","10/12/2021","11/08/2021","10/04/2023","11/17/2021","Lot: 07162021:70 BUD: 10/14/2021"
"Drugs","No","","88862","Terminated","Vita Pharmacy, LLC dba Talon Compounding Pharmacy","2950 Thousand Oaks Dr Ste 25","N/A","San Antonio","TX","	78247-3347","United States","Voluntary: Firm initiated","Telephone","United States including Washington, D.C. and Puerto Rico","D-0127-2022","Class II","MIC 20/40/50 /B COMPLEX +CHROM/CARN 25/25MG/ML 20/40/50/25/25MG/ML INJECTABLE, Rx only, Talon Compounding Pharmacy, 2950 Thousand Oaks Drive Ste 25, San Antonio, Texas 78247                    ","1 vial","Lack of assurance of sterility","10/12/2021","11/08/2021","10/04/2023","11/17/2021","Lot: 08172021:52 BUD: 02/13/2022"
"Drugs","No","","88862","Terminated","Vita Pharmacy, LLC dba Talon Compounding Pharmacy","2950 Thousand Oaks Dr Ste 25","N/A","San Antonio","TX","	78247-3347","United States","Voluntary: Firm initiated","Telephone","United States including Washington, D.C. and Puerto Rico","D-0128-2022","Class II","MIC 20/40/50 /B COMPLEX +CHROM/CARN 25/25MG/ML+LIDO 20/40/50/25/25MG/ML+LIDO INJECTABLE, Rx only, Talon Compounding Pharmacy, 2950 Thousand Oaks Drive Ste 25, San Antonio, Texas 78247                      ","1 vial","Lack of assurance of sterility","10/12/2021","11/08/2021","10/04/2023","11/17/2021","Lot: 07292021:73 BUD: 10/30/2021"
"Drugs","No","","88862","Terminated","Vita Pharmacy, LLC dba Talon Compounding Pharmacy","2950 Thousand Oaks Dr Ste 25","N/A","San Antonio","TX","	78247-3347","United States","Voluntary: Firm initiated","Telephone","United States including Washington, D.C. and Puerto Rico","D-0129-2022","Class II","MIC B COMPLEX INJ-MILES FORMULATION INJECTABLE, Rx only, Talon Compounding Pharmacy, 2950 Thousand Oaks Drive Ste 25, San Antonio, Texas 78247                        ","1 vial","Lack of assurance of sterility","10/12/2021","11/08/2021","10/04/2023","11/17/2021","Lot: 08112021:46 BUD: 11/09/2021"
"Drugs","No","","88862","Terminated","Vita Pharmacy, LLC dba Talon Compounding Pharmacy","2950 Thousand Oaks Dr Ste 25","N/A","San Antonio","TX","	78247-3347","United States","Voluntary: Firm initiated","Telephone","United States including Washington, D.C. and Puerto Rico","D-0130-2022","Class II","MIC B COMPLEX W CHROMIUM/ METHYLCOB (BOYDEN) INJ  INJECTABLE, Rx only, Talon Compounding Pharmacy, 2950 Thousand Oaks Drive Ste 25, San Antonio, Texas 78247                          ","4 vials","Lack of assurance of sterility","10/12/2021","11/08/2021","10/04/2023","11/17/2021","Lot: 09022021:50 BUD: 12/01/2021"
"Drugs","No","","88862","Terminated","Vita Pharmacy, LLC dba Talon Compounding Pharmacy","2950 Thousand Oaks Dr Ste 25","N/A","San Antonio","TX","	78247-3347","United States","Voluntary: Firm initiated","Telephone","United States including Washington, D.C. and Puerto Rico","D-0131-2022","Class II","MIC B COMPLEX WITH HYDROXOCOBALAMIN 5MG/ML  INJ  INJECTABLE, Rx only, Talon Compounding Pharmacy, 2950 Thousand Oaks Drive Ste 25, San Antonio, Texas 78247                            ","6 vials","Lack of assurance of sterility","10/12/2021","11/08/2021","10/04/2023","11/17/2021","Lot: 07152021:91 BUD: 10/13/2021; 08202021:06 BUD: 11/18/2021"
"Drugs","No","","88862","Terminated","Vita Pharmacy, LLC dba Talon Compounding Pharmacy","2950 Thousand Oaks Dr Ste 25","N/A","San Antonio","TX","	78247-3347","United States","Voluntary: Firm initiated","Telephone","United States including Washington, D.C. and Puerto Rico","D-0132-2022","Class II","MIC B12 25/50/50/0.5MG/ML L-CARNITINE 250MG/ML  INJECTABLE, Rx only, Talon Compounding Pharmacy, 2950 Thousand Oaks Drive Ste 25, San Antonio, Texas 78247                              ","1 vial","Lack of assurance of sterility","10/12/2021","11/08/2021","10/04/2023","11/17/2021","Lot: 07272021:62 BUD: 10/25/2021"
"Drugs","No","","88862","Terminated","Vita Pharmacy, LLC dba Talon Compounding Pharmacy","2950 Thousand Oaks Dr Ste 25","N/A","San Antonio","TX","	78247-3347","United States","Voluntary: Firm initiated","Telephone","United States including Washington, D.C. and Puerto Rico","D-0133-2022","Class II","MIC B12 25/50/50/1+B6 100 MG/ML INJ  INJECTABLE, Rx only, Talon Compounding Pharmacy, 2950 Thousand Oaks Drive Ste 25, San Antonio, Texas 78247                                ","1 vial","Lack of assurance of sterility","10/12/2021","11/08/2021","10/04/2023","11/17/2021","Lot: 08112021:23 BUD: 11/09/2021"
"Drugs","No","","88862","Terminated","Vita Pharmacy, LLC dba Talon Compounding Pharmacy","2950 Thousand Oaks Dr Ste 25","N/A","San Antonio","TX","	78247-3347","United States","Voluntary: Firm initiated","Telephone","United States including Washington, D.C. and Puerto Rico","D-0134-2022","Class II","PROGESTERONE 100MG/ML INJ #1 IN ETHYL OLEATE INJECTABLE, Rx only, Talon Compounding Pharmacy, 2950 Thousand Oaks Drive Ste 25, San Antonio, Texas 78247                                  ","1 vial","Lack of assurance of sterility","10/12/2021","11/08/2021","10/04/2023","11/17/2021","Lot: 07192021:31 BUD: 10/17/2021"
"Drugs","No","","88862","Terminated","Vita Pharmacy, LLC dba Talon Compounding Pharmacy","2950 Thousand Oaks Dr Ste 25","N/A","San Antonio","TX","	78247-3347","United States","Voluntary: Firm initiated","Telephone","United States including Washington, D.C. and Puerto Rico","D-0135-2022","Class II","QUAD-MIX PAPAV 20/PHENTOL 2/PGE-1 25/ATROPINE 0.2 INJ   INJECTABLE, Rx only, Talon Compounding Pharmacy, 2950 Thousand Oaks Drive Ste 25, San Antonio, Texas 78247                                    ","4 vials","Lack of assurance of sterility","10/12/2021","11/08/2021","10/04/2023","11/17/2021","Lot: 08032021:56 BUD: 11/30/2021"
"Drugs","No","","88862","Terminated","Vita Pharmacy, LLC dba Talon Compounding Pharmacy","2950 Thousand Oaks Dr Ste 25","N/A","San Antonio","TX","	78247-3347","United States","Voluntary: Firm initiated","Telephone","United States including Washington, D.C. and Puerto Rico","D-0136-2022","Class II","QUAD-MIX PAPAV 30/PHENTOL 1/PGE-1 10/ATROPINE 0.15 INJ   INJECTABLE, Rx only, Talon Compounding Pharmacy, 2950 Thousand Oaks Drive Ste 25, San Antonio, Texas 78247    ","1 vial","Lack of assurance of sterility","10/12/2021","11/08/2021","10/04/2023","11/17/2021","Lot: 07072021:20 BUD: 10/23/2021"
"Drugs","No","","88862","Terminated","Vita Pharmacy, LLC dba Talon Compounding Pharmacy","2950 Thousand Oaks Dr Ste 25","N/A","San Antonio","TX","	78247-3347","United States","Voluntary: Firm initiated","Telephone","United States including Washington, D.C. and Puerto Rico","D-0137-2022","Class II","QUAD-MIX PAPAV 30/PHENTOL 1/PGE-1 20/ATROPINE 0.1 INJ INJECTABLE, Rx only, Talon Compounding Pharmacy, 2950 Thousand Oaks Drive Ste 25, San Antonio, Texas 78247      ","1 vial","Lack of assurance of sterility","10/12/2021","11/08/2021","10/04/2023","11/17/2021","Lot: 08052021:10 BUD: 11/30/2021"
"Drugs","No","","88862","Terminated","Vita Pharmacy, LLC dba Talon Compounding Pharmacy","2950 Thousand Oaks Dr Ste 25","N/A","San Antonio","TX","	78247-3347","United States","Voluntary: Firm initiated","Telephone","United States including Washington, D.C. and Puerto Rico","D-0138-2022","Class II","QUAD-MIX PAPAV 30/PHENTOL 2/PGE-1 20/ATROPINE 0.2 INJ *C5*  INJECTABLE, Rx only, Talon Compounding Pharmacy, 2950 Thousand Oaks Drive Ste 25, San Antonio, Texas 78247        ","3 vials","Lack of assurance of sterility","10/12/2021","11/08/2021","10/04/2023","11/17/2021","Lot: 06292021:27 BUD: 10/23/2021"
"Drugs","No","","88862","Terminated","Vita Pharmacy, LLC dba Talon Compounding Pharmacy","2950 Thousand Oaks Dr Ste 25","N/A","San Antonio","TX","	78247-3347","United States","Voluntary: Firm initiated","Telephone","United States including Washington, D.C. and Puerto Rico","D-0139-2022","Class II","QUAD-MIX PAPAV 30/PHENTOL 2/PGE-1 200/ATROPINE 0.02 INJ INJECTABLE, Rx only, Talon Compounding Pharmacy, 2950 Thousand Oaks Drive Ste 25, San Antonio, Texas 78247          ","1 vial","Lack of assurance of sterility","10/12/2021","11/08/2021","10/04/2023","11/17/2021","Lot: 0802021:26 BUD: 11/30/2021"
"Drugs","No","","88862","Terminated","Vita Pharmacy, LLC dba Talon Compounding Pharmacy","2950 Thousand Oaks Dr Ste 25","N/A","San Antonio","TX","	78247-3347","United States","Voluntary: Firm initiated","Telephone","United States including Washington, D.C. and Puerto Rico","D-0140-2022","Class II","QUAD-MIX PAPAV 30/PHENTOL 2/PGE-1 30/ATROPINE 0.2 INJ   INJECTABLE, Rx only, Talon Compounding Pharmacy, 2950 Thousand Oaks Drive Ste 25, San Antonio, Texas 78247            ","3 vials","Lack of assurance of sterility","10/12/2021","11/08/2021","10/04/2023","11/17/2021","Lot: 08182021:31 BUD: 02/08/2022; 08262021:69 BUD: 02/08/2022; 08052021:40 BUD: 11/30/2021"
"Drugs","No","","88862","Terminated","Vita Pharmacy, LLC dba Talon Compounding Pharmacy","2950 Thousand Oaks Dr Ste 25","N/A","San Antonio","TX","	78247-3347","United States","Voluntary: Firm initiated","Telephone","United States including Washington, D.C. and Puerto Rico","D-0141-2022","Class II","QUAD-MIX PAPAV 30/PHENTOL 3/PGE-1 100/ATROPINE 0.2  INJ   INJECTABLE, Rx only, Talon Compounding Pharmacy, 2950 Thousand Oaks Drive Ste 25, San Antonio, Texas 78247              ","2 vials","Lack of assurance of sterility","10/12/2021","11/08/2021","10/04/2023","11/17/2021","Lot: 07162021:24 BUD: 11/13/2021"
"Drugs","No","","88862","Terminated","Vita Pharmacy, LLC dba Talon Compounding Pharmacy","2950 Thousand Oaks Dr Ste 25","N/A","San Antonio","TX","	78247-3347","United States","Voluntary: Firm initiated","Telephone","United States including Washington, D.C. and Puerto Rico","D-0142-2022","Class II","QUAD-MIX PAPAV 30/PHENTOL 4/PGE-1 40/ATROPINE 0.4 INJ *C6*  INJECTABLE, Rx only, Talon Compounding Pharmacy, 2950 Thousand Oaks Drive Ste 25, San Antonio, Texas 78247                ","1 vial","Lack of assurance of sterility","10/12/2021","11/08/2021","10/04/2023","11/17/2021","Lot: 07192021:52 BUD: 11/30/2021"
"Drugs","No","","88862","Terminated","Vita Pharmacy, LLC dba Talon Compounding Pharmacy","2950 Thousand Oaks Dr Ste 25","N/A","San Antonio","TX","	78247-3347","United States","Voluntary: Firm initiated","Telephone","United States including Washington, D.C. and Puerto Rico","D-0143-2022","Class II","SERMORELIN ACETATE 15MG/IPAMORELIN 15MG - LYOPHILIZED 15MG/15MG VIAL, Rx only, Talon Compounding Pharmacy, 2950 Thousand Oaks Drive Ste 25, San Antonio, Texas 78247                  ","6 vials","Lack of assurance of sterility","10/12/2021","11/08/2021","10/04/2023","11/17/2021","Lot: 07062021:98 BUD: 11/30/2021"
"Drugs","No","","88862","Terminated","Vita Pharmacy, LLC dba Talon Compounding Pharmacy","2950 Thousand Oaks Dr Ste 25","N/A","San Antonio","TX","	78247-3347","United States","Voluntary: Firm initiated","Telephone","United States including Washington, D.C. and Puerto Rico","D-0144-2022","Class II","SERMORELIN ACETATE 6MG/IPAMORELIN 6MG - LYOPHILIZED   6MG/6MG VIAL, Rx only, Talon Compounding Pharmacy, 2950 Thousand Oaks Drive Ste 25, San Antonio, Texas 78247                    ","11 vials","Lack of assurance of sterility","10/12/2021","11/08/2021","10/04/2023","11/17/2021","Lot: 06022021:03 BUD: 11/29/2021; 08102021:27 BUD: 11/30/2021; 05212021:84 BUD: 11/17/2021"
"Drugs","No","","88862","Terminated","Vita Pharmacy, LLC dba Talon Compounding Pharmacy","2950 Thousand Oaks Dr Ste 25","N/A","San Antonio","TX","	78247-3347","United States","Voluntary: Firm initiated","Telephone","United States including Washington, D.C. and Puerto Rico","D-0145-2022","Class II","SERMORELIN ACETATE 9MG/IPAMORELIN 9MG - LYOPHILIZED   9MG/9MG VIAL, Rx only, Talon Compounding Pharmacy, 2950 Thousand Oaks Drive Ste 25, San Antonio, Texas 78247                      ","3 vials","Lack of assurance of sterility","10/12/2021","11/08/2021","10/04/2023","11/17/2021","Lot: 08102021:22 BUD: 11/30/2021"
"Drugs","No","","88862","Terminated","Vita Pharmacy, LLC dba Talon Compounding Pharmacy","2950 Thousand Oaks Dr Ste 25","N/A","San Antonio","TX","	78247-3347","United States","Voluntary: Firm initiated","Telephone","United States including Washington, D.C. and Puerto Rico","D-0146-2022","Class II","TRIMTROPIC - MIC B COMPLEX/CHROM/CARN 20MG/40MG/50MG/5MG/33MG/2MG/1MG/25MCG/25MG INJECTABLE, Rx only, Talon Compounding Pharmacy, 2950 Thousand Oaks Drive Ste 25, San Antonio, Texas 78247                        ","1 vial","Lack of assurance of sterility","10/12/2021","11/08/2021","10/04/2023","11/17/2021","Lot: 08062021:92 BUD: 02/02/2022"
"Drugs","No","","88862","Terminated","Vita Pharmacy, LLC dba Talon Compounding Pharmacy","2950 Thousand Oaks Dr Ste 25","N/A","San Antonio","TX","	78247-3347","United States","Voluntary: Firm initiated","Telephone","United States including Washington, D.C. and Puerto Rico","D-0147-2022","Class II","TRI-TEST 200 (CY50%-EN37.5%-PR12.5%) INJ #1 200MG/ML INJECTABLE, Rx only, Talon Compounding Pharmacy, 2950 Thousand Oaks Drive Ste 25, San Antonio, Texas 78247                          ","4 vials","Lack of assurance of sterility","10/12/2021","11/08/2021","10/04/2023","11/17/2021","Lot: T1007302021:37 BUD: 01/26/2022; T1008242021:04 BUD: 02/20/2022"
"Drugs","No","","88862","Terminated","Vita Pharmacy, LLC dba Talon Compounding Pharmacy","2950 Thousand Oaks Dr Ste 25","N/A","San Antonio","TX","	78247-3347","United States","Voluntary: Firm initiated","Telephone","United States including Washington, D.C. and Puerto Rico","D-0148-2022","Class II","ULTRA-TEST (CYP 80%/PROP 20%) 200MG/ML INJ #1 200MG/ML INJECTABLE, Rx only, Talon Compounding Pharmacy, 2950 Thousand Oaks Drive Ste 25, San Antonio, Texas 78247                            ","23 vials","Lack of assurance of sterility","10/12/2021","11/08/2021","10/04/2023","11/17/2021","Lot: T1008032021:86 BUD: 01/30/2022; T1004192021:25 BUD: 10/16/2021; T1005252021:33 BUD: 11/21/2021; T1009082021:96 BUD: 03/07/2022"
"Drugs","No","","88862","Terminated","Vita Pharmacy, LLC dba Talon Compounding Pharmacy","2950 Thousand Oaks Dr Ste 25","N/A","San Antonio","TX","	78247-3347","United States","Voluntary: Firm initiated","Telephone","United States including Washington, D.C. and Puerto Rico","D-0149-2022","Class II","VITAMIN D3 100,000 IU/ML INJECTABLE 100,000IU/ML, Rx only, Talon Compounding Pharmacy, 2950 Thousand Oaks Drive Ste 25, San Antonio, Texas 78247                              ","23 vials","Lack of assurance of sterility","10/12/2021","11/08/2021","10/04/2023","11/17/2021","Lot: 05272021:20 BUD: 11/23/2021; 06142021:34 BUD: 12/11/2021; 08052021:18 BUD: 01/05/2022; 08192021:43 BUD: 01/05/2022; 03302021:15 BUD: 08/12/2021"
"Drugs","No","","88862","Terminated","Vita Pharmacy, LLC dba Talon Compounding Pharmacy","2950 Thousand Oaks Dr Ste 25","N/A","San Antonio","TX","	78247-3347","United States","Voluntary: Firm initiated","Telephone","United States including Washington, D.C. and Puerto Rico","D-0150-2022","Class II","TEST CYPIONATE 200MG/ANASTROZOLE 0.25MG/DUTASTERIDE 1MG/ML IN OIL  INJECTABLE, Rx only, Talon Compounding Pharmacy, 2950 Thousand Oaks Drive Ste 25, San Antonio, Texas 78247                                ","2 vials","Lack of assurance of sterility","10/12/2021","11/08/2021","10/04/2023","11/17/2021","Lot: T1006032021:64 BUD: 11/30/2021"
"Drugs","No","","88862","Terminated","Vita Pharmacy, LLC dba Talon Compounding Pharmacy","2950 Thousand Oaks Dr Ste 25","N/A","San Antonio","TX","	78247-3347","United States","Voluntary: Firm initiated","Telephone","United States including Washington, D.C. and Puerto Rico","D-0151-2022","Class II","TEST CYPIONATE 200MG/ANASTROZOLE 0.5MG/DUTASTERIDE 0.5MG/ML IN OIL  INJECTABLE, Rx only, Talon Compounding Pharmacy, 2950 Thousand Oaks Drive Ste 25, San Antonio, Texas 78247                                  ","23 vials","Lack of assurance of sterility","10/12/2021","11/08/2021","10/04/2023","11/17/2021","Lot:  07292021:54 BUD: 01/25/2022; T1006302021:96 BUD: 12/27/2021; T1008092021:60 BUD: 02/05/2022; T1009222021:51 BUD: 03/21/2022;  T1006082021:79 BUD: 12/05/2021; T1008302021:82 BUD: 02/26/2022;"
"Drugs","No","","88862","Terminated","Vita Pharmacy, LLC dba Talon Compounding Pharmacy","2950 Thousand Oaks Dr Ste 25","N/A","San Antonio","TX","	78247-3347","United States","Voluntary: Firm initiated","Telephone","United States including Washington, D.C. and Puerto Rico","D-0152-2022","Class II","TEST CYPIONATE 200MG/ANASTROZOLE 0.5MG/DUTASTERIDE 0.75MG/ML IN OIL  INJECTABLE, Rx only, Talon Compounding Pharmacy, 2950 Thousand Oaks Drive Ste 25, San Antonio, Texas 78247                                    ","2 vials","Lack of assurance of sterility","10/12/2021","11/08/2021","10/04/2023","11/17/2021","Lot:  T1005192021:31 BUD: 11/15/2021"
"Drugs","No","","88862","Terminated","Vita Pharmacy, LLC dba Talon Compounding Pharmacy","2950 Thousand Oaks Dr Ste 25","N/A","San Antonio","TX","	78247-3347","United States","Voluntary: Firm initiated","Telephone","United States including Washington, D.C. and Puerto Rico","D-0153-2022","Class II","TEST CYPIONATE 200MG/ANASTROZOLE 0.5MG/DUTASTERIDE 1.5MG/ML IN OIL  INJECTABLE, Rx only, Talon Compounding Pharmacy, 2950 Thousand Oaks Drive Ste 25, San Antonio, Texas 78247                                      ","4 vials","Lack of assurance of sterility","10/12/2021","11/08/2021","10/04/2023","11/17/2021","Lot:  T1007012021:96 BUD: 12/28/2021; T1008192021:04 BUD: 02/15/2022"
"Drugs","No","","88862","Terminated","Vita Pharmacy, LLC dba Talon Compounding Pharmacy","2950 Thousand Oaks Dr Ste 25","N/A","San Antonio","TX","	78247-3347","United States","Voluntary: Firm initiated","Telephone","United States including Washington, D.C. and Puerto Rico","D-0154-2022","Class II","TEST CYPIONATE 200MG/ANASTROZOLE 0.5MG/DUTASTERIDE 1MG/ML #2  INJECTABLE, Rx only, Talon Compounding Pharmacy, 2950 Thousand Oaks Drive Ste 25, San Antonio, Texas 78247                                        ","4 vials","Lack of assurance of sterility","10/12/2021","11/08/2021","10/04/2023","11/17/2021","Lot:  T1008252021:29 BUD: 02/21/2022; T1006042021:51 BUD: 12/01/2021"
"Drugs","No","","88862","Terminated","Vita Pharmacy, LLC dba Talon Compounding Pharmacy","2950 Thousand Oaks Dr Ste 25","N/A","San Antonio","TX","	78247-3347","United States","Voluntary: Firm initiated","Telephone","United States including Washington, D.C. and Puerto Rico","D-0155-2022","Class II","TEST CYPIONATE 200MG/ANASTROZOLE 0.5MG/DUTASTERIDE 1MG/ML IN OIL  INJECTABLE, Rx only, Talon Compounding Pharmacy, 2950 Thousand Oaks Drive Ste 25, San Antonio, Texas 78247                                          ","50 vials","Lack of assurance of sterility","10/12/2021","11/08/2021","10/04/2023","11/17/2021","Lot:  T1008192021:69 BUD: 02/15/2022; T1006142021:66 BUD: 12/11/2021; T1009092021:76 BUD: 03/08/2022; T1005142021:82 BUD: 11/10/2021; T1009212021:33 BUD: 03/20/2022; T1006012021:01 BUD: 11/28/2021"
"Drugs","No","","88862","Terminated","Vita Pharmacy, LLC dba Talon Compounding Pharmacy","2950 Thousand Oaks Dr Ste 25","N/A","San Antonio","TX","	78247-3347","United States","Voluntary: Firm initiated","Telephone","United States including Washington, D.C. and Puerto Rico","D-0156-2022","Class II","TEST CYPIONATE 200MG/ANASTROZOLE 0.75MG/DUTASTERIDE 1MG/ML IN OIL  INJECTABLE, Rx only, Talon Compounding Pharmacy, 2950 Thousand Oaks Drive Ste 25, San Antonio, Texas 78247                                            ","2 vials","Lack of assurance of sterility","10/12/2021","11/08/2021","10/04/2023","11/17/2021","Lot:  T1008312021:33 BUD: 02/27/2022"
"Drugs","No","","88862","Terminated","Vita Pharmacy, LLC dba Talon Compounding Pharmacy","2950 Thousand Oaks Dr Ste 25","N/A","San Antonio","TX","	78247-3347","United States","Voluntary: Firm initiated","Telephone","United States including Washington, D.C. and Puerto Rico","D-0157-2022","Class II","TEST CYPIONATE 200MG/ANASTROZOLE 1.5MG/DUTASTERIDE 1.5MG/ML IN OIL  INJECTABLE, Rx only, Talon Compounding Pharmacy, 2950 Thousand Oaks Drive Ste 25, San Antonio, Texas 78247                                              ","2 vials","Lack of assurance of sterility","10/12/2021","11/08/2021","10/04/2023","11/17/2021","Lot:  T1009092021:66 BUD: 03/08/2022"
"Drugs","No","","88862","Terminated","Vita Pharmacy, LLC dba Talon Compounding Pharmacy","2950 Thousand Oaks Dr Ste 25","N/A","San Antonio","TX","	78247-3347","United States","Voluntary: Firm initiated","Telephone","United States including Washington, D.C. and Puerto Rico","D-0158-2022","Class II","TEST CYPIONATE 200MG/ANASTROZOLE 1.5MG/DUTASTERIDE 2MG/ML IN OIL  INJECTABLE, Rx only, Talon Compounding Pharmacy, 2950 Thousand Oaks Drive Ste 25, San Antonio, Texas 78247                                                ","2 vials","Lack of assurance of sterility","10/12/2021","11/08/2021","10/04/2023","11/17/2021","Lot:  T1009092021:19 BUD: 03/08/2022"
"Drugs","No","","88862","Terminated","Vita Pharmacy, LLC dba Talon Compounding Pharmacy","2950 Thousand Oaks Dr Ste 25","N/A","San Antonio","TX","	78247-3347","United States","Voluntary: Firm initiated","Telephone","United States including Washington, D.C. and Puerto Rico","D-0159-2022","Class II","TEST CYPIONATE 200MG/ANASTROZOLE 1MG/DUTASTERIDE 0.5MG/ML IN OIL  INJECTABLE, Rx only, Talon Compounding Pharmacy, 2950 Thousand Oaks Drive Ste 25, San Antonio, Texas 78247                                                  ","13 vials","Lack of assurance of sterility","10/12/2021","11/08/2021","10/04/2023","11/17/2021","Lot:  T1007072021:98 BUD: 01/03/2022; T1005252021:31 BUD: 11/21/2021; T1009222021:60 BUD: 03/21/2022"
"Drugs","No","","88862","Terminated","Vita Pharmacy, LLC dba Talon Compounding Pharmacy","2950 Thousand Oaks Dr Ste 25","N/A","San Antonio","TX","	78247-3347","United States","Voluntary: Firm initiated","Telephone","United States including Washington, D.C. and Puerto Rico","D-0160-2022","Class II","TEST CYPIONATE 200MG/ANASTROZOLE 1MG/DUTASTERIDE 1.5MG/ML IN OIL  INJECTABLE, Rx only, Talon Compounding Pharmacy, 2950 Thousand Oaks Drive Ste 25, San Antonio, Texas 78247                                                    ","1 vial","Lack of assurance of sterility","10/12/2021","11/08/2021","10/04/2023","11/17/2021","Lot:  T1009132021:38 BUD: 03/12/2022"
"Drugs","No","","88862","Terminated","Vita Pharmacy, LLC dba Talon Compounding Pharmacy","2950 Thousand Oaks Dr Ste 25","N/A","San Antonio","TX","	78247-3347","United States","Voluntary: Firm initiated","Telephone","United States including Washington, D.C. and Puerto Rico","D-0161-2022","Class II","TEST CYPIONATE 200MG/ANASTROZOLE 1MG/DUTASTERIDE 1MG/ML IN OIL  INJECTABLE, Rx only, Talon Compounding Pharmacy, 2950 Thousand Oaks Drive Ste 25, San Antonio, Texas 78247                                                      ","19 vials","Lack of assurance of sterility","10/12/2021","11/08/2021","10/04/2023","11/17/2021","Lot:  T1005172021:27 BUD: 11/13/2021; T1007222021:42 BUD: 01/18/2022; T1009162021:45 BUD: 03/15/2022"
"Drugs","No","","88862","Terminated","Vita Pharmacy, LLC dba Talon Compounding Pharmacy","2950 Thousand Oaks Dr Ste 25","N/A","San Antonio","TX","	78247-3347","United States","Voluntary: Firm initiated","Telephone","United States including Washington, D.C. and Puerto Rico","D-0162-2022","Class II","TEST CYPIONATE 200MG/ANASTROZOLE 1MG/DUTASTERIDE 2MG/ML IN OIL  INJECTABLE, Rx only, Talon Compounding Pharmacy, 2950 Thousand Oaks Drive Ste 25, San Antonio, Texas 78247                                                        ","6 vials","Lack of assurance of sterility","10/12/2021","11/08/2021","10/04/2023","11/17/2021","Lot: T1009222021:34 BUD: 03/21/2022; T1008022021:71 BUD: 01/29/2022; T1006072021:73 BUD: 12/04/2021"
"Drugs","No","","88862","Terminated","Vita Pharmacy, LLC dba Talon Compounding Pharmacy","2950 Thousand Oaks Dr Ste 25","N/A","San Antonio","TX","	78247-3347","United States","Voluntary: Firm initiated","Telephone","United States including Washington, D.C. and Puerto Rico","D-0163-2022","Class II","TEST CYPIONATE 200MG/ANASTROZOLE 2MG/DUTASTERIDE 0.5MG/ML IN OIL  INJECTABLE, Rx only, Talon Compounding Pharmacy, 2950 Thousand Oaks Drive Ste 25, San Antonio, Texas 78247                                                        ","4 vials","Lack of assurance of sterility","10/12/2021","11/08/2021","10/04/2023","11/17/2021","Lot: T1006032021:45 BUD: 11/30/2021"
"Drugs","No","","88862","Terminated","Vita Pharmacy, LLC dba Talon Compounding Pharmacy","2950 Thousand Oaks Dr Ste 25","N/A","San Antonio","TX","	78247-3347","United States","Voluntary: Firm initiated","Telephone","United States including Washington, D.C. and Puerto Rico","D-0164-2022","Class II","TEST CYPIONATE 200MG/ANASTROZOLE 2MG/DUTASTERIDE 2MG/ML IN OIL  INJECTABLE, Rx only, Talon Compounding Pharmacy, 2950 Thousand Oaks Drive Ste 25, San Antonio, Texas 78247                                                          ","2 vials","Lack of assurance of sterility","10/12/2021","11/08/2021","10/04/2023","11/17/2021","Lot: T1007142021:50 BUD: 01/10/2022"
"Drugs","No","","88862","Terminated","Vita Pharmacy, LLC dba Talon Compounding Pharmacy","2950 Thousand Oaks Dr Ste 25","N/A","San Antonio","TX","	78247-3347","United States","Voluntary: Firm initiated","Telephone","United States including Washington, D.C. and Puerto Rico","D-0165-2022","Class II","TEST CYPIONATE 200MG/DUTASTERIDE 0.5MG/ML IN OIL  INJECTABLE, Rx only, Talon Compounding Pharmacy, 2950 Thousand Oaks Drive Ste 25, San Antonio, Texas 78247                                                            ","21 vials","Lack of assurance of sterility","10/12/2021","11/08/2021","10/04/2023","11/17/2021","Lot: T1006042021:53 BUD: 12/01/2021; T1008192021:83 BUD: 02/15/2022; T1005212021:52 BUD: 11/17/2021; T1009072021:35 BUD: 03/06/2022; T1007132021:61 BUD: 01/09/2022; T1009142021:95 BUD: 03/13/2022"
"Drugs","No","","88862","Terminated","Vita Pharmacy, LLC dba Talon Compounding Pharmacy","2950 Thousand Oaks Dr Ste 25","N/A","San Antonio","TX","	78247-3347","United States","Voluntary: Firm initiated","Telephone","United States including Washington, D.C. and Puerto Rico","D-0166-2022","Class II","TEST CYPIONATE 200MG/DUTASTERIDE 1MG/ML IN OIL  INJECTABLE, Rx only, Talon Compounding Pharmacy, 2950 Thousand Oaks Drive Ste 25, San Antonio, Texas 78247                                                              ","6 vials","Lack of assurance of sterility","10/12/2021","11/08/2021","10/04/2023","11/17/2021","Lot: T1008312021:02 BUD: 02/27/2022; T1007142021:62 BUD: 01/10/2022"
"Drugs","No","","88862","Terminated","Vita Pharmacy, LLC dba Talon Compounding Pharmacy","2950 Thousand Oaks Dr Ste 25","N/A","San Antonio","TX","	78247-3347","United States","Voluntary: Firm initiated","Telephone","United States including Washington, D.C. and Puerto Rico","D-0167-2022","Class II","TEST CYPIONATE 200MG/DUTASTERIDE 2MG/ML IN OIL  INJECTABLE, Rx only, Talon Compounding Pharmacy, 2950 Thousand Oaks Drive Ste 25, San Antonio, Texas 78247                                                              ","2 vials","Lack of assurance of sterility","10/12/2021","11/08/2021","10/04/2023","11/17/2021","Lot: T1007222021:38 BUD: 01/18/2022"
"Drugs","No","","88862","Terminated","Vita Pharmacy, LLC dba Talon Compounding Pharmacy","2950 Thousand Oaks Dr Ste 25","N/A","San Antonio","TX","	78247-3347","United States","Voluntary: Firm initiated","Telephone","United States including Washington, D.C. and Puerto Rico","D-0168-2022","Class II","TESTOSTERONE BI-BLEND 100/100MG/ML  INJECTABLE, Rx only, Talon Compounding Pharmacy, 2950 Thousand Oaks Drive Ste 25, San Antonio, Texas 78247                                                                  ","1 vial","Lack of assurance of sterility","10/12/2021","11/08/2021","10/04/2023","11/17/2021","Lot: T7.803162021:08 BUD: 09/12/2021; TBB07142021:68 BUD: 01/10/2022"
"Drugs","No","","88862","Terminated","Vita Pharmacy, LLC dba Talon Compounding Pharmacy","2950 Thousand Oaks Dr Ste 25","N/A","San Antonio","TX","	78247-3347","United States","Voluntary: Firm initiated","Telephone","United States including Washington, D.C. and Puerto Rico","D-0169-2022","Class II","TESTOSTERONE CYPIONATE 100MG/ML INJ #1 IN ETHYL OLEATE INJECTABLE, Rx only, Talon Compounding Pharmacy, 2950 Thousand Oaks Drive Ste 25, San Antonio, Texas 78247                                                                    ","168 vials","Lack of assurance of sterility","10/12/2021","11/08/2021","10/04/2023","11/17/2021","Lot: T0204272021:49 BUD: 10/24/2021; T0206142021:55 BUD: 12/11/2021; T0209082021:74 BUD: 03/07/2022; T0506212021:52 BUD: 12/18/2021; T0207082021:41 BUD: 01/04/2022; T0208112021:07 BUD: 02/07/2022; T0206012021:26 BUD: 11/28/2021; T0507122021:00 BUD: 01/08/2022; T0505112021:58 BUD: 11/07/2021; T0205182021:56 BUD: 11/14/2021; T0506102021:88 BUD: 12/07/2021; T0508182021:56 BUD: 02/14/2022"
"Drugs","No","","88862","Terminated","Vita Pharmacy, LLC dba Talon Compounding Pharmacy","2950 Thousand Oaks Dr Ste 25","N/A","San Antonio","TX","	78247-3347","United States","Voluntary: Firm initiated","Telephone","United States including Washington, D.C. and Puerto Rico","D-0170-2022","Class II","TESTOSTERONE CYPIONATE 200MG/ANASTROZOLE 0.25MG/ML IN OIL  INJECTABLE, Rx only, Talon Compounding Pharmacy, 2950 Thousand Oaks Drive Ste 25, San Antonio, Texas 78247                                                                      ","4 vials","Lack of assurance of sterility","10/12/2021","11/08/2021","10/04/2023","11/17/2021","Lot: T1006092021:18 BUD: 12/06/2021; T1009022021:89 BUD: 03/01/2022"
"Drugs","No","","88862","Terminated","Vita Pharmacy, LLC dba Talon Compounding Pharmacy","2950 Thousand Oaks Dr Ste 25","N/A","San Antonio","TX","	78247-3347","United States","Voluntary: Firm initiated","Telephone","United States including Washington, D.C. and Puerto Rico","D-0171-2022","Class II","TESTOSTERONE CYPIONATE 200MG/ANASTROZOLE 0.5MG/ML INJ #1 IN ETHYL OLEATE INJECTABLE, Rx only, Talon Compounding Pharmacy, 2950 Thousand Oaks Drive Ste 25, San Antonio, Texas 78247                                                                        ","94 vials","Lack of assurance of sterility","10/12/2021","11/08/2021","10/04/2023","11/17/2021","Lot: T1005122021:40 BUD: 11/08/2021; T1006092021:88 BUD: 12/06/2021; T1008242021:26 BUD: 02/20/2022; T1007192021:94 BUD: 01/15/2022"
"Drugs","No","","88862","Terminated","Vita Pharmacy, LLC dba Talon Compounding Pharmacy","2950 Thousand Oaks Dr Ste 25","N/A","San Antonio","TX","	78247-3347","United States","Voluntary: Firm initiated","Telephone","United States including Washington, D.C. and Puerto Rico","D-0172-2022","Class II","TESTOSTERONE CYPIONATE 200MG/ANASTROZOLE 0.5MG/ML INJ #2 IN SESAME OIL INJECTABLE, Rx only, Talon Compounding Pharmacy, 2950 Thousand Oaks Drive Ste 25, San Antonio, Texas 78247                                                                          ","9 vials","Lack of assurance of sterility","10/12/2021","11/08/2021","10/04/2023","11/17/2021","Lot: T1004132021:95 BUD: 10/10/2021; T1006162021:63 BUD: 12/13/2021; T1004282021:19 BUD: 10/25/2021"
"Drugs","No","","88872","Terminated","MACLEODS PHARMA USA, INC","103 College Rd E Fl 2","N/A","Princeton","NJ","	08540-6611","United States","Voluntary: Firm initiated","Letter","Nationwide within the United States","D-0078-2022","Class III","Rizatriptan Benzoate Film Coated Tablets, 10 mg, packaged in a) 12 Tablets (2X6 Unit-Dose Tablets) Blister Packs, NDC 33342-088-45), b) 18 Tablets (3 x 6 Unit-Dose Tablets, NDC 33342-088-41) Rx only, Manufactured for: Macleods Pharma USA, Inc. Plainsboro, NJ 08536l Manufactured by: Macleods Pharmaceuticals Ltd. Baddi, Himachal Pradesh, INDIA","135,082 Blister Packs/2,431,476 tablets","Out-of-specification test results obtained in Organic Impurities test during analysis of controlled samples.","10/18/2021","10/28/2021","04/24/2024","11/03/2021","Lot #: BRJ2112A, BRJ2113A, BRJ2114A, BRJ2114B, exp. date 04/2024"
"Drugs","No","","88862","Terminated","Vita Pharmacy, LLC dba Talon Compounding Pharmacy","2950 Thousand Oaks Dr Ste 25","N/A","San Antonio","TX","	78247-3347","United States","Voluntary: Firm initiated","Telephone","United States including Washington, D.C. and Puerto Rico","D-0173-2022","Class II","TESTOSTERONE CYPIONATE 200MG/ANASTROZOLE 0.75MG/ML IN OIL  INJECTABLE, Rx only, Talon Compounding Pharmacy, 2950 Thousand Oaks Drive Ste 25, San Antonio, Texas 78247                                                                            ","4 vials","Lack of assurance of sterility","10/12/2021","11/08/2021","10/04/2023","11/17/2021","Lot: T1008032021:52 BUD: 01/30/2022; T1008192021:96 BUD: 02/15/2022"
"Drugs","No","","88862","Terminated","Vita Pharmacy, LLC dba Talon Compounding Pharmacy","2950 Thousand Oaks Dr Ste 25","N/A","San Antonio","TX","	78247-3347","United States","Voluntary: Firm initiated","Telephone","United States including Washington, D.C. and Puerto Rico","D-0174-2022","Class II","TESTOSTERONE CYPIONATE 200MG/ANASTROZOLE 0.7MG/ML IN OIL  INJECTABLE, Rx only, Talon Compounding Pharmacy, 2950 Thousand Oaks Drive Ste 25, San Antonio, Texas 78247                                                                              ","2 vials","Lack of assurance of sterility","10/12/2021","11/08/2021","10/04/2023","11/17/2021","Lot: T1007202021:25 BUD: 01/16/2022; T1009102021:46 BUD: 03/09/2022"
"Drugs","No","","88872","Terminated","MACLEODS PHARMA USA, INC","103 College Rd E Fl 2","N/A","Princeton","NJ","	08540-6611","United States","Voluntary: Firm initiated","Letter","Nationwide within the United States","D-0079-2022","Class III","Rizatriptan Benzoate Orally Disintegrating Tablets 5mg, 12 Tablets (2 x 6 Unit-Dose Tablets) Blister Packs, Rx only,  Manufactured for: Macleods Pharma USA Inc. Plainsboro, NJ 08536, Manufactured by: Macleods Pharmaceuticals Ltd. Baddi, Himachal Pradesh, INDIA, NDC 33342-093-41  ","13,260 Blister Packs/238,680 tablets","Out-of-specification test results obtained in Organic Impurities test during analysis of controlled samples.","10/18/2021","10/28/2021","04/24/2024","11/03/2021","Lot #: BRL2102A, BRL2103A, exp. date 04/2025"
"Drugs","No","","88862","Terminated","Vita Pharmacy, LLC dba Talon Compounding Pharmacy","2950 Thousand Oaks Dr Ste 25","N/A","San Antonio","TX","	78247-3347","United States","Voluntary: Firm initiated","Telephone","United States including Washington, D.C. and Puerto Rico","D-0175-2022","Class II","TESTOSTERONE CYPIONATE 200MG/ANASTROZOLE 1.5MG/ML IN OIL  INJECTABLE, Rx only, Talon Compounding Pharmacy, 2950 Thousand Oaks Drive Ste 25, San Antonio, Texas 78247                                                                                ","6 vials","Lack of assurance of sterility","10/12/2021","11/08/2021","10/04/2023","11/17/2021","Lot: T1009092021:50 BUD: 03/08/2022; T1006302021:37 BUD: 12/27/2021"
"Drugs","No","","88862","Terminated","Vita Pharmacy, LLC dba Talon Compounding Pharmacy","2950 Thousand Oaks Dr Ste 25","N/A","San Antonio","TX","	78247-3347","United States","Voluntary: Firm initiated","Telephone","United States including Washington, D.C. and Puerto Rico","D-0176-2022","Class II","TESTOSTERONE CYPIONATE 200MG/ANASTROZOLE 1.75MG/ML IN OIL  INJECTABLE, Rx only, Talon Compounding Pharmacy, 2950 Thousand Oaks Drive Ste 25, San Antonio, Texas 78247                                                                                  ","2 vials","Lack of assurance of sterility","10/12/2021","11/08/2021","10/04/2023","11/17/2021","Lot: T1007132021:95 BUD: 01/09/2022"
"Drugs","No","","88862","Terminated","Vita Pharmacy, LLC dba Talon Compounding Pharmacy","2950 Thousand Oaks Dr Ste 25","N/A","San Antonio","TX","	78247-3347","United States","Voluntary: Firm initiated","Telephone","United States including Washington, D.C. and Puerto Rico","D-0177-2022","Class II","TESTOSTERONE CYPIONATE 200MG/ANASTROZOLE 1MG/ML #2 IN SESAME OIL INJECTABLE, Rx only, Talon Compounding Pharmacy, 2950 Thousand Oaks Drive Ste 25, San Antonio, Texas 78247                                                                                    ","6 vials","Lack of assurance of sterility","10/12/2021","11/08/2021","10/04/2023","11/17/2021","Lot: T1004202021:52 BUD: 10/17/2021; T1005042021:24 BUD: 10/31/2021"
"Drugs","No","","88862","Terminated","Vita Pharmacy, LLC dba Talon Compounding Pharmacy","2950 Thousand Oaks Dr Ste 25","N/A","San Antonio","TX","	78247-3347","United States","Voluntary: Firm initiated","Telephone","United States including Washington, D.C. and Puerto Rico","D-0178-2022","Class II","TESTOSTERONE CYPIONATE 200MG/ANASTROZOLE 1MG/ML IN OIL  INJECTABLE, Rx only, Talon Compounding Pharmacy, 2950 Thousand Oaks Drive Ste 25, San Antonio, Texas 78247                                                                                      ","334 vials","Lack of assurance of sterility","10/12/2021","11/08/2021","10/04/2023","11/17/2021","Lot: T1006042021:60 BUD: 12/01/2021; T1008302021:63 BUD: 02/26/2022; T1005122021:36 BUD: 11/08/2021; T1007142021:23 BUD: 01/10/2022; T1008192021:94 BUD: 02/15/2022; 04202021:80 BUD: 10/17/2021; T1007012021:31 BUD: 12/28/2021; T1009092021:97 BUD: 03/08/2022; T1004092021:79 BUD: 10/06/2021; T1005242021:08 BUD: 11/20/2021; T1008092021:82 BUD: 02/05/2022; T1005042021:92 BUD: 10/31/2021; T1007262021:03 BUD: 01/22/2022; T1006172021:47 BUD: 12/14/2021"
"Drugs","No","","88862","Terminated","Vita Pharmacy, LLC dba Talon Compounding Pharmacy","2950 Thousand Oaks Dr Ste 25","N/A","San Antonio","TX","	78247-3347","United States","Voluntary: Firm initiated","Telephone","United States including Washington, D.C. and Puerto Rico","D-0179-2022","Class II","TESTOSTERONE CYPIONATE 200MG/ML INJ #1 IN ETHYL OLEATE INJECTABLE, Rx only, Talon Compounding Pharmacy, 2950 Thousand Oaks Drive Ste 25, San Antonio, Texas 78247                                                                                        ","1229 vials","Lack of assurance of sterility","10/12/2021","11/08/2021","10/04/2023","11/17/2021","Lot: T1007302021:72 BUD: 01/26/2022; T1005182021:09 BUD: 11/15/2021; T1008112021:73 BUD: 02/07/2022; T1004092021:40 BUD: 10/09/2021; T1006182021:37 BUD: 12/15/2021; T1005242021:71 BUD: 11/20/2021; T1006072021:06 BUD: 12/04/2021; T0606222021:35 BUD: 12/19/2021; T0605112021:23 BUD:11/07/2021 ; T0608162021:19 BUD: 02/12/2022; T1009132021:25 BUD:  03/12/2022; T1004272021:41 BUD: 10/24/2021; T0604152021:26 BUD: 10/12/2021; T1006302021:53 BUD: 12/27/2021; T1008022021:01 BUD: 01/29/2022; T1008302021:73 BUD: 02/26/2022; T1008052021:84 BUD: 02/01/2022; T1007152021:72 BUD: 01/11/2022; T1005112021:54 BUD: 11/07/2021; T1008042021:66 BUD: 01/31/2022; T1007062021:95 BUD: 01/02/2022; T1008302021:73 BUD: 02/26/2022; T1008052021:84 BUD: 02/01/2022; T1007152021:72 BUD: 01/11/2022; T1005112021:54 BUD: 11/07/2021; T1006142021:21 BUD: 12/11/2021; T1008042021:66 BUD: 01/31/2022; T1005102021:94 BUD: 11/06/2021; T1007282021:89 BUD: 01/24/2022; T1009222021:75 BUD: 03/21/2022; T1005052021:79 BUD: 11/01/2021; T1008192021:65 BUD: 02/15/2022; T1007132021:14 BUD: 01/09/2022; T1008162021:35 BUD: 02/12/2022; T0607282021:28 BUD: 01/24/2022; T1006022021:06 BUD: 11/29/2021; T1006222021:31 BUD: 12/19/2021; T1004292021:70 BUD: 10/26/2021; T1007212021:82 BUD: 01/17/2022; T1006282021:88 BUD: 12/25/2021; T1004222021:18 BUD: 10/19/2021; T1009082021:11 BUD: 03/07/2022; T1007082021:50 BUD: 01/04/2022; T1009212021:76 BUD: 03/20/2022; T1008312021:01 BUD: 02/27/2022; T0507062021:21 BUD: 01/02/2022; T1004152021:11 BUD: 10/12/2021; T1004192021:50 BUD: 10/16/2021; T1005132021:31 BUD: 11/09/2021; T1008252021:57 BUD: 02/21/2022; T1009152021:06 BUD: 03/14/2022; T1007232021:57 BUD: 01/19/2022; T1006162021:17 BUD: 12/13/2021; T1007122021:16 BUD: 01/08/2022; T1006102021:50 BUD: 12/07/2021; T1005282021:72 BUD: 11/24/2021; T0209082021:89 BUD: 03/08/2022; T0106092021:28 BUD: 11/07/2021; T0205112021:63 BUD: 11/07/2021; T0604152021:26 BUD: 10/12/2021; T0106092021:53 BUD: 11/07/2021; T0205112021:63 BUD: 11/07/2021; T0209092021:89 BUD: 03/08/2022; T0109032021:43 BUD: 11/07/2021"
"Drugs","No","","88873","Terminated","SUN PHARMACEUTICAL INDUSTRIES INC","2 Independence Way","N/A","Princeton","NJ","	08540-6620","United States","Voluntary: Firm initiated","Letter","Distributed to one distributor who may have further distribute the product nationwide.","D-0230-2022","Class II","Tadalafil Tablets, USP 5 mg, 30 count bottle, Rx Only, Manufactured for: Northstar Rx LLC Memphis, TN 38141, Manufactured by: Sun Pharmaceutical Industries Limited, India, NDC # 16714-075-01    ","73,957 30-count bottles","Incorrect Product Formulation: An incorrect grade of Crospovidone was used to manufacture the product.","10/25/2021","11/12/2021","09/01/2022","11/17/2021","Lot # DNC1127A, exp. date 05/2023"
"Drugs","No","","88862","Terminated","Vita Pharmacy, LLC dba Talon Compounding Pharmacy","2950 Thousand Oaks Dr Ste 25","N/A","San Antonio","TX","	78247-3347","United States","Voluntary: Firm initiated","Telephone","United States including Washington, D.C. and Puerto Rico","D-0180-2022","Class II","TESTOSTERONE CYPIONATE 200MG/ML INJ #2 IN SESAME OIL INJECTABLE, Rx only, Talon Compounding Pharmacy, 2950 Thousand Oaks Drive Ste 25, San Antonio, Texas 78247                                                                                          ","43 vials","Lack of assurance of sterility","10/12/2021","11/08/2021","10/04/2023","11/17/2021","Lot: T1007082021:20 BUD: 01/04/2022; T0907262021:21 BUD: 01/04/2022; T0506142021:81 BUD: 12/11/2021; T104142021:49 BUD: 10/11/2021; T1006022021:96 BUD: 11/29/2021; T0507152021:79 BUD: 01/11/2022; T1009082021:42 BUD: 03/07/2022; T0508172021:37 BUD: 02/13/2022; T0505112021:57 BUD: 10/11/2021"
"Drugs","No","","88862","Terminated","Vita Pharmacy, LLC dba Talon Compounding Pharmacy","2950 Thousand Oaks Dr Ste 25","N/A","San Antonio","TX","	78247-3347","United States","Voluntary: Firm initiated","Telephone","United States including Washington, D.C. and Puerto Rico","D-0181-2022","Class II","TESTOSTERONE CYPIONATE 20MG/ML INJ #1 IN ETHYL OLEATE INJECTABLE, Rx only, Talon Compounding Pharmacy, 2950 Thousand Oaks Drive Ste 25, San Antonio, Texas 78247                                                                                            ","7 vials","Lack of assurance of sterility","10/12/2021","11/08/2021","10/04/2023","11/17/2021","Lot: T0507152021:64 BUD: 01/11/2022; T0507232021:35 BUD: 01/19/2022; T0507292021:15 BUD: 01/25/2022"
"Drugs","No","","88862","Terminated","Vita Pharmacy, LLC dba Talon Compounding Pharmacy","2950 Thousand Oaks Dr Ste 25","N/A","San Antonio","TX","	78247-3347","United States","Voluntary: Firm initiated","Telephone","United States including Washington, D.C. and Puerto Rico","D-0182-2022","Class II","TESTOSTERONE CYPIONATE 25MG/ML INJ #1 IN ETHYL OLEATE INJECTABLE, Rx only, Talon Compounding Pharmacy, 2950 Thousand Oaks Drive Ste 25, San Antonio, Texas 78247                                                                                              ","16 vials","Lack of assurance of sterility","10/12/2021","11/08/2021","10/04/2023","11/17/2021","Lot: T0508192021:06 BUD: 02/15/2022; T0507022021:91 BUD: 12/29/2021; T0507192021:13 BUD: 01/15/2022; T0504262021:71 BUD: 10/23/2021; T0509172021:03 BUD: 03/16/2022"
"Drugs","No","","88862","Terminated","Vita Pharmacy, LLC dba Talon Compounding Pharmacy","2950 Thousand Oaks Dr Ste 25","N/A","San Antonio","TX","	78247-3347","United States","Voluntary: Firm initiated","Telephone","United States including Washington, D.C. and Puerto Rico","D-0183-2022","Class II","TESTOSTERONE CYPIONATE 30MG/ML #1  IN ETHYL OLEATE INJECTABLE, Rx only, Talon Compounding Pharmacy, 2950 Thousand Oaks Drive Ste 25, San Antonio, Texas 78247                                                                                                ","1 vial","Lack of assurance of sterility","10/12/2021","11/08/2021","10/04/2023","11/17/2021","Lot: T0504202021:26 BUD: 10/17/2021"
"Drugs","No","","88862","Terminated","Vita Pharmacy, LLC dba Talon Compounding Pharmacy","2950 Thousand Oaks Dr Ste 25","N/A","San Antonio","TX","	78247-3347","United States","Voluntary: Firm initiated","Telephone","United States including Washington, D.C. and Puerto Rico","D-0184-2022","Class II","TESTOSTERONE CYPIONATE 50MG/ML INJ #1 IN ETHYL OLEATE INJECTABLE, Rx only, Talon Compounding Pharmacy, 2950 Thousand Oaks Drive Ste 25, San Antonio, Texas 78247                                                                                                  ","40 vials","Lack of assurance of sterility","10/12/2021","11/08/2021","10/04/2023","11/17/2021","Lot: T0207282021:32 BUD: 11/20/2021; T0508162021:62 BUD: 02/12/2022; T0505242021:00 BUD: 11/20/2021; T0207232021:23 BUD: 11/20/2021"
"Drugs","No","","88862","Terminated","Vita Pharmacy, LLC dba Talon Compounding Pharmacy","2950 Thousand Oaks Dr Ste 25","N/A","San Antonio","TX","	78247-3347","United States","Voluntary: Firm initiated","Telephone","United States including Washington, D.C. and Puerto Rico","D-0185-2022","Class II","TRI-MIX PAPAV 23.3MG/PHENTOL 1MG/PGE-1 12MCG/ML INJ   INJECTABLE, Rx only, Talon Compounding Pharmacy, 2950 Thousand Oaks Drive Ste 25, San Antonio, Texas 78247                                                                                                    ","2 vials","Lack of assurance of sterility","10/12/2021","11/08/2021","10/04/2023","11/17/2021","Lot: 07092021:15 BUD: 10/23/2021; 08182021:65 BUD: 02/08/2022"
"Drugs","No","","88862","Terminated","Vita Pharmacy, LLC dba Talon Compounding Pharmacy","2950 Thousand Oaks Dr Ste 25","N/A","San Antonio","TX","	78247-3347","United States","Voluntary: Firm initiated","Telephone","United States including Washington, D.C. and Puerto Rico","D-0186-2022","Class II","TRI-MIX PAPAVERINE 15/PHENTOLAMINE 0.25/PGE-1 6 INJ   INJECTABLE, Rx only, Talon Compounding Pharmacy, 2950 Thousand Oaks Drive Ste 25, San Antonio, Texas 78247                                                                                                      ","24 vials","Lack of assurance of sterility","10/12/2021","11/08/2021","10/04/2023","11/17/2021","Lot:08192021:49 BUD: 02/08/2022; 08102021:33 BUD: 11/30/2021; 06302021:75 BUD: 10/23/2021; 09032021:05 BUD: 02/08/2022"
"Drugs","No","","88862","Terminated","Vita Pharmacy, LLC dba Talon Compounding Pharmacy","2950 Thousand Oaks Dr Ste 25","N/A","San Antonio","TX","	78247-3347","United States","Voluntary: Firm initiated","Telephone","United States including Washington, D.C. and Puerto Rico","D-0187-2022","Class II","TRI-MIX PAPAVERINE 15/PHENTOLAMINE 0.5/PGE-1 5 INJ   INJECTABLE, Rx only, Talon Compounding Pharmacy, 2950 Thousand Oaks Drive Ste 25, San Antonio, Texas 78247                                                                                                        ","2 vials","Lack of assurance of sterility","10/12/2021","11/08/2021","10/04/2023","11/17/2021","Lot: 07292021:21 BUD: 11/30/2021"
"Drugs","No","","88862","Terminated","Vita Pharmacy, LLC dba Talon Compounding Pharmacy","2950 Thousand Oaks Dr Ste 25","N/A","San Antonio","TX","	78247-3347","United States","Voluntary: Firm initiated","Telephone","United States including Washington, D.C. and Puerto Rico","D-0188-2022","Class II","TRI-MIX PAPAVERINE 15/PHENTOLAMINE 1/PGE-1 10 INJ   INJECTABLE, Rx only, Talon Compounding Pharmacy, 2950 Thousand Oaks Drive Ste 25, San Antonio, Texas 78247                                                                                                          ","1 vial","Lack of assurance of sterility","10/12/2021","11/08/2021","10/04/2023","11/17/2021","Lot: 09082021:40 BUD: 02/08/2022"
"Drugs","No","","88862","Terminated","Vita Pharmacy, LLC dba Talon Compounding Pharmacy","2950 Thousand Oaks Dr Ste 25","N/A","San Antonio","TX","	78247-3347","United States","Voluntary: Firm initiated","Telephone","United States including Washington, D.C. and Puerto Rico","D-0189-2022","Class II","TRI-MIX PAPAVERINE 15/PHENTOLAMINE 2/PGE-1 20 INJ   INJECTABLE, Rx only, Talon Compounding Pharmacy, 2950 Thousand Oaks Drive Ste 25, San Antonio, Texas 78247                                                                                                            ","1 vial","Lack of assurance of sterility","10/12/2021","11/08/2021","10/04/2023","11/17/2021","Lot: 09132021:55 BUD: 02/08/2022"
"Drugs","No","","88862","Terminated","Vita Pharmacy, LLC dba Talon Compounding Pharmacy","2950 Thousand Oaks Dr Ste 25","N/A","San Antonio","TX","	78247-3347","United States","Voluntary: Firm initiated","Telephone","United States including Washington, D.C. and Puerto Rico","D-0190-2022","Class II","TRI-MIX PAPAVERINE 17.65/PHENTOLAMINE 0.59/PGE-1 5.9 INJ **T 101**  INJECTABLE, Rx only, Talon Compounding Pharmacy, 2950 Thousand Oaks Drive Ste 25, San Antonio, Texas 78247                                                                                                              ","1 vial","Lack of assurance of sterility","10/12/2021","11/08/2021","10/04/2023","11/17/2021","Lot: 07262021:32 BUD: 11/30/2021"
"Drugs","No","","88862","Terminated","Vita Pharmacy, LLC dba Talon Compounding Pharmacy","2950 Thousand Oaks Dr Ste 25","N/A","San Antonio","TX","	78247-3347","United States","Voluntary: Firm initiated","Telephone","United States including Washington, D.C. and Puerto Rico","D-0191-2022","Class II","TRI-MIX PAPAVERINE 18/PHENTOL 0.6/PGE-1 5.88/ML INJ   INJECTABLE, Rx only, Talon Compounding Pharmacy, 2950 Thousand Oaks Drive Ste 25, San Antonio, Texas 78247                                                                                                                ","2 vials","Lack of assurance of sterility","10/12/2021","11/08/2021","10/04/2023","11/17/2021","Lot: 08062021:45 BUD: 11/30/2021; 07132021:75 BUD: 10/23/2021"
"Drugs","No","","88862","Terminated","Vita Pharmacy, LLC dba Talon Compounding Pharmacy","2950 Thousand Oaks Dr Ste 25","N/A","San Antonio","TX","	78247-3347","United States","Voluntary: Firm initiated","Telephone","United States including Washington, D.C. and Puerto Rico","D-0192-2022","Class II","TRI-MIX PAPAVERINE 18/PHENTOL 0.6/PGE-1 6/ML INJ   INJECTABLE, Rx only, Talon Compounding Pharmacy, 2950 Thousand Oaks Drive Ste 25, San Antonio, Texas 78247                                                                                                                  ","1 vial","Lack of assurance of sterility","10/12/2021","11/08/2021","10/04/2023","11/17/2021","Lot: 08062021:09 BUD: 11/30/2021"
"Drugs","No","","88862","Terminated","Vita Pharmacy, LLC dba Talon Compounding Pharmacy","2950 Thousand Oaks Dr Ste 25","N/A","San Antonio","TX","	78247-3347","United States","Voluntary: Firm initiated","Telephone","United States including Washington, D.C. and Puerto Rico","D-0193-2022","Class II","TRI-MIX PAPAVERINE 20/PHENTOLAMINE 1/PGE-1 20 INJ   INJECTABLE, Rx only, Talon Compounding Pharmacy, 2950 Thousand Oaks Drive Ste 25, San Antonio, Texas 78247                                                                                                                    ","1 vial","Lack of assurance of sterility","10/12/2021","11/08/2021","10/04/2023","11/17/2021","Lot: 07282021:66 BUD: 11/30/2021"
"Drugs","No","","88862","Terminated","Vita Pharmacy, LLC dba Talon Compounding Pharmacy","2950 Thousand Oaks Dr Ste 25","N/A","San Antonio","TX","	78247-3347","United States","Voluntary: Firm initiated","Telephone","United States including Washington, D.C. and Puerto Rico","D-0194-2022","Class II","TRI-MIX PAPAVERINE 23.3/PHENTOLAMINE 1/PGE-1 12 INJ   INJECTABLE, Rx only, Talon Compounding Pharmacy, 2950 Thousand Oaks Drive Ste 25, San Antonio, Texas 78247                                                                                                                      ","1 vial","Lack of assurance of sterility","10/12/2021","11/08/2021","10/04/2023","11/17/2021","Lot: 08102021:71 BUD: 11/30/2021"
"Drugs","No","","88862","Terminated","Vita Pharmacy, LLC dba Talon Compounding Pharmacy","2950 Thousand Oaks Dr Ste 25","N/A","San Antonio","TX","	78247-3347","United States","Voluntary: Firm initiated","Telephone","United States including Washington, D.C. and Puerto Rico","D-0195-2022","Class II","TRI-MIX PAPAVERINE 25/PHENTOLAMINE 3/PGE-1 80 INJ   INJECTABLE, Rx only, Talon Compounding Pharmacy, 2950 Thousand Oaks Drive Ste 25, San Antonio, Texas 78247                                                                                                                        ","1 vial","Lack of assurance of sterility","10/12/2021","11/08/2021","10/04/2023","11/17/2021","Lot: 08042021:05 BUD: 11/30/2021"
"Drugs","No","","88862","Terminated","Vita Pharmacy, LLC dba Talon Compounding Pharmacy","2950 Thousand Oaks Dr Ste 25","N/A","San Antonio","TX","	78247-3347","United States","Voluntary: Firm initiated","Telephone","United States including Washington, D.C. and Puerto Rico","D-0196-2022","Class II","TRI-MIX PAPAVERINE 25MG/PHENTOLAMINE 1MG/PGE1 25MCG/ML INJ   INJECTABLE, Rx only, Talon Compounding Pharmacy, 2950 Thousand Oaks Drive Ste 25, San Antonio, Texas 78247                                                                                                                          ","1 vial","Lack of assurance of sterility","10/12/2021","11/08/2021","10/04/2023","11/17/2021","Lot: 08312021:13 BUD: 02/08/2022"
"Drugs","No","","88862","Terminated","Vita Pharmacy, LLC dba Talon Compounding Pharmacy","2950 Thousand Oaks Dr Ste 25","N/A","San Antonio","TX","	78247-3347","United States","Voluntary: Firm initiated","Telephone","United States including Washington, D.C. and Puerto Rico","D-0197-2022","Class II","TRI-MIX PAPAVERINE 26/PHENTOLAMINE 3/PGE-1 60/ML INJ   INJECTABLE, Rx only, Talon Compounding Pharmacy, 2950 Thousand Oaks Drive Ste 25, San Antonio, Texas 78247                                                                                                                            ","1 vial","Lack of assurance of sterility","10/12/2021","11/08/2021","10/04/2023","11/17/2021","Lot: 08192021:32 BUD: 02/15/2022"
"Drugs","No","","88862","Terminated","Vita Pharmacy, LLC dba Talon Compounding Pharmacy","2950 Thousand Oaks Dr Ste 25","N/A","San Antonio","TX","	78247-3347","United States","Voluntary: Firm initiated","Telephone","United States including Washington, D.C. and Puerto Rico","D-0198-2022","Class II","TRI-MIX PAPAVERINE 30/PHENTOLAMINE 0.25/PGE-1 6 INJ  INJECTABLE, Rx only, Talon Compounding Pharmacy, 2950 Thousand Oaks Drive Ste 25, San Antonio, Texas 78247                                                                                                                              ","1 vial","Lack of assurance of sterility","10/12/2021","11/08/2021","10/04/2023","11/17/2021","Lot: 06162021:93 BUD: 10/23/2021"
"Drugs","No","","88862","Terminated","Vita Pharmacy, LLC dba Talon Compounding Pharmacy","2950 Thousand Oaks Dr Ste 25","N/A","San Antonio","TX","	78247-3347","United States","Voluntary: Firm initiated","Telephone","United States including Washington, D.C. and Puerto Rico","D-0199-2022","Class II","TRI-MIX PAPAVERINE 30/PHENTOLAMINE 0.5/PGE-1 10 INJ  INJECTABLE, Rx only, Talon Compounding Pharmacy, 2950 Thousand Oaks Drive Ste 25, San Antonio, Texas 78247                                                                                                                                ","4 vials","Lack of assurance of sterility","10/12/2021","11/08/2021","10/04/2023","11/17/2021","Lot: 06252021:39 BUD: 10/23/2021; 08132021:31 BUD: 02/08/2022"
"Drugs","No","","88862","Terminated","Vita Pharmacy, LLC dba Talon Compounding Pharmacy","2950 Thousand Oaks Dr Ste 25","N/A","San Antonio","TX","	78247-3347","United States","Voluntary: Firm initiated","Telephone","United States including Washington, D.C. and Puerto Rico","D-0200-2022","Class II","TRI-MIX PAPAVERINE 30/PHENTOLAMINE 0.5/PGE-1 20 INJ  INJECTABLE, Rx only, Talon Compounding Pharmacy, 2950 Thousand Oaks Drive Ste 25, San Antonio, Texas 78247                                                                                                                                  ","5 vials","Lack of assurance of sterility","10/12/2021","11/08/2021","10/04/2023","11/17/2021","Lot: 07142021:10 BUD: 10/23/2021; 08162021:23 BUD: 02/08/2022"
"Drugs","No","","88862","Terminated","Vita Pharmacy, LLC dba Talon Compounding Pharmacy","2950 Thousand Oaks Dr Ste 25","N/A","San Antonio","TX","	78247-3347","United States","Voluntary: Firm initiated","Telephone","United States including Washington, D.C. and Puerto Rico","D-0201-2022","Class II","TRI-MIX PAPAVERINE 30/PHENTOLAMINE 0.5/PGE-1 30 INJ  INJECTABLE, Rx only, Talon Compounding Pharmacy, 2950 Thousand Oaks Drive Ste 25, San Antonio, Texas 78247                                                                                                                                    ","1 vial","Lack of assurance of sterility","10/12/2021","11/08/2021","10/04/2023","11/17/2021","Lot: 06252021:22 BUD: 10/23/2021"
"Drugs","No","","88862","Terminated","Vita Pharmacy, LLC dba Talon Compounding Pharmacy","2950 Thousand Oaks Dr Ste 25","N/A","San Antonio","TX","	78247-3347","United States","Voluntary: Firm initiated","Telephone","United States including Washington, D.C. and Puerto Rico","D-0202-2022","Class II","TRI-MIX PAPAVERINE 30/PHENTOLAMINE 0.5/PGE-1 40 /ML  INJECTABLE, Rx only, Talon Compounding Pharmacy, 2950 Thousand Oaks Drive Ste 25, San Antonio, Texas 78247                                                                                                                                      ","1 vial","Lack of assurance of sterility","10/12/2021","11/08/2021","10/04/2023","11/17/2021","Lot: 08092021:52 BUD: 11/30/2021"
"Drugs","No","","88862","Terminated","Vita Pharmacy, LLC dba Talon Compounding Pharmacy","2950 Thousand Oaks Dr Ste 25","N/A","San Antonio","TX","	78247-3347","United States","Voluntary: Firm initiated","Telephone","United States including Washington, D.C. and Puerto Rico","D-0203-2022","Class II","TRI-MIX PAPAVERINE 30/PHENTOLAMINE 1.5/PGE-1 50 INJ **ST 1**  INJECTABLE, Rx only, Talon Compounding Pharmacy, 2950 Thousand Oaks Drive Ste 25, San Antonio, Texas 78247                                                                                                                                        ","3 vials","Lack of assurance of sterility","10/12/2021","11/08/2021","10/04/2023","11/17/2021","Lot: 07162021:14 BUD: 11/30/2021; 09142021:63 BUD: 02/08/2022"
"Drugs","No","","88862","Terminated","Vita Pharmacy, LLC dba Talon Compounding Pharmacy","2950 Thousand Oaks Dr Ste 25","N/A","San Antonio","TX","	78247-3347","United States","Voluntary: Firm initiated","Telephone","United States including Washington, D.C. and Puerto Rico","D-0204-2022","Class II","TRI-MIX PAPAVERINE 30/PHENTOLAMINE 1/PGE-1 12 INJ   INJECTABLE, Rx only, Talon Compounding Pharmacy, 2950 Thousand Oaks Drive Ste 25, San Antonio, Texas 78247                                                                                                                                          ","13 vials","Lack of assurance of sterility","10/12/2021","11/08/2021","10/04/2023","11/17/2021","Lot: 07092021:34 BUD: 10/23/2021; 08302021:33 BUD: 02/08/2022; 08162021:08 BUD: 02/08/2022; 08262021:31 BUD: 02/08/2022; 09152021:63 BUD: 02/08/2022"
"Drugs","No","","88862","Terminated","Vita Pharmacy, LLC dba Talon Compounding Pharmacy","2950 Thousand Oaks Dr Ste 25","N/A","San Antonio","TX","	78247-3347","United States","Voluntary: Firm initiated","Telephone","United States including Washington, D.C. and Puerto Rico","D-0205-2022","Class II","TRI-MIX PAPAVERINE 30/PHENTOLAMINE 1/PGE-1 2.5 INJ   INJECTABLE, Rx only, Talon Compounding Pharmacy, 2950 Thousand Oaks Drive Ste 25, San Antonio, Texas 78247                                                                                                                                            ","30 vials","Lack of assurance of sterility","10/12/2021","11/08/2021","10/04/2023","11/17/2021","Lot: 07222021:11 BUD: 11/30/2021; 08172021:72 BUD: 02/08/2022; 06282021:84 BUD: 10/23/2021; 07132021:93 BUD: 10/23/2021; 09102021:43 BUD: 02/08/2022"
"Drugs","No","","88862","Terminated","Vita Pharmacy, LLC dba Talon Compounding Pharmacy","2950 Thousand Oaks Dr Ste 25","N/A","San Antonio","TX","	78247-3347","United States","Voluntary: Firm initiated","Telephone","United States including Washington, D.C. and Puerto Rico","D-0206-2022","Class II","TRI-MIX PAPAVERINE 30/PHENTOLAMINE 1/PGE-1 20 INJ   INJECTABLE, Rx only, Talon Compounding Pharmacy, 2950 Thousand Oaks Drive Ste 25, San Antonio, Texas 78247                                                                                                                                              ","22 vials","Lack of assurance of sterility","10/12/2021","11/08/2021","10/04/2023","11/17/2021","Lot: 07142021:91 BUD: 10/23/2021; 08122021:46 BUD: 02/08/2022; 07092021:88 BUD: 10/23/2021; 08022021:45 BUD: 11/30/2021; 09082021:46 BUD: 02/08/2022"
"Drugs","No","","88862","Terminated","Vita Pharmacy, LLC dba Talon Compounding Pharmacy","2950 Thousand Oaks Dr Ste 25","N/A","San Antonio","TX","	78247-3347","United States","Voluntary: Firm initiated","Telephone","United States including Washington, D.C. and Puerto Rico","D-0207-2022","Class II","TRI-MIX PAPAVERINE 30/PHENTOLAMINE 1/PGE-1 25 INJ**T 106**  INJECTABLE, Rx only, Talon Compounding Pharmacy, 2950 Thousand Oaks Drive Ste 25, San Antonio, Texas 78247                                                                                                                                                ","1 vial","Lack of assurance of sterility","10/12/2021","11/08/2021","10/04/2023","11/17/2021","Lot: 07232021:18 BUD: 11/30/2021"
"Drugs","No","","88862","Terminated","Vita Pharmacy, LLC dba Talon Compounding Pharmacy","2950 Thousand Oaks Dr Ste 25","N/A","San Antonio","TX","	78247-3347","United States","Voluntary: Firm initiated","Telephone","United States including Washington, D.C. and Puerto Rico","D-0208-2022","Class II","TRI-MIX PAPAVERINE 30/PHENTOLAMINE 1/PGE-1 30 INJ   INJECTABLE, Rx only, Talon Compounding Pharmacy, 2950 Thousand Oaks Drive Ste 25, San Antonio, Texas 78247                                                                                                                                                  ","5 vials","Lack of assurance of sterility","10/12/2021","11/08/2021","10/04/2023","11/17/2021","Lot: 06252021:69 BUD: 10/23/2021; 08272021:62 BUD: 02/08/2022"
"Drugs","No","","88862","Terminated","Vita Pharmacy, LLC dba Talon Compounding Pharmacy","2950 Thousand Oaks Dr Ste 25","N/A","San Antonio","TX","	78247-3347","United States","Voluntary: Firm initiated","Telephone","United States including Washington, D.C. and Puerto Rico","D-0209-2022","Class II","TRI-MIX PAPAVERINE 30/PHENTOLAMINE 1/PGE-1 40 INJ   INJECTABLE, Rx only, Talon Compounding Pharmacy, 2950 Thousand Oaks Drive Ste 25, San Antonio, Texas 78247                                                                                                                                                    ","4 vials","Lack of assurance of sterility","10/12/2021","11/08/2021","10/04/2023","11/17/2021","Lot: 07272021:15 BUD: 11/30/2021; 07122021:11 BUD: 10/23/2021"
"Drugs","No","","88862","Terminated","Vita Pharmacy, LLC dba Talon Compounding Pharmacy","2950 Thousand Oaks Dr Ste 25","N/A","San Antonio","TX","	78247-3347","United States","Voluntary: Firm initiated","Telephone","United States including Washington, D.C. and Puerto Rico","D-0210-2022","Class II","TRI-MIX PAPAVERINE 30/PHENTOLAMINE 1/PGE-1 5 INJ   INJECTABLE, Rx only, Talon Compounding Pharmacy, 2950 Thousand Oaks Drive Ste 25, San Antonio, Texas 78247                                                                                                                                                      ","2 vials","Lack of assurance of sterility","10/12/2021","11/08/2021","10/04/2023","11/17/2021","Lot: 08042021:56 BUD: 11/30/2021"
"Drugs","No","","88862","Terminated","Vita Pharmacy, LLC dba Talon Compounding Pharmacy","2950 Thousand Oaks Dr Ste 25","N/A","San Antonio","TX","	78247-3347","United States","Voluntary: Firm initiated","Telephone","United States including Washington, D.C. and Puerto Rico","D-0211-2022","Class II","TRI-MIX PAPAVERINE 30/PHENTOLAMINE 2/PGE-1 20 INJ **T 104**  INJECTABLE, Rx only, Talon Compounding Pharmacy, 2950 Thousand Oaks Drive Ste 25, San Antonio, Texas 78247                                                                                                                                                        ","22 vials","Lack of assurance of sterility","10/12/2021","11/08/2021","10/04/2023","11/17/2021","Lot: 07192021:23 BUD: 01/15/2022; 08032021:21 BUD: 01/30/2022; 04282021:39 BUD: 10/23/2022; 06102021:69 BUD: 10/23/2021"
"Drugs","No","","88862","Terminated","Vita Pharmacy, LLC dba Talon Compounding Pharmacy","2950 Thousand Oaks Dr Ste 25","N/A","San Antonio","TX","	78247-3347","United States","Voluntary: Firm initiated","Telephone","United States including Washington, D.C. and Puerto Rico","D-0212-2022","Class II","TRI-MIX PAPAVERINE 30/PHENTOLAMINE 2/PGE-1 30 INJ   INJECTABLE, Rx only, Talon Compounding Pharmacy, 2950 Thousand Oaks Drive Ste 25, San Antonio, Texas 78247                                                                                                                                                          ","7 vials","Lack of assurance of sterility","10/12/2021","11/08/2021","10/04/2023","11/17/2021","Lot: 06252021:81 BUD: 10/23/2021; 09102021:09 BUD: 02/08/2022"
"Drugs","No","","88862","Terminated","Vita Pharmacy, LLC dba Talon Compounding Pharmacy","2950 Thousand Oaks Dr Ste 25","N/A","San Antonio","TX","	78247-3347","United States","Voluntary: Firm initiated","Telephone","United States including Washington, D.C. and Puerto Rico","D-0213-2022","Class II","TRI-MIX PAPAVERINE 30/PHENTOLAMINE 2/PGE-1 40 INJ   INJECTABLE, Rx only, Talon Compounding Pharmacy, 2950 Thousand Oaks Drive Ste 25, San Antonio, Texas 78247                                                                                                                                                            ","8 vials","Lack of assurance of sterility","10/12/2021","11/08/2021","10/04/2023","11/17/2021","Lot: 06232021:01 BUD: 10/23/2021; 08132021:58 BUD: 02/08/2022"
"Drugs","No","","88862","Terminated","Vita Pharmacy, LLC dba Talon Compounding Pharmacy","2950 Thousand Oaks Dr Ste 25","N/A","San Antonio","TX","	78247-3347","United States","Voluntary: Firm initiated","Telephone","United States including Washington, D.C. and Puerto Rico","D-0214-2022","Class II","TRI-MIX PAPAVERINE 30/PHENTOLAMINE 2/PGE-1 50 INJ   INJECTABLE, Rx only, Talon Compounding Pharmacy, 2950 Thousand Oaks Drive Ste 25, San Antonio, Texas 78247                                                                                                                                                              ","4 vials","Lack of assurance of sterility","10/12/2021","11/08/2021","10/04/2023","11/17/2021","Lot: 07082021:16 BUD: 10/23/2021; 08172021:26 BUD: 02/08/2022"
"Drugs","No","","88862","Terminated","Vita Pharmacy, LLC dba Talon Compounding Pharmacy","2950 Thousand Oaks Dr Ste 25","N/A","San Antonio","TX","	78247-3347","United States","Voluntary: Firm initiated","Telephone","United States including Washington, D.C. and Puerto Rico","D-0215-2022","Class II","TRI-MIX PAPAVERINE 30/PHENTOLAMINE 2/PGE-1 60 INJ   INJECTABLE, Rx only, Talon Compounding Pharmacy, 2950 Thousand Oaks Drive Ste 25, San Antonio, Texas 78247                                                                                                                                                                ","1 vial","Lack of assurance of sterility","10/12/2021","11/08/2021","10/04/2023","11/17/2021","Lot: 07222021:30 BUD: 11/30/2021"
"Drugs","No","","88862","Terminated","Vita Pharmacy, LLC dba Talon Compounding Pharmacy","2950 Thousand Oaks Dr Ste 25","N/A","San Antonio","TX","	78247-3347","United States","Voluntary: Firm initiated","Telephone","United States including Washington, D.C. and Puerto Rico","D-0216-2022","Class II","TRI-MIX PAPAVERINE 30/PHENTOLAMINE 3/PGE-1 100 INJ   INJECTABLE, Rx only, Talon Compounding Pharmacy, 2950 Thousand Oaks Drive Ste 25, San Antonio, Texas 78247                                                                                                                                                                  ","1 vial","Lack of assurance of sterility","10/12/2021","11/08/2021","10/04/2023","11/17/2021","Lot: 06212021:35 BUD: 10/23/2021"
"Drugs","No","","88862","Terminated","Vita Pharmacy, LLC dba Talon Compounding Pharmacy","2950 Thousand Oaks Dr Ste 25","N/A","San Antonio","TX","	78247-3347","United States","Voluntary: Firm initiated","Telephone","United States including Washington, D.C. and Puerto Rico","D-0217-2022","Class II","TRI-MIX PAPAVERINE 30/PHENTOLAMINE 3/PGE-1 30 INJ   INJECTABLE, Rx only, Talon Compounding Pharmacy, 2950 Thousand Oaks Drive Ste 25, San Antonio, Texas 78247                                                                                                                                                                    ","3 vials","Lack of assurance of sterility","10/12/2021","11/08/2021","10/04/2023","11/17/2021","Lot: 06282021:57 BUD: 10/23/2021"
"Drugs","No","","88862","Terminated","Vita Pharmacy, LLC dba Talon Compounding Pharmacy","2950 Thousand Oaks Dr Ste 25","N/A","San Antonio","TX","	78247-3347","United States","Voluntary: Firm initiated","Telephone","United States including Washington, D.C. and Puerto Rico","D-0218-2022","Class II","TRI-MIX PAPAVERINE 30/PHENTOLAMINE 3/PGE-1 40 INJ   INJECTABLE, Rx only, Talon Compounding Pharmacy, 2950 Thousand Oaks Drive Ste 25, San Antonio, Texas 78247                                                                                                                                                                      ","2 vials","Lack of assurance of sterility","10/12/2021","11/08/2021","10/04/2023","11/17/2021","Lot: 05142021:17 BUD: 10/23/2021; 08062021:79 BUD: 02/02/2022"
"Drugs","No","","88862","Terminated","Vita Pharmacy, LLC dba Talon Compounding Pharmacy","2950 Thousand Oaks Dr Ste 25","N/A","San Antonio","TX","	78247-3347","United States","Voluntary: Firm initiated","Telephone","United States including Washington, D.C. and Puerto Rico","D-0219-2022","Class II","TRI-MIX PAPAVERINE 30/PHENTOLAMINE 3/PGE-1 40 INJ   INJECTABLE, Rx only, Talon Compounding Pharmacy, 2950 Thousand Oaks Drive Ste 25, San Antonio, Texas 78247                                                                                                                                                                        ","2 vials","Lack of assurance of sterility","10/12/2021","11/08/2021","10/04/2023","11/17/2021","Lot: 05142021:17 BUD: 10/23/2021; 08062021:79 BUD: 02/02/2022"
"Drugs","No","","88862","Terminated","Vita Pharmacy, LLC dba Talon Compounding Pharmacy","2950 Thousand Oaks Dr Ste 25","N/A","San Antonio","TX","	78247-3347","United States","Voluntary: Firm initiated","Telephone","United States including Washington, D.C. and Puerto Rico","D-0220-2022","Class II","TRI-MIX PAPAVERINE 30/PHENTOLAMINE 4/PGE-1 20 INJ   INJECTABLE, Rx only, Talon Compounding Pharmacy, 2950 Thousand Oaks Drive Ste 25, San Antonio, Texas 78247                                                                                                                                                                          ","13 vials","Lack of assurance of sterility","10/12/2021","11/08/2021","10/04/2023","11/17/2021","Lot: 06232021:24 BUD: 10/23/2021; 07192021:69 BUD: 01/15/2022; 09132021:87 BUD: 03/12/2022; 07282021:91 BUD: 01/24/2022; 04162021:06 BUD: 10/13/2021"
"Drugs","No","","88862","Terminated","Vita Pharmacy, LLC dba Talon Compounding Pharmacy","2950 Thousand Oaks Dr Ste 25","N/A","San Antonio","TX","	78247-3347","United States","Voluntary: Firm initiated","Telephone","United States including Washington, D.C. and Puerto Rico","D-0221-2022","Class II","TRI-MIX PAPAVERINE 30/PHENTOLAMINE 4/PGE-1 5 INJ   INJECTABLE, Rx only, Talon Compounding Pharmacy, 2950 Thousand Oaks Drive Ste 25, San Antonio, Texas 78247                                                                                                                                                                            ","1 vial","Lack of assurance of sterility","10/12/2021","11/08/2021","10/04/2023","11/17/2021","Lot: 05192021:49 BUD: 10/23/2021"
"Drugs","No","","88862","Terminated","Vita Pharmacy, LLC dba Talon Compounding Pharmacy","2950 Thousand Oaks Dr Ste 25","N/A","San Antonio","TX","	78247-3347","United States","Voluntary: Firm initiated","Telephone","United States including Washington, D.C. and Puerto Rico","D-0222-2022","Class II","TRI-MIX PAPAVERINE 30/PHENTOLAMINE 4/PGE-1 60 INJ   INJECTABLE, Rx only, Talon Compounding Pharmacy, 2950 Thousand Oaks Drive Ste 25, San Antonio, Texas 78247                                                                                                                                                                              ","3 vials","Lack of assurance of sterility","10/12/2021","11/08/2021","10/04/2023","11/17/2021","Lot: 07062021:22 BUD: 10/23/2021; 08262021:81 BUD: 02/22/2022"
"Drugs","No","","88862","Terminated","Vita Pharmacy, LLC dba Talon Compounding Pharmacy","2950 Thousand Oaks Dr Ste 25","N/A","San Antonio","TX","	78247-3347","United States","Voluntary: Firm initiated","Telephone","United States including Washington, D.C. and Puerto Rico","D-0223-2022","Class II","TRI-MIX PAPAVERINE 30/PHENTOLAMINE 4/PGE-1 7.5/ML INJ   INJECTABLE, Rx only, Talon Compounding Pharmacy, 2950 Thousand Oaks Drive Ste 25, San Antonio, Texas 78247                                                                                                                                                                                ","1 vial","Lack of assurance of sterility","10/12/2021","11/08/2021","10/04/2023","11/17/2021","Lot: 06012021:18 BUD: 10/23/2021"
"Drugs","No","","88862","Terminated","Vita Pharmacy, LLC dba Talon Compounding Pharmacy","2950 Thousand Oaks Dr Ste 25","N/A","San Antonio","TX","	78247-3347","United States","Voluntary: Firm initiated","Telephone","United States including Washington, D.C. and Puerto Rico","D-0224-2022","Class II","TRI-MIX PAPAVERINE 30/PHENTOLAMINE 6/PGE-1 60 INJ   INJECTABLE, Rx only, Talon Compounding Pharmacy, 2950 Thousand Oaks Drive Ste 25, San Antonio, Texas 78247                                                                                                                                                                              ","3 vials","Lack of assurance of sterility","10/12/2021","11/08/2021","10/04/2023","11/17/2021","Lot: 07142021:43 BUD: 10/23/2021"
"Drugs","No","","88862","Terminated","Vita Pharmacy, LLC dba Talon Compounding Pharmacy","2950 Thousand Oaks Dr Ste 25","N/A","San Antonio","TX","	78247-3347","United States","Voluntary: Firm initiated","Telephone","United States including Washington, D.C. and Puerto Rico","D-0225-2022","Class II","TRI-MIX PAPAVERINE 40/PHENTOLAMINE 2/PGE-1 10 INJ   INJECTABLE, Rx only, Talon Compounding Pharmacy, 2950 Thousand Oaks Drive Ste 25, San Antonio, Texas 78247                                                                                                                                                                                    ","1 vial","Lack of assurance of sterility","10/12/2021","11/08/2021","10/04/2023","11/17/2021","Lot: 04222021:98 BUD: 10/19/2021"
"Drugs","No","","88862","Terminated","Vita Pharmacy, LLC dba Talon Compounding Pharmacy","2950 Thousand Oaks Dr Ste 25","N/A","San Antonio","TX","	78247-3347","United States","Voluntary: Firm initiated","Telephone","United States including Washington, D.C. and Puerto Rico","D-0226-2022","Class II","TRI-MIX PAPAVERINE 40/PHENTOLAMINE 2/PGE-1 40 INJ   INJECTABLE, Rx only, Talon Compounding Pharmacy, 2950 Thousand Oaks Drive Ste 25, San Antonio, Texas 78247                                                                                                                                                                                      ","1 vial","Lack of assurance of sterility","10/12/2021","11/08/2021","10/04/2023","11/17/2021","Lot: 07192021:30 BUD: 01/15/2022"
"Drugs","No","12/14/2021","88884","Terminated","Teligent Pharma, Inc.","105 Lincoln Avenue","N/A","Buena","NJ","	08310","United States","Voluntary: Firm initiated","Letter","Nationwide within the United States","D-0258-2022","Class II","Diclofenac Sodium Topical Solution USP, 1.5 w/w, 5 fl oz (150 mL) plastic bottles, Rx only, Teligent Pharma, Inc., Buena, New Jersey, 08310, NDC 52565-002-05","2664 bottles","Defective Container","10/19/2021","11/23/2021","06/18/2024","12/01/2021","Lot #: 15188, Exp 2/2023"
"Drugs","No","11/02/2021","88885","Terminated","Lupin Pharmaceuticals Inc.","Harborplace Tower","111 S Calvert St Fl 21st","Baltimore","MD","	21202-6174","United States","Voluntary: Firm initiated","Letter","Nationwide in the USA and Puerto Rico","D-0091-2022","Class III","Gatifloxacin Ophthalmic Solution, 0.5%, 2.5 mL bottle, Rx only, Manufactured by: Lupin Limited, Pithampur (M.P.) 454 775, INDIA, NDC 68180-435-01. ","16,272 bottles","Failed Stability Specifications: Out-of-specification results observed in a water loss test that might affect the assay content and alter drug concentration.","10/20/2021","11/02/2021","08/23/2022","11/03/2021","Lot # H002512, exp. date March 2022"
"Drugs","No","","88910","Terminated","TOLMAR, Inc.","1201 Cornerstone Dr","N/A","Windsor","CO","	80550-5547","United States","Voluntary: Firm initiated","Letter","Nationwide within the United States","D-0282-2022","Class II","Clindamycin and Benzoyl Peroxide Gel, 1%/5% 25 g jars, Rx only, Mfg by TOLMAR Inc. Fort collins, CO 80526, NDC 0781-7263-68","N/A","Superpotent Drug","11/08/2021","12/14/2021","09/07/2022","12/22/2021","Lot #: 11557C1, Exp. Date: Feb 2022; 11552B1, Exp. Date Apr 2022; 12206A1, Exp. Date: Nov 2022"
"Drugs","No","12/14/2021","88884","Terminated","Teligent Pharma, Inc.","105 Lincoln Avenue","N/A","Buena","NJ","	08310","United States","Voluntary: Firm initiated","Letter","Nationwide within the United States","D-0259-2022","Class II","Diclofenac Sodium Topical Solution USP, 1.5 w/w, 5 fl oz (150 mL) plastic bottles, Rx only, Teligent Pharma, Inc., Buena, New Jersey, 08310, NDC 70512-025-05.","5400 units","Defective Container","10/19/2021","11/23/2021","06/18/2024","12/01/2021","Lot #: 15028, Exp 1/2023; 15379, Exp 3/2023."
"Drugs","No","","88891","Terminated","UNICHEM PHARMACEUTICALS USA INC","1 Tower Center Blvd Ste 2200","N/A","East Brunswick","NJ","	08816-1145","United States","Voluntary: Firm initiated","N/A","Nationwide within the United States","D-0255-2022","Class III","Topiramate Tablets, USP 50 mg, 500-count bottles, Rx Only, Manufactured by: Unichem Laboratories LTD, Ind. Area. Meerut Road, Ghaziabad -201 003, India.  Manufactured for: Unichem Pharmaceuticals (USA), Inc., East Brunswick, NJ 06815, NDC 29300-116-05.  ","1284 bottles","Discoloration","10/25/2021","11/19/2021","10/12/2022","12/01/2021","Lot #: ZTPM20044, Exp. Date 09/30/2022"
"Drugs","No","","88873","Terminated","SUN PHARMACEUTICAL INDUSTRIES INC","2 Independence Way","N/A","Princeton","NJ","	08540-6620","United States","Voluntary: Firm initiated","Letter","Distributed to one distributor who may have further distribute the product nationwide.","D-0231-2022","Class II","Tadalafil Tablets, USP 20 mg, 30 count bottle, Rx Only, Manufactured for: Northstar Rx LLC Memphis, TN 38141, Manufactured by: Sun Pharmaceutical Industries Limited, India, NDC # 16714-077-01 ","36,786 30-count bottles","Incorrect Product Formulation: An incorrect grade of Crospovidone was used to manufacture the product.","10/25/2021","11/12/2021","09/01/2022","11/17/2021","Lot # DNC0814A, DNC0815A, Exp. Date 04/2023"
"Drugs","No","","88936","Terminated","Teva Pharmaceuticals USA","400 Interpace Pkwy","N/A","Parsippany","NJ","	07054-1120","United States","Voluntary: Firm initiated","Letter","Distributed Nationwide in the USA","D-0232-2022","Class II","Cartia XT (Diltiazem Hydrochloride Extended-Release Capsules, USP) 120 mg, Rx Only, 90 capsules, labelled as (a) Manufactured By: Teva Pharmaceuticals USA, Inc., Parsippany, NJ 07054; (b) Manufactured By: Actavis Laboratories FL. Inc, Fort Lauderdale FL. 33314 USA, Distributed by Avista Pharma Inc. Parsippany, NJ 07054 USA. NDC 62037-597-90","32316 bottles","Labelling: Incorrect Exp. Date","10/27/2021","11/15/2021","12/21/2022","11/24/2021","Lot # 100023805, Exp. Date 05/2023"
"Drugs","No","","88938","Terminated","Teva Pharmaceuticals USA","400 Interpace Pkwy","N/A","Parsippany","NJ","	07054-1120","United States","Voluntary: Firm initiated","Letter","Nationwide and Puerto Rico","D-0235-2022","Class III","Clonidine Transdermal System, USP 0.1 mg/day, 4 patches per carton, Rx only, Manufactured by: Actavis Laboratories, UT Inc., Salt Lake City, UT, Distributed by: Actavis Pharma, Inc., Parsippany, NJ NDC 0591-3508-04","64,978 patches","Failed Impurities/Degradation Specifications","10/28/2021","11/16/2021","02/27/2023","11/24/2021","Lot# 1369117B, exp. date 11/2021"
"Drugs","No","","88872","Terminated","MACLEODS PHARMA USA, INC","103 College Rd E Fl 2","N/A","Princeton","NJ","	08540-6611","United States","Voluntary: Firm initiated","Letter","Nationwide within the United States","D-0080-2022","Class III","Rizatriptan Benzoate Orally Disintegrating Tablets 10mg, 18 Tablets (3 x 6 Unit-Dose Tablets) Blister Packs, Rx only, Manufactured for: Macleods Pharma USA Inc. Plainsboro, NJ 08536, Manufactured by: Macleods Pharmaceuticals Ltd. Baddi, Himachal Pradesh, INDIA, NDC 33342-094-41","643,800 Blister Packs /888,336 Tablets","Out-of-specification test results obtained in Organic Impurities test during analysis of controlled samples.","10/18/2021","10/28/2021","04/24/2024","11/03/2021","Lot #: BRM2111A, BRM2112A, BRM2113A, BRM2114A, BRM2115A, BRM2116A, exp. date 04/2025"
"Drugs","No","","88677","Terminated","Bayer Healthcare Pharmaceuticals Inc.","100 Bayer Blvd","N/A","Whippany","NJ","	07981-1544","United States","Voluntary: Firm initiated","Press Release","Distributed Nationwide in the US, Puerto Rico, Canada and Mexico through a variety of retail channels.","D-0254-2022","Class II","LOTRIMIN AF (Tolnaftate 1%) DAILY PREVENTION deodorant powder spray, NET WT 160g (5.6 OZ) can, UPC 0 41100 58720 6, NDC 11523-0010-2; Dist by: Bayer Healthcare LLC, Whippany, NJ 07981, Product of Finland, Packaged with LOTRIMIN ULTRA (butenafine hydrochloride 1%) cream, UPC 0 11017 40823 9, Dist by: Bayer Healthcare LLC, Whippany, NJ 07981, Product of Japan,  ECOM PK   UPC 00041100590756 NDC 11523-0010-2         ","579,456 units","cGMP Deviations: LOTRIMIN AF (Tolnaftate 1%) manufactured at the same facility where other lots were found to be contaminated with benzene.","10/01/2021","11/18/2021","06/26/2023","11/24/2021","Lot # NAA8997, EXP 01/31/2022; NAA8EK8, EXP 02/28/2022; NAA9E18, NAA9LFP, NAA9T53, NAA5RW, EXP 08/31/2022;"
"Drugs","No","","88976","Terminated","Precision Dose Inc.","722 Progressive Ln","N/A","South Beloit","IL","	61080-2616","United States","Voluntary: Firm initiated","Letter","Nationwide USA","D-0094-2022","Class II","Acetaminophen Oral Suspension, 160 mg/5 mL, packaged in 5 mL per cup (NDC Individual cup: 68094-231-59), in a) 30-count case (NDC 30-count case: 68094-231-62), and b) 100-count case (NDC 100-count case: 68094-231-61), Hospital Use Only, Pkg. Precision Dose, Inc., S. Beloit, IL 61080.","166,920 unit dose cups","cGMP Deviations: Product manufactured with contaminated raw ingredient.","11/01/2021","11/05/2021","07/14/2024","11/17/2021","Lot#: 503670"
"Drugs","No","","88976","Terminated","Precision Dose Inc.","722 Progressive Ln","N/A","South Beloit","IL","	61080-2616","United States","Voluntary: Firm initiated","Letter","Nationwide USA","D-0095-2022","Class II","Acetaminophen Oral Suspension, 325 mg/10.15 mL,  packaged in 10.15 mL per cup (NDC Individual cup: 68094-330-59), in a) 30-count case (NDC 30-count case: 68094-330-62), and b) 100-count case (NDC 100-count case:  68094-330-61), Hospital Use Only, Pkg. Precision Dose, Inc., S. Beloit, IL 61080.  ","151,100 unit dose cups","cGMP Deviations: Product manufactured with contaminated raw ingredient.","11/01/2021","11/05/2021","07/14/2024","11/17/2021","Lot#: 503679, 503693, 503715"
"Drugs","No","","88982","Terminated","Ascend Laboratories LLC","339 Jefferson Rd Ste 101","N/A","Parsippany","NJ","	07054-3707","United States","Voluntary: Firm initiated","Letter","Nationwide","D-0229-2022","Class II","Cefixime Capsules 400 mg, 50 capsules bottles, Rx Only, Manufactured by: Alken Laboratories Ltd., Mumbai - 400 013, India, Distributed by: Ascend Laboratories LLC, Parsippany, NJ, 07054  NDC 67877-584-50","4104 bottles","Failed Impurities/Degradation Specifications","11/03/2021","11/09/2021","12/21/2022","11/17/2021","Lot 20140282, exp Dec 2021"
"Drugs","No","","88997","Terminated","Amneal Pharmaceuticals of New York, LLC","50 Horseblock Rd","N/A","Brookhaven","NY","	11719-9509","United States","Voluntary: Firm initiated","Letter","Product was distributed nationwide within the United States","D-0233-2022","Class II","Flocinolone Acetonide 0.01% Topical Oil, Body Oil, Rx, packaged in 4 oz. bottle, Distributed by: Amneal Pharmaceuticals Bridgewater, NJ 08807, NDC 65162-704-86","7,766 bottles","Subpotent Drug: Out-of-specification assay result was obtained for Fluocinolone Acetonide.","11/04/2021","11/16/2021","06/09/2022","11/24/2021","Lot #: 07040001A, exp. date 02/2022"
"Drugs","No","","88997","Terminated","Amneal Pharmaceuticals of New York, LLC","50 Horseblock Rd","N/A","Brookhaven","NY","	11719-9509","United States","Voluntary: Firm initiated","Letter","Product was distributed nationwide within the United States","D-0234-2022","Class II","Flocinolone Acetonide 0.01% Topical Oil, Scalp Oil, Rx, packaged in 4 oz. bottle, Distributed by: Amneal Pharmaceuticals Bridgewater, NJ 08807, NDC 65162-703-86","15,88 bottles","Subpotent Drug: Out-of-specification assay result was obtained for Fluocinolone Acetonide.","11/04/2021","11/16/2021","06/09/2022","11/24/2021","Lot #: 07030002A, exp. date 02/2022"
"Drugs","No","","89011","Terminated","Apollo Care","3801 Mojave Ct Ste 101","N/A","Columbia","MO","	65202-4042","United States","Voluntary: Firm initiated","Letter","MO","D-0277-2022","Class II","VANComycin 1g added to 250mL of 0.9% Sodium Chloride (Injection for Intravenous Use Only), 260 mL per bag, Rx Only, This is a Compounded Drug, Hospital/Office Use Only, Apollo Care 3801 Mojave Ct, Suite 101, Columbia, MO 65202, NDC 71170-254-25","225 bags","Crystallization: Product appears to be turbid.","10/28/2021","12/08/2021","12/28/2022","12/15/2021","Lot #: AC-016402, Exp 2/12/2022"
"Drugs","No","","89036","Terminated","Medline Industries Inc","3 Lakes Dr","N/A","Northfield","IL","	60093-2753","United States","Voluntary: Firm initiated","Letter","Nationwide in the USA, Canada, Hong Kong, and Peru","D-0287-2022","Class II","Hand Sanitizer Foam (ethyl alcohol), 62% v/v, packaged in a) 1.5 Oz. cans, NDC 53329-970-12; b) 8 Oz. (227 g) cans, NDC 53329-970-08; and c) 16 Oz. (453 g) cans, NDC 53329-970-06;  Manufactured for: Medline Industries, Inc., Northfield, IL 60093.","470,555 bottles","Defective Container: Customer complaints for leaking bottles and dispensing issues.","11/08/2021","12/17/2021","08/28/2024","12/29/2021","Lot #: a) 32890, exp 04/2022; 33141, 33215, exp 10/2022; 33350, exp 12/2022; 33461, exp 03/2023; b) 32858, exp 02/2022; 32889, exp 03/2022; 32968, 32977, 32975, 32984, exp 06/2022; 33294, 33295, 33322, 33323, exp 12/2022; 33384, exp 01/2023; Lot 33620, exp 07/2023; c) 32728, exp 10/2021; 32859, 32889, exp 03/2022; 32985, 32988, 33004, exp 06/2022; 33339, exp 12/2022; 33501, exp 03/2023; 33502, exp 04/2023; 33621, 33622, exp 07/2023"
"Drugs","No","","88847","Ongoing","Bryant Ranch Prepack, Inc. dba BRP Pharmaceuticals","1919 N Victory Pl","N/A","Burbank","CA","	91504-3425","United States","Voluntary: Firm initiated","Letter","Nationwide in the USA","D-0257-2022","Class III","Butalbital, APAP, Caf 50/325/40 Tablet, packaged in a) 12-count bottles, NDC: 71335-1767-09, barcode 083929164865; b) 20-count bottles, NDC: 71335-1767-01, barcode 083921157837; c) 30-count bottles, NDC: 71335-1767-02, barcode 083922165687, d) 60-count bottles, NDC: 71335-1767-03, barcode 083923153776, e) 90-count bottles, NDC: 71335-1767-04, barcode 083924152889, f) 120-count bottles, NDC: 71335-1767-07, barcode 083927153735. Westminster Pharmaceuticals LLC, Rx only, Packaged by Bryant Ranch Prepack, Burbank, CA 91504 USA","574 Bottles","Labeling: Not Elsewhere Classified: the controlled substance classification ""CIII"" is missing on the label","09/28/2021","11/23/2021","N/A","12/01/2021","a) Lots: 164865, Exp: 2/28/2021; 162113, Exp: 8/31/2022; 160419, Exp: 2/28/2023; 160004, 155752, 154380, 153776, 152889, Exp: 8/31/2022, b) Lots: 157837, 154997, Exp: 8/31/2022, c) Lots: 165687, 160419, 160330, Exp: 2/28/2023; 159973, 159943, 159352, 159345, 158841, 155752, 152347, Exp: 8/31/2022; 152245, 152156, 152197, 151338, 151160, Exp: 7/31/2022, d) Lots: 162641, Exp: 2/28/2023; 154380, 153776, 152889, Exp: 8/31/2022, e)Lots: 158841, 152889, Exp: 8/31/2022, f) Lots: 153776, 153735, 152347, Exp: 8/31/2022"
"Drugs","No","","89042","Terminated","Dr. Reddy's Laboratories, Inc.","107 College Rd E","N/A","Princeton","NJ","	08540-6623","United States","N/A","Letter","USA Nationwide.","D-0267-2022","Class III","Allergy & Congestion Fexofenadine HCl 60 mg & Pseudoephedrine HCl 120 mg Extended-Release Tablets, USP, 20 Extended-Release Tablets, Distributed by: Rite Aid, 30 Hunter Lane, Camp Hill, PA 17011, NDC 11822-7388-5.","4896 cartons","Failed dissolution specifications","11/12/2021","12/07/2021","06/23/2023","12/15/2021","Lot #: AC2103329E, Exp 1/2023"
"Drugs","No","","89045","Terminated","Aurobindo Pharma USA Inc.","279 Princeton Hightstown Rd","N/A","East Windsor","NJ","	08520-1401","United States","Voluntary: Firm initiated","Letter","Nationwide in the US","D-0263-2022","Class III","Carvedilol Tablets, USP, 6.25 mg, 500 Tablets bottle, Rx Only, Distributed by: Aurobindo Pharma USA Inc., 279 Princeton-Hightstown Road, East Windsor, NJ, 08520, Made in India, NDC 65862-143-05","7296 containers","Failed Impurities/Degradation Specifications","11/15/2021","12/01/2021","08/23/2023","12/01/2021","Batch QG0619030-A, exp 11/2022"
"Drugs","No","","89059","Terminated","SterRx, LLC","141 Idaho Ave","N/A","Plattsburgh","NY","	12903-3987","United States","Voluntary: Firm initiated","Press Release","U.S.A. Nationwide","D-0300-2022","Class II","Midazolam in 0.9% Sodium Chloride Injection, 50 mg per 50 mL (1 mg per mL), Rx only, SterRx, 141 Idaho Ave. Plattsburgh, NY 12003, NDC #70324-102-01.","15660 bags","Lack of Assurance of Sterility","11/12/2021","12/29/2021","12/06/2023","01/05/2022","Lots S21131/BSP, 10-Nov-21  S21132/BSQ, 11-Nov-21  S21139/BSX, 18-Nov-21  S21150/BTI, 24-Nov-21  S21158/BTP, 1-Dec-21  S21160/BTR, 2-Dec-21 &  S21170/BUB, 9-Dec-21."
"Drugs","No","","89059","Terminated","SterRx, LLC","141 Idaho Ave","N/A","Plattsburgh","NY","	12903-3987","United States","Voluntary: Firm initiated","Press Release","U.S.A. Nationwide","D-0301-2022","Class II","Morphine Sulfate in 0.9% Sodium Chloride Injection, 100 mg per 100 mL (1 mg per mL), Rx only, SterRx, 141 Idaho Avenue, Plattsburgh, NY, 12903, NDC 70324-427-02.","880 units","Lack of Assurance of Sterility","11/12/2021","12/29/2021","12/06/2023","01/05/2022","S21317/BZE"
"Drugs","No","","89059","Terminated","SterRx, LLC","141 Idaho Ave","N/A","Plattsburgh","NY","	12903-3987","United States","Voluntary: Firm initiated","Press Release","U.S.A. Nationwide","D-0302-2022","Class II","dilTIAZem HCl 125 mg per 125 mL (1 mg per mL) in 0.7% Sodium Chloride Injection, Rx only, SterRx, 141 Idaho Ave., Plattsburgh, NY, 12903, NDC 70324-976-01.","24300 bags","Lack of Assurance of Sterility","11/12/2021","12/29/2021","12/06/2023","01/05/2022","Lots S21164/BTV, 3-Dec-21; S21191/BUU, 18-DEC-21; S21197/BUZ, 31-Dec-21; S21220/BVV, 13-Jan-22; S21271/BX0, 27-Jan-22; S21272/BXP, 28-Jan-22; S21299/BYP, 18-Fev-22; S21300/BYQ, 19-Feb-22"
"Drugs","No","","89059","Terminated","SterRx, LLC","141 Idaho Ave","N/A","Plattsburgh","NY","	12903-3987","United States","Voluntary: Firm initiated","Press Release","U.S.A. Nationwide","D-0303-2022","Class II","NOREPINEPHRINE 4 mg per 250 mL (16 mcg per mL) in 5% Dextrose Injection, Rx only, SterRx, 141 Idaho Ave., Plattsburgh, NY 12903, NDC 70324-451-01.","9360 bags","Lack of Assurance of Sterility","11/12/2021","12/29/2021","12/06/2023","01/05/2022","S21192/BUV 18-Apr-22  S21205/BVH 23-Apr-22  S21402/CCK 21-Aug-22"
"Drugs","No","","89059","Terminated","SterRx, LLC","141 Idaho Ave","N/A","Plattsburgh","NY","	12903-3987","United States","Voluntary: Firm initiated","Press Release","U.S.A. Nationwide","D-0304-2022","Class II","EPINEPHrine, 2 mg per 250 mL (8 mcg per mL) in 0.9% Sodium Chloride Injection, Rx only, SterRx, 141 Idaho Ave., Plattsburgh, NY, 12903, NDC 70324-027-01.","2779 bags","Lack of Assurance of Sterility","11/12/2021","12/29/2021","12/06/2023","01/05/2022","S21257/BXC"
"Drugs","No","","89059","Terminated","SterRx, LLC","141 Idaho Ave","N/A","Plattsburgh","NY","	12903-3987","United States","Voluntary: Firm initiated","Press Release","U.S.A. Nationwide","D-0305-2022","Class II","PHENYLepherine HCL in 0.9% Sodium Chloride, 20 mg per 250 mL (80 mcg per mL), Rx only, SterRx, 141 Idaho Avenue, Plattsburgh, NY 12903, NDC 70324-701-01.","18,948 bags","Lack of Assurance of Sterility","11/12/2021","12/29/2021","12/06/2023","01/05/2022","S21086/BQW 14-Dec-21  S21149/BTH 23-Jan-22  S21159/BTQ 30-Jan-22  S21265/BXI 3-Apr-22  S21305/BYU 24-Apr-22  S21311/BZA 26-Apr-22"
"Drugs","No","","89059","Terminated","SterRx, LLC","141 Idaho Ave","N/A","Plattsburgh","NY","	12903-3987","United States","Voluntary: Firm initiated","Press Release","U.S.A. Nationwide","D-0306-2022","Class II","Sodium Bicarbonate in 5% Dextrose Injection, 150 mEq per 1000 mL (12.6 mg per mL), Rx only, SterRx, 141 Idaho Ave., Plattsburgh, NY 12903, NDC 70324-326-01.","127,260 bags","Lack of Assurance of Sterility","11/12/2021","12/29/2021","12/06/2023","01/05/2022","S20483/BNJ 23-Nov-21  S20484/BNK 24-Nov-21  S20485/BNL 25-Nov-21  S21008/BNV 3-Dec-21  S21010/BNX 9-Dec-21  S21025/BOM 10-Dec-21  S21026/BON 15-Dec-21  S21027/BOO 16-Dec-21  S21035/BOW 17-Dec-21  S21045/BPF 18-Dec-21  S21046/BPG 21-Dec-21  S21050/BPK 22-Dec-21  S21054/BPO 24-Dec-21  S21055/BPQ 25-Dec-21  S21061/BPW 28-Dec-21  S21062/BPX 29-Dec-21  S21063/BPY 30-Dec-21  S21064/BPZ 31-Dec-21  S21069/BQE 31-Dec-21  S21073/BQI 4-Jan-22  S21074/BQJ 5-Jan-22  S21076/BQL 6-Jan-22  S21077/BQM 7-Jan-22  S21081/BQQ 20-Jan-22  S21083/BQS 22-Jan-22  S21084/BQT 25-Jan-22  S21110/BRU 26-Jan-22  S21111/BRV 27-Jan-22  S21112/BRW 27-Jan-22  S21113/BRX 28-Jan-22  S21114/BRY 1-Feb-22  S21115/BRZ 1-Feb-22  S21123/BSH 2-Feb-22  S21124/BSI 3-Feb-22  S21126/BSK 3-Feb-22  S21127/BSL 4-Feb-22  S21128/BSM 4-Feb-22  S21129/BSN 5-Feb-22  S21168/BTZ 10-Mar-22  S21169/BUA 11-Mar-22  S21176/BUH 15-Mar-22  S21181/BUL 17-Mar-22  S21182/BUM 17-Mar-22  S21270/BXN 26-May-22  S21274/BXR 26-May-22  S21321/BZH 1-Jun-22  S21322/BZI 2-Jun-22  S21323/BZJ 3-Jun-22  S21324/BZK 3-Jun-22  S21325/BZL 7-Jun-22  S21329/BZP 8-Jun-22  S21336/BZW 14-Jun-22  S21337/BZX 15-Jun-22  S21338/BZY 16-Jun-22  S21341/CAB 17-Jun-22  S21343/CAD 18-Jun-22  S21348/CAH 23-Jun-22  S21350/CAJ 24-Jun-22  S21351/CAK 28-Jun-22  S21357/CAQ 1-Jul-22  S21360/CAT 2-Jul-22  S21363/CAW 5-Jul-22  S21366/CAZ 7-Jul-22  S21374/CBH 8-Jul-22  S21376/CBJ 8-Jul-22  S21377/CBK 12-Jul-22  S21381/CBO 13-Jul-22  S21384/CBR 13-Jul-22  S21387/CBU 13-Jul-22  S21390/CBX 14-Jul-22  S21392/CBZ 14-Jul-22  S21393/CCA 15-Jul-22  S21396/CCD 15-Jul-22  S21397/CCF 19-Jul-22  S21399/CCH 19-Jul-22  S21401/CCJ 20-Jul-22  S21404/CCM 21-Jul-22"
"Drugs","No","","89059","Terminated","SterRx, LLC","141 Idaho Ave","N/A","Plattsburgh","NY","	12903-3987","United States","Voluntary: Firm initiated","Press Release","U.S.A. Nationwide","D-0307-2022","Class II","Succinylcholine Chloride Injection, 200 mg per 10 mL (20 mg per mL), 1,000 mL, Rx only,  SterRx, 141 Idaho Avenue, Plattsburgh, NY 12903, NDC 70324-826-01.","3540 bags","Lack of Assurance of Sterility","11/12/2021","12/29/2021","12/06/2023","01/05/2022","S21367/CBA 18-Nov-21  S21403/CCL 9-Dec-21"
"Drugs","No","12/17/2021","89060","Terminated","Ascent Pharmaceuticals, Inc.","400 S Technology Dr","N/A","Central Islip","NY","	11722-4402","United States","Voluntary: Firm initiated","Letter","USA Nationwide","D-0276-2022","Class II","Hydrocodone Bitartrate and Acetaminophen Tablets, USP 10 mg/325 mg, 100-count bottle, Rx only, Manufactured for: Camber Pharmaceuticals, Inc. Piscataway, NJ 08854, Manufactured by: Ascent Pharmaceuticals, Inc., Central Islip, NY 11722, NDC 31722-997-01. ","9744 bottles","Product Mix-up","11/19/2021","12/07/2021","12/06/2023","12/15/2021","Lot #: 21070817, Exp 6/2023"
"Drugs","No","","89076","Terminated","ASP CARES","2414 Babcock Rd Ste 106","N/A","San Antonio","TX","	78229-4870","United States","Voluntary: Firm initiated","Letter","United States","D-0260-2022","Class II","Methylcobalamin Solution for Injection, 1 mg/mL, 30 mL Multiple Dose Vial, For IM, SC or IV Use Only, Rx only, ASP Cares2414 Babcock Rd Ste #106, San Antonio, TX 78229  NDC 72833-565-30","1605 vials","Lack of Assurance of Sterility","11/17/2021","11/26/2021","12/02/2022","12/08/2021","Lot: 082921565 BUD: 02/25/2022"
"Drugs","No","","89076","Terminated","ASP CARES","2414 Babcock Rd Ste 106","N/A","San Antonio","TX","	78229-4870","United States","Voluntary: Firm initiated","Letter","United States","D-0261-2022","Class II","Biotin Solution for Injection, 10 mg/mL, 30 mL Multiple Dose Vial, Sterile, For IM or IV use only, Rx only  ASP Cares, 2414 Babcock Rd Ste #106, San Antonio, TX 78229  NDC 72833-0589-30","896 vials","Lack of Assurance of Sterility","11/17/2021","11/26/2021","12/02/2022","12/08/2021","Lot: 091721589 BUD: 03/16/2022"
"Drugs","No","","89076","Terminated","ASP CARES","2414 Babcock Rd Ste 106","N/A","San Antonio","TX","	78229-4870","United States","Voluntary: Firm initiated","Letter","United States","D-0262-2022","Class II","Ascorbic Acid Solution for Injection, 500 mg/mL, 50 mL Multiple Dose Vial, For IM, IV or SC Use Only, Rx only,  ASP Cares, 2414 Babcock Rd Ste #106, San Antonio, TX 78229  NDC 72833-690-50","3077 vials","Lack of Assurance of Sterility","11/17/2021","11/26/2021","12/02/2022","12/08/2021","Lots: 092321690 BUD: 03/22/2022; 093021690 BUD: 03/29/2022"
"Drugs","No","","89042","Terminated","Dr. Reddy's Laboratories, Inc.","107 College Rd E","N/A","Princeton","NJ","	08540-6623","United States","N/A","Letter","USA Nationwide.","D-0268-2022","Class III","Allergy & Congestion Relief Allergy Relief D, Fexofenadine HCl 60 mg/ Pseudoephedrine HCl 120 mg Extended Release Tablets, 20 extended-release tablets, Distributed by: CVS Pharmacy, Inc., One CVS Drive, Woonsocket, RI 02895, Made in India, NDC 69842-249-20","14976 cartons","Failed dissolution specifications","11/12/2021","12/07/2021","06/23/2023","12/15/2021","Lot #: AC2103329I, Exp 1/2023"
"Drugs","No","","89042","Terminated","Dr. Reddy's Laboratories, Inc.","107 College Rd E","N/A","Princeton","NJ","	08540-6623","United States","N/A","Letter","USA Nationwide.","D-0269-2022","Class III","Fexofenadine HCl 60 mg/ Pseudoephedrine HCl 120 mg Extended Release Tablets USP Allergy & Congestion, 20 Tablets, Distributed by: Dr. Reddy's Laboratories, Inc. Princeton, NJ 08540, NDC 43598-823-14.","5016 cartons","Failed dissolution specifications","11/12/2021","12/07/2021","06/23/2023","12/15/2021","Lot #: AC2103329F, Exp 1/2023"
"Drugs","No","","89042","Terminated","Dr. Reddy's Laboratories, Inc.","107 College Rd E","N/A","Princeton","NJ","	08540-6623","United States","N/A","Letter","USA Nationwide.","D-0270-2022","Class III","Antihistamine & Nasal Decongestant, Fexofenadine HCl 60 mg and Pseudoephedrine HCl 120 mg, Extended Release Tablets USP, Allergy & Congestion, 12 Hour, 20 Tablets, Distributed by: Rugby Laboratories, 17177 N. Laurel Park Drive, Suite 233, Livonia, MI 48152, www.rugbylaboratories.com. NDC 0536-1242-34.","2352 cartons","Failed dissolution specifications","11/12/2021","12/07/2021","06/23/2023","12/15/2021","Lot #: AC2103329H, Exp 1/2023"
"Drugs","No","","89042","Terminated","Dr. Reddy's Laboratories, Inc.","107 College Rd E","N/A","Princeton","NJ","	08540-6623","United States","N/A","Letter","USA Nationwide.","D-0271-2022","Class III","Antihistamine & Nasal Decongestant, Fexofenadine HCl 60 mg and Pseudoephedrine HCl 120 mg, Extended Release Tablets USP, Allergy & Congestion, 12 Hour, 30 Tablets, Distributed by: Rugby Laboratories, 17177 N. Laurel Park Drive, Suite 233, Livonia, MI 48152, www.rugbylaboratories.com. NDC 0638-1242-07.","2184 cartons","Failed dissolution specifications","11/12/2021","12/07/2021","06/23/2023","12/15/2021","Lot #: AC2103329D, Exp 1/2023"
"Drugs","No","","89042","Terminated","Dr. Reddy's Laboratories, Inc.","107 College Rd E","N/A","Princeton","NJ","	08540-6623","United States","N/A","Letter","USA Nationwide.","D-0272-2022","Class III","12 HR Allergy & Congestion Relief Fexofenadine HCl, 60 mg I Pseudoephedrine HCl, 120 mg Antihistamine I Nasal Decongestant, 20 Extended-Release Tablets USP,  Distributed By Cardinal Health, Dublin, Ohio 43107, Made in India, NDC 70000-0518-1.","2496 cartons","Failed dissolution specifications","11/12/2021","12/07/2021","06/23/2023","12/15/2021","Lot #: AC2103329G, Exp 1/2023"
"Drugs","No","","89042","Terminated","Dr. Reddy's Laboratories, Inc.","107 College Rd E","N/A","Princeton","NJ","	08540-6623","United States","N/A","Letter","USA Nationwide.","D-0273-2022","Class III","Allergy Relief D Fexofenadine HCl, 60 mg I Pseudoephedrine HCl, 120 mg, Extended Release Tablets,  30 Extended-Release Tablets USP,  Distributed By CVS Pharmacy Inc., One CVS Drive, Woonsocket, RI 02985, Made in India, NDC 69842-249-30","N/A","Failed dissolution specifications","11/12/2021","12/07/2021","06/23/2023","12/15/2021","Lot #: AC2103329C, Exp 1/2023"
"Drugs","No","","89042","Terminated","Dr. Reddy's Laboratories, Inc.","107 College Rd E","N/A","Princeton","NJ","	08540-6623","United States","N/A","Letter","USA Nationwide.","D-0274-2022","Class III","Allergy Relief D Fexofenadine HCl, 60 mg I Pseudoephedrine HCl, 120 mg, Extended Release Tablets, USP,  30 Extended-Release Tablets USP,  Distributed By Walmart Inc., Bentonville, AR  72716, Product of India, NDC 49035-273-30.","9,984 cartons","Failed dissolution specifications","11/12/2021","12/07/2021","06/23/2023","12/15/2021","Lot #: AC2103329B"
"Drugs","No","","89042","Terminated","Dr. Reddy's Laboratories, Inc.","107 College Rd E","N/A","Princeton","NJ","	08540-6623","United States","N/A","Letter","USA Nationwide.","D-0275-2022","Class III","Fexofenadine HCl, 60 mg & Pseudoephedrine HCl 120 mg, Extended Release Tablets USP,  Allergy and Congestion, 30 Tablets, Distributed by: Dr. Reddy's Laboratories, Inc., Princeton, NJ, 08640, Made in India NDC  Walmart Inc., Bentonville, AR  72716, Product of India, NDC 43598-823-31.","2,928 cartons","Failed dissolution specifications","11/12/2021","12/07/2021","06/23/2023","12/15/2021","Lot #: AC2103329A"
"Drugs","No","","89085","Terminated","Lupin Pharmaceuticals Inc.","Harborplace Tower","111 S Calvert St Fl 21st","Baltimore","MD","	21202-6174","United States","Voluntary: Firm initiated","Letter","nationwide within the United States","D-0264-2022","Class III","Tydemy (drospirenone, ethinyl estradiol & levomefolate calcium tablets, 3 mg/0.03 mg/0.451 mg and levomefolate calcium tablets, 0.451 mg), packaged in cartons containing 3 wallets of 28 Tablets each, Rx Only, Distributed by: Lupin Pharmaceuticals, Inc., Baltimore, Maryland 21202, United Stated, Manufactured by: Lupin Limited, Pithampur, (M.P.) - 454775, India, 244896, The individual wallet NDC 68180-904-11 and the carton NDC 68180-904-13.","4113 cartons","Subpotent Drug","11/19/2021","12/01/2021","11/15/2022","12/08/2021","Lot #: L000784 and L000785, Exp. Date May 2022"
"Drugs","No","","88850","Terminated","Teligent Pharma, Inc.","105 Lincoln Avenue","N/A","Buena","NJ","	08310","United States","Voluntary: Firm initiated","Press Release","Nationwide within the United States","D-0281-2022","Class II","Lidocaine Hydrochloride Topical Solution USP 4% (40 mg/mL), 50 mL glass bottles, Rx Only, Teligent Pharma Inc., Buena, NJ 08310,  NDC 52565-009-50","14,664 glass bottles","CGMP Deviations: Lots recalled because they were manufactured at the same facility using the same components as the products that had cracked seals in caps that were found to be superpotent.  ","10/12/2021","12/13/2021","06/18/2024","12/22/2021","Lot #: 13058, Exp. date 02/2022 and 13768, Exp. date 05/2022"
"Drugs","No","","89100","Terminated","Pfizer Inc.","235 East 42nd Street","N/A","New York","NY","	10017-5703","United States","Voluntary: Firm initiated","Letter","USA Nationwide","D-0265-2022","Class II","5% Dextrose Injection, USP, 50 mL ADD-Vantage Unit, Rx only, Distributed by Hospira, INC., Lake Forest, IL 60045 USA, NDC 0409-7100-68/0409-7100-66","765 bags","Lack of sterility assurance: bag has the potential to leak.","11/30/2021","12/02/2021","07/12/2023","12/08/2021","Lot: 4923608 Exp. 1MAY2022"
"Drugs","No","","89059","Terminated","SterRx, LLC","141 Idaho Ave","N/A","Plattsburgh","NY","	12903-3987","United States","Voluntary: Firm initiated","Press Release","U.S.A. Nationwide","D-0308-2022","Class II","EPINEPHIrine in 0.9% Sodium Chloride Injection, 4 mg per 250 mL (16 mcg per mL), Rx only, SterRx, 141 Idaho Ave., Plattsburgh, NY 12903, NDC 70324-227-01.","26,928 bags","Lack of Assurance of Sterility","11/12/2021","12/29/2021","12/06/2023","01/05/2022","S21254/BWZ 22-Nov-21  S21263/BXG 30-Nov-21  S21333/BZT 11-Jan-22  S21398/CCG 19-Feb-22"
"Drugs","No","","89059","Terminated","SterRx, LLC","141 Idaho Ave","N/A","Plattsburgh","NY","	12903-3987","United States","Voluntary: Firm initiated","Press Release","U.S.A. Nationwide","D-0309-2022","Class II","EPINEPHIrine in 0.9% Sodium Chloride Injection, 5 mg per 250 mL (20 mcg per mL), Rx only, SterRx, 141 Idaho Ave., Plattsburgh, NY 12903, NDC 70324-052-01.","7548 bags","Lack of Assurance of Sterility","11/12/2021","12/29/2021","12/06/2023","01/05/2022","S21255/BXA 22-Jan-22  S21264/BXH 29-Jan-22  S21328/BZO 10-Mar-22"
"Drugs","No","","89059","Terminated","SterRx, LLC","141 Idaho Ave","N/A","Plattsburgh","NY","	12903-3987","United States","Voluntary: Firm initiated","Press Release","U.S.A. Nationwide","D-0310-2022","Class II","EPINEPHIrine in 0.9% Sodium Chloride Injection, 8 mg per 250 mL (32 mcg per mL), Rx only,  SterRx, 141 Idaho Ave., Plattsburgh, NY 12903, NDC 70324-077-01.","5832 bags","Lack of Assurance of Sterility","11/12/2021","12/29/2021","12/06/2023","01/05/2022","S21255/BXA 22-Jan-22  S21264/BXH 29-Jan-22  S21328/BZO 10-Mar-22"
"Drugs","No","","89059","Terminated","SterRx, LLC","141 Idaho Ave","N/A","Plattsburgh","NY","	12903-3987","United States","Voluntary: Firm initiated","Press Release","U.S.A. Nationwide","D-0311-2022","Class II","EPINEPHrine in 0.9% Sodium Chloride Injection, 16 mg per 250 mL (64 mcg per mL), Rx only, SterRx, 141 Idaho Ave., Plattsburgh, NY 12903, NDC 70324-627-01.","684 bags","Lack of Assurance of Sterility","11/12/2021","12/29/2021","12/06/2023","01/05/2022","S21335/BZV"
"Drugs","No","","89059","Terminated","SterRx, LLC","141 Idaho Ave","N/A","Plattsburgh","NY","	12903-3987","United States","Voluntary: Firm initiated","Press Release","U.S.A. Nationwide","D-0312-2022","Class II","Midazolam in 0.9% Sodium Chloride Injection, 100 mg per 100 mL (1 mg per mL), Rx only, SterRx, 141 Idaho Ave., Plattsburgh, NY 12903, NDC 70324-102-02.","36360 bags","Lack of Assurance of Sterility","11/12/2021","12/29/2021","12/06/2023","01/05/2022","S21065/BQA 12-Nov-21  S21066/BQB 19-Nov-21  S21142/BTA 19-Nov-21  S21143/BTB 20-Nov-21  S21146/BTE 21-Nov-21  S21147/BTF 25-Nov-21  S21148/BTG 25-Nov-21  S21153/BTL 26-Nov-21  S21154/BTM 27-Nov-21  S21171/BUC 10-Dec-21  S21172/BUD 11-Dec-21  S21173/BUE 15-Dec-21  S21190/BUT 16-Dec-21  S21201/BVD 22-Dec-21  S21202/BVE 24-Dec-21  S21203/BVF 29-Dec-21  S21204/BVG 19-Jan-22  S21258/BXD 20-Jan-22  S21275/BXS 30-Jan-22  S21276/BXT 2-Feb-22  S21277/BXU 3-Feb-22  S21278/BXV 3-Feb-22  S21284/BYB 4-Feb-22  S21285/BYC 5-Feb-22  S21286/BYD 11-Feb-22  S21287/BYE 12-Feb-22  S21290/BYH 16-Feb-22  S21304/BYT 23-Feb-22  S21306/BYV 24-Feb-22  S21308/BYX 25-Feb-22  S21310/BYZ 26-Feb-22  S21379/CBM 14-Apr-22  S21382/CBP 14-Apr-22  S21385/CBS 15-Apr-22"
"Drugs","No","","89059","Terminated","SterRx, LLC","141 Idaho Ave","N/A","Plattsburgh","NY","	12903-3987","United States","Voluntary: Firm initiated","Press Release","U.S.A. Nationwide","D-0313-2022","Class II","Morphine Sulfate in 5% Dextrose Injection, 100 mg per 100 mL (1 mg per mL), Rx only, SterRx, 141 Idaho Ave., Plattsburgh, NY 12903, NDC 70324-452-01.","40 bags","Lack of Assurance of Sterility","11/12/2021","12/29/2021","12/06/2023","01/05/2022","S21293/BYJ"
"Drugs","No","","89059","Terminated","SterRx, LLC","141 Idaho Ave","N/A","Plattsburgh","NY","	12903-3987","United States","Voluntary: Firm initiated","Press Release","U.S.A. Nationwide","D-0314-2022","Class II","NOREPINEPHRINE in 5% Dextrose Injection, 8 mg per 250 mL (32 mg per mL) Injection, Rx only, SterRx, 141 Idaho Ave., Plattsburgh, NY 12903, NDC 70324-476-01.","1428 bags","Lack of Assurance of Sterility","11/12/2021","12/29/2021","12/06/2023","01/05/2022","S21409/CCR"
"Drugs","No","","89136","Terminated","Denver Solutions, LLC DBA Leiters Health","13796 Compark Blvd","N/A","Englewood","CO","	80112-7145","United States","Voluntary: Firm initiated","Telephone","Nationwide within the United States","D-0288-2022","Class II","Moxifloxacin, 1 mg/mL, 1mL in 2mL vial, solution for intracameral injection, 10 vials/carton, Rx only, Leiters 13796 Compark Blvd, Englewood, CO 80112, (800) 292-6772, NDC 71449-096-42","1440 vials","Labeling: Label Mix-up: Vials labeled as moxifloxacin 1 mg/mL may actually contain moxifloxacin 5 mg/mL","11/29/2021","12/17/2021","07/12/2022","12/29/2021","Lot #: 2130958; Expiration Date 03/31/2022"
"Drugs","No","","89141","Terminated","Torrent Pharma Inc.","150 Allen Rd Ste 102","N/A","Basking Ridge","NJ","	07920-3856","United States","Voluntary: Firm initiated","Letter","Nationwide USA","D-0285-2022","Class III","Telmisartan and Hydrochlorothiazide Tablets, USP, 40 mg/12.5 mg, 30 count bottles, Rx only,  Manufactured by: Torrent Pharmaceuticals LTD., Indrad-382 721, India.  Manufactured for: Torrent Pharma Inc., Basking Ridge, NJ 07920.  NDC: 13668-159-30","27,312 Bottles","Superpotent; Hydrochlorothiazide","12/01/2021","12/16/2021","05/12/2024","12/22/2021","Batch: BZ74G001 Exp. 12/2021."
"Drugs","No","","89143","Ongoing","Preferred Pharmaceuticals, Inc.","1250 N Lakeview Ave Ste O","N/A","Anaheim","CA","	92807-1801","United States","Voluntary: Firm initiated","Letter","Distributed to 5 physician consignees located in the following states: CT, FL, and KS.","D-0278-2022","Class II","Diclofenac Sodium Topical Solution, 1.5% w/w, packaged in 150 mL bottles, Rx only, Mfg: SOLA Pharmaceuticals Preferred Pharmaceuticals, Inc., NDC 68788-7707-01","72 bottles","Defective container: Out of specification for container integrity leading to bottles leaking.","11/29/2021","12/13/2021","N/A","12/22/2021","Lot #: E1220B"
"Drugs","No","","89205","Terminated","Efficient Laboratories, Inc.","7715 NW 64th St","N/A","Miami","FL","	33166-2719","United States","Voluntary: Firm initiated","Letter","Nationwide within the United States","D-0290-2022","Class II","Rompe Pecho CF Cold & Flu Advanced Formula, 6 Fl. oz. (178 mL) bottles,  Distributed by: Efficient Laboratories, Inc. Miami, FL 33166, NDC 58593-235-06","10,833 bottles","Microbial Contamination of Non-Sterile Products","08/24/2021","12/22/2021","12/08/2022","12/29/2021","Lot #: 19F88 Exp. June 2022; 19G164 Exp. July 2022."
"Drugs","No","","89205","Terminated","Efficient Laboratories, Inc.","7715 NW 64th St","N/A","Miami","FL","	33166-2719","United States","Voluntary: Firm initiated","Letter","Nationwide within the United States","D-0291-2022","Class II","Rompe Pecho DM, 6 Fl Oz (178 mL) bottles, Distributed by: Efficient Laboratories, Inc. Miami, FL 33166, NDC 58593-275-06","27,206 bottles","Microbial Contamination of Non-Sterile Products","08/24/2021","12/22/2021","12/08/2022","12/29/2021","Lot #: 19F168 Exp. June 2022; 19G145, 19G361,19G449 19G491 Exp. July 2022."
"Drugs","No","","89205","Terminated","Efficient Laboratories, Inc.","7715 NW 64th St","N/A","Miami","FL","	33166-2719","United States","Voluntary: Firm initiated","Letter","Nationwide within the United States","D-0292-2022","Class II","Rompe Pecho Ex Expectorant,  packaged in a) 4 Fl. Oz. (118 mL) bottles NDC 58593-829-04 and b) 6 Fl. Oz. (178 mL) bottles NDC 58593-829-06, Distributed by Efficient Laboratories, Inc. Miami, FL 33166   ","a) 7,800 bottles; b) 16,417 bottles","Microbial Contamination of Non-Sterile Products","08/24/2021","12/22/2021","12/08/2022","12/29/2021","Lot #: a) 19H20 Exp. August 2022; 19A418 Exp. January 2022; 19E411 Exp. May 2022; b) 19H20 Exp. August 2022; 19J98 Exp. September 2022; 19A418 Exp. January 2022; 19E411 Exp. May 2022"
"Drugs","No","","89205","Terminated","Efficient Laboratories, Inc.","7715 NW 64th St","N/A","Miami","FL","	33166-2719","United States","Voluntary: Firm initiated","Letter","Nationwide within the United States","D-0293-2022","Class II","Rompe Pecho Max Multi-Symptoms Maximum Strength, 8 Fl. Oz. (237 mL) bottles, Distributed by: Efficient Laboratories, Inc. Miami, FL 33166 UPC 0 00856 00309 5, NDC 58593-828-08","4,026 bottles","Microbial Contamination of Non-Sterile Products","08/24/2021","12/22/2021","12/08/2022","12/29/2021","Lot #: 19G219 Exp. July 2022"
"Drugs","No","","89209","Terminated","Valgene Incorporated dba Cape Drugs","1384 Cape St Claire Rd","N/A","Annapolis","MD","	21409-5325","United States","Voluntary: Firm initiated","Telephone","Maryland Only","D-0283-2022","Class II","Methylcobalamin 12mg/ml  injection, 1 mL vials, Rx only, Cape Drugs 1384 Cape St. Claire Road Annapolis, MD 21409","27 vials","Lack of Processing Controls","12/03/2021","12/15/2021","01/04/2022","12/22/2021","Lot #: 188008, BUD 03/19/2022"
"Drugs","No","","89209","Terminated","Valgene Incorporated dba Cape Drugs","1384 Cape St Claire Rd","N/A","Annapolis","MD","	21409-5325","United States","Voluntary: Firm initiated","Telephone","Maryland Only","D-0284-2022","Class II","B-Complex, injection, 1 mL vials, Rx only, Cape Drugs 1384 Cape St. Claire Road Annapolis, MD 21409","12 vials","Lack of Processing Controls","12/03/2021","12/15/2021","01/04/2022","12/22/2021","Lot# 190036, BUD 12/27/2021"
"Drugs","No","","89059","Terminated","SterRx, LLC","141 Idaho Ave","N/A","Plattsburgh","NY","	12903-3987","United States","Voluntary: Firm initiated","Press Release","U.S.A. Nationwide","D-0315-2022","Class II","dilTIAZem HCl in 5% Dextrose Injection, 125 mg per 125 mL, (32 mcg per mL), Rx only, SterRx, 141 Idaho Ave., Plattsburgh, NY 12903, NDC 70324-951-01.","8946 bags","Lack of Assurance of Sterility","11/12/2021","12/29/2021","12/06/2023","01/05/2022","S21200/BVC 15-Nov-21  S21296/BYM 19-Dec-21  S21320/BZG 4-Jan-22  S21164/BTV 3-Dec-21  S21191/BUU 18-Dec-21  S21197/BUZ 31-Dec-21  S21220/BVV 13-Jan-22  S21271/BXO 27-Jan-22  S21272/BXP 28-Jan-22  S21299/BYP 18-Feb-22  S21300/BYQ 19-Feb-22"
"Drugs","No","","89059","Terminated","SterRx, LLC","141 Idaho Ave","N/A","Plattsburgh","NY","	12903-3987","United States","Voluntary: Firm initiated","Press Release","U.S.A. Nationwide","D-0316-2022","Class II","Fentanyl Citrate, in 0.9% Sodium Chloride Injection, 1 mg per 100 mL, (10 mcg per mL), Rx Only, SterRx, 141 Idaho Ave., Plattsburgh, NY 12903, NDC 70324-327-01.","10660 bags","Lack of Assurance of Sterility","11/12/2021","12/29/2021","12/06/2023","01/05/2022","S21349/CAI 23-Mar-22  S21356/CAP 1-Apr-22  S21361/CAU 2-Apr-22"
"Drugs","No","","89059","Terminated","SterRx, LLC","141 Idaho Ave","N/A","Plattsburgh","NY","	12903-3987","United States","Voluntary: Firm initiated","Press Release","U.S.A. Nationwide","D-0317-2022","Class II","Fentanyl Citrate, in 0.9% Sodium Chloride Injection, 2.5 mg per 250 mL, (10 mcg per mL), Rx Only, SterRx, 141 Idaho Ave., Plattsburgh, NY 12903, NDC 70324-327-02.","5000 bags","Lack of Assurance of Sterility","11/12/2021","12/29/2021","12/06/2023","01/05/2022","S21353/CAM 26-Mar-22  S21358/CAR 30-Mar-22  S21364/CAX 6-Apr-22"
"Drugs","No","","89059","Terminated","SterRx, LLC","141 Idaho Ave","N/A","Plattsburgh","NY","	12903-3987","United States","Voluntary: Firm initiated","Press Release","U.S.A. Nationwide","D-0318-2022","Class II","MORPHINE SULFATE, in 0.9% Sodium Chloride Injection, 50 mg per 50 mL, (1 mg per mL), Rx only, SterRx, 141 Idaho Ave., Plattsburgh, NY 12903, NDC 70324-427-01.","880 bags","Lack of Assurance of Sterility","11/12/2021","12/29/2021","12/06/2023","01/05/2022","S21292/BYI"
"Drugs","No","","89059","Terminated","SterRx, LLC","141 Idaho Ave","N/A","Plattsburgh","NY","	12903-3987","United States","Voluntary: Firm initiated","Press Release","U.S.A. Nationwide","D-0319-2022","Class II","NOREPINEPHRINE, 16 mg per 250 mL, (64 mcg per mL) in 5% Dextrose Injection, Rx only, SterRx, 141 Idaho Ave., Plattsburgh, NY 12903, NDC 70324-002-01.","1044 bags","Lack of Assurance of Sterility","11/12/2021","12/29/2021","12/06/2023","01/05/2022","S21194/CDW"
"Drugs","No","","89059","Terminated","SterRx, LLC","141 Idaho Ave","N/A","Plattsburgh","NY","	12903-3987","United States","Voluntary: Firm initiated","Press Release","U.S.A. Nationwide","D-0320-2022","Class II","NOREPINEPHRINE, 4 mg per 250 mL, (18 mcg per mL) in 0.9% Sodium Chloride Injection, Rx only, SterRx, 141 Idaho Ave., Plattsburgh, NY 12903, NDC 70324-651-01.","121,584 bags","Lack of Assurance of Sterility","11/12/2021","12/29/2021","12/06/2023","01/05/2022","S20415/BKY 12-Nov-21  S20418/BLB 13-Nov-21  S20452/BMI 5-Dec-21  S20463/BMT 9-Dec-21  S20464/BMU 18-Dec-21  S20478/BNF 23-Dec-21  S21021/BOI 6-Jan-22  S21033/BOU 20-Jan-22  S21047/BPH 21-Jan-22  S21059/BPU 28-Jan-22  S21094/BRE 18-Feb-22  S21117/BSB 3-Mar-22  S21118/BSC 10-Mar-22  S21138/BSW 17-Mar-22  S21227/BWA 7-May-22  S21239/BWK 12-May-22  S21279/BXW 5-Jun-22  S21295/BYL 16-Jun-22  S21298/BYO 18-Jun-22  S21339/BZZ 16-Jul-22  S21346/CAF 21-Jul-22  S21355/CAO 28-Jul-22  S21370/CBD 4-Aug-22  S21372/CBF 7-Aug-22  S21438/CDS 4-Sep-22"
"Drugs","No","","89059","Terminated","SterRx, LLC","141 Idaho Ave","N/A","Plattsburgh","NY","	12903-3987","United States","Voluntary: Firm initiated","Press Release","U.S.A. Nationwide","D-0321-2022","Class II","NOREPINEPHRINE, 8 mg per 250 mL, (32 mcg per mL) in 0.9% Sodium Chloride Injection, Rx only, SterRx, 141 Idaho Ave., Plattsburgh, NY 12903, NDC 70324-676-01.","74,508 bags","Lack of Assurance of Sterility","11/12/2021","12/29/2021","12/06/2023","01/05/2022","S21162/BTT 13-Nov-21  S21163/BTU 13-Nov-21  S21167/BTY 19-Nov-21  S21174/BUF 20-Nov-21  S21175/BUG 21-Nov-21  S21217/BVS 12-Dec-21  S21218/BVT 12-Dec-21  S21219/BVU 16-Dec-21  S21241/BWL 24-Dec-21  S21281/BXY 20-Jan-22  S21282/BXZ 23-Jan-22  S21283/BYA 22-Jan-22  S21297/BYN 28-Jan-22  S21340/CAA 27-Feb-22  S21342/CAC 5-Mar-22  S21352/CAL 6-Mar-22  S21359/CAS 11-Mar-22  S21362/CAV 12-Mar-22  S21368/CBB 13-Mar-22  S21369/CBC 19-Mar-22  S21415/CCX 7-Apr-22  S21419/CDB 7-Apr-22  S21434/CDP 16-Apr-22"
"Drugs","No","","89059","Terminated","SterRx, LLC","141 Idaho Ave","N/A","Plattsburgh","NY","	12903-3987","United States","Voluntary: Firm initiated","Press Release","U.S.A. Nationwide","D-0322-2022","Class II","NOREPINEPHRINE, 16 mg per 250 mL, (64 mcg per mL) in 0.9% Sodium Chloride Injection,   SterRx, 141 Idaho Ave., Plattsburgh, NY 12903, NDC 70324-926-01.","36,576 bags","Lack of Assurance of Sterility","11/12/2021","12/29/2021","12/06/2023","01/05/2022","S21082/BQV 13-Nov-21  S21102/BRM 28-Nov-21  S21135/BST 14-Dec-21  S21166/BTX 7-Jan-22  S21178/BUJ 28-Jan-22  S21226/BVZ 5-Feb-22  S21237/BWI 7-Feb-22  S21242/BWM 13-Feb-22  S21280/BXX 11-Mar-22  S21302/BYS 21-Mar-22  S21345/CAE 23-Apr-22  S21424/CDG 28-May-22"
"Drugs","No","","89059","Terminated","SterRx, LLC","141 Idaho Ave","N/A","Plattsburgh","NY","	12903-3987","United States","Voluntary: Firm initiated","Press Release","U.S.A. Nationwide","D-0323-2022","Class II","PHENYLephrine HCl, 40 mg per 250 mL, (160 mcg per mL) in 0.9% Sodium Chloride Injection, Rx Only, SterRx, 141 Idaho Ave., Plattsburgh, NY 12903, NDC 70324-252-01.","20640 bags","Lack of Assurance of Sterility","11/12/2021","12/29/2021","12/06/2023","01/05/2022","S21087/BQX 16-Dec-21  S21151/BTJ 24-Jan-22  S21186/BUQ 14-Feb-22  S21189/BUS 16-Feb-22  S21266/BXJ 3-Apr-22  S21307/BYW 24-Apr-22  S21313/BZC 27-Apr-22"
"Drugs","No","","89059","Terminated","SterRx, LLC","141 Idaho Ave","N/A","Plattsburgh","NY","	12903-3987","United States","Voluntary: Firm initiated","Press Release","U.S.A. Nationwide","D-0324-2022","Class II","PHENYLephrine HCl, 50 mg per 250 mL, (200 mg per mL) in 0.9% Sodium Chloride Injection, Rx Only, SterRx, 141 Idaho Ave., Plattsburgh, NY 12903, NDC 70324-901-01.","23,136 bags","Lack of Assurance of Sterility","11/12/2021","12/29/2021","12/06/2023","01/05/2022","S21088/BQY 19-Dec-21  S21152/BTK 25-Jan-22  S21161/BTS 31-Jan-22  S21289/BYG 4-Apr-22  S21309/BYY 25-Apr-22  S21314/BZD 2-May-22  S21378/CBL 12-Jun-22"
"Drugs","No","","89059","Terminated","SterRx, LLC","141 Idaho Ave","N/A","Plattsburgh","NY","	12903-3987","United States","Voluntary: Firm initiated","Press Release","U.S.A. Nationwide","D-0325-2022","Class II","Sodium Bicarbonate in 5% Dextrose Injection, Rx Only, SterRx, 141 Idaho Ave., Plattsburgh, NY 12903, NDC 70324-326-03","2886 bags","Lack of Assurance of Sterility","11/12/2021","12/29/2021","12/06/2023","01/05/2022","S20459/BMP 17-Nov-21  S20472/BMZ 18-Nov-21  S20473/BNA 18-Nov-21"
"Drugs","No","","89135","Ongoing","Teligent Pharma, Inc.","105 Lincoln Avenue","N/A","Buena","NJ","	08310","United States","Voluntary: Firm initiated","Letter","Distributed to a wholesaler in CO who further distributed Nationwide in the USA","D-0296-2022","Class II","Lidocaine Hydrochloride, Topical Solution USP, 4% (40 mg/mL), packaged in 50 mL screw cap bottles, Rx Only, Manufactured by Teligent Pharma, Inc., Buena, NJ 08310, Distributed by: McKesson Corporation dba Sky Packaging, 4971 Southridge Blvd., Suite 101, Memphis, TN 38141, NDC 63739-997-64","7,176 bottles","Superpotent Drug: Minimally superpotent","11/30/2021","12/28/2021","N/A","01/05/2022","Lot #: 15594, Exp Date 05/2023"
"Drugs","No","","89255","Terminated","Teva Pharmaceuticals USA","400 Interpace Pkwy","N/A","Parsippany","NJ","	07054-1120","United States","Voluntary: Firm initiated","Letter","nationwide","D-0294-2022","Class II","Penicillin V Potassium for Oral Solution, USP 125 mg (200,000 U) per 5 mL a) 100 mL (NDC 00093-4125-73) and b) 200 mL (NDC 00093-4125-74) (when mixed) bottles, Rx Only, Manufactured For: Teva Pharmaceuticals USA, Inc. North Wales, PA 19454","a) 86,790 and b) 25,416 bottles","Subpotent","12/16/2021","12/23/2021","11/04/2022","12/29/2021","a) Lots, 35446365A, Exp 03/2022; 35447040A, Exp 08/2022 & 35447948B, Exp 03/2023.  b) Lots 35446318B, Exp 05/2022 & 35447947A, Exp 03/2023."





