Product Type,Recently Updated Record,Last Modified Date,Event ID,Status,Recalling Firm,Address1,Address2,City,State/Province,Postal Code,Country,Voluntary/Mandated,Initial Firm Notification of Consignee or Public,Distribution Pattern,Recall Number,Classification,Product Description,Product Quantity,Reason for Recall,Recall Initiation Date,Center Classification Date,Termination Date,Report Date,Code Info
"Drugs","No","","83645","Terminated","RemedyRepack Inc.","625 Kolter Dr Ste 4","N/A","Indiana","PA","	15701-3571","United States","Voluntary: Firm initiated","Letter","PA","D-1030-2020","Class II","Lisinopril/HCTZ 20mg/12.5mg Tablet, QTY: 30 tablets per blister card, MFG: Lupin Pharma Baltimore, MD 21202, NDC 68180-0519-02 (Original NDC of 500 count bottle); 70518-0382-03 (Repackaged NDC for blister cards).    ","480 tablets","Presence of Foreign Tablets/Capsules: This is a spin-off recall of D-1581-2019 due to a product complaint where one of Lupin's Fenofibrate 145mg was observed in the 500 s count product bottle.","08/05/2019","03/16/2020","06/02/2023","03/25/2020","Lot #: J0322819-091418, Exp: 09/30/2019"
"Drugs","No","","83757","Terminated","Tuscano and Delucia Group (DBA Entropic Labs)","2150 S West Temple Apt 413","N/A","Salt Lake City","UT","	84115","United States","Voluntary: Firm initiated","E-Mail","Nationwide within the United States","D-0800-2020","Class II","Entropic Labs SARM RAD-140, 20mg Capsules, 30-count bottles, Entropic Labs UPC#: 651074545302","60","Marketed Without An Approved NDA/ANDA: product  contains Selective Androgen Receptor Modulators (SARMs)","08/24/2019","01/22/2020","07/12/2023","01/29/2020","All lots"
"Drugs","No","12/23/2019","83996","Terminated","Coast Quality Pharmacy, LLC dba Anazao Health","5710 Hoover Blvd","N/A","Tampa","FL","	33634-5339","United States","Voluntary: Firm initiated","Telephone","Nationwide in the U.S.","D-0578-2020","Class II","Clonidine HCL and Morphine Sulfate in all strengths, all doses and all packaging, AnazaoHealth 5710 Hoover Blvd Tampa, FL 33634.","Unknown","Lack of Processing Controls; Environmental sampling revealed 1 CFU (Colony Forming Unit) identified as Talaromyces rotundus, a fungi.","09/03/2019","12/06/2019","12/01/2020","12/18/2019","All lots filled and dispensed on 08/26-29/2019 and 09/27/2019 through 10/03/2019 remaining within expiry."
"Drugs","No","12/23/2019","83996","Terminated","Coast Quality Pharmacy, LLC dba Anazao Health","5710 Hoover Blvd","N/A","Tampa","FL","	33634-5339","United States","Voluntary: Firm initiated","Telephone","Nationwide in the U.S.","D-0579-2020","Class II","Glutamine/Arginine/Carnitine in all strengths, all doses and all packaging, AnazaoHealth Corporate 5710 Hoover Blvd Tampa, FL 33634.","17 vials","Lack of Processing Controls; Environmental sampling revealed 1 CFU (Colony Forming Unit) identified as Talaromyces rotundus, a fungi.","09/03/2019","12/06/2019","12/01/2020","12/18/2019","All lots filled and dispensed 09/24-26/2019 remaining within expiry."
"Drugs","No","12/23/2019","83996","Terminated","Coast Quality Pharmacy, LLC dba Anazao Health","5710 Hoover Blvd","N/A","Tampa","FL","	33634-5339","United States","Voluntary: Firm initiated","Telephone","Nationwide in the U.S.","D-0580-2020","Class II","Clonidine HCL/Hydromorphone HCL in all strengths, all doses and all packaging, AnazaoHealth 5710 Hoover Blvd Tampa, FL 33634.","Unknown","Lack of Processing Controls; Environmental sampling revealed 1 CFU (Colony Forming Unit) identified as Talaromyces rotundus, a fungi.","09/03/2019","12/06/2019","12/01/2020","12/18/2019","All lots filled and dispensed on 08/26-29/2019 and 09/27/2019 through 10/03/2019 remaining within expiry."
"Drugs","No","12/23/2019","83996","Terminated","Coast Quality Pharmacy, LLC dba Anazao Health","5710 Hoover Blvd","N/A","Tampa","FL","	33634-5339","United States","Voluntary: Firm initiated","Telephone","Nationwide in the U.S.","D-0581-2020","Class II","Baclofen in all strengths, all doses and all packaging, AnazaoHealth 5710 Hoover Blvd Tampa, FL 33634.","Unknown","Lack of Processing Controls; Environmental sampling revealed 1 CFU (Colony Forming Unit) identified as Talaromyces rotundus, a fungi.","09/03/2019","12/06/2019","12/01/2020","12/18/2019","All lots filled 08/26/2019 and dispensed 08/26-29/2019 remaining within expiry."
"Drugs","No","12/23/2019","83996","Terminated","Coast Quality Pharmacy, LLC dba Anazao Health","5710 Hoover Blvd","N/A","Tampa","FL","	33634-5339","United States","Voluntary: Firm initiated","Telephone","Nationwide in the U.S.","D-0582-2020","Class II","Baclofen and Morphine Sulfate in all strengths, all doses and all packaging, AnazaoHealth 5710 Hoover Blvd Tampa, FL 33634.","Unknown","Lack of Processing Controls; Environmental sampling revealed 1 CFU (Colony Forming Unit) identified as Talaromyces rotundus, a fungi.","09/03/2019","12/06/2019","12/01/2020","12/18/2019","All lots filled 08/26/2019 and dispensed 08/26-29/2019 remaining within expiry."
"Drugs","No","12/23/2019","83996","Terminated","Coast Quality Pharmacy, LLC dba Anazao Health","5710 Hoover Blvd","N/A","Tampa","FL","	33634-5339","United States","Voluntary: Firm initiated","Telephone","Nationwide in the U.S.","D-0583-2020","Class II","Bupivacaine HCL and Clonidine HCL and Hydromorphone HCL in all strengths, all doses and all packaging, AnazaoHealth 5710 Hoover Blvd Tampa, FL 33634.","Unknown","Lack of Processing Controls; Environmental sampling revealed 1 CFU (Colony Forming Unit) identified as Talaromyces rotundus, a fungi.","09/03/2019","12/06/2019","12/01/2020","12/18/2019","All lots filled 08/26/2019 and dispensed 08/26-29/2019 remaining within expiry."
"Drugs","No","12/23/2019","83996","Terminated","Coast Quality Pharmacy, LLC dba Anazao Health","5710 Hoover Blvd","N/A","Tampa","FL","	33634-5339","United States","Voluntary: Firm initiated","Telephone","Nationwide in the U.S.","D-0584-2020","Class II","Bupivacaine HCL and Clonidine HCL and Hydromorphone HCL and Fentanyl Citrate in all strengths, all doses and all packaging, AnazaoHealth 5710 Hoover Blvd Tampa, FL 33634.","Unknown","Lack of Processing Controls; Environmental sampling revealed 1 CFU (Colony Forming Unit) identified as Talaromyces rotundus, a fungi.","09/03/2019","12/06/2019","12/01/2020","12/18/2019","All lots filled and dispensed on 08/26-29/2019 and 09/27/2019 through 10/03/2019 remaining within expiry."
"Drugs","No","12/23/2019","83996","Terminated","Coast Quality Pharmacy, LLC dba Anazao Health","5710 Hoover Blvd","N/A","Tampa","FL","	33634-5339","United States","Voluntary: Firm initiated","Telephone","Nationwide in the U.S.","D-0585-2020","Class II","Bupivacaine HCl and Hydromorphone HCl in all strengths, all doses and all packaging, AnazaoHealth 5710 Hoover Blvd Tampa, FL 33634.","Unknown","Lack of Processing Controls; Environmental sampling revealed 1 CFU (Colony Forming Unit) identified as Talaromyces rotundus, a fungi.","09/03/2019","12/06/2019","12/01/2020","12/18/2019","All lots filled 08/26/2019 and dispensed 08/26-29/2019 remaining within expiry."
"Drugs","No","12/23/2019","83996","Terminated","Coast Quality Pharmacy, LLC dba Anazao Health","5710 Hoover Blvd","N/A","Tampa","FL","	33634-5339","United States","Voluntary: Firm initiated","Telephone","Nationwide in the U.S.","D-0586-2020","Class II","Fentanyl Citrate in all strengths, all doses and all packaging, AnazaoHealth 5710 Hoover Blvd Tampa, FL 33634.","Unknown","Lack of Processing Controls; Environmental sampling revealed 1 CFU (Colony Forming Unit) identified as Talaromyces rotundus, a fungi.","09/03/2019","12/06/2019","12/01/2020","12/18/2019","All lots filled 08/26/2019 and dispensed 08/26-29/2019 remaining within expiry."
"Drugs","No","12/23/2019","83996","Terminated","Coast Quality Pharmacy, LLC dba Anazao Health","5710 Hoover Blvd","N/A","Tampa","FL","	33634-5339","United States","Voluntary: Firm initiated","Telephone","Nationwide in the U.S.","D-0587-2020","Class II","Fentanyl Citrate and Bupivacaine HCl and Morphine Sulfate in all strengths, all doses and all packaging, AnazaoHealth 5710 Hoover Blvd Tampa, FL 33634.","Unknown","Lack of Processing Controls; Environmental sampling revealed 1 CFU (Colony Forming Unit) identified as Talaromyces rotundus, a fungi.","09/03/2019","12/06/2019","12/01/2020","12/18/2019","All lots filled 08/26/2019 and dispensed 08/26-29/2019 remaining within expiry."
"Drugs","No","12/23/2019","83996","Terminated","Coast Quality Pharmacy, LLC dba Anazao Health","5710 Hoover Blvd","N/A","Tampa","FL","	33634-5339","United States","Voluntary: Firm initiated","Telephone","Nationwide in the U.S.","D-0588-2020","Class II","Hydromorphone HCL in all strengths, all doses and all packaging, AnazaoHealth 5710 Hoover Blvd Tampa, FL 33634.","Unknown","Lack of Processing Controls; Environmental sampling revealed 1 CFU (Colony Forming Unit) identified as Talaromyces rotundus, a fungi.","09/03/2019","12/06/2019","12/01/2020","12/18/2019","All lots filled 08/26/2019 and dispensed 08/26-29/2019 remaining within expiry."
"Drugs","No","12/23/2019","83996","Terminated","Coast Quality Pharmacy, LLC dba Anazao Health","5710 Hoover Blvd","N/A","Tampa","FL","	33634-5339","United States","Voluntary: Firm initiated","Telephone","Nationwide in the U.S.","D-0589-2020","Class II","Hydromorphone HCL and Bupivacaine HCL in all strengths, all doses and all packaging, AnazaoHealth 5710 Hoover Blvd Tampa, FL 33634.","Unknown","Lack of Processing Controls; Environmental sampling revealed 1 CFU (Colony Forming Unit) identified as Talaromyces rotundus, a fungi.","09/03/2019","12/06/2019","12/01/2020","12/18/2019","All lots filled 08/26/2019 and dispensed 08/26-29/2019 remaining within expiry."
"Drugs","No","12/23/2019","83996","Terminated","Coast Quality Pharmacy, LLC dba Anazao Health","5710 Hoover Blvd","N/A","Tampa","FL","	33634-5339","United States","Voluntary: Firm initiated","Telephone","Nationwide in the U.S.","D-0590-2020","Class II","Hydromorphone HCL and Baclofen and Clonidine HCL in all strengths, all doses and all packaging, AnazaoHealth 5710 Hoover Blvd Tampa, FL 33634.","Unknown","Lack of Processing Controls; Environmental sampling revealed 1 CFU (Colony Forming Unit) identified as Talaromyces rotundus, a fungi.","09/03/2019","12/06/2019","12/01/2020","12/18/2019","All lots filled and dispensed on 08/26-29/2019 and 09/27/2019 through 10/03/2019 remaining within expiry."
"Drugs","No","12/23/2019","83996","Terminated","Coast Quality Pharmacy, LLC dba Anazao Health","5710 Hoover Blvd","N/A","Tampa","FL","	33634-5339","United States","Voluntary: Firm initiated","Telephone","Nationwide in the U.S.","D-0591-2020","Class II","Hydromorphone HCL and Clonidine HCL in all strengths, all doses and all packaging, AnazaoHealth 5710 Hoover Blvd Tampa, FL 33634.","Unknown","Lack of Processing Controls; Environmental sampling revealed 1 CFU (Colony Forming Unit) identified as Talaromyces rotundus, a fungi.","09/03/2019","12/06/2019","12/01/2020","12/18/2019","All lots filled and dispensed on 08/26-29/2019 and 09/27/2019 through 10/03/2019 remaining within expiry."
"Drugs","No","12/23/2019","83996","Terminated","Coast Quality Pharmacy, LLC dba Anazao Health","5710 Hoover Blvd","N/A","Tampa","FL","	33634-5339","United States","Voluntary: Firm initiated","Telephone","Nationwide in the U.S.","D-0592-2020","Class II","Morphine Sulfate in all strengths, all doses and all packaging, AnazaoHealth 5710 Hoover Blvd Tampa, FL 33634.","Unknown","Lack of Processing Controls; Environmental sampling revealed 1 CFU (Colony Forming Unit) identified as Talaromyces rotundus, a fungi.","09/03/2019","12/06/2019","12/01/2020","12/18/2019","All lots filled 08/26/2019 and dispensed 08/26-29/2019 remaining within expiry."
"Drugs","No","12/23/2019","83996","Terminated","Coast Quality Pharmacy, LLC dba Anazao Health","5710 Hoover Blvd","N/A","Tampa","FL","	33634-5339","United States","Voluntary: Firm initiated","Telephone","Nationwide in the U.S.","D-0593-2020","Class II","Morphine Sulfate and Bupivacaine HCL in all strengths, all doses and all packaging, AnazaoHealth 5710 Hoover Blvd Tampa, FL 33634.","Unknown","Lack of Processing Controls; Environmental sampling revealed 1 CFU (Colony Forming Unit) identified as Talaromyces rotundus, a fungi.","09/03/2019","12/06/2019","12/01/2020","12/18/2019","All lots filled 08/26/2019 and dispensed 08/26-29/2019 remaining within expiry."
"Drugs","No","","84122","Ongoing","Sanofi-Aventis U.S. LLC","55 Corporate Dr","N/A","Bridgewater","NJ","	08807-1265","United States","Voluntary: Firm initiated","Letter","Nationwide","D-0534-2020","Class II","Cool Mint Tablets Maximum Strength Zantac 150 mg Sanofi Distributed by: Chattem, Inc., a Sanofi Company P.O. Box 2219, Chattanooga, TN 37409-0219.    NDC's:    0597-0120-06,   0597-0120-08,   0597-0120-09,   0597-0120-24,   0597-0120-38,   0597-0120-50,   0597-0120-76,   0597-0120-78,   0597-0120-80,   0597-0120-82,   0597-0120-87.","N/A","CGMP Deviations: Presence of NDMA impurity detected in product.","10/22/2019","12/01/2019","N/A","12/11/2019","all lots"
"Drugs","No","12/23/2019","83996","Terminated","Coast Quality Pharmacy, LLC dba Anazao Health","5710 Hoover Blvd","N/A","Tampa","FL","	33634-5339","United States","Voluntary: Firm initiated","Telephone","Nationwide in the U.S.","D-0594-2020","Class II","Morphine Sulfate and Fentanyl Citrate and Baclofen in all strengths, all doses and all packaging, AnazaoHealth 5710 Hoover Blvd Tampa, FL 33634.","Unknown","Lack of Processing Controls; Environmental sampling revealed 1 CFU (Colony Forming Unit) identified as Talaromyces rotundus, a fungi.","09/03/2019","12/06/2019","12/01/2020","12/18/2019","All lots filled 08/26/2019 and dispensed 08/26-29/2019 remaining within expiry."
"Drugs","No","","84127","Terminated","Perrigo Company PLC","515 Eastern Ave","N/A","Allegan","MI","	49010-9070","United States","Voluntary: Firm initiated","Press Release","Nationwide USA","D-1012-2020","Class II","Regular Strength Acid Reducer, Ranitidine tablets, USP 75 mg, 30 tablets per bottle. [NDC: Brand] NDC CVS Health: 69842-293-65; NDC Equaline 41163-931-65; NDC Family Wellness: 55319-876-65; NDC Good Sense 0113-0876-65; NDC H.E.B.: 37808-876-65; NDC Harris Teeter: 69256-876-65; NDC Health Mart: 62011-0283-1; NDC Leader: 62011-0283-1; NDC Major: 0904-6715-46; NDC Signature Care: 21130-118-65; NDC Sunmark: 49348-136-44; NDC Up & Up: 11673-876-65; NDC Walgreens: 0363-1876-65","N/A","CGMP Deviation; Possible contamination with impurity N-nitrosodimethylamine.","10/23/2019","03/13/2020","11/06/2020","03/25/2020","Lots: 8DE1363,   8EE1558,   8FE1450,   8GE1331,   8HE1221,   8KE2825,   8JE1916,   8KE2243,   8ME2685,   9AE2785,   9AE2786,   9DE2721,   9CE3317,   9EE2579,   9FE2957,   9GE2785,   9GE3218,   9HE3577"
"Drugs","No","12/23/2019","83996","Terminated","Coast Quality Pharmacy, LLC dba Anazao Health","5710 Hoover Blvd","N/A","Tampa","FL","	33634-5339","United States","Voluntary: Firm initiated","Telephone","Nationwide in the U.S.","D-0595-2020","Class II","Clonidine HCL in all strengths, all doses and all packaging, AnazaoHealth 5710 Hoover Blvd Tampa, FL 33634.","Unknown","Lack of Processing Controls; Environmental sampling revealed 1 CFU (Colony Forming Unit) identified as Talaromyces rotundus, a fungi.","09/03/2019","12/06/2019","12/01/2020","12/18/2019","All lots filled and dispensed on 08/26-29/2019 and 09/27/2019 through 10/03/2019 remaining within expiry."
"Drugs","No","12/23/2019","83996","Terminated","Coast Quality Pharmacy, LLC dba Anazao Health","5710 Hoover Blvd","N/A","Tampa","FL","	33634-5339","United States","Voluntary: Firm initiated","Telephone","Nationwide in the U.S.","D-0596-2020","Class II","Clonidine HCL and Baclofen in all strengths, all doses and all packaging, AnazaoHealth 5710 Hoover Blvd Tampa, FL 33634.","Unknown","Lack of Processing Controls; Environmental sampling revealed 1 CFU (Colony Forming Unit) identified as Talaromyces rotundus, a fungi.","09/03/2019","12/06/2019","12/01/2020","12/18/2019","All lots filled and dispensed on 08/26-29/2019 and 09/27/2019 through 10/03/2019 remaining within expiry."
"Drugs","No","12/23/2019","83996","Terminated","Coast Quality Pharmacy, LLC dba Anazao Health","5710 Hoover Blvd","N/A","Tampa","FL","	33634-5339","United States","Voluntary: Firm initiated","Telephone","Nationwide in the U.S.","D-0597-2020","Class II","Clonidine HCL and Baclofen and Fentanyl Citrate in all strengths, all doses and all packaging, AnazaoHealth 5710 Hoover Blvd Tampa, FL 33634.","Unknown","Lack of Processing Controls; Environmental sampling revealed 1 CFU (Colony Forming Unit) identified as Talaromyces rotundus, a fungi.","09/03/2019","12/06/2019","12/01/2020","12/18/2019","All lots filled and dispensed on 08/26-29/2019 and 09/27/2019 through 10/03/2019 remaining within expiry."
"Drugs","No","12/23/2019","83996","Terminated","Coast Quality Pharmacy, LLC dba Anazao Health","5710 Hoover Blvd","N/A","Tampa","FL","	33634-5339","United States","Voluntary: Firm initiated","Telephone","Nationwide in the U.S.","D-0598-2020","Class II","Clonidine HCL PF 750 mcg/mL/Prialt PF (vial) 55 mcg/mL/Bupivacaine HCL PF 24 mg/mL *Compounded 20 mL Syringe (Standard) AnazaoHealth 5710 Hoover Blvd Tampa, FL 33634 (800) 995-4363","Unknown","Lack of Processing Controls; Environmental sampling revealed 1 CFU (Colony Forming Unit) identified as Talaromyces rotundus, a fungi.","09/03/2019","12/06/2019","12/01/2020","12/18/2019","All lots filled and dispensed on 08/26-29/2019 and 09/27/2019 through 10/03/2019 remaining within expiry."
"Drugs","No","12/23/2019","83996","Terminated","Coast Quality Pharmacy, LLC dba Anazao Health","5710 Hoover Blvd","N/A","Tampa","FL","	33634-5339","United States","Voluntary: Firm initiated","Telephone","Nationwide in the U.S.","D-0599-2020","Class II","Sufentanil Citrate PF 90 mcg/mL/Clonidine HCL PF 500 mcg/mL/Bupivacaine HCL PF 12.8 mg/mL, Compounded, 20 mL Syringe, AnazaoHealth 5710 Hoover Blvd Tampa, FL 33634.","Unknown","Lack of Processing Controls; Environmental sampling revealed 1 CFU (Colony Forming Unit) identified as Talaromyces rotundus, a fungi.","09/03/2019","12/06/2019","12/01/2020","12/18/2019","All lots filled and dispensed on 08/26-29/2019 and 09/27/2019 through 10/03/2019 remaining within expiry."
"Drugs","No","12/23/2019","83996","Terminated","Coast Quality Pharmacy, LLC dba Anazao Health","5710 Hoover Blvd","N/A","Tampa","FL","	33634-5339","United States","Voluntary: Firm initiated","Telephone","Nationwide in the U.S.","D-0600-2020","Class II","Morphine Sulfate and Bupivacaine HCL and Clonidine HCL in all strengths, all doses and all packaging AnazaoHealth 5710 Hoover Blvd Tampa, FL 33634 (800) 995-4363","Unknown","Lack of Processing Controls; Environmental sampling revealed 1 CFU (Colony Forming Unit) identified as Talaromyces rotundus, a fungi.","09/03/2019","12/06/2019","12/01/2020","12/18/2019","All lots filled and dispensed on 08/26-29/2019 and 09/27/2019 through 10/03/2019 remaining within expiry."
"Drugs","No","12/23/2019","83996","Terminated","Coast Quality Pharmacy, LLC dba Anazao Health","5710 Hoover Blvd","N/A","Tampa","FL","	33634-5339","United States","Voluntary: Firm initiated","Telephone","Nationwide in the U.S.","D-0601-2020","Class II","Morphine Sulfate and Bupivacaine HCL and Baclofen and Clonidine HCL in all strengths, all doses and all packaging,  AnazaoHealth 5710 Hoover Blvd Tampa, FL 33634.","Unknown","Lack of Processing Controls; Environmental sampling revealed 1 CFU (Colony Forming Unit) identified as Talaromyces rotundus, a fungi.","09/03/2019","12/06/2019","12/01/2020","12/18/2019","All lots filled and dispensed on 08/26-29/2019 and 09/27/2019 through 10/03/2019 remaining within expiry."
"Drugs","No","","84122","Ongoing","Sanofi-Aventis U.S. LLC","55 Corporate Dr","N/A","Bridgewater","NJ","	08807-1265","United States","Voluntary: Firm initiated","Letter","Nationwide","D-0535-2020","Class II","Regular Strength Zantac 75 mg, Distributed by: Chattem, Inc., a Sanofi Company P.O. Box 2219, Chattanooga, TN 37409-0219    NDC's   41167-0300-0,   41167-0300-1,   41167-0300-3,   41167-0300-5,   41167-0300-6,   41167-0300-7,   41167-0300-8  ","N/A","CGMP Deviations: Presence of NDMA impurity detected in product.","10/22/2019","12/01/2019","N/A","12/11/2019","all lots"
"Drugs","No","","84122","Ongoing","Sanofi-Aventis U.S. LLC","55 Corporate Dr","N/A","Bridgewater","NJ","	08807-1265","United States","Voluntary: Firm initiated","Letter","Nationwide","D-0536-2020","Class II","Maximum Strength Zantac 150 mg Distributed by: Chattem, Inc., a Sanofi Company P.O. Box 2219, Chattanooga, TN 37409-0219.    NDC's   41167-0310-1   41167-0310-2   41167-0310-3   41167-0310-4   41167-0310-6   41167-0310-7   41167-0310-8","N/A","CGMP Deviations: Presence of NDMA impurity detected in product.","10/22/2019","12/01/2019","N/A","12/11/2019","all lots"
"Drugs","No","12/06/2019","84188","Terminated","Avantor Performance Materials Inc","7001 Martin Luther King Jr Blvd","N/A","Paris","KY","	40361-2147","United States","Voluntary: Firm initiated","E-Mail","Nationwide in the USA, Canada, India, and Singapore","D-0575-2020","Class II","Potassium Phosphate, Monobasic, Crystal, NF, Multi-Compendial, Bulk Pharmaceutical Chemical, packaged in a) 500G glass bottles, product number 3248-01, NDC 10106-3248-1; b) 2.5KG glass bottles, product number 3248-05, NDC 10106-3248-2; c) 12KG pails, product number 3248-07, NDC 10106-3248-3; d) 1KT bottles and drums, product number 3248-X2; e) 1KT bottles and drums, product number 3248-X3; f) 12KG pails, product number 7390-19; Avantor Performance Materials, LLC, 100 Matsonford, Road, Suite 200, Radnor, PA 19087.","a) 36 bottles; b) 85 bottles; c) 43 pails; d) 28 bottles and drums; e) 100 bottles and drums; f) 4 pails","Failed Stability Specifications: Product exceeds compendia and firm's specifications for iron content.","10/30/2019","12/06/2019","07/16/2023","12/04/2019","Batch: a) 0000226380; b) 0000224662, 0000224663, and 0000227641; c) 0000227640; d) 0000224809; e) 0000224818 and 0000225900; f) 0000224661; Retest Date 12/7/2023"
"Drugs","No","","84122","Ongoing","Sanofi-Aventis U.S. LLC","55 Corporate Dr","N/A","Bridgewater","NJ","	08807-1265","United States","Voluntary: Firm initiated","Letter","Nationwide","D-0537-2020","Class II","Regular Strength Zantac 150 mg Distributed by: Chattem, Inc., a Sanofi Company P.O. Box 2219, Chattanooga, TN 37409-0219. NDC 05269-220-25.    ","N/A","CGMP Deviations: Presence of NDMA impurity detected in product.","10/22/2019","12/01/2019","N/A","12/11/2019","all lots"
"Drugs","No","","84208","Terminated","American Health Packaging","2550 John Glenn Ave Ste A","N/A","Columbus","OH","	43217-1188","United States","Voluntary: Firm initiated","Letter","Nationwide USA","D-0631-2020","Class II","Ranitidine Syrup (Ranitidine Oral Solution USP), 15 mg/mL, 150 mg/10 mL per cup, Rx Only, Distributed by: American Health Packaging, Columbus, Ohio.  (a) Case of 50 cups (NDC 60687-260-69) (b) Case of 40 cups (NDC 60687-260-23 (c) Unit Dose Cup (NDC 60687-260-69)","1,692 cases of 40 and 50 cups","CGMP Deviations: Presence of NDMA impurity detected in product.","11/01/2019","12/29/2019","08/03/2022","01/08/2020","[Case of 40] Lots 183723, 184278, exp 10/31/2020; Lot 187652, exp 05/31/2021; [Case of 50] Lot 177874, exp 01/31/ 2020; Lot 178413, exp 02/29/ 2020; Lot 183449, exp 10/31/2020; Lot 184445, exp 12/31/ 2020; Lot 186563, exp 03/31/ 2021; Lot 187691, exp 05/31/2021"
"Drugs","No","12/05/2019","84241","Terminated","AuroMedics Pharma LLC","279 Princeton Hightstown Rd","N/A","East Windsor","NJ","	08520-1401","United States","Voluntary: Firm initiated","Letter","Nationwide in the USA","D-0573-2020","Class II","Lidocaine HCl Injection, USP, 2% 100 mg/5 mL (20 mg/mL), Preservative-Free, packaged in 10 x 5 mL Single Dose Vials per carton, Rx only, Distributed by: AuroMedics Pharma LLC, 279 Princeton-Hightstown Rd., E. Windsor, NJ  08520, NDC 55150-165-05.","111,850 vials","Presence of Foreign Substance: Foreign material found inside the vial.","11/11/2019","12/05/2019","11/17/2020","12/04/2019","Batch #: CLC190049, Exp 02/2022"
"Drugs","No","12/09/2019","84244","Terminated","AuroMedics Pharma LLC","279 Princeton Hightstown Rd","N/A","East Windsor","NJ","	08520-1401","United States","Voluntary: Firm initiated","Letter","Product was distributed to major wholesalers/distributors who may have further distribute the product throughout the United States.","D-0609-2020","Class II","Fluphenazine Decanoate Injection USP 125mg/5mL, (5 mL Multiple Dose Vial), Rx only, For IM or SC Use, Mfd in India for: AuroMedics Pharma, LLC, E. Windsor, NJ","59,500 vials","Discoloration; Hazy solution found in one vial instead of a clear solution.","11/12/2019","12/09/2019","01/21/2021","12/11/2019","Lot CFD190004, exp. date August 2020"
"Drugs","No","01/06/2020","84261","Terminated","Akorn, Inc.","1925 W Field Ct Ste 300","N/A","Lake Forest","IL","	60045-4862","United States","Voluntary: Firm initiated","Letter","Nationwide in the USA and Puerto Rico","D-0647-2020","Class II","MYORISAN (isotretinoin capsules, USP), 20mg, packaged in 30-count Capsules (3 x 10 Prescription Packs) per box, Rx only, Distributed by:  VersaPharm Inc. - An Akorn Company, Lake Forset, IL 60045; NDC 61748-302-13.","4,206 boxes","Unit Dose Mispackaging: Customer complaint that a carton labeled as Myorisan 20 mg Capsules, USP erroneously contained one 10-count blister card of the 40 mg product in addition to two 10-count blister cards of the 20 mg product.","11/15/2019","01/06/2020","08/09/2022","01/08/2020","Lot V20M54A, Exp 01/2021"
"Drugs","No","12/04/2019","84263","Terminated","QuVa Pharma, Inc.","1075 W Park One Dr Ste 100","N/A","Sugar Land","TX","	77478-2576","United States","Voluntary: Firm initiated","Letter","Nationwide.","D-0546-2020","Class II","fentaNYL 500 mcg/250 mL (2 mcg/mL) Bupivacaine HCl 0.1% 250 mg/250 mL (1 mg/mL) in 0.9% Sodium Chloride 250 mL Bag, Rx only, QuVA Pharma 1075 West Park One Drive, Suite 100 Sugar Land, TX 77478 NDC 70092-1160-37","N/A","Presence of Particulate matter: manufacturer recalled fentanyl API due to potential for glass particules","11/12/2019","12/03/2019","06/05/2020","12/11/2019","Lots: 10029297 Exp. 11/14/2019    10029199 Exp. 11/17/2019,    10029737 Exp. 11/17/2019,    10029763 Exp. 11/17/2019,    10029785 Exp. 11/18/2019,    10029789 Exp. 11/18/2019,  ,  10029790 Exp. 11/18/2019,    10029894 Exp. 11/20/2019,    10029950 Exp. 11/21/2019,    10030006 Exp. 11/24/2019,  ,  10030007 Exp. 11/27/2019,    10030336 Exp. 11/27/2019,  ,  10030941 Exp. 12/3/2019,  10030886 Exp. 12/2/2019,  10030453 Exp. 11/26/2019,    10030887 Exp. 12/4/2019,    10030990 Exp. 12/4/2019,  10030991 Exp. 12/4/2019,,  10030942 Exp. 12/3/2019,    10030886 Exp. 12/2/2019,  10030909 Exp. 12/2/2019,    10030431 Exp. 11/26/2019,    10030432 Exp. 11/26/2019,    10030454 Exp. 11/26/2019,    10031056 Exp. 12/5/2019,  10031057 Exp. 12/5/2019,    10030990 Exp. 12/4/2019,    10030886 Exp. 12/2/2019,,  10030454 Exp. 11/26/2019,  10031056 Exp. 12/5/2019,      10031058 Exp. 12/5/2019,  10031087 Exp. 12/6/2019,  10031153 Exp. 12/8/2019,  10031087 Exp. 12/6/2019,  10031088 Exp. 12/6/2019,  10031376 Exp. 12/6/2019,    10031178 Exp. 12/9/2019,    10031179 Exp. 12/9/2019,    10031152 Exp. 12/8/2019,    10031153 Exp. 12/8/2019,  10031376 Exp. 12/6/2019,  10031236 Exp. 12/10/2019,      10031179 Exp. 12/9/2019,  10031152 Exp. 12/8/2019,  10031236 Exp. 12/10/2019,  10031237 Exp. 12/10/2019,    10031732 Exp. 12/22/2019,    10031616 Exp. 12/19/2019,  10031617 Exp. 12/22/2019,    10031731 Exp. 12/22/2019,    10031732 Exp. 12/22/2019,    10031616 Exp. 12/19/2019,    10031617 Exp. 12/22/2019,    10031950 Exp. 12/26/2019,  10031979 Exp. 12/29/2019,    10031980 Exp. 12/30/2019,    10032308 Exp. 12/31/2019,    10032309 Exp. 12/31/2019,    10032415 Exp. 1/2/2020,  10032416 Exp. 1/2/2020,  10032804 Exp. 1/5/2020,    10032805 Exp. 1/5/2020,    10032582 Exp. 1/6/2020,  10032808 Exp. 1/6/2020,  10032809 Exp. 1/6/2020,    10032810 Exp. 1/6/2020,    10032559 Exp. 1/6/2020,    10032582 Exp. 1/6/2020,    10032809 Exp. 1/6/2020,  10032810 Exp. 1/6/2020, 10032811 Exp. 1/6/2020, 10032805 Exp. 1/5/2020, 10032805 Exp. 1/5/2020, 10032534 Exp. 1/14/2020, 10032534 Exp. 1/14/2020, 10032534 Exp. 1/14/2020, 10032534 Exp. 1/14/2020, 10032534 Exp. 1/14/2020, 10032534 Exp. 1/14/2020, 10031951 Exp. 12/26/2019, 10031951 Exp. 12/26/2019, 10031951 Exp. 12/26/2019, 10031951 Exp. 12/26/2019, 10033008 Exp. 1/15/2020, 10033008 Exp. 1/15/2020, 10032038 Exp. 1/19/2020, 10032038 Exp. 1/19/2020, 10032039 Exp. 1/19/2020, 10033008 Exp. 1/15/2020, 10032039 Exp. 1/19/2020"
"Drugs","No","","84282","Terminated","Glenmark Pharmaceuticals Inc., USA","750 Corporate Dr","N/A","Mahwah","NJ","	07430-2009","United States","Voluntary: Firm initiated","Letter","Nationwide","D-0618-2020","Class III","Clobetasol Propionate Foam, 0.05%, a) 50 g pack (NDC 68462-608-27) and b) 100 g pack (NDC 68462-608-94), Rx only,   Manufactured by: Glenmark Pharmaceuticals  Ltd. Plot No.: B-25, MIDC, Shendra Aurangabad - 431210, Maharashtra, India Manufactured for: Glenmark Pharmaceuticas Inc. USA Mahwah, NJ 07430","a) 34521 bottles; b) 16930 bottles","Defective delivery system; product is not foaming or is coming out as liquid.","11/15/2019","12/10/2019","03/15/2024","12/18/2019","a) 14190026, 14190028, 14190029, exp Feb-2021, 14190043, 14190045 exp Apr-2021    b) 14190024, 14190025, 14190027, exp Feb-2021, 14190030, 14190031, exp Mar-2021, 14190039, 14190042 exp Apr-2021, 14190047 exp May-2021, 14190062 exp Jul-2021"
"Drugs","No","","84289","Terminated","Apothecus Pharmaceutical Corp.","485 S Broadway Ste 27","N/A","Hicksville","NY","	11801-5071","United States","Voluntary: Firm initiated","Letter","Nationwide in the US and Canada","D-0623-2020","Class III","VCF Vaginal Contraceptive Foam, a) can, 13 applications per can, Net wt. 0.6 oz (17g). NDC 52925-312-14, b) case pack with 36 cans in a nested container. Net wt 0.6 oz (17g) per can. NDC 52925-312-06, Distributed By: Apothecus Pharmaceutical Corp. Oyster Bay, NY 11771.       ","a) 34,417 cans b)142 cases 5,112 cans","Defective Delivery System: canister unit exhibiting propellant leakage or loss, rendering the product and canister unusable","11/25/2019","12/19/2019","09/24/2024","12/25/2019","Lot # 31560, 31561 exp. date 06/2021"
"Drugs","No","","84291","Terminated","Wisconsin Pharmacal Company, LLC","N168w22223 Main St","N/A","Jackson","WI","	53037","United States","Voluntary: Firm initiated","Letter","OR","D-0781-2020","Class II","Yeast Arrest, Homeopathic Formula, Vaginal Support suppositories, packaged in a) 14-count carton (NDC 68093-0730-1 and 68093-0730-3), b) 28-count carton (NDC 68093-0730-2 and 68093-0730-4), Manufactured for: Vitanica, 12401 SW Leveton Drive, Tualatin, OR 97062.","44,373 cartons","cGMP violations","11/14/2019","01/16/2020","11/06/2020","01/22/2020","Lot #:  a) 81827, Exp 8/2020; 111872, Exp 11/2020; 41970, Exp 4/2021; 519104, Exp 5/2021; b) 81827, Exp 8/2020; 111872, Exp 11/2020; 41970, Exp 4/2021."
"Drugs","No","01/08/2020","84308","Terminated","AuroMedics Pharma LLC","279 Princeton Hightstown Rd","N/A","East Windsor","NJ","	08520-1401","United States","Voluntary: Firm initiated","Letter","Nationwide within the United States","D-0653-2020","Class II","Gabapentin Capsules, USP 100 mg, Rx Only, Distributed by: Aurobindo Pharma USA, Inc. Dayton, NJ 08810, NDC 65682-198-99  ","N/A","Presence of Foreign Tablets/Capsules: One  Losartan/HCTZ tablet was found in Gabapentin 1000 count bottles..","11/19/2019","01/08/2020","04/04/2023","12/25/2019","Lot #: 19819029A3, Exp. 08/2021"
"Drugs","No","12/10/2019","84311","Terminated","Pacira Pharmaceuticals, Inc.","10450 Science Center Dr","N/A","San Diego","CA","	92121-1119","United States","Voluntary: Firm initiated","Letter","Distributed Nationwide in the USA","D-0621-2020","Class II","EXPAREL, Bupivicaine Liposome Injectable Suspension, 1.3%, 266 mg/20 mL (13 mg/mL), Sterile, 20 mL vial, Rx only, Manufactured by: Pacira Pharmaceuticals, Inc. San Diego, CA 92121. NDC: 65250-266-20,","910 20 mL vials","Sub Potent Drug: Out of Specification (OOS)","11/21/2019","12/10/2019","06/03/2020","12/11/2019","Pacira Lot #: 19-5002, Patheon manufacturer Lot #: 098214; Exp. Date: Dec 2019"
"Drugs","No","12/04/2019","84263","Terminated","QuVa Pharma, Inc.","1075 W Park One Dr Ste 100","N/A","Sugar Land","TX","	77478-2576","United States","Voluntary: Firm initiated","Letter","Nationwide.","D-0547-2020","Class II","fentaNYL 500 mcg/250 mL (2 mcg/mL) 0.125% BUPivacaine HCl 312.5 mg/250 mL (1.25 mg/mL) in 0.9% Sodium Chloride 250 mL Bag, Rx, QuVA Pharma 1075 West Park One Drive, Suite 100 Sugar Land, TX 77478  NDC 70092-1105-37","N/A","Presence of Particulate matter: manufacturer recalled fentanyl API due to potential for glass particules","11/12/2019","12/03/2019","06/05/2020","12/11/2019","Lots: 10029289 Exp. 11/14/2019    10029841 Exp. 11/19/2019,    10029861 Exp. 11/19/2019,    10029863 Exp. 11/19/2019,      10030008 Exp. 11/24/2019,  10029946 Exp. 11/21/2019,    10030009 Exp. 11/24/2019,    10030010 Exp. 11/24/2019,    10030483 Exp. 11/27/2019,    10030482 Exp. 11/27/2019,  ,  10030958 Exp. 12/3/2019,  ,  10030908 Exp. 12/2/2019,    10030430 Exp. 11/26/2019,    10030989 Exp. 12/4/2019,    10030959 Exp. 12/3/2019,    10030907 Exp. 12/2/2019,    10030908 Exp. 12/2/2019,    10031283 Exp. 12/11/2019,    10031345 Exp. 12/12/2019,    10031346 Exp. 12/12/2019,    10031477 Exp. 12/16/2019,  10031433 Exp. 12/15/2019,    10031434 Exp. 12/15/2019,    10031478 Exp. 12/16/2019,    10031568 Exp. 12/18/2019,  10031615 Exp. 12/19/2019,    10031479 Exp. 12/18/2019,    10031568 Exp. 12/18/2019,    10031569 Exp. 12/18/2019,  10031570 Exp. 12/18/2019,    10031642 Exp. 12/20/2019,    10031591 Exp. 12/19/2019,    10031813 Exp. 12/23/2019,    10031814 Exp. 12/23/2019,    10032008 Exp. 12/27/2019,    10032009 Exp. 12/27/2019,    10031759 Exp. 12/26/2019,  10031946 Exp. 12/26/2019,  10031846 Exp. 12/24/2019,  10032250 Exp. 12/30/2019,    10031845 Exp. 12/24/2019,    10031846 Exp. 12/24/2019,    10032366 Exp. 1/1/2020,    10032391 Exp. 1/1/2020,  ,  10032333 Exp. 12/31/2019,    10032445 Exp. 1/2/2020,    10031760 Exp. 1/7/2020,  10031975 Exp. 12/29/2019,  10031760 Exp. 1/7/2020,    10032533 Exp. 1/7/2020,  10031975 Exp. 12/29/2019,  10031976 Exp. 12/29/2019,    10031977 Exp. 12/29/2019,    10031760 Exp. 1/7/2020,  10032533 Exp. 1/7/2020,  10031976 Exp. 12/29/2019,    10031977 Exp. 12/29/2019,  10032664 Exp. 1/8/2020,    10032665 Exp. 1/8/2020,    10032533 Exp. 1/7/2020,  ,  10032614 Exp. 1/7/2020,    10032615 Exp. 1/7/2020"
"Drugs","No","12/04/2019","84263","Terminated","QuVa Pharma, Inc.","1075 W Park One Dr Ste 100","N/A","Sugar Land","TX","	77478-2576","United States","Voluntary: Firm initiated","Letter","Nationwide.","D-0548-2020","Class II","fentaNYL 200 mcg/100 mL (2 mcg/mL) ROPivacaine HCl 0.2% 200 mg/100 mL (2 mg/mL) in 0.9% Sodium Chloride 100 mL CADD, Rx, QuVA Pharma 1075 West Park One Drive, Suite 100 Sugar Land, TX 77478NDC 70092-1259-75","N/A","Presence of Particulate matter: manufacturer recalled fentanyl API due to potential for glass particules","11/12/2019","12/03/2019","06/05/2020","12/11/2019","Lots: 10029829 Exp. 11/18/2019, 10029883 Exp. 11/19/2019, 10029829 Exp. 11/18/2019, 10029883 Exp. 11/19/2019, 10030056 Exp. 11/24/2019, 10029883 Exp. 11/19/2019, 10030867 Exp. 11/27/2019, 10030056 Exp. 11/24/2019, 10031005 Exp. 12/4/2019, 10030950 Exp. 12/3/2019, 10031005 Exp. 12/4/2019, 10031103 Exp. 12/6/2019, 10031006 Exp. 12/4/2019, 10031142 Exp. 12/8/2019, 10031274 Exp. 12/10/2019, 10031710 Exp. 12/12/2019, 10031628 Exp. 12/19/2019, 10031777 Exp. 12/22/2019, 10031683 Exp. 12/22/2019, 10032050 Exp. 12/29/2019, 10032051 Exp. 12/29/2019, 10032435 Exp. 1/2/2020, 10032468 Exp. 1/2/2020, 10032545 Exp. 1/5/2020, 10032676 Exp. 1/8/2020, 10032677 Exp. 1/8/2020, 10032595 Exp. 1/6/2020, 10032545 Exp. 1/5/2020, 10032596 Exp. 1/6/2020"
"Drugs","No","12/04/2019","84263","Terminated","QuVa Pharma, Inc.","1075 W Park One Dr Ste 100","N/A","Sugar Land","TX","	77478-2576","United States","Voluntary: Firm initiated","Letter","Nationwide.","D-0549-2020","Class II","fentaNYL 500 mcg/250 mL (2 mcg/mL) BUPivacaine HCl 0.0625% 156.25 mg/250 mL (0.625 mg/mL) in 0.9% Sodium Chloride in 250 mL Bag, QuVA Pharma 1075 West Park One Drive, Suite 100 Sugar Land, TX 77478  NDC 70092-1269-37","N/A","Presence of Particulate matter: manufacturer recalled fentanyl API due to potential for glass particules","11/12/2019","12/03/2019","06/05/2020","12/11/2019","Lots: 10029288 Exp. 11/14/2019,    10029762 Exp. 11/14/2019,  10029788 Exp. 11/18/2019,  10029838 Exp. 11/19/2019,  10029948 Exp. 11/21/2019,  10029949 Exp. 11/21/2019,  10030337 Exp. 11/24/2019,  10029838 Exp. 11/19/2019,  10030539 Exp. 11/28/2019,  10030943 Exp. 12/3/2019,  10030964 Exp. 12/3/2019,  10030963 Exp. 12/3/2019,  10030964 Exp. 12/3/2019,  10030888 Exp. 12/2/2019,  10030963 Exp. 12/3/2019,  10031129 Exp. 12/8/2019,  10031284 Exp. 12/11/2019,  10031414 Exp. 12/15/2019,  10031435 Exp. 12/16/2019,  10031735 Exp. 12/22/2019,  10032253 Exp. 12/30/2019,  10030455 Exp. 11/26/2019,  10032535 Exp. 1/6/2020,  10032280 Exp. 12/31/2019,  10030455 Exp. 11/26/2019,  10032535 Exp. 1/6/2020,    10033009 Exp. 1/15/2020,  10032585 Exp. 1/14/2020,  10033009 Exp. 1/15/2020"
"Drugs","No","12/04/2019","84263","Terminated","QuVa Pharma, Inc.","1075 W Park One Dr Ste 100","N/A","Sugar Land","TX","	77478-2576","United States","Voluntary: Firm initiated","Letter","Nationwide.","D-0550-2020","Class II","fentaNYL 200 mcg/100 mL (2 mcg/mL) BUPivacaine HCl 0.125% 125 mg/100 mL (1.25 mg/mL) in 0.9% Sodium Chloride Preservative Free, 100 mL in 150 Bag, Rx, QuVA Pharma 1075 West Park One Drive, Suite 100 Sugar Land, TX 77478  NDC 70092-1104-36","N/A","Presence of Particulate matter: manufacturer recalled fentanyl API due to potential for glass particules","11/12/2019","12/03/2019","06/05/2020","12/11/2019","Lots: 1002929 Exp. 11/14/2019,    10029839 Exp. 11/19/2019,    10029840 Exp. 11/19/2019,  10029806 Exp. 11/18/2019,    10029860 Exp. 11/18/2019,    10030370 Exp. 11/25/2019,    10030002 Exp. 11/24/2019,    10030001 Exp. 11/25/2019,  10030003 Exp. 11/24/2019,    10030013 Exp. 11/24/2019,    10030014 Exp. 11/24/2019,    10030001 Exp. 11/25/2019,    10030013 Exp. 11/24/2019,    10030001 Exp. 11/25/2019,  10030538 Exp. 11/28/2019,  10030906 Exp. 11/28/2019,      10030905 Exp. 11/28/2019,      10030429 Exp. 11/26/2019,    10031151 Exp. 12/8/2019,    10031039 Exp. 12/5/2019,    10031282 Exp. 12/11/2019,    10031412 Exp. 12/15/2019,    10031432 Exp. 12/16/2019,    10031460 Exp. 12/16/2019,    10031461 Exp. 12/16/2019,    10031462 Exp. 12/16/2019,    10031567 Exp. 12/18/2019,    10031613 Exp. 12/19/2019,    10031614 Exp. 12/19/2019,    10031567 Exp. 12/18/2019,    10031695 Exp. 12/22/2019,    10031667 Exp. 12/20/2019,  10031788 Exp. 12/23/2019,    10031789 Exp. 12/23/2019,    10031790 Exp. 12/23/2019,    10031812 Exp. 12/23/2019,    10031475 Exp. 12/20/2019,    10031476 Exp. 12/20/2019,  10031641 Exp. 12/20/2019,    10031667 Exp. 12/20/2019,    10031668 Exp. 12/20/2019,    10031566 Exp. 12/18/2019,  10031200 Exp. 12/10/2019,  10032006 Exp. 12/27/2019,    10032007 Exp. 12/27/2019,      10032037 Exp. 12/27/2019,    10032249 Exp. 12/30/2019,    10032276 Exp. 12/30/2019,  10031916 Exp. 12/25/2019,  10031917 Exp. 12/25/2019,    10031843 Exp. 12/24/2019,    10031844 Exp. 12/24/2019,    10031866 Exp. 12/24/2019,    10031867 Exp. 12/24/2019,    10032248 Exp. 12/30/2019,    10032276 Exp. 12/30/2019,    10031811 Exp. 12/25/2019,    10031916 Exp. 12/25/2019,  10031868 Exp. 12/24/2019,  10032306 Exp. 12/31/2019,  10032307 Exp. 12/31/2019,    10032332 Exp. 12/31/2019,    10032364 Exp. 1/1/2020,    10032365 Exp. 1/1/2020,  10032389 Exp. 1/1/2020,    10032390 Exp. 1/2/2020,  10032331 Exp. 12/31/2019  10032556 Exp. 1/6/2020,  10031974 Exp. 12/29/2019,  10032556 Exp.1/6/2020  10032557 Exp. 1/6/2020  10032277 Exp. 12/30/2019,   10031974 Exp. 12/29/2019,  10032612 Exp. 1/7/2020,  10032613 Exp. 1/7/2020,   10032635 Exp. 1/7/2020,  10032636 Exp. 1/7/2020,   10032556 Exp. 1/6/2020,  10032557 Exp. 1/6/2020,   10032849 Exp. 1/12/2020,   10032532 Exp. 1/14/2020,  10033351 Exp. 1/16/2020, 10031040 Exp. 12/5/2019"
"Drugs","No","12/04/2019","84263","Terminated","QuVa Pharma, Inc.","1075 W Park One Dr Ste 100","N/A","Sugar Land","TX","	77478-2576","United States","Voluntary: Firm initiated","Letter","Nationwide.","D-0551-2020","Class II","fentaNYL 1500 mcg/30 mL (50 mcg/mL) 30 mL in 35 mL Syringe Preservative Free, Rx, QuVA Pharma 1075 West Park One Drive, Suite 100 Sugar Land, TX 77478  NDC 70092-1099-49","N/A","Presence of Particulate matter: manufacturer recalled fentanyl API due to potential for glass particules","11/12/2019","12/03/2019","06/05/2020","12/11/2019","Lots: 10029934 Exp. 11/19/2019,    10029820 Exp. 11/18/2019,    10029872 Exp. 11/19/2019,    10029873 Exp. 11/19/2019,    10030868 Exp. 11/28/2019,    10030567 Exp. 11/28/2019,      10030892 Exp. 12/2/2019,  10030567 Exp. 11/28/2019,    10030568 Exp. 11/28/2019,    10030892 Exp. 12/2/2019,    10031210 Exp. 12/9/2019,    10031211 Exp. 12/9/2019,    10031209 Exp. 12/12/2019,  10031439 Exp. 12/15/2019,    10031700 Exp. 12/22/2019,    10031438 Exp. 12/15/2019,    10031766 Exp. 12/26/2019,    10032225 Exp.12/29/2019,    10032260 Exp. 12/30/2019,    10032343 Exp. 12/31/2019,"
"Drugs","No","12/04/2019","84263","Terminated","QuVa Pharma, Inc.","1075 W Park One Dr Ste 100","N/A","Sugar Land","TX","	77478-2576","United States","Voluntary: Firm initiated","Letter","Nationwide.","D-0552-2020","Class II","fentaNYL 500 mcg/250 mL (2 mcg/mL) ROPivacaine HCl 0.2% 500 mg/250 mL (2 mg/mL) in 0.9% Sodium Chloride 250 mL Bag Rx, Preservative Free, Rx, QuVA Pharma 1075 West Park One Drive, Suite 100 Sugar Land, TX 77478  NDC 70092-1225-37","N/A","Presence of Particulate matter: manufacturer recalled fentanyl API due to potential for glass particules","11/12/2019","12/03/2019","06/05/2020","12/11/2019","Lots: 10029346 Exp. 11/15/2019,    10029347 Exp. 11/15/2019,    10029982 Exp. 11/22/2019,    10029347 Exp. 11/15/2019,  10029982 Exp. 11/22/2019,    10030017 Exp. 11/24/2019,    10029982 11/22/2019,  10030017 Exp. 11/24/2019,    10030401 Exp. 11/25/2019,    10030017 Exp. 11/24/2019,  10031092 Exp. 12/6/2019,  10030401 Exp. 11/25/2019,    10031092 12/6/2019,  10031349 Exp. 12/12/2019,    10032011 Exp. 12/27/2019,    10032012 Exp. 12/27/2019,      10032505 Exp. 1/5/2020,  10032447 Exp. 1/2/2020,    10032932 Exp. 1/13/2020,"
"Drugs","No","12/04/2019","84263","Terminated","QuVa Pharma, Inc.","1075 W Park One Dr Ste 100","N/A","Sugar Land","TX","	77478-2576","United States","Voluntary: Firm initiated","Letter","Nationwide.","D-0553-2020","Class II","fentaNYL 2500 mcg/250 mL (10 mcg/mL) in 0.9% Sodium Chloride 250 mL Bag Preservative Free, Rx, QuVA Pharma 1075 West Park One Drive, Suite 100 Sugar Land, TX 77478   NDC 70092-1093-37","N/A","Presence of Particulate matter: manufacturer recalled fentanyl API due to potential for glass particules","11/12/2019","12/03/2019","06/05/2020","12/11/2019","Lots: 10029202 Exp. 11/17/2019,    10029753 Exp. 11/17/2019,    10029756 Exp. 11/17/2019,    10029792 Exp. 11/18/2019,  10029793 Exp. 11/18/2019,    10029808 Exp. 11/18/2019,    10029809 Exp. 11/18/2019,    10029810 Exp. 11/18/2019,  10029757 Exp. 11/17/2019,    10029758 Exp. 11/17/2019,    10029809 Exp. 11/18/2019,    10029810 Exp. 11/18/2019,    10029920 Exp. 11/19/2019,    10029897 Exp. 11/20/2019,    10029793 Exp. 11/18/2019,  10029920 Exp. 11/19/2019,  10030394 Exp. 11/25/2019,        10030395 Exp. 11/25/2019,  10030479 Exp. 11/27/2019,    10030480 Exp. 11/27/2019,    10030481 Exp. 11/27/2019,    10030449 Exp. 11/26/2019,    10030450 Exp. 11/26/2019,    10030451 Exp. 11/26/2019,    10030883 Exp. 12/2/2019,    10030885 Exp. 12/2/2019,    10030507 Exp. 11/27/2019,    10030508 Exp. 11/27/2019,  10030936 Exp. 12/3/2019,    10030937 Exp. 12/3/2019,    10030956 Exp. 12/3/2019,    10030903 Exp. 11/30/2019,    10030904 Exp. 11/30/2019,    10030988 Exp. 12/4/2019,    10030938 Exp. 12/3/2019,    10030955 Exp. 12/3/2019,    10030884 Exp. 11/30/2019,    10030902 Exp. 11/30/2019,    10030986 Exp. 12/4/2019,    10030987 Exp. 12/4/2019,  10031009 Exp. 12/4/2019,    10031127 Exp. 12/8/2019,  10031128 Exp. 12/8/2019,    10031150 Exp. 12/8/2019,    10031009 Exp. 12/4/2019,  10030506 Exp. 11/27/2019,  10030448 Exp. 11/26/2019,    10031176 Exp. 12/9/2019,  10031385 Exp. 12/9/2019,    10031127 Exp. 12/8/2019,  10031128 Exp. 12/8/2019,  10031149 Exp. 12/8/2019,    10031234 Exp. 12/10/2019,    10031235 Exp. 12/10/2019,    10031259 Exp. 12/10/2019,    10031261 Exp. 12/10/2019,  10031177 Exp. 12/9/2019,    10031384 Exp. 12/9/2019,    10030426 Exp. 11/26/2019,    10030427 Exp. 11/26/2019,    10031260 Exp. 12/10/2019,    10030957 Exp. 12/3/2019,    10031389 Exp. 12/11/2019,  10030957 Exp. 12/3/2019,  10030904 Exp. 11/30/2019,  10031502 Exp. 12/17/2019,  10031474 Exp. 12/16/2019,    10031503 Exp. 12/17/2019,    10031589 Exp. 12/19/2019,  10031611 Exp. 12/19/2019,    10031565 Exp. 12/18/2019,  10031502 Exp. 12/17/2019,    10031563 Exp. 12/17/2019,    10031693 Exp. 12/22/2019,  10031694 Exp. 12/22/2019,  10031730 Exp. 12/22/2019,    10031588 Exp. 12/19/2019,  10031589 Exp. 12/19/2019,    10031610 Exp. 12/19/2019,    10031564 Exp. 12/18/2019,  10031565 Exp. 12/18/2019,    10031785 Exp. 12/23/2019,    10031693 Exp. 12/22/2019,    10031694 Exp. 12/22/2019,    10031729 Exp. 12/22/2019,    10031640 Exp. 12/20/2019,    10031564 Exp. 12/18/2019,    10031786 Exp. 12/23/2019,    10031810 Exp. 12/23/2019,    10031893 Exp. 12/25/2019,    10031894 Exp. 12/25/2019,    10032247 Exp. 12/30/2019,    10032218 Exp. 12/29/2019,    10031914 Exp. 12/25/2019,  10031915 Exp. 12/25/2019,    10031841 Exp. 12/24/2019,  10031864 Exp. 12/24/2019,    10032217 Exp. 12/29/2019,    10031914 Exp. 12/25/2019,    10031841 Exp. 12/24/2019,    10031842 Exp. 12/24/2019,    10032362 Exp. 1/1/2020,    10032363 Exp. 1/1/2020,    10032387 Exp. 1/1/2020,    10032304 Exp. 12/31/2019,    10032388 Exp. 1/1/2020,    10032554 Exp. 1/6/2020,  10032503 Exp. 1/5/2020,      10032504 Exp. 1/5/2020,  10032554 Exp. 1/6/2020,  10032555 Exp. 1/6/2020,    10032580 Exp. 1/6/2020,  10032581 Exp. 1/6/2020,  10032504 Exp. 1/5/2020,  10032529 Exp. 1/5/2020,  10032530 Exp. 1/5/2020,  10032554 Exp. 1/6/2020,  10032555 Exp. 1/6/2020,    10032581 Exp. 1/6/2020,    10032504 Exp. 1/5/2020,    10032529 Exp. 1/5/2020,    10032530 Exp. 1/5/2020"
"Drugs","No","12/04/2019","84263","Terminated","QuVa Pharma, Inc.","1075 W Park One Dr Ste 100","N/A","Sugar Land","TX","	77478-2576","United States","Voluntary: Firm initiated","Letter","Nationwide.","D-0554-2020","Class II","fentaNYL 400 mcg/200 mL (2 mcg/mL) ROPivacaine HCl 0.2% 400 mg/200 mL (2 mg/mL) in 0.9% Sodium Chloride 200 mL CADD Preservative Free, Rx, QuVA Pharma 1075 West Park One Drive, Suite 100 Sugar Land, TX 77478  NDC 70092-1440-76","N/A","Presence of Particulate matter: manufacturer recalled fentanyl API due to potential for glass particules","11/12/2019","12/03/2019","06/05/2020","12/11/2019","Lots: 10029307 Exp. 11/14/2019,    10029939 Exp. 11/20/2019,      10029884 Exp. 11/19/2019,    10029915 Exp. 11/20/2019,    10030385 Exp. 11/25/2019,    10030386 Exp. 11/25/2019,  10030923 Exp. 12/11/2019,      10031320 Exp. 12/11/2019,  10031025 Exp. 12/12/2019,    10031024 Exp. 12/12/2019,    10032678 Exp. 1/8/2020,    10032993 Exp. 1/14/2020"
"Drugs","No","12/04/2019","84263","Terminated","QuVa Pharma, Inc.","1075 W Park One Dr Ste 100","N/A","Sugar Land","TX","	77478-2576","United States","Voluntary: Firm initiated","Letter","Nationwide.","D-0555-2020","Class II","fentaNYL 1000 mcg/100 mL (10 mcg/mL) in 0.9% Sodium Chloride Preservative Free, Rx, QuVA Pharma 1075 West Park One Drive, Suite 100 Sugar Land, TX 77478  NDC 70092-1092-36","N/A","Presence of Particulate matter: manufacturer recalled fentanyl API due to potential for glass particules","11/12/2019","12/03/2019","06/05/2020","12/11/2019","Lots: 10029286 Exp. 11/14/2019    10029287 Exp. 11/14/2019    10029761 Exp. 11/14/2019    10029764 Exp. 11/14/2019    10029754 Exp. 11/17/2019    10029787 Exp. 11/17/2019    10029862 Exp. 11/18/2019    10029892 Exp. 11/20/2019    10029893 Exp. 11/20/2019    10030011 Exp. 11/24/2019    10030012 Exp. 11/24/2019    10030018 Exp. 11/24/2019    10029947 Exp. 11/21/2019    10029951 Exp. 11/21/2019      10030011 Exp. 11/24/2019  10030012 Exp. 11/24/2019  10030018 Exp. 11/24/2019    10030346 Exp. 11/24/2019    10030345 Exp. 11/24/2019    10030880 Exp. 12/2/2019    10030882 Exp. 12/2/2019    10030983 Exp. 12/4/2019    10030985 Exp. 12/4/2019  10030933 Exp. 12/3/2019    10030934 Exp. 12/3/2019    10030935 Exp. 12/3/2019    10030881 Exp. 12/2/2019  10030982 Exp. 12/4/2019    10030983 Exp. 12/4/2019    10030984 Exp. 12/4/2019    10030985 Exp. 12/4/2019    10031035 Exp. 12/5/2019    10031036 Exp. 12/5/2019    10031037 Exp. 12/5/2019    10031038 Exp. 12/5/2019      10031175 Exp. 12/9/2019    10031198 Exp. 12/10/2019    10031199 Exp. 12/10/2019    10031232 Exp. 12/10/2019    10031242 Exp. 12/10/2019    10031386 Exp. 12/10/2019    10031174 Exp. 12/9/2019    10030424 Exp. 11/26/2019    10030425 Exp. 11/26/2019      10031233 Exp. 12/10/2019    10031459 Exp. 12/16/2019  10031526 Exp. 12/16/2019  10031410 Exp. 12/15/2019    10031431 Exp. 12/15/2019    10031458 Exp. 12/16/2019    10031459 Exp. 12/16/2019    10031525 Exp. 12/16/2019  10031526 Exp. 12/16/2019  10031608 Exp. 12/19/2019  10031664 Exp. 12/20/2019    10031608 Exp. 12/19/2019    10031609 Exp. 12/19/2019  10031663 Exp. 12/20/2019  10031411 Exp. 12/15/2019    10031840 Exp. 12/24/2019    10031863 Exp. 12/24/2019    10031754 Exp. 12/26/2019  10031755 Exp. 12/26/2019    10031943 Exp. 12/26/2019    10031945 Exp. 12/26/2019  10032002 Exp. 12/27/2019    10032003 Exp. 12/27/2019    10032005 Exp. 12/27/2019    10032031 Exp. 12/27/2019  10032033 Exp. 12/27/2019    10032035 Exp. 12/27/2019  10031754 Exp. 12/26/2019    10031755 Exp. 12/26/2019    10031756 Exp. 12/26/2019    10031940 Exp. 12/26/2019  10031941 Exp. 12/26/2019  10031943 Exp. 12/26/2019    10031944 Exp. 12/26/2019  10031945 Exp. 12/26/2019  10032005 Exp. 12/27/2019    10032032 Exp. 12/27/2019    10032035 Exp. 12/27/2019    10031754 Exp. 12/26/2019  10031942 Exp. 12/26/2019  10031970 Exp. 12/29/2019   10031971 Exp. 12/29/2019  10031972 Exp. 12/29/2019    10031973 Exp. 12/29/2019    10032273 Exp. 12/30/2019    10032274 Exp. 12/30/2019    10032329 Exp. 12/31/2019    10032330 Exp. 12/31/2019    10032812 Exp. 1/6/2020    10032502 Exp. 1/5/2020    10032004 Exp. 12/27/2019    10032028 Exp. 12/27/2019    10032029 Exp. 12/27/2019  10032034 Exp. 12/27/2019  10032813 Exp. 1/6/2020  10032502 Exp. 1/5/2020    10032029 Exp. 12/27/2019  10032030 Exp. 12/27/2019    10032034 Exp. 12/27/2019  10032813 Exp. 1/6/2020    10033353 Exp. 1/17/2020  10033352 Exp. 1/16/2020    10031753 Exp. 12/26/2019"
"Drugs","No","12/04/2019","84263","Terminated","QuVa Pharma, Inc.","1075 W Park One Dr Ste 100","N/A","Sugar Land","TX","	77478-2576","United States","Voluntary: Firm initiated","Letter","Nationwide.","D-0556-2020","Class II","fentaNYL 100 mcg/2 mL (50 mcg/mL) Preservative Free, Rx,   QuVA Pharma 1075 West Park One Drive, Suite 100 Sugar Land, TX 77478   NDC 70092-1097-43","N/A","Presence of Particulate matter: manufacturer recalled fentanyl API due to potential for glass particules","11/12/2019","12/03/2019","06/05/2020","12/11/2019","Lots: 10029772 Exp. 11/17/2019,    10030627 Exp. 11/22/2019,    10030626 Exp. 11/21/2019,    10030408 Exp. 11/25/2019,    10030512 Exp. 11/27/2019,    10030408 Exp. 11/25/2019,  10031107 Exp. 12/5/2019,    10031268 Exp. 12/10/2019,    10031437 Exp. 12/15/2019,      10031821 Exp. 12/23/2019,      10032285 Exp. 12/30/2019"
"Drugs","No","12/04/2019","84263","Terminated","QuVa Pharma, Inc.","1075 W Park One Dr Ste 100","N/A","Sugar Land","TX","	77478-2576","United States","Voluntary: Firm initiated","Letter","Nationwide.","D-0557-2020","Class II","fentaNYL 200 mcg/100 mL (2 mcg/mL) 0.125% Bupivacaine HCl 125 mg/100 mL (1.25 mg/mL) in 0.9% Sodium Chloride, 100 mL CADD Preservative Free, Rx, QuVA Pharma 1075 West Park One Drive, Suite 100 Sugar Land, TX 77478   NDC 70092-1202-75","N/A","Presence of Particulate matter: manufacturer recalled fentanyl API due to potential for glass particules","11/12/2019","12/03/2019","06/05/2020","12/11/2019","Lots: 10029306 Exp. 11/14/2019,    10029881 Exp. 11/18/2019,    10029748 Exp. 11/17/2019,    10029881 Exp. 11/18/2019,    10029882 Exp. 11/18/2019,    10029854 Exp. 11/19/2019,    10029882 Exp. 11/18/2019,    10030947 Exp. 12/3/2019,  10030894 Exp. 12/2/2019,    10030442 Exp. 11/26/2019,    10031295 Exp. 12/11/2019,    10031319 Exp. 12/11/2019,    10031518 Exp. 12/17/2019,    10031553 Exp. 12/17/2019,  10031468 Exp. 12/16/2019,    10032703 Exp. 1/8/2020,    10032594 Exp. 1/6/2020,    10032543 Exp. 1/5/2020,    10031906 Exp. 12/25/2019,    10031882 Exp. 12/24/2019,    10031802 Exp. 12/23/2019,    10032594 Exp. 1/6/2020,    10032543 Exp. 1/5/2020,  10031906 Exp. 12/25/2019,    10031802 Exp. 12/23/2019,    10031775 Exp. 12/22/2019,    10031582 Exp. 12/18/2019,    10032673 Exp. 1/8/2020,  10032021 Exp. 12/27/2019,    10031582 Exp. 12/18/2019,  10032021 Exp. 12/27/2019,  10031960 Exp. 12/26/2019,    10031906 Exp. 12/25/2019,  10031582 Exp. 12/18/2019,  10032405 Exp. 1/1/2020,  10032021 Exp. 12/27/2019,    10031960 Exp. 12/26/2019,    10032380 Exp. 1/1/2020,    10032673 Exp. 1/8/2020"
"Drugs","No","12/04/2019","84263","Terminated","QuVa Pharma, Inc.","1075 W Park One Dr Ste 100","N/A","Sugar Land","TX","	77478-2576","United States","Voluntary: Firm initiated","Letter","Nationwide.","D-0558-2020","Class II","fentaNYL 2750 mcg/55 mL (50 mcg/mL) 55 mL Syringe, Preservative Free, Rx, QuVA Pharma 1075 West Park One Drive, Suite 100 Sugar Land, TX 77478   NDC 70092-1100-50","N/A","Presence of Particulate matter: manufacturer recalled fentanyl API due to potential for glass particules","11/12/2019","12/03/2019","06/05/2020","12/11/2019","Lots: 10029773 Exp. 11/17/2019,    10029821 Exp. 11/18/2019,    10030351 Exp. 11/21/2019,    10031014 Exp. 12/2/2019,  10030351 Exp. 11/21/2019,    10030912 Exp. 12/2/2019,  10030569 Exp. 11/28/2019,    10030966 Exp. 12/3/2019,    10031796 Exp. 12/23/2019,    10031509 Exp. 12/17/2019,    10031067 Exp. 12/5/2019,    10031156 Exp. 12/16/2019"
"Drugs","No","12/04/2019","84263","Terminated","QuVa Pharma, Inc.","1075 W Park One Dr Ste 100","N/A","Sugar Land","TX","	77478-2576","United States","Voluntary: Firm initiated","Letter","Nationwide.","D-0559-2020","Class II","fentaNYL 200 mcg/100 mL (2 mcg/mL) BUPivacaine HCl 0.1% 100 mg/100 mL (1 mg/mL) in 0.9% Sodium Chloride 100 mL CADD Preservative Free, Rx,  QuVA Pharma 1075 West Park One Drive, Suite 100 Sugar Land, TX 77478  NDC 70092-1255-75","N/A","Presence of Particulate matter: manufacturer recalled fentanyl API due to potential for glass particules","11/12/2019","12/03/2019","06/05/2020","12/11/2019","Lots: 10029914 Exp. 11/20/2019,    10030342 Exp. 11/24/2019,    10030948 Exp. 12/3/2019,    10030895 Exp. 12/2/2019,  10030949 Exp. 12/3/2019,    10030895 Exp. 12/2/2019,    10031377 Exp. 12/6/2019,  10031141 Exp. 12/9/2019,    10031423 Exp. 12/15/2019,    10031627 Exp. 12/19/2019,    10031709 Exp. 12/22/2019,    10031907 Exp. 12/25/2019,    10032022 Exp. 12/27/2019,    10031858 Exp. 12/24/2019,    10032381 Exp. 1/1/2020,    10032296 Exp. 12/31/2019,    10032268 Exp. 12/30/2019,    10032467 Exp. 1/2/2020,    10032674 Exp. 1/8/2020,  10032569 Exp. 1/6/2020,    10032570 Exp. 1/6/2020,    10032516 Exp. 1/5/2020,    10032517 Exp. 1/5/2020,    10032674 Exp. 1/8/2020,  10032570 Exp. 1/6/2020,  10032675 Exp. 1/8/2020,    10033019 Exp. 1/15/2020,"
"Drugs","No","12/04/2019","84263","Terminated","QuVa Pharma, Inc.","1075 W Park One Dr Ste 100","N/A","Sugar Land","TX","	77478-2576","United States","Voluntary: Firm initiated","Letter","Nationwide.","D-0560-2020","Class II","fentaNYL 250 mcg/5 mL (50 mcg/mL), 5 mL Syringe,  Preservative Free, Rx, QuVA Pharma 1075 West Park One Drive, Suite 100 Sugar Land, TX 77478  NDC 70092-1098-44","N/A","Presence of Particulate matter: manufacturer recalled fentanyl API due to potential for glass particules","11/12/2019","12/03/2019","06/05/2020","12/11/2019","Lots: 10030458 Exp. 11/26/2019,  10031113 Exp. 12/5/2019,    10031305 Exp. 12/11/2019,    10031417 Exp. 12/15/2019,    10031765 Exp. 12/26/2019,    10032259 Exp. 12/30/2019"
"Drugs","No","12/04/2019","84263","Terminated","QuVa Pharma, Inc.","1075 W Park One Dr Ste 100","N/A","Sugar Land","TX","	77478-2576","United States","Voluntary: Firm initiated","Letter","Nationwide.","D-0561-2020","Class II","fentaNYL 200 mcg/100 mL (2 mcg/mL) ROPivacaine HCl 0.2% 200 mg/100 mL (2 mg/mL) in 0.9% Sodium Chloride , 100 mL bag, Preservative Free, Rx, QuVA Pharma 1075 West Park One Drive, Suite 100 Sugar Land, TX 77478  NDC 70092-1108-36","N/A","Presence of Particulate matter: manufacturer recalled fentanyl API due to potential for glass particules","11/12/2019","12/03/2019","06/05/2020","12/11/2019","Lots: 10029291 Exp. 11/14/2019    10029292 Exp. 11/14/2019    10029977 Exp. 11/20/2019  10030041 Exp. 11/21/2019  10029977 Exp. 11/20/2019    10029978 Exp. 11/21/2019    10029979 Exp. 11/21/2019    10030041 Exp. 11/21/2019    10030043 Exp. 11/21/2019    10030396 Exp. 11/25/2019    10030960 Exp. 12/2/2019    10030961 Exp. 12/4/2019    10030962 Exp. 12/4/2019    10031010 Exp. 12/4/2019    10031011 Exp. 12/4/2019    10031012 Exp. 12/4/2019    10030960 Exp. 12/2/2019    10031086 Exp. 12/6/2019    10030960 Exp. 12/2/2019  10031263 Exp. 12/10/2019    10031262 Exp. 12/10/2019    10031413 Exp. 12/15/2019    10031463 Exp. 12/16/2019    10031696 Exp. 12/22/2019    10031947 Exp. 12/26/2019    10031948 Exp. 12/31/2019  10032414 Exp. 1/2/2020    10031978 Exp. 1/1/2020    10031948 Exp. 12/31/2019    10032412 Exp. 1/2/2020    10032413 Exp. 1/2/2020    10032687 Exp. 1/8/2020    10032723 Exp. 1/9/2020    10033037 Exp. 1/23/2020    10032929 Exp. 1/26/2020"
"Drugs","No","12/04/2019","84263","Terminated","QuVa Pharma, Inc.","1075 W Park One Dr Ste 100","N/A","Sugar Land","TX","	77478-2576","United States","Voluntary: Firm initiated","Letter","Nationwide.","D-0562-2020","Class II","fentaNYL 400 mcg/200 mL (2 mcg/mL) 0.1% ROPivacaine HCl 200 mg/200 mL (1 mg/mL) in 0.9% Sodium Chloride , 200 mL bag, Preservative Free, Rx, QuVA Pharma 1075 West Park One Drive, Suite 100 Sugar Land, TX 77478   NDC 70092-1207-37","N/A","Presence of Particulate matter: manufacturer recalled fentanyl API due to potential for glass particules","11/12/2019","12/03/2019","06/05/2020","12/11/2019","Lots: 10029343 Exp. 11/15/2019,    10029344 Exp. 11/15/2019,    10029345 Exp. 11/15/2019,    10029895 Exp. 11/20/2019,    10029918 Exp. 11/20/2019,  10029919 Exp. 11/20/2019,  10029895 Exp. 11/20/2019,    10030398 Exp. 11/25/2019,  10030399 Exp. 11/25/2019,  10030400 Exp. 11/25/2019,  10031089 Exp. 12/6/2019,    10031059 Exp. 12/5/2019,    10031060 Exp. 12/5/2019,    10031061 Exp. 12/5/2019,    10031326 Exp. 12/12/2019,    10031327 Exp. 12/12/2019,    10031507 Exp. 12/17/2019,  10031480 Exp. 12/19/2019,    10031618 Exp. 12/19/2019,  10031619 Exp. 12/19/2019,  10031672 Exp. 12/20/2019,  10031618 Exp. 12/19/2019,    10031504 Exp. 12/18/2019,  10031733 Exp. 12/22/2019,    10031734 Exp. 12/22/2019,    10031672 Exp. 12/20/2019,  10031815 Exp. 12/23/2019,  10031505 Exp. 12/18/2019,  10031506 Exp. 12/17/2019,  10031328 Exp. 12/12/2019,    10031816 Exp. 12/23/2019,    10031897 Exp. 12/25/2019,    10031919 Exp. 12/25/2019,    10031847 Exp. 12/24/2019,  10031791 Exp. 12/23/2019,    10031792 Exp. 12/23/2019,    10031793 Exp. 12/23/2019,  10031817 Exp. 12/23/2019,    10032279 Exp. 12/31/2019,  10031847 Exp. 12/24/2019,    10032279 Exp. 12/31/2019,    10032334 Exp. 12/31/2019,    10032368 Exp. 1/1/2020,  10032392 Exp. 1/1/2020,  10032278 Exp. 12/31/2019,    10032251 Exp. 12/30/2019,    10032252 Exp. 12/30/2019,  10032930 Exp. 1/13/2020,    10032850 Exp. 1/12/2020,  10032584 Exp. 1/6/2020,    10032850 Exp. 1/12/2020,    10032900 Exp. 1/13/2020,    10032583 Exp. 1/7/2020,    10032901 Exp. 1/13/2020,    10032931 Exp. 1/16/2020,    10032900 Exp. 1/13/2020"
"Drugs","No","12/04/2019","84263","Terminated","QuVa Pharma, Inc.","1075 W Park One Dr Ste 100","N/A","Sugar Land","TX","	77478-2576","United States","Voluntary: Firm initiated","Letter","Nationwide.","D-0563-2020","Class II","fentaNYL 2000 mcg/100 mL (20 mcg/mL) in 0.9% Sodium Chloride, 100 mL Bag, Preservative Free, Rx, QuVA Pharma 1075 West Park One Drive, Suite 100 Sugar Land, TX 77478  NDC 70092-1094-36","N/A","Presence of Particulate matter: manufacturer recalled fentanyl API due to potential for glass particules","11/12/2019","12/03/2019","06/05/2020","12/11/2019","Lots: 10029201 Exp. 11/17/2019,    10029983 Exp. 11/22/2019,    10029987 Exp. 11/22/2019,    10030428 Exp. 11/26/2019,    10030879 Exp. 11/28/2019,    10031240 Exp. 12/10/2019,  10031241 Exp. 12/10/2019,  10031344 Exp. 12/12/2019,    10031343 Exp. 12/12/2019,    10031394 Exp. 12/12/2019,    10031612 Exp. 12/19/2019,    10031665 Exp. 12/20/2019,  10031666 Exp. 12/20/2019,    10031590 Exp. 12/18/2019,    10031787 Exp. 12/23/2019,    10032036 Exp. 12/27/2019,    10032305 Exp. 12/31/2019,    10032444 Exp. 1/2/2020,    10033172 Exp. 1/12/2020"
"Drugs","No","12/04/2019","84263","Terminated","QuVa Pharma, Inc.","1075 W Park One Dr Ste 100","N/A","Sugar Land","TX","	77478-2576","United States","Voluntary: Firm initiated","Letter","Nationwide.","D-0564-2020","Class II","fentaNYL 400 mcg/200 mL (2 mcg/mL) ROPivacaine HCl 0.1% 200 mg/200 mL (1 mg/mL) in 0.9% Sodium Chloride 200 mL CADD, Preservative Free, Rx, QuVA Pharma 1075 West Park One Drive, Suite 100 Sugar Land, TX 77478   NDC 70092-1441-76","N/A","Presence of Particulate matter: manufacturer recalled fentanyl API due to potential for glass particules","11/12/2019","12/03/2019","06/05/2020","12/11/2019","Lots: 10029361 Exp. 11/15/2019,    10029362 Exp. 11/15/2019,    10029334 Exp. 11/14/2019,    10029855 Exp. 11/19/2019,  10029856 Exp. 11/19/2019,  10030387 Exp. 11/25/2019,    10030388 Exp. 11/25/2019,    10031026 Exp. 12/12/2019,    10031078 Exp. 12/12/2019,  10031469 Exp. 12/16/2019,  10031493 Exp. 12/16/2019,    10031519 Exp. 12/17/2019,    10031804 Exp. 12/23/2019,    10031105 Exp. 12/12/2019,  10031830 Exp. 12/23/2019,    10031884 Exp. 12/24/2019,    10032704 Exp. 1/8/2020,  10032888 Exp. 1/12/2020,    10032889 Exp. 1/12/2020,  10032913 Exp. 1/13/2020,    10032939 Exp. 1/13/2020,  10032940 Exp. 1/13/2020"
"Drugs","No","12/04/2019","84263","Terminated","QuVa Pharma, Inc.","1075 W Park One Dr Ste 100","N/A","Sugar Land","TX","	77478-2576","United States","Voluntary: Firm initiated","Letter","Nationwide.","D-0565-2020","Class II","fentaNYL 200 mcg/100 mL (2 mcg/mL) BUPivacaine HCl 0.1% 100 mg/100 mL (1 mg/mL) in 0.9% Sodium Chloride Preservative Free 100 mL in 150 mL Bag, Rx, QuVA Pharma 1075 West Park One Drive, Suite 100 Sugar Land, TX 77478  NDC 70092-1103-36","N/A","Presence of Particulate matter: manufacturer recalled fentanyl API due to potential for glass particules","11/12/2019","12/03/2019","06/05/2020","12/11/2019","Lots: 10029200 Exp. 11/18/2019,    10030347 Exp. 11/24/2019,    10031325 Exp. 12/16/2019,  10030939 Exp. 12/3/2019,    10031865 Exp. 12/24/2019,  10031758 Exp. 12/26/2019,  10031757 Exp. 12/26/2019,  10032275 Exp. 12/30/2019"
"Drugs","No","12/04/2019","84263","Terminated","QuVa Pharma, Inc.","1075 W Park One Dr Ste 100","N/A","Sugar Land","TX","	77478-2576","United States","Voluntary: Firm initiated","Letter","Nationwide.","D-0566-2020","Class II","fentaNYL 1000 mcg/20 mL (50 mcg/mL) 20 mL in 20 mL Syringe Preservative Free, Rx, QuVA Pharma 1075 West Park One Drive, Suite 100 Sugar Land, TX 77478  NDC 70092-1415-47","N/A","Presence of Particulate matter: manufacturer recalled fentanyl API due to potential for glass particules","11/12/2019","12/03/2019","06/05/2020","12/11/2019","Lots: 10030359 Exp. 11/21/2019,  10030549 Exp. 11/28/2019,  10031169 Exp. 12/8/2019,  10031491 Exp. 12/16/2019,  10031879 Exp. 12/24/2019,  10032317 Exp. 12/31/2019,  10032265 Exp. 12/30/2019"
"Drugs","No","12/04/2019","84263","Terminated","QuVa Pharma, Inc.","1075 W Park One Dr Ste 100","N/A","Sugar Land","TX","	77478-2576","United States","Voluntary: Firm initiated","Letter","Nationwide.","D-0567-2020","Class II","fentaNYL 1250 mcg/250 mL (5 mcg/mL) in 0.9% Sodium Chloride 250 mL Bag Preservative Free, Rx, QuVA Pharma 1075 West Park One Drive, Suite 100 Sugar Land, TX 77478  NDC 70092-1444-05","N/A","Presence of Particulate matter: manufacturer recalled fentanyl API due to potential for glass particules","11/12/2019","12/03/2019","06/05/2020","12/11/2019","Lots: 10029186 Exp. 11/18/2019,  10029791 Exp. 11/18/2019,  10030403 Exp. 11/25/2019,  10030456 Exp. 11/27/2019,  10030910 Exp. 12/2/2019,  10030403 Exp. 11/25/2019,  10031154 Exp. 12/8/2019,  10031238 Exp. 12/10/2019,  10031182 Exp. 12/9/2019,  10031130 Exp. 12/8/2019,  10031483 Exp. 12/16/2019,  10031482 Exp. 12/16/2019,  10031621 Exp. 12/19/2019,  10031592 Exp. 12/19/2019,  10031921 Exp. 12/25/2019,  10031869 Exp. 12/24/2019,  10032219 Exp. 12/29/2019,  10032393 Exp. 1/1/2020,  10032369 Exp. 1/1/2020,  10032561 Exp. 1/6/2020,  10032586 Exp. 1/6/2020,  10031898 Exp. 12/26/2019"
"Drugs","No","12/04/2019","84263","Terminated","QuVa Pharma, Inc.","1075 W Park One Dr Ste 100","N/A","Sugar Land","TX","	77478-2576","United States","Voluntary: Firm initiated","Letter","Nationwide.","D-0568-2020","Class II","fentaNYL 800 mcg/200 mL (4 mcg/mL) BUPivacaine HCl 0.1667% 333.4 mg/200 mL (1.667 mg/mL) in 0.9% Sodium Chloride 200 mL in 250 mL CADD Preservative Free, Rx, QuVA Pharma 1075 West Park One Drive, Suite 100 Sugar Land, TX 77478  NDC 70092-1436-76","N/A","Presence of Particulate matter: manufacturer recalled fentanyl API due to potential for glass particules","11/12/2019","12/03/2019","06/05/2020","12/11/2019","Lots: 10029972 Exp. 11/21/2019,  10030562 Exp. 11/28/2019,  10031447 Exp. 12/15/2019,  10031341 Exp. 12/15/2019,  10031630 Exp. 12/19/2019,  10031748 Exp. 12/22/2019,  10032817 Exp. 1/8/2020,  10033208 Exp. 1/19/2020,  10032887 Exp. 1/12/2020"
"Drugs","No","12/04/2019","84263","Terminated","QuVa Pharma, Inc.","1075 W Park One Dr Ste 100","N/A","Sugar Land","TX","	77478-2576","United States","Voluntary: Firm initiated","Letter","Nationwide.","D-0569-2020","Class II","fentaNYL 2500 mcg/50 mL (50 mcg/mL) 50 mL bag, Preservative Free, Rx, QuVA Pharma 1075 West Park One Drive, Suite 100 Sugar Land, TX 77478   NDC 70092-1436-76","N/A","Presence of Particulate matter: manufacturer recalled fentanyl API due to potential for glass particules","11/12/2019","12/03/2019","06/05/2020","12/11/2019","Lots: 10030890 Exp. 12/2/2019,  10031264 Exp. 12/10/2019,  10031093 Exp. 12/6/2019,  10032337 Exp. 12/31/2019"
"Drugs","No","12/04/2019","84263","Terminated","QuVa Pharma, Inc.","1075 W Park One Dr Ste 100","N/A","Sugar Land","TX","	77478-2576","United States","Voluntary: Firm initiated","Letter","Nationwide.","D-0570-2020","Class II","fentaNYL 1500 mcg/30 mL (50 mcg/mL) 30 mL PCA Vial Preservative Free, Rx, QuVA Pharma 1075 West Park One Drive, Suite 100 Sugar Land, TX 77478  NDC 70092-1180-79","N/A","Presence of Particulate matter: manufacturer recalled fentanyl API due to potential for glass particules","11/12/2019","12/03/2019","06/05/2020","12/11/2019","Lots: 10030060 Exp. 11/21/2019,  10030574 Exp. 11/28/2019,  10031353 Exp. 12/12/2019,  10031677 Exp. 12/20/2019,  10031622 Exp. 12/19/2019,  10031419 Exp. 12/15/2019,  10031769 Exp. 12/26/2019,  10031826 Exp. 12/23/2019,  10032287 Exp. 12/30/2019"
"Drugs","No","12/04/2019","84263","Terminated","QuVa Pharma, Inc.","1075 W Park One Dr Ste 100","N/A","Sugar Land","TX","	77478-2576","United States","Voluntary: Firm initiated","Letter","Nationwide.","D-0571-2020","Class II","fentaNYL 1000 mcg/100 mL (10 mcg/mL) in 0.9% Sodium Chloride 100 mL CADD Preservative Free, Rx, QuVA Pharma 1075 West Park One Drive, Suite 100 Sugar Land, TX 77478  NDC 70092-1250-75","N/A","Presence of Particulate matter: manufacturer recalled fentanyl API due to potential for glass particules","11/12/2019","12/03/2019","06/05/2020","12/11/2019","Lots: 10030341 11/24/2019, 10031102 12/6/2019,  10031555 Exp. 12/18/2019,  10031554 Exp. 12/18/2019,  10031803 Exp. 12/23/2019,  10031776 Exp. 12/22/2019,  10032266 Exp. 12/30/2019,  10032267 Exp. 12/30/2019,  10032321  Exp. 12/31/2019,  10032320 Exp. 12/31/2019,  10032544 Exp. 1/5/2020,  10032515 Exp. 1/5/2020"
"Drugs","No","12/04/2019","84263","Terminated","QuVa Pharma, Inc.","1075 W Park One Dr Ste 100","N/A","Sugar Land","TX","	77478-2576","United States","Voluntary: Firm initiated","Letter","Nationwide.","D-0572-2020","Class II","fentaNYL 550 mcg/55 mL (10 mcg/mL) in 0.9% Sodium Chloride 55 mL Syringe Preservative Free, Rx, QuVA Pharma 1075 West Park One Drive, Suite 100 Sugar Land, TX 77478  NDC 70092-1274-50","N/A","Presence of Particulate matter: manufacturer recalled fentanyl API due to potential for glass particules","11/12/2019","12/03/2019","06/05/2020","12/11/2019","Lot: 10031855 Exp. 12/24/2019"
"Drugs","No","","84326","Terminated","SCA Pharmaceuticals, LLC","755 Rainbow Rd Ste B","N/A","Windsor","CT","	06095-1024","United States","Voluntary: Firm initiated","Letter","nationwide","D-0620-2020","Class II","Lidocaine HCl 2% 5 mL, Syringe, Rx Only, SCA Pharmaceuticals 755 Rainbow Road Windsor, CT 08695   NDC 70004-0723-09","1363 syringes","Presence of Foreign Substance: Foreign material found inside the vial (manufacturer).","11/26/2019","12/10/2019","02/07/2020","12/18/2019","1219012595 29-Dec-19  1219012647 01-Jan-20"
"Drugs","No","","84353","Ongoing","Amneal Pharmaceuticals, Inc.","50 Horseblock Rd","N/A","Brookhaven","NY","	11719-9509","United States","Voluntary: Firm initiated","Press Release","Product was distributed throughout the United States.","D-0612-2020","Class II","Ranitidine Tablets, USP 150 mg  a).60-count bottles (NDC 65162-253-06) , b).100-count bottles (NDC 65162-253-10), c).180-count bottles (NDC 65162-253-18), d).500-count bottles (NDC 65162-253-50) and e)1000-count bottles (NDC 65162-253-11).","N/A","CGMP Deviations: Impurity N-nitrosodimethylamine (NDMA) found in API","11/22/2019","12/09/2019","N/A","12/18/2019","AR171764A 11/2019  AR171875A 11/2019  AR171876A 11/2019  AR171981A 11/2019  AR180020C 1/2020  AR180206A 1/2020  AR180207A 1/2020  AR180208A 1/2020  AR180438A 2/2020  AR180439A 2/2020  AR180481A 3/2020  AR180482A 3/2020  AR180483A 3/2020  AR181690A 10/2020  AR181691A 10/2020  AR181806A 11/2020  AR190058A 12/2020  AR190059A 12/2020  AR190183A 1/2021  AR190184A 1/2021  AR171984A 12/2019  AR180020B 1/2020  AR180675A 4/2020  AR180868B 5/2020  AR181807A 11/2020  AR190366B 2/2021  AR171986A 12/2019  AR171987A 12/2019  AR180255A 1/2020  AR180441A 2/2020  AR180442A 2/2020  AR180559A 3/2020  AR180560A 3/2020  AR180594A 3/2020  AR180595A 3/2020  AR180829A 4/2020  AR180831A 5/2020  AR180832A 5/2020  AR180868A 5/2020  AR181807C 11/2020  AR190085A 12/2020  AR190086A 12/2020  AR190087A 12/2020  AR190124A 1/2021  AR190542B 3/2021  AR190609A 3/2021  AR190610A 3/2021  AR171875B 11/2019  AR180483B 3/2020  AR181807B 11/2020  AR190008B 12/2020  AR171763A 11/2019  AR171764B 11/2019  AR171874A 11/2019  AR171875C 11/2019  AR171877B 11/2019  AR171878B 11/2019  AR171982A 11/2019  AR171983A 12/2019  AR171985A 12/2019  AR180016A 12/2019  AR180017A 12/2019  AR180018A 12/2019  AR180019A 12/2019  AR180020A 1/2020  AR180208B 1/2020  AR180256A 1/2020  AR180291A 1/2020  AR180292A 1/2020  AR180293A 1/2020  AR180294A 2/2020  AR180295A 2/2020  AR180364A 2/2020  AR180365A 2/2020  AR180366A 2/2020  AR180367A 2/2020  AR180368A 2/2020  AR180440B 2/2020  AR180484A 3/2020  AR180485A 3/2020  AR180556A 3/2020  AR180557A 3/2020  AR180558A 3/2020  AR180596A 3/2020  AR180597A 3/2020  AR180598A 3/2020  AR180599A 3/2020  AR180675B 4/2020  AR180676A 4/2020  AR180677A 4/2020  AR180678A 4/2020  AR180679A 4/2020  AR180801A 4/2020  AR180802A 4/2020  AR180803A 4/2020  AR180869A 5/2020  AR180870A 5/2020  AR180871A 5/2020  AR180872A 5/2020  AR180994A 5/2020  AR180995A 5/2020  AR180996A 5/2020  AR180997A 6/2020  AR180998A 6/2020  AR181158A 7/2020  AR181159A 7/2020  AR181160A 7/2020  AR181161A 7/2020  AR181692A 10/2020  AR181693A 10/2020  AR181694A 10/2020  AR181709A 10/2020  AR181710A 11/2020  AR181711A 11/2020  AR181808A 11/2020  AR181809A 11/2020  AR190004A 12/2020  AR190005A 12/2020  AR190006A 12/2020  AR190007A 12/2020  AR190008A 12/2020  AR190088A 12/2020  AR190089A 12/2020  AR190090A 12/2020  AR190121A 12/2020  AR190122A 12/2020  AR190123A 12/2020  AR190125B 1/2021  AR190181A 1/2021  AR190182A 1/2021  AR190364A 2/2021  AR190365A 2/2021  AR190366A 2/2021  AR190509A 3/2021  AR190510A 3/2021"
"Drugs","No","","84353","Ongoing","Amneal Pharmaceuticals, Inc.","50 Horseblock Rd","N/A","Brookhaven","NY","	11719-9509","United States","Voluntary: Firm initiated","Press Release","Product was distributed throughout the United States.","D-0613-2020","Class II","Ranitidine Tablets, USP 300 mg - a).30-count bottles (NDC 65162-254-30), b).100-count bottles (NDC 65162-254-10) and c). 250-count bottles (NDC 65162-254-25).","N/A","CGMP Deviations: Impurity N-nitrosodimethylamine (NDMA) found in API","11/22/2019","12/09/2019","N/A","12/18/2019","AR172033B 11/2019  AR180024A 12/2019  AR180025A 12/2019  AR180118A 12/2019  AR180119A 12/2019  AR180519A 3/2020  AR180615A 3/2020  AR181795A 11/2020  AR181921B 12/2020  AR190705A 4/2021  AR172029A 11/2019  AR172030A 11/2019  AR180021A 12/2019  AR180022A 12/2019  AR180023A 12/2019  AR180123A 12/2019  AR180144A 1/2020  AR180145A 1/2020  AR180146A 1/2020  AR180147A 1/2020  AR180402A 2/2020  AR180465A 2/2020  AR180466A 2/2020  AR180467A 2/2020  AR180468A 2/2020  AR180613A 3/2020  AR181156A 7/2020  AR181157A 7/2020  AR190418B 2/2021  AR171800A 11/2019  AR171801A 11/2019  AR171802A 11/2019  AR171803A 11/2019  AR171804A 11/2019  AR171931A 11/2019  AR171932A 11/2019  AR171933A 11/2019  AR171934A 11/2019  AR171935A 11/2019  AR171936A 11/2019  AR171937A 11/2019  AR172026A 11/2019  AR172027A 11/2019  AR172028A 11/2019  AR172031A 11/2019  AR172032A 11/2019  AR172033A 11/2019  AR172034A 11/2019  AR172035A 11/2019  AR180030A 12/2019  AR180031A 12/2019  AR180032A 12/2019  AR180033A 12/2019  AR180034A 12/2019  AR180113A 12/2019  AR180114A 12/2019  AR180115A 12/2019  AR180117A 12/2019  AR180120A 12/2019  AR180121A 12/2019  AR180122A 12/2019  AR180148A 1/2020  AR180198A 1/2020  AR180199A 1/2020  AR180200A 1/2020  AR180201A 1/2020  AR180202A 1/2020  AR180257A 1/2020  AR180258A 1/2020  AR180335A 2/2020  AR180336A 2/2020  AR180337A 2/2020  AR180338A 2/2020  AR180339A 2/2020  AR180374A 2/2020  AR180375A 2/2020  AR180376B 2/2020  AR180403A 2/2020  AR180404A 2/2020  AR180405A 2/2020  AR180406A 2/2020  AR180424A 2/2020  AR180486A 3/2020  AR180487A 3/2020  AR180488A 3/2020  AR180515A 3/2020  AR180516A 3/2020  AR180517A 3/2020  AR180518A 3/2020  AR180638A 3/2020  AR180640A 4/2020  AR180641A 4/2020  AR181920A 12/2020  AR181921A 12/2020  AR190414B 2/2021  AR190415A 2/2021  AR190416A 2/2021  AR190417A 2/2021  AR190418A 2/2021  AR190543A 3/2021  AR190544A 3/2021  AR190545A 3/2021"
"Drugs","No","","84353","Ongoing","Amneal Pharmaceuticals, Inc.","50 Horseblock Rd","N/A","Brookhaven","NY","	11719-9509","United States","Voluntary: Firm initiated","Press Release","Product was distributed throughout the United States.","D-0614-2020","Class II","Ranitidine Syrup Oral Solution 15 mg/mL 6. fl. oz. (473 mL), NDC 65162-664-90.","N/A","CGMP Deviations: Impurity N-nitrosodimethylamine (NDMA) found in API","11/22/2019","12/09/2019","N/A","12/18/2019","06648001A 11/2019  06648003A 4/2020  06649001A 1/2021"
"Drugs","No","","84356","Terminated","AuroMedics Pharma LLC","279 Princeton Hightstown Rd","N/A","East Windsor","NJ","	08520-1401","United States","Voluntary: Firm initiated","Letter","Nationwide in the USA","D-0574-2020","Class II","Vancomycin Hydrochloride for Injection, USP, 1 g* per vial, packaged in 10-count vials per carton, Rx only, Mft. in India for: AuroMedics Pharma LLC, E. Windsor, NJ  08520, NDC 55150-204-20.","275,060 vials","Discoloration: Product complaints of discoloration after reconstitution of vials.","11/25/2019","12/06/2019","03/04/2021","12/18/2019","Lot #: CVM180003, CVM180004, Exp 04/2020; CVM180008, Exp 07/2020; CVM180009, CVM180010, CVM180011, CVM180012, Exp 09/2020"
"Drugs","No","","84282","Terminated","Glenmark Pharmaceuticals Inc., USA","750 Corporate Dr","N/A","Mahwah","NJ","	07430-2009","United States","Voluntary: Firm initiated","Letter","Nationwide","D-0619-2020","Class III","Clobetasol Propionate Foam (Emulsion Formulation), 0.05% a) 50 g pack (NDC 68462-625-27) and b) 100 g pack (NDC 68462-625-94), Rx Only, Manufactured by: Glenmark Pharmaceuticals Limited Plot No. B-25, MIDC, Shendra Aurangabad, Maharashtra -431210, India Manufactured for: Glenmark Pharmaceuticals Inc., USA Mahwah, NJ 07430","a) 480 packs; b) 240 packs","Defective delivery system; product is not foaming or is coming out as liquid.","11/15/2019","12/10/2019","03/15/2024","12/18/2019","Lot 14190067, exp Jul-2021"
"Drugs","No","","84357","Terminated","Medisca, Inc.","661 State Route 3 Unit C","N/A","Plattsburgh","NY","	12901-6531","United States","Voluntary: Firm initiated","Letter","Nationwide","D-0622-2020","Class II","Estriol, USP (Micronized) 1 g, 5 g, 25 g, 100 g, 2000 g, 1 kg, containers, Packed by Medisca Inc., Plattsburgh, NY 12901, USA","640,325 grams","Failed Impurities/Degradation Specifications","11/25/2019","12/16/2019","03/17/2021","12/25/2019","Lot #156110 A-P  Lot #153328 A-D    Lot #161726 A-L"
"Drugs","No","","84366","Terminated","Pfizer Inc.","235 E 42nd St","N/A","New York","NY","	10017-5703","United States","Voluntary: Firm initiated","Letter","Nationwide within the United States including Puerto Rico.","D-0577-2020","Class II","25% Dextrose Injection, USP 2.5 grams (250 mg/mL) 10 mL Single-dose, Rx Only, Hospira, Inc., Lake Forest, IL 60045 USA, NDC 0409-1775-10","77,100 syringes","Labeling: Incorrect  or Missing Lot and/or expiration date.","11/27/2019","12/06/2019","01/14/2022","12/18/2019","Lot #: 80-292-EV, 1AUG2019 on carton. Expiration date printed on syringe is 1AUG2021 which is incorrect."
"Drugs","No","","84122","Ongoing","Sanofi-Aventis U.S. LLC","55 Corporate Dr","N/A","Bridgewater","NJ","	08807-1265","United States","Voluntary: Firm initiated","Letter","Nationwide","D-0538-2020","Class II","Cool Mint Maximum Strength Zantac 150 mg, Distributed by: Chattem, Inc., a Sanofi Company P.O. Box 2219, Chattanooga, TN 37409-0219     NDC's:  41167-0320-1   41167-0320-2   41167-0320-3   41167-0320-4   41167-0320-5   41167-0320-6   41167-0320-7","N/A","CGMP Deviations: Presence of NDMA impurity detected in product.","10/22/2019","12/01/2019","N/A","12/11/2019","all lots"
"Drugs","No","","84122","Ongoing","Sanofi-Aventis U.S. LLC","55 Corporate Dr","N/A","Bridgewater","NJ","	08807-1265","United States","Voluntary: Firm initiated","Letter","Nationwide","D-0539-2020","Class II","Maximum Strength Zantac 150 mg, Distributed by: Chattem, Inc., a Sanofi Company P.O. Box 2219, Chattanooga, TN 37409-0219.    NDC's:   0597-0121-01,   0597-0121-06,   0597-0121-08,   0597-0121-09,   0597-0121-11,   0597-0121-24,   0597-0121-38,   0597-0121-50,   0597-0121-64,   0597-0121-66,   0597-0121-68,   0597-0121-78,   0597-0121-80,   0597-0121-82,   0597-0121-85,   0597-0121-90,   0597-0121-94.","N/A","CGMP Deviations: Presence of NDMA impurity detected in product.","10/22/2019","12/01/2019","N/A","12/11/2019","all lots"
"Drugs","No","","84122","Ongoing","Sanofi-Aventis U.S. LLC","55 Corporate Dr","N/A","Bridgewater","NJ","	08807-1265","United States","Voluntary: Firm initiated","Letter","Nationwide","D-0540-2020","Class II","Regular Strength Zantac 75 mg, Distributed by: Chattem, Inc., a Sanofi Company P.O. Box 2219, Chattanooga, TN 37409-0219. NDC 50269-222-25.","N/A","CGMP Deviations: Presence of NDMA impurity detected in product.","10/22/2019","12/01/2019","N/A","12/11/2019","all lots"
"Drugs","No","","84122","Ongoing","Sanofi-Aventis U.S. LLC","55 Corporate Dr","N/A","Bridgewater","NJ","	08807-1265","United States","Voluntary: Firm initiated","Letter","Nationwide","D-0541-2020","Class II","Regular Strength Zantac 150 mg, Distributed by: Chattem, Inc., a Sanofi Company P.O. Box 2219, Chattanooga, TN 37409-0219. NDC 67751-151-01.","N/A","CGMP Deviations: Presence of NDMA impurity detected in product.","10/22/2019","12/01/2019","N/A","12/11/2019","all lots"
"Drugs","No","","84122","Ongoing","Sanofi-Aventis U.S. LLC","55 Corporate Dr","N/A","Bridgewater","NJ","	08807-1265","United States","Voluntary: Firm initiated","Letter","Nationwide","D-0542-2020","Class II","Regular Strength Zantac 75 mg, Distributed by: Chattem, Inc., a Sanofi Company P.O. Box 2219, Chattanooga, TN 37409-0219.     NDC's   67751-152-01  67751-152-02  ","N/A","CGMP Deviations: Presence of NDMA impurity detected in product.","10/22/2019","12/01/2019","N/A","12/11/2019","all lots"
"Drugs","No","","84122","Ongoing","Sanofi-Aventis U.S. LLC","55 Corporate Dr","N/A","Bridgewater","NJ","	08807-1265","United States","Voluntary: Firm initiated","Letter","Nationwide","D-0543-2020","Class II","Regular Strength Zantac 75 mg, Distributed by: Chattem, Inc., a Sanofi Company P.O. Box 2219, Chattanooga, TN 37409-0219. NDC 68151-2584-0.    ","N/A","CGMP Deviations: Presence of NDMA impurity detected in product.","10/22/2019","12/01/2019","N/A","12/11/2019","all lots"
"Drugs","No","","84122","Ongoing","Sanofi-Aventis U.S. LLC","55 Corporate Dr","N/A","Bridgewater","NJ","	08807-1265","United States","Voluntary: Firm initiated","Letter","Nationwide","D-0544-2020","Class II","Zantac 150 mg, Distributed by: Chattem, Inc., a Sanofi Company P.O. Box 2219, Chattanooga, TN 37409-0219.     NDC's  66715-9736-2  66715-9736-3  66715-9736-8    ","N/A","CGMP Deviations: Presence of NDMA impurity detected in product.","10/22/2019","12/01/2019","N/A","12/11/2019","all lots"
"Drugs","No","","84122","Ongoing","Sanofi-Aventis U.S. LLC","55 Corporate Dr","N/A","Bridgewater","NJ","	08807-1265","United States","Voluntary: Firm initiated","Letter","Nationwide","D-0545-2020","Class II","Zantac 75 mg, Distributed by: Chattem, Inc., a Sanofi Company P.O. Box 2219, Chattanooga, TN 37409-0219.     NDC's  0597-0122-01   0597-0122-08  0597-0122-13   0597-0122-37   0597-0122-40   0597-0122-54   0597-0122-61   0597-0122-81   0597-0122-96   ","N/A","CGMP Deviations: Presence of NDMA impurity detected in product.","10/22/2019","12/01/2019","N/A","12/11/2019","all lots"
"Drugs","No","","84396","Terminated","Jubilant Cadista Pharmaceuticals, Inc.","207 Kiley Dr","N/A","Salisbury","MD","	21801-2249","United States","Voluntary: Firm initiated","Letter","Nationwide in the USA.","D-0576-2020","Class II","Amantadine Hydrochloride Tablets, 100 mg, 100-count bottle, Rx only, Manufactured by: Jubilant Generics Ltd., Roorkee-247661, India; Marketed by: Jubilant Cadista Pharmaceuticals Inc., Salisbury, MD 21801, USA; NDC 59746-699-01.","1,824 bottles","Presence of Foreign Substance: Presence of a foreign object in a single tablet.","12/02/2019","12/06/2019","10/14/2021","12/18/2019","Lot #: NT119005A, Exp 07/2021"
"Drugs","No","","84401","Terminated","Surgery Pharmacy Services Inc","3908 Tennessee Ave Ste C","N/A","Chattanooga","TN","	37409-1357","United States","Voluntary: Firm initiated","E-Mail","Distributed in GA, TN","D-0610-2020","Class II","Memorial Central TPN. Rx Only, Rx # specific and Patient Specific volumes.  Mixed by Surgery Pharmacy Serv., 3908 TENN.AVE., SUITE F.,  CHATTANOOGA, TN., 37409,","1149 bags","Lack of sterility assurance.","05/30/2019","12/09/2019","02/04/2021","12/18/2019","RX numbers from 311976 to 314888"
"Drugs","No","","84401","Terminated","Surgery Pharmacy Services Inc","3908 Tennessee Ave Ste C","N/A","Chattanooga","TN","	37409-1357","United States","Voluntary: Firm initiated","E-Mail","Distributed in GA, TN","D-0611-2020","Class II","Trisodium Citrate 0.5% CRRT SOLUTION. RX Only. Rx # specific and Patient Specific volumes. Mixed by Surgery Pharmacy Services,3908 TENN.AVE. CHATT,TN37409  ","84 bags","Lack of sterility assurance.","05/30/2019","12/09/2019","02/04/2021","12/18/2019","RX numbers from 311976 to 314888"
"Drugs","No","","84422","Terminated","Preferred Pharmaceuticals, Inc","1250 N Lakeview Ave Ste O","N/A","Anaheim","CA","	92807-1801","United States","Voluntary: Firm initiated","E-Mail","CA, FL","D-0617-2020","Class II","Ranitidine Tablets, USP 150 mg, OTC, a.) 30 count bottle (NDC 68788-7078-03), b.) 60 count bottle (NDC 68788-7078-06), Mfg: Amneal Pharmaceuticals","316 bottles","CGMP Deviations: Presence of NDMA impurity detected in product.","12/02/2019","12/09/2019","05/09/2023","12/18/2019","Lot #: I2519H, Exp. 12/20; I2719O, Exp. 12/20; J1419O, Exp. 12/20; J2819L, Exp. 12/20"
"Drugs","No","12/23/2019","83996","Terminated","Coast Quality Pharmacy, LLC dba Anazao Health","5710 Hoover Blvd","N/A","Tampa","FL","	33634-5339","United States","Voluntary: Firm initiated","Telephone","Nationwide in the U.S.","D-0602-2020","Class II","Baclofen and Clonidine HCL and Morphine Sulfate in all strengths, all doses and all packaging,  AnazaoHealth 5710 Hoover Blvd Tampa, FL 33634.","Unknown","Lack of Processing Controls; Environmental sampling revealed 1 CFU (Colony Forming Unit) identified as Talaromyces rotundus, a fungi.","09/03/2019","12/06/2019","12/01/2020","12/18/2019","All lots filled and dispensed on 08/26-29/2019 and 09/27/2019 through 10/03/2019 remaining within expiry."
"Drugs","No","12/23/2019","83996","Terminated","Coast Quality Pharmacy, LLC dba Anazao Health","5710 Hoover Blvd","N/A","Tampa","FL","	33634-5339","United States","Voluntary: Firm initiated","Telephone","Nationwide in the U.S.","D-0603-2020","Class II","Fentanyl Citrate and Bupivacaine HCL and Clonidine HCL and Baclofen in all strengths, all doses and all packaging,  AnazaoHealth 5710 Hoover Blvd Tampa, FL 33634.","Unknown","Lack of Processing Controls; Environmental sampling revealed 1 CFU (Colony Forming Unit) identified as Talaromyces rotundus, a fungi.","09/03/2019","12/06/2019","12/01/2020","12/18/2019","All lots filled and dispensed on 08/26-29/2019 and 09/27/2019 through 10/03/2019 remaining within expiry."
"Drugs","No","12/23/2019","83996","Terminated","Coast Quality Pharmacy, LLC dba Anazao Health","5710 Hoover Blvd","N/A","Tampa","FL","	33634-5339","United States","Voluntary: Firm initiated","Telephone","Nationwide in the U.S.","D-0604-2020","Class II","Fentanyl Citrate and Bupivacaine HCL and Clonidine HCL in all strengths, all doses and all packaging,  AnazaoHealth 5710 Hoover Blvd Tampa, FL 33634.","Unknown","Lack of Processing Controls; Environmental sampling revealed 1 CFU (Colony Forming Unit) identified as Talaromyces rotundus, a fungi.","09/03/2019","12/06/2019","12/01/2020","12/18/2019","All lots filled and dispensed on 08/26-29/2019 and 09/27/2019 through 10/03/2019 remaining within expiry."
"Drugs","No","12/23/2019","83996","Terminated","Coast Quality Pharmacy, LLC dba Anazao Health","5710 Hoover Blvd","N/A","Tampa","FL","	33634-5339","United States","Voluntary: Firm initiated","Telephone","Nationwide in the U.S.","D-0605-2020","Class II","Fentanyl Citrate and Clonidine HCL and Morphine Sulfate and Baclofen in all strengths, all doses and all packaging,  AnazaoHealth 5710 Hoover Blvd Tampa, FL 33634.","Unknown","Lack of Processing Controls; Environmental sampling revealed 1 CFU (Colony Forming Unit) identified as Talaromyces rotundus, a fungi.","09/03/2019","12/06/2019","12/01/2020","12/18/2019","All lots filled and dispensed on 08/26-29/2019 and 09/27/2019 through 10/03/2019 remaining within expiry."
"Drugs","No","12/23/2019","83996","Terminated","Coast Quality Pharmacy, LLC dba Anazao Health","5710 Hoover Blvd","N/A","Tampa","FL","	33634-5339","United States","Voluntary: Firm initiated","Telephone","Nationwide in the U.S.","D-0606-2020","Class II","Hydromorphone HCL and Bupivacaine HCL and Baclofen and Clonidine HCL and Fentanyl Citrate in all strengths, all doses and all packaging,  AnazaoHealth 5710 Hoover Blvd Tampa, FL 33634.","Unknown","Lack of Processing Controls; Environmental sampling revealed 1 CFU (Colony Forming Unit) identified as Talaromyces rotundus, a fungi.","09/03/2019","12/06/2019","12/01/2020","12/18/2019","All lots filled and dispensed on 08/26-29/2019 and 09/27/2019 through 10/03/2019 remaining within expiry."
"Drugs","No","12/23/2019","83996","Terminated","Coast Quality Pharmacy, LLC dba Anazao Health","5710 Hoover Blvd","N/A","Tampa","FL","	33634-5339","United States","Voluntary: Firm initiated","Telephone","Nationwide in the U.S.","D-0607-2020","Class II","Hydromorphone HCL and Bupivacaine HCL and Baclofen and Clonidine HCL in all strengths, all doses and all packaging,  AnazaoHealth 5710 Hoover Blvd Tampa, FL 33634.","Unknown","Lack of Processing Controls; Environmental sampling revealed 1 CFU (Colony Forming Unit) identified as Talaromyces rotundus, a fungi.","09/03/2019","12/06/2019","12/01/2020","12/18/2019","All lots filled and dispensed on 08/26-29/2019 and 09/27/2019 through 10/03/2019 remaining within expiry."
"Drugs","No","12/23/2019","83996","Terminated","Coast Quality Pharmacy, LLC dba Anazao Health","5710 Hoover Blvd","N/A","Tampa","FL","	33634-5339","United States","Voluntary: Firm initiated","Telephone","Nationwide in the U.S.","D-0608-2020","Class II","Hydromorphone HCL and Clonidine HCL and Fentanyl Citrate in all strengths, all doses and all packaging,  AnazaoHealth 5710 Hoover Blvd Tampa, FL 33634.","Unknown","Lack of Processing Controls; Environmental sampling revealed 1 CFU (Colony Forming Unit) identified as Talaromyces rotundus, a fungi.","09/03/2019","12/06/2019","12/01/2020","12/18/2019","All lots filled and dispensed on 08/26-29/2019 and 09/27/2019 through 10/03/2019 remaining within expiry."
"Drugs","No","12/20/2019","84437","Terminated","OraLabs, Incorporated","18685 Plaza Dr","N/A","Parker","CO","	80134-9061","United States","Voluntary: Firm initiated","E-Mail","Nationwide within the United States","D-0624-2020","Class II","Petroleum jelly (White Petrolatum) USP 100%, packaged in a) 1 oz tube (UPC 1182298884), b) 2.5 oz tube (UPC 1182298541), Distributed by Rite Aid, 30 Hunter Lane, Camp Hill, PA 17011","N/A","Cross contamination with other products: undeclared contaminants of phenol and camphor in petroleum jelly tubes.","11/25/2019","12/19/2019","01/27/2021","12/18/2019","Lot #: a) 44660922 Exp. 09/22; b) 44771122, Exp. 11/22"
"Drugs","No","","84353","Ongoing","Amneal Pharmaceuticals, Inc.","50 Horseblock Rd","N/A","Brookhaven","NY","	11719-9509","United States","Voluntary: Firm initiated","Press Release","Product was distributed throughout the United States.","D-0615-2020","Class II","Ranitidine Tablets, USP 150 mg, 1000-count bottles, NDC 53746-253-10.","N/A","CGMP Deviations: Impurity N-nitrosodimethylamine (NDMA) found in API","11/22/2019","12/09/2019","N/A","12/18/2019","HB03718A 3/2020  HB03818A 3/2020  HB03918A 3/2020  HB04018A 3/2020  HC01618A 3/2020  HC14618A 5/2020  HC14718A 5/2020  HC14818A 5/2020  HC14918A 5/2020  HC15018A 5/2020  HK02318A 9/2020  HK02418A 9/2020  HK02518A 9/2020  HK02618A 9/2020  HD03119A 3/2021  HD03219A 3/2021  HE03119A 4/2021  HE03219A 4/2021"
"Drugs","No","","84353","Ongoing","Amneal Pharmaceuticals, Inc.","50 Horseblock Rd","N/A","Brookhaven","NY","	11719-9509","United States","Voluntary: Firm initiated","Press Release","Product was distributed throughout the United States.","D-0616-2020","Class II","Ranitidine Tablets, USP 300 mg, 250-count bottles, NDC 53746-254-02.","N/A","CGMP Deviations: Impurity N-nitrosodimethylamine (NDMA) found in API","11/22/2019","12/09/2019","N/A","12/18/2019","HB04118A 2/2020  HB04218A 2/2020  HB04318A 2/2020  HB04418A 2/2020  HF13518A 6/2020  HF13618A 6/2020  HF13718A 6/2020  HF13818A 6/2020  HK02818A 9/2020  HK02918A 9/2020  HK03018A 9/2020  HK03118A 9/2020  HL08418A 11/2020  HL08518A 11/2020  HL08618A 11/2020  HL08718A 11/2020  HB01419A 1/2021  HB05619A 1/2021  HB05719A 1/2021  HB05819A 1/2021  HB05919A 1/2021  HB06019A 1/2021  HB06119A 1/2021"
"Drugs","No","12/23/2019","84463","Terminated","Lupin Pharmaceuticals Inc.","Harborplace Tower","111 S Calvert St Fl 21st","Baltimore","MD","	21202-6174","United States","Voluntary: Firm initiated","Letter","Nationwide in the USA","D-0629-2020","Class III","Memantine Hydrochloride Extended-release Capsules, 28mg, packaged in a) 90-count bottles (NDC 68180-249-09 and b) 500-count bottles (NDC 68180-249-02); Rx only, Manufactured for: Lupin Pharmaceuticals, Inc., Baltimore, Maryland 21202; Manufactured by: Lupin Limited, Pithampur (M.P.)-454 775, INDIA  ","3,726 bottles","Failed Dissolution Specifications: High out of specification result observed at stability studies.","12/10/2019","12/23/2019","04/29/2021","12/25/2019","Lot #: H901787, H901788, Exp March 2021"
"Drugs","No","","84495","Terminated","Lupin Pharmaceuticals Inc.","Harborplace Tower","111 S Calvert St Fl 21st","Baltimore","MD","	21202-6174","United States","Voluntary: Firm initiated","Letter","Nationwide in the U.S.","D-0635-2020","Class III","Bimatoprost Ophthalmic Solution, 0.03%, For Use in the Eyes Only, Sterile, Rx Only, 7.5 mL bottle, Manufactured by: Lupin Limited, Pithampur (M.P.), INDIA, NDC: 68180-429-03.","2,130 bottles","Failed Impurities/Degradation Specifications: Out-of-specification result observed in any other individual impurity.","12/13/2019","01/02/2020","10/19/2020","01/08/2020","Lot# H801686, Exp. 12/31/2019."
"Drugs","No","","84498","Terminated","AuroMedics Pharma LLC","279 Princeton Hightstown Rd","N/A","East Windsor","NJ","	08520-1401","United States","Voluntary: Firm initiated","Letter","Nationwide in the U.S.","D-0789-2020","Class III","Moxifloxacin Ophthalmic Solution USP, 0.5%, Sterile, 3mL Bottle, Rx Only, For Topical Ophthalmic Use Only, Distributed by: Aurobindo Pharma USA, Inc., East Windsor, NJ 08520, Made in India, NDC 65862-840-03.","100,080 bottles","Discoloration: Market complaints of discoloration in Moxifloxacin Ophthalmic Solution.","12/02/2019","01/17/2020","11/22/2022","01/22/2020","Lot #s: CMF190008; CMF190009, Exp. 04/2021; CMF190025; CMF190026, Exp. 06/2021."
"Drugs","No","","84509","Terminated","Spectrum Laboratory Products","14422 S San Pedro St","N/A","Gardena","CA","	90248-2027","United States","Voluntary: Firm initiated","Letter","Nationwide in the USA and Canada","D-0628-2020","Class II","Estriol [(16a, 17B)-Estra-1,3,5(10)-triene-3,16,17-triol; Oestriol] Micronized, USP, CAS 50-27-1, packaged in a) 1 G glass bottles, b) 5 G glass bottles, c) 25 G glass bottles, d) 100 G glass bottles, e) 500 G glass bottles, and f) 1 KG plastic bottles, Rx Only, Spectrum Chemical Mfg Corp., Gardena, CA 90248.","6.284 kg","Subpotent Drug: Supplier indicated assay results did not meet specifications.","12/11/2019","12/23/2019","08/17/2023","01/01/2020","Lot #s: 1HG0308, 1HH0630, 1HI0854, 4HL0005,4HL0036, 4IH0032, Exp. 04/16/2021"
"Drugs","No","01/21/2020","84516","Ongoing","Glenmark Pharmaceuticals Inc., USA","750 Corporate Dr","N/A","Mahwah","NJ","	07430-2009","United States","Voluntary: Firm initiated","Press Release","Natiowide","D-0639-2020","Class II","Glenmark Ranitidine Tablets USP 150 mg Rx Only 60 Tablets Manufactured by: Glenmark Pharmaceuticals Ltd. Colvale-Bandez, Goa 403513, India Manufactured for: Glenmark Pharmaceuticals Inc., USA Mahwah, NJ   NDC 68462-248-60","208,668 bottles","CGMP Deviations: Presence of NDMA impurity detected in product.","12/17/2019","01/05/2020","N/A","01/15/2020","7701164A  7701471A  7701670B  7701827A  7702242A  7702705A  7702947A  7703408A  7704494A  7704495A  19190289  19190342  19190372  7702737A"
"Drugs","No","01/21/2020","84516","Ongoing","Glenmark Pharmaceuticals Inc., USA","750 Corporate Dr","N/A","Mahwah","NJ","	07430-2009","United States","Voluntary: Firm initiated","Press Release","Natiowide","D-0640-2020","Class II","Glenmark Ranitidine Tablets USP 150 mg Rx Only 100 Tablets Manufactured by: Glenmark Pharmaceuticals Ltd. Colvale-Bandez, Goa 403513, India Manufactured for: Glenmark Pharmaceuticals Inc., USA Mahwah, NJ   NDC 68462-248-01  ","217,956 bottles","CGMP Deviations: Presence of NDMA impurity detected in product.","12/17/2019","01/05/2020","N/A","01/15/2020","7701033A  7701826A  7702344A  7702345A  7702489A  7702706A  7702707A  7702708A  7702858A  7702859A  7702860A  7702928A  7702929A  7703196A  7703634A  7704492A  7704493A  7705159A  19190289  19190342  19190372"
"Drugs","No","01/21/2020","84516","Ongoing","Glenmark Pharmaceuticals Inc., USA","750 Corporate Dr","N/A","Mahwah","NJ","	07430-2009","United States","Voluntary: Firm initiated","Press Release","Natiowide","D-0641-2020","Class II","Glenmark Ranitidine Tablets USP 300 mg Rx Only 30 Tablets Manufactured by: Glenmark Pharmaceuticals Ltd. Colvale-Bandez, Goa 403513, India   Manufactured for: Glenmark Pharmaceuticals Inc., USA Mahwah, NJ   NDC 68462-249-30  ","98,988 bottles","CGMP Deviations: Presence of NDMA impurity detected in product.","12/17/2019","01/05/2020","N/A","01/15/2020","7701429A  7701522A  7702255A  7704745A  19190456  19190472  19190490"
"Drugs","No","01/21/2020","84516","Ongoing","Glenmark Pharmaceuticals Inc., USA","750 Corporate Dr","N/A","Mahwah","NJ","	07430-2009","United States","Voluntary: Firm initiated","Press Release","Natiowide","D-0642-2020","Class II","Glenmark Ranitidine Tablets USP 300 mg Rx Only 100 Tablets Manufactured by: Glenmark Pharmaceuticals Ltd. Colvale-Bandez, Goa 403513, India   Manufactured for: Glenmark Pharmaceuticals Inc., USA Mahwah, NJ   NDC 68462-249-01","1,309,536 bottles","CGMP Deviations: Presence of NDMA impurity detected in product.","12/17/2019","01/05/2020","N/A","01/15/2020","7701030A  7701031A  7701062A  7701063A  7701110A  7701111A  7701112A  7701185A  7701186A  7701187A  7701188A  7701189A  7701269A  7701270A  7701278A  7701279A  7701386A  7701400A  7701401A  7701406A  7701421A  7701434A  7701435A  7701436A  7701452A  7701453A  7701521A  7701522B  7701553A  7701554A  7701555A  7701556A  7701582A  7701817A  7701828A  7701829A  7702001A  7702002A  7702003A  7702012A  7702026A  7702027A  7702064A  7702140A  7702253A  7702254A  7702285A  7702286A  7702287A  7702288A  7702294A  7702413A  7702462A  7702491A  7702492A  7702504A  7702505A  7702515A  7702698A  7702699A  7702700A  7702714A  7702719A  7702720A  7702747A  7702748A  7702749A  7702750A  7702751A  7702872A  7702873A  7702874A  7702917A  7702918A  7702919A  7702921A  7702922A  7702923A  7702945A  7703205A  7703410A  7703411A  7703412A  7703413A  7703414A  7703415A  7703451A  7703452A  7703453A  7703578A  7703579A  7703580A  7703581A  7703591A  7703592A  7703593A  7704372A  7704373A  7704374A  7704426A  7704427A  7704432A  7704463A  7704464A  7704465A  7704466A  7704508A  7704509A  7704510A  7704511A  7704512A  7704513A  7704563A  7704564A  7704746A  7704747A  7704748A  7704813A  7704841A  7704989A  7704990A  7705106A  7705320A  7705321A  7705322A  7705323A  7705324A  7705325A  7705326A  7705694A  7705703A  7705704A  7705702A  19190456  19190472  19190490  7701809A  7704862A  7704863A  7704864A  7704865A  7704866A  7704933A  7704934A"
"Drugs","No","01/21/2020","84516","Ongoing","Glenmark Pharmaceuticals Inc., USA","750 Corporate Dr","N/A","Mahwah","NJ","	07430-2009","United States","Voluntary: Firm initiated","Press Release","Natiowide","D-0643-2020","Class II","Glenmark Ranitidine Tablets USP 300 mg Rx Only 250 Tablets Manufactured by: Glenmark Pharmaceuticals Ltd. Colvale-Bandez, Goa 403513, India Manufactured for: Glenmark Pharmaceuticals Inc., USA Mahwah, NJ   NDC 68462-249-20    ","500,960 bottles","CGMP Deviations: Presence of NDMA impurity detected in product.","12/17/2019","01/05/2020","N/A","01/15/2020","7701069A  7701070A  7701084A  7701085A  7701087A  7701094A  7701095A  7701140A  7701141A  7701142A  7701157A  7701162A  7701182A  7701217A  7701218A  7701219A  7701236A  7701237A  7701220A  7701456A  7701470A  7701520A  7701671A  7701696A  7701697A  7701698A  7701797A  7701928A  7701929A  7701942A  7701943A  7702065A  7702066A  7702067A  7702095A  7702096A  7702097A  7702098A  7702188A  7702189A  7702190A  7702196A  7702197A  7702198A  7702199A  7702348A  7702338A  7702347A  7702349A  7702350A  7702391A  7702392A  7702546A  7702547A  7702548A  7702616A  7702617A  7702618A  7702619A  7702620A  7702763A  7702764A  7702851A  7702852A  7702853A  7702854A  7702855A  7702868A  7702869A  7702870A  7702871A  7702920A  7703054A  7703055A  7703056A  7703057A  7703058A  7703206A  7703208A  7703454A  7703455A  7703456A  7703486A  7703487A  7703488A  7703489A  7703490A  7703945A  7703946A  7703947A  7704111A  7704112A  7704113A  7704234A  7704235A  7704236A  7704237A  7704285A  7704286A  7704287A  7704288A  7704370A  7704371A  7704428A  7704429A  7704430A  7704431A  7704814A  7704838A  7704839A  7704840A  7704935A  7704936A  7704992A  7704996A  7704997A  7704998A  7704999A  7705037A  7705298A  7705299A  7705300A  7705301A  7705302A  7705303A  7705546A  7705584A  7705544A  7705545A  7705572A  7705585A  19190456  19190472  19190490  19191934  19191942  19191959  19192504"
"Drugs","No","01/21/2020","84516","Ongoing","Glenmark Pharmaceuticals Inc., USA","750 Corporate Dr","N/A","Mahwah","NJ","	07430-2009","United States","Voluntary: Firm initiated","Press Release","Natiowide","D-0644-2020","Class II","Glenmark Ranitidine Tablets USP 150 mg Rx Only 500 Tablets Manufactured by: Glenmark Pharmaceuticals Ltd. Colvale-Bandez, Goa 403513, India   Manufactured for: Glenmark Pharmaceuticals Inc., USA Mahwah, NJ   NDC 68462-248-05  ","1,712,632 bottles","CGMP Deviations: Presence of NDMA impurity detected in product.","12/17/2019","01/05/2020","N/A","01/15/2020","7701034A  7701057A  7701058A  7701059A  7701060A  7701061A  7701071A  7701072A  7701073A  7701074A  7701105A  7701106A  7701107A  7701108A  7701109A  7701113A  7701114A  7701115A  7701116A  7701121A  7701122A  7701123A  7701124A  7701125A  7701126A  7701151A  7701152A  7701165A  7701154A  7701155A  7701163A  7701176A  7701190A  7701221A  7701222A  7701223A  7701224A  7701225A  7701235A  7701253A  7701254A  7701255A  7701256A  7701257A  7701258A  7701259A  7701266A  7701267A  7701268A  7701273A  7701275A  7701276A  7701277A  7701294A  7701295A  7701296A  7701297A  7701300A  7701301A  7701302A  7701303A  7701304A  7701306A  7701307A  7701308A  7701309A  7701310A  7701311A  7701312A  7701313A  7701314A  7701315A  7701316A  7701328A  7701329A  7701330A  7701331A  7701332A  7701333A  7701344A  7701153A  7701175A  7701234A  7701274A  7701305A  7701345A  7701352A  7701353A  7701354A  7701355A  7701356A  7701382A  7701383A  7701384A  7701385A  7701402A  7701403A  7701404A  7701405A  7701419A  7701420A  7701422A  7701423A  7701424A  7701425A  7701426A  7701427A  7701430A  7701432A  7701433A  7701448A  7701449A  7701450A  7701451A  7701454A  7701455A  7701471B  7701557A  7701558A  7701559A  7701583A  7701584A  7701585A  7701586A  7701587A  7701588A  7701614A  7701615A  7701616A  7701621A  7701637A  7701638A  7701639A  7701652A  7701653A  7701654A  7701655A  7701656A  7701657A  7701658A  7701664A  7701665A  7701666A  7701667A  7701668A  7701669A  7701670A  7701680A  7701613A  7701699A  7701700A  7701701A  7701714A  7701715A  7701716A  7701717A  7701718A  7701719A  7701720A  7701721A  7701781A  7701782A  7701783A  7701784A  7701796A  7701926A  7701927A  7701937A  7701938A  7701939A  7701940A  7701941A  7702004A  7702005A  7702006A  7702007A  7702008A  7702009A  7702010A  7702011A  7702013A  7702014A  7702068A  7702222A  7702223A  7702224A  7702230A  7702231A  7702232A  7702233A  7702242B  7702243A  7702244A  7702245A  7702246A  7702247A  7702248A  7702249A  7702250A  7702251A  7702252A  7702291A  7702292A  7702293A  7702302A  7702303A  7702304A  7702305A  7702306A  7702307A  7702308A  7702309A  7702331A  7702332A  7702333A  7702334A  7702339A  7702340A  7702346A  7702353A  7702354A  7702355A  7702356A  7702376A  7702377A  7702378A  7702379A  7702390A  7702310A  7702411A  7702412A  7702490A  7702493A  7702494A  7702498A  7702499A  7702500A  7702501A  7702502A  7702503A  7702516A  7702517A  7702518A  7702519A  7702549A  7702550A  7702551A  7702552A  7702601A  7702602A  7702603A  7702604A  7702605A  7702606A  7702607A  7702608A  7702621A  7702622A  7702623A  7702655A  7702656A  7702657A  7702658A  7702741A  7702742A  7702743A  7702765A  7702766A  7702777A  7702778A  7702779A  7702780A  7702781A  7702782A  7702783A  7702784A  7702794A  7702795A  7702796A  7702797A  7702811A  7702812A  7702813A  7702814A  7702815A  7702816A  7702817A  7702818A  7702819A  7702820A  7702821A  7702822A  7702848A  7702849A  7702850A  7702856A  7702857A  7702861A  7702896A  7702897A  7702898A  7702899A  7702910A  7702911A  7702912A  7702913A  7702914A  7702915A  7702916A  7702924A  7702925A  7702926A  7702927A  7703060A  7703061A  7703062A  7703063A  7703064A  7703065A  7703066A  7703067A  7703068A  7703144A  7703145A  7703146A  7703147A  7703174A  7703175A  7703176A  7703177A  7703178A  7703179A  7703180A  7703181A  7703182A  7703183A  7703191A  7703192A  7703193A  7703194A  7703195A  7703236A  7703237A  7703238A  7703239A  7703240A  7703248A  7703249A  7703250A  7703251A  7703252A  7703253A  7703254A  7703255A  7703283A  7703284A  7703290A  7703291A  7703292A  7703293A  7703294A  7703295A  7703296A  7703318A  7703330A  7703331A  7703332A  7703333A  7703334A  7703347A  7703348A  7703349A  7703350A  7703351A  7703394A  7703395A  7703409A  7703491A  7703492A  7703493A  7703494A  7703495A  7703496A  7703497A  7703498A  7703499A  7703500A  7703501A  7703502A  7703503A  7703504A  7703635A  7703636A  7703637A  7703638A  7703775A  7703776A  7703777A  7703778A  7703779A  7703780A  7703781A  7703782A  7703783A  7703925A  7703926A  7703934A  7703935A  7703936A  7703937A  7703938A  7703939A  7703970A  7703971A  7703972A  7704003A  7704004A  7704098A  7704099A  7704100A  7704101A  7704102A  7704103A  7704104A  7704181A  7704182A  7704183A  7704184A  7704185A  7704186A  7704187A  7704188A  7704189A  7704190A  7704191A  7704192A  7704193A  7704297A  7704298A  7704299A  7704300A  7704301A  7704302A  7704327A  7704328A  7704329A  7704330A  7704331A  7704332A  7704333A  7704334A  7704408A  7704409A  7704410A  7704411A  7704412A  7704413A  7704419A  7704420A  7704421A  7704422A  7704423A  7704424A  7704425A  7704496A  7704497A  7704502A  7704503A  7704504A  7704505A  7704506A  7704507A  7704559A  7704560A  7704561A  7704562A  7704574A  7704575A  7704606A  7704607A  7704608A  7704649A  7704650A  7704651A  7704652A  7704653A  7704654A  7704655A  7704656A  7704657A  7704658A  7704659A  7704673A  7704674A  7704675A  7704676A  7704677A  7704678A  7704679A  7704735A  7704736A  7704737A  7704738A  7704739A  7704810A  7704811A  7704812A  7704834A  7704835A  7704836A  7704837A  7704856A  7704857A  7704948A  7704949A  7704950A  7704951A  7704971A  7704972A  7704973A  7704974A  7704975A  7704976A  7704977A  7704980A  7704981A  7704982A  7704983A  7704984A  7704985A  7705014A  7705049A  7705125A  7705126A  7705127A  7705128A  7705129A  7705130A  7705131A  7705132A  7705133A  7705134A  7705135A  7705136A  7705137A  7705138A  7705150A  7705151A  7705152A  7705153A  7705382A  7705383A  7705386A  7705388A  7705391A  7705566A  7705568A  7705569A  7705589A  7705591A  7705595A  7705596A  7705597A  7705598A  7705599A  7705600A  7705601A  7705614A  7705615A  7705618A  7705619A  7705620A  7705621A  7705622A  7705623A  7705624A  7705387A  7705389A  7705390A  7705592A  7705593A  7705594A  7705602A  7705616A  7705617A  19190289  19190342  19190372  19190385  19191898  19192447  19192461  19192468  19192481  7702624A  7702625A  7702738A  7702739A  7702740A  7704858A  7704859A  7704860A  7704861A  7704892A  7704893A  7704894A  7704895A  7704896A  7704912A  7704926A  7704927A  7704928A  7704929A  7704930A  7704931A  7704932A"
"Drugs","No","","84522","Ongoing","Granules India Limited","Plot No. 160/A, 161/E, 162 and 174/A","Gagillapur Village","Qutbullapur Mandal, Ranga Redd","N/A","	N/A","India","Voluntary: Firm initiated","Letter","OR, NY, NJ","D-0632-2020","Class II","RANITIDINE TABLETS, USP 150mg, 10,000-count bag, Country of Origin: INDIA  NDC 62207-773-32","23,090,000 tablets","CGMP Deviations: Impurity N-nitrosodimethylamine (NDMA) found in API","12/13/2019","12/29/2019","N/A","01/08/2020","7730001A, 7730002A, 7730003A, 7730004A, 7730005A, 7730006A, 7730007A, 7730008A, 7730009A, 7730010A, 7730011A and 7730012A"
"Drugs","No","","84525","Terminated","Pharmedium Services, LLC","150 N Field Dr Ste 350","N/A","Lake Forest","IL","	60045-2506","United States","Voluntary: Firm initiated","Two or more of the following: Email, Fax, Letter, Press Release, Telephone, Visit","Nationwide in the U.S.","D-0625-2020","Class III","NORepinephrine Bitartrate 8 mg added to 250 mL 5% Dextrose Injection USP (32 mcg per mL) Total Volume 258.00 mL Viaflex Bag, High Alert, Rx Only, PharMEDium Services LLC., 12620 W Airport Blvd #130 Sugar Land, TX 77478.","5820 bags","Subpotent Drug","12/16/2019","12/23/2019","02/09/2021","01/01/2020","Lot #s:   192930039S Exp. 12/18/19;  192930041S Exp. 12/18/19;  192940048S Exp. 12/19/19;  192940049S Exp. 12/19/19;  192950031S Exp. 12/20/19;  192950032S Exp. 12/20/19;  192960039S Exp. 12/22/19;  192960040S Exp. 12/22/19;  192960041S Exp. 12/22/19;  192960042S Exp. 12/22/19;  192970034S Exp. 12/22/19;  192970036S Exp. 12/22/19;  192970037S Exp. 12/22/19;  192980043S Exp. 12/25/19;  192980044S Exp. 12/25/19;  192980045S Exp. 12/25/19;  193010042S Exp. 12/26/19;  193020042S Exp. 12/27/19;  193030039S Exp. 12/28/19;  193030040S Exp. 12/28/19;  193030049S Exp. 12/28/19;  193040045S Exp. 12/29/19;  193040046S Exp. 12/29/19;  193040047S Exp. 12/29/19;  193080040S Exp. 1/2/20;  193080041S Exp. 1/2/20;  193080042S Exp. 1/2/20;  193080043S Exp. 1/2/20;  193080044S Exp. 1/2/20;  193090034S Exp. 1/3/20;  193090035S Exp. 1/3/20;  193090036S Exp. 1/3/20;  193100041S Exp. 1/4/20;  193100042S Exp. 1/4/20;  193100043S Exp. 1/4/20;  193120036S Exp. 1/8/20;  193150028S Exp. 1/9/20;  193170033S Exp. 1/11/20;  193170034S Exp. 1/11/20;  193170035S Exp. 1/11/20;  193180035S Exp. 1/12/20;  193190035S Exp. 1/15/20;  193190038S Exp. 1/15/20;  193220038S Exp. 1/16/20;  193230037S Exp. 1/17/20;  193240029S Exp. 1/18/20;  193240030S Exp. 1/18/20;  193240031S Exp. 1/18/20;  193250028S Exp. 1/19/20;  193360031S Exp. 1/30/20"
"Drugs","No","","84525","Terminated","Pharmedium Services, LLC","150 N Field Dr Ste 350","N/A","Lake Forest","IL","	60045-2506","United States","Voluntary: Firm initiated","Two or more of the following: Email, Fax, Letter, Press Release, Telephone, Visit","Nationwide in the U.S.","D-0626-2020","Class III","NORepinephrine Bitartrate 8 mg added to 500 mL 5% Dextrose Injection USP (16 mcg per mL) Total Volume 508.00 mL Viaflex Bag, High Alert, Rx Only, PharMEDium Services LLC., 12620 W Airport Blvd #130 Sugar Land, TX 77478.","864 bags","Subpotent Drug","12/16/2019","12/23/2019","02/09/2021","01/01/2020","Lot #s:   193040035S, Exp. 12/29/2019;   193120031S, Exp. 01/08/2020;  193150024S, Exp. 01/09/20;  193180030S, Exp. 01/12/20;  193240028S, Exp. 01/18/20;  193250022S, Exp. 01/19/20."
"Drugs","No","","84525","Terminated","Pharmedium Services, LLC","150 N Field Dr Ste 350","N/A","Lake Forest","IL","	60045-2506","United States","Voluntary: Firm initiated","Two or more of the following: Email, Fax, Letter, Press Release, Telephone, Visit","Nationwide in the U.S.","D-0627-2020","Class III","NORepinephrine Bitartrate 4 mg added to 250 mL 5% Dextrose Injection USP (16 mcg per mL) Total Volume 254.00 mL Viaflex Bag, High Alert, Rx Only, PharMEDium Services LLC., 12620 W Airport Blvd #130 Sugar Land, TX 77478.","5808 bags","Subpotent Drug","12/16/2019","12/23/2019","02/09/2021","01/01/2020","Lots:   192930026S Exp. 12/18/19;  192950020S Exp. 12/20/19;  192960029S Exp. 12/21/19;  192970024S Exp. 12/22/19;  193010034S Exp. 12/26/19;  193030036S Exp. 12/28/19;  193040029S Exp. 12/29/19;  193050030S Exp. 1/1/20;  193080025S Exp. 1/2/20;  193080026S Exp. 1/2/20;  193080027S Exp. 1/2/20;  193090017S Exp. 1/3/20;  193090018S Exp. 1/3/20;  193100032S Exp. 1/4/20;  193120028S Exp. 1/8/20;  193160027S Exp. 1/10/20;  193170024S Exp. 1/11/20;  193170025S Exp. 1/11/20;  193180026S Exp. 1/12/20;  193190031S Exp. 1/15/20;  193230027S Exp. 1/17/20;  193240015S Exp. 1/18/20;  193240016S Exp. 1/18/20;  193240017S Exp. 1/18/20;  193240018S Exp. 1/18/20;  193250017S Exp. 1/19/20"
"Drugs","No","","84527","Terminated","MPRX, Inc. dba Medical Park Pharmacy","8230 Elmbrook Dr Ste 600b","N/A","Dallas","TX","	75247-4144","United States","Voluntary: Firm initiated","Letter","TX","D-0803-2020","Class II","DHEA/Pregnenol One 10.25 MG Cap","1 bottle","Labeling: Incorrect or missing lot and/or expiration date. Products were compounded using expired components.","12/18/2019","01/29/2020","12/13/2022","02/05/2020","Lot: L61406:42 Use by: 05/06/2020"
"Drugs","No","03/02/2020","84534","Terminated","Hikma Pharmaceuticals USA Inc.","2 Esterbrook Ln","N/A","Cherry Hill","NJ","	08003-4002","United States","Voluntary: Firm initiated","Letter","Nationwide within the United States","D-0658-2020","Class II","Ketorolac Tromethamine Injection, USP 60 mg/2 mL (30 mg/mL), packaged in 2 mL Single Dose Vials (NDC 0641-6043-01), 25 vials/shelf-pack (NDC 0641-6043-25), For IM Use Only, Rx only, Manufactured by: WEST-WARD Eatontown, NJ 07724 USA.","25,817 shelf packs/25 vials per pack","Presence of Particulate Matter: particles identified as polydimethylsiloxane (PDMS)","12/17/2019","03/02/2020","06/09/2021","01/22/2020","038368,  Exp. Mar 2020; 058314, Exp. May 2020; 078305,  078307, Exp. July 2020; 118362 Exp. Nov 2020"
"Drugs","No","01/08/2020","84550","Terminated","Asclemed USA Inc. dba Enovachem Pharmaceuticals","379 Van Ness Ave Ste 1403","N/A","Torrance","CA","	90501-7211","United States","Voluntary: Firm initiated","Telephone","Product was distributed to 6 physician's offices within the state of California.","D-0650-2020","Class II","Estriol, USP, (Micronized), 0.06 g, Distributed by Enovachem Pharmaceuticals, Torrance CA; NCD #76420-049-36","8.52 gm","Failed Impurities/Degradation Specifications: Additional testing found Out of Specification impurity test results.","12/09/2019","01/08/2020","08/09/2023","01/15/2020","Lot Code/Exp. Date: 11061901, 04011903, 04221904, 04241904,  06031902,  07301905, 09061903, EXP 12/31/2020"
"Drugs","No","01/08/2020","84550","Terminated","Asclemed USA Inc. dba Enovachem Pharmaceuticals","379 Van Ness Ave Ste 1403","N/A","Torrance","CA","	90501-7211","United States","Voluntary: Firm initiated","Telephone","Product was distributed to 6 physician's offices within the state of California.","D-0651-2020","Class II","Estriol, USP, (Micronized), 0.12 g, Distributed by Enovachem Pharmaceuticals, Torrance CA; NCD #76420-049-37","42.12 gm","Failed Impurities/Degradation Specifications: Additional testing found Out of Specification impurity test results.","12/09/2019","01/08/2020","08/09/2023","01/15/2020","Lot Code/Exp. Date: 11061901, 11061803, 11281804, 11291804, 04171902,  05201901,  08121902, EXP 12/31/2020; 08161901, 10111903, EXP 5/31/2021; 11211904, 10161901, EXP 8/31/2021"
"Drugs","No","01/08/2020","84550","Terminated","Asclemed USA Inc. dba Enovachem Pharmaceuticals","379 Van Ness Ave Ste 1403","N/A","Torrance","CA","	90501-7211","United States","Voluntary: Firm initiated","Telephone","Product was distributed to 6 physician's offices within the state of California.","D-0652-2020","Class II","Estriol, USP, (Micronized), 0.24 g, Distributed by Enovachem Pharmaceuticals, Torrance CA; NCD #76420-049-38","56.4 gm","Failed Impurities/Degradation Specifications: Additional testing found Out of Specification impurity test results.","12/09/2019","01/08/2020","08/09/2023","01/15/2020","Lot Code/Exp. Date: 11191804, 12281802, 01211902, 01281901, 02071903,   02221902,  03111903, 03251902, 04011905, 04091903, 04221907,  05211902,   06071902, 06241903, 07111903, 07301902, 08271902,  09061904,   09161902, EXP 12/31/2020; 09161901, 10091905, 10221902, 10311901, EXP 5/31/2021; 11211902, 10311902, EXP 8/31/2021"
"Drugs","No","","84561","Terminated","Island Kinetics, Inc. d.b.a. CoValence Laboratories","460 S Benson Ln Ste 1-3","N/A","Chandler","AZ","	85224-5663","United States","Voluntary: Firm initiated","Telephone","AZ","D-0634-2020","Class III","PCA Skin Blemish Control Bar, 3.2 oz/90g, Salicylic acid 2% - Acne cleanser, For external use only, Distributed by PCA Skin, 6210 E. Thomas Rd., Ste. 200, Scottsdale, AZ 85251; UPC 812025010397.","2542 units","Superpotent Drug: Salicylic acid content is above the firm's specification.","12/20/2019","12/31/2019","08/25/2021","01/08/2020","Batch number: L041918A, Exp. 04/2021  Lot # F9518B2"
"Drugs","No","","84527","Terminated","MPRX, Inc. dba Medical Park Pharmacy","8230 Elmbrook Dr Ste 600b","N/A","Dallas","TX","	75247-4144","United States","Voluntary: Firm initiated","Letter","TX","D-0804-2020","Class II","Finasteride/Biotin 1 mg/50 mcg","1 bottle","Labeling: Incorrect or missing lot and/or expiration date. Products were compounded using expired components.","12/18/2019","01/29/2020","12/13/2022","02/05/2020","Lot: 60658:42 Use by: 12/28/2019"
"Drugs","No","","84527","Terminated","MPRX, Inc. dba Medical Park Pharmacy","8230 Elmbrook Dr Ste 600b","N/A","Dallas","TX","	75247-4144","United States","Voluntary: Firm initiated","Letter","TX","D-0805-2020","Class II","Lidocaine/Priloc/PE 15/5/0.25% 30 GM jars","2 jars","Labeling: Incorrect or missing lot and/or expiration date. Products were compounded using expired components.","12/18/2019","01/29/2020","12/13/2022","02/05/2020","Lot: 61367:42 Use by: 04/28/2020"
"Drugs","No","","84527","Terminated","MPRX, Inc. dba Medical Park Pharmacy","8230 Elmbrook Dr Ste 600b","N/A","Dallas","TX","	75247-4144","United States","Voluntary: Firm initiated","Letter","TX","D-0806-2020","Class II","Lidocaine/Priloc/PE 30/5/0.25% 30 GM jars","12 jars","Labeling: Incorrect or missing lot and/or expiration date. Products were compounded using expired components.","12/18/2019","01/29/2020","12/13/2022","02/05/2020","Lots: 61134:42 Use by: 01/31/2020; 61302:26 Use by: 04/14/2020; 61318:42 Use by: 04/19/2020"
"Drugs","No","","84527","Terminated","MPRX, Inc. dba Medical Park Pharmacy","8230 Elmbrook Dr Ste 600b","N/A","Dallas","TX","	75247-4144","United States","Voluntary: Firm initiated","Letter","TX","D-0807-2020","Class II","Liothyronine (T3) 80 mcg SR cap","5 bottles","Labeling: Incorrect or missing lot and/or expiration date. Products were compounded using expired components.","12/18/2019","01/29/2020","12/13/2022","02/05/2020","Lot: 61253:42 Use by: 04/01/2020"
"Drugs","No","","84527","Terminated","MPRX, Inc. dba Medical Park Pharmacy","8230 Elmbrook Dr Ste 600b","N/A","Dallas","TX","	75247-4144","United States","Voluntary: Firm initiated","Letter","TX","D-0808-2020","Class II","Liothyronine (T3) 92.5 MCG","4 bottles","Labeling: Incorrect or missing lot and/or expiration date. Products were compounded using expired components.","12/18/2019","01/29/2020","12/13/2022","02/05/2020","Lot: 61024:99 Use by: 02/20/2020"
"Drugs","No","","84527","Terminated","MPRX, Inc. dba Medical Park Pharmacy","8230 Elmbrook Dr Ste 600b","N/A","Dallas","TX","	75247-4144","United States","Voluntary: Firm initiated","Letter","TX","D-0809-2020","Class II","Magic Bullet Supplement","1 bottles","Labeling: Incorrect or missing lot and/or expiration date. Products were compounded using expired components.","12/18/2019","01/29/2020","12/13/2022","02/05/2020","Lot: 61048:99 Use by: 02/08/2020"
"Drugs","No","","84527","Terminated","MPRX, Inc. dba Medical Park Pharmacy","8230 Elmbrook Dr Ste 600b","N/A","Dallas","TX","	75247-4144","United States","Voluntary: Firm initiated","Letter","TX","D-0810-2020","Class II","Naltrexone 4.5 mg capsule","2 bottles","Labeling: Incorrect or missing lot and/or expiration date. Products were compounded using expired components.","12/18/2019","01/29/2020","12/13/2022","02/05/2020","Lot: 60564:42 Use by: 02/10/2020"
"Drugs","No","","84527","Terminated","MPRX, Inc. dba Medical Park Pharmacy","8230 Elmbrook Dr Ste 600b","N/A","Dallas","TX","	75247-4144","United States","Voluntary: Firm initiated","Letter","TX","D-0811-2020","Class II","Progesterone 200 mg Troche","1 bottle","Labeling: Incorrect or missing lot and/or expiration date. Products were compounded using expired components.","12/18/2019","01/29/2020","12/13/2022","02/05/2020","Lot: 61242:26 Use by: 02/28/2020"
"Drugs","No","","84527","Terminated","MPRX, Inc. dba Medical Park Pharmacy","8230 Elmbrook Dr Ste 600b","N/A","Dallas","TX","	75247-4144","United States","Voluntary: Firm initiated","Letter","TX","D-0812-2020","Class II","Progesterone 50 mg capsules","1 bottle","Labeling: Incorrect or missing lot and/or expiration date. Products were compounded using expired components.","12/18/2019","01/29/2020","12/13/2022","02/05/2020","Lot: 61215:26 Use by: 03/23/2020"
"Drugs","No","","84527","Terminated","MPRX, Inc. dba Medical Park Pharmacy","8230 Elmbrook Dr Ste 600b","N/A","Dallas","TX","	75247-4144","United States","Voluntary: Firm initiated","Letter","TX","D-0813-2020","Class II","Progesterone E4M SR 100 mg capsules","3 bottles","Labeling: Incorrect or missing lot and/or expiration date. Products were compounded using expired components.","12/18/2019","01/29/2020","12/13/2022","02/05/2020","Lot: 61219:42 Use by: 03/24/2020"
"Drugs","No","","84527","Terminated","MPRX, Inc. dba Medical Park Pharmacy","8230 Elmbrook Dr Ste 600b","N/A","Dallas","TX","	75247-4144","United States","Voluntary: Firm initiated","Letter","TX","D-0814-2020","Class II","Sildenafil 200 mg Troche (Clinic)","1 bottle","Labeling: Incorrect or missing lot and/or expiration date. Products were compounded using expired components.","12/18/2019","01/29/2020","12/13/2022","02/05/2020","Lot: 61392:42 Use by: 05/05/2020"
"Drugs","No","","84527","Terminated","MPRX, Inc. dba Medical Park Pharmacy","8230 Elmbrook Dr Ste 600b","N/A","Dallas","TX","	75247-4144","United States","Voluntary: Firm initiated","Letter","TX","D-0815-2020","Class II","Sildenafil 80 mg capsules","1 bottle","Labeling: Incorrect or missing lot and/or expiration date. Products were compounded using expired components.","12/18/2019","01/29/2020","12/13/2022","02/05/2020","Lot: 61404:42 Use by: 05/06/2020"
"Drugs","No","","84527","Terminated","MPRX, Inc. dba Medical Park Pharmacy","8230 Elmbrook Dr Ste 600b","N/A","Dallas","TX","	75247-4144","United States","Voluntary: Firm initiated","Letter","TX","D-0816-2020","Class II","Squaric Acid 0.1% Topical Solution (Clinic) 30 mL","1 bottle","Labeling: Incorrect or missing lot and/or expiration date. Products were compounded using expired components.","12/18/2019","01/29/2020","12/13/2022","02/05/2020","Lot: 61380:42 Use by: 05/04/2020"
"Drugs","No","","84527","Terminated","MPRX, Inc. dba Medical Park Pharmacy","8230 Elmbrook Dr Ste 600b","N/A","Dallas","TX","	75247-4144","United States","Voluntary: Firm initiated","Letter","TX","D-0817-2020","Class II","T3/T4 SR 9 mcg/38 mcg capsule","2 bottles","Labeling: Incorrect or missing lot and/or expiration date. Products were compounded using expired components.","12/18/2019","01/29/2020","12/13/2022","02/05/2020","Lot: 61296:42Use by: 04/13/2020"
"Drugs","No","","84527","Terminated","MPRX, Inc. dba Medical Park Pharmacy","8230 Elmbrook Dr Ste 600b","N/A","Dallas","TX","	75247-4144","United States","Voluntary: Firm initiated","Letter","TX","D-0818-2020","Class II","Tadalafil 20 mg Troche","9 bottles","Labeling: Incorrect or missing lot and/or expiration date. Products were compounded using expired components.","12/18/2019","01/29/2020","12/13/2022","02/05/2020","Lots: 61137:42 Use by: 03/08/2020; 61324:99 Use by: 04/04/2020; 60856:42 Use by: 02/02/2020"
"Drugs","No","","84527","Terminated","MPRX, Inc. dba Medical Park Pharmacy","8230 Elmbrook Dr Ste 600b","N/A","Dallas","TX","	75247-4144","United States","Voluntary: Firm initiated","Letter","TX","D-0819-2020","Class II","Tadalafil 6 mg Capsule","7 bottles","Labeling: Incorrect or missing lot and/or expiration date. Products were compounded using expired components.","12/18/2019","01/29/2020","12/13/2022","02/05/2020","Lots: 61229:26 Use by: 03/25/2020; 61229:42 Use by: 03/25/2020"
"Drugs","No","","84527","Terminated","MPRX, Inc. dba Medical Park Pharmacy","8230 Elmbrook Dr Ste 600b","N/A","Dallas","TX","	75247-4144","United States","Voluntary: Firm initiated","Letter","TX","D-0820-2020","Class II","Testosterone Topical Cream 4%","3 bottles","Labeling: Incorrect or missing lot and/or expiration date. Products were compounded using expired components.","12/18/2019","01/29/2020","12/13/2022","02/05/2020","Lot: 61463:42 Use by: 02/27/2020"
"Drugs","No","","84570","Terminated","Sun Pharmaceutical Industries, Inc.","270 Prospect Plains Rd","N/A","Cranbury","NJ","	08512-3605","United States","Voluntary: Firm initiated","Letter","Product was distributed throughout the United States to 96 distributors and 1 repacker/relabeler.","D-0659-2020","Class II","Sumatriptan Succinate Tablets, 50 mg, packaged in a) 9 (1x9) Unit-of use blister card (NDC 62756-521-69) and b) 100 count bottles, (NDC 62756-521-88), Rx only, Sun Pharma, Cranbury, NJ","384/100 count bottles","Failed Impurities/Degradation Specifications; out-of-specification results obtained for related substance.","12/26/2019","01/13/2020","10/22/2020","01/22/2020","a) JKU1939A, JKU1940A, JKU1940B, exp. date 04/2022 and     b) JKT4175A, exp. date 11/2020"
"Drugs","No","","84571","Terminated","Lupin Pharmaceuticals Inc.","Harborplace Tower","111 S Calvert St Fl 21st","Baltimore","MD","	21202-6174","United States","Voluntary: Firm initiated","Letter","Nationwide within the United States","D-0638-2020","Class II","Blisovi Fe  1.5/30 (norethindrone acetate and ethinyl estradiol tablets USP and ferrous fumarate tablets 75mg), Rx Only, Distributed by: Lupin Pharmaceuticals Inc Baltimore, MD 21202, Manufactured for: Lupin Limited Pithampur 454775 INDIA 240875, NDC 68180-866-11","41,863 cartons/3 wallets per carton","Failed Tablet/Capsule Specifications: Complaints related to crumbling of tablets when popped out of the blister pack.","12/26/2019","01/03/2020","10/22/2020","01/15/2020","Lot: H801227, Exp. Date January 2020"
"Drugs","No","","84583","Terminated","AAA Pharmaceutical, Inc.","681 Main St","N/A","Lumberton","NJ","	08048-5013","United States","Voluntary: Firm initiated","Letter","Product was distributed to one consignee who may have distributed the product further to their retail stores.","D-0645-2020","Class II","Ranitidine 150 mg tablets, 24 count bottles, NDC 37808-196-01.","34,272 (24-count bottles)","CGMP Deviations: Impurity N-nitrosodimethylamine (NDMA) found in API","12/26/2019","01/06/2020","03/10/2021","01/15/2020","P134458, Sept 2020  P134943, Aug 2020  P135840, Aug, 2020  P136622, April 2021  P136871, April 2021  P137347, April 2021  P137424, April 2021"
"Drugs","No","","84583","Terminated","AAA Pharmaceutical, Inc.","681 Main St","N/A","Lumberton","NJ","	08048-5013","United States","Voluntary: Firm initiated","Letter","Product was distributed to one consignee who may have distributed the product further to their retail stores.","D-0646-2020","Class II","Ranitidine 150 mg tablets, 130 count bottles, NDC 37808-196-04.","31,536 (130-count bottles)","CGMP Deviations: Impurity N-nitrosodimethylamine (NDMA) found in API","12/26/2019","01/06/2020","03/10/2021","01/15/2020","P134457, Sept 2020  P135156, Aug 2020  P135156, Aug 2020  P135243, Aug 2020  P135877, Sept 2020  P136145, Aug 2020  P136146, Sept 2020  P136623, April 2021  P136728, April, 2021  P136994, April, 2021  P137348, April, 2021  P137423, April, 2021  P137499, April, 2021"
"Drugs","No","","84607","Terminated","Mylan Pharmaceuticals Inc.","781 Chestnut Ridge Rd","N/A","Morgantown","WV","	26505-2730","United States","Voluntary: Firm initiated","Letter","Product was distributed to wholesalers, distributors , retail pharmacies, charitable organizations and mail order pharmacies throughout the United States and the product may have been further distributed.","D-0791-2020","Class II","Nizatidine Capsules, USP 150 mg, Rx Only, Mylan Pharmaceuticals Inc., NDC 0378-5150-91.","31,736 bottles of 60 capsules","CGMP Deviations: Trace amounts of an impurity, N-nitrosodimethylamine (NDMA) was detected in the API Nizatidine.","01/07/2020","01/20/2020","05/19/2021","01/29/2020","Lot Number: 3086746, exp. date May 2020"
"Drugs","No","","84607","Terminated","Mylan Pharmaceuticals Inc.","781 Chestnut Ridge Rd","N/A","Morgantown","WV","	26505-2730","United States","Voluntary: Firm initiated","Letter","Product was distributed to wholesalers, distributors , retail pharmacies, charitable organizations and mail order pharmacies throughout the United States and the product may have been further distributed.","D-0792-2020","Class II","Nizatidine Capsules, USP 300 mg, Rx Only, Mylan Pharmaceuticals Inc., NDC 0378-5300-93.","16,944 bottles of 30 capsules","CGMP Deviations: Trace amounts of an impurity, N-nitrosodimethylamine (NDMA) was detected in the API Nizatidine.","01/07/2020","01/20/2020","05/19/2021","01/29/2020","Lot # 3082876, exp. date  January 2020  Lot # 3082877, exp. date         January 2020"
"Drugs","No","01/22/2020","84570","Terminated","Sun Pharmaceutical Industries, Inc.","270 Prospect Plains Rd","N/A","Cranbury","NJ","	08512-3605","United States","Voluntary: Firm initiated","Letter","Product was distributed throughout the United States to 96 distributors and 1 repacker/relabeler.","D-0660-2020","Class II","Sumatriptan Succinate Tablets, 100 mg  packaged in 9 (1X9) Unit-of-use blister card, (62756-0522-69), Rx only, Sun Pharma, Cranbury, NJ","207,585 blisters","Failed Impurities/Degradation Specifications; out-of-specification results obtained for related substance.","12/26/2019","01/13/2020","10/22/2020","01/22/2020","JKT4174A, exp. date 11/2021  JKU0622A, exp. date 01/2022  JKU1308A, exp. date 02/2022"
"Drugs","No","","84610","Terminated","Appco Pharma LLC","262 Old New Brunswick Rd Unit N","N/A","Piscataway","NJ","	08854-3756","United States","Voluntary: Firm initiated","Press Release","Product was distributed to 6 major distributors/wholesalers some with multiple locations who may have further distribute the product.","D-0648-2020","Class II","Ranitidine Capsules 300 mg, 30 count bottles. Rx only, Manufactured by: Appco Pharma LLC, Piscataway, NJ 08854, Distributed by: ANI Pharmaceuticals, Inc., Baudette, MN 56623, NDC 62559-691-30.","1,632 bottes","CGMP Deviations: Impurity N-nitrosodimethylamine (NDMA) found in API","01/07/2020","01/07/2020","04/24/2020","01/15/2020","Batch #   1905227UE, exp. date Apr-2021  1905228UE, exp. date Apr-2021"
"Drugs","No","","84610","Terminated","Appco Pharma LLC","262 Old New Brunswick Rd Unit N","N/A","Piscataway","NJ","	08854-3756","United States","Voluntary: Firm initiated","Press Release","Product was distributed to 6 major distributors/wholesalers some with multiple locations who may have further distribute the product.","D-0649-2020","Class II","Ranitidine Capsules 150 mg, (a) 60 count bottles (NDC 62559-690-60) , (b) 500 count bottles (NDC 62559-690-05), Rx only, Manufactured by: Appco Pharma LLC, Piscataway, NJ 08854, Distributed by: ANI Pharmaceuticals, Inc., Baudette, MN 56623.","624 bottes","CGMP Deviations: Impurity N-nitrosodimethylamine (NDMA) found in API","01/07/2020","01/07/2020","04/24/2020","01/15/2020","Batch #   1905225VN, exp. date Apr-2021  1905226VD, exp. date Apr-2021  1906295UN, exp. date May-2021  1906296UN, exp. date May-2021  1906297UN, exp. date May-2021  1906298UD, exp. date May-2021"
"Drugs","No","","84546","Terminated","Assurance Infusion","2626 S Loop W Ste 555","N/A","Houston","TX","	77054-2652","United States","Voluntary: Firm initiated","Letter","Nationwide within the United States","D-0662-2020","Class II","Alprostadil 40 mcg/mL (2 mL vial) Inj. Soln. in 2 mL vials Assurance Infusion (713) 533-8800","60 vials","Lack of sterility assurance.","12/20/2019","01/13/2020","10/27/2021","01/22/2020","Lots: 09262019@13 Exp. 03/24/2020; 10072019@03/04/2020; 12062019@2 Exp. 06/03/2020; 12172019@12 Exp. 01/31/2020; 08142019@20 Exp. 02/10/2020"
"Drugs","No","","84546","Terminated","Assurance Infusion","2626 S Loop W Ste 555","N/A","Houston","TX","	77054-2652","United States","Voluntary: Firm initiated","Letter","Nationwide within the United States","D-0663-2020","Class II","Autologous Serum 20% Eye Drops in 3 mL droppers Assurance Infusion (713) 533-8800","32 droppers","Lack of sterility assurance.","12/20/2019","01/13/2020","10/27/2021","01/22/2020","Lots: 12092019@33 Exp. 03/08/2020; 11112019@30 Exp. 02/09/2020; 10012019@17 Exp. 12/30/2019; 10162019@18 Exp. 01/14/2020; 10252019@11 Exp. 01/23/2020"
"Drugs","No","","84546","Terminated","Assurance Infusion","2626 S Loop W Ste 555","N/A","Houston","TX","	77054-2652","United States","Voluntary: Firm initiated","Letter","Nationwide within the United States","D-0664-2020","Class II","BAC 150 mcg/BUP 2 mg/Hydrom 15 mg/Morp 20 mg/SUF 650 mcg/mL Inj. in 20 mL syringe Assurance Infusion (713)533-8800","1 syringe","Lack of sterility assurance.","12/20/2019","01/13/2020","10/27/2021","01/22/2020","Lot: 12172019@2 Exp. 12/26/2019"
"Drugs","No","","84546","Terminated","Assurance Infusion","2626 S Loop W Ste 555","N/A","Houston","TX","	77054-2652","United States","Voluntary: Firm initiated","Letter","Nationwide within the United States","D-0665-2020","Class II","BAC 15MCG/HYDROM 15MG/ML  INJ in 20 mL syringe  Assurance Infusion (713) 533-8800","1 syringe","Lack of sterility assurance.","12/20/2019","01/13/2020","10/27/2021","01/22/2020","Lot: 12112019@23 Exp. 12/20/2019"
"Drugs","No","","84546","Terminated","Assurance Infusion","2626 S Loop W Ste 555","N/A","Houston","TX","	77054-2652","United States","Voluntary: Firm initiated","Letter","Nationwide within the United States","D-0666-2020","Class II","BAC 160MCG/HYDROM 16MG/ML  INJ in 20 mL syringe  Assurance Infusion (713) 533-8800  ","1 syringe","Lack of sterility assurance.","12/20/2019","01/13/2020","10/27/2021","01/22/2020","Lot: 12112019@20 Exp. 12/20/2019"
"Drugs","No","","84546","Terminated","Assurance Infusion","2626 S Loop W Ste 555","N/A","Houston","TX","	77054-2652","United States","Voluntary: Firm initiated","Letter","Nationwide within the United States","D-0667-2020","Class II","BAC 200MCG/ CLONI 250MCG/ MORP 10MG/ML  INJ in 20 mL syringe Assurance Infusion (713) 533-8800      ","1 syringe","Lack of sterility assurance.","12/20/2019","01/13/2020","10/27/2021","01/22/2020","Lot: 12102019@8 Exp. 12/19/2019"
"Drugs","No","","84546","Terminated","Assurance Infusion","2626 S Loop W Ste 555","N/A","Houston","TX","	77054-2652","United States","Voluntary: Firm initiated","Letter","Nationwide within the United States","D-0668-2020","Class II","BAC 200MCG/BUP22MG/CLON210MCG/HYDROM 15MG/SUF800MCG/ML ML INJ in 20 mL syringe  Assurance Infusion (713) 533-8800      ","1 syringe","Lack of sterility assurance.","12/20/2019","01/13/2020","10/27/2021","01/22/2020","Lot: 12172019@3 Exp. 12/26/2019"
"Drugs","No","","84546","Terminated","Assurance Infusion","2626 S Loop W Ste 555","N/A","Houston","TX","	77054-2652","United States","Voluntary: Firm initiated","Letter","Nationwide within the United States","D-0669-2020","Class II","BAC 225MCG/ BUP 4.5MG/ CLON 9MCG/ MORP 3MG/ML ML INJ in 20 mL syringe Assurance Infusion (713) 533-8800          ","1 syringe","Lack of sterility assurance.","12/20/2019","01/13/2020","10/27/2021","01/22/2020","Lot: 12112019@7 Exp. 12/20/2019"
"Drugs","No","","84546","Terminated","Assurance Infusion","2626 S Loop W Ste 555","N/A","Houston","TX","	77054-2652","United States","Voluntary: Firm initiated","Letter","Nationwide within the United States","D-0670-2020","Class II","BAC 2400MCG/ FENT 2600MCG/ MORP 3600MCG/ML  INJ in 20 mL syringe  Assurance Infusion (713) 533-8800        ","1 syringe","Lack of sterility assurance.","12/20/2019","01/13/2020","10/27/2021","01/22/2020","Lot: 12102019@2 Exp. 12/19/2019"
"Drugs","No","","84546","Terminated","Assurance Infusion","2626 S Loop W Ste 555","N/A","Houston","TX","	77054-2652","United States","Voluntary: Firm initiated","Letter","Nationwide within the United States","D-0671-2020","Class II","BAC 250MCG/ /FENT 3500MCG/ /MORP 25MG/ML  INJ in 20 mL syringe Assurance Infusion (713) 533-8800            ","1 syringe","Lack of sterility assurance.","12/20/2019","01/13/2020","10/27/2021","01/22/2020","Lot: 12172019@6 Exp. 12/26/2019"
"Drugs","No","","84546","Terminated","Assurance Infusion","2626 S Loop W Ste 555","N/A","Houston","TX","	77054-2652","United States","Voluntary: Firm initiated","Letter","Nationwide within the United States","D-0672-2020","Class II","BAC 4000MCG /FENT 600MCG/ML  INJ in 20 mL syringe  Assurance Infusion (713) 533-8800          ","1 syringe","Lack of sterility assurance.","12/20/2019","01/13/2020","10/27/2021","01/22/2020","Lot: 12162019@16 Exp. 12/25/2019"
"Drugs","No","","84546","Terminated","Assurance Infusion","2626 S Loop W Ste 555","N/A","Houston","TX","	77054-2652","United States","Voluntary: Firm initiated","Letter","Nationwide within the United States","D-0673-2020","Class II","BAC 400MCG/BUP 20MG/HYDROM 15MG/SUF 1000MCG/ML  INJ in 20 mL syringe Assurance Infusion (713) 533-8800              ","1 syringe","Lack of sterility assurance.","12/20/2019","01/13/2020","10/27/2021","01/22/2020","Lot: 12202019@2 Exp. 12/20/2019"
"Drugs","No","","84546","Terminated","Assurance Infusion","2626 S Loop W Ste 555","N/A","Houston","TX","	77054-2652","United States","Voluntary: Firm initiated","Letter","Nationwide within the United States","D-0674-2020","Class II","BAC 50MCG/ HYDROM 10MG/ML   INJ in 20 mL syringe  Assurance Infusion (713) 533-8800              ","1 syringe","Lack of sterility assurance.","12/20/2019","01/13/2020","10/27/2021","01/22/2020","Lot: 12112019@27 Exp. 12/20/2019"
"Drugs","No","","84546","Terminated","Assurance Infusion","2626 S Loop W Ste 555","N/A","Houston","TX","	77054-2652","United States","Voluntary: Firm initiated","Letter","Nationwide within the United States","D-0675-2020","Class II","BAC 800MCG/BUP 6.7MG/CLON 600 MCG/FENT 850MCG/MORP 20MG   INJ in 20 mL syringe Assurance Infusion (713) 533-8800                  ","1 syringe","Lack of sterility assurance.","12/20/2019","01/13/2020","10/27/2021","01/22/2020","Lot: 12162019@2 Exp. 12/25/2019"
"Drugs","No","","84546","Terminated","Assurance Infusion","2626 S Loop W Ste 555","N/A","Houston","TX","	77054-2652","United States","Voluntary: Firm initiated","Letter","Nationwide within the United States","D-0676-2020","Class II","BACLOFEN 2000MCG/ML (40)  INJ in 20 mL syringe  Assurance Infusion (713) 533-8800                ","2 syringes","Lack of sterility assurance.","12/20/2019","01/13/2020","10/27/2021","01/22/2020","Lot: 12112019@18 Exp. 12/20/2019"
"Drugs","No","","84546","Terminated","Assurance Infusion","2626 S Loop W Ste 555","N/A","Houston","TX","	77054-2652","United States","Voluntary: Firm initiated","Letter","Nationwide within the United States","D-0677-2020","Class II","Bi-Mix 30 mg/1 mg/mL Inj. in 1 mL vials Assurance Infusion (713) 533-8800                  ","15 vials","Lack of sterility assurance.","12/20/2019","01/13/2020","10/27/2021","01/22/2020","Lots: 09192019@19 Exp. 03/17/2020; 08162019@5 Exp. 02/12/2020"
"Drugs","No","","84546","Terminated","Assurance Infusion","2626 S Loop W Ste 555","N/A","Houston","TX","	77054-2652","United States","Voluntary: Firm initiated","Letter","Nationwide within the United States","D-0678-2020","Class II","Bi-Mix Forte 30 mg/2 mg/mL Inj. in 1 mL vials  Assurance Infusion (713) 533-8800                ","5 vials","Lack of sterility assurance.","12/20/2019","01/13/2020","10/27/2021","01/22/2020","Lot: 07302019@15 Exp. 01/29/2020"
"Drugs","No","","84546","Terminated","Assurance Infusion","2626 S Loop W Ste 555","N/A","Houston","TX","	77054-2652","United States","Voluntary: Firm initiated","Letter","Nationwide within the United States","D-0679-2020","Class II","BPC-157 2000 mcg/mL in 5 mL vials Assurance Infusion (713) 533-8800            ","28 vials","Lack of sterility assurance.","12/20/2019","01/13/2020","10/27/2021","01/22/2020","Lots: 11132019@15 Exp. 02/11/2020; 12112019@25 Exp. 02/13/2020; 11202019@9 Exp. 02/13/2020"
"Drugs","No","","84546","Terminated","Assurance Infusion","2626 S Loop W Ste 555","N/A","Houston","TX","	77054-2652","United States","Voluntary: Firm initiated","Letter","Nationwide within the United States","D-0680-2020","Class II","BUP 10MG/ FENT 1000MCG/ML  INJ in 20 mL syringe  Assurance Infusion (713) 533-8800                ","1 syringe","Lack of sterility assurance.","12/20/2019","01/13/2020","10/27/2021","01/22/2020","Lot: 12162019@29 Exp. 12/25/2019"
"Drugs","No","","84546","Terminated","Assurance Infusion","2626 S Loop W Ste 555","N/A","Houston","TX","	77054-2652","United States","Voluntary: Firm initiated","Letter","Nationwide within the United States","D-0681-2020","Class II","BUP 10MG/HYDROM 10MG/MORP 2MG/SUF 250MCG/ML  INJ in 20 mL syringe Assurance Infusion (713) 533-8800                    ","1 syringe","Lack of sterility assurance.","12/20/2019","01/13/2020","10/27/2021","01/22/2020","Lot: 12112019@8 Exp. 12/20/2019"
"Drugs","No","","84546","Terminated","Assurance Infusion","2626 S Loop W Ste 555","N/A","Houston","TX","	77054-2652","United States","Voluntary: Firm initiated","Letter","Nationwide within the United States","D-0682-2020","Class II","BUP 10MG/HYDROM 15MG/SUF 200MCG/ML  INJ in 20 mL syringe Assurance Infusion (713) 533-8800                      ","1 syringe","Lack of sterility assurance.","12/20/2019","01/13/2020","10/27/2021","01/22/2020","Lot: 12162019@4 Exp. 12/25/2019"
"Drugs","No","","84546","Terminated","Assurance Infusion","2626 S Loop W Ste 555","N/A","Houston","TX","	77054-2652","United States","Voluntary: Firm initiated","Letter","Nationwide within the United States","D-0683-2020","Class II","BUP 15MG/CLON 300MCG/ FENT 1500MCG/ML(40)  INJ in 20 mL syringe Assurance Infusion (713) 533-8800                        ","2 syringes","Lack of sterility assurance.","12/20/2019","01/13/2020","10/27/2021","01/22/2020","Lot: 12122019@6 Exp. 12/21/2019"
"Drugs","No","","84546","Terminated","Assurance Infusion","2626 S Loop W Ste 555","N/A","Houston","TX","	77054-2652","United States","Voluntary: Firm initiated","Letter","Nationwide within the United States","D-0684-2020","Class II","BUP 15MG/CLON 400MCG/ FENT 6000MCG/ML INJ in 20 mL syringe Assurance Infusion (713) 533-8800                          ","1 syringe","Lack of sterility assurance.","12/20/2019","01/13/2020","10/27/2021","01/22/2020","Lot: 12132019@5 Exp. 12/22/2019"
"Drugs","No","","84546","Terminated","Assurance Infusion","2626 S Loop W Ste 555","N/A","Houston","TX","	77054-2652","United States","Voluntary: Firm initiated","Letter","Nationwide within the United States","D-0685-2020","Class II","BUP 15MG/CLON 600MCG/MORP 30MG/ML (40)  INJ in 20 mL syringe Assurance Infusion (713) 533-8800                          ","2 syringes","Lack of sterility assurance.","12/20/2019","01/13/2020","10/27/2021","01/22/2020","Lot: 12182019@2 Exp. 12/27/2019"
"Drugs","No","","84546","Terminated","Assurance Infusion","2626 S Loop W Ste 555","N/A","Houston","TX","	77054-2652","United States","Voluntary: Firm initiated","Letter","Nationwide within the United States","D-0686-2020","Class II","BUP 15MG/HYDROM 5MG/ML  INJ in 20 mL syringe  Assurance Infusion (713) 533-8800                          ","1 syringe","Lack of sterility assurance.","12/20/2019","01/13/2020","10/27/2021","01/22/2020","Lot: 12122019@20 Exp. 12/21/2019"
"Drugs","No","","84546","Terminated","Assurance Infusion","2626 S Loop W Ste 555","N/A","Houston","TX","	77054-2652","United States","Voluntary: Firm initiated","Letter","Nationwide within the United States","D-0687-2020","Class II","BUP 17MG/MORP 22MG/ML  INJ in 20 mL syringe  Assurance Infusion (713) 533-8800                            ","1 syringe","Lack of sterility assurance.","12/20/2019","01/13/2020","10/27/2021","01/22/2020","Lot: 12122019@25 Exp. 12/21/2019"
"Drugs","No","","84546","Terminated","Assurance Infusion","2626 S Loop W Ste 555","N/A","Houston","TX","	77054-2652","United States","Voluntary: Firm initiated","Letter","Nationwide within the United States","D-0688-2020","Class II","BUP 1MG//ML/HYDROM 7MG  INJ in 20 mL syringe  Assurance Infusion (713) 533-8800                              ","1 syringe","Lack of sterility assurance.","12/20/2019","01/13/2020","10/27/2021","01/22/2020","Lot: 12112019@10 Exp. 12/20/2019"
"Drugs","No","","84546","Terminated","Assurance Infusion","2626 S Loop W Ste 555","N/A","Houston","TX","	77054-2652","United States","Voluntary: Firm initiated","Letter","Nationwide within the United States","D-0689-2020","Class II","BUP 2.5MG/ CLONI 5MCG/ FENT 200MCG/ SUF 50MCG/ML (40)  INJ in 20 mL syringe Assurance Infusion (713) 533-8800                                ","2 syringe","Lack of sterility assurance.","12/20/2019","01/13/2020","10/27/2021","01/22/2020","Lot: 12122019@4 Exp. 12/21/2019"
"Drugs","No","","84546","Terminated","Assurance Infusion","2626 S Loop W Ste 555","N/A","Houston","TX","	77054-2652","United States","Voluntary: Firm initiated","Letter","Nationwide within the United States","D-0690-2020","Class II","BUP 2.5MG/FENT 25MCG/HYDRO 2MG/MORP 40MG/ML in 20 mL syringe Assurance Infusion (713) 533-8800                                  ","1 syringe","Lack of sterility assurance.","12/20/2019","01/13/2020","10/27/2021","01/22/2020","Lot: 12102019@3 Exp. 12/19/2019"
"Drugs","No","","84546","Terminated","Assurance Infusion","2626 S Loop W Ste 555","N/A","Houston","TX","	77054-2652","United States","Voluntary: Firm initiated","Letter","Nationwide within the United States","D-0691-2020","Class II","BUP 20MG/CLON 250MCG/FENT 7200MCG/ML  INJ in 20 mL syringe Assurance Infusion (713) 533-8800                                    ","1 syringe","Lack of sterility assurance.","12/20/2019","01/13/2020","10/27/2021","01/22/2020","Lot: 12172019@5 Exp. 12/26/2019"
"Drugs","No","","84546","Terminated","Assurance Infusion","2626 S Loop W Ste 555","N/A","Houston","TX","	77054-2652","United States","Voluntary: Firm initiated","Letter","Nationwide within the United States","D-0692-2020","Class II","BUP 20MG/CLON 300MCG/FENT 2000MCG/ML  INJ in 20 mL syringe Assurance Infusion (713) 533-8800                                      ","1 syringe","Lack of sterility assurance.","12/20/2019","01/13/2020","10/27/2021","01/22/2020","Lot: 12122019@28 Exp. 12/21/2019"
"Drugs","No","","84546","Terminated","Assurance Infusion","2626 S Loop W Ste 555","N/A","Houston","TX","	77054-2652","United States","Voluntary: Firm initiated","Letter","Nationwide within the United States","D-0693-2020","Class II","BUP 20MG/SUF 1000MCG/ML  INJ in 20 mL syringe Assurance Infusion (713) 533-8800                                        ","1 syringe","Lack of sterility assurance.","12/20/2019","01/13/2020","10/27/2021","01/22/2020","Lot: 12172019@10 Exp. 12/26/2019"
"Drugs","No","","84546","Terminated","Assurance Infusion","2626 S Loop W Ste 555","N/A","Houston","TX","	77054-2652","United States","Voluntary: Firm initiated","Letter","Nationwide within the United States","D-0694-2020","Class II","BUP 20MG/SUF 105MCG/ML  INJ in 20 mL syringe  Assurance Infusion (713) 533-8800                                        ","1 syringe","Lack of sterility assurance.","12/20/2019","01/13/2020","10/27/2021","01/22/2020","Lot: 12122019@8 Exp. 12/21/2019"
"Drugs","No","","84546","Terminated","Assurance Infusion","2626 S Loop W Ste 555","N/A","Houston","TX","	77054-2652","United States","Voluntary: Firm initiated","Letter","Nationwide within the United States","D-0695-2020","Class II","BUP 21MG/CLON 252MCG/MORP 20MG/ML  INJ in 20 mL syringe Assurance Infusion (713) 533-8800                                            ","1 syringe","Lack of sterility assurance.","12/20/2019","01/13/2020","10/27/2021","01/22/2020","Lot: 12182019@1 Exp. 12/27/2019"
"Drugs","No","","84546","Terminated","Assurance Infusion","2626 S Loop W Ste 555","N/A","Houston","TX","	77054-2652","United States","Voluntary: Firm initiated","Letter","Nationwide within the United States","D-0696-2020","Class II","BUP 23MG/HYDROM 25MG/SUF 100MCG/ML  INJ in 20 mL syringe Assurance Infusion (713) 533-8800                                              ","1 syringe","Lack of sterility assurance.","12/20/2019","01/13/2020","10/27/2021","01/22/2020","Lot: 12162019@15 Exp. 12/25/2019"
"Drugs","No","","84546","Terminated","Assurance Infusion","2626 S Loop W Ste 555","N/A","Houston","TX","	77054-2652","United States","Voluntary: Firm initiated","Letter","Nationwide within the United States","D-0697-2020","Class II","BUP 2MG/ HYDROM 2MG/ML  INJ in 20 mL syringe  Assurance Infusion (713) 533-8800                                              ","1 syringe","Lack of sterility assurance.","12/20/2019","01/13/2020","10/27/2021","01/22/2020","Lot: 12162019@10 Exp. 12/25/2019"
"Drugs","No","","84546","Terminated","Assurance Infusion","2626 S Loop W Ste 555","N/A","Houston","TX","	77054-2652","United States","Voluntary: Firm initiated","Letter","Nationwide within the United States","D-0698-2020","Class II","BUP 3.5MG/ HYDROM 4MG/ML  INJ in 20 mL syringe  Assurance Infusion (713) 533-8800                                                ","1 syringe","Lack of sterility assurance.","12/20/2019","01/13/2020","10/27/2021","01/22/2020","Lot: 12122019@27 Exp. 12/21/2019"
"Drugs","No","","84546","Terminated","Assurance Infusion","2626 S Loop W Ste 555","N/A","Houston","TX","	77054-2652","United States","Voluntary: Firm initiated","Letter","Nationwide within the United States","D-0699-2020","Class II","BUP 30MG/ FENT 400MCG/ML  INJ in 20 mL syringe  Assurance Infusion (713) 533-8800                                                  ","1 syringe","Lack of sterility assurance.","12/20/2019","01/13/2020","10/27/2021","01/22/2020","Lot: 12132019@3 Exp. 12/22/2019"
"Drugs","No","","84546","Terminated","Assurance Infusion","2626 S Loop W Ste 555","N/A","Houston","TX","	77054-2652","United States","Voluntary: Firm initiated","Letter","Nationwide within the United States","D-0700-2020","Class II","BUP 30MG/ HYDROM 10MG/ML  INJ in 20 mL syringe  Assurance Infusion (713) 533-8800                                                  ","1 syringe","Lack of sterility assurance.","12/20/2019","01/13/2020","10/27/2021","01/22/2020","Lot: 12122019@23 Exp. 12/21/2019"
"Drugs","No","","84546","Terminated","Assurance Infusion","2626 S Loop W Ste 555","N/A","Houston","TX","	77054-2652","United States","Voluntary: Firm initiated","Letter","Nationwide within the United States","D-0701-2020","Class II","BUP 30MG/ MORP 8MG/ML  INJ in 20 mL syringe  Assurance Infusion (713) 533-8800                                                    ","1 syringe","Lack of sterility assurance.","12/20/2019","01/13/2020","10/27/2021","01/22/2020","Lot: 12122019@11 Exp. 12/21/2019"
"Drugs","No","","84546","Terminated","Assurance Infusion","2626 S Loop W Ste 555","N/A","Houston","TX","	77054-2652","United States","Voluntary: Firm initiated","Letter","Nationwide within the United States","D-0702-2020","Class II","BUP 30MG/FENT 750MCG/HYDROM 15MG/ML (40)  INJ in 20 mL syringe Assurance Infusion (713) 533-8800                                                        ","2 syringes","Lack of sterility assurance.","12/20/2019","01/13/2020","10/27/2021","01/22/2020","Lot: 12202019@1 Exp. 12/20/2019"
"Drugs","No","","84546","Terminated","Assurance Infusion","2626 S Loop W Ste 555","N/A","Houston","TX","	77054-2652","United States","Voluntary: Firm initiated","Letter","Nationwide within the United States","D-0703-2020","Class II","BUP 35MG/FENT 1.5MG/ML in 20 mL syringe  Assurance Infusion (713) 533-8800                                                        ","1 syringe","Lack of sterility assurance.","12/20/2019","01/13/2020","10/27/2021","01/22/2020","Lot: 12112019@17 Exp. 12/20/2019"
"Drugs","No","","84546","Terminated","Assurance Infusion","2626 S Loop W Ste 555","N/A","Houston","TX","	77054-2652","United States","Voluntary: Firm initiated","Letter","Nationwide within the United States","D-0704-2020","Class II","BUP 35MG/MORP 10MG/ML  INJ in 20 mL syringe Assurance Infusion (713) 533-8800                                                          ","1 syringe","Lack of sterility assurance.","12/20/2019","01/13/2020","10/27/2021","01/22/2020","Lot: 12162019@18 Exp. 12/25/2019"
"Drugs","No","","84546","Terminated","Assurance Infusion","2626 S Loop W Ste 555","N/A","Houston","TX","	77054-2652","United States","Voluntary: Firm initiated","Letter","Nationwide within the United States","D-0705-2020","Class II","BUP 3MG/HYDROM 15MG/ML INJ in 20 mL syringe  Assurance Infusion (713) 533-8800                                                            ","1 syringe","Lack of sterility assurance.","12/20/2019","01/13/2020","10/27/2021","01/22/2020","Lot: 12162019@1 Exp. 12/25/2019"
"Drugs","No","","84546","Terminated","Assurance Infusion","2626 S Loop W Ste 555","N/A","Houston","TX","	77054-2652","United States","Voluntary: Firm initiated","Letter","Nationwide within the United States","D-0706-2020","Class II","BUP 3 mg/MORP 15 mg/mL Inj. in 20 mL syringe  Assurance Infusion (713) 533-8800                                                        ","1 syringe","Lack of sterility assurance.","12/20/2019","01/13/2020","10/27/2021","01/22/2020","Lots: 12162019@28 Exp. 12/25/2019; 12102019@1 Exp. 12/19/2019"
"Drugs","No","","84546","Terminated","Assurance Infusion","2626 S Loop W Ste 555","N/A","Houston","TX","	77054-2652","United States","Voluntary: Firm initiated","Letter","Nationwide within the United States","D-0707-2020","Class II","BUP 40MG/FENT 1200MCG/SUF 400MCG/ML  INJ in 20 mL syringe Assurance Infusion (713) 533-8800                                                              ","1 syringe","Lack of sterility assurance.","12/20/2019","01/13/2020","10/27/2021","01/22/2020","Lots: 12102019@4 Exp. 12/19/2019"
"Drugs","No","","84546","Terminated","Assurance Infusion","2626 S Loop W Ste 555","N/A","Houston","TX","	77054-2652","United States","Voluntary: Firm initiated","Letter","Nationwide within the United States","D-0708-2020","Class II","BUP 40MG/FENT 3000MCG/ML  INJ in 20 mL syringe  Assurance Infusion (713) 533-8800                                                              ","1 syringe","Lack of sterility assurance.","12/20/2019","01/13/2020","10/27/2021","01/22/2020","Lots: 12102019@5 Exp. 12/19/2019"
"Drugs","No","","84546","Terminated","Assurance Infusion","2626 S Loop W Ste 555","N/A","Houston","TX","	77054-2652","United States","Voluntary: Firm initiated","Letter","Nationwide within the United States","D-0709-2020","Class II","BUP 40MG/MORP 4MG/ML  INJ in 20 mL syringe  Assurance Infusion (713) 533-8800                                                                ","1 syringe","Lack of sterility assurance.","12/20/2019","01/13/2020","10/27/2021","01/22/2020","Lots: 12172019@4 Exp. 12/26/2019"
"Drugs","No","","84546","Terminated","Assurance Infusion","2626 S Loop W Ste 555","N/A","Houston","TX","	77054-2652","United States","Voluntary: Firm initiated","Letter","Nationwide within the United States","D-0710-2020","Class II","BUP 4MG/FENT 3000MCG/ML  INJ in 20 mL syringe  Assurance Infusion (713) 533-8800                                                                  ","1 syringe","Lack of sterility assurance.","12/20/2019","01/13/2020","10/27/2021","01/22/2020","Lots: 12182019@7 Exp. 12/27/2019"
"Drugs","No","","84546","Terminated","Assurance Infusion","2626 S Loop W Ste 555","N/A","Houston","TX","	77054-2652","United States","Voluntary: Firm initiated","Letter","Nationwide within the United States","D-0711-2020","Class II","BUP 5.3MG/ FENT 1050 MCG/ML  INJ in 20 mL syringe  Assurance Infusion (713) 533-8800                                                                    ","1 syringe","Lack of sterility assurance.","12/20/2019","01/13/2020","10/27/2021","01/22/2020","Lots: 12112019@5 Exp. 12/20/2019"
"Drugs","No","","84546","Terminated","Assurance Infusion","2626 S Loop W Ste 555","N/A","Houston","TX","	77054-2652","United States","Voluntary: Firm initiated","Letter","Nationwide within the United States","D-0712-2020","Class II","BUP 5MG/ HYDROM 15MG/ SUF 600MCG/ML (40ML)  INJ in 20 mL syringe Assurance Infusion (713) 533-8800                                                                        ","2 syringes","Lack of sterility assurance.","12/20/2019","01/13/2020","10/27/2021","01/22/2020","Lots: 12102019@6 Exp. 12/19/2019"
"Drugs","No","","84546","Terminated","Assurance Infusion","2626 S Loop W Ste 555","N/A","Houston","TX","	77054-2652","United States","Voluntary: Firm initiated","Letter","Nationwide within the United States","D-0713-2020","Class II","BUP 5MG/HYDROM 5MG/ML   INJ in 20 mL syringe  Assurance Infusion (713) 533-8800                                                                      ","1 syringe","Lack of sterility assurance.","12/20/2019","01/13/2020","10/27/2021","01/22/2020","Lots: 12122019@26 Exp. 12/21/2019"
"Drugs","No","","84546","Terminated","Assurance Infusion","2626 S Loop W Ste 555","N/A","Houston","TX","	77054-2652","United States","Voluntary: Firm initiated","Letter","Nationwide within the United States","D-0714-2020","Class II","BUP 5MG/MORP 10MG/ML  INJ in 20 mL syringe  Assurance Infusion (713) 533-8800                                                                          ","1 syringe","Lack of sterility assurance.","12/20/2019","01/13/2020","10/27/2021","01/22/2020","Lots: 12122019@21 Exp. 12/21/2019"
"Drugs","No","","84546","Terminated","Assurance Infusion","2626 S Loop W Ste 555","N/A","Houston","TX","	77054-2652","United States","Voluntary: Firm initiated","Letter","Nationwide within the United States","D-0715-2020","Class II","BUP 5MG/MORP 20MG/ML  INJ in 20 mL syringe  Assurance Infusion (713) 533-8800                                                                            ","1 syringe","Lack of sterility assurance.","12/20/2019","01/13/2020","10/27/2021","01/22/2020","Lots: 12162019@6 Exp. 12/25/2019"
"Drugs","No","","84546","Terminated","Assurance Infusion","2626 S Loop W Ste 555","N/A","Houston","TX","	77054-2652","United States","Voluntary: Firm initiated","Letter","Nationwide within the United States","D-0716-2020","Class II","BUP 675MCG/MORP 20MG/ML  INJ in 20 mL syringe  Assurance Infusion (713) 533-8800                                                                              ","1 syringe","Lack of sterility assurance.","12/20/2019","01/13/2020","10/27/2021","01/22/2020","Lots: 12122019@12 Exp. 12/21/2019"
"Drugs","No","","84546","Terminated","Assurance Infusion","2626 S Loop W Ste 555","N/A","Houston","TX","	77054-2652","United States","Voluntary: Firm initiated","Letter","Nationwide within the United States","D-0717-2020","Class II","BUP 7MG/HYDROM 20MG/ML  INJ in 20 mL syringe  Assurance Infusion (713) 533-8800                                                                                ","1 syringe","Lack of sterility assurance.","12/20/2019","01/13/2020","10/27/2021","01/22/2020","Lots: 12182019@4 Exp. 12/27/2019"
"Drugs","No","","84546","Terminated","Assurance Infusion","2626 S Loop W Ste 555","N/A","Houston","TX","	77054-2652","United States","Voluntary: Firm initiated","Letter","Nationwide within the United States","D-0718-2020","Class II","BUP 8MG/CLON 100MCG/HYDROM 20MG/ML  INJ in 20 mL syringe Assurance Infusion (713) 533-8800                                                                                    ","1 syringe","Lack of sterility assurance.","12/20/2019","01/13/2020","10/27/2021","01/22/2020","Lots: 12122019@5 Exp. 12/21/2019"
"Drugs","No","","84546","Terminated","Assurance Infusion","2626 S Loop W Ste 555","N/A","Houston","TX","	77054-2652","United States","Voluntary: Firm initiated","Letter","Nationwide within the United States","D-0719-2020","Class II","BUP 9MG/ HYDROM 25MG/ SUF 110MCG/ML  INJ in 20 mL syringe Assurance Infusion (713) 533-8800                                                                                       ","1 syringe","Lack of sterility assurance.","12/20/2019","01/13/2020","10/27/2021","01/22/2020","Lots: 12172019@13 Exp. 12/26/2019"
"Drugs","No","","84546","Terminated","Assurance Infusion","2626 S Loop W Ste 555","N/A","Houston","TX","	77054-2652","United States","Voluntary: Firm initiated","Letter","Nationwide within the United States","D-0720-2020","Class II","CJC-1295 2000 mcg/Ipamorelin 2000 mcg/mL Inj. in 2 mL vial  Assurance Infusion (713) 533-8800                                                                                  ","19 vials","Lack of sterility assurance.","12/20/2019","01/13/2020","10/27/2021","01/22/2020","Lots: 08212019@29 Exp. 02/17/2020; 07152019@12 Exp. 01/11/2020; 07082019@26 Exp. 01/04/2020;"
"Drugs","No","","84546","Terminated","Assurance Infusion","2626 S Loop W Ste 555","N/A","Houston","TX","	77054-2652","United States","Voluntary: Firm initiated","Letter","Nationwide within the United States","D-0721-2020","Class II","CLON 100MCG/MORP 12MG/ML  INJ in 20 mL syringe  Assurance Infusion (713) 533-8800                                                                                      ","1 syringe","Lack of sterility assurance.","12/20/2019","01/13/2020","10/27/2021","01/22/2020","Lot: 12122019@24 Exp. 12/21/2019"
"Drugs","No","","84546","Terminated","Assurance Infusion","2626 S Loop W Ste 555","N/A","Houston","TX","	77054-2652","United States","Voluntary: Firm initiated","Letter","Nationwide within the United States","D-0722-2020","Class II","CLON 300MCG/MORP 10MG/ML  INJ in 20 mL syringe  Assurance Infusion (713) 533-8800                                                                                        ","1 syringe","Lack of sterility assurance.","12/20/2019","01/13/2020","10/27/2021","01/22/2020","Lot: 12132019@8 Exp. 12/22/2019"
"Drugs","No","","84546","Terminated","Assurance Infusion","2626 S Loop W Ste 555","N/A","Houston","TX","	77054-2652","United States","Voluntary: Firm initiated","Letter","Nationwide within the United States","D-0723-2020","Class II","CLON 500MCG/HYDROM 5MG/ML  INJ in 20 mL syringe  Assurance Infusion (713) 533-8800                                                                                          ","1 syringe","Lack of sterility assurance.","12/20/2019","01/13/2020","10/27/2021","01/22/2020","Lot: 12162019@22 Exp. 12/25/2019"
"Drugs","No","","84546","Terminated","Assurance Infusion","2626 S Loop W Ste 555","N/A","Houston","TX","	77054-2652","United States","Voluntary: Firm initiated","Letter","Nationwide within the United States","D-0724-2020","Class II","CLON 750MCG/MORP 30MG/SUF 37.5MCG/ML in 20 mL syringe Assurance Infusion (713) 533-8800                                                                                              ","1 syringe","Lack of sterility assurance.","12/20/2019","01/13/2020","10/27/2021","01/22/2020","Lot: 12162019@21 Exp. 12/25/2019"
"Drugs","No","","84546","Terminated","Assurance Infusion","2626 S Loop W Ste 555","N/A","Houston","TX","	77054-2652","United States","Voluntary: Firm initiated","Letter","Nationwide within the United States","D-0725-2020","Class II","CLON 800MCG/FENT 2000MCG/ML INJ in 20 mL syringe  Assurance Infusion (713) 533-8800                                                                                              ","1 syringe","Lack of sterility assurance.","12/20/2019","01/13/2020","10/27/2021","01/22/2020","Lot: 12122019@15 Exp. 12/21/2019"
"Drugs","No","","84546","Terminated","Assurance Infusion","2626 S Loop W Ste 555","N/A","Houston","TX","	77054-2652","United States","Voluntary: Firm initiated","Letter","Nationwide within the United States","D-0726-2020","Class II","FENT 600MCG/ SUF 800MCG/ML INJ in 20 mL syringe  Assurance Infusion (713) 533-8800                                                                                                ","1 syringe","Lack of sterility assurance.","12/20/2019","01/13/2020","10/27/2021","01/22/2020","Lot: 12162019@8 Exp. 12/25/2019"
"Drugs","No","","84546","Terminated","Assurance Infusion","2626 S Loop W Ste 555","N/A","Houston","TX","	77054-2652","United States","Voluntary: Firm initiated","Letter","Nationwide within the United States","D-0727-2020","Class II","FENT 900MCG/SUF 210MCG/ML  INJ in 20 mL syringe  Assurance Infusion (713) 533-8800                                                                                                  ","1 syringe","Lack of sterility assurance.","12/20/2019","01/13/2020","10/27/2021","01/22/2020","Lot: 12122019@3 Exp. 12/21/2019"
"Drugs","No","","84546","Terminated","Assurance Infusion","2626 S Loop W Ste 555","N/A","Houston","TX","	77054-2652","United States","Voluntary: Firm initiated","Letter","Nationwide within the United States","D-0728-2020","Class II","FENTANYL  3000MCG/ML  INJ in 20 mL syringe  Assurance Infusion (713) 533-8800                                                                                                    ","2 syringe","Lack of sterility assurance.","12/20/2019","01/13/2020","10/27/2021","01/22/2020","Lots: 12122019@18 Exp. 12/21/2019; 12162019@24 Exp. 12/25/2019"
"Drugs","No","","84546","Terminated","Assurance Infusion","2626 S Loop W Ste 555","N/A","Houston","TX","	77054-2652","United States","Voluntary: Firm initiated","Letter","Nationwide within the United States","D-0729-2020","Class II","FENTANYL 1000MCG/ML  INJ in 20 mL syringe  Assurance Infusion (713) 533-8800                                                                                                    ","1 syringe","Lack of sterility assurance.","12/20/2019","01/13/2020","10/27/2021","01/22/2020","Lot: 12182019@3 Exp. 12/27/2019"
"Drugs","No","","84546","Terminated","Assurance Infusion","2626 S Loop W Ste 555","N/A","Houston","TX","	77054-2652","United States","Voluntary: Firm initiated","Letter","Nationwide within the United States","D-0730-2020","Class II","FENTANYL 100MCG/ML  INJ in 20 mL syringe  Assurance Infusion (713) 533-8800                                                                                                      ","1 syringe","Lack of sterility assurance.","12/20/2019","01/13/2020","10/27/2021","01/22/2020","Lot: 12162019@11 Exp. 12/25/2019"
"Drugs","No","","84546","Terminated","Assurance Infusion","2626 S Loop W Ste 555","N/A","Houston","TX","	77054-2652","United States","Voluntary: Firm initiated","Letter","Nationwide within the United States","D-0731-2020","Class II","FENTANYL 2000MCG/ML INJ in 20 mL syringe  Assurance Infusion (713) 533-8800                                                                                                        ","1 syringe","Lack of sterility assurance.","12/20/2019","01/13/2020","10/27/2021","01/22/2020","Lot: 12122019@30 Exp. 12/21/2019"
"Drugs","No","","84546","Terminated","Assurance Infusion","2626 S Loop W Ste 555","N/A","Houston","TX","	77054-2652","United States","Voluntary: Firm initiated","Letter","Nationwide within the United States","D-0732-2020","Class II","FENTANYL 5MG/ML  INJ in 20 mL syringe  Assurance Infusion (713) 533-8800                                                                                                          ","1 syringe","Lack of sterility assurance.","12/20/2019","01/13/2020","10/27/2021","01/22/2020","Lot: 12122019@14 Exp. 12/21/2019"
"Drugs","No","","84546","Terminated","Assurance Infusion","2626 S Loop W Ste 555","N/A","Houston","TX","	77054-2652","United States","Voluntary: Firm initiated","Letter","Nationwide within the United States","D-0733-2020","Class II","FENTANYL 800MCG/ML  INJ in 20 mL syringe  Assurance Infusion (713) 533-8800                                                                                                            ","1 syringe","Lack of sterility assurance.","12/20/2019","01/13/2020","10/27/2021","01/22/2020","Lot: 12132019@1 Exp. 12/22/2019"
"Drugs","No","01/29/2020","84618","Terminated","McGuff Compounding Pharmacy Services, Inc.","2921 W Macarthur Blvd Ste 142","N/A","Santa Ana","CA","	92704-7944","United States","Voluntary: Firm initiated","Telephone","Distributed Nationwide in the US","D-0802-2020","Class II","Lipoic Acid Injection (aka Alpha Lipoic Acid or Thioctic Acid), 1,200 mg/30 mL (40 mg/mL) Sterile 30 mL Multiple Dose Vial, Rx Only, McGuff Compounding Pharmacy Services, Inc., Santa Ana, CA 92704","146 30 ml vials were dispensed","Presence of Particulate Matter: filmy/cloudy particulate observed in vial.","01/10/2019","01/29/2020","11/20/2023","01/22/2020","Lot #: 18M0991, Preparation #: 390-2678, Beyond Usage Date: 06/15/2019"
"Drugs","No","01/16/2020","84620","Terminated","Idelle Labs","One Helen Of Troy Plaza","N/A","El Paso","TX","	79912","United States","Voluntary: Firm initiated","Letter","Nationwide in the USA","D-0783-2020","Class III","SURE 48 hr Confidence Unscented invisible solid Anti-Perspirant & Deodorant, Net Wt. 2.6 oz (73g) NDC# 41595-5509-2 UPC 8 83484 71717 2 Made in Canada and Distributed by Idelle Labs, Ltd., El Paso, TX 79912","Unknown","Labeling Product Contains Undeclared API: Active Ingredient on label is not the active ingredient in the product.","11/20/2019","01/16/2020","09/28/2022","01/15/2020","Lots: 19273K1, 19274K1, 19274K2, 19725K1, 19725K2, 19726K1"
"Drugs","No","","84622","Terminated","McGuff Compounding Pharmacy Services, Inc.","2921 W Macarthur Blvd Ste 142","N/A","Santa Ana","CA","	92704-7944","United States","Voluntary: Firm initiated","Telephone","Prescriptions filled for patients in the following states: AK, AZ, CA, CO, DC, FL, IN, MA, MT, NC, NJ, NY, OR, SC, TX, UT, VA, WA, and WI.","D-0821-2020","Class II","Dimercaptopropanesulfonate Sodium (DMPS), Aqueous injection solution, 50mg/mL 5 mL SDV, Rx only, McGuff Compounding Pharmacy Services, Inc. Santa Ana, CA 92704","N/A","Presence of Particulate Matter: Particulates observed in vials release for dispensing.","02/14/2019","01/29/2020","11/20/2023","02/05/2020","Lot #18J1081, Exp 03/10/19"
"Drugs","No","","84637","Terminated","H J Harkins Company Inc dba Pharma Pac","1400 W Grand Ave Ste F","N/A","Grover Beach","CA","	93433-4221","United States","Voluntary: Firm initiated","E-Mail","Distributed to Physicians in the following states: CA, FL, NC, and SC.","D-0793-2020","Class II","Ranitidine, 150 mg Tablets, a) 7 count, b) 14 count, c) 20 count, d) 30 count, e) 60 count; Rx, Only, H.J. Harkins Company, Inc. dba Pharma Pac  Grover Beach, CA 93433 NDC #s: 52959-0502-07, 52959-0502-14, 52959-0502-20, 52959-0502-30 and 52959-0502-60","7,212 tablets","CGMP Deviations: Presence of NDMA impurity detected in product.","01/06/2020","01/20/2020","12/15/2023","01/29/2020","Lot #s: RAN63KG   Exp. 05/20, RAN64KG   Exp. 10/20, RAN65KG   Exp. 11/20, RAN66KG   Exp. 05/21"
"Drugs","No","","84546","Terminated","Assurance Infusion","2626 S Loop W Ste 555","N/A","Houston","TX","	77054-2652","United States","Voluntary: Firm initiated","Letter","Nationwide within the United States","D-0734-2020","Class II","HCG  1,000U/1ML  INJ in 4 mL vial  Assurance Infusion (713) 533-8800                                                                                                            ","5 vials","Lack of sterility assurance.","12/20/2019","01/13/2020","10/27/2021","01/22/2020","Lots: 11252019@27 Exp. 12/29/2019; 11272019@30 Exp. 12/31/2019; 12112019@16 Exp. 01/14/2020; 12062019@7 Exp. 01/09/2020"
"Drugs","No","","84546","Terminated","Assurance Infusion","2626 S Loop W Ste 555","N/A","Houston","TX","	77054-2652","United States","Voluntary: Firm initiated","Letter","Nationwide within the United States","D-0735-2020","Class II","HCG  10,000U/1ML  INJ in 4 mL vial Assurance Infusion (713) 533-8800                                                                                                                ","2 vials","Lack of sterility assurance.","12/20/2019","01/13/2020","10/27/2021","01/22/2020","Lots: 12162019@38 Exp. 01/16/2020; 11272019@32 Exp. 12/31/2019"
"Drugs","No","","84546","Terminated","Assurance Infusion","2626 S Loop W Ste 555","N/A","Houston","TX","	77054-2652","United States","Voluntary: Firm initiated","Letter","Nationwide within the United States","D-0736-2020","Class II","HCG  3000U/1ML INJ in 4 mL vial Assurance Infusion (713)533-8800                                                                                                                  ","2 vials","Lack of sterility assurance.","12/20/2019","01/13/2020","10/27/2021","01/22/2020","Lots: 11272019@31 Exp. 12/31/2019; 12022019@19 Exp. 01/05/2020"
"Drugs","No","","84546","Terminated","Assurance Infusion","2626 S Loop W Ste 555","N/A","Houston","TX","	77054-2652","United States","Voluntary: Firm initiated","Letter","Nationwide within the United States","D-0737-2020","Class II","HYDROM 10MG/SUF 200MCG/ML  INJ in 20 mL syringe  Assurance Infusion (713) 533-8800                                                                                                                ","1 syringe","Lack of sterility assurance.","12/20/2019","01/13/2020","10/27/2021","01/22/2020","Lot: 12112019@4 Exp. 12/20/2019"
"Drugs","No","","84546","Terminated","Assurance Infusion","2626 S Loop W Ste 555","N/A","Houston","TX","	77054-2652","United States","Voluntary: Firm initiated","Letter","Nationwide within the United States","D-0738-2020","Class II","HYDROM 17MG/PRIALT 5MCG/ML  INJ in 20 mL syringe  Assurance Infusion (713) 533-8800                                                                                                                  ","1 syringe","Lack of sterility assurance.","12/20/2019","01/13/2020","10/27/2021","01/22/2020","Lot: 12112019@12 Exp. 12/20/2019"
"Drugs","No","","84546","Terminated","Assurance Infusion","2626 S Loop W Ste 555","N/A","Houston","TX","	77054-2652","United States","Voluntary: Firm initiated","Letter","Nationwide within the United States","D-0739-2020","Class II","HYDROM 1MG/MORP 20MG/SUF 100MCG/ML  INJ in 20 mL syringe Assurance Infusion (713) 533-8800                                                                                                                      ","1 syringe","Lack of sterility assurance.","12/20/2019","01/13/2020","10/27/2021","01/22/2020","Lot: 12162019@3 Exp. 12/25/2019"
"Drugs","No","","84546","Terminated","Assurance Infusion","2626 S Loop W Ste 555","N/A","Houston","TX","	77054-2652","United States","Voluntary: Firm initiated","Letter","Nationwide within the United States","D-0740-2020","Class II","HYDROMORPHONE 15MG/ML  INJ in 20 mL syringe  Assurance Infusion (713) 533-8800                                                                                                                      ","1 syringe","Lack of sterility assurance.","12/20/2019","01/13/2020","10/27/2021","01/22/2020","Lot: 12162019@7 Exp. 12/25/2019"
"Drugs","No","","84546","Terminated","Assurance Infusion","2626 S Loop W Ste 555","N/A","Houston","TX","	77054-2652","United States","Voluntary: Firm initiated","Letter","Nationwide within the United States","D-0741-2020","Class II","HYDROMORPHONE 1MG/ML  INJ in 20 mL syringe  Assurance Infusion (713) 533-8800                                                                                                                        ","1 syringe","Lack of sterility assurance.","12/20/2019","01/13/2020","10/27/2021","01/22/2020","Lot: 12122019@9 Exp. 12/21/2019"
"Drugs","No","","84546","Terminated","Assurance Infusion","2626 S Loop W Ste 555","N/A","Houston","TX","	77054-2652","United States","Voluntary: Firm initiated","Letter","Nationwide within the United States","D-0742-2020","Class II","HYDROMORPHONE 20MG/ML  INJ in 20 mL syringe  Assurance Infusion (713) 533-8800                                                                                                                          ","1 syringe","Lack of sterility assurance.","12/20/2019","01/13/2020","10/27/2021","01/22/2020","Lot: 12122019@17 Exp. 12/21/2019"
"Drugs","No","","84546","Terminated","Assurance Infusion","2626 S Loop W Ste 555","N/A","Houston","TX","	77054-2652","United States","Voluntary: Firm initiated","Letter","Nationwide within the United States","D-0743-2020","Class II","HYDROMORPHONE 2MG/ML  INJ in 20 mL syringe  Assurance Infusion (713) 533-8800                                                                                                                            ","4 syringes","Lack of sterility assurance.","12/20/2019","01/13/2020","10/27/2021","01/22/2020","Lots: 12112019@1 Exp. 12/20/2019; 12112019@6 Exp. 12/20/2019; 12162019@23 Exp. 12/25/2019; 12172019@7 Exp. 12/26/2019"
"Drugs","No","","84546","Terminated","Assurance Infusion","2626 S Loop W Ste 555","N/A","Houston","TX","	77054-2652","United States","Voluntary: Firm initiated","Letter","Nationwide within the United States","D-0744-2020","Class II","HYDROMORPHONE 3MG/ML  INJ in 20 mL syringe Assurance Infusion (713) 533-8800                                                                                                                                ","2 syringes","Lack of sterility assurance.","12/20/2019","01/13/2020","10/27/2021","01/22/2020","Lots: 12162019@14 Exp. 12/25/2019; 12102019@19 Exp. 12/19/2019"
"Drugs","No","","84546","Terminated","Assurance Infusion","2626 S Loop W Ste 555","N/A","Houston","TX","	77054-2652","United States","Voluntary: Firm initiated","Letter","Nationwide within the United States","D-0745-2020","Class II","HYDROMORPHONE 4MG/ML  INJ in 20 mL syringe  Assurance Infusion (713) 533-8800                                                                                                                                ","1 syringe","Lack of sterility assurance.","12/20/2019","01/13/2020","10/27/2021","01/22/2020","Lot: 12182019@6 Exp. 12/27/2019"
"Drugs","No","","84546","Terminated","Assurance Infusion","2626 S Loop W Ste 555","N/A","Houston","TX","	77054-2652","United States","Voluntary: Firm initiated","Letter","Nationwide within the United States","D-0746-2020","Class II","HYDROMORPHONE 5MG/ML  INJ in 20 mL syringe  Assurance Infusion (713) 533-8800                                                                                                                                  ","1 syringe","Lack of sterility assurance.","12/20/2019","01/13/2020","10/27/2021","01/22/2020","Lot: 12132019@4 Exp. 12/22/2019"
"Drugs","No","","84546","Terminated","Assurance Infusion","2626 S Loop W Ste 555","N/A","Houston","TX","	77054-2652","United States","Voluntary: Firm initiated","Letter","Nationwide within the United States","D-0747-2020","Class II","HYDROMORPHONE 6MG/ML  INJ in 20 mL syringe  Assurance Infusion (713) 533-8800                                                                                                                                    ","1 syringe","Lack of sterility assurance.","12/20/2019","01/13/2020","10/27/2021","01/22/2020","Lot: 12132019@9 Exp. 12/22/2019"
"Drugs","No","","84546","Terminated","Assurance Infusion","2626 S Loop W Ste 555","N/A","Houston","TX","	77054-2652","United States","Voluntary: Firm initiated","Letter","Nationwide within the United States","D-0748-2020","Class II","IPAMORELIN 2000MCG/ML  INJ in 2 mL vial  Assurance Infusion (713) 533-8800                                                                                                                                    ","5 vials","Lack of sterility assurance.","12/20/2019","01/13/2020","10/27/2021","01/22/2020","Lots: 07162019@20 Exp. 01/12/2020; 12102019@17 Exp. 06/07/2020; 07162019@20 Exp. 01/12/2020"
"Drugs","No","","84546","Terminated","Assurance Infusion","2626 S Loop W Ste 555","N/A","Houston","TX","	77054-2652","United States","Voluntary: Firm initiated","Letter","Nationwide within the United States","D-0749-2020","Class II","LIPO B 25MG/50MG/50MG/1000MCG/ML  (10ML VIAL) in 20 mL syringe and 10 mL vial Assurance Infusion (713) 533-8800                                                                                                                                        ","2 syringes/1 vial","Lack of sterility assurance.","12/20/2019","01/13/2020","10/27/2021","01/22/2020","Lot: 09172019@18 Exp. 03/15/2020"
"Drugs","No","","84546","Terminated","Assurance Infusion","2626 S Loop W Ste 555","N/A","Houston","TX","	77054-2652","United States","Voluntary: Firm initiated","Letter","Nationwide within the United States","D-0750-2020","Class II","MORP 20MG/SUF 70MCG/ML  INJ in 20 mL syringe  Assurance Infusion (713) 533-8800                                                                                                                                        ","1 syringe","Lack of sterility assurance.","12/20/2019","01/13/2020","10/27/2021","01/22/2020","Lot: 12112019@9 Exp. 12/20/2019"
"Drugs","No","","84546","Terminated","Assurance Infusion","2626 S Loop W Ste 555","N/A","Houston","TX","	77054-2652","United States","Voluntary: Firm initiated","Letter","Nationwide within the United States","D-0751-2020","Class II","MORPHINE 10MG/ML  INJ in 20 mL syringe  Assurance Infusion (713) 533-8800                                                                                                                                          ","4 syringes","Lack of sterility assurance.","12/20/2019","01/13/2020","10/27/2021","01/22/2020","Lot: 12122019@13 Exp. 12/21/2019; 12172019@9 Exp. 12/26/2019; 12122019@10 Exp. 12/21/2019; 12162019@13 Exp. 12/25/2019"
"Drugs","No","","84546","Terminated","Assurance Infusion","2626 S Loop W Ste 555","N/A","Houston","TX","	77054-2652","United States","Voluntary: Firm initiated","Letter","Nationwide within the United States","D-0752-2020","Class II","MORPHINE 15MG/ML  INJ in 20 mL syringe  Assurance Infusion (713) 533-8800                                                                                                                                            ","1 syringe","Lack of sterility assurance.","12/20/2019","01/13/2020","10/27/2021","01/22/2020","Lot: 12112019@19 Exp. 12/20/2019"
"Drugs","No","","84546","Terminated","Assurance Infusion","2626 S Loop W Ste 555","N/A","Houston","TX","	77054-2652","United States","Voluntary: Firm initiated","Letter","Nationwide within the United States","D-0753-2020","Class II","MORPHINE 18MG/ML  INJ in 20 mL syringe  Assurance Infusion (713) 533-8800                                                                                                                                              ","1 syringe","Lack of sterility assurance.","12/20/2019","01/13/2020","10/27/2021","01/22/2020","Lot: 12162019@30 Exp. 12/25/2019"
"Drugs","No","","84546","Terminated","Assurance Infusion","2626 S Loop W Ste 555","N/A","Houston","TX","	77054-2652","United States","Voluntary: Firm initiated","Letter","Nationwide within the United States","D-0754-2020","Class II","MORPHINE 1MG/ML  INJ in 20 mL syringe  Assurance Infusion (713) 533-8800                                                                                                                                                ","1 syringe","Lack of sterility assurance.","12/20/2019","01/13/2020","10/27/2021","01/22/2020","Lot: 12122019@31 Exp. 12/21/2019; 12172019@8 Exp. 12/26/2019"
"Drugs","No","","84546","Terminated","Assurance Infusion","2626 S Loop W Ste 555","N/A","Houston","TX","	77054-2652","United States","Voluntary: Firm initiated","Letter","Nationwide within the United States","D-0755-2020","Class II","MORPHINE 20MG/ML  INJ in 20 mL syringe  Assurance Infusion (713) 533-8800                                                                                                                                                ","3 syringes","Lack of sterility assurance.","12/20/2019","01/13/2020","10/27/2021","01/22/2020","Lot: 12102019@7 Exp. 12/19/2019; 12112019@11 Exp. 12/20/2019; 12162019@5 Exp. 12/25/2019"
"Drugs","No","","84546","Terminated","Assurance Infusion","2626 S Loop W Ste 555","N/A","Houston","TX","	77054-2652","United States","Voluntary: Firm initiated","Letter","Nationwide within the United States","D-0756-2020","Class II","MORPHINE 2MG/ML  INJ in 20 mL syringe  Assurance Infusion (713) 533-8800                                                                                                                                                    ","1 syringe","Lack of sterility assurance.","12/20/2019","01/13/2020","10/27/2021","01/22/2020","Lot: 12162019@20 Exp. 12/25/2019"
"Drugs","No","","84546","Terminated","Assurance Infusion","2626 S Loop W Ste 555","N/A","Houston","TX","	77054-2652","United States","Voluntary: Firm initiated","Letter","Nationwide within the United States","D-0757-2020","Class II","MORPHINE 30MG/ML  INJ in 20 mL syringe  Assurance Infusion (713) 533-8800                                                                                                                                                      ","2 syringes","Lack of sterility assurance.","12/20/2019","01/13/2020","10/27/2021","01/22/2020","Lots: 12132019@6 Exp. 12/22/2019; 12182019@5 Exp. 12/27/2019"
"Drugs","No","","84546","Terminated","Assurance Infusion","2626 S Loop W Ste 555","N/A","Houston","TX","	77054-2652","United States","Voluntary: Firm initiated","Letter","Nationwide within the United States","D-0758-2020","Class II","MORPHINE 4MG/ML  INJ in 20mL syringe  Assurance Infusion (713) 533-8800                                                                                                                                                        ","3 syringes","Lack of sterility assurance.","12/20/2019","01/13/2020","10/27/2021","01/22/2020","Lots: 12112019@24 Exp. 12/20/2019; 12122019@1 Exp. 12/21/2019; 12122019@2 Exp. 12/21/2019"
"Drugs","No","","84546","Terminated","Assurance Infusion","2626 S Loop W Ste 555","N/A","Houston","TX","	77054-2652","United States","Voluntary: Firm initiated","Letter","Nationwide within the United States","D-0759-2020","Class II","MORPHINE 5MG/ML  INJ in 20 mL syringe  Assurance Infusion (713) 533-8800                                                                                                                                                          ","2 syringes","Lack of sterility assurance.","12/20/2019","01/13/2020","10/27/2021","01/22/2020","Lots: 12122019@7 Exp. 12/21/2019; 12162019@27 Exp. 12/25/2019"
"Drugs","No","","84546","Terminated","Assurance Infusion","2626 S Loop W Ste 555","N/A","Houston","TX","	77054-2652","United States","Voluntary: Firm initiated","Letter","Nationwide within the United States","D-0760-2020","Class II","MORPHINE 6MG/ML  INJ in 20 mL syringe Assurance Infusion (713) 533-8800                                                                                                                                                              ","1 syringe","Lack of sterility assurance.","12/20/2019","01/13/2020","10/27/2021","01/22/2020","Lot: 12162019@19 Exp. 12/25/2019"
"Drugs","No","","84546","Terminated","Assurance Infusion","2626 S Loop W Ste 555","N/A","Houston","TX","	77054-2652","United States","Voluntary: Firm initiated","Letter","Nationwide within the United States","D-0761-2020","Class II","MORPHINE 7MG/ML  INJ in 20 mL syringe  Assurance Infusion (713) 533-8800                                                                                                                                                              ","1 syringe","Lack of sterility assurance.","12/20/2019","01/13/2020","10/27/2021","01/22/2020","Lot: 12112019@21 Exp. 12/20/2019"
"Drugs","No","","84546","Terminated","Assurance Infusion","2626 S Loop W Ste 555","N/A","Houston","TX","	77054-2652","United States","Voluntary: Firm initiated","Letter","Nationwide within the United States","D-0762-2020","Class II","PHENOL 2.5% STERILE  SOLUTION in 50 mL syringe  Assurance Infusion (713) 533-8800                                                                                                                                                                ","2 syringes","Lack of sterility assurance.","12/20/2019","01/13/2020","10/27/2021","01/22/2020","Lot: 10142019@14 Exp. 01/12/2020; 11042019@8 Exp. 02/02/2020"
"Drugs","No","","84546","Terminated","Assurance Infusion","2626 S Loop W Ste 555","N/A","Houston","TX","	77054-2652","United States","Voluntary: Firm initiated","Letter","Nationwide within the United States","D-0763-2020","Class II","QUADMIX in 1 mL vial Assurance Infusion (713)-533-8800                                                                                                                                                                    ","5 vials","Lack of sterility assurance.","12/20/2019","01/13/2020","10/27/2021","01/22/2020","Lot: 07012019@30 Exp. 12/28/2019"
"Drugs","No","","84546","Terminated","Assurance Infusion","2626 S Loop W Ste 555","N/A","Houston","TX","	77054-2652","United States","Voluntary: Firm initiated","Letter","Nationwide within the United States","D-0764-2020","Class II","QUADMIX 30MG/2MG/20MCG/100MCG/ML INJ in 1 mL vial  Assurance Infusion (713) 533-8800                                                                                                                                                                    ","190 vials","Lack of sterility assurance.","12/20/2019","01/13/2020","10/27/2021","01/22/2020","Lots: 07012019@30 Exp. 12/28/2019; 08052019@13 Exp. 02/01/2020; 09252019@15 Exp. 03/23/2020; 10292019@12 Exp. 04/26/2020; 10092019@6 Exp. 03/04/2020; 10162019@12 Exp. 04/13/2020; 12042019@31 Exp. 01/18/2020; 12162019@35 Exp. 01/30/2020; 11262019@37 Exp. 05/24/2020"
"Drugs","No","","84546","Terminated","Assurance Infusion","2626 S Loop W Ste 555","N/A","Houston","TX","	77054-2652","United States","Voluntary: Firm initiated","Letter","Nationwide within the United States","D-0765-2020","Class II","QUADMIX FORTE in 1 mL vial Assurance Infusion (713) 533-8800                                                                                                                                                                        ","5 vials","Lack of sterility assurance.","12/20/2019","01/13/2020","10/27/2021","01/22/2020","Lot: 08132019@15 Exp. 02/09/2020"
"Drugs","No","","84546","Terminated","Assurance Infusion","2626 S Loop W Ste 555","N/A","Houston","TX","	77054-2652","United States","Voluntary: Firm initiated","Letter","Nationwide within the United States","D-0766-2020","Class II","QUADMIX FORTE 30MG/4MG/40MCG/400MCG/ML INJ in 1 mL vial Assurance Infusion (713) 533-8800                                                                                                                                                                        ","134 vials","Lack of sterility assurance.","12/20/2019","01/13/2020","10/27/2021","01/22/2020","Lots: 07222019@10 Exp. 01/18/2020; 06242019@19 Exp. 12/21/2019; 08132019@15 Exp. 02/09/2020; 10292019@22 Exp. 04/26/2020; 11272019@24 Exp. 01/22/2020; 09182019@18 Exp. 03/16/2020"
"Drugs","No","","84546","Terminated","Assurance Infusion","2626 S Loop W Ste 555","N/A","Houston","TX","	77054-2652","United States","Voluntary: Firm initiated","Letter","Nationwide within the United States","D-0767-2020","Class II","SUFENTANIL 150MCG/ML  INJ in 20 mL syringe  Assurance Infusion (713) 533-8800                                                                                                                                                                        ","1 syringe","Lack of sterility assurance.","12/20/2019","01/13/2020","10/27/2021","01/22/2020","Lot: 12162019@26 Exp. 12/25/2019"
"Drugs","No","","84546","Terminated","Assurance Infusion","2626 S Loop W Ste 555","N/A","Houston","TX","	77054-2652","United States","Voluntary: Firm initiated","Letter","Nationwide within the United States","D-0768-2020","Class II","SUFENTANIL 300MCG/ML  INJ in 20 mL syringe Assurance Infusion (713)-533-8800                                                                                                                                                                            ","1 syringe","Lack of sterility assurance.","12/20/2019","01/13/2020","10/27/2021","01/22/2020","Lot: 12162019@9 Exp. 12/25/2019"
"Drugs","No","","84546","Terminated","Assurance Infusion","2626 S Loop W Ste 555","N/A","Houston","TX","	77054-2652","United States","Voluntary: Firm initiated","Letter","Nationwide within the United States","D-0769-2020","Class II","SUFENTANIL 55.5 MCG/ML IN 18ML  INJ in 18 mL syringe  Assurance Infusion (713) 533-8800                                                                                                                                                                            ","1 syringe","Lack of sterility assurance.","12/20/2019","01/13/2020","10/27/2021","01/22/2020","Lot: 12122019@19 Exp. 12/21/2019"
"Drugs","No","","84546","Terminated","Assurance Infusion","2626 S Loop W Ste 555","N/A","Houston","TX","	77054-2652","United States","Voluntary: Firm initiated","Letter","Nationwide within the United States","D-0770-2020","Class II","TESTOSTERONE CYP 200MG/ML OIL in 10 mL vial  Assurance Infusion (713) 533-8800                                                                                                                                                                              ","5 vials","Lack of sterility assurance.","12/20/2019","01/13/2020","10/27/2021","01/22/2020","Lot: 10242019@7 Exp. 04/21/2020; 10032019@11 Exp. 03/31/2020; 11042019@12 Exp. 05/02/2020; 09242019@9 Exp. 03/22/2020"
"Drugs","No","","84546","Terminated","Assurance Infusion","2626 S Loop W Ste 555","N/A","Houston","TX","	77054-2652","United States","Voluntary: Firm initiated","Letter","Nationwide within the United States","D-0771-2020","Class II","TESTOSTERONE CYP 200MG/ML OIL  (SESAME)  INJ in 10 mL vial Assurance Infusion (713) 533-8800                                                                                                                                                                                  ","7 vials","Lack of sterility assurance.","12/20/2019","01/13/2020","10/27/2021","01/22/2020","Lots: 08212019@17 Exp. 02/17/2020; 10232019@23 Exp. 04/20/2020"
"Drugs","No","","84546","Terminated","Assurance Infusion","2626 S Loop W Ste 555","N/A","Houston","TX","	77054-2652","United States","Voluntary: Firm initiated","Letter","Nationwide within the United States","D-0772-2020","Class II","TESTOSTERONE CYP 200MG/ML OIL  INJ in 10 mL vial  Assurance Infusion (713) 533-8800                                                                                                                                                                                ","166 vials","Lack of sterility assurance.","12/20/2019","01/13/2020","10/27/2021","01/22/2020","Lots: 09122019@9 Exp. 03/10/2020; 09242019@9 Exp. 03/22/2020; 09192019@20 Exp. 03/17/2020; 10032019@8 Exp. 03/31/2020; 10032019@11 Exp. 03/31/2020; 10182019@5 Exp. 04/15/2020; 10242019@7 Exp. 04/21/2020; 10232019@24 Exp. 04/20/2020; 11042019@12 Exp. 05/02/2020; 11212019@3 Exp. 05/19/2020; 11212019@2 Exp. 05/19/2020; 11042019@15 Exp. 05/02/2020"
"Drugs","No","","84546","Terminated","Assurance Infusion","2626 S Loop W Ste 555","N/A","Houston","TX","	77054-2652","United States","Voluntary: Firm initiated","Letter","Nationwide within the United States","D-0773-2020","Class II","TRIMIX  30MG/1MG/10MCG/ML INJ in 5 mL/10 mL vials  Assurance Infusion (713) 533-8800                                                                                                                                                                                    ","1290 vials","Lack of sterility assurance.","12/20/2019","01/13/2020","10/27/2021","01/22/2020","Lots: 07082019@29 Exp. 01/04/2020; 06252019@11 Exp. 12/22/2019; 07082019@29 Exp. 01/04/2020; 06252019@6 Exp. 12/22/2019; 07082019@28 Exp. 01/04/2020; 07262019@3 Exp. 01/22/2020; 07102019@13 Exp. 01/06/2020; 07162019@13 Exp. 01/12/2020; 07242019@15 Exp. 01/20/2020; 07162019@12 Exp. 01/12/2020; 08272019@11 Exp. 02/23/2020; 08162019@6 Exp. 02/12/2020; 07312019@14 Exp. 01/27/2020; 07262019@4 Exp. 01/22/2020; 08152019@9 Exp. 02/11/2020; 08162019@6 Exp. 02/12/2020; 08092019@6 Exp. 02/05/2020; 07312019@15 Exp. 01/27/2020; 08092019@5 Exp. 02/05/2020; 08272019@12 Exp. 02/23/2020; 09032019@36 Exp. 03/01/2020; 10012019@19 Exp. 03/30/2020; 09162019@15 Exp. 03/14/2020; 09162019@14 Exp. 03/14/2020; 09032019@35 Exp. 03/01/2020; 09032019@35 Exp. 03/01/2020; 09242019@15 Exp. 03/22/2020; 09112019@5 Exp. 03/09/2020; 10022019@15 Exp. 03/30/2020; 09112019@4 Exp. 03/09/2020; 10162019@16 Exp. 04/13/2020; 10282019@21 Exp. 04/25/2020; 10212019@20 Exp. 03/04/2020; 10162019@15 Exp. 04/13/2020; 10282019@22 Exp. 04/25/2020; 10242019@6 Exp. 03/04/2020; 10232019@25 Exp. 03/04/2020 Exp. 10082019@4 Exp. 04/05/2020; 10082019@5 Exp. 04/05/2020; 11262019@26 Exp. 01/10/2020; 12032019@12 Exp. 01/17/2020; 11262019@25 Exp. 01/10/2020; 10302019@24 Exp. 04/27/2020; 11262019@27 Exp. 01/10/2020; 10302019@23 Exp. 04/27/2020; 12032019@11 Exp. 01/17/2020; 11042019@10 Exp. 03/04/2020; 11042019@10 Exp. 03/04/2020; 11262019@24 Exp. 01/10/2020; 12042019@14 Exp. 01/18/2020; 12042019@15 Exp. 01/18/2020; 12102019@14 Exp. 01/24/2020; 12102019@13 Exp. 01/24/2020"
"Drugs","No","","84546","Terminated","Assurance Infusion","2626 S Loop W Ste 555","N/A","Houston","TX","	77054-2652","United States","Voluntary: Firm initiated","Letter","Nationwide within the United States","D-0774-2020","Class II","TRIMIX (UA) 30MG/1MG/20MCG/ML INJ in 1 mL vial  Assurance Infusion (713) 533-8800                                                                                                                                                                                      ","1 vial","Lack of sterility assurance.","12/20/2019","01/13/2020","10/27/2021","01/22/2020","Lot: 11042019@28 Exp. 05/02/2020"
"Drugs","No","","84546","Terminated","Assurance Infusion","2626 S Loop W Ste 555","N/A","Houston","TX","	77054-2652","United States","Voluntary: Firm initiated","Letter","Nationwide within the United States","D-0775-2020","Class II","TRIMIX -A  (UA) 30MG/1MG/5 MCG/ML INJ in 1 mL vial  Assurance Infusion (713) 533-8800                                                                                                                                                                                        ","10 vials","Lack of sterility assurance.","12/20/2019","01/13/2020","10/27/2021","01/22/2020","Lot: 07082019@31 Exp. 01/04/2020"
"Drugs","No","","84546","Terminated","Assurance Infusion","2626 S Loop W Ste 555","N/A","Houston","TX","	77054-2652","United States","Voluntary: Firm initiated","Letter","Nationwide within the United States","D-0776-2020","Class II","TRIMIX FORTE 30MG/2MG/20MCG/ML INJ in 1 mL vial  Assurance Infusion (713) 533-8800                                                                                                                                                                                          ","358 vials","Lack of sterility assurance.","12/20/2019","01/13/2020","10/27/2021","01/22/2020","Lots: 08082019@7 Exp. 02/04/2020; 08232019@1 Exp. 02/19/2020; 07262019@12 Exp. 01/22/2020; 07012019@25 Exp. 12/28/2019; 07102019@14 Exp. 01/06/2020; 09202019@4 Exp. 03/18/2020; 10282019@23 Exp. 04/25/2020; 10092019@7 Exp. 03/04/2020; 08292019@11 Exp. 02/25/2020; 10042019@6 Exp. 04/01/2020; 10162019@20 Exp. 04/13/2020; 11062019@24 Exp. 03/04/2020; 12042019@20 Exp. 01/18/2020; 12102019@11 Exp. 01/24/2020; 12162019@36 Exp. 01/30/2020; 11262019@29 Exp. 01/10/2020"
"Drugs","No","","84546","Terminated","Assurance Infusion","2626 S Loop W Ste 555","N/A","Houston","TX","	77054-2652","United States","Voluntary: Firm initiated","Letter","Nationwide within the United States","D-0777-2020","Class II","TRIMIX FORTE 4 (UA) 30MG/3MG/30MCG/ML INJ in 1 mL vial Assurance Infusion (713) 533-8800                                                                                                                                                                                               ","10 vials","Lack of sterility assurance.","12/20/2019","01/13/2020","10/27/2021","01/22/2020","Lot: 08302019@4 Exp. 02/26/2020"
"Drugs","No","","84546","Terminated","Assurance Infusion","2626 S Loop W Ste 555","N/A","Houston","TX","	77054-2652","United States","Voluntary: Firm initiated","Letter","Nationwide within the United States","D-0778-2020","Class II","TRIMIX FORTE PLUS 30MG/4MG/40MCG/ML INJ in 1 mL vial Assurance Infusion (713) 533-8800                                                                                                                                                                                                ","20 vials","Lack of sterility assurance.","12/20/2019","01/13/2020","10/27/2021","01/22/2020","Lots: 07032019@12 Exp. 12/30/2019; 08212019@32 Exp. 02/17/2020; 10032019@12 Exp. 03/31/2020"
"Drugs","No","","84546","Terminated","Assurance Infusion","2626 S Loop W Ste 555","N/A","Houston","TX","	77054-2652","United States","Voluntary: Firm initiated","Letter","Nationwide within the United States","D-0779-2020","Class II","TRIMIX SUPER (A) 30MG/2MG/30MCG/ML INJ in 1 mL vial  Assurance Infusion (713) 533-8800                                                                                                                                                                                                ","45 vials","Lack of sterility assurance.","12/20/2019","01/13/2020","10/27/2021","01/22/2020","Lots: 10152019@23 Exp. 03/04/2020; 10302019@27 Exp. 04/27/2020; 08052019@19 Exp. 02/01/2020; 10032019@14 Exp. 03/31/2020"
"Drugs","No","","84657","Terminated","Denton Pharma, Inc.","119 Creamery Rd","N/A","North Blenheim","NY","	12131-1613","United States","Voluntary: Firm initiated","Letter","Nationwide","D-0794-2020","Class II","Ranitidine Tablets, USP 150 mg , a). 4 count bottle (NDC 70934-017-04), b). 20-count bottle (NDC 70934-017-20), c). 24-count bottle (NDC 70934-017-24) d). 30-count bottle (NDC 70934-017-30) e). 90-count bottle (NDC 70934-017-90), Rx Only, Repackaged by: Northwind Pharmaceuticals North Brenheim, NY 12131.  ","1,341 bottles","CGMP Deviations: Presence of NDMA impurity detected in product.","12/20/2019","01/20/2020","10/05/2023","01/29/2020","a). N102851902, Exp. 04/30/2021    b). D102851801, Exp. 04/2021    c). N102851901, Exp. 11/30/2021       N102851903, Exp. 12/31/2021       N102851906, Exp. 03/31/2022    d). N102851904, Exp. 02/28/2022       N102851905, Exp. 12/31/2021    e). C102851901, Exp. 11/30/2021       C102851902, Exp. 11/30/2021       C102851903, Exp. 11/30/2021       C102851904, Exp. 05/31/2021       C102851905, Exp. 02/28/2022       C102851906, Exp. 02/28/2022       C102851907, Exp. 03/31/2022"
"Drugs","No","","84657","Terminated","Denton Pharma, Inc.","119 Creamery Rd","N/A","North Blenheim","NY","	12131-1613","United States","Voluntary: Firm initiated","Letter","Nationwide","D-0795-2020","Class II","Ranitidine Tablets, USP 300 mg a). 15-count bottles (NDC 70934-287-15), b). 90-count bottles (NDC 70934-287-90), Rx Only, Repackaged by: Northwind Pharmaceuticals North Brenheim, NY 12131   ","467 bottles","CGMP Deviations: Presence of NDMA impurity detected in product.","12/20/2019","01/20/2020","10/05/2023","01/29/2020","a). N106851901, Exp. 11/30/2021       N106851902, Exp. 10/31/2021    b). C106851901, Exp. 11/30/2021       C106851902  Exp. 10/31/2021       C106851903  Exp. 02/28/2022       C106851904  Exp. 11/30/2021       C106851905  Exp. 05/31/2022"
"Drugs","No","01/16/2020","84620","Terminated","Idelle Labs","One Helen Of Troy Plaza","N/A","El Paso","TX","	79912","United States","Voluntary: Firm initiated","Letter","Nationwide in the USA","D-0784-2020","Class III","SURE 48hr Confidence Nourishing Coconut invisible solid Antiperspirant & Deodorant Net Wt 2.6 oz (73g) NDC# 41595-5547-1 UPC 8 83484 31020 5   Made in Canada and Distributed by Idelle Labs, Ltd., El Paso, TX 79912","Unknown","Labeling Product Contains Undeclared API: Active Ingredient on label is not the active ingredient in the product.","11/20/2019","01/16/2020","09/28/2022","01/15/2020","Lot: 19277K1"
"Drugs","No","01/16/2020","84620","Terminated","Idelle Labs","One Helen Of Troy Plaza","N/A","El Paso","TX","	79912","United States","Voluntary: Firm initiated","Letter","Nationwide in the USA","D-0785-2020","Class III","SURE 48hr Confidence Regular Original Solid Anti-Perspirant & Deodorant Net Wt 2.7 oz (76g) NDC# 41595-5514-1 UPC 8 83484 717936 6 Made in Canada and Distributed by Idelle Labs, Ltd., El Paso, TX 79912","Unknown","Labeling Product Contains Undeclared API: Active Ingredient on label is not the active ingredient in the product.","11/20/2019","01/16/2020","09/28/2022","01/15/2020","Lots: 19279K1, 19279K2, 19280K1"
"Drugs","No","01/16/2020","84620","Terminated","Idelle Labs","One Helen Of Troy Plaza","N/A","El Paso","TX","	79912","United States","Voluntary: Firm initiated","Letter","Nationwide in the USA","D-0786-2020","Class III","SURE 48hr Confidence Unscented Original Solid Anti-Perspirant & Deodorant Net Wt 2.7 oz (76g) NDC# 41595-5513-2 UPC 8 83484 71794 3  Made in Canada and Distributed by Idelle Labs, Ltd., El Paso, TX 79912","Unknown","Labeling Product Contains Undeclared API: Active Ingredient on label is not the active ingredient in the product.","11/20/2019","01/16/2020","09/28/2022","01/15/2020","Lots: 19277K2, 19278K1"
"Drugs","No","","84672","Terminated","Sun Pharmaceutical Industries, Inc.","270 Prospect Plains Rd","N/A","Cranbury","NJ","	08512-3605","United States","Voluntary: Firm initiated","Letter","Product was distributed throughout the United States.","D-0787-2020","Class II","Testosterone Cypionate for Injection, USP, 1,000 mg/10 mL (100 mg/mL), 10 mL Multiple Dose Vial (NDC 62756-017-40), Rx only, Distributed by: Sun Pharmaceuticals, Inc., Cranbury, NJ, Manufactured by: Sun Pharmaceuticals, Industries, Ltd., Gujarat, India","N/A","cGMP Deviations; released lots were manufactured under similar manufacturing conditions to a previously rejected OOS Lot.","01/14/2020","01/16/2020","08/31/2020","01/22/2020","JKT0933A, JKT0935A, JKT1062A exp Mar-20;  JKT1425A, JKT1483A exp Apr-20;  JKT1575A, JKT1729A, JKT1730A, JKT1728A exp May-20  JKT2002A exp Jun-20;  JKT3216A, JKT3217A exp Sep-20;  JKT3589A, JKT3590A, JKT3626A exp Oct-20;  JKT3864A, JKT3935A exp Dec-20"
"Drugs","No","","84672","Terminated","Sun Pharmaceutical Industries, Inc.","270 Prospect Plains Rd","N/A","Cranbury","NJ","	08512-3605","United States","Voluntary: Firm initiated","Letter","Product was distributed throughout the United States.","D-0788-2020","Class II","Testosterone Cypionate for Injection, 2,000 mg/10 mL (200 mg/mL), a) 1 mL Single Use vial (NDC 62756-015-40) and b) 10 mL Multiple Dose Vial (NDC 62756-016-40), Rx only, Distributed by: Sun Pharmaceuticals, Inc., Cranbury, NJ, Manufactured by: Sun Pharmaceuticals, Industries, Ltd., Gujarat, India","N/A","cGMP Deviations; released lots were manufactured under similar manufacturing conditions to a previously rejected OOS Lot.","01/14/2020","01/16/2020","08/31/2020","01/22/2020","a)  JKT0075A, JKT0076A, JKT0213A, JKT0215A, JKT0369A, JKT0214A, JKT0368A, JKT0370A exp Jan-20;  JKT0371A, JKT0515A, JKT0514A, JKT0516A, JKT0518A, JKT0517A, JKT0694A, JKT0695A, JKT0696A, exp Feb-20;  JKT0697A, JKT0698A, JKT1063A, JKT1064A, JKT1065A, JKT1148A, JKT1068A, JKT1146A, JKT1066A exp Mar-20;  JKT1149A, JKT1147A, JKT1150A, JKT1427A, JKT1428A, JKT1426A, JKT1429A, JKT1540A, JKT1539A, JKT1541A, JKT1543A, JKT1542A exp Apr-20;  JKT1725A, JKT1574A, JKT1727A, JKT1863A, JKT1864A, JKT1865A, JKT1726A  exp May-20;  JKT2191A exp Jun-20;  JKT1866A, JKT2192A, JKT2193A, JKT2194A, JKT2575A, JKT2195A, JKT2576A  exp Jul-20;  JKT2578A, JKT2579A, JKT2911A, JKT2907A, JKT2908A, JKT2909A, JKT2910A, JKT2577A exp  Aug-20;  JKT3104A, JKT3105A, JKT3106A, JKT3260A, JKT3261A, JKT3263A, JKT3107A, JKT3467A, JKT3262A, JKT3264A exp Sep-20;  JKT3788A, JKT3468A, JKT3749A, JKT3469A, JKT3787A  exp Oct-20;  JKT3790A, JKT4019A, JKT3789A, JKT4016A, JKT4014A, JKT4017A, Nov-20;  JKU0040A exp Dec-20;  JKU0041A, JKU0042A, JKU1043A, JKU1044A exp Feb-21;    b)   JKT1862A, JKT1578A exp May-20;  JKT2000A, JKT1999A, JKT2001A exp Jun-20;  JKT2593A, JKT2594A exp Jul-20;  JKT3863A, JKT4013A exp Nov-20;  JKU0037A, JKU0038A, JKU0358A exp Dec-20"
"Drugs","No","","84671","Terminated","Preferred Pharmaceuticals, Inc","1250 N Lakeview Ave Ste O","N/A","Anaheim","CA","	92807-1801","United States","Voluntary: Firm initiated","Telephone","Distribution to physicians in the following states: AL, AZ, CA, FL, GA, IN, and  SC","D-0796-2020","Class II","Preferred Pharmaceuticals, Inc, Ranitidine Tablets, 150 mg, a) 30 count bottles (NDC: 68788-7388-3), b) 60 count bottles (NDC: 68788-7388-6), c) 90 count bottles (NDC: 68788-7388-9), d) 100 count bottles (NDC: 68788-7388-1)","221,710 tablets","CGMP Deviations: Presence of NDMA impurity detected in product.","01/07/2020","01/20/2020","12/14/2023","01/29/2020","Lot #: All lots within expiry"
"Drugs","No","","84671","Terminated","Preferred Pharmaceuticals, Inc","1250 N Lakeview Ave Ste O","N/A","Anaheim","CA","	92807-1801","United States","Voluntary: Firm initiated","Telephone","Distribution to physicians in the following states: AL, AZ, CA, FL, GA, IN, and  SC","D-0797-2020","Class II","Preferred Pharmaceuticals, Inc, Ranitidine Tablets, 300 mg, Rx Only, a) 14 count bottles (NDC: 68788-6382-1), b) 30 count bottles (NDC: 68788-6382-3), c) 90 count bottles (NDC: 68788-6382-9), d) 100 count bottles (NDC: 68788-6382-0)","39,172 tablets","CGMP Deviations: Presence of NDMA impurity detected in product.","01/07/2020","01/20/2020","12/14/2023","01/29/2020","Lot #: All lots within expiry"
"Drugs","No","01/18/2020","84674","Terminated","Lupin Pharmaceuticals Inc.","Harborplace Tower","111 S Calvert St Fl 21st","Baltimore","MD","	21202-6174","United States","Voluntary: Firm initiated","Letter","Distributed nationwide in the US","D-0790-2020","Class III","Tri-Lo-Marzia (Norgestimate and Ethinyl Estradiol Tablets, USP), 0.180 mg/0.025 mg; 0.215mg/0.025 mg and 0.250 mg/0.025 mg, Pack size - 3 x 28's wallets/carton, Rx Only, Distributed by Lupin Pharmaceuticals, Inc, Baltimore MD 21202, Manufactured by: Lupin Limited, Pithampur, (M.P.)- 454775, India. NDC 68180-837-13 (3x28 carton ) NDC 68180-837-11 (28 tablet wallet)","34,080 boxes (3 wallets per carton, 80 cartons per box)","CGMP Deviations: Out of specification test result observed during retrospective review of blend uniformity test data.","01/10/2020","01/17/2020","06/03/2021","01/22/2020","Lot # L800498, exp. date February 2020"
"Drugs","No","","84676","Terminated","Hikma Pharmaceuticals USA Inc.","2 Esterbrook Ln","N/A","Cherry Hill","NJ","	08003-4002","United States","Voluntary: Firm initiated","Letter","Nationwide in the USA","D-0801-2020","Class III","methylPREDNISolone Sodium Succinate For Injection, USP, 500 mg*/vial, Rx Only, Mfd by: HIKMA FARMACEUTICA (PORTUGAL), SA; Dist by: WEST-WARD, Eatontown, NJ 07724, NDC 0143-9850-01.","4840 vials","Labeling: Incorrect Instructions: Vial label incorrectly instructs healthcare professional to reconstitute product with 16 mL rather than the correct volume of 8 mL of Bacteriostatic Water for Injection with Benzyl Alcohol.","01/14/2020","01/23/2020","09/08/2021","01/29/2020","Lot #: 1901113.1, Exp JUL 2021"
"Drugs","No","01/13/2020","84677","Terminated","AVKARE Inc.","615 N 1st St","N/A","Pulaski","TN","	38478-2403","United States","Voluntary: Firm initiated","Letter","Nationwide in the USA.","D-0661-2020","Class II","Dutasteride Capsules, 0.5 mg, 30 Capsules (6 X 5) Unit Dose per carton, Rx Only, Manufactured for: AvKARE, Inc., Pulaski, TN 38478, NDC 50268-282-13.","3,989 cartons","Failed Impurities/Degradation Specifications: High out of specification results for related compounds.","01/07/2020","01/13/2020","07/14/2021","01/22/2020","Lots: 25246, Exp. 02/2021; 24532, Exp. 10/2020; 23647, Exp. 06/2020"
"Drugs","No","","84678","Terminated","Sigan Industries Inc.","296 Orenda Rd","N/A","Brampton","N/A","	N/A","Canada","Voluntary: Firm initiated","Letter","IL","D-0782-2020","Class III","Eczema Skin Relief Lotion, 2% Colloidal Oatmeal Skin Protectant Lotion, NET WT 14 OZ (396 g), NDC 65365-266-01, Distributed by: CVS Pharmacy, Inc., One CVS Drive, Woonsocket, RI 02895.","11,004 bottles","Microbial contamination of non-sterile product.","01/07/2020","01/16/2020","08/12/2022","01/22/2020","Lot#: 2508-08-337, 2538-08-337, Exp 8/2020"
"Drugs","No","","84686","Terminated","Letco Medical LLC","1316 Commerce Dr","N/A","Decatur","AL","	35601-7539","United States","Voluntary: Firm initiated","Letter","United States, Australia, Canada, Israel, Philippines, Taiwan.","D-0780-2020","Class II","Estriol USP Micronized a) 100 gm NDC 62991-2159-04; b) 1 gm NDC 62991-2159-01; c) 1 kg NDC 62991-2159-06; d) 25 gm NDC 62991-2159-03; e) 500 gm NDC 62991-2159-05; f) 5 gm NDC 62991-2159-02, Rx Only Repackaged by: Letco Medical, LLC. Decatur, AL 35601","a) 597 jars; b) 411 jars; c) 5 jars; d) 1004 jars: e) 76 jars; f) 1592 jars","Subpotent","01/10/2020","01/15/2020","04/07/2021","01/22/2020","Lots: a) 1804030048 Exp. 06/06/2020; 1712270019, 1802160017 Exp. 08/06/2020; 1804300021, 1806270007, 1808090056, 1904290047 Exp. 04/16/2021; 1810190004, 1812200072, 1901250024 Exp. 08/13/2021;   1902190028, 1907260018 Exp 09/14/2021;     b) 1804030049 Exp. 06/06/2020; 1712270020, 1802160018 Exp. 08/06/2020;   1804300022, 1806270008, 1808090057, 1904290048 Exp. 04/16/2021; 1810190005, 1812200073, 1901250025 Exp. 08/13/2021; 1902190029, 1907260019 Exp. 09/14/2021;     c) 1802160022 Exp. 08/06/2020; 1810190009, 1812200077 Exp. 08/13/2021; 1907260023 Exp. 09/14/2021;     d) 1804030050 Exp 06/06/2020; 1712270021, 1802160019 Exp. 08/06/2020;  1804300023, 1806270009, 1808090058, 1904290049 Exp 04/16/2021; 1810190006, 1812200074, 1901250026 Exp. 08/13/2021; 1902190030, 1907260020 Exp. 09/14/2021;     e) 1802160021 Exp. 08/06/2020; 1804300025, 1806270011, 1808090060 Exp. 04/16/2021; 1810190008 Exp. 08/13/2021; 1812200076 Exp. 08/13/2021; 1901250028 Exp. 08/13/2021; 1902190031 Exp. 09/14/2021; 1907260022 Exp. 09/14/2021; f) 1712270022 Exp. 08/06/2020; 1802160020 Exp. 08/06/2020; 1804030051 Exp. 06/06/2020; 1804300024 Exp. 04/16/2021; 1806270010 Exp. 04/16/2021; 1808090059 Exp. 04/16/2021; 1810190007 Exp. 08/13/2021; 1812200075 Exp. 08/13/2021; 1901250027 Exp. 08/13/2021; 1904290050 Exp. 04/16/2021; 1907260021 Exp. 09/14/2021"
"Drugs","No","01/22/2020","84685","Terminated","Advanced Accelerator Applications USA, Inc.","57 E Willow St","N/A","Millburn","NJ","	07041-1416","United States","Voluntary: Firm initiated","Letter","Nationwide in the US and Canada","D-0799-2020","Class II","NETSPOT, (kit for the preparation of Ga 68 dotatate injection) 40 mcg dotatate, For Intravenous Use Only, Rx Only, Manufactured for: Advanced Accelerator Applications USA, Inc. by Gipharma S.r.l. Strada Crescentino snc, 13040 Saluggia (Vc), Italy, NDC 69488-001-40.","4295 Kits","Defective Container: loose aluminum cap crimp for the dilution buffer vial present in the NETSPOT Kit (vial 2).","01/10/2020","01/22/2020","07/21/2023","01/29/2020","Lot #: PG1919025, Exp. 07/11/2020; PG1919026, PG1919027, Exp. 07/16/2020."
"Drugs","No","","84696","Terminated","RemedyRepack Inc.","625 Kolter Dr Ste 4","N/A","Indiana","PA","	15701-3571","United States","Voluntary: Firm initiated","Letter","Product was distributed to two facilities in CA and NY.","D-0798-2020","Class II","Ranitidine 150 mg tablet  Original Supplier's NDC 65162-0253-10  Remedy Repackaged NDC 70518-1714-00","4,486 tablets","CGMP Deviation; Received notice from supplier of potential -Nitrosodimethylamine (NDMA) amounts above established levels.","12/11/2019","01/20/2020","07/23/2020","01/29/2020","Lot #: J0376034-052319, exp. date 05/2020  Lot #: J0406133-093019, exp. date 10/2020  Lot #: J038005-082719, exp. date 08/2020  Lot #: J0390280-072519, exp. date 07/2020  Lot #: J0390277-072519, exp. date 07/2020   Lot #: J0349352-012519, exp. date 01/2020"
"Drugs","No","02/03/2020","84712","Terminated","Pharmaceutical Associates Inc","1700 Perimeter Rd","N/A","Greenville","SC","	29605-5252","United States","Voluntary: Firm initiated","Letter","Distributed Nationwide in the US","D-0824-2020","Class II","Nystatin Oral Suspension, USP 100,000 units per mL Cherry/Peppermint Flavor, 16 fl oz (473 mL)  Rx Only, pai, Pharmaceutical Associates, Inc. Greenville, SC 29605. NDC 0121-0810-16","6288  16 oz bottles","Subpotent: Out of specification for assay at the 12-month time point.","01/14/2020","02/03/2020","06/03/2021","02/05/2020","Lots: BB70, BB71 Exp. May 2020"
"Drugs","No","01/31/2020","84749","Terminated","Macleods Pharma Usa Inc","666 Plainsboro Rd Bldg 200 Ste 230","N/A","Plainsboro","NJ","	08536-0009","United States","Voluntary: Firm initiated","Letter","Nationwide within the United States","D-0823-2020","Class III","Montelukast Sodium Chewable Tablets, 5 mg, 90-count bottles, Rx Only, Manufactured for : Macleods Pharma USA, Inc. Plainsboro, NJ Manufactured by: Macleods Pharmaceuticals Ltd Baddi, Himachal Pradesh, India  NDC 33342-111-10","10680 units","Failed Dissolution Specifications:  testing revealed low out of specification result in one lot of product","01/20/2020","01/31/2020","04/26/2021","02/05/2020","Lot #: BMD8901B, Exp. Date 02/2021"
"Drugs","No","","84750","Terminated","Ascend Laboratories LLC","339 Jefferson Rd Ste 101","N/A","Parsippany","NJ","	07054-3707","United States","Voluntary: Firm initiated","Letter","Nationwide in the USA","D-0827-2020","Class III","Minocycline Hydrochloride Extended-Release Tablets, USP, 105 mg*, 30-count bottle, Rx Only, Manufactured by: Alkem Laboratories Ltd., Mumbai - 400 013 India, Distributed by: Ascend Laboratories, LLC, Parsippany, NJ 07054,  NDC 67877-438-30.","4728 bottles","Failed Dissolution Specifications: low out of specification results for dissolution testing.","01/22/2020","02/05/2020","10/27/2021","02/12/2020","Lot #: 19140414, Exp 12/2020"
"Drugs","No","02/11/2020","84754","Terminated","Macleods Pharma Usa Inc","666 Plainsboro Rd Bldg 200 Ste 230","N/A","Plainsboro","NJ","	08536-0009","United States","Voluntary: Firm initiated","Letter","Nationwide","D-0838-2020","Class III","Pioglitazone and Metformin Hydrochloride Tablets, USP 15 mg/500 mg, Rx Only, 60-count bottle, Manufactured for Macleods Pharma USA, Inc. Plainsboro, NJ 08536, Manufactured by: Macleods Pharmaceuticals Ltd. Baddi, Himachal Pradesh, India, NDA 33342-176-09","4694 30x60-count bottles","Subpotent Drug: Out of specification assay result, below specification, for two lots of Pioglitazone And Metformin Hydrochloride Tablets.","01/24/2020","02/11/2020","12/16/2022","02/12/2020","Lot# BPA5903A, EXP 05/2021; BPA5819A, EXP 11/2020"
"Drugs","No","","84757","Terminated","Shandex Personal Care Manufacturing Inc.","5 Herriott St","N/A","Perth","N/A","	N/A","Canada","Voluntary: Firm initiated","Letter","Nationwide in the U.S.","D-0822-2020","Class II","Walgreens Acne Cleansing Bar, Benzoyl Peroxide 10%, NET WT 4 oz (113 g), 1 bar per carton, Distributed By: Walgreen Co., 200 Wilmot Road, Deerfield, IL 60015, NDC: 0363-0137-11","20448 cartons","Presence of Foreign Substance; Metal contaminant visible in product (screen wire from manufacturing).","01/16/2020","01/30/2020","11/06/2020","02/05/2020","Lot #: L 19173, Exp 06/20/2021"
"Drugs","No","","84797","Terminated","Teva Pharmaceuticals USA","400 Interpace Pkwy","N/A","Parsippany","NJ","	07054-1120","United States","Voluntary: Firm initiated","Letter","USA Nationwide","D-0836-2020","Class II","Methylphenidate hydrochloride Extended-Release ablets USP (CII), 18 mg, 100-count bottle, Rx only, Teva Pharmaceuticals USA, Inc., North Wales, PA 19454, NDC 62037-725-01","N/A","CGMP deviations: Product bottle may be absent of desiccant.","01/27/2020","02/10/2020","11/03/2020","02/19/2020","Lot #: 1332796 A, Exp 11/2020"
"Drugs","No","","84797","Terminated","Teva Pharmaceuticals USA","400 Interpace Pkwy","N/A","Parsippany","NJ","	07054-1120","United States","Voluntary: Firm initiated","Letter","USA Nationwide","D-0837-2020","Class II","Methylphenidate hydrochloride Extended-Release ablets USP (CII), 27 mg, 100-count bottle, Rx only, Teva Pharmaceuticals USA, Inc., North Wales, PA 19454, NDC 62037-734-01","17,436 bottles","CGMP deviations: Product bottle may be absent of desiccant.","01/27/2020","02/10/2020","11/03/2020","02/19/2020","Lot # 1332799A, Exp 11/2020"
"Drugs","No","","84798","Terminated","Teva Pharmaceuticals USA","400 Interpace Pkwy","N/A","Parsippany","NJ","	07054-1120","United States","Voluntary: Firm initiated","Letter","Nationwide within the United States","D-0830-2020","Class II","Desmopressin Acetate Tablets, 0.1 mg, 100-count bottle, Rx Only, Manufactured by: Actavis Laboratories, Inc. Fort Lauderdale, FL 33314 USA, Distributed by: Actavis Pharma, Inc. Parisppany, NJ 07054 USA, NDC 0591-2464-01","22,868 bottles","GMP Deviations: Product bottle may be absent of desiccant.","01/27/2020","02/06/2020","12/10/2020","02/12/2020","Lot #: 1281203M, exp. date 03/2020 and 1290113M, exp. date 04/2020"
"Drugs","No","","84798","Terminated","Teva Pharmaceuticals USA","400 Interpace Pkwy","N/A","Parsippany","NJ","	07054-1120","United States","Voluntary: Firm initiated","Letter","Nationwide within the United States","D-0831-2020","Class II","Desmopressin Acetate Tablets, 0.2 mg, 100-count bottle, Rx Only, Manufactured by: Actavis Laboratories, Inc. Fort Lauderdale, FL 33314 USA, Distributed by: Actavis Pharma, Inc. Parisppany, NJ 07054 USA, NDC 0591-2465-01","69,012 bottles","GMP Deviations: Product bottle may be absent of desiccant.","01/27/2020","02/06/2020","12/10/2020","02/12/2020","Lot #: 1269726M, exp. date 01/2020; 1283269M, 1283270M, exp. date 03/2020; 1292992M,1292993A, exp. date 04/2020"
"Drugs","No","","84799","Terminated","Spectrum Laboratory Products","14422 S San Pedro St","N/A","Gardena","CA","	90248-2027","United States","Voluntary: Firm initiated","Letter","The recalled API was distributed to pharmacies in the following states: AZ, CA, FL, GA, NJ, PA, RI, SC, TX, UT, WY. The API was also distributed internationally to Canada and UAE.","D-0825-2020","Class II","Ranitidine Hydrochloride (powder), USP, Rx only, Spectrum Chemical Mfg Corp., a) 1 gram, b) 5 grams, c) 25 grams, d)100 grams, e) 500 grams, f) 1 Kilogram","N/A","CGMP Deviations: Presence of NDMA impurity detected in product.","01/14/2020","02/04/2020","12/05/2023","02/12/2020","Lot #:11E0585, Exp. October 2023"
"Drugs","No","02/07/2020","84814","Terminated","Graviti Pharmaceuticals Private Limited","Survey No. 621 Isnapur Village","Patancheru Mandal","Medak","N/A","	N/A","India","Voluntary: Firm initiated","Letter","Nationwide in the USA.","D-0832-2020","Class II","Atorvastatin Calcium Tablets, USP, 10 mg*, 90-count bottle, Rx Only, Manufactured for: Biocon Pharma Inc., Iselin, NJ 08830-3009 USA; Manufactured By: Graviti Pharmaceuticals Pvt. Ltd., Telangana -502307, INDIA; NDC 70377-027-11.","29,056 bottles","Presence of Foreign Tablets/Capsules: Customer complaint that one 20 mg Atorvastatin Calcium Tablet was present in a bottle labeled as and containing eight-nine Atorvastatin Calcium Tablets, USP 10 mg.","01/28/2020","02/07/2020","11/29/2022","02/12/2020","Lot #: ATA318099C, Exp 12/2020"
"Drugs","No","","84816","Terminated","Teva Pharmaceuticals USA","400 Interpace Pkwy","N/A","Parsippany","NJ","	07054-1120","United States","Voluntary: Firm initiated","Letter","U.S.A. Nationwide","D-0851-2020","Class III","Tramadol Hydrochloride Tablets USP CIV, 50 mg, packaged in a) 100-count bottles (NDC 0093-0058-01), b) 500-count bottles  (NDC 0093-0058-05), RX only, Manufactured in Czech Republic for: Teva Pharmaceuticals USA, Inc., North Wales, PA 19545","2,044,497 bottles","Labeling: Incorrect package insert - Patient leaflets for the specified lots of unscored tablets contain language relative to a 25 mg dosing titration that necessitates the use of a scored 50 mg tablet.","01/28/2020","02/19/2020","05/19/2021","02/26/2020","Lot#: a) 100005876, Exp 02/2020; 100008310, 100008311, Exp 07/2020; 100008638, 100008639, Exp 09/2020; 100011763, 02/2021; b) 100005418, 100005419, 100005420, 100005421, 100005877, 100005878, Exp 01/2020;  100005879, 100005880, 100005881, 100005882, 100005883, 100005884,  100005885, 100005886, 100005887, 100005888, 100005889, 100005890,  100005891, 100005892, 100005893, 100005894, 100005895, 100005896,  100005897, 100005898, 100005899, 100005900, 100005901, 100005902,  100005903, 100006588, 100006718, 100006719, 100006720, 100006721, Exp 02/2020; 100006722,100006724, 100006725, 100006726, 100006727, 100006728, 100006729, 100006730, 100006731, 100006732, 100006733,  100006734, 100006735, 100006736, 100006737, 100006738,100007005,  100007006, 100007007, 100007008, 100007009, 100007010, Exp 03/2020; 100007011, 100007012, 100007013, 100007014, 100007015, 100007016,  100007017, 100007018, 100007019, 100007020, 100007021, 100007022,  100007023, 100007024, 100007025, 100007026, 100007027, 100007028,  100007029, 100007030, 100007031, 100007032, Exp 04/2020; 100007519,  100007520, 100007521, 100007522, 100007523, 100007524, 100007526,  100007527, 100007528, 100007529, 100007530, 100007531, 100007532,  100007533, 100007534, 100007535, 100007536, 100007537, 100007538,  100007539, 100007540, 100007541, Exp 05/2020; 100007849, 100007850,  100007852, 100007853, 100007855, 100007856, 100007858, 100007859,  100007860, 100007861, 100007862, 100007863, Exp 06/2020; 100008296,  100008297, 100008298, 100008299, 100008300, 100008302, 100008303, Exp 07/2020; 100008640, 100008641, 100008643, 100008644, 100008645, 100008646, 100008647, 100008648, 100008649, 100008653, 100008654,  100008655, 100008656, 100008657, 100008658, 100008659, 100008660,  100008661, 100008662, 100008663, 100008664, 100008665, 100008666,  100008667, Exp 08/2020; 100008668, 100008669, 100008670, 100008671,  100009232, 100009233, Exp 09/2020; 100009999, 100010000, 100010001,  100010002, 100010003, 100010004, 100010005, 100010006, 100010007,  100010671, 100010672, 100010673, 100010674, 100010675, 100010676, Exp 12/2020; 100010677, Exp 01/2021; 100010805, 100010806, 100010807,  100010808, 100010809, 100010810, 100010811, 100011709, 100011710,   100011711, 100011712, 100011713, 100011714, 100011715, 100011716,  100011896, Exp 02/2021; 100011897, 100011898, 100011899, 100011900,  100011901, Exp 03/2021; 100011902, 100011903, 100011904, 100011905,  100011906, 100011907, 100011908, 100011909, 100011910, 100011911,  100011912, 100011913, 100011914, 100011918, Exp 04/2021"
"Drugs","No","","84818","Terminated","Ascend Laboratories LLC","339 Jefferson Rd Ste 101","N/A","Parsippany","NJ","	07054-3707","United States","Voluntary: Firm initiated","Letter","Nationwide in the U.S.","D-0828-2020","Class II","Olmesartan Medoxomil Tablets 20 mg, Rx Only, 90 Tablets per Bottle, Manufactured by: Alkem Laboratories Ltd., Mumbai - 400 013 INDIA, Distributed by: Ascend Laboratories, LLC Parsippany, NJ 07054, NDC 67877-446-90.","192 Bottles","cGMP Deviations; Olmesartan Medoximil Tablets 20 mg was released in error with alternate API source prior to filing and approval of Prior Approval Supplement.","01/24/2020","02/06/2020","10/29/2021","02/12/2020","Lot #: 19122552, Exp 7/31/2021"
"Drugs","No","","84827","Terminated","B AND A TRADING CORPORATION","325 Washington Ave","N/A","Carlstadt","NJ","	07072-2805","United States","Voluntary: Firm initiated","Letter","NY & NJ only","D-0840-2020","Class II","Kushim Tablets (Gushim) 45-count packages, Label in foreign language","40 packages","Marketed Without an Approved NDA/ANDA. FDA analysis found product to contain cinobufagin, bufalin, and bufotenine","01/28/2020","02/12/2020","12/21/2023","02/19/2020","Lot #: H003"
"Drugs","No","","84127","Terminated","Perrigo Company PLC","515 Eastern Ave","N/A","Allegan","MI","	49010-9070","United States","Voluntary: Firm initiated","Press Release","Nationwide USA","D-1013-2020","Class II","Regular Strength Acid Reducer, Ranitidine tablets, USP 75 mg, 60 tablets per bottle. [NDC: Brand] NDC Health Mart: 62011-0283-2; NDC Major: 0904-6715-52; NDC Meijer: 41250-252-72;  NDC Sunmark: 49348-136-12;","N/A","CGMP Deviation; Possible contamination with impurity N-nitrosodimethylamine.","10/23/2019","03/13/2020","11/06/2020","03/25/2020","Lots: 8DE1367,   8EE1559,   8FE1451,   8GE1340,   8HE1222,   8KE2831,   8JE1917,   8KE2245 ,  8ME2724,   9AE2831,   9DE2747,   9CE3339,   9EE2636,   9FE2971,   9GE2793,   9GE3220"
"Drugs","No","","84127","Terminated","Perrigo Company PLC","515 Eastern Ave","N/A","Allegan","MI","	49010-9070","United States","Voluntary: Firm initiated","Press Release","Nationwide USA","D-1014-2020","Class II","Regular Strength Acid Reducer, Ranitidine tablets, USP 75 mg, 80 tablets per bottle. [NDC: Brand] NDC Basic Care: 0113-7876-27; NDC CVS Health: 69842-293-27; NDC Leader: 70000-0375-2;  NDC Up & Up: 11673-876-27; NDC  Walgreens: 0363-1876-27","N/A","CGMP Deviation; Possible contamination with impurity N-nitrosodimethylamine.","10/23/2019","03/13/2020","11/06/2020","03/25/2020","Lots: 8CE1643,   8DE1370,   8DE1768,   8EE1560,   8FE1452,   8GE1341,   8HE1223,   8KE2832,   8KE2246,   8ME2725,   9AE2835,   9CE3378,   9DE2748,   9EE2637,   9FE2976,   9GE2795,   9GE3228,   9HE3617"
"Drugs","No","","84127","Terminated","Perrigo Company PLC","515 Eastern Ave","N/A","Allegan","MI","	49010-9070","United States","Voluntary: Firm initiated","Press Release","Nationwide USA","D-1015-2020","Class II","Regular Strength Acid Reducer, Ranitidine tablets, USP 75 mg, 150 tablets per bottle. [NDC: Brand] NDC H.E.B.: 37808-876-47; NDC Equate: 49035-876-47","N/A","CGMP Deviation; Possible contamination with impurity N-nitrosodimethylamine.","10/23/2019","03/13/2020","11/06/2020","03/25/2020","Lots: 8CE1644,   8CE1645,   8DE1401,   8DE1402,   8DE1403,   8DE1769,   8DE1773,   8EE1561,   8EE1562,   8FE1453,   8FE1454,   8GE1342,   8HE1224,   8KE2248,   8KE2833,   8JE1918,   8KE2247,   8ME2727,   8ME2729,   9DE2750,   9AE2836,   9AE2837,   9CE3403,   9CE3404,   9DE2749,   9EE2638,   9FE2977,   9GE2796,   9GE3229"
"Drugs","No","","84127","Terminated","Perrigo Company PLC","515 Eastern Ave","N/A","Allegan","MI","	49010-9070","United States","Voluntary: Firm initiated","Press Release","Nationwide USA","D-1016-2020","Class II","Regular Strength Acid Reducer, Ranitidine tablets, USP 75 mg, 160 tablets per bottle. [NDC: Brand] NDC CVS Health.: 69842-293-06","N/A","CGMP Deviation; Possible contamination with impurity N-nitrosodimethylamine.","10/23/2019","03/13/2020","11/06/2020","03/25/2020","Lots:  8FE1455,   8GE1343,   8HE1225,   8KE2834,   8KE2249,   8ME2730,   9AE2838,   9EE2639,   9FE2993"
"Drugs","No","","84833","Terminated","Pfizer Inc.","235 E 42nd St","N/A","New York","NY","	10017-5703","United States","Voluntary: Firm initiated","Letter","Nationwide in the U.S. and Puerto Rico","D-0835-2020","Class II","Fentanyl Citrate Inj., USP 100 mcg Fentanyl/2 mL (50 mcg/mL), 2 mL Single-dose Vial, Each Tray contains 25 Vials, Intravenous or Intramuscular Use, Rx only, Distributed by Hospira, Inc. Lake Forest, IL 60045, NDC 00409-9094-12 (vial), 00409-9094-22 (tray).","38,676 trays","Defective Container: confirmed customer reports for vials with loose metal overseal crimp defects, which may result in lack of assurance of sterility.","02/03/2020","02/10/2020","09/29/2022","02/19/2020","Lot #s: 08133DK (tray) 08-133-DK (vial); 08134DK (tray) 08-134-DK (vial), Exp. 2/1/2021."
"Drugs","No","02/06/2020","84836","Terminated","UNICHEM PHARMACEUTICALS USA INC","1 Tower Center Blvd Ste 2200","N/A","East Brunswick","NJ","	08816-1145","United States","Voluntary: Firm initiated","Letter","Distributed Nationwide in the US","D-0829-2020","Class III","Clonidine Hydrochloride Tablets, USP 0.1mg, Rx Only, 100-count bottle, Manufactured by: Unichem Laboratories Ltd. Pilerne Ind. Estate, Pilerne Bardez, Goa 403 511 India. Manufactured for: Unichem Pharmaceuticals (USA), Inc. East Brunswick, NJ 08816.  NDC 29300-135-01","19161600 units","Failed Impurities/Degredation Specifications: This recall is initiated as a precautionary measure due to potential migration of Benzophenone at very low level into product from container label.","01/29/2020","02/06/2020","01/08/2021","02/12/2020","Lot Numbers: GCLL18108, GCLL18109, GCLL18110 - EXP 10/31/2020; GCLL19003 EXP 12/31/2020"
"Drugs","No","","84848","Terminated","Zydus Pharmaceuticals USA Inc","73 Route 31 N","N/A","Pennington","NJ","	08534-3601","United States","Voluntary: Firm initiated","Letter","Nationwide in the U.S.","D-0834-2020","Class II","Ethacrynate Sodium for Injection, USP, 50mg/vial, Single Dose Vial, Rx Only, Manufactured by: Cadila Healthcare Limited, Ahmedabad, India, Distributed by: Zydus Pharmaceuticals (USA) Inc., Pennington, NJ 08534, NDC 68382-246-01.","2207 Vials","cGMP Deviations","01/31/2020","02/10/2020","10/26/2021","02/19/2020","Lot #s: M804062, Exp. 01/2020; M804063, M804064, Exp. 02/2020"
"Drugs","No","02/27/2020","84857","Terminated","Contract Pharmacal Corporation","135 Adams Ave","N/A","Hauppauge","NY","	11788-3633","United States","Voluntary: Firm initiated","Letter","Nationwide within the United States","D-0857-2020","Class II","Leader Extra Strength Acetaminophen Tablets, 500 mg Pain Reliever/Fever Reducer,100-count bottles,Distributed by Cardinal Health, Dublin OHIO 43017 NDC 7000-0036-1, UPC 0 96295 13807 8","5472 bottles","Presence of Foreign Tablets/Capsules: Complaint involving one Women's Prenatal dietary supplement tablet commingled in a bottle of Extra Strength Acetaminophen 500 mg contents 1000 count bottle.","02/03/2020","02/27/2020","04/22/2024","02/19/2020","Lot #: 193005, Exp. Date 08/21"
"Drugs","No","02/27/2020","84857","Terminated","Contract Pharmacal Corporation","135 Adams Ave","N/A","Hauppauge","NY","	11788-3633","United States","Voluntary: Firm initiated","Letter","Nationwide within the United States","D-0858-2020","Class II","Major Extra Strength Acetaminophen Tablets, 500 mg Pain Reliever/Fever Reducer, packaged in a) 100-count bottles (NDC 0904-6730-60; UPC 3 09046 73060 6) and b) 1000-count bottles (NDC 0904-6730-80; UPC 3 09046 73080 4) Distributed by Major Pharmaceuticals 17177 N. Laurel Park Drive, Suite 233 Livonia, MI 45162 USA","a) 1176 bottles b) 6,216 bottles","Presence of Foreign Tablets/Capsules: Complaint involving one Women's Prenatal dietary supplement tablet commingled in a bottle of Extra Strength Acetaminophen 500 mg contents 1000 count bottle.","02/03/2020","02/27/2020","04/22/2024","02/19/2020","Lot #: 193005, Exp. Date 08/21"
"Drugs","No","","84860","Terminated","Pfizer Inc.","235 E 42nd St","N/A","New York","NY","	10017-5703","United States","Voluntary: Firm initiated","Letter","Nationwide in the USA.","D-0841-2020","Class II","Caduet (amlodipine besylate/atorvastatin calcium) Tablets, 10 mg/20 mg*, 30-count bottle, Rx only, Distributed by: Pfizer Labs, Division of Pfizer Inc. NY, NY 10017, Made in Germany, NDC 0069-2180-30.        ","141 bottles","Defective Container: products potentially could have been packaged in defective bottles, with a notched rim, that could cause inadequate foil sealing resulting in lack of moisture protection.","02/05/2020","02/13/2020","03/08/2021","02/19/2020","Lot #: CY0937, Exp 12/2021"
"Drugs","No","","84860","Terminated","Pfizer Inc.","235 E 42nd St","N/A","New York","NY","	10017-5703","United States","Voluntary: Firm initiated","Letter","Nationwide in the USA.","D-0842-2020","Class II","Caduet (amlodipine besylate/atorvastatin calcium) Tablets, 10 mg/10 mg*, 30-count bottle, Rx only, Distributed by: Pfizer Labs, Division of Pfizer Inc. NY, NY 10017, Made in Germany, NDC 0069-2160-30.","128 bottles","Defective Container: products potentially could have been packaged in defective bottles, with a notched rim, that could cause inadequate foil sealing resulting in lack of moisture protection.","02/05/2020","02/13/2020","03/08/2021","02/19/2020","Lot #: CY0963, Exp 07/2022"
"Drugs","No","02/14/2020","84864","Terminated","Efficient Laboratories, Inc.","7715 NW 64th St","N/A","Miami","FL","	33166-2719","United States","Voluntary: Firm initiated","Press Release","Distributed Nationwide in the USA","D-0845-2020","Class II","Rompe Pecho CF Cold & Flu with Honey, 6 FL. Oz (178 mL) bottle, Distributed by: Efficient Laboratories, Inc. Miami, FL 33166.UPC 0 00856 33106 8","5249 6 Fl Oz bottles","Microbial Contamination of Non-Sterile Products","01/31/2020","02/14/2020","10/22/2020","02/19/2020","Lot: 19H359 Exp. August 2022"
"Drugs","No","02/14/2020","84864","Terminated","Efficient Laboratories, Inc.","7715 NW 64th St","N/A","Miami","FL","	33166-2719","United States","Voluntary: Firm initiated","Press Release","Distributed Nationwide in the USA","D-0846-2020","Class II","Rompe Pecho EX Expectorant,  6 FL. Oz (178 mL) bottle, Distributed by: Efficient Laboratories, Inc. Miami, FL 33166. UPC 0 00856 30106 1","5387 6 Fl Oz bottles","Microbial Contamination of Non-Sterile Products","01/31/2020","02/14/2020","10/22/2020","02/19/2020","Lot: 19F332 Exp. June 2022"
"Drugs","No","02/14/2020","84864","Terminated","Efficient Laboratories, Inc.","7715 NW 64th St","N/A","Miami","FL","	33166-2719","United States","Voluntary: Firm initiated","Press Release","Distributed Nationwide in the USA","D-0847-2020","Class II","New! Rompe Pecho MAX Multi Symptoms, 8 FL. Oz (237 mL) bottle, Distributed by: Efficient Laboratories, Inc. Miami, FL 33166. UPC 0 00856 00309 5","4080 8 FL Oz bottles","Microbial Contamination of Non-Sterile Products","01/31/2020","02/14/2020","10/22/2020","02/19/2020","Lot: 19B42 Exp. February 2022"
"Drugs","No","","84820","Terminated","PD-Rx Pharmaceuticals, Inc.","727 N Ann Arbor Ave","N/A","Oklahoma City","OK","	73127-5822","United States","Voluntary: Firm initiated","Letter","AZ, CA, FL, IL, IN, KY, ME, MS, OK, OR, PA, TN","D-0826-2020","Class II","ranitidine hydrochloride, USP ,150 mg tablets   a) 14-count bottles ( NDC 43063-844-14); b) 30-count bottles (NDC 43063-844-30); c) 60 -count bottles( NDC 43063-844-60); d) 90-count bottles (NDC 43063-844-90); e) 100-count bottles ( NDC 43063-844-01), Rx Only, Distributed by: PD-Rx Pharmaceuticals Incorporated Oklahoma City, OK 73127","N/A","CGMP Deviations: Received notice from supplier of potential -Nitrosodimethylamine (NDMA) amounts above established levels.","01/10/2020","02/04/2020","03/23/2021","02/12/2020","a) H19E83 Exp. 11/30/2020, E19A82 Exp. 05/31/2020; b) H19B20 Exp. 11/30/2020, G19D77 Exp. 05/31/2020, C19D84 Exp. 05/31/2020, D19A77 Exp. 05/31/2020, D19E40 Exp. 05/31/2020; c) I19C45 Exp. 11/30/2020, E19E42 Exp. 11/30/2020, G19B41 Exp. 11/30/2020, H19C77 Exp. 11/30/2020, E19A34 Exp. 05/31/2020; d) H19B61 Exp. 11/30/2020, H19C82 Exp. 11/30/2020, C19A18 Exp. 05/31/2020, C19B13 Exp. 05/31/2020, D19B77 Exp. 05/31/2020, E19B76 Exp. 05/31/2020; e) I19B41 Exp. 11/30/2020, D19D51 Exp. 05/31/2020, F19C33 Exp. 05/31/2020"
"Drugs","No","","84127","Terminated","Perrigo Company PLC","515 Eastern Ave","N/A","Allegan","MI","	49010-9070","United States","Voluntary: Firm initiated","Press Release","Nationwide USA","D-1017-2020","Class II","Maximum Strength Acid Reducer, Ranitidine tablets, USP 150 mg, 8 tablets. [NDC: Brand] NDC Good Sense:0113-0852-51; NDC Walgreens 0363-0852-51","N/A","CGMP Deviation; Possible contamination with impurity N-nitrosodimethylamine.","10/23/2019","03/13/2020","11/06/2020","03/25/2020","Lots:  8CE1429,   8CE1760,   9BE2907,   9DE3183,   9EE2900,   9JE2936"
"Drugs","No","02/21/2020","84898","Terminated","American Health Packaging","2550 John Glenn Ave Ste A","N/A","Columbus","OH","	43217-1188","United States","Voluntary: Firm initiated","Letter","Nationwide within the United States","D-0854-2020","Class II","Raloxifene Hydrochloride Tablets, USP, 60 mg, 30 Tablets (3 x 10 blister cards), Rx Only, Packaged and Distributed by: American Health Packaging, Columbus, Ohio 43217.  NDC carton: 60687-266-21; NDC Unit Dose: 60687-266-11","973 cartons","Failed Dissolution Specifications: Low out of specification results obtained during stability testing.","12/04/2019","02/21/2020","08/04/2022","02/19/2020","Lot #:180276A, Exp date 02/29/2020"
"Drugs","No","02/19/2020","84910","Terminated","AuroMedics Pharma LLC","279 Princeton Hightstown Rd","N/A","East Windsor","NJ","	08520-1401","United States","Voluntary: Firm initiated","Letter","Nationwide within the United States","D-0852-2020","Class II","Amoxicillin and Clavulanate Potassium Tablets, USP, 875 mg/125 mg, 20-count bottles, Distributed by: Aurobindo Pharma USA. Inc. 279 Princeton-Hightstown Road East Windsor, NJ 08520 Made in India; NDC 65862-503-20","30432 bottles","Presence of Foreign Substance: Customer complaint of a foreign substance identified as nylon cable tie","02/07/2020","02/19/2020","11/17/2022","02/19/2020","Lot #: SM8719040-A, Exp. Date 02/2021"
"Drugs","No","","84912","Terminated","Par Pharmaceutical Inc.","1 Ram Ridge Rd","N/A","Chestnut Ridge","NY","	10977-6714","United States","Voluntary: Firm initiated","Letter","Nationwide in the USA","D-0843-2020","Class III","Frovatriptan Succinate Tablets, 2.5mg, packaged in 1 blister card of 9 tablets per carton, Rx Only, Manufactured by: Almac Pharma Services Limited, Craigavon, BT63 5UA, UK; Manufactured for: Par Pharmaceutical, Chestnut Ridge, NY  10977, NDC 0603-3718-34.","9,936 cartons","Labeling: Incorrect or Missing Lot and/or Exp Date: Product incorrectly labeled with an expiration date of August 2022 rather than the correct expiration date of April 2022.","02/10/2020","02/13/2020","11/17/2020","02/19/2020","Lot Number: 9698818; labeled expiration AUG 2022; actual expiration APR 2022"
"Drugs","No","","84913","Terminated","Akorn Inc","1925 W Field Ct Ste 300","N/A","Lake Forest","IL","	60045-4862","United States","Voluntary: Firm initiated","Letter","Nationwide in the USA and Puerto Rico","D-0839-2020","Class II","Hydrocortisone and Acetic Acid Otic Solution, USP, 10 mL dropper bottle, Rx only, HI-TECH PHARMACAL CO., INC., Amityville, NY 11701; NDC 50383-901-10.","16,078 bottles","Subpotent Drug: Low Out of specification (OOS) assay results for the hydrocortisone portion of this product.","12/16/2019","02/11/2020","07/29/2022","02/19/2020","Lot #: 364667, Exp 12/20/2019"
"Drugs","No","","84927","Terminated","AuroMedics Pharma LLC","279 Princeton Hightstown Rd","N/A","East Windsor","NJ","	08520-1401","United States","Voluntary: Firm initiated","Letter","Ohio, Louisiana, Mississippi","D-0853-2020","Class III","Glycopyrrolate Injection, USP 4 mg per 20 mL (0.2 mg/mL), 20 mL Multiple Dose Vial, Rx Only, For Intramuscular or Intravenous Use, Not for Use in Newborns, Contains Benzyl Alcohol, Distributed by: AuroMedics Pharma LLC, 279 Princeton-Hightstown Rd., E. Windsor, NJ, 08520, Made in India, NDC 55150-295-20.","4600 Vials","Failed Impurities/Degradation Specifications: elevated levels of Benzaldehyde impurity was found in investigative samples (retain samples).","02/07/2020","02/20/2020","03/08/2023","02/26/2020","Lot #CGP190001-A, Exp. 07/31/2020"
"Drugs","No","03/07/2020","84931","Terminated","GSK Consumer Health, Inc","10401 Hwy 6","N/A","Lincoln","NE","	68517-9626","United States","Voluntary: Firm initiated","Letter","Distributed Nationwide in the USA","D-0996-2020","Class II","Theraflu Cough Relief, Dextromethorphan HBr and Guaifensin, 6 packets per carton. Distributed by: GSK Consumer Healthcare, Warren, NJ 07059. NDC carton: 0067-6089-01, NDC packet: 0067-6089-03","431,614 cartons","Labeling: Label Lacks Warning: Product recalled due to absence of a warning statement on the product label,  Ask a doctor before use if you have a sodium-restricted diet.","12/23/2019","03/07/2020","03/09/2023","02/19/2020","Lot: K79A, K79B, K79C, exp 3/31/2021; XB2W, Y23L, Y23V, exp 5/31/2021; 19N1793000, 19N1895942, 19N1952247, 19N1884668, 19N1936498, 19N1936583, exp 3/31/2021; 19N1920630, 19N1958240, exp 4/30/2021;  19N1957675, M926001MA, M926002MA, M926003MA, M926004MA,  M926005MA, M926006MA, M926007MA, M926008MA, M926009MA, M926201MA, M926202MA, exp 5/31/2021; M926201MB, M926202MB, M926203MB, M926204MB, M926205MB, M926206MB, M926207MB, M926208MB, M926209MB, exp 2/28/2021"
"Drugs","No","","84938","Terminated","AAA Pharmaceutical, Inc.","681 Main St","N/A","Lumberton","NJ","	08048-5013","United States","Voluntary: Firm initiated","Letter","Ohio","D-0868-2020","Class III","Discount Drug Mart, Allergy Relief, Fexofenadine Hydrochloride Tablets, 180 mg /Antihistamine, Indoor/Outdoor Allergies, 24 Hour, a) 30 tablets per bottle, NDC 53943-192-04, UPC Code 0-93351-03069-7; b) 45 tablets per bottle, NDC 53943-192-06, UPC Code 0-93351-03070-3, Distributed by: Drug Mart -Food Fair, 211 Commerce Drive, Medina, OH 44256.","3456 Bottles","Labeling: Incorrect or Missing Lot and/or Expiration date.","02/14/2020","03/04/2020","05/05/2023","03/11/2020","Lot #s: a) P138855, Exp. 05/30/2022; b) P138856, Exp. 05/30/2022"
"Drugs","No","02/24/2020","84948","Terminated","Lupin Pharmaceuticals Inc.","Harborplace Tower","111 S Calvert St Fl 21st","Baltimore","MD","	21202-6174","United States","Voluntary: Firm initiated","Letter","Nationwide within the United States.","D-0855-2020","Class II","Memantine Hydrochloride Extended Release Capsules, 21 mg, 30-count bottles, Rx Only, Manufactured for: Lupin Pharmaceuticals, Inc. Baltimore, Maryland 21202 United States. Manufactured by: Lupin Limited Pithampur (M.P.)-454 775, INDIA, NDC 68180-248-06","6,294 bottles","Failed Dissolution Specifications: Low out of specification results observed in dissolution test at six-month long-term stability study.","02/12/2020","02/24/2020","06/03/2021","02/19/2020","Lot #: H900330, exp. date 11/2020."
"Drugs","No","","84955","Terminated","The Harvard Drug Group","17177 N Laurel Park Dr Ste 233","N/A","Livonia","MI","	48152-3951","United States","Voluntary: Firm initiated","Letter","U.S.A. Nationwide","D-0844-2020","Class III","Memantine Hydrochloride Extended-release Capsules, 28mg, packaged in 100-count Unit Dose Cartons , Rx only, Manufactured for:  Lupin Pharmaceuticals, Inc., Baltimore, Maryland 21202 United States; Distributed by:  Major Pharmaceuticals, 17177 N Laurel Park Dr., Suite 233, Livonia, MI 48152 USA, NDC 0904-6735-61","246 Cartons","Failed Dissolution Specifications: High out of specification result observed at stability studies.","12/13/2019","02/14/2020","11/04/2020","02/26/2020","Lot# M02465D"
"Drugs","No","","84968","Terminated","Strides Pharma Science Limited","Krs Gardens, No.36/7 Suragajakkanahalli","Indlawadi Cross, Anekal Taluk","Bangalore","N/A","	N/A","India","Voluntary: Firm initiated","Letter","U.S.A. Nationwide","D-1029-2020","Class III","Potassium Chloride Extended-Release Tablets USP, 10mEq  (750mg), 1000-count bottle, Rx only, Manufactured by: Strides Shasun Limited Bengaluru - 562106, India, Distributed by: Strides Pharma Inc., East Brunswick, NJ 08816, NDC 64380-861-08","2576 bottles","Failed Tablet/Capsules Specifications: Oversized tablets were found in one lot of Potassium Chloride Tablets 750 mg.","02/17/2020","03/13/2020","02/16/2021","03/25/2020","Lot #: 7238958A, 7238257A, Exp  7/31/2021; 7239404A, Exp 9/30/2021"
"Drugs","No","","84978","Terminated","Fusion IV Pharmaceuticals, Inc. dba Axia Pharmaceutical","1990 Westwood Blvd Ste 135","N/A","Los Angeles","CA","	90025-4650","United States","Voluntary: Firm initiated","Press Release","U.S.A. Nationwide and Puerto Rico, Barbados and Dominican Republic","D-0932-2020","Class II","Alprostadil/Papaverine Hydrochloride/Phentolamine Mesylate/Atropine Sulfate Injection, 18 mcg/1.8mg/0.2mg/0.02mg/mL, For Intracavernosal Use, Freeze, 2.5 mL Multi-dose Vial, Rx only, Axia Pharmaceutical 1990 Westwood Blvd. Ste 135, Los Angeles, CA 90025; NDC 71283-0547-2","N/A","Lack of Assurance of Sterility","01/15/2020","03/05/2020","12/07/2023","03/11/2020","Lot #: 12042019+533247, Exp 1/17/2020"
"Drugs","No","","84978","Terminated","Fusion IV Pharmaceuticals, Inc. dba Axia Pharmaceutical","1990 Westwood Blvd Ste 135","N/A","Los Angeles","CA","	90025-4650","United States","Voluntary: Firm initiated","Press Release","U.S.A. Nationwide and Puerto Rico, Barbados and Dominican Republic","D-0933-2020","Class II","Alprostadil/Papaverine Hydrochloride/Phentolamine Mesylate/Atropine Sulfate Injection, 40 mcg/25 mg/0.5mg/0.01mg/ml, For Intracavernosal Use, Freeze, 2.5 mL Multi-dose Vial, Rx only, Axia Pharmaceutical 1990 Westwood Blvd. Ste 135, Los Angeles, CA 90025; NDC 71283-0549-2","N/A","Lack of Assurance of Sterility","01/15/2020","03/05/2020","12/07/2023","03/11/2020","Lot #: 12042019+533225, Exp 1/17/2020"
"Drugs","No","","84978","Terminated","Fusion IV Pharmaceuticals, Inc. dba Axia Pharmaceutical","1990 Westwood Blvd Ste 135","N/A","Los Angeles","CA","	90025-4650","United States","Voluntary: Firm initiated","Press Release","U.S.A. Nationwide and Puerto Rico, Barbados and Dominican Republic","D-0934-2020","Class II","Alprostadil/Papaverine Hydrochloride/Phentolamine Mesylate/Atropine Sulfate Injection, 60 mcg/30 mg/2 mg/0.15mg/ml, For Intracavernosal Use, Freeze, 2.5 mL Multi-dose Vial, Rx only, Axia Pharmaceutical 1990 Westwood Blvd. Ste 135, Los Angeles, CA 90025; NDC 71283-0550-2","N/A","Lack of Assurance of Sterility","01/15/2020","03/05/2020","12/07/2023","03/11/2020","Lot #: 12042019+53323, Exp 1/17/2020"
"Drugs","No","","84978","Terminated","Fusion IV Pharmaceuticals, Inc. dba Axia Pharmaceutical","1990 Westwood Blvd Ste 135","N/A","Los Angeles","CA","	90025-4650","United States","Voluntary: Firm initiated","Press Release","U.S.A. Nationwide and Puerto Rico, Barbados and Dominican Republic","D-0935-2020","Class II","Alprostadil (prostaglandin E1)150 MCG/ML Injectable, For Intracavernosal Use, Freeze, 2.5 mL Multi-dose Vial, Rx only, Axia Pharmaceutical 1990 Westwood Blvd. Ste 135, Los Angeles, CA 90025; NDC 71283-0538-2","N/A","Lack of Assurance of Sterility","01/15/2020","03/05/2020","12/07/2023","03/11/2020","Lot #: 12042019+53331, Exp 1/17/2020"
"Drugs","No","","84978","Terminated","Fusion IV Pharmaceuticals, Inc. dba Axia Pharmaceutical","1990 Westwood Blvd Ste 135","N/A","Los Angeles","CA","	90025-4650","United States","Voluntary: Firm initiated","Press Release","U.S.A. Nationwide and Puerto Rico, Barbados and Dominican Republic","D-0936-2020","Class II","Alprostadil (prostaglandin E1) 80 MCG/ML Injectable, For Intracavernosal Use, Freeze, 2.5 mL Multi-dose Vial, Rx only, Axia Pharmaceutical 1990 Westwood Blvd. Ste 135, Los Angeles, CA 90025; NDC 71283-0543-2","N/A","Lack of Assurance of Sterility","01/15/2020","03/05/2020","12/07/2023","03/11/2020","Lot #: 11112019+53208, Exp 4/29/2020"
"Drugs","No","","84978","Terminated","Fusion IV Pharmaceuticals, Inc. dba Axia Pharmaceutical","1990 Westwood Blvd Ste 135","N/A","Los Angeles","CA","	90025-4650","United States","Voluntary: Firm initiated","Press Release","U.S.A. Nationwide and Puerto Rico, Barbados and Dominican Republic","D-0937-2020","Class II","Alprostadil/Papaverine Hydrochloride/Phentolamine Mesylate Injection  20MCG/30MG/1MG/ML Injectable, For Intracavernosal Use, Freeze, 2.5 mL Multi-dose Vial, Rx only, Axia Pharmaceutical 1990 Westwood Blvd. Ste 135, Los Angeles, CA 90025; NDC 71283-0545-2","N/A","Lack of Assurance of Sterility","01/15/2020","03/05/2020","12/07/2023","03/11/2020","Lot #: 11112019+53210, Exp 4/4/2020"
"Drugs","No","","84978","Terminated","Fusion IV Pharmaceuticals, Inc. dba Axia Pharmaceutical","1990 Westwood Blvd Ste 135","N/A","Los Angeles","CA","	90025-4650","United States","Voluntary: Firm initiated","Press Release","U.S.A. Nationwide and Puerto Rico, Barbados and Dominican Republic","D-0938-2020","Class II","Alprostadil/Papaverine Hydrochloride/Phentolamine Mesylate Injection  40MCG/30MG/2MG/ML Injectable, For Intracavernosal Use, Freeze, 2.5 mL Multi-dose Vial, Rx only, Axia Pharmaceutical 1990 Westwood Blvd. Ste 135, Los Angeles, CA 90025; NDC 71283-0546-2","N/A","Lack of Assurance of Sterility","01/15/2020","03/05/2020","12/07/2023","03/11/2020","Lot #: 11112019+53214, Exp 3/5/2020"
"Drugs","No","","84978","Terminated","Fusion IV Pharmaceuticals, Inc. dba Axia Pharmaceutical","1990 Westwood Blvd Ste 135","N/A","Los Angeles","CA","	90025-4650","United States","Voluntary: Firm initiated","Press Release","U.S.A. Nationwide and Puerto Rico, Barbados and Dominican Republic","D-0939-2020","Class II","AscorbiX (Buffered C) Injection, Ascorbix (30ML) 500MG/ML Injectable, For IV, IM, SC Use, Refrigerate, 30 mL Multi-dose Vial, Rx only, Axia Pharmaceutical 1990 Westwood Blvd. Ste 135, Los Angeles, CA 90025; NDC 71283-0226-3","N/A","Lack of Assurance of Sterility","01/15/2020","03/05/2020","12/07/2023","03/11/2020","Lot #: 07112019+52635, Exp 1/17/2020; 09092019+52890, Exp 3/17/2020"
"Drugs","No","","84978","Terminated","Fusion IV Pharmaceuticals, Inc. dba Axia Pharmaceutical","1990 Westwood Blvd Ste 135","N/A","Los Angeles","CA","	90025-4650","United States","Voluntary: Firm initiated","Press Release","U.S.A. Nationwide and Puerto Rico, Barbados and Dominican Republic","D-0940-2020","Class II","AscorbiX (Buffered C) Injection, Ascorbix (50ML) 500MG/ML Injectable, For IV, IM, SC Use, Refrigerate, 30 mL Multi-dose Vial, Rx only, Axia Pharmaceutical 1990 Westwood Blvd. Ste 135, Los Angeles, CA 90025; NDC 71283-0226-5","N/A","Lack of Assurance of Sterility","01/15/2020","03/05/2020","12/07/2023","03/11/2020","Lot #: 08222019+52828, Exp 2/28/2020; 09092019+52889, Exp 3/17/2020; 09182019+52924, Exp 3/26/2020; 09262019+52971, Exp 4/3/2020; 10142019+53108, Exp 4/21/2020; 10212019+53136, Exp 4/28/2020; 10302019+53164, Exp 5/7/2020; 11252019+53278, Exp 6/2/2020; 11262019+53284, Exp 6/3/2020"
"Drugs","No","","84978","Terminated","Fusion IV Pharmaceuticals, Inc. dba Axia Pharmaceutical","1990 Westwood Blvd Ste 135","N/A","Los Angeles","CA","	90025-4650","United States","Voluntary: Firm initiated","Press Release","U.S.A. Nationwide and Puerto Rico, Barbados and Dominican Republic","D-0941-2020","Class II","B-COMPLEX 110  INJECTABLE, For IV, IM, SC Use, Refrigerate, 30 mL Multi-dose Vial, Rx only, Axia Pharmaceutical 1990 Westwood Blvd. Ste 135, Los Angeles, CA 90025; NDC 71283-0212-3","N/A","Lack of Assurance of Sterility","01/15/2020","03/05/2020","12/07/2023","03/11/2020","Lot #: 07022019+52584, 07022019+52579, Exp 3/29/2020; 08012019+52780, 08012019+52782, Exp 4/28/2020; 11262019+53288, Exp 8/23/2020"
"Drugs","No","","84978","Terminated","Fusion IV Pharmaceuticals, Inc. dba Axia Pharmaceutical","1990 Westwood Blvd Ste 135","N/A","Los Angeles","CA","	90025-4650","United States","Voluntary: Firm initiated","Press Release","U.S.A. Nationwide and Puerto Rico, Barbados and Dominican Republic","D-0942-2020","Class II","BETAMETHASONE ACETATE/BETAMETHASONE (PF) Injectable Suspension, Betamethasone Acetate/Betamethasone (PF) CMC [2ML] 6MG/ML INJ SUSP, For IM, IA, IT Use, Shake Well. Preservative Free. Discard Unused Portion, 2 mL Single-use Vial, Rx only, Axia Pharmaceutical 1990 Westwood Blvd. Ste 135, Los Angeles, CA 90025; NDC 71283-0620-2","N/A","Lack of Assurance of Sterility","01/15/2020","03/05/2020","12/07/2023","03/11/2020","Lot #: 10022019+53004, Exp 2/28/2020; 11252019+53282, Exp 6/12/2020"
"Drugs","No","","84978","Terminated","Fusion IV Pharmaceuticals, Inc. dba Axia Pharmaceutical","1990 Westwood Blvd Ste 135","N/A","Los Angeles","CA","	90025-4650","United States","Voluntary: Firm initiated","Press Release","U.S.A. Nationwide and Puerto Rico, Barbados and Dominican Republic","D-0943-2020","Class II","BETAMETHASONE ACETATE/BETAMETHASONE (PF) Injectable Suspension, Betamethasone Acetate/Betamethasone (PF) CMC [10ML] 7MG/ML INJ SUSP, For IM, IA Use, Shake Well, 10 mL Multi-dose Vial, Rx only, Axia Pharmaceutical 1990 Westwood Blvd. Ste 135, Los Angeles, CA 90025; NDC 71283-0621-1","N/A","Lack of Assurance of Sterility","01/15/2020","03/05/2020","12/07/2023","03/11/2020","Lot #: 07092019+52610, Exp 2/6/2020; 07232019+52734, Exp 2/19/2020; 08282019+52853, 09042019+52878, 09102019+52903, Exp 3/2/2020; 09182019+52929, Exp 4/17/2020; 10092019+53082, Exp 2/28/2020, 10152019+53124; Exp 5/4/2020; 10222019+53142, Exp 2/28/2020; 10292019+53160, 11052019+53186, Exp 5/4/2020; 11202019+53257, Exp 6/19/2020; 11212019+53270, Exp 6/20/2020; 12042019+53317, Exp 7/3/2020; 12102019+53363, Exp 7/9/2020"
"Drugs","No","","84978","Terminated","Fusion IV Pharmaceuticals, Inc. dba Axia Pharmaceutical","1990 Westwood Blvd Ste 135","N/A","Los Angeles","CA","	90025-4650","United States","Voluntary: Firm initiated","Press Release","U.S.A. Nationwide and Puerto Rico, Barbados and Dominican Republic","D-0944-2020","Class II","BETAMETHASONE ACETATE/BETAMETHASONE (PF) Injectable Suspension, Betamethasone Acetate/Betamethasone (PF) CMC [5ML] 7MG/ML INJ SUSP, For IM, IA Use, Shake Well. 10 mL Multi-dose Vial, Rx only, Axia Pharmaceutical 1990 Westwood Blvd. Ste 135, Los Angeles, CA 90025; NDC 71283-0621-5","N/A","Lack of Assurance of Sterility","01/15/2020","03/05/2020","12/07/2023","03/11/2020","Lot #: 07232019+52738, Exp 2/20/2020"
"Drugs","No","","84978","Terminated","Fusion IV Pharmaceuticals, Inc. dba Axia Pharmaceutical","1990 Westwood Blvd Ste 135","N/A","Los Angeles","CA","	90025-4650","United States","Voluntary: Firm initiated","Press Release","U.S.A. Nationwide and Puerto Rico, Barbados and Dominican Republic","D-0945-2020","Class II","Biotin (Vitamin H) Injectable Suspension, BIOTIN 10 MG/ML INJ SUSP, For IM Use, Refrigerate, Shake Well, 30 mL Multi-dose Vial, Rx only, Axia Pharmaceutical 1990 Westwood Blvd. Ste 135, Los Angeles, CA 90025; NDC 71283-0220-3","N/A","Lack of Assurance of Sterility","01/15/2020","03/05/2020","12/07/2023","03/11/2020","Lot #: 11132019+53229, Exp 2/10/2020"
"Drugs","No","","84978","Terminated","Fusion IV Pharmaceuticals, Inc. dba Axia Pharmaceutical","1990 Westwood Blvd Ste 135","N/A","Los Angeles","CA","	90025-4650","United States","Voluntary: Firm initiated","Press Release","U.S.A. Nationwide and Puerto Rico, Barbados and Dominican Republic","D-0946-2020","Class II","Calcium Chloride Injection, For IM Use, Refrigerate, Shake Well, 30 mL Multi-dose Vial, Rx only, Axia Pharmaceutical 1990 Westwood Blvd. Ste 135, Los Angeles, CA 90025; NDC 71283-0225-3","N/A","Lack of Assurance of Sterility","01/15/2020","03/05/2020","12/07/2023","03/11/2020","Lot #: 10302019+53166, Exp 2/15/2020"
"Drugs","No","","84978","Terminated","Fusion IV Pharmaceuticals, Inc. dba Axia Pharmaceutical","1990 Westwood Blvd Ste 135","N/A","Los Angeles","CA","	90025-4650","United States","Voluntary: Firm initiated","Press Release","U.S.A. Nationwide and Puerto Rico, Barbados and Dominican Republic","D-0947-2020","Class II","Coenzyme Q10 Injection,COENZYME Q-10 20MG/ML OIL INJ SOLN, For IM Use, 10 mL Multi-dose Vial, Rx only, Axia Pharmaceutical 1990 Westwood Blvd. Ste 135, Los Angeles, CA 90025; NDC 71283-0411-1","N/A","Lack of Assurance of Sterility","01/15/2020","03/05/2020","12/07/2023","03/11/2020","Lot #: 06032019+52353, Exp 7/29/2020; 07082019+52596, Exp 9/2/2020; 10012019+52986, Exp 8/12/2020; 12122019+53374, Exp 1/25/2021"
"Drugs","No","","84978","Terminated","Fusion IV Pharmaceuticals, Inc. dba Axia Pharmaceutical","1990 Westwood Blvd Ste 135","N/A","Los Angeles","CA","	90025-4650","United States","Voluntary: Firm initiated","Press Release","U.S.A. Nationwide and Puerto Rico, Barbados and Dominican Republic","D-0948-2020","Class II","Cyanocobalamin Injection, CYANOCOBALAMIN   2000 MCG/ML INJECTABLE, For IV, IM, SC Use, 30 mL Multi-dose Vial, Rx only, Axia Pharmaceutical 1990 Westwood Blvd. Ste 135, Los Angeles, CA 90025; NDC 71283-0330-3","N/A","Lack of Assurance of Sterility","01/15/2020","03/05/2020","12/07/2023","03/11/2020","Lot #:07172019+52695, 07172019+52697, 07252019+52759, Exp 1/25/2020"
"Drugs","No","","84978","Terminated","Fusion IV Pharmaceuticals, Inc. dba Axia Pharmaceutical","1990 Westwood Blvd Ste 135","N/A","Los Angeles","CA","	90025-4650","United States","Voluntary: Firm initiated","Press Release","U.S.A. Nationwide and Puerto Rico, Barbados and Dominican Republic","D-0949-2020","Class II","Cyanocobalamin/Folinic Acid Injection, CYANOCOBALAMIN : FOLINIC ACID 2000 MCG/ML: 500MCG/ML INJECTABLE, For IV, IM, SC Use, 30 mL Multi-dose Vial, Rx only, Axia Pharmaceutical 1990 Westwood Blvd. Ste 135, Los Angeles, CA 90025; NDC 71283-0333-3","N/A","Lack of Assurance of Sterility","01/15/2020","03/05/2020","12/07/2023","03/11/2020","Lot #: 09252019+52967, Exp 4/4/2020"
"Drugs","No","","84978","Terminated","Fusion IV Pharmaceuticals, Inc. dba Axia Pharmaceutical","1990 Westwood Blvd Ste 135","N/A","Los Angeles","CA","	90025-4650","United States","Voluntary: Firm initiated","Press Release","U.S.A. Nationwide and Puerto Rico, Barbados and Dominican Republic","D-0950-2020","Class II","Deoxycholic Acid Sodium Injection,DEOXYCHOLIC ACID SODIUM 1.67% INJECTABLE, For SC Use, 30 mL Multi-dose Vial, Rx only, Axia Pharmaceutical 1990 Westwood Blvd. Ste 135, Los Angeles, CA 90025; NDC 71283-0462-3","N/A","Lack of Assurance of Sterility","01/15/2020","03/05/2020","12/07/2023","03/11/2020","Lot #: 10082019+53080, Exp 6/30/2020; 11192019+53251, Exp  8/24/2020"
"Drugs","No","","84978","Terminated","Fusion IV Pharmaceuticals, Inc. dba Axia Pharmaceutical","1990 Westwood Blvd Ste 135","N/A","Los Angeles","CA","	90025-4650","United States","Voluntary: Firm initiated","Press Release","U.S.A. Nationwide and Puerto Rico, Barbados and Dominican Republic","D-0951-2020","Class II","Dexamethasone (LA) Injectable Suspension, DEXAMETHASONE LA [10ML] 16MG  INJ SUSP, For IM, IA Use, Shake Well, 10 mL Multi-dose Vial, Rx only, Axia Pharmaceutical 1990 Westwood Blvd. Ste 135, Los Angeles, CA 90025; NDC 71283-0630-1","N/A","Lack of Assurance of Sterility","01/15/2020","03/05/2020","12/07/2023","03/11/2020","Lot #: 10022019+53002, Exp 10/1/2020"
"Drugs","No","","84978","Terminated","Fusion IV Pharmaceuticals, Inc. dba Axia Pharmaceutical","1990 Westwood Blvd Ste 135","N/A","Los Angeles","CA","	90025-4650","United States","Voluntary: Firm initiated","Press Release","U.S.A. Nationwide and Puerto Rico, Barbados and Dominican Republic","D-0952-2020","Class II","Dexpanthenol Injection, DEXPANTHENOL 250 MG/ML INJECTABLE, For IV, IM Use, Shake Well, 30 mL Multi-dose Vial, Rx only, Axia Pharmaceutical 1990 Westwood Blvd. Ste 135, Los Angeles, CA 90025; NDC 71283-0214-3","N/A","Lack of Assurance of Sterility","01/15/2020","03/05/2020","12/07/2023","03/11/2020","Lot #: 07242019+52740, Exp 1/20/2020; 11202019+53259, Exp 5/18/2020"
"Drugs","No","","84978","Terminated","Fusion IV Pharmaceuticals, Inc. dba Axia Pharmaceutical","1990 Westwood Blvd Ste 135","N/A","Los Angeles","CA","	90025-4650","United States","Voluntary: Firm initiated","Press Release","U.S.A. Nationwide and Puerto Rico, Barbados and Dominican Republic","D-0953-2020","Class II","Glutathione Injection,GLUTATHIONE 200MG/ML INJECTABLE  For IV, IM Use, Refrigerate, 30 mL Multi-dose Vial, Rx only, Axia Pharmaceutical 1990 Westwood Blvd. Ste 135, Los Angeles, CA 90025; NDC 71283-1231-3","N/A","Lack of Assurance of Sterility","01/15/2020","03/05/2020","12/07/2023","03/11/2020","Lot #: 10212019+53138, Exp 11/19/2020; 10302019+53172, Exp 1/28/2020; 11122019+53225, Exp 2/10/2020"
"Drugs","No","","84978","Terminated","Fusion IV Pharmaceuticals, Inc. dba Axia Pharmaceutical","1990 Westwood Blvd Ste 135","N/A","Los Angeles","CA","	90025-4650","United States","Voluntary: Firm initiated","Press Release","U.S.A. Nationwide and Puerto Rico, Barbados and Dominican Republic","D-0954-2020","Class II","Glycerin (PF) Injection,GLYCERIN  99% INJECTABLE, For IV Use,10 mL Single-use Vial, Rx only, Axia Pharmaceutical 1990 Westwood Blvd. Ste 135, Los Angeles, CA 90025; NDC 71283-0464-1","N/A","Lack of Assurance of Sterility","01/15/2020","03/05/2020","12/07/2023","03/11/2020","Lot #: 08142019+52805, Exp 2/10/2020"
"Drugs","No","","84978","Terminated","Fusion IV Pharmaceuticals, Inc. dba Axia Pharmaceutical","1990 Westwood Blvd Ste 135","N/A","Los Angeles","CA","	90025-4650","United States","Voluntary: Firm initiated","Press Release","U.S.A. Nationwide and Puerto Rico, Barbados and Dominican Republic","D-0955-2020","Class II","Glycine Injection,GLYCINE USP  50MG/ML  INJECTABLE, For IV, IM Use,30 mL Multi-dose Vial, Rx only, Axia Pharmaceutical 1990 Westwood Blvd. Ste 135, Los Angeles, CA 90025; NDC 71283-0344-3","N/A","Lack of Assurance of Sterility","01/15/2020","03/05/2020","12/07/2023","03/11/2020","Lot #: 07012019+52572, Exp 4/6/2020; 10102019+53106, Exp 6/30/2020"
"Drugs","No","","84978","Terminated","Fusion IV Pharmaceuticals, Inc. dba Axia Pharmaceutical","1990 Westwood Blvd Ste 135","N/A","Los Angeles","CA","	90025-4650","United States","Voluntary: Firm initiated","Press Release","U.S.A. Nationwide and Puerto Rico, Barbados and Dominican Republic","D-0956-2020","Class II","Human Chorionic Gonadotropin (hCG) Injection, HCG [10ML] 1000 IU/ML INJECTABLE, For IM, SC Use, Refrigerate,10 mL Multi-dose Vial, Rx only, Axia Pharmaceutical 1990 Westwood Blvd. Ste 135, Los Angeles, CA 90025; NDC 71283-0533-1","N/A","Lack of Assurance of Sterility","01/15/2020","03/05/2020","12/07/2023","03/11/2020","Lot #: 07222019+52720, Exp 1/28/2020; 09182019+52923, Exp 3/26/2020; 10232019+53148, Exp 2/28/2020; 11142019+53243, Exp 5/22/2020"
"Drugs","No","","84978","Terminated","Fusion IV Pharmaceuticals, Inc. dba Axia Pharmaceutical","1990 Westwood Blvd Ste 135","N/A","Los Angeles","CA","	90025-4650","United States","Voluntary: Firm initiated","Press Release","U.S.A. Nationwide and Puerto Rico, Barbados and Dominican Republic","D-0957-2020","Class II","Hydroxocobalamin Injection, HYDROXOCOBALAMIN   5MG/ML INJECTABLE, For IV, IM Use, Refrigerate, 30 mL Multi-dose Vial, Rx only, Axia Pharmaceutical 1990 Westwood Blvd. Ste 135, Los Angeles, CA 90025; NDC 71283-0339-3","N/A","Lack of Assurance of Sterility","01/15/2020","03/05/2020","12/07/2023","03/11/2020","Lot #: 11042019+53179, Exp 2/18/2020"
"Drugs","No","","84978","Terminated","Fusion IV Pharmaceuticals, Inc. dba Axia Pharmaceutical","1990 Westwood Blvd Ste 135","N/A","Los Angeles","CA","	90025-4650","United States","Voluntary: Firm initiated","Press Release","U.S.A. Nationwide and Puerto Rico, Barbados and Dominican Republic","D-0958-2020","Class II","Hydroxyprogesterone Caproate Injection, HYDROXYPROGESTERONE CAPROATE [4ML] 250 MG/ML INJECTABLE, For IV, IM Use, Refrigerate, 4 mL Multi-dose Vial, Rx only, Axia Pharmaceutical 1990 Westwood Blvd. Ste 135, Los Angeles, CA 90025; NDC 71283-0532-5","N/A","Lack of Assurance of Sterility","01/15/2020","03/05/2020","12/07/2023","03/11/2020","Lot #: 07302019+52772, Exp 2/25/2020"
"Drugs","No","","84978","Terminated","Fusion IV Pharmaceuticals, Inc. dba Axia Pharmaceutical","1990 Westwood Blvd Ste 135","N/A","Los Angeles","CA","	90025-4650","United States","Voluntary: Firm initiated","Press Release","U.S.A. Nationwide and Puerto Rico, Barbados and Dominican Republic","D-0959-2020","Class II","Arginine Hydrochloride Injection, L-ARGININE  HCL  100MG/ML  INJECTABLE, For IV, IM Use, 30 mL Multi-dose Vial, Rx only, Axia Pharmaceutical 1990 Westwood Blvd. Ste 135, Los Angeles, CA 90025; NDC 71283-0341-3","N/A","Lack of Assurance of Sterility","01/15/2020","03/05/2020","12/07/2023","03/11/2020","Lot #: 10242019+53154, Exp 1/22/2020"
"Drugs","No","","84978","Terminated","Fusion IV Pharmaceuticals, Inc. dba Axia Pharmaceutical","1990 Westwood Blvd Ste 135","N/A","Los Angeles","CA","	90025-4650","United States","Voluntary: Firm initiated","Press Release","U.S.A. Nationwide and Puerto Rico, Barbados and Dominican Republic","D-0960-2020","Class II","Polyoxyl Lauryl Ether (Polidocanol) Injection, LAURETH-9 (POLIDOCANOL) 5% INJECTABLE, For IV Use, 30 mL Multi-dose Vial, Rx only, Axia Pharmaceutical 1990 Westwood Blvd. Ste 135, Los Angeles, CA 90025; NDC 71283-060-3","N/A","Lack of Assurance of Sterility","01/15/2020","03/05/2020","12/07/2023","03/11/2020","Lot #: 10152019+53126, Exp 4/6/2020"
"Drugs","No","","84978","Terminated","Fusion IV Pharmaceuticals, Inc. dba Axia Pharmaceutical","1990 Westwood Blvd Ste 135","N/A","Los Angeles","CA","	90025-4650","United States","Voluntary: Firm initiated","Press Release","U.S.A. Nationwide and Puerto Rico, Barbados and Dominican Republic","D-0961-2020","Class II","Levocarnitine Injection, LEVOCARNITINE  500 MG/ML INJECTABLE, For IV Use, 30 mL Multi-dose Vial, Rx only, Axia Pharmaceutical 1990 Westwood Blvd. Ste 135, Los Angeles, CA 90025; NDC 71283-9260-3","N/A","Lack of Assurance of Sterility","01/15/2020","03/05/2020","12/07/2023","03/11/2020","Lot #: 08212019+52824, Exp 2/17/2020"
"Drugs","No","","84978","Terminated","Fusion IV Pharmaceuticals, Inc. dba Axia Pharmaceutical","1990 Westwood Blvd Ste 135","N/A","Los Angeles","CA","	90025-4650","United States","Voluntary: Firm initiated","Press Release","U.S.A. Nationwide and Puerto Rico, Barbados and Dominican Republic","D-0962-2020","Class II","Lidocaine HCL (PF) Injection, LIDOCAINE HCL 4% (PF)  40 MG/ML INJECTABLE, For ocular injection, Preservative free, discard unused portion, protect from light, 5 mL Single-use Vial, Rx only, Axia Pharmaceutical 1990 Westwood Blvd. Ste 135, Los Angeles, CA 90025; NDC 71283-1011-5","N/A","Lack of Assurance of Sterility","01/15/2020","03/05/2020","12/07/2023","03/11/2020","Lot #: 07012019+52569, Exp 3/15/2020"
"Drugs","No","","84978","Terminated","Fusion IV Pharmaceuticals, Inc. dba Axia Pharmaceutical","1990 Westwood Blvd Ste 135","N/A","Los Angeles","CA","	90025-4650","United States","Voluntary: Firm initiated","Press Release","U.S.A. Nationwide and Puerto Rico, Barbados and Dominican Republic","D-0963-2020","Class II","Lysine Hydrochloride Injection, LYSINE HCL  100MG/ML  INJECTABLE, For IV, IM Use, 30 mL Multi-dose Vial, Rx only, Axia Pharmaceutical 1990 Westwood Blvd. Ste 135, Los Angeles, CA 90025; NDC 71283-0342-3","N/A","Lack of Assurance of Sterility","01/15/2020","03/05/2020","12/07/2023","03/11/2020","Lot #: 10222019+53144, Exp 1/27/2020"
"Drugs","No","","84978","Terminated","Fusion IV Pharmaceuticals, Inc. dba Axia Pharmaceutical","1990 Westwood Blvd Ste 135","N/A","Los Angeles","CA","	90025-4650","United States","Voluntary: Firm initiated","Press Release","U.S.A. Nationwide and Puerto Rico, Barbados and Dominican Republic","D-0964-2020","Class III","Magnesium Chloride Injection, MAGNESIUM CHLORIDE  20% INJECTABLE, For IV Use, 50 mL Multi-dose Vial, Rx only, Axia Pharmaceutical 1990 Westwood Blvd. Ste 135, Los Angeles, CA 90025; NDC 71283-0225-5","N/A","Lack of Assurance of Sterility","01/15/2020","03/05/2020","12/07/2023","03/11/2020","Lot #: 10292019+53156, Exp 4/26/2020; 11182019+53247, Exp 5/16/2020"
"Drugs","No","","84978","Terminated","Fusion IV Pharmaceuticals, Inc. dba Axia Pharmaceutical","1990 Westwood Blvd Ste 135","N/A","Los Angeles","CA","	90025-4650","United States","Voluntary: Firm initiated","Press Release","U.S.A. Nationwide and Puerto Rico, Barbados and Dominican Republic","D-0965-2020","Class II","Methionine/Inositol/Choline Injection, METHIONINE/INOSITOL/CHOLINE 25MG/50MG/50MG/ML INJECTABLE, For IM Use, 30 mL Multi-dose Vial, Rx only, Axia Pharmaceutical 1990 Westwood Blvd. Ste 135, Los Angeles, CA 90025; NDC 71283-0215-3","N/A","Lack of Assurance of Sterility","01/15/2020","03/05/2020","12/07/2023","03/11/2020","Lot #: 09052019+52881, Exp 4/7/2020; 09302019+52977, Exp 5/2/2020; 10072019+53049, Exp 5/9/2020"
"Drugs","No","","84978","Terminated","Fusion IV Pharmaceuticals, Inc. dba Axia Pharmaceutical","1990 Westwood Blvd Ste 135","N/A","Los Angeles","CA","	90025-4650","United States","Voluntary: Firm initiated","Press Release","U.S.A. Nationwide and Puerto Rico, Barbados and Dominican Republic","D-0966-2020","Class II","Methylcobalamin Injection, METHYLCOBALAMIN [CD] 10MG/100MG/ML INJECTABLE, For IV, IM, SC Use, 30 mL Multi-dose Vial, Rx only, Axia Pharmaceutical 1990 Westwood Blvd. Ste 135, Los Angeles, CA 90025; NDC 71283-0338-3","N/A","Lack of Assurance of Sterility","01/15/2020","03/05/2020","12/07/2023","03/11/2020","Lot #: 07292019+52764, Exp 1/25/2020; 07292019+52766, Exp 1/25/2020"
"Drugs","No","","84978","Terminated","Fusion IV Pharmaceuticals, Inc. dba Axia Pharmaceutical","1990 Westwood Blvd Ste 135","N/A","Los Angeles","CA","	90025-4650","United States","Voluntary: Firm initiated","Press Release","U.S.A. Nationwide and Puerto Rico, Barbados and Dominican Republic","D-0967-2020","Class II","Methylcobalamin Injection, METHYLCOBALAMIN 1 MG/ML INJECTABLE, For IV, IM, SC Use, 30 mL Multi-dose Vial, Rx only, Axia Pharmaceutical 1990 Westwood Blvd. Ste 135, Los Angeles, CA 90025; NDC 71283-0331-3","N/A","Lack of Assurance of Sterility","01/15/2020","03/05/2020","12/07/2023","03/11/2020","Lot #: 07232019+52730, Exp 1/19/2020; 07232019+52732, Exp 1/19/2020; 07242019+52748, Exp 1/20/2020; 11212019+53272, Exp 5/19/2020"
"Drugs","No","","84978","Terminated","Fusion IV Pharmaceuticals, Inc. dba Axia Pharmaceutical","1990 Westwood Blvd Ste 135","N/A","Los Angeles","CA","	90025-4650","United States","Voluntary: Firm initiated","Press Release","U.S.A. Nationwide and Puerto Rico, Barbados and Dominican Republic","D-0968-2020","Class II","Methylprednisolone Acetate/Bupivacaine Hydrochloride Injectable Suspension, METHYLPRED ACETATE/BUPIV [10ML] CMC 40MG/5MG/ML INJ SUSP, For IM, IA Use, Shake Well, 10 mL Multi-dose Vial, Rx only, Axia Pharmaceutical 1990 Westwood Blvd. Ste 135, Los Angeles, CA 90025; NDC 71283-0623-1","N/A","Lack of Assurance of Sterility","01/15/2020","03/05/2020","12/07/2023","03/11/2020","Lot #: 09042019+52874, Exp 3/2/2020"
"Drugs","No","","84978","Terminated","Fusion IV Pharmaceuticals, Inc. dba Axia Pharmaceutical","1990 Westwood Blvd Ste 135","N/A","Los Angeles","CA","	90025-4650","United States","Voluntary: Firm initiated","Press Release","U.S.A. Nationwide and Puerto Rico, Barbados and Dominican Republic","D-0969-2020","Class II","Methylprednisolone Acetate/Bupivacaine Hydrochloride Injectable Suspension, METHYLPRED ACETATE/BUPIVACAINE HCL [10ML] CMC 80MG/5MG/ML INJ SUSP, For IM, IA Use, Shake Well, 10 mL Multi-dose Vial, Rx only, Axia Pharmaceutical 1990 Westwood Blvd. Ste 135, Los Angeles, CA 90025; NDC 71283-0624-1","N/A","Lack of Assurance of Sterility","01/15/2020","03/05/2020","12/07/2023","03/11/2020","Lot #: 09042019+52876, Exp 3/2/2020"
"Drugs","No","","84978","Terminated","Fusion IV Pharmaceuticals, Inc. dba Axia Pharmaceutical","1990 Westwood Blvd Ste 135","N/A","Los Angeles","CA","	90025-4650","United States","Voluntary: Firm initiated","Press Release","U.S.A. Nationwide and Puerto Rico, Barbados and Dominican Republic","D-0970-2020","Class II","Methylprednisolone Acetate Injectable Suspension, METHYLPREDNISOLONE ACETATE (PF) CMC [2ML] 80 MG/ML  INJ SUSP, For IM, IA Use, Shake Well, 10 mL Multi-dose Vial, Rx only, Axia Pharmaceutical 1990 Westwood Blvd. Ste 135, Los Angeles, CA 90025; NDC 71283-0639-2","N/A","Lack of Assurance of Sterility","01/15/2020","03/05/2020","12/07/2023","03/11/2020","Lot #: 06102019+52398, Exp 2/24/2020"
"Drugs","No","","84978","Terminated","Fusion IV Pharmaceuticals, Inc. dba Axia Pharmaceutical","1990 Westwood Blvd Ste 135","N/A","Los Angeles","CA","	90025-4650","United States","Voluntary: Firm initiated","Press Release","U.S.A. Nationwide and Puerto Rico, Barbados and Dominican Republic","D-0971-2020","Class II","Methylprednisolone Acetate Injectable Suspension, METHYLPREDNISOLONE ACETATE [10ML] CMC 100 MG/ML INJ SUSP, For IM, IA Use, Shake Well, 10 mL Multi-dose Vial, Rx only, Axia Pharmaceutical 1990 Westwood Blvd. Ste 135, Los Angeles, CA 90025; NDC 71283-0619-1","N/A","Lack of Assurance of Sterility","01/15/2020","03/05/2020","12/07/2023","03/11/2020","Lot #: 06122019+52423, Exp 7/9/2020; 06122019+52420, Exp 7/9/2020; 07182019+52703, Exp 8/14/2020"
"Drugs","No","","84978","Terminated","Fusion IV Pharmaceuticals, Inc. dba Axia Pharmaceutical","1990 Westwood Blvd Ste 135","N/A","Los Angeles","CA","	90025-4650","United States","Voluntary: Firm initiated","Press Release","U.S.A. Nationwide and Puerto Rico, Barbados and Dominican Republic","D-0972-2020","Class II","Methylprednisolone Acetate Injectable Suspension, METHYLPREDNISOLONE ACETATE [10ML] CMC 50 MG/ML INJ SUSP, For IM, IA Use, Shake Well, 10 mL Multi-dose Vial, Rx only, Axia Pharmaceutical 1990 Westwood Blvd. Ste 135, Los Angeles, CA 90025; NDC 71283-0636-1","N/A","Lack of Assurance of Sterility","01/15/2020","03/05/2020","12/07/2023","03/11/2020","Lot #: 03202019+51817, Exp 4/16/2020; 09122019+52911, Exp 10/9/2020; 09132019+52918, Exp 8/12/2020"
"Drugs","No","","84978","Terminated","Fusion IV Pharmaceuticals, Inc. dba Axia Pharmaceutical","1990 Westwood Blvd Ste 135","N/A","Los Angeles","CA","	90025-4650","United States","Voluntary: Firm initiated","Press Release","U.S.A. Nationwide and Puerto Rico, Barbados and Dominican Republic","D-0973-2020","Class II","MIC-B12 Injection, MIC-B12 25MG/50MG/50MG/1MG/ML INJECTABLE, For IM Use, Refrigerate. Protect From Light, 30 mL Multi-dose Vial, Rx only, Axia Pharmaceutical 1990 Westwood Blvd. Ste 135, Los Angeles, CA 90025; NDC 71283-0230-3","N/A","Lack of Assurance of Sterility","01/15/2020","03/05/2020","12/07/2023","03/11/2020","Lot #: 07102019+52618, Exp 2/8/2020; 09052019+52880, Exp 4/5/2020; 10012019+52983, Exp 5/1/2020; 11052019+53188, Exp 6/5/2020; 12112019+53367, Exp 7/11/2020"
"Drugs","No","","84990","Terminated","American Health Packaging","2550 John Glenn Ave Ste A","N/A","Columbus","OH","	43217-1188","United States","Voluntary: Firm initiated","Letter","Nationwide USA","D-0848-2020","Class II","Desmopressin Acetate Tablets, 0.1 mg, 30 tablets (3 x 10 unit dose blister cards), Rx Only, Packaged and distributed by:  American Health Packaging, Columbus, Ohio 43217.  NDC Carton: 68084-606-21; NDC Unit Dose 68084-606-11","1,879 cartons","GMP Deviations: Product bottle may be absent of desiccant.","02/07/2020","02/18/2020","08/04/2022","02/26/2020","Lot 181109, exp 4/30/2020"
"Drugs","No","","84990","Terminated","American Health Packaging","2550 John Glenn Ave Ste A","N/A","Columbus","OH","	43217-1188","United States","Voluntary: Firm initiated","Letter","Nationwide USA","D-0849-2020","Class II","Desmopressin Acetate Tablets, 0.2 mg, 30 tablets (3 x 10 unit dose blister cards), Rx Only, Packaged and distributed by:  American Health Packaging, Columbus, Ohio 43217.  NDC Carton: 68084-604-21; NDC Unit Dose 68084-604-11","3,720 cartons","GMP Deviations: Product bottle may be absent of desiccant.","02/07/2020","02/18/2020","08/04/2022","02/26/2020","Lot 180510, exp 3/31/2020; Lot 181912, exp 4/30/2020"
"Drugs","No","","84978","Terminated","Fusion IV Pharmaceuticals, Inc. dba Axia Pharmaceutical","1990 Westwood Blvd Ste 135","N/A","Los Angeles","CA","	90025-4650","United States","Voluntary: Firm initiated","Press Release","U.S.A. Nationwide and Puerto Rico, Barbados and Dominican Republic","D-0974-2020","Class II","MIC-PLEX Injection, Vitamin Complex, MIC-COMBO* 25MG/50MG/50MG/1MG/20MG/5MG/ML INJECTABLE, For IM Use, Protect From Light, 30 mL Multi-dose Vial, Rx only, Axia Pharmaceutical 1990 Westwood Blvd. Ste 135, Los Angeles, CA 90025; NDC 71283-0233-3","N/A","Lack of Assurance of Sterility","01/15/2020","03/05/2020","12/07/2023","03/11/2020","Lot #: 11212019+53263, Exp 2/16/2020; 11252019+53276, Exp 2/20/2020"
"Drugs","No","","84992","Terminated","NCS Healthcare of Kentucky Inc","120 Carroll Knicely Dr","N/A","Glasgow","KY","	42141-7224","United States","Voluntary: Firm initiated","Letter","Nationwide in the USA.","D-0850-2020","Class II","Glycopyrrolate Tabs, USP, 1 mg, 30-count unit dose blister card, FOR INSTITUTIONAL USE ONLY, Rx Only, Packaged by Vangard, Glasgow, KY 42141;  NDC 0615-8170-39.","6929 blister cards","Failed Impurities/Degradation Specification: High Out of Specification Results for Individual Unknown Impurity.","01/28/2020","02/18/2020","02/19/2021","02/26/2020","Lot #: 8170-9004, Exp 01/2020"
"Drugs","No","","84978","Terminated","Fusion IV Pharmaceuticals, Inc. dba Axia Pharmaceutical","1990 Westwood Blvd Ste 135","N/A","Los Angeles","CA","	90025-4650","United States","Voluntary: Firm initiated","Press Release","U.S.A. Nationwide and Puerto Rico, Barbados and Dominican Republic","D-0975-2020","Class II","MIC-PLUS Injection, Vitamin Complex, MIC-COMBO* 25MG/50MG/50MG/1MG/20MG/5MG/ML INJECTABLE, For IM Use, Refrigerate, Protect From Light, 30 mL Multi-dose Vial, Rx only, Axia Pharmaceutical 1990 Westwood Blvd. Ste 135, Los Angeles, CA 90025; NDC 71283-0231-3","N/A","Lack of Assurance of Sterility","01/15/2020","03/05/2020","12/07/2023","03/11/2020","Lot #: 06242019+52513, Exp 1/23/2020; 06242019+52515, Exp 1/23/2020; 07252019+52756, Exp 2/23/2020; 08212019+52823, Exp 3/21/2020; 10012019+52989, Exp 5/1/2020; 11062019+53194, Exp 6/6/2020"
"Drugs","No","","84978","Terminated","Fusion IV Pharmaceuticals, Inc. dba Axia Pharmaceutical","1990 Westwood Blvd Ste 135","N/A","Los Angeles","CA","	90025-4650","United States","Voluntary: Firm initiated","Press Release","U.S.A. Nationwide and Puerto Rico, Barbados and Dominican Republic","D-0976-2020","Class II","Mitomycin-C (PF) Irrigation Solution, MITOMYCIN-C (PF) 0.5 MG/ML PF SYRINGE, For Intravesicular Use, Freeze, Cytoxic Agent, Preservative Free, Protect From Light, 80 mL Multi-dose Vial, Rx only, Axia Pharmaceutical 1990 Westwood Blvd. Ste 135, Los Angeles, CA 90025; NDC 71283-0812-8","N/A","Lack of Assurance of Sterility","01/15/2020","03/05/2020","12/07/2023","03/11/2020","Lot #: 07082019+52606, Exp 4/3/2020; 07242019+52742, Exp 7/22/2020; 07242019+52745, Exp 7/22/2020; 09112019+52907, Exp 5/31/2020; 11142019+53235, Exp 11/12/2020"
"Drugs","No","","84978","Terminated","Fusion IV Pharmaceuticals, Inc. dba Axia Pharmaceutical","1990 Westwood Blvd Ste 135","N/A","Los Angeles","CA","	90025-4650","United States","Voluntary: Firm initiated","Press Release","U.S.A. Nationwide and Puerto Rico, Barbados and Dominican Republic","D-0977-2020","Class II","Nicotinamide Adenine Dinucleotide (PF) Injection, NICOTINAMIDE ADENINE DINUCLEOTIDE (PF) 50 MG/ML INJECTABLE, For IV, IM Use, Refrigerate, 10 mL Single Use Vial, Rx only, Axia Pharmaceutical 1990 Westwood Blvd. Ste 135, Los Angeles, CA 90025; NDC 71283-0306-1","N/A","Lack of Assurance of Sterility","01/15/2020","03/05/2020","12/07/2023","03/11/2020","Lot #: 08282019+52850, Exp 1/24/2020; 10102019+53094, Exp 2/28/2020; 10312019+53174, Exp 3/28/2020"
"Drugs","No","","84978","Terminated","Fusion IV Pharmaceuticals, Inc. dba Axia Pharmaceutical","1990 Westwood Blvd Ste 135","N/A","Los Angeles","CA","	90025-4650","United States","Voluntary: Firm initiated","Press Release","U.S.A. Nationwide and Puerto Rico, Barbados and Dominican Republic","D-0978-2020","Class II","Nicotinamide Adenine Dinucleotide (PF) Injection, NICOTINAMIDE ADENINE DINUCLEOTIDE (PF) 20 MG/ML INJECTABLE, For IV, IM Use, Refrigerate, 10 mL Single Use Vial, Rx only, Axia Pharmaceutical 1990 Westwood Blvd. Ste 135, Los Angeles, CA 90025; NDC 71283-0336-1","N/A","Lack of Assurance of Sterility","01/15/2020","03/05/2020","12/07/2023","03/11/2020","Lot #: 10082019+53069, Exp 2/28/2020"
"Drugs","No","","84978","Terminated","Fusion IV Pharmaceuticals, Inc. dba Axia Pharmaceutical","1990 Westwood Blvd Ste 135","N/A","Los Angeles","CA","	90025-4650","United States","Voluntary: Firm initiated","Press Release","U.S.A. Nationwide and Puerto Rico, Barbados and Dominican Republic","D-0979-2020","Class II","Iohexol (PF) Injection,OMNIPAQUE INJECTION [5ML] 300MG I/ML INJECTABLE, For IA Use, 5 mL Single Use Vial, Rx only, Axia Pharmaceutical 1990 Westwood Blvd. Ste 135, Los Angeles, CA 90025; NDC 71283-1413-5","N/A","Lack of Assurance of Sterility","01/15/2020","03/05/2020","12/07/2023","03/11/2020","Lot #: 10012019+52984, Exp 1/19/2020"
"Drugs","No","","84978","Terminated","Fusion IV Pharmaceuticals, Inc. dba Axia Pharmaceutical","1990 Westwood Blvd Ste 135","N/A","Los Angeles","CA","	90025-4650","United States","Voluntary: Firm initiated","Press Release","U.S.A. Nationwide and Puerto Rico, Barbados and Dominican Republic","D-0980-2020","Class II","Pyridoxine Hydrochloride Injection, PYRIDOXINE HCL 100 MG/ML INJECTABLE, For IV, IM Use, 30 mL Multi-dose Vial, Rx only, Axia Pharmaceutical 1990 Westwood Blvd. Ste 135, Los Angeles, CA 90025; NDC 71283-0216-3","N/A","Lack of Assurance of Sterility","01/15/2020","03/05/2020","12/07/2023","03/11/2020","Lot #: 09132019+52914, Exp 2/28/2020; 09162019+52920, Exp 3/2/2020; 09192019+52939; Exp 2/28/2020; 10292019+53162, Exp 4/14/2020; 12112019+53369, Exp 5/27/2020"
"Drugs","No","","84978","Terminated","Fusion IV Pharmaceuticals, Inc. dba Axia Pharmaceutical","1990 Westwood Blvd Ste 135","N/A","Los Angeles","CA","	90025-4650","United States","Voluntary: Firm initiated","Press Release","U.S.A. Nationwide and Puerto Rico, Barbados and Dominican Republic","D-0981-2020","Class II","Selenium Injection, SELENIUM  200MCG/ML INJECTABLE, For IV Use, 30 mL Multi-dose Vial, Rx only, Axia Pharmaceutical 1990 Westwood Blvd. Ste 135, Los Angeles, CA 90025; NDC 71283-0227-3","N/A","Lack of Assurance of Sterility","01/15/2020","03/05/2020","12/07/2023","03/11/2020","Lot #: 11052019+53182, Exp 4/7/2020"
"Drugs","No","","84978","Terminated","Fusion IV Pharmaceuticals, Inc. dba Axia Pharmaceutical","1990 Westwood Blvd Ste 135","N/A","Los Angeles","CA","	90025-4650","United States","Voluntary: Firm initiated","Press Release","U.S.A. Nationwide and Puerto Rico, Barbados and Dominican Republic","D-0982-2020","Class II","Super MIC Injection, SUPER MIC*  INJECTABLE, Vitamin Complex, For IM Use, 30 mL Multi-dose Vial, Rx only, Axia Pharmaceutical 1990 Westwood Blvd. Ste 135, Los Angeles, CA 90025; NDC 71283-0234-3","N/A","Lack of Assurance of Sterility","01/15/2020","03/05/2020","12/07/2023","03/11/2020","Lot #: 11042019+53181, Exp 2/2/2020; 12122019+53376, Exp 3/11/2020"
"Drugs","No","","84978","Terminated","Fusion IV Pharmaceuticals, Inc. dba Axia Pharmaceutical","1990 Westwood Blvd Ste 135","N/A","Los Angeles","CA","	90025-4650","United States","Voluntary: Firm initiated","Press Release","U.S.A. Nationwide and Puerto Rico, Barbados and Dominican Republic","D-0983-2020","Class II","Testosterone Cypionate Injection,TESTOSTERONE CYP IN GRAPESEED OIL [10ML] 200 MG/ML INJECTABLE, For IM Use, 10 mL Multi-dose Vial, Rx only, Axia Pharmaceutical 1990 Westwood Blvd. Ste 135, Los Angeles, CA 90025; NDC 71283-0530-1","N/A","Lack of Assurance of Sterility","01/15/2020","03/05/2020","12/07/2023","03/11/2020","Lot #: 03252019+51850, Exp 7/6/2020; 04252019+52098, Exp 6/29/2020; 04292019+52108, Exp 6/29/2020; 05012019+52132, Exp 10/22/2020; 05202019+52268, Exp 11/10/2020; 05222019+52290, Exp 11/10/2020; 05302019+52334, Exp 11/20/2020; 07082019+52594, Exp 12/29/2020; 07102019+52619, Exp 12/29/2020; 07292019+52762, Exp 8/12/2020; 07312019+52778, Exp 8/12/2020; 09102019+52898, Exp 1/16/2021; 09112019+52905, Exp 1/18/2021"
"Drugs","No","","84978","Terminated","Fusion IV Pharmaceuticals, Inc. dba Axia Pharmaceutical","1990 Westwood Blvd Ste 135","N/A","Los Angeles","CA","	90025-4650","United States","Voluntary: Firm initiated","Press Release","U.S.A. Nationwide and Puerto Rico, Barbados and Dominican Republic","D-0984-2020","Class II","Testosterone Cypionate Injection, TESTOSTERONE CYP IN GRAPESEED OIL [1ML] 200 MG/ML INJECTABLE, For IM Use, 1 mL Multi-dose Vial, Rx only, Axia Pharmaceutical 1990 Westwood Blvd. Ste 135, Los Angeles, CA 90025; NDC 71283-0530-2","N/A","Lack of Assurance of Sterility","01/15/2020","03/05/2020","12/07/2023","03/11/2020","Lot #: 03062019+51706, Exp 6/28/2020"
"Drugs","No","","84978","Terminated","Fusion IV Pharmaceuticals, Inc. dba Axia Pharmaceutical","1990 Westwood Blvd Ste 135","N/A","Los Angeles","CA","	90025-4650","United States","Voluntary: Firm initiated","Press Release","U.S.A. Nationwide and Puerto Rico, Barbados and Dominican Republic","D-0985-2020","Class II","Testosterone Cypionate/Progesterone Injection, TESTOSTERONE CYP/PROGESTERONE [2ML] 200MG/2.5MG/ML INJECTABLE, For IM Use, 2 mL Multi-dose Vial, Rx only, Axia Pharmaceutical 1990 Westwood Blvd. Ste 135, Los Angeles, CA 90025; NDC 71283-0531-2","N/A","Lack of Assurance of Sterility","01/15/2020","03/05/2020","12/07/2023","03/11/2020","Lot #: 03042019+51685, Exp 6/26/2020"
"Drugs","No","","84978","Terminated","Fusion IV Pharmaceuticals, Inc. dba Axia Pharmaceutical","1990 Westwood Blvd Ste 135","N/A","Los Angeles","CA","	90025-4650","United States","Voluntary: Firm initiated","Press Release","U.S.A. Nationwide and Puerto Rico, Barbados and Dominican Republic","D-0986-2020","Class II","Triamcinolone Acetonide/Bupivacaine Hydrochloride Injectable Suspension, TRIAMCINOLONE ACET/BUPIVACAINE HCL [10ML] 40MG/5MG/ML INJ SUSP, For IM, IA Use, 10 mL Multi-dose Vial, Rx only, Axia Pharmaceutical 1990 Westwood Blvd. Ste 135, Los Angeles, CA 90025; NDC 71283-0632-1","N/A","Lack of Assurance of Sterility","01/15/2020","03/05/2020","12/07/2023","03/11/2020","Lot #: 05292019+52328, Exp 2/13/2020"
"Drugs","No","","84978","Terminated","Fusion IV Pharmaceuticals, Inc. dba Axia Pharmaceutical","1990 Westwood Blvd Ste 135","N/A","Los Angeles","CA","	90025-4650","United States","Voluntary: Firm initiated","Press Release","U.S.A. Nationwide and Puerto Rico, Barbados and Dominican Republic","D-0987-2020","Class II","Triamcinolone Acetonide (PF) Injectable Suspension, TRIAMCINOLONE ACETONIDE (PF) [2ML] 40MG/ML INJ SUSP, For IM, IA, IT Use, 2 mL Single Use Vial, Rx only, Axia Pharmaceutical 1990 Westwood Blvd. Ste 135, Los Angeles, CA 90025; NDC 71283-0635-2","N/A","Lack of Assurance of Sterility","01/15/2020","03/05/2020","12/07/2023","03/11/2020","Lot #: 08272019+52841, Exp 2/22/2020; 09242019+52953, Exp 3/22/2020; 11072019+53198, Exp 5/5/2020; 11112019+53206, Exp 5/9/2020; 11122019+53223, Exp 5/10/2020"
"Drugs","No","","84978","Terminated","Fusion IV Pharmaceuticals, Inc. dba Axia Pharmaceutical","1990 Westwood Blvd Ste 135","N/A","Los Angeles","CA","	90025-4650","United States","Voluntary: Firm initiated","Press Release","U.S.A. Nationwide and Puerto Rico, Barbados and Dominican Republic","D-0988-2020","Class II","Triamcinolone Acetonide (PF) Injectable Suspension, TRIAMCINOLONE ACETONIDE (PF) [10ML] 50MG/ML INJ SUSP, For IM, IA, IT Use, 2 mL Single Use Vial, Rx only, Axia Pharmaceutical 1990 Westwood Blvd. Ste 135, Los Angeles, CA 90025; NDC # 71283-0633-1","N/A","Lack of Assurance of Sterility","01/15/2020","03/05/2020","12/07/2023","03/11/2020","Lot #: 06132019+52446, Exp 7/17/2020; 11142019+53240, Exp 12/18/2020"
"Drugs","No","","84978","Terminated","Fusion IV Pharmaceuticals, Inc. dba Axia Pharmaceutical","1990 Westwood Blvd Ste 135","N/A","Los Angeles","CA","	90025-4650","United States","Voluntary: Firm initiated","Press Release","U.S.A. Nationwide and Puerto Rico, Barbados and Dominican Republic","D-0989-2020","Class II","Triamcinolone Diacetate Injectable Suspension, TRIAMCINOLONE Diacetate [10ML] CMC 10MG/ML INJ SUSP, For IM, IA Use, 10 mL Multi-dose Vial, Rx only, Axia Pharmaceutical 1990 Westwood Blvd. Ste 135, Los Angeles, CA 90025; NDC 71283-0625-1","N/A","Lack of Assurance of Sterility","01/15/2020","03/05/2020","12/07/2023","03/11/2020","Lot #: 10102019+53104, Exp 5/4/2020"
"Drugs","No","","84978","Terminated","Fusion IV Pharmaceuticals, Inc. dba Axia Pharmaceutical","1990 Westwood Blvd Ste 135","N/A","Los Angeles","CA","	90025-4650","United States","Voluntary: Firm initiated","Press Release","U.S.A. Nationwide and Puerto Rico, Barbados and Dominican Republic","D-0990-2020","Class II","Triamcinolone Diacetate Injectable Suspension, TRIAMCINOLONE DIACETATE (PF) [2ML] CMC 40 MG/ML INJ SUSP, For IM, IA, IT Use, 2 mL Single Use Vial, Rx only, Axia Pharmaceutical 1990 Westwood Blvd. Ste 135, Los Angeles, CA 90025; NDC 71283-0628-2","N/A","Lack of Assurance of Sterility","01/15/2020","03/05/2020","12/07/2023","03/11/2020","Lot #: 08272019+52845, Exp 2/23/2020; 09252019+52965, Exp 3/23/2020"
"Drugs","No","","84978","Terminated","Fusion IV Pharmaceuticals, Inc. dba Axia Pharmaceutical","1990 Westwood Blvd Ste 135","N/A","Los Angeles","CA","	90025-4650","United States","Voluntary: Firm initiated","Press Release","U.S.A. Nationwide and Puerto Rico, Barbados and Dominican Republic","D-0991-2020","Class II","Triamcinolone Diacetate Injectable Suspension, TRIAMCINOLONE DIACETATE [10ML] CMC 80 MG/ML INJ SUSP, For IM, IA, IT Use, 10 mL Multi-dose Vial, Rx only, Axia Pharmaceutical 1990 Westwood Blvd. Ste 135, Los Angeles, CA 90025; NDC 71283-0634-1","N/A","Lack of Assurance of Sterility","01/15/2020","03/05/2020","12/07/2023","03/11/2020","Lot #: 07162019+52686, Exp 4/11/2020; 11062019+53192, Exp 8/2/2020"
"Drugs","No","","84978","Terminated","Fusion IV Pharmaceuticals, Inc. dba Axia Pharmaceutical","1990 Westwood Blvd Ste 135","N/A","Los Angeles","CA","	90025-4650","United States","Voluntary: Firm initiated","Press Release","U.S.A. Nationwide and Puerto Rico, Barbados and Dominican Republic","D-0992-2020","Class II","Cholecalciferol (Vitamin D3) Injection, VITAMIN D3 [P] 1,000 IU/ML INJECTABLE, For IM Use, 30 mL Multi-dose Vial, Rx only, Axia Pharmaceutical 1990 Westwood Blvd. Ste 135, Los Angeles, CA 90025; NDC 71283-0210-3","N/A","Lack of Assurance of Sterility","01/15/2020","03/05/2020","12/07/2023","03/11/2020","Lot #: 04082019+51930, Exp 4/8/2020; 09092019+52891, Exp 8/12/2020"
"Drugs","No","","84978","Terminated","Fusion IV Pharmaceuticals, Inc. dba Axia Pharmaceutical","1990 Westwood Blvd Ste 135","N/A","Los Angeles","CA","	90025-4650","United States","Voluntary: Firm initiated","Press Release","U.S.A. Nationwide and Puerto Rico, Barbados and Dominican Republic","D-0993-2020","Class II","Cholecalciferol (Vitamin D3) Injection, VITAMIN D3 [P] 100,000 IU/ML INJECTABLE, For IM Use, 30 mL Multi-dose Vial, Rx only, Axia Pharmaceutical 1990 Westwood Blvd. Ste 135, Los Angeles, CA 90025; NDC 71283-0251-3","N/A","Lack of Assurance of Sterility","01/15/2020","03/05/2020","12/07/2023","03/11/2020","Lot #: 04292019+52110, Exp 4/28/2020; 06252019+52525, Exp 6/24/2020; 09252019+52962, 10072019+53051, Exp 8/12/2020"
"Drugs","No","","84978","Terminated","Fusion IV Pharmaceuticals, Inc. dba Axia Pharmaceutical","1990 Westwood Blvd Ste 135","N/A","Los Angeles","CA","	90025-4650","United States","Voluntary: Firm initiated","Press Release","U.S.A. Nationwide and Puerto Rico, Barbados and Dominican Republic","D-0994-2020","Class II","Zinc Chloride Injection, ZINC CHLORIDE  10MG/ML INJECTABLE, For IV, IM Use, 30 mL Multi-dose Vial, Rx only, Axia Pharmaceutical 1990 Westwood Blvd. Ste 135, Los Angeles, CA 90025; NDC 71283-0224-3","N/A","Lack of Assurance of Sterility","01/15/2020","03/05/2020","12/07/2023","03/11/2020","Lot #: 10302019+53170, Exp 2/9/2020"
"Drugs","No","","85008","Terminated","Golden State Medical Supply Inc.","5187 Camino Ruiz","N/A","Camarillo","CA","	93012-8601","United States","Voluntary: Firm initiated","E-Mail","Distributed Nationwide in the USA","D-0856-2020","Class III","TRAMADOL HYDROCHLORIDE Tablets, USP, 50 mg, Rx Only a)100-count bottles (NDC 60429-588-01) b) 500-count bottle (NDC 60429-588-05) Manufactured by Teva Czech Industries, s.r.o. Opava-Komarov, Czech Republic, Packaged by GSMS Incorporated, Camarillo, CA 93012","379,043 100-ct bottles and 330,997 500-ct bottles","Labeling: Incorrect package insert - Patient leaflets for the specified lots of unscored tablets contain language relative to a 25 mg dosing titration that necessitates the use of a scored 50 mg tablet.","02/12/2020","02/26/2020","04/04/2023","03/04/2020","Lot Numbers:   a) GS021259, Exp. Date 11/31/2019; GS021742, GS022074, Exp. 2/29/2020; GS022619, GS022836, 3/31/2020; GS023243, GS023631, Exp. 4/30/2020; GS023869, GS024562, GS025492, Exp. 5/31/2020; GS025184, Exp. 6/30/2020; GS026306, Exp. 9/30/2020; GS026654, Exp.=12/31/2020; GS027566, Exp. 2/28/2020; GS028574, Exp. 4/30/2021;    b) GS021570, GS021444, GS021445, GS021443, GS021447, GS021446, 11/31/2019; GS021745, GS021746, GS021744, GS022076, GS022077, GS022078, GS022075, GS021747, GS021748, Exp. 2/29/2020; GS022622, GS022623, GS022624, GS022620, GS022837, GS022838, GS022856, GS022621, Exp. 3/31/2020; GS023029, GS023028, GS023027, Exp.  4/30/2020; GS023958, GS023959, GS023960, GS025045, GS024929,  GS025048,GS025047, GS025588, GS025046, Exp. Date 5/31/2020; GS025260, GS025259, Exp.6/30/2020; GS025717, GS025719, GS025718, Exp. 8/31/2020; GS023607, GS026308, GS026309, Exp. 9/30/2020; GS026912, GS026911, GS026910, Exp. 12/31/2020; GS027678, Exp. 2/28/2021; GS027836, Exp. 11/30/2020; GS027570, GS027569, Exp. 2/28/2020; GS027572, GS027571, Exp.  4/30/2021"
"Drugs","No","","85015","Terminated","Lupin Pharmaceuticals Inc.","Harborplace Tower","111 S Calvert St Fl 21st","Baltimore","MD","	21202-6174","United States","Voluntary: Firm initiated","Letter","Product was distributed throughout the United States.","D-0866-2020","Class II","Desoximetasone Topical Spray, 0.25%, 2.5 mg desoximetasone, 100 mL bottles, Rx only, Manufactured for: Lupin Pharmaceuticals, Baltimore, MD","876 bottles","Failed Impurities/Degradation Specification; high out of specification results observed","02/19/2020","03/03/2020","06/03/2021","03/11/2020","K800475 exp. date May 2020  K800477 exp. date June 2020"
"Drugs","No","","85017","Terminated","Teva Pharmaceuticals USA","400 Interpace Pkwy","N/A","Parsippany","NJ","	07054-1120","United States","Voluntary: Firm initiated","Letter","Nationwide in the USA.","D-0862-2020","Class II","Mesalamine Delayed-Release Tablets, USP, 1.2 gram, 120-count bottle, Rx Only, Manufactured by: Actavis Laboratories FL, Inc., Fort Lauderdale, FL  33314; Distributed by: Actavis Pharma, Inc., Parsippany, NJ  07054; NDC 0591-2245-22.","3,695 bottles","Failed Dissolution Specifications: Low out of specification dissolution result observed during stability testing.","02/20/2020","03/02/2020","10/06/2020","03/11/2020","Lot #: 1342500A, Exp 10/2020"
"Drugs","No","","85018","Terminated","Akorn, Inc.","1925 W Field Ct Ste 300","N/A","Lake Forest","IL","	60045-4862","United States","Voluntary: Firm initiated","Letter","Nationwide within United States and Puerto Rico","D-0859-2020","Class III","Sodium Chloride Ophthalmic Ointment USP, 5%, 3.5 g tubes, Manufactured by:  Akorn, Inc., Lake Forest, IL 60045.  NDC 17478-622-35","720 tubes","Presence of Particulate Matter: Brown spots observed on the inside of the tube of product, identified as tin with trace copper, which are the base of the materials of construction for the tube.","02/21/2020","02/27/2020","07/28/2022","03/04/2020","Lot #: 8B66A, Exp. Date 01/2021; Lot 8C91A, Exp. Date  02/2021; Lots 8F07A, 8F16A, Exp. Date 05/2021; Lot 8F13A, Exp. Date 07/2021."
"Drugs","No","04/15/2020","85039","Terminated","Precision Dose Inc.","722 Progressive Ln","N/A","South Beloit","IL","	61080-2616","United States","Voluntary: Firm initiated","Letter","Nationwide USA","D-1004-2020","Class II","Ranitidine Oral Solution, USP, 150 mg/10 mL, [10 mL x 30 Unit Dose Cups per case, NDC: 68094-204-62; 10 mL x 100 Unit Dose Cups per case, NDC: 68094-204-61; Unit Dose Cup NDC: 68094-204-59], Rx only, Precision Dose, Inc., South Beloit, IL 61080","224,940 unit dose cups","CGMP Deviations: Impurity N-nitrosodimethylamine (NDMA) found in API.","11/13/2019","03/12/2020","09/17/2022","03/18/2020","Lot number: 501290, Expiry: 11/30/19, NDC: 68094-204-61;   Lot number: 501326, Expiry: 11/30/19, NDC: 68094-204-62;    Lot number: 501501, Expiry: 11/30/19, NDC: 68094-204-62;   Lot number: 1592, Expiry: 4/30/20, NDC: 68094-204-62;   Lot number: 501679, Expiry: 4/30/20, NDC: 68094-204-61, 68094-204-62"
"Drugs","No","","85054","Terminated","Breckenridge Pharmaceutical, Inc","15 Massirio Dr Ste 201","N/A","Berlin","CT","	06037-2352","United States","Voluntary: Firm initiated","Letter","Nationwide in the U.S.","D-1063-2020","Class III","Zoledronic Acid Injection 5 mg/100 mL (0.05 mg/mL), Solution for Intravenous Infusion, Sterile Solution, 100 mL Single - Dose Vial per Carton, Rx Only, Distributed by: Breckenridge Pharmaceutical, Inc., Boca Raton, FL 33487, Manufactured by: Pharmaceutics International, Inc., Hunt Valley, MD 21031, NDC 51991-064-98.  ","900 Vials","Failed Impurities/Degradation Specifications: Out-of-specification results obtained for impurities during stability testing.","02/24/2020","03/25/2020","08/31/2020","03/04/2020","Lot # 5553.044E; 5553.044F, Exp. 04/30/2021"
"Drugs","No","","85067","Terminated","Pfizer Inc.","235 E 42nd St","N/A","New York","NY","	10017-5703","United States","Voluntary: Firm initiated","Letter","Nationwide within the United States and Albania, Israel, Serbia, Macedonia, Afghanistan, Botswana/South Africa/Zimbabwe, India, Israel, Rwanda, Uruguay, Mongolia","D-0995-2020","Class II","Elelyso (taliglucerase alfa) for injection, 200 units/vials,, Rx only, Distributed by Pfizer Labs, Division of Pfizer Inc, NY, NY 10017.  NDC 0069-0106-01","24,714 vials","Lack of Assurance of Sterility--Reports of loose metal ferrule crimps on vials for injection. The entire cap either lifted or dislodged while attempting to flip off the orange color plastic button.","02/27/2020","03/05/2020","12/28/2022","03/11/2020","Lot #:  X14209, Exp. Date 02/2020; AH4601, Exp. Date 03/2020; AH4603, X46389, X78365, AT2927, Exp. Date 04/2020; AH4602, Exp. Date 05/2020;  AL8590, Exp. Date 10/2020"
"Drugs","No","","85070","Terminated","American Health Packaging","2550 John Glenn Ave Ste A","N/A","Columbus","OH","	43217-1188","United States","Voluntary: Firm initiated","Letter","Nationwide USA","D-1003-2020","Class II","Ranitidine Tablets, USP, 150 mg, 100 Tablets (10 tablets x 10 blister card), Rx Only, Packaged and Distributed by: American Health Packaging, Columbus, Ohio 43217.  NDC carton: 60687-322-01; NDC Unit Dose Card: 60687-322-11","53,619 cartons","CGMP Deviations: Potential N-Nitrosodimethylamine (NDMA) amounts above levels established by the FDA.","11/20/2019","03/12/2020","08/04/2022","03/18/2020","Lot, expiry:  Lots  179516, 179745, exp 12/31/2019; Lot 180712, exp 02/29/2020; Lot 180819, exp 04/30/2020; Lots 181403, 182544, 183155, 183236, exp 05/31/2020; Lots 185739, 186600, 186702, exp 12/31/2020"
"Drugs","No","","85072","Terminated","Grato Holdings, Inc.","201 Apple Blvd","N/A","Woodbine","IA","	51579-1503","United States","Voluntary: Firm initiated","Letter","U.S.A. Nationwide, Israel","D-1049-2020","Class III","Colostat, Homeopathic Remedy, 1 fl. oz. (30 mL) per bottle, 20% Ethanol, Dist. by Energique, Inc., 201 Apple Blvd., Woodbine, IA 51579, NDC 44911-0411-1","659 bottles","Labeling mix-up - Indications on product label are incorrect.","11/15/2019","03/20/2020","09/28/2020","04/01/2020","Lot # Z56673"
"Drugs","No","","85081","Terminated","Redline Pharmacy Solutions","2415 Osborne Dr E Ste 100","N/A","Hastings","NE","	68901-1999","United States","Voluntary: Firm initiated","Telephone","Sold to patients in Nebraska","D-1006-2020","Class II","Acetylcysteine Ophthalmic 10% Solution, 5 mL per dropper bottle (10ML).  Redline Specialty Pharmacy, 2415 Osborne Drive E, #100 Hastings, NE 68901","2x5 ml bottles","Lack Of Processing Controls","02/24/2020","03/12/2020","03/31/2022","03/18/2020","Lot 02242020@1"
"Drugs","No","","85018","Terminated","Akorn, Inc.","1925 W Field Ct Ste 300","N/A","Lake Forest","IL","	60045-4862","United States","Voluntary: Firm initiated","Letter","Nationwide within United States and Puerto Rico","D-0860-2020","Class III","Well at Walgreens Sodium Chloride Ophthalmic Ointment USP, 5%, 3.5 g tubes, Distributed by: Walgreen Co. 200 Wilmot Rd., Deerfield, IL 60015. NDC 0363-9050-00.","24 tubes","Presence of Particulate Matter: Brown spots observed on the inside of the tube of product, identified as tin with trace copper, which are the base of the materials of construction for the tube.","02/21/2020","02/27/2020","07/28/2022","03/04/2020","Lot #:8G59A, Exp. Date 06/2021"
"Drugs","No","03/09/2020","85018","Terminated","Akorn, Inc.","1925 W Field Ct Ste 300","N/A","Lake Forest","IL","	60045-4862","United States","Voluntary: Firm initiated","Letter","Nationwide within United States and Puerto Rico","D-0861-2020","Class III","CVS Health Sodium Chloride Ophthalmic Ointment USP, 5%, 3.5 g tubes, Distributed By: CVS Pharmacy Inc. One CVS Drive, Woonsocket, RI 02895, NDC 59779-303-01","N/A","Presence of Particulate Matter: Brown spots observed on the inside of the tube of product, identified as tin with trace copper, which are the base of the materials of construction for the tube.","02/21/2020","02/27/2020","07/28/2022","03/04/2020","Lot #:8G50A, Exp. Date 06/2021"
"Drugs","No","07/08/2020","85125","Terminated","Mayne Pharma Inc","1240 Sugg Pkwy","N/A","Greenville","NC","	27834-9006","United States","Voluntary: Firm initiated","Letter","Distributed Nationwide in the USA","D-0998-2020","Class II","Carbidopa and Levodopa Tablets, USP 25 mg/250mg, 100 ct bottle, Rx Only, Mayne Pharma, Greenville, NC 27834. NDC 51862-858-01","8274 100-count bottles","Product Mix-Up: A foreign tablet was found in bottle.","03/02/2020","03/09/2020","10/28/2021","03/18/2020","Lot: FG11514 Exp. 05/2021"
"Drugs","No","","85127","Terminated","Sunstar Guangzhou Ltd.","Modern Industry Centre","Blk D F/5; 203 Conbo Avenue","Guangzhou","N/A","	N/A","China","Voluntary: Firm initiated","Letter","Florida only","D-0997-2020","Class II","Sunstar GUM Toothpaste 3 g tubes, Toothpaste made in Japan, packed in China, NDC 53050-0002-01","260,000 tubes","cGMP Deviation","02/28/2020","03/09/2020","03/29/2021","03/18/2020","Lot #: 20180621 Exp. 2020-06-21, 20180827 Exp. 2020-08-27, 20190115 Exp. 2021-01-15"
"Drugs","No","","85128","Terminated","Noven Therapeutics, LLC","11960 Sw 144th St","N/A","Miami","FL","	33186-6109","United States","Voluntary: Firm initiated","Letter","U.S.A. Nationwide","D-1042-2020","Class II","Daytrana (methylphenidate transdermal system) patches, Delivers 10 mg over 9 hours (1.1 mg/hr), 30-count box, Rx only, Manufactured for Noven Therapeutics, LLC. Miami, FL 33186,  NDC 68968-5552-3","9513 boxes","Defective Delivery System: Out of specification for mechanical peel and shear.","03/02/2020","03/19/2020","05/18/2023","03/25/2020","Lot#: 86280, Exp 06/2020"
"Drugs","No","","85128","Terminated","Noven Therapeutics, LLC","11960 Sw 144th St","N/A","Miami","FL","	33186-6109","United States","Voluntary: Firm initiated","Letter","U.S.A. Nationwide","D-1043-2020","Class II","Daytrana (methylphenidate transdermal system) patches, Delivers 15 mg over 9 hours (1.6 mg/hr), 30-count box, Rx only, Manufactured for Noven Therapeutics, LLC. Miami, FL 33186, NDC 68968-5553-3","13761 boxes","Defective Delivery System: Out of specification for mechanical peel and shear.","03/02/2020","03/19/2020","05/18/2023","03/25/2020","Lot#: 85942, Exp 03/2020; 86281, Exp 06/2020"
"Drugs","No","","85128","Terminated","Noven Therapeutics, LLC","11960 Sw 144th St","N/A","Miami","FL","	33186-6109","United States","Voluntary: Firm initiated","Letter","U.S.A. Nationwide","D-1044-2020","Class II","Daytrana (methylphenidate transdermal system) patches, Delivers 20 mg over 9 hours (2.2 mg/hr), 30-count box, Rx only, Manufactured for Noven Therapeutics, LLC. Miami, FL 33186, NDC 68968-5554-3","11093 boxes","Defective Delivery System: Out of specification for mechanical peel and shear.","03/02/2020","03/19/2020","05/18/2023","03/25/2020","Lo#t: 86081, Exp 04/2020; 86196, Exp 06/2020"
"Drugs","No","","85128","Terminated","Noven Therapeutics, LLC","11960 Sw 144th St","N/A","Miami","FL","	33186-6109","United States","Voluntary: Firm initiated","Letter","U.S.A. Nationwide","D-1045-2020","Class II","Daytrana (methylphenidate transdermal system) patches, Delivers 30 mg over 9 hours (3.3 mg/hr), 30-count box, Rx only, Manufactured for Noven Therapeutics, LLC. Miami, FL 33186, NDC 68968-5555-3","7469 boxes","Defective Delivery System: Out of specification for mechanical peel and shear.","03/02/2020","03/19/2020","05/18/2023","03/25/2020","Lot#: 86083, Exp 05/2020; 86282, Exp 06/2020"
"Drugs","No","","85136","Terminated","Par Pharmaceutical Inc.","1 Ram Ridge Rd","N/A","Chestnut Ridge","NY","	10977-6714","United States","Voluntary: Firm initiated","Letter","U.S.A. Nationwide","D-1035-2020","Class III","PrediniSONE Tablets, USP 5 mg, 48-count bottle,  Rx only, Distributed by: Par Pharmaceutical Chestnut Ridge, NY 10977,  NDC 0603-5337-31","13008 bottles","Labeling: Incorrect or Missing Exp Date - An incorrect expiration date has been identified on Prednisone Tablets USP 5 mg","03/04/2020","03/18/2020","04/09/2021","03/25/2020","Lot #: 8672518, Exp 12/21"
"Drugs","No","03/11/2020","85138","Terminated","The Harvard Drug Group","17177 N Laurel Park Dr Ste 233","N/A","Livonia","MI","	48152-3951","United States","Voluntary: Firm initiated","Letter","Nationwide","D-0999-2020","Class III","Quetiapine Fumarate Extended-Release Tablets, 50 mg, 100 tablets per unit dose carton, Rx only, Manufactured by: Lupin Limited, Pithampur (M.P.) 454775 India; Distributed by: Major Pharmaceuticals, 17177 N. Laurel Park Dr., Suite 233, Livonia, MI 48152 USA.  NDC: 0904-6801-61","330 cartons","Labeling; Incorrect or Missing Package Insert: Product was packaged with the package insert for Quetiapine Fumarate Tablets not Quetiapine Fumarate Extended-Release Tablets.","02/27/2020","03/11/2020","09/24/2022","03/18/2020","Lot, expiry: Lot N00028, exp 04/2021; Lot N00044, exp 06/2021"
"Drugs","No","03/11/2020","85138","Terminated","The Harvard Drug Group","17177 N Laurel Park Dr Ste 233","N/A","Livonia","MI","	48152-3951","United States","Voluntary: Firm initiated","Letter","Nationwide","D-1000-2020","Class III","Quetiapine Fumarate Extended-Release Tablets, 150 mg, 100 tablets per unit dose carton, Rx only, Manufactured by: Lupin Limited, Pithampur (M.P.) 454775 India; Distributed by: Major Pharmaceuticals, 17177 N. Laurel Park Dr., Suite 233, Livonia, MI 48152 USA.  NDC: 0904-6802-61","1 carton","Labeling; Incorrect or Missing Package Insert: Product was packaged with the package insert for Quetiapine Fumarate Tablets not Quetiapine Fumarate Extended-Release Tablets.","02/27/2020","03/11/2020","09/24/2022","03/18/2020","Lot, expiry: Lot N00036, exp 05/2021"
"Drugs","No","03/11/2020","85138","Terminated","The Harvard Drug Group","17177 N Laurel Park Dr Ste 233","N/A","Livonia","MI","	48152-3951","United States","Voluntary: Firm initiated","Letter","Nationwide","D-1001-2020","Class III","Quetiapine Fumarate Extended-Release Tablets, 200 mg, 100 tablets per unit dose carton, Rx only, Manufactured by: Lupin Limited, Pithampur (M.P.) 454775 India; Distributed by: Major Pharmaceuticals, 17177 N. Laurel Park Dr., Suite 233, Livonia, MI 48152 USA.  NDC: 0904-6803-61","115 cartons","Labeling; Incorrect or Missing Package Insert: Product was packaged with the package insert for Quetiapine Fumarate Tablets not Quetiapine Fumarate Extended-Release Tablets.","02/27/2020","03/11/2020","09/24/2022","03/18/2020","Lot, expiry: Lot N00037, exp 05/2021"
"Drugs","No","03/11/2020","85138","Terminated","The Harvard Drug Group","17177 N Laurel Park Dr Ste 233","N/A","Livonia","MI","	48152-3951","United States","Voluntary: Firm initiated","Letter","Nationwide","D-1002-2020","Class III","Quetiapine Fumarate Extended-Release Tablets, 300 mg, 100 tablets per unit dose carton, Rx only, Manufactured by: Lupin Limited, Pithampur (M.P.) 454775 India; Distributed by: Major Pharmaceuticals, 17177 N. Laurel Park Dr., Suite 233, Livonia, MI 48152 USA.  NDC: 0904-6804-61","N/A","Labeling; Incorrect or Missing Package Insert: Product was packaged with the package insert for Quetiapine Fumarate Tablets not Quetiapine Fumarate Extended-Release Tablets.","02/27/2020","03/11/2020","09/24/2022","03/18/2020","Lot, expiry: Lot N00037, exp 05/2021"
"Drugs","No","05/05/2020","85146","Terminated","Teva Pharmaceuticals USA","400 Interpace Pkwy","N/A","Parsippany","NJ","	07054-1120","United States","Voluntary: Firm initiated","Letter","Product was distributed to 1 wholesaler who still had all units within their possession and had not shipped or further distributed any of the product.","D-1260-2020","Class II","Epinephrine Injection USP, 0.3 mg (Auto-Injector), 0.3 mg/ 0.3 mL pre-filled syringe, Rx Only, Manufactured for Teva Pharmaceuticals USA, Inc. North Wales, PA 19454. NDC 0093-5986-27","600 cartons/2 auto-injector per carton","CGMP Deviations: Precautions taken due to Out-of-specification for trigger force for a non-marketed lot number that shares the same component.","03/05/2020","05/05/2020","11/19/2020","05/13/2020","Lot # 007F19AA, exp. date 04/2021"
"Drugs","No","","85081","Terminated","Redline Pharmacy Solutions","2415 Osborne Dr E Ste 100","N/A","Hastings","NE","	68901-1999","United States","Voluntary: Firm initiated","Telephone","Sold to patients in Nebraska","D-1007-2020","Class II","Morphine Sulfate, 20 mg/mL intrathecal, 20 mL per syringe.  Redline Specialty Pharmacy, 2415 Osborne Drive E, #100 Hastings, NE 68901","1 20 ml syringe","Lack Of Processing Controls","02/24/2020","03/12/2020","03/31/2022","03/18/2020","Lot 02242020@2"
"Drugs","No","","85152","Terminated","Mylan Pharmaceuticals Inc.","781 Chestnut Ridge Rd","N/A","Morgantown","WV","	26505-2730","United States","Voluntary: Firm initiated","Letter","Distributed Nationwide in the USA","D-1031-2020","Class II","Sotalol HCL Tablets, USP (AF) 80 mg, 100 count bottles, Rx Only, Mylan Pharmaceuticals Inc. Morgantown, WV 26505 USA. NDC 00378-5123-01","300 100-count bottles","Presence of particulate matter. presence of metal particles.","03/09/2020","03/18/2020","05/26/2021","03/25/2020","Lot # 3095754, exp. date 02/2021"
"Drugs","No","","85081","Terminated","Redline Pharmacy Solutions","2415 Osborne Dr E Ste 100","N/A","Hastings","NE","	68901-1999","United States","Voluntary: Firm initiated","Telephone","Sold to patients in Nebraska","D-1008-2020","Class II","Daptomycin, 500MG in 0.9% NACL 100ML Injectable  Redline Specialty Pharmacy, 2415 Osborne Drive E, #100 Hastings, NE 68901","16 doses","Lack Of Processing Controls","02/24/2020","03/12/2020","03/31/2022","03/18/2020","Lots 02242020@3, 02242020@9"
"Drugs","No","","85081","Terminated","Redline Pharmacy Solutions","2415 Osborne Dr E Ste 100","N/A","Hastings","NE","	68901-1999","United States","Voluntary: Firm initiated","Telephone","Sold to patients in Nebraska","D-1009-2020","Class II","Ertapenem in 100ML 0.9% NACL 1GM Injectable,  Redline Specialty Pharmacy, 2415 Osborne Drive E, #100 Hastings, NE 68901","8 doses","Lack Of Processing Controls","02/24/2020","03/12/2020","03/31/2022","03/18/2020","Lot 02242020@7"
"Drugs","No","","85081","Terminated","Redline Pharmacy Solutions","2415 Osborne Dr E Ste 100","N/A","Hastings","NE","	68901-1999","United States","Voluntary: Firm initiated","Telephone","Sold to patients in Nebraska","D-1010-2020","Class II","Vancomycin 900MG in 100ML 0.9% NACL Injectable,  Redline Specialty Pharmacy, 2415 Osborne Drive E, #100 Hastings, NE 68901","3 doses","Lack Of Processing Controls","02/24/2020","03/12/2020","03/31/2022","03/18/2020","Lot 02242020@8"
"Drugs","No","","85081","Terminated","Redline Pharmacy Solutions","2415 Osborne Dr E Ste 100","N/A","Hastings","NE","	68901-1999","United States","Voluntary: Firm initiated","Telephone","Sold to patients in Nebraska","D-1011-2020","Class II","Morphine Sulfate (MITIGO), 5 mg/mL intrathecal, 40 mL per syringe. Redline Specialty Pharmacy, 2415 Osborne Drive E, #100 Hastings, NE 68901","1 40 ml syringe","Lack Of Processing Controls","02/24/2020","03/12/2020","03/31/2022","03/18/2020","Lot 02242020@14"
"Drugs","No","","85158","Terminated","H J Harkins Company Inc dba Pharma Pac","1400 W Grand Ave Ste F","N/A","Grover Beach","CA","	93433-4221","United States","Voluntary: Firm initiated","Letter","Nationwide within the United States","D-1005-2020","Class II","Acetaminophen 500 mg tablet packaged in a) 30-count bottles ( NDC 52959-0002-30), b) 42-count bottles (NDC 52959-0002-42), c) 45-count bottles (NDC 52959-0002-45) and e) 50-count bottles (NDC 52959-0002-50) Repack: H.J. Harkins Co., Inc. Grover Beach, CA 93433","11,973 tablets","Presence of Foreign Tablets/Capsules: Complaint involving one Women's Prenatal dietary supplement tablet commingled in a bottle of Extra Strength Acetaminophen 500 mg contents 1000 count bottle","03/06/2020","03/12/2020","01/17/2024","03/18/2020","Lot #: AE00M, exp. date 08/2021"
"Drugs","No","03/24/2020","85169","Terminated","Lupin Pharmaceuticals Inc.","Harborplace Tower","111 S Calvert St Fl 21st","Baltimore","MD","	21202-6174","United States","Voluntary: Firm initiated","Letter","Nationwide in the USA and Puerto Rico.","D-1055-2020","Class III","Bekyree (desogestrel and ethinyl estradiol tablets USP, 0.15 mg/0.02 mg and ethinyl estradiol tablets USP, 0.01 mg), packaged in 1 Wallet of 28 Tablets (NDC 68180-879-11), 3 Wallets of 28 Tablets Each per carton (NDC 68180-879-13), Rx Only, Distributed by: Lupin Pharmaceuticals, Inc., Baltimore, Maryland 21202; Manufactured by: Lupin Limited, Pithampur (M.P.) - 454775, INDIA.","1,712 cartons","Failed Content Uniformity Specifications: Out Of Specification test results observed for content and blend uniformity.","03/09/2020","03/24/2020","05/25/2021","03/18/2020","Lot #: L800915, Exp July 2020"
"Drugs","No","03/24/2020","85169","Terminated","Lupin Pharmaceuticals Inc.","Harborplace Tower","111 S Calvert St Fl 21st","Baltimore","MD","	21202-6174","United States","Voluntary: Firm initiated","Letter","Nationwide in the USA and Puerto Rico.","D-1056-2020","Class II","Levonorgestrel and Ethinyl Estradiol Tablets USP, 0.05mg/0.03 mg, 0.075mg/0.04mg, and 0.125mg/0.03mg, packaged in 1 Wallet of 28 Tablets (NDC 68180-857-11), 3 Wallets of 28 Tablets Each per carton (NDC 68180-857-13); Rx Only, Distributed by: Lupin Pharmaceuticals, Inc., Baltimore, MD 21202; Manufactured by: Lupin Limited, Pithampur (M.P.) - 454775, INDIA.","9,897 cartons","Failed Content Uniformity Specifications: Out Of Specification test results observed for content uniformity.","03/09/2020","03/24/2020","05/25/2021","03/18/2020","Lot #: L800951, Exp July 2020"
"Drugs","No","03/24/2020","85181","Terminated","Jubilant Cadista Pharmaceuticals, Inc.","207 Kiley Dr","N/A","Salisbury","MD","	21801-2249","United States","Voluntary: Firm initiated","Letter","Distributed Nationwide in the USA","D-1058-2020","Class II","Pantoprazole Sodium Delayed-Release Tablets, USP, 40 mg, 90 count bottle, Rx Only, Manufactured by Jubilant Generics Ltd, Roorkee-247661 India, NDC 59746-284-90","89,376 90-count bottles","CGMP Deviations: Presence of dark brown discoloration on edges of tablets","03/11/2020","03/24/2020","06/10/2020","03/25/2020","Lot #  PA218005A, exp. date 12/2020, PA218P010, PA218P011, exp. date 04/2021, PA218108A, PA218110A, exp. date 06/2021"
"Drugs","No","","84127","Terminated","Perrigo Company PLC","515 Eastern Ave","N/A","Allegan","MI","	49010-9070","United States","Voluntary: Firm initiated","Press Release","Nationwide USA","D-1018-2020","Class II","Maximum Strength Acid Reducer, Ranitidine tablets, USP 150 mg, 24 tablets per bottle. [Brand, NDC] NDC Being Well: 46994-852-62; NDC Care One 41520-392-02; NDC CVS Health: 59779-540-02; NDC DG Health: 55910-852-02; NDC Equaline: 41163-852-62; NDC Equate: 49035-608-02; NDC Exchange Select: 55301-852-02; NDC Family Wellness: 55319-852-02; NDC Good Neighbor Pharmacy: 46122-224-62; NDC Good Sense 0113-0852-62; NDC Harris Teeter: 69256-041-62; NDC Health Mart 49348-109-04; NDC Kroger 30142-600-02; NDC Major 0904-6716-24; NDC Meijer: 41250-852-02; NDC Publix: 56062-099-02; NDC Rite Aid 11822-0852-5; NDC Select 7: 10202-852-62; NDC Shop Rite 41190-852-62; NDC Shopko: 37012-852-62; NDC Signature Care: 21130-116-02; NDC Sound Body: 50594-852-02; NDC Sunmark: 62011-0282-1; NDC Topcare: 36800-852-02; NDC Up & Up: 11673-023-02; NDC Walgreens: 0363-0852-62  ","N/A","CGMP Deviation; Possible contamination with impurity N-nitrosodimethylamine.","10/23/2019","03/13/2020","11/06/2020","03/25/2020","Lots:  8EE1452R,   8AE1743,   8BE1340,   8CE1549,   8CE1778,   8DE1128,   8DE1313,   8DE1640,   8EE1117,   8EE1234,   8EE1452,   8CE1314,   8CE1315,   8DE1096,   8DE1530,   8EE1699,   8GE1528,   8HE1465,   8JE2199,   8LE2172,   8DE1721,   8EE1299,   8FE1634,   8GE1833,   8GE1835,   8HE1337,   8LE2173,   8LE2380,   9BE2888,   8JE2162,   8KE2495,   8KE2496,   8LE2169,   9BE2772,   9BE2889,   9CE3771,   9DE2854,   8LE2288,   8LE2592,   8LE2593,   8ME3124,   8ME3125,   9BE2773,   9BE2774,   9DE3234,   9EE2603,   9EE2903,   9FE2952,   9CE3689,   9CE3690,   9EV1891,   9FV1152,   9DE2868,   9DE2869,   9EE2760,   9FV1153,   9EE2779,   9GE2879,   9HE3558,   9JE2591,   9FE3109,   9FE3110,   9GE2869,   9HE3433,   9JE2541"
"Drugs","No","","85184","Terminated","Sun Pharmaceutical Industries, Inc.","270 Prospect Plains Rd","N/A","Cranbury","NJ","	08512-3605","United States","Voluntary: Firm initiated","Letter","U.S.A. Nationwide","D-1047-2020","Class II","Atorvastatin Calcium Tablets, USP 40 mg, Rx only, 500-count bottle, Manufactured by: Sun Pharmaceutical Industries Limited Mohali, INDIA, Distributed by: Sun Pharmaceutical Industries, Inc. Cranbury, NJ 08512, NDC 63304-829-05","1416 bottles","Presence of foreign substance: Foreign matter has been identified as latex glove in one lot of Atorvastatin Calcium Tablets USP 40 mg.","03/09/2020","03/19/2020","02/09/2021","03/25/2020","Lot#: AA33617, Exp 03/2021"
"Drugs","No","","84127","Terminated","Perrigo Company PLC","515 Eastern Ave","N/A","Allegan","MI","	49010-9070","United States","Voluntary: Firm initiated","Press Release","Nationwide USA","D-1019-2020","Class II","Maximum Strength Acid Reducer, Cool Mint Ranitidine tablets, USP 150 mg, 24 tablets per bottle. [Brand, NDC] NDC Care One: 41520-609-62; NDC CVS Health: 59779-950-62; NDC DG Health: 55910-423-62; NDC Equaline: 41163-950-62; NDC Family Wellness: 55319-523-62; NDC Good Neighbor Pharmacy: 46122-041-62; NDC HEB:  37808-710-02; NDC Kroger: 30142-891-02; NDC Leader: 70000-0378-1; NDC Meijer: 41250-950-02; NDC Rite Aid: 11822-0950-0; NDC Shopko: 37012-950-62; NDC Signature Care: 21130-568-62; NDC Topcare: 36800-950-62; NDC Walgreens: 0363-0950-02","N/A","CGMP Deviation; Possible contamination with impurity N-nitrosodimethylamine.","10/23/2019","03/13/2020","11/06/2020","03/25/2020","Lots:  8FV1462,   8GV1289,   8BE1465,   8CE1616,   8DE1277,   8DE1580,   8DE1766,   8FE1348,   8GE1527,   8GE1733,   8GE1735,   8HE1466,   8HE1590,   8JE2232,   8KE2676,   8LE2283,   8LE2284,   8LE2345,   8ME2640,   9AE2663,   9AE2863,   9AE2864,   9BE3158,   9CE3773,   9CE3774,   9CE3879,   9EE2499,   9EE2635,   9EE2904,   9FE2821,   9FE2953,   9FE3369,   9GE2653,   9GE2905,   9GE3077,   9GE3115,   9HE3546,   9HE3559,   9JE2593"
"Drugs","No","","84127","Terminated","Perrigo Company PLC","515 Eastern Ave","N/A","Allegan","MI","	49010-9070","United States","Voluntary: Firm initiated","Press Release","Nationwide USA","D-1020-2020","Class II","Maximum Strength Acid Reducer, Cool Mint Ranitidine tablets, USP 150 mg, 40 tablets per bottle. [Brand, NDC] NDC Up & Up: 11673-950-58","N/A","CGMP Deviation; Possible contamination with impurity N-nitrosodimethylamine.","10/23/2019","03/13/2020","11/06/2020","03/25/2020","Lots: 9BE3161,   9CE3880,   9EE2500,   9FE2823,   9GE2656,   9HE3554,   9JE2676"
"Drugs","No","","85183","Terminated","Aurobindo Pharma USA Inc.","279 Princeton Hightstown Rd","N/A","East Windsor","NJ","	08520-1401","United States","Voluntary: Firm initiated","Letter","Nationwide within the United States","D-1229-2020","Class II","Acetaminophen and Codeine Phosphate Tablets, USP, 300 mg/15 mg, 100-count bottles, Rx Only, Distributed by: Aurobindo Pharma USA, Inc., Dayton, NJ 08810, NDC 13107-058-01","14194 units","CGMP Deviations: Products were manufactured in a processing area in which water leakage was observed","03/18/2020","04/13/2020","03/25/2024","04/22/2020","Lot #: 058180015A, 058180016A, Exp. Date 07/2021; 05818017B1, Exp. Date 09/2021"
"Drugs","No","","84127","Terminated","Perrigo Company PLC","515 Eastern Ave","N/A","Allegan","MI","	49010-9070","United States","Voluntary: Firm initiated","Press Release","Nationwide USA","D-1021-2020","Class II","Maximum Strength Acid Reducer, Ranitidine tablets, USP 150 mg, 50 tablets per bottle. [Brand, NDC] NDC DG Health: 55910-852-71; NDC Good Neighbor Pharmacy: 46122-224-71; NDC Good Sense: 0113-0852-71; NDC Harris Teeter: 69256-041-71; NDC Kroger: 30142-600-71; NDC Major: 0904-6716-51; NDC Meijer: 41250-852-71; NDC Publix: 56062-099-71; NDC Rite Aid: 11822-0852-2; NDC Signature Care: 21130-116-71; NDC Topcare: 36800-852-71","N/A","CGMP Deviation; Possible contamination with impurity N-nitrosodimethylamine.","10/23/2019","03/13/2020","11/06/2020","03/25/2020","Lots: 8AE1744,   8BE1369,   8CE1377,   8CE1378,   8DE1103,   8DE1531,   8EE1700,   8FV0829,   8DE1722,   8EE1317,   8FE1635,   8GE1921,   8HE1342,   8KE2503R,   8JE2154,   8KE2503,   8LE2198,   8LE2597,   9AE2499,   9BE2862,   9BE2863,   9CE3723,   9DE2890,   9DE2891,   9EE2812,   9FE3187,   9GE2885,   9HE3435,   9JE2656"
"Drugs","No","","84127","Terminated","Perrigo Company PLC","515 Eastern Ave","N/A","Allegan","MI","	49010-9070","United States","Voluntary: Firm initiated","Press Release","Nationwide USA","D-1022-2020","Class II","Maximum Strength Acid Reducer, Ranitidine tablets, USP 150 mg, 65 tablets per bottle. [Brand, NDC] NDC Care One: 41520-392-09; NDC CVS Health: 59779-540-09; NDC Family Wellness: 55319-852-09; NDC Good Neighbor Pharmacy: 46122-532-09; NDC HEB: 37808-507-09; NDC Health Mart: 49348-109-54; NDC Meijer: 41250-891-09; NDC Rite Aid: 11822-0852-3; NDC Shopko: 37012-852-09; NDC Sound Body: 50594-852-09; NDC Sunmark: 49348-109-54; NDC Up & Up: 11673-852-09; NDC Walgreens: 0363-0852-09","N/A","CGMP Deviation; Possible contamination with impurity N-nitrosodimethylamine.","10/23/2019","03/13/2020","11/06/2020","03/25/2020","Lots: 8AE1752,   8BE1412,   8CE1437,   8CE1439,   8DE1141,   8DE1737,   8EE1318,   8FE1690,   8GE1928,   8HE1395,   8JE2155,   8KE2516,   8LE2253,   8LE2624,   9AE2522,   9BE2933,   9BE2934,   9CE3734,   9DE3070,   9EE2830,   9FE3266,   9GE2934"
"Drugs","No","","85183","Terminated","Aurobindo Pharma USA Inc.","279 Princeton Hightstown Rd","N/A","East Windsor","NJ","	08520-1401","United States","Voluntary: Firm initiated","Letter","Nationwide within the United States","D-1230-2020","Class II","Acetaminophen and Codeine Phosphate Tablets, USP, 300 mg/30 mg, 100-count bottles, Rx Only, Distributed by: Aurobindo Pharma USA, Inc., Dayton, NJ 08810, NDC 13107-059-99","4332 units","CGMP Deviations: Products were manufactured in a processing area in which water leakage was observed","03/18/2020","04/13/2020","03/25/2024","04/22/2020","Lot #: 059180023A, 059180024A and 059180025A, Exp. Date 05/2021"
"Drugs","No","","85183","Terminated","Aurobindo Pharma USA Inc.","279 Princeton Hightstown Rd","N/A","East Windsor","NJ","	08520-1401","United States","Voluntary: Firm initiated","Letter","Nationwide within the United States","D-1231-2020","Class II","Acetaminophen and Codeine Phosphate Tablets, USP, 300 mg/60 mg, 100-count bottles, Rx Only, Distributed by: Aurobindo Pharma USA, Inc., Dayton, NJ 08810, NDC 13107-060-01","57337 units","CGMP Deviations: Products were manufactured in a processing area in which water leakage was observed","03/18/2020","04/13/2020","03/25/2024","04/22/2020","Lot #:  060180017A, 060180019B1, 060180020A and 060180021A, Exp. Date 06/2021"
"Drugs","No","","84127","Terminated","Perrigo Company PLC","515 Eastern Ave","N/A","Allegan","MI","	49010-9070","United States","Voluntary: Firm initiated","Press Release","Nationwide USA","D-1023-2020","Class II","Maximum Strength Acid Reducer, Cool Mint Ranitidine tablets, USP 150 mg, 65 tablets per bottle. [Brand, NDC] NDC Basic Care: 0113-7950-09; NDC CVS Health: 59779-950-09; NDC Equate: 49035-800-09; NDC Good Neighbor Pharmacy: 46122-533-09; NDC Kroger: 30142-891-09; NDC Topcare: 36800-950-09; NDC Up & Up: 11673-950-09; NDC Walgreens: 0363-0950-09","N/A","CGMP Deviation; Possible contamination with impurity N-nitrosodimethylamine.","10/23/2019","03/13/2020","11/06/2020","03/25/2020","Lots: 8AE1884,   8BE1466,   8DE1318,   8CE1617,   8DE1319,   8EE1326,   8DE1611,   8DE1767,   8FE1350,   8FE1352,   8GE1736,   8GE1840,   8GE1859,   8HE1592,   8HE1593,   8HE1594,   8JE2234,   9CE3263,   8JE2233,   8LE2360,   8KE2704,   8ME2641,   8ME2642,   9AE2675,   9AE2676,   9CE3265,   9CE3881,   9DE2585,   9EE2501,   9EE2502,   9FE2825,   9FE2827,   9GE2657,   9GE3124,   9GE3122,   9HE3555"
"Drugs","No","","84127","Terminated","Perrigo Company PLC","515 Eastern Ave","N/A","Allegan","MI","	49010-9070","United States","Voluntary: Firm initiated","Press Release","Nationwide USA","D-1024-2020","Class II","Maximum Strength Acid Reducer, Ranitidine tablets, USP 150 mg, 90 tablets per bottle. [Brand, NDC] NDC Equate: 49035-608-75; NDC Up & Up: 11673-023-75","N/A","CGMP Deviation; Possible contamination with impurity N-nitrosodimethylamine.","10/23/2019","03/13/2020","11/06/2020","03/25/2020","Lots: 8EE1702,   8EE1703,   8EE1704,   8FE1724,   8GE1942,   8HE1396,   8HE1397,   8JE2156,   8KE2521,   8KE2523,   8LE2255,   8LE2665,   8LE2668,   9AE2541,   9AE2542,   9AE2543,   9BE2993,   9BE2994,   9BE2995,   9CE3735,   9CE3736,   9DE3108,   9DE3109,   9DE3110,   9EE2872,   9EE2880,   9FE3273,   9FE3276,   9GE2978,   9GE2979,   9HE3437,   9HE3438"
"Drugs","No","","84127","Terminated","Perrigo Company PLC","515 Eastern Ave","N/A","Allegan","MI","	49010-9070","United States","Voluntary: Firm initiated","Press Release","Nationwide USA","D-1025-2020","Class II","Maximum Strength Acid Reducer, Cool Mint Ranitidine tablets, USP 150 mg, 90 tablets per bottle. [Brand, NDC] NDC Equate: 49035-800-75; NDC Up & Up: 11673-950-75","N/A","CGMP Deviation; Possible contamination with impurity N-nitrosodimethylamine.","10/23/2019","03/13/2020","11/06/2020","03/25/2020","Lots:8EE1514,   8EE1515,   8FE1353,   8GE1732,   8GE1864,   8HE1652,   8HE1653,   8JE2235,   8KE2724,   8KE2725,   8LE2367,   8ME2643,   8ME2644,   9AE2766,   9AE2767,   9CE3273,   9CE3274,   9DE2629,   9DE2630,   9EE2516,   9EE2517,   9FE2915,   9FE2916,   9GE2694,   9GE3144"
"Drugs","No","","84127","Terminated","Perrigo Company PLC","515 Eastern Ave","N/A","Allegan","MI","	49010-9070","United States","Voluntary: Firm initiated","Press Release","Nationwide USA","D-1026-2020","Class II","Maximum Strength Acid Reducer, Ranitidine tablets, USP 150 mg, 95 tablets per bottle. [Brand, NDC] NDC Basic Care: 0113-7852-01; NDC Berkley Jensen: 68391-852-56; NDC: CVS Health: 59779-540-01; NDC DG Health: 55910-011-01; NDC Kirkland: 63981-852-56; NDC Kroger: 30142-600-56; NDC Meijer: 41250-852-01; NDC Rite Aid: 11822-0852-4; NDC Walgreens: 0363-0852-01","N/A","CGMP Deviation; Possible contamination with impurity N-nitrosodimethylamine.","10/23/2019","03/13/2020","11/06/2020","03/25/2020","Lots:8CE1446,   8DE1740,   8FE1238,   8FE1794,   8GE1964,   8JE2159,   8ME2546,   8ME2547,   9BE3011,   9CE3854,   9DE3158,   9FE3340,   9HE3445,   9JE2663,   8AE1779,   8BE1414,   8DE1199,   8DE1200,   8DE1532,   8EE1321,   8FE1239,   8FE1346,   8FE1793,   8HE1516,   8KE2563,   8KE2563R,   8LE2260,   9AE2610,   9AE2612,   9BE3012,   9BE3013,   9CE3852,   9DE3156R,   9DE3160,   9DE3161,   9EE2952,   9FE3338,   9GE2993,   8AV1095,   8AV1150,   8AV1235,   8AV1236,   8AV1237,   8BV0896,   8BV0897,   8BV0910,   8BV1737,   8BV1757,   8BV1758,   8CV0930,   8CV1316,   8CV1317,   8CV1319,   8CV1324,   8CV1633,   8DV1128,   8DV1129,   8DV1134,   8EV0993,   8EV0994,   8EV0995,   8EV1240,   8FV0712,   8FV0912,   8FV0913,   8FV0914,    8FV0915,   8GV0847,   8GV0849,   8GV0997,   8HV0926,   8HV0928,   8HV1534,   8HV1535,   8JV0730,   8JV0944,   8KV2339,   8KV2348,   8KV2485,   8LV1791,   8LV2205,   8MV1650,   8MV1712,   9AV2395,   9AV2679,   9AV2680,   9BV2182,   9CV1345,   9CV1346,   9CV1347,   9CV1348,   9CV1349,   9DV1511,   9DV1515,   9EV1422,   9EV1585,   9EV1596,   9FV1132,   9FV1275R,   9FV1330,   9FV1331,   9FV1332,   9FV1333,   9FV1339,   9FV1954,   9FV1972,   9GV1675,   9GV1994,   9HV1415"
"Drugs","No","03/23/2020","85186","Terminated","Breckenridge Pharmaceutical, Inc","15 Massirio Dr Ste 201","N/A","Berlin","CT","	06037-2352","United States","Voluntary: Firm initiated","Letter","Product was distributed nationwide within the United States.","D-1050-2020","Class II","Solifenacin Succinate Tablets, 5mg, packaged in a) 30-count bottles (NDC 51991-893-33) and b) 90-count bottles (NDC 51991-893-90) Distributed by: Breckenridge Pharmaceutical, Inc. Boca Raton, FL 33487; Manufactured by: Piramal Enterprises Limited Plot No 67-70, Sector -2 Pithampur 454 775, Dist, Dhar Madhya Pradesh, INDIA","11,250 bottles","CGMP Deviations: During manufacturing Solifenacin Succinate Tablets might convert to Solifenacin Tartrate Tablets.","01/24/2020","03/23/2020","10/19/2020","03/25/2020","Lot #: a) 81244, 81217, Exp. Date 01/2021 and b) 81245, Exp. Date 01/2021"
"Drugs","No","","84127","Terminated","Perrigo Company PLC","515 Eastern Ave","N/A","Allegan","MI","	49010-9070","United States","Voluntary: Firm initiated","Press Release","Nationwide USA","D-1027-2020","Class II","Maximum Strength Acid Reducer, Cool Mint Ranitidine tablets, USP 150 mg, 95 tablets per bottle. [Brand, NDC] NDC Basic Care: 0113-7950-01; NDC CVS Health: 59779-950-01","N/A","CGMP Deviation; Possible contamination with impurity N-nitrosodimethylamine.","10/23/2019","03/13/2020","11/06/2020","03/25/2020","Lots: 8BE1032,   8BE1486,   8CE1638,   8DE1361,   8DE1612,   8FE1354,   8GE1737,   8HE1654,   8JE2237,   8KE2726,   8LE2369,   8ME2645,   9AE2777,   9CE3315,   9DE2720,   9EE2578,   9FE2956,   9GE2698,   9GE3202"
"Drugs","No","03/23/2020","85186","Terminated","Breckenridge Pharmaceutical, Inc","15 Massirio Dr Ste 201","N/A","Berlin","CT","	06037-2352","United States","Voluntary: Firm initiated","Letter","Product was distributed nationwide within the United States.","D-1051-2020","Class II","Solifenacin Succinate Tablets, 10 mg, packaged in a) 30-count bottles (NDC 51991-894-33) and b) 90-count bottles (NDC 51991-894-90),  Distributed by: Breckenridge Pharmaceutical, Inc. Boca Raton, FL 33487; Manufactured by: Piramal Enterprises Limited Plot No 67-70, Sector -2 Pithampur 454 775, Dist, Dhar Madhya Pradesh, INDIA","11, 250 bottles","CGMP Deviations: During manufacturing Solifenacin Succinate Tablets might convert to Solifenacin Tartrate Tablets.","01/24/2020","03/23/2020","10/19/2020","03/25/2020","Lot #: a) 81253, 81272, Exp. Date 01/2021 and b) 81268, Exp. Date 01/2021"
"Drugs","No","","84127","Terminated","Perrigo Company PLC","515 Eastern Ave","N/A","Allegan","MI","	49010-9070","United States","Voluntary: Firm initiated","Press Release","Nationwide USA","D-1028-2020","Class II","Maximum Strength Acid Reducer, Ranitidine tablets, USP 150 mg, 200 tablets per bottle.  [Brand, NDC] NDC Basic Care: 0113-7852-82; NDC CVS Health: 59779-540-82; NDC HEB: 37808-507-82; NDC Signature Care: 21130-116-82; NDC Walgreens: 0363-0852-82","N/A","CGMP Deviation; Possible contamination with impurity N-nitrosodimethylamine.","10/23/2019","03/13/2020","11/06/2020","03/25/2020","Lots: 8AE1291,   8AE1785,   8BE1415,   8CE1525,   8DE1201,   8DE1741,   8EE1323,   8FE1806,   8GE1965,   8HE1517,   8JE2161,   8KE2565,   8LE2261,   8ME2548,   9AE2658,   9BE3018,   9CE3861,   9DE3244,   9FE2820,   9FE3373,   9GE3094,   9HE3449,   9JE2665"
"Drugs","No","","85207","Terminated","Matthew 7:25 Inc dba Thrive Pharmacy","2683 Saint Johns Bluff Rd S Ste 135","N/A","Jacksonville","FL","	32246-3765","United States","Voluntary: Firm initiated","Telephone","Florida","D-1052-2020","Class II","Buprexone Banana cream 6-0.6 mg Troche, supplied in plastic troche molds with cardboard outer sleeve, Thrive Pharmacy 2863 St Johns Bluff RD. South # 135 Jacksonville, Florida","71 troches","Subpotent Drug","03/10/2020","03/23/2020","06/02/2023","04/01/2020","Lot: 190918B Exp. 03/16/2020"
"Drugs","No","","85207","Terminated","Matthew 7:25 Inc dba Thrive Pharmacy","2683 Saint Johns Bluff Rd S Ste 135","N/A","Jacksonville","FL","	32246-3765","United States","Voluntary: Firm initiated","Telephone","Florida","D-1053-2020","Class II","Buprenorphine Watermelon 8 mg Troche, supplied in plastic troche molds with cardboard outer sleeve, Thrive Pharmacy 2863 St Johns Bluff RD. South # 135 Jacksonville, Florida","403 troches","Subpotent Drug","03/10/2020","03/23/2020","06/02/2023","04/01/2020","Lot: 191203F Exp. 05/31/2020"
"Drugs","No","","85207","Terminated","Matthew 7:25 Inc dba Thrive Pharmacy","2683 Saint Johns Bluff Rd S Ste 135","N/A","Jacksonville","FL","	32246-3765","United States","Voluntary: Firm initiated","Telephone","Florida","D-1054-2020","Class II","Buprenorphine Black Cherry 2 mg Troche, supplied in plastic troche molds with cardboard outer sleeve, Thrive Pharmacy 2863 St Johns Bluff RD. South # 135 Jacksonville, Florida","89 troches","Subpotent Drug","03/10/2020","03/23/2020","06/02/2023","04/01/2020","Lot: 191217A Exp. 06/14/2020"
"Drugs","No","04/06/2020","85212","Terminated","PharMEDium Services, LLC","36 Stults Rd","N/A","Dayton","NJ","	08810","United States","Voluntary: Firm initiated","Letter","Distributed Nationwide in the US","D-1081-2020","Class II","ePHEDrine Sulfate, 5 mg per mL, 50 mg per 10 mL,  In 0.9% Sodium Chloride 10 mL syringe, For IV Use Preservative Free PharMEDium 913 N. Davis Ave. Cleveland, MS NDC 71030-003-12","1075 units","Firm is recalling 46 lots of various products because of a lack of sterility assurance.","03/16/2020","04/06/2020","02/14/2025","04/15/2020","193500004D  3/16/2020  193510006D   3/17/2020  193530011D  3/19/2020  193570003D 3/23/2020"
"Drugs","No","04/06/2020","85212","Terminated","PharMEDium Services, LLC","36 Stults Rd","N/A","Dayton","NJ","	08810","United States","Voluntary: Firm initiated","Letter","Distributed Nationwide in the US","D-1082-2020","Class II","nICARdipine HCl (0.1 mg/mL) 1 mg/10mL,  in 0.9% Sodium Chloride Injection USP, 10 ml in a 20mL syringe, Rx Only, PharMEDium Services LLC 12620 W. Airport Boulevard #130 Sugar Land, TX 77470. NDC 71019-206-01 ","80 units","Firm is recalling 46 lots of various products because of a lack of sterility assurance.","03/16/2020","04/06/2020","02/14/2025","04/15/2020","193540006D, Exp 3/22/2020"
"Drugs","No","04/06/2020","85212","Terminated","PharMEDium Services, LLC","36 Stults Rd","N/A","Dayton","NJ","	08810","United States","Voluntary: Firm initiated","Letter","Distributed Nationwide in the US","D-1083-2020","Class II","rocuronium Bromide 10 mg per mL 50 mg per 5 mL, 5 mL BD Syringe, For IV Use,  PharMEDium 913 N. Davis Ave. Cleveland, MS. Preservative Free, NDC 71019-321-10    ","4625 units","Firm is recalling 46 lots of various products because of a lack of sterility assurance.","03/16/2020","04/06/2020","02/14/2025","04/15/2020","193510017D  3/17/2020    193530001D 3/19/2020    193540002D  3/22/2020"
"Drugs","No","04/06/2020","85212","Terminated","PharMEDium Services, LLC","36 Stults Rd","N/A","Dayton","NJ","	08810","United States","Voluntary: Firm initiated","Letter","Distributed Nationwide in the US","D-1084-2020","Class II","HYDROmorphone in 0.9% Sodium Chloride HCl, 1 mg per mL, For IV Use, 30 mg per 30 mL, 30 mL in a 35 mL Monoject Barrel Syringe, PharMEDium Services LLC 913 M. Davis Ave Cleveland, MS. NDC 61553-166-44","1840 units","Firm is recalling 46 lots of various products because of a lack of sterility assurance.","03/16/2020","04/06/2020","02/14/2025","04/15/2020","193510022D 3/17/2020  193510023D 3/17/2020   193580012D  3/25/2020  193600013D  3/26/2020  193640016D  3/30/2020  193530020D  3/19/2020  193540023D 3/22/2020  193540026D 3/22/2020"
"Drugs","No","04/06/2020","85212","Terminated","PharMEDium Services, LLC","36 Stults Rd","N/A","Dayton","NJ","	08810","United States","Voluntary: Firm initiated","Letter","Distributed Nationwide in the US","D-1085-2020","Class II","fentaNYL Citrate 10 mcg per mL, 2,500 mcg per 250 mL,  250 mL in a LifeCare Bag, in Sodium Chloride 0.9%. Rx Only, PharMEDium Services, LLC 913 N. Davis Ave Cleveland, MS 36732  NDC 61553-113-50  ","210 units","Firm is recalling 46 lots of various products because of a lack of sterility assurance.","03/16/2020","04/06/2020","02/14/2025","04/15/2020","193610002D, Exp 3/29/2020"
"Drugs","No","","85217","Terminated","Medical Center Pharmacy, Inc.","2401 N Ocoee St","N/A","Cleveland","TN","	37311-3853","United States","Voluntary: Firm initiated","Telephone","Specific prescriptions to patients in TN","D-1073-2020","Class II","C-*Albumin Eye Drop 10% S, packaged in 10 mL bottles, Rx only, Medical Center Pharmacy, 2401 Ocoee Street, Cleveland, TN 37311, NDC 44206-0251-05.","2 bottles","Lack of Assurance of Sterility: due to concerns with production processes which cannot assure sterility of products intended to be sterile.","03/13/2020","04/01/2020","10/14/2022","04/08/2020","Lot: 03042020@28 BUD: 03/18/2020; 03032020@3 BUD: 03/17/2020"
"Drugs","No","","85217","Terminated","Medical Center Pharmacy, Inc.","2401 N Ocoee St","N/A","Cleveland","TN","	37311-3853","United States","Voluntary: Firm initiated","Telephone","Specific prescriptions to patients in TN","D-1074-2020","Class II","C-*Vancomycin Opthal 14 mg drops, 5 mL bottle, Rx only, Medical Center Pharmacy, 2401 Ocoee Street, Cleveland, TN 37311, NDC 67457-0340-01.","1 bottle","Lack of Assurance of Sterility: due to concerns with production processes which cannot assure sterility of products intended to be sterile.","03/13/2020","04/01/2020","10/14/2022","04/08/2020","Lot: 03042020@7 BUD: 03/18/2020"
"Drugs","No","","85217","Terminated","Medical Center Pharmacy, Inc.","2401 N Ocoee St","N/A","Cleveland","TN","	37311-3853","United States","Voluntary: Firm initiated","Telephone","Specific prescriptions to patients in TN","D-1075-2020","Class II","*Morphine 2 mg/mL Cassette, 100 mL CADD Cassette, Rx only, Medical Center Pharmacy, 2401 N. Ocoee Street, Cleveland, TN 37311, NDC 00409-1134-03.","1 cassette","Lack of Assurance of Sterility: due to concerns with production processes which cannot assure sterility of products intended to be sterile.","03/13/2020","04/01/2020","10/14/2022","04/08/2020","Lot: 03032020@34 BUD: 03/17/2020"
"Drugs","No","","85217","Terminated","Medical Center Pharmacy, Inc.","2401 N Ocoee St","N/A","Cleveland","TN","	37311-3853","United States","Voluntary: Firm initiated","Telephone","Specific prescriptions to patients in TN","D-1076-2020","Class II","C-*Gentamicin/Bacitracin Bladder Irrigation in N.S., 250 mL bags, Rx only, Medical Center Pharmacy, 2401 Ocoee Street, Cleveland, TN 37311, NDC 63323-0010-02.","2 bags","Lack of Assurance of Sterility: due to concerns with production processes which cannot assure sterility of products intended to be sterile.","03/13/2020","04/01/2020","10/14/2022","04/08/2020","Lot: 03022020@3 BUD: 03/16/2020"
"Drugs","No","","85217","Terminated","Medical Center Pharmacy, Inc.","2401 N Ocoee St","N/A","Cleveland","TN","	37311-3853","United States","Voluntary: Firm initiated","Telephone","Specific prescriptions to patients in TN","D-1077-2020","Class II","*Mitomycin 0.04% Ophth DR eye drops, 5 mL bottle, Rx only,  Medical Center Pharmacy, 2401 N. Ocoee Street, Cleveland, TN 37311, NDC 67457-0518-05.","2 bottles","Lack of Assurance of Sterility: due to concerns with production processes which cannot assure sterility of products intended to be sterile.","03/13/2020","04/01/2020","10/14/2022","04/08/2020","Lot: 03022020@5 BUD: 03/16/2020"
"Drugs","No","","85226","Terminated","Jubilant Draximage Inc","16751 Rte Transcanadienne","N/A","Kirkland","N/A","	N/A","Canada","Voluntary: Firm initiated","Letter","Product was distributed throughout the United States.","D-1062-2020","Class II","DRAXIMAGE DTPA (KIT FOR THE PREPARATION OF TECHNETIUM TC 99M PENTETATE INJECTION), 20 mg vial, Rx only, Manufactured for: Jubilant Draximage, Inc., Kirkland, Quebec, Canada, NDC 65174-288-05, 67175-288-30","473 kits of 30 vials","Failed Stability Specifications","03/19/2020","03/25/2020","05/19/2021","04/01/2020","Lot # 8K143, Exp 10/31/2020."
"Drugs","No","","85224","Terminated","Glaxosmithkline Consumer Healthcare Holdings","184 Liberty Corner Rd","N/A","Warren","NJ","	07059-6796","United States","Voluntary: Firm initiated","Letter","Product was distributed throughout the United States, including Puerto Rico.","D-1065-2020","Class II","Ibuprofen 200 mg Chlorpheniramine Maleate 4mg Phenylephrine 10 mg tablets.  Advil Allergy & Congestion Relief  10 and 20 count blister tray in carton   NDC 0573-0196-10, item # F00573019610C, 10 ct. blister  NDC 0573-0196-20, item # F00573019620C, 20 ct. blister  NDC 0573-0196-10, item # F00573019610R, 10 ct. blister    ","471,024 blisters","Labeling: Lacks Warning or Rx Legend- Certain lots does not include required safety warning information in the Drug Facts Panel.","03/16/2020","03/26/2020","10/28/2021","04/01/2020","Batch/Lot Numbers:  R73995, exp. date 07/31/2021  R53915, exp. date 05/31/2020  9324HA, exp. date 07/31/2021  9327HA, exp. date 07/31/2021"
"Drugs","No","","85224","Terminated","Glaxosmithkline Consumer Healthcare Holdings","184 Liberty Corner Rd","N/A","Warren","NJ","	07059-6796","United States","Voluntary: Firm initiated","Letter","Product was distributed throughout the United States, including Puerto Rico.","D-1066-2020","Class II","Ibuprofen 200 mg liquid filled capsules  Advil Liqui-Gel Minis, 160 count bottle  NDC 0573-1769-89  NDC 0573-1769-95","446,628 bottles","Labeling: Lacks Warning or Rx Legend- Certain lots does not include required safety warning information in the Drug Facts Panel.","03/16/2020","03/26/2020","10/28/2021","04/01/2020","Batch/Lot Numbers:  R53074, exp. date 10/31/2020, item # F00573176989, 160 ct.   R53075, exp. date 10/31/2020, item # F00573176989, 160 ct.   R53076, exp. date 11/30/2020, item # F00573176989, 160 ct.  R53077, exp. date 11/30/2020, item # F00573176989, 160 ct.  R53081, exp. date 11/30/2020, item # F00573176989, 160 ct.  R53901, exp. date 02/28/2021, item # F00573176989, 160 ct.  R53902, exp. date 03/31/2021, item # F00573176989, 160 ct.  R62780, exp. date 06/30/2021, item # F00573176989, 160 ct."
"Drugs","No","","85224","Terminated","Glaxosmithkline Consumer Healthcare Holdings","184 Liberty Corner Rd","N/A","Warren","NJ","	07059-6796","United States","Voluntary: Firm initiated","Letter","Product was distributed throughout the United States, including Puerto Rico.","D-1067-2020","Class II","Ibuprofen 50 mg per 1.25 mL Oral Suspension  Advil Infant Concentrated Drops White Grape  0.75 oz. and 1 oz. bottles  NDC 0573-0191-75 (0.75 oz.)  NDC 0573-0191-50 (1 oz.)","151,056 bottles","Labeling: Lacks Warning or Rx Legend- Certain lots does not include required safety warning information in the Drug Facts Panel.","03/16/2020","03/26/2020","10/28/2021","04/01/2020","Batch/Lot #   R73761, exp. date 01/31/2021, Item # F00573019175, 0.75 oz.   R74936, exp. date 02/28/2021, Item # F00573019175, 0.75 oz.  R56290, exp. date 03/31/2020, Item # F00573019150, 1 oz.  R60959, exp. date 02/28/2021, Item # F00573019150, 1 oz.   R78826, exp. date 11/30/2021, Item # F00573019150, 1 oz.   9335UA, exp. date 01/31/2021, item # F00573019175A - Co-package  9336UA, exp. date 02/28/2021, item # F00573019175A - Co-package"
"Drugs","No","","85224","Terminated","Glaxosmithkline Consumer Healthcare Holdings","184 Liberty Corner Rd","N/A","Warren","NJ","	07059-6796","United States","Voluntary: Firm initiated","Letter","Product was distributed throughout the United States, including Puerto Rico.","D-1068-2020","Class II","Advil Sinus Congestion and Pain/Advil Allergy and Congestion Relief 8 pc with $1 IRC (mixed product display - only Advil Allergy & Congestion is impacted).   NDC # 0573-2161-14  SKU# F00573216114A (original lot # R73995)  Co-packaged Batch/Lot # 0045DB, 9327VB, 0017DA & 9353WA  ","566 blister packs","Labeling: Lacks Warning or Rx Legend- Certain lots does not include required safety warning information in the Drug Facts Panel.","03/16/2020","03/26/2020","10/28/2021","04/01/2020","Batch/Lot #   0045DB, exp. date 07/31/2021, original lot # R73995  9327VB, exp. date 07/31/2021, original lot # R73995  0017DA, exp. date 07/31/2021, original lot # R73995  9353WA, exp. date 07/31/2021, original lot # R73995"
"Drugs","No","","85224","Terminated","Glaxosmithkline Consumer Healthcare Holdings","184 Liberty Corner Rd","N/A","Warren","NJ","	07059-6796","United States","Voluntary: Firm initiated","Letter","Product was distributed throughout the United States, including Puerto Rico.","D-1069-2020","Class II","Advil Liqui-Gel Mini 160+20+20 CT (e-commerce)  NDC # 0573-1715-59  SKU# F00573171559 (original lot # R53074)  Co-packaged Batch/Lot # 0198FR & 3188FRB","4,104 bottles","Labeling: Lacks Warning or Rx Legend- Certain lots does not include required safety warning information in the Drug Facts Panel.","03/16/2020","03/26/2020","10/28/2021","04/01/2020","Batch/Lot #   Lot # 0198FR, original lot # R53074, exp. date 10/31/2020  Lot # 3188FRB, original lot # R53074, exp. date 10/31/2020"
"Drugs","No","03/26/2020","85228","Terminated","Fresenius Medical Care Holdings, Inc.","920 Winter St Bld 950","N/A","Waltham","MA","	02451-1521","United States","Voluntary: Firm initiated","Letter","Product was distributed throughout the United States.","D-1064-2020","Class II","Sodium Chloride 0.9% Injection, USP, 1000 mL bags, Rx only, Manufactured by: Fresenius Medical Care North America, Waltham, MA 02451","32,592 bags","CGMP Deviation: Chemical indicators were not positioned properly during sterilization process.","03/05/2020","03/26/2020","02/03/2023","03/25/2020","Lot #: 19EG02012, 19EG02019, Exp. Date 05/2020; 19DG02050, Exp. Date 04/2020"
"Drugs","No","","85230","Terminated","Sun Pharmaceutical Industries, Inc.","270 Prospect Plains Rd","N/A","Cranbury","NJ","	08512-3605","United States","Voluntary: Firm initiated","Letter","Nationwide in the USA","D-1032-2020","Class II","Doxycycline Capsules, USP, 75 mg, 100-count bottle, Rx only, Manufactured by: Ohm Laboratories Inc., New Brunswick, NJ 08901; Distributed by Sun Pharmaceutical Industries, Inc., Cranbury, NJ 08512; NDC 63304-615-01.","624 bottles","CGMP Deviations: Doxycycline capsules were not manufactured under Current Good Manufacturing Practice conditions.","03/13/2020","03/18/2020","02/09/2021","03/25/2020","Lot #: AA39490, Exp 03/2021"
"Drugs","No","","85235","Terminated","Nostrum Laboratories Inc","1800 N Topping Ave","N/A","Kansas City","MO","	64120-1228","United States","Voluntary: Firm initiated","E-Mail","TN, MO","D-1059-2020","Class II","Theophylline (Anhydrous) Extended-Release Tablets, 400 mg, 100-count bottle, Rx Only, Manufactured by: Nostrum Laboratories, Inc., Kansas City, MO 64120, NDC 29033-001-01.","4722 bottles","CGMP Deviations: poor manufacturing practices resulted in Labeling: Incorrect or Missing Lot and/or Exp Date, product incorrectly labeled with incorrect lot and expiration date.","03/06/2020","03/25/2020","04/01/2022","04/01/2020","Lot: THE190501, Exp 11/2022"
"Drugs","No","04/06/2020","85212","Terminated","PharMEDium Services, LLC","36 Stults Rd","N/A","Dayton","NJ","	08810","United States","Voluntary: Firm initiated","Letter","Distributed Nationwide in the US","D-1086-2020","Class II","succinylcholine Chloride, 20 mg per 5 mL, 100 mg per 5 mL, 5 mL BD Syringe, For IV Use, PharMEDium 913 N. Davis Ave, Cleveland, MS. NDC 71019-341-04","2475 units","Firm is recalling 46 lots of various products because of a lack of sterility assurance.","03/16/2020","04/06/2020","02/14/2025","04/15/2020","193500014D 3/16/2020  193510018D 3/17/2020"
"Drugs","No","05/01/2020","85239","Terminated","Akorn Inc","1925 W Field Ct Ste 300","N/A","Lake Forest","IL","	60045-4862","United States","Voluntary: Firm initiated","Letter","Distributed Nationwide in the USA","D-1258-2020","Class III","Fentanyl Citrate Injection, USP, 100 mcg/2 mL (50 mcg/mL), 10 Ampules per carton, (2 mL each), Rx only, Manufactured by: Akorn, Inc., Lake Forest, IL 60045, NDC 17478-030-02","15,170 ampules","Failed impurities/degradation specification: Out-of-Specification result for total impurity at 4.1% (Limit: NMT 3.0%) during retained sample testing.","03/25/2020","05/01/2020","07/28/2022","04/08/2020","Lot 081887A, EXP 08/2021"
"Drugs","No","04/06/2020","85212","Terminated","PharMEDium Services, LLC","36 Stults Rd","N/A","Dayton","NJ","	08810","United States","Voluntary: Firm initiated","Letter","Distributed Nationwide in the US","D-1087-2020","Class II","rocuronium Bromide, 10 mg per mL, 50 mg per 5 mL, 5 mL BD Syringe, for IV Use, PharMEDium 13N. Davis Ave. Cleveland MS 36732. NDC 71019-321-05","2250 units","Firm is recalling 46 lots of various products because of a lack of sterility assurance.","03/16/2020","04/06/2020","02/14/2025","04/15/2020","193500019D  3/16/2020  193510014D  3/17/2020  193520009D  3/18/2020"
"Drugs","No","","85230","Terminated","Sun Pharmaceutical Industries, Inc.","270 Prospect Plains Rd","N/A","Cranbury","NJ","	08512-3605","United States","Voluntary: Firm initiated","Letter","Nationwide in the USA","D-1033-2020","Class II","Doxycycline Capsules, USP, 100 mg, 50-count bottle, Rx only, Manufactured by: Ohm Laboratories Inc., New Brunswick, NJ 08901; Distributed by Sun Pharmaceutical Industries, Inc., Cranbury, NJ 08512; NDC 63304-616-50.","172,320 bottles","CGMP Deviations: Doxycycline capsules were not manufactured under Current Good Manufacturing Practice conditions.","03/13/2020","03/18/2020","02/09/2021","03/25/2020","Lot #: 3983720, Exp 10/2020; 3990461, 3990464, 3990465, 3990466, 3990470, Exp 11/2020; AA42499, AA42510, AA44468, AA44470, Exp 04/2021; AA55073, AA55074, AA55075, Exp 05/2021; AA61486, Exp 06/2021"
"Drugs","No","","85273","Terminated","Mylan Pharmaceuticals Inc.","781 Chestnut Ridge Rd","N/A","Morgantown","WV","	26505-2730","United States","Voluntary: Firm initiated","Letter","U.S.A. Nationwide","D-1057-2020","Class III","Tacrolimus Capsules, USP 5mg, 100-count bottle, Rx only, Mylan Pharmaceuticals Inc., Morgantown, WV 26505, NDC 0378-2047-01","3,816 botlles","Presence of foreign tablet/capsule - Potential presence of commingled one Tacrolimus 1 mg capsule in 5 mg bottles.","03/23/2020","03/24/2020","07/07/2021","04/01/2020","Lot # 3105410, 3106268,  Exp 9/2020"
"Drugs","No","","85274","Terminated","Filltech USA, LLC","380 Palmer Cir","N/A","Rockwell","NC","	28138","United States","Voluntary: Firm initiated","Letter","USA Nationwide","D-1241-2020","Class II","Dermatone (avobenzone, homosalate, octisalate, and octocrylene) Sunscreen Lotion Fragrance Free, SPF 30, package in 1.5 fl. oz. (44 mL) tottles, Distributed By: Beaumont Products, Inc. Kennesaw, GA 30144, UPC 020908422698","4919 tottles","Microbial contamination of non-sterile products: positive test for yeast and bacteria.","03/19/2020","04/16/2020","01/14/2022","04/22/2020","Lot #: 22J19, Exp 07/21"
"Drugs","No","","85283","Terminated","Avet Pharmaceuticals, Inc.","1 Tower Center Blvd Ste 1700","N/A","East Brunswick","NJ","	08816-1145","United States","Voluntary: Firm initiated","Letter","Nationwide","D-1103-2020","Class II","Losartan Potassium Tablets USP 50 mg, a) 30 count (NDC 23155-645-03), b) 90 count (NDC 23155-645-09) and c) 1000 count (NDC 23155-645-10) bottles, Rx only, Manufactured by: Vivimed Life Sciences Private Limited, Tamil Nadu, India, Manufactured for: Heritage Pharmaceutical Inc., East Brunswick, NJ 08816 NDC 23155-645-09","a) 2,904; b) 14,316; c) 1,368 bottles","CGMP Deviations: FDA lab confirmed presence of an impurity, N-Methylnitrosobutyric acid (NMBA) in the finished product above the interim acceptable daily intake level","03/26/2020","04/07/2020","03/08/2021","04/15/2020","a) CL018008A, exp Mar 2020;    b) CL018008B, exp Mar 2020;    c) CL018009A, exp Mar 2020"
"Drugs","No","","85283","Terminated","Avet Pharmaceuticals, Inc.","1 Tower Center Blvd Ste 1700","N/A","East Brunswick","NJ","	08816-1145","United States","Voluntary: Firm initiated","Letter","Nationwide","D-1104-2020","Class II","Losartan Potassium Tablets USP 100 mg, supplied in a) 30 count (NDC 23155-646-03, b) 90 count (NDC 23155-646-09) and 1000 count (NDC 23155-646-10) bottles, Rx only, Manufactured by: Vivimed Life Sciences Private Limited, Tamil Nadu, India  Manufactured for: Heritage Pharmaceutical Inc., East Brunswick, NJ 08816","a) 12,168; b) 17,196; c) 3,890","CGMP Deviations: FDA lab confirmed presence of an impurity, N-Methylnitrosobutyric acid (NMBA) in the finished product above the interim acceptable daily intake level","03/26/2020","04/07/2020","03/08/2021","04/15/2020","a) CL018022B, exp Apr 2020    b) CL018010A Mar 2020; CL018017B, CL018018A exp Apr 2020    c) CL018011A, CL018012A exp Mar 2020; CL018013A, CL018015A,  CL018016A, CL018017A, exp Apr 2020"
"Drugs","No","","85183","Terminated","Aurobindo Pharma USA Inc.","279 Princeton Hightstown Rd","N/A","East Windsor","NJ","	08520-1401","United States","Voluntary: Firm initiated","Letter","Nationwide within the United States","D-1232-2020","Class II","Gabapentin Capsules, USP 100mg 1,000-count bottles, Rx only, Distributed by: Aurobindo Pharma USA, Inc. Dayton, NJ 08810, NDC 65862-198-99","26625 units","CGMP Deviations: Products were manufactured in a processing area in which water leakage was observed","03/18/2020","04/13/2020","03/25/2024","04/22/2020","Lot #: 198180048A, Exp. Date 04/2021; 198180061A, Exp. Date 06/2020;   19819017A1, Exp. Date 02/2021"
"Drugs","No","","85183","Terminated","Aurobindo Pharma USA Inc.","279 Princeton Hightstown Rd","N/A","East Windsor","NJ","	08520-1401","United States","Voluntary: Firm initiated","Letter","Nationwide within the United States","D-1233-2020","Class II","Levetiracetam Tablets USP 750 mg 120-count bottles,  Rx Only,  Distributed by: Aurobindo Pharma USA, Inc. 279 Princeton-Hightstown Road East Windsor, NJ 08520, NDC 65862-247-08","8040 units","CGMP Deviations: Products were manufactured in a processing area in which water leakage was observed","03/18/2020","04/13/2020","03/25/2024","04/22/2020","Lot #: 24719001A1, Exp. Date 03/2021"
"Drugs","No","","85183","Terminated","Aurobindo Pharma USA Inc.","279 Princeton Hightstown Rd","N/A","East Windsor","NJ","	08520-1401","United States","Voluntary: Firm initiated","Letter","Nationwide within the United States","D-1234-2020","Class II","Simvastatin Tablets, USP 40mg 90-count bottles, Rx Only, Distributed by: Aurobindo Pharma USA, Inc. Dayton, NJ 08810, NDC 65862-053-90      ","26976 units","CGMP Deviations: Products were manufactured in a processing area in which water leakage was observed","03/18/2020","04/13/2020","03/25/2024","04/22/2020","Lot #: 05319004A1, Exp. Date 03/2022"
"Drugs","No","04/22/2020","85183","Terminated","Aurobindo Pharma USA Inc.","279 Princeton Hightstown Rd","N/A","East Windsor","NJ","	08520-1401","United States","Voluntary: Firm initiated","Letter","Nationwide within the United States","D-1235-2020","Class II","Mirtazapine Tablets, USP 15mg, 30-count bottles, Rx Only, Distributed by: Aurobindo Pharma USA, Inc. Dayton, NJ 08810, NDC 13107-031-34        ","56208 units","CGMP Deviations: Products were manufactured in a processing area in which water leakage was observed","03/18/2020","04/13/2020","03/25/2024","04/22/2020","Lot #: 031180028A, Exp. Date 03/2021"
"Drugs","No","04/22/2020","85183","Terminated","Aurobindo Pharma USA Inc.","279 Princeton Hightstown Rd","N/A","East Windsor","NJ","	08520-1401","United States","Voluntary: Firm initiated","Letter","Nationwide within the United States","D-1236-2020","Class II","Phentermine Hydrochloride Capsules, USP 15mg, 100-count bottles, Distributed by: Aurobindo Phama USA, Inc. Dayton, NJ 08810, NDC 13107-105-01      ","2101 units","CGMP Deviations: Products were manufactured in a processing area in which water leakage was observed","03/18/2020","04/13/2020","03/25/2024","04/22/2020","Lot #: 105180004A, Exp. Date 03/2020"
"Drugs","No","","85234","Terminated","The Medicine Shoppe Pharmacy","3524 B Tamiami Trl","N/A","Port Charlotte","FL","	33952-8100","United States","Voluntary: Firm initiated","Letter","Florida","D-1072-2020","Class II","Gentamicin 80mg/60 mL Irrigation, containers, The Medicine Shoppe, 3524 B Tamiami Trail Port Charlotte, FL 33952","4 bottles","Lack of Assurance of Sterility","03/16/2020","03/31/2020","12/08/2022","04/08/2020","7016542, discard after 01/12/2021"
"Drugs","No","","85274","Terminated","Filltech USA, LLC","380 Palmer Cir","N/A","Rockwell","NC","	28138","United States","Voluntary: Firm initiated","Letter","USA Nationwide","D-1242-2020","Class II","Dermatone (avobenzone, homosalate, octisalate, and octocrylene) Sunscreen Lotion Fragrance Free, SPF 50, packaged in a) 1.5 fl. oz. (44 mL) tottles, UPC: 087052727338; b) 2 Fl. OZ. (59 mL) tubes, UPC: 08705272732; c) 4 FL. OZ. (118 mL) tubes, UPC: 087052727345, Distributed By: Beaumont Products, Inc. Kennesaw, GA 30144","4790 tottles; 20,403 tubes","Microbial contamination of non-sterile products: positive test for yeast and bacteria.","03/19/2020","04/16/2020","01/14/2022","04/22/2020","Lot #: a) 05J19, Exp 07/21; b) 05J19, Exp 07/21, 43L19, Exp 09/21; c) 43L19 Exp 09/21, 44L19 Exp 09/21"
"Drugs","No","","85302","Terminated","PAI Holdings, LLC. dba Pharmaceutical Associates Inc","1700 Perimeter Rd","N/A","Greenville","SC","	29605-5252","United States","Voluntary: Firm initiated","Letter","Nationwide in the USA.","D-1060-2020","Class II","Nystatin Oral Suspension, USP, 100,000 units per mL, Cherry/Peppermint Flavor, 16 fl oz (473 mL) bottle, Rx ONLY, pai Pharmaceutical Associates, Inc., Greenville, SC  29605; NDC 0121-0810-16.","7416 bottles","SubPotent Drug: Low out-of-specification results for assay testing.","03/19/2020","03/25/2020","09/22/2021","04/01/2020","Lot: BE85, Exp. 11/2020"
"Drugs","No","04/14/2020","85306","Ongoing","Teva Pharmaceuticals USA","400 Interpace Pkwy","N/A","Parsippany","NJ","	07054-1120","United States","Voluntary: Firm initiated","E-Mail","Bulk product was distributed to one re-packager in California.","D-1100-2020","Class II","LOSARTAN POTASSIUM TABLETS, USP 25 mg, Bulk, Rx only, For Further Manufacturing, Packing or Repackaging only, Manufactured by: Arrow Pharma (Malta) Ltd., Birzebbugia Malta NDC 0591-3745-00","N/A","CGMP Deviations: impurity for N-Nitroso-N-methyl-4-aminobutyric acid (NMBA) detected in the active pharmaceutical ingredient (API) used to manufacture finished products.","03/25/2020","04/07/2020","N/A","04/15/2020","Lots 1207344A, exp. date 06/2020;   1207343A, 1207342A, exp. date 07/2020"
"Drugs","No","04/14/2020","85306","Ongoing","Teva Pharmaceuticals USA","400 Interpace Pkwy","N/A","Parsippany","NJ","	07054-1120","United States","Voluntary: Firm initiated","E-Mail","Bulk product was distributed to one re-packager in California.","D-1101-2020","Class II","LOSARTAN POTASSIUM TABLETS, USP 50 mg, Bulk, Rx only,  For Further Manufacturing, Packing or Repackaging only, Manufactured by: Arrow Pharma (Malta) Ltd., Birzebbugia, Malta NDC 0591-3746-00","N/A","CGMP Deviations: impurity for N-Nitroso-N-methyl-4-aminobutyric acid (NMBA) detected in the active pharmaceutical ingredient (API) used to manufacture finished products.","03/25/2020","04/07/2020","N/A","04/15/2020","Lots 1195625A, 1195624A, 1195623A, exp. date 03/2020"
"Drugs","No","04/14/2020","85306","Ongoing","Teva Pharmaceuticals USA","400 Interpace Pkwy","N/A","Parsippany","NJ","	07054-1120","United States","Voluntary: Firm initiated","E-Mail","Bulk product was distributed to one re-packager in California.","D-1102-2020","Class II","LOSARTAN POTASSIUM TABLETS, USP 100 mg, Bulk, Rx only, For Further Manufacturing, Packing or Repackaging only, Manufactured by: Arrow Pharma (Malta) Ltd., Birzebbugia, Malta NDC 0591-3747-00","N/A","CGMP Deviations: impurity for N-Nitroso-N-methyl-4-aminobutyric acid (NMBA) detected in the active pharmaceutical ingredient (API) used to manufacture finished products.","03/25/2020","04/07/2020","N/A","04/15/2020","1178533A,   1178534A,  1178535A,  1178536A,  1178537A,  1178538A,  1178539A,  1178540A,  1178541A,  1178542A,  1178543A,  1178544A,  1178545A,   1178546A exp 03/2020"
"Drugs","No","04/06/2020","85212","Terminated","PharMEDium Services, LLC","36 Stults Rd","N/A","Dayton","NJ","	08810","United States","Voluntary: Firm initiated","Letter","Distributed Nationwide in the US","D-1088-2020","Class II","ePHEDrine Sulfate, 5 mg per mL, 25 mg per 5 mL  in 0.9% Sodium Chloride, 5 mL syringe, For IV use, Preservative Free, PharMEDium 913 W Davis Ave Cleveland MS 38732 NDC 71030-003-09  ","375 units","Firm is recalling 46 lots of various products because of a lack of sterility assurance.","03/16/2020","04/06/2020","02/14/2025","04/15/2020","193500012D, Exp 3/16/2020"
"Drugs","No","04/06/2020","85212","Terminated","PharMEDium Services, LLC","36 Stults Rd","N/A","Dayton","NJ","	08810","United States","Voluntary: Firm initiated","Letter","Distributed Nationwide in the US","D-1089-2020","Class II","fentaNYL Citrate 50 mcg per mL, (Preservative Free) Injection, For IV use, 1,500 mcg per 30 mL, 30 mL Total Volume, in a 35 mL  Monoject Barrel Syringe, PharMEDium Services, LLC 913 N. Davis Avenue Cleveland, MS 38732. NDC 61553-672-44","290 units","Firm is recalling 46 lots of various products because of a lack of sterility assurance.","03/16/2020","04/06/2020","02/14/2025","04/15/2020","193510008D  3/17/2020  193580004D  3/25/020"
"Drugs","No","04/06/2020","85212","Terminated","PharMEDium Services, LLC","36 Stults Rd","N/A","Dayton","NJ","	08810","United States","Voluntary: Firm initiated","Letter","Distributed Nationwide in the US","D-1090-2020","Class II","ePHEDrine Sulfate 5 mg per mL 25 mg per 5 mL, in 0.9% Sodium Chloride, 5 mL BD Syringe, For IV Use, Rx Only, PharMEDium 913 N. Davis Ave. Cleveland, MS 98732 NDC 71030-003-02 ","1500 units","Firm is recalling 46 lots of various products because of a lack of sterility assurance.","03/16/2020","04/06/2020","02/14/2025","04/15/2020","193510031D, Exp 3/17/2020"
"Drugs","No","04/06/2020","85212","Terminated","PharMEDium Services, LLC","36 Stults Rd","N/A","Dayton","NJ","	08810","United States","Voluntary: Firm initiated","Letter","Distributed Nationwide in the US","D-1091-2020","Class II","ePHEDrine Sulfate 10 mg per mL  50 mg per 5 mL  in 0.9% 5 mL Sodium Chloride  5 mL syringe,  For IV Use, Rx Only, PharMEDium 913 N Davis Avenue Cleveland, MS  NDC 71030-001-09 ","900 units","Firm is recalling 46 lots of various products because of a lack of sterility assurance.","03/16/2020","04/06/2020","02/14/2025","04/15/2020","193520006D 3/18/2020  193530009D 3/19/2020"
"Drugs","No","","85323","Terminated","Yusef Manufacturing Laboratories, LLC","Freeport West, F-4, #3","N/A","Clearfield","UT","	84016","United States","Voluntary: Firm initiated","E-Mail","Nationwide within the United States","D-1251-2020","Class II","PEPPERMINT LIP MOISTURIZER (oxybenzone (4%) and Octinoxate (7%) SPF 15, 4.2 g tube, labeled as a) Bimark Inc., bimark.com; b) NOCO TRAIL REPORT, www.NoCoTrailReport.org; c) Herbruck's, d) St. Mark's Outpatient Surgery Center, 1250 East 3900 South Suite 100, Salt Lake City, UT 84124, e) Trust Company Oklahoma, trustok.com, f) Creekside Dental, www.creeksidedentalkennewick.com, g) Children's Healthcare of Atlanta Hughes Spalding, h) Great Smiles Orthodontics, Dr. Savage & Dr. Weissman, Crestline. Inverness.Turssville, www.bracebygreatsmiles.com, i) Acceleration station, j) The Children's Therapy & Learning Center, www.childrenstlc.com.     FLAVORED LIP MOISTURIZER (oxybenzone (4%) and Octinoxate (7%) SPF 15, 4.2 g tube labeled as a) Gregory P. Miller DDS FAGD, 1140 South Avenue North Mankato, MN 56003, www.gregmillerdds.com, b) Shelby, c) Carolina Custom Traders, Wake Forest, North Carolina, c) Palm Springs Dental Associates Jonathan W. Preble, DMD, 499 E. Central Parkway, Suite 200, Altamonte Springs, FL 32701, www.drjpreble.com.     LIP MOISTURIZER (oxybenzone (4%) and Octinoxate (7%) SPF 15, 4.2 g tube labeled as Family Dental of Thronton, 12889 Quebec St, Thornton, CO 80602, www.FamilyDentalofThornton.com.","12,983 tubes","Superpotent drug: This lot of SPF containing lip balm contains up to 150% of the label claim for active ingredient Oxybenzone.","03/03/2020","04/22/2020","02/06/2024","04/29/2020","Lot #: 14381, Exp. Date 9/2023"
"Drugs","No","","85333","Terminated","Par Pharmaceutical Inc.","1 Ram Ridge Rd","N/A","Chestnut Ridge","NY","	10977-6714","United States","Voluntary: Firm initiated","Letter","Product was distributed within the United States.","D-1071-2020","Class II","Glycopyrrolate Tablets, USP 1 mg, 100-count bottle, Rx only, Dist. by: Par Pharmaceutical, Chestnut Ridge, NY, 10977, U.S.A, Mfg. by: Par Formulations Private Limited, 1/58, Pudupakkam, Kelambakkam - 603 103., Made in India   NDC# 49884-0065-01","29,352 bottles","Failed Impurities/Degradation Specification: Presence of unknown impurity observed.","03/30/2020","03/30/2020","11/02/2021","04/08/2020","Lot # 32809101, Exp 3/2021"
"Drugs","No","","85341","Terminated","Herbal Doctor Remedies","497 Cumbre St","N/A","Monterey Park","CA","	91754-2114","United States","Voluntary: Firm initiated","Other","Products are sold online within the United States and  internationally to the following countries: Australia, Canada, Israel, Italy, Japan, Norway, and United Kingdom","D-1105-2020","Class II","Acupuncture, Distributed by Herbal Doctor Remedies Alhambra, CA 91801-7081 USA, 1(800) 600-0808","N/A","CGMP Deviations: These products have been found to be misbranded as unapproved new drugs","03/24/2020","04/07/2020","01/25/2024","04/15/2020","All lots within expiry"
"Drugs","No","","85341","Terminated","Herbal Doctor Remedies","497 Cumbre St","N/A","Monterey Park","CA","	91754-2114","United States","Voluntary: Firm initiated","Other","Products are sold online within the United States and  internationally to the following countries: Australia, Canada, Israel, Italy, Japan, Norway, and United Kingdom","D-1106-2020","Class II","Acne Cystic, 500 mg Capsules, 90-count bottles, Distributed by Herbal Doctor Remedies Alhambra, CA 91801-7081 USA, 1(800) 600-0808","N/A","CGMP Deviations: These products have been found to be misbranded as  unapproved new drugs","03/24/2020","04/07/2020","01/25/2024","04/15/2020","All lots within expiry"
"Drugs","No","","85341","Terminated","Herbal Doctor Remedies","497 Cumbre St","N/A","Monterey Park","CA","	91754-2114","United States","Voluntary: Firm initiated","Other","Products are sold online within the United States and  internationally to the following countries: Australia, Canada, Israel, Italy, Japan, Norway, and United Kingdom","D-1107-2020","Class II","Acne Off,  Distributed by Herbal Doctor Remedies Alhambra, CA 91801-7081 USA, 1(800) 600-0808","N/A","CGMP Deviations: These products have been found to be misbranded as  unapproved new drugs","03/24/2020","04/07/2020","01/25/2024","04/15/2020","All lots within expiry"
"Drugs","No","","85341","Terminated","Herbal Doctor Remedies","497 Cumbre St","N/A","Monterey Park","CA","	91754-2114","United States","Voluntary: Firm initiated","Other","Products are sold online within the United States and  internationally to the following countries: Australia, Canada, Israel, Italy, Japan, Norway, and United Kingdom","D-1108-2020","Class II","Age Back, 500 mg Capsules, 90-count bottles, Distributed by Herbal Doctor Remedies Alhambra, CA 91801-7081 USA, 1(800) 600-  0808","N/A","CGMP Deviations: These products have been found to be misbranded as  unapproved new drugs","03/24/2020","04/07/2020","01/25/2024","04/15/2020","All lots within expiry"
"Drugs","No","","85341","Terminated","Herbal Doctor Remedies","497 Cumbre St","N/A","Monterey Park","CA","	91754-2114","United States","Voluntary: Firm initiated","Other","Products are sold online within the United States and  internationally to the following countries: Australia, Canada, Israel, Italy, Japan, Norway, and United Kingdom","D-1109-2020","Class II","Age Stop Ex, Distributed by Herbal Doctor Remedies Alhambra, CA 91801-7081 USA, 1(800) 600-  0808","N/A","CGMP Deviations: These products have been found to be misbranded as  unapproved new drugs","03/24/2020","04/07/2020","01/25/2024","04/15/2020","All lots within expiry"
"Drugs","No","","85341","Terminated","Herbal Doctor Remedies","497 Cumbre St","N/A","Monterey Park","CA","	91754-2114","United States","Voluntary: Firm initiated","Other","Products are sold online within the United States and  internationally to the following countries: Australia, Canada, Israel, Italy, Japan, Norway, and United Kingdom","D-1110-2020","Class II","Asma Stopper, 500mg Capsules, 90-count bottles, Distributed by Herbal Doctor Remedies Alhambra, CA 91801-7081 USA, 1(800) 600-  0808","N/A","CGMP Deviations: These products have been found to be misbranded as  unapproved new drugs","03/24/2020","04/07/2020","01/25/2024","04/15/2020","All lots within expiry"
"Drugs","No","","85341","Terminated","Herbal Doctor Remedies","497 Cumbre St","N/A","Monterey Park","CA","	91754-2114","United States","Voluntary: Firm initiated","Other","Products are sold online within the United States and  internationally to the following countries: Australia, Canada, Israel, Italy, Japan, Norway, and United Kingdom","D-1111-2020","Class II","Asthma Chest Rub, Distributed by Herbal Doctor Remedies Alhambra, CA 91801-7081 USA, 1(800) 600-0808","N/A","CGMP Deviations: These products have been found to be misbranded as  unapproved new drugs","03/24/2020","04/07/2020","01/25/2024","04/15/2020","All lots within expiry"
"Drugs","No","","85341","Terminated","Herbal Doctor Remedies","497 Cumbre St","N/A","Monterey Park","CA","	91754-2114","United States","Voluntary: Firm initiated","Other","Products are sold online within the United States and  internationally to the following countries: Australia, Canada, Israel, Italy, Japan, Norway, and United Kingdom","D-1112-2020","Class II","Bleeding Stop, Distributed by Herbal Doctor Remedies Alhambra, CA 91801-7081 USA, 1(800) 600-0808","N/A","CGMP Deviations: These products have been found to be misbranded as unapproved new drugs","03/24/2020","04/07/2020","01/25/2024","04/15/2020","All lots within expiry"
"Drugs","No","","85341","Terminated","Herbal Doctor Remedies","497 Cumbre St","N/A","Monterey Park","CA","	91754-2114","United States","Voluntary: Firm initiated","Other","Products are sold online within the United States and  internationally to the following countries: Australia, Canada, Israel, Italy, Japan, Norway, and United Kingdom","D-1113-2020","Class II","Blood Clot Purger, Distributed by Herbal Doctor Remedies Alhambra, CA 91801-7081 USA, 1(800) 600-0808","N/A","CGMP Deviations: These products have been found to be misbranded as  unapproved new drugs","03/24/2020","04/07/2020","01/25/2024","04/15/2020","All lots within expiry"
"Drugs","No","","85341","Terminated","Herbal Doctor Remedies","497 Cumbre St","N/A","Monterey Park","CA","	91754-2114","United States","Voluntary: Firm initiated","Other","Products are sold online within the United States and  internationally to the following countries: Australia, Canada, Israel, Italy, Japan, Norway, and United Kingdom","D-1114-2020","Class II","Cellulite Off, Distributed by Herbal Doctor Remedies Alhambra, CA 91801-7081 USA, 1(800) 600-0808","N/A","CGMP Deviations: These products have been found to be misbranded as unapproved new drugs","03/24/2020","04/07/2020","01/25/2024","04/15/2020","All lots within expiry"
"Drugs","No","","85341","Terminated","Herbal Doctor Remedies","497 Cumbre St","N/A","Monterey Park","CA","	91754-2114","United States","Voluntary: Firm initiated","Other","Products are sold online within the United States and  internationally to the following countries: Australia, Canada, Israel, Italy, Japan, Norway, and United Kingdom","D-1115-2020","Class II","De-Fibroidin, 500mg Capsules, 90-count bottles, Distributed by Herbal Doctor Remedies Alhambra, CA 91801-7081 USA, 1(800) 600-0808","N/A","CGMP Deviations: These products have been found to be misbranded as unapproved new drugs","03/24/2020","04/07/2020","01/25/2024","04/15/2020","All lots within expiry"
"Drugs","No","","85341","Terminated","Herbal Doctor Remedies","497 Cumbre St","N/A","Monterey Park","CA","	91754-2114","United States","Voluntary: Firm initiated","Other","Products are sold online within the United States and  internationally to the following countries: Australia, Canada, Israel, Italy, Japan, Norway, and United Kingdom","D-1116-2020","Class II","Dermamycin, 500mg Capsules, 90-count bottles, Distributed by Herbal Doctor Remedies Alhambra, CA 91801-7081 USA, 1(800) 600-0808","N/A","CGMP Deviations: These products have been found to be misbranded as unapproved new drugs","03/24/2020","04/07/2020","01/25/2024","04/15/2020","All lots within expiry"
"Drugs","No","","85341","Terminated","Herbal Doctor Remedies","497 Cumbre St","N/A","Monterey Park","CA","	91754-2114","United States","Voluntary: Firm initiated","Other","Products are sold online within the United States and  internationally to the following countries: Australia, Canada, Israel, Italy, Japan, Norway, and United Kingdom","D-1117-2020","Class II","Dermatoxin, 500mg Capsules, 90-count bottles, Distributed by Herbal Doctor Remedies Alhambra, CA 91801-7081 USA, 1(800) 600-0808","N/A","CGMP Deviations: These products have been found to be misbranded as unapproved new drugs","03/24/2020","04/07/2020","01/25/2024","04/15/2020","All lots within expiry"
"Drugs","No","","85341","Terminated","Herbal Doctor Remedies","497 Cumbre St","N/A","Monterey Park","CA","	91754-2114","United States","Voluntary: Firm initiated","Other","Products are sold online within the United States and  internationally to the following countries: Australia, Canada, Israel, Italy, Japan, Norway, and United Kingdom","D-1118-2020","Class II","DeTensin Ex, Distributed by Herbal Doctor Remedies Alhambra, CA 91801-7081 USA, 1(800) 600-0808","N/A","CGMP Deviations: These products have been found to be misbranded as unapproved new drugs","03/24/2020","04/07/2020","01/25/2024","04/15/2020","All lots within expiry"
"Drugs","No","","85341","Terminated","Herbal Doctor Remedies","497 Cumbre St","N/A","Monterey Park","CA","	91754-2114","United States","Voluntary: Firm initiated","Other","Products are sold online within the United States and  internationally to the following countries: Australia, Canada, Israel, Italy, Japan, Norway, and United Kingdom","D-1119-2020","Class II","Detoxin Ex, 500mg Capsules, 90-count bottles, Distributed by Herbal Doctor Remedies Alhambra, CA 91801-7081 USA, 1(800) 600-0808","N/A","CGMP Deviations: These products have been found to be misbranded as unapproved new drugs","03/24/2020","04/07/2020","01/25/2024","04/15/2020","All lots within expiry"
"Drugs","No","","85341","Terminated","Herbal Doctor Remedies","497 Cumbre St","N/A","Monterey Park","CA","	91754-2114","United States","Voluntary: Firm initiated","Other","Products are sold online within the United States and  internationally to the following countries: Australia, Canada, Israel, Italy, Japan, Norway, and United Kingdom","D-1120-2020","Class II","Detoxin-S, 500mg Capsules, 90-count bottles, Distributed by Herbal Doctor Remedies Alhambra, CA 91801-7081 USA, 1(800) 600-0808","N/A","CGMP Deviations: These products have been found to be misbranded as unapproved new drugs","03/24/2020","04/07/2020","01/25/2024","04/15/2020","All lots within expiry"
"Drugs","No","","85341","Terminated","Herbal Doctor Remedies","497 Cumbre St","N/A","Monterey Park","CA","	91754-2114","United States","Voluntary: Firm initiated","Other","Products are sold online within the United States and  internationally to the following countries: Australia, Canada, Israel, Italy, Japan, Norway, and United Kingdom","D-1121-2020","Class II","Dragon Pain Balm, Distributed by Herbal Doctor Remedies Alhambra, CA 91801-7081 USA, 1(800) 600-0808","N/A","CGMP Deviations: These products have been found to be misbranded as  unapproved new drugs","03/24/2020","04/07/2020","01/25/2024","04/15/2020","All lots within expiry"
"Drugs","No","","85341","Terminated","Herbal Doctor Remedies","497 Cumbre St","N/A","Monterey Park","CA","	91754-2114","United States","Voluntary: Firm initiated","Other","Products are sold online within the United States and  internationally to the following countries: Australia, Canada, Israel, Italy, Japan, Norway, and United Kingdom","D-1122-2020","Class II","Edema Off, Distributed by Herbal Doctor Remedies Alhambra, CA 91801-7081 USA, 1(800) 600-0808","N/A","CGMP Deviations: These products have been found to be misbranded as  unapproved new drugs","03/24/2020","04/07/2020","01/25/2024","04/15/2020","All lots within expiry"
"Drugs","No","","85341","Terminated","Herbal Doctor Remedies","497 Cumbre St","N/A","Monterey Park","CA","	91754-2114","United States","Voluntary: Firm initiated","Other","Products are sold online within the United States and  internationally to the following countries: Australia, Canada, Israel, Italy, Japan, Norway, and United Kingdom","D-1123-2020","Class II","Fire Off, 500mg Capsules, 90-count bottles, Distributed by Herbal Doctor Remedies Alhambra, CA 91801-7081 USA, 1(800) 600-0808","N/A","CGMP Deviations: These products have been found to be misbranded as unapproved new drugs","03/24/2020","04/07/2020","01/25/2024","04/15/2020","All lots within expiry"
"Drugs","No","","85341","Terminated","Herbal Doctor Remedies","497 Cumbre St","N/A","Monterey Park","CA","	91754-2114","United States","Voluntary: Firm initiated","Other","Products are sold online within the United States and  internationally to the following countries: Australia, Canada, Israel, Italy, Japan, Norway, and United Kingdom","D-1124-2020","Class II","Flare Off, 500mg Capsules, 90-count bottles, Distributed by Herbal Doctor Remedies Alhambra, CA 91801-7081 USA, 1(800) 600-0808","N/A","CGMP Deviations: These products have been found to be misbranded as unapproved new drugs","03/24/2020","04/07/2020","01/25/2024","04/15/2020","All lots within expiry"
"Drugs","No","","85341","Terminated","Herbal Doctor Remedies","497 Cumbre St","N/A","Monterey Park","CA","	91754-2114","United States","Voluntary: Firm initiated","Other","Products are sold online within the United States and  internationally to the following countries: Australia, Canada, Israel, Italy, Japan, Norway, and United Kingdom","D-1125-2020","Class II","Fungo Balm, Distributed by Herbal Doctor Remedies Alhambra, CA 91801-7081 USA, 1(800) 600-0808","N/A","CGMP Deviations: These products have been found to be misbranded as  unapproved new drugs","03/24/2020","04/07/2020","01/25/2024","04/15/2020","All lots within expiry"
"Drugs","No","","85341","Terminated","Herbal Doctor Remedies","497 Cumbre St","N/A","Monterey Park","CA","	91754-2114","United States","Voluntary: Firm initiated","Other","Products are sold online within the United States and  internationally to the following countries: Australia, Canada, Israel, Italy, Japan, Norway, and United Kingdom","D-1126-2020","Class II","Fungo Balm, Distributed by Herbal Doctor Remedies Alhambra, CA 91801-7081 USA, 1(800) 600-  0808","N/A","CGMP Deviations: These products have been found to be misbranded as  unapproved new drugs","03/24/2020","04/07/2020","01/25/2024","04/15/2020","All lots within expiry"
"Drugs","No","","85341","Terminated","Herbal Doctor Remedies","497 Cumbre St","N/A","Monterey Park","CA","	91754-2114","United States","Voluntary: Firm initiated","Other","Products are sold online within the United States and  internationally to the following countries: Australia, Canada, Israel, Italy, Japan, Norway, and United Kingdom","D-1127-2020","Class II","Fungo Lotion, Distributed by Herbal Doctor Remedies Alhambra, CA 91801-7081 USA, 1(800) 600-0808","N/A","CGMP Deviations: These products have been found to be misbranded as  unapproved new drugs","03/24/2020","04/07/2020","01/25/2024","04/15/2020","All lots within expiry"
"Drugs","No","","85341","Terminated","Herbal Doctor Remedies","497 Cumbre St","N/A","Monterey Park","CA","	91754-2114","United States","Voluntary: Firm initiated","Other","Products are sold online within the United States and  internationally to the following countries: Australia, Canada, Israel, Italy, Japan, Norway, and United Kingdom","D-1128-2020","Class II","Fungo Off, 500mg Capsules, 90-count bottles,  Distributed by Herbal Doctor Remedies Alhambra, CA 91801-7081 USA, 1(800) 600-0808","N/A","CGMP Deviations: These products have been found to be misbranded as unapproved new drugs","03/24/2020","04/07/2020","01/25/2024","04/15/2020","All lots within expiry"
"Drugs","No","","85341","Terminated","Herbal Doctor Remedies","497 Cumbre St","N/A","Monterey Park","CA","	91754-2114","United States","Voluntary: Firm initiated","Other","Products are sold online within the United States and  internationally to the following countries: Australia, Canada, Israel, Italy, Japan, Norway, and United Kingdom","D-1129-2020","Class II","Hair Back Ex, 500mg Capsules, 90-count bottles, Distributed by Herbal Doctor Remedies Alhambra, CA 91801-7081 USA, 1(800) 600-0808","N/A","CGMP Deviations: These products have been found to be misbranded as unapproved new drugs","03/24/2020","04/07/2020","01/25/2024","04/15/2020","All lots within expiry"
"Drugs","No","","85341","Terminated","Herbal Doctor Remedies","497 Cumbre St","N/A","Monterey Park","CA","	91754-2114","United States","Voluntary: Firm initiated","Other","Products are sold online within the United States and  internationally to the following countries: Australia, Canada, Israel, Italy, Japan, Norway, and United Kingdom","D-1130-2020","Class II","Hair Back Lotion, Distributed by Herbal Doctor Remedies Alhambra, CA 91801-7081 USA, 1(800) 600-0808","N/A","CGMP Deviations: These products have been found to be misbranded as  unapproved new drugs","03/24/2020","04/07/2020","01/25/2024","04/15/2020","All lots within expiry"
"Drugs","No","","85341","Terminated","Herbal Doctor Remedies","497 Cumbre St","N/A","Monterey Park","CA","	91754-2114","United States","Voluntary: Firm initiated","Other","Products are sold online within the United States and  internationally to the following countries: Australia, Canada, Israel, Italy, Japan, Norway, and United Kingdom","D-1131-2020","Class II","Hernia Off, Distributed by Herbal Doctor Remedies Alhambra, CA 91801-7081 USA, 1(800) 600-0808","N/A","CGMP Deviations: These products have been found to be misbranded as  unapproved new drugs","03/24/2020","04/07/2020","01/25/2024","04/15/2020","All lots within expiry"
"Drugs","No","","85341","Terminated","Herbal Doctor Remedies","497 Cumbre St","N/A","Monterey Park","CA","	91754-2114","United States","Voluntary: Firm initiated","Other","Products are sold online within the United States and  internationally to the following countries: Australia, Canada, Israel, Italy, Japan, Norway, and United Kingdom","D-1132-2020","Class II","Herpes-G, 500mg Capsules, 90-count bottles, Distributed by Herbal Doctor Remedies Alhambra, CA 91801-7081 USA, 1(800) 600-0808","N/A","CGMP Deviations: These products have been found to be misbranded as unapproved new drugs","03/24/2020","04/07/2020","01/25/2024","04/15/2020","All lots within expiry"
"Drugs","No","","85341","Terminated","Herbal Doctor Remedies","497 Cumbre St","N/A","Monterey Park","CA","	91754-2114","United States","Voluntary: Firm initiated","Other","Products are sold online within the United States and  internationally to the following countries: Australia, Canada, Israel, Italy, Japan, Norway, and United Kingdom","D-1133-2020","Class II","Herpes Off, Distributed by Herbal Doctor Remedies Alhambra, CA 91801-7081 USA, 1(800) 600-0808","N/A","CGMP Deviations: These products have been found to be misbranded as  unapproved new drugs","03/24/2020","04/07/2020","01/25/2024","04/15/2020","All lots within expiry"
"Drugs","No","","85341","Terminated","Herbal Doctor Remedies","497 Cumbre St","N/A","Monterey Park","CA","	91754-2114","United States","Voluntary: Firm initiated","Other","Products are sold online within the United States and  internationally to the following countries: Australia, Canada, Israel, Italy, Japan, Norway, and United Kingdom","D-1134-2020","Class II","Herpes Soap, Distributed by Herbal Doctor Remedies Alhambra, CA 91801-7081 USA, 1(800) 600-  0808","N/A","CGMP Deviations: These products have been found to be misbranded as  unapproved new drugs","03/24/2020","04/07/2020","01/25/2024","04/15/2020","All lots within expiry"
"Drugs","No","","85341","Terminated","Herbal Doctor Remedies","497 Cumbre St","N/A","Monterey Park","CA","	91754-2114","United States","Voluntary: Firm initiated","Other","Products are sold online within the United States and  internationally to the following countries: Australia, Canada, Israel, Italy, Japan, Norway, and United Kingdom","D-1135-2020","Class II","Herpes V Balm, Distributed by Herbal Doctor Remedies Alhambra, CA 91801-7081 USA, 1(800) 600-0808","N/A","CGMP Deviations: These products have been found to be misbranded as  unapproved new drugs","03/24/2020","04/07/2020","01/25/2024","04/15/2020","All lots within expiry"
"Drugs","No","","85341","Terminated","Herbal Doctor Remedies","497 Cumbre St","N/A","Monterey Park","CA","	91754-2114","United States","Voluntary: Firm initiated","Other","Products are sold online within the United States and  internationally to the following countries: Australia, Canada, Israel, Italy, Japan, Norway, and United Kingdom","D-1136-2020","Class II","Herpes V Balm, Distributed by Herbal Doctor Remedies Alhambra, CA 91801-7081 USA, 1(800) 600-0808","N/A","CGMP Deviations: These products have been found to be misbranded as  unapproved new drugs","03/24/2020","04/07/2020","01/25/2024","04/15/2020","All lots within expiry"
"Drugs","No","","85341","Terminated","Herbal Doctor Remedies","497 Cumbre St","N/A","Monterey Park","CA","	91754-2114","United States","Voluntary: Firm initiated","Other","Products are sold online within the United States and  internationally to the following countries: Australia, Canada, Israel, Italy, Japan, Norway, and United Kingdom","D-1137-2020","Class II","Herpes-G, Distributed by Herbal Doctor Remedies Alhambra, CA 91801-7081 USA, 1(800) 600-0808","N/A","CGMP Deviations: These products have been found to be misbranded as  unapproved new drugs","03/24/2020","04/07/2020","01/25/2024","04/15/2020","All lots within expiry"
"Drugs","No","","85341","Terminated","Herbal Doctor Remedies","497 Cumbre St","N/A","Monterey Park","CA","	91754-2114","United States","Voluntary: Firm initiated","Other","Products are sold online within the United States and  internationally to the following countries: Australia, Canada, Israel, Italy, Japan, Norway, and United Kingdom","D-1138-2020","Class II","Herpes-P, Distributed by Herbal Doctor Remedies Alhambra, CA 91801-7081 USA, 1(800) 600-0808","N/A","CGMP Deviations: These products have been found to be misbranded as  unapproved new drugs","03/24/2020","04/07/2020","01/25/2024","04/15/2020","All lots within expiry"
"Drugs","No","","85341","Terminated","Herbal Doctor Remedies","497 Cumbre St","N/A","Monterey Park","CA","	91754-2114","United States","Voluntary: Firm initiated","Other","Products are sold online within the United States and  internationally to the following countries: Australia, Canada, Israel, Italy, Japan, Norway, and United Kingdom","D-1139-2020","Class II","Immune-2100, 500mg Capsules, 90-count bottles, Distributed by Herbal Doctor Remedies Alhambra, CA 91801-7081 USA, 1(800) 600-0808","N/A","CGMP Deviations: These products have been found to be misbranded as unapproved new drugs","03/24/2020","04/07/2020","01/25/2024","04/15/2020","All lots within expiry"
"Drugs","No","","85341","Terminated","Herbal Doctor Remedies","497 Cumbre St","N/A","Monterey Park","CA","	91754-2114","United States","Voluntary: Firm initiated","Other","Products are sold online within the United States and  internationally to the following countries: Australia, Canada, Israel, Italy, Japan, Norway, and United Kingdom","D-1140-2020","Class II","Lipidtrol, 500mg Capsules, 90-count bottles, Distributed by Herbal Doctor Remedies Alhambra, CA 91801-7081 USA, 1(800) 600-0808","N/A","CGMP Deviations: These products have been found to be misbranded as unapproved new drugs","03/24/2020","04/07/2020","01/25/2024","04/15/2020","All lots within expiry"
"Drugs","No","","85341","Terminated","Herbal Doctor Remedies","497 Cumbre St","N/A","Monterey Park","CA","	91754-2114","United States","Voluntary: Firm initiated","Other","Products are sold online within the United States and  internationally to the following countries: Australia, Canada, Israel, Italy, Japan, Norway, and United Kingdom","D-1141-2020","Class II","Lump Shrinker, 500mg Capsules, 90-count bottles, Distributed by Herbal Doctor Remedies Alhambra, CA 91801-7081 USA, 1(800) 600-0808","N/A","CGMP Deviations: These products have been found to be misbranded as unapproved new drugs","03/24/2020","04/07/2020","01/25/2024","04/15/2020","All lots within expiry"
"Drugs","No","","85341","Terminated","Herbal Doctor Remedies","497 Cumbre St","N/A","Monterey Park","CA","	91754-2114","United States","Voluntary: Firm initiated","Other","Products are sold online within the United States and  internationally to the following countries: Australia, Canada, Israel, Italy, Japan, Norway, and United Kingdom","D-1142-2020","Class II","Lupus Care, Distributed by Herbal Doctor Remedies Alhambra, CA 91801-7081 USA, 1(800) 600-0808","N/A","CGMP Deviations: These products have been found to be misbranded as  unapproved new drugs","03/24/2020","04/07/2020","01/25/2024","04/15/2020","All lots within expiry"
"Drugs","No","","85341","Terminated","Herbal Doctor Remedies","497 Cumbre St","N/A","Monterey Park","CA","	91754-2114","United States","Voluntary: Firm initiated","Other","Products are sold online within the United States and  internationally to the following countries: Australia, Canada, Israel, Italy, Japan, Norway, and United Kingdom","D-1143-2020","Class II","Max Slim, 500mg Capsules, 90-count bottles, Distributed by Herbal Doctor Remedies Alhambra, CA 91801-7081 USA, 1(800) 600-0808","N/A","CGMP Deviations: These products have been found to be misbranded as unapproved new drugs","03/24/2020","04/07/2020","01/25/2024","04/15/2020","All lots within expiry"
"Drugs","No","","85341","Terminated","Herbal Doctor Remedies","497 Cumbre St","N/A","Monterey Park","CA","	91754-2114","United States","Voluntary: Firm initiated","Other","Products are sold online within the United States and  internationally to the following countries: Australia, Canada, Israel, Italy, Japan, Norway, and United Kingdom","D-1144-2020","Class II","Metabolic Booster. 500mg Capsules, 90-count bottles, Distributed by Herbal Doctor Remedies Alhambra, CA 91801-7081 USA, 1(800) 600-0808","N/A","CGMP Deviations: These products have been found to be misbranded as unapproved new drugs","03/24/2020","04/07/2020","01/25/2024","04/15/2020","All lots within expiry"
"Drugs","No","","85341","Terminated","Herbal Doctor Remedies","497 Cumbre St","N/A","Monterey Park","CA","	91754-2114","United States","Voluntary: Firm initiated","Other","Products are sold online within the United States and  internationally to the following countries: Australia, Canada, Israel, Italy, Japan, Norway, and United Kingdom","D-1145-2020","Class II","Nasal Ez, 500mg Capsules, 90-count bottles, Distributed by Herbal Doctor Remedies Alhambra, CA 91801-7081 USA, 1(800) 600-0808","N/A","CGMP Deviations: These products have been found to be misbranded as unapproved new drugs","03/24/2020","04/07/2020","01/25/2024","04/15/2020","All lots within expiry"
"Drugs","No","","85341","Terminated","Herbal Doctor Remedies","497 Cumbre St","N/A","Monterey Park","CA","	91754-2114","United States","Voluntary: Firm initiated","Other","Products are sold online within the United States and  internationally to the following countries: Australia, Canada, Israel, Italy, Japan, Norway, and United Kingdom","D-1146-2020","Class II","New Life, Distributed by Herbal Doctor Remedies Alhambra, CA 91801-7081 USA, 1(800) 600-0808","N/A","CGMP Deviations: These products have been found to be misbranded as  unapproved new drugs","03/24/2020","04/07/2020","01/25/2024","04/15/2020","All lots within expiry"
"Drugs","No","","85341","Terminated","Herbal Doctor Remedies","497 Cumbre St","N/A","Monterey Park","CA","	91754-2114","United States","Voluntary: Firm initiated","Other","Products are sold online within the United States and  internationally to the following countries: Australia, Canada, Israel, Italy, Japan, Norway, and United Kingdom","D-1147-2020","Class II","Pain Away, 500mg Capsules, 90-count bottles, Distributed by Herbal Doctor Remedies Alhambra, CA 91801-7081 USA, 1(800) 600-0808","N/A","CGMP Deviations: These products have been found to be misbranded as unapproved new drugs","03/24/2020","04/07/2020","01/25/2024","04/15/2020","All lots within expiry"
"Drugs","No","","85341","Terminated","Herbal Doctor Remedies","497 Cumbre St","N/A","Monterey Park","CA","	91754-2114","United States","Voluntary: Firm initiated","Other","Products are sold online within the United States and  internationally to the following countries: Australia, Canada, Israel, Italy, Japan, Norway, and United Kingdom","D-1148-2020","Class II","Pain Stopper, 500mg Capsules, 90-count bottle,  Distributed by Herbal Doctor Remedies Alhambra, CA 91801-7081 USA, 1(800) 600-0808","N/A","CGMP Deviations: These products have been found to be misbranded as unapproved new drugs","03/24/2020","04/07/2020","01/25/2024","04/15/2020","All lots within expiry"
"Drugs","No","","85341","Terminated","Herbal Doctor Remedies","497 Cumbre St","N/A","Monterey Park","CA","	91754-2114","United States","Voluntary: Firm initiated","Other","Products are sold online within the United States and  internationally to the following countries: Australia, Canada, Israel, Italy, Japan, Norway, and United Kingdom","D-1149-2020","Class II","PC Shrinker, Distributed by Herbal Doctor Remedies Alhambra, CA 91801-7081 USA, 1(800) 600-0808","N/A","CGMP Deviations: These products have been found to be misbranded as  unapproved new drugs","03/24/2020","04/07/2020","01/25/2024","04/15/2020","All lots within expiry"
"Drugs","No","","85341","Terminated","Herbal Doctor Remedies","497 Cumbre St","N/A","Monterey Park","CA","	91754-2114","United States","Voluntary: Firm initiated","Other","Products are sold online within the United States and  internationally to the following countries: Australia, Canada, Israel, Italy, Japan, Norway, and United Kingdom","D-1150-2020","Class II","Phlegm Off, 500mg Capsules, 90-count bottles, Distributed by Herbal Doctor Remedies Alhambra, CA 91801-7081 USA, 1(800) 600-0808","N/A","CGMP Deviations: These products have been found to be misbranded as unapproved new drugs","03/24/2020","04/07/2020","01/25/2024","04/15/2020","All lots within expiry"
"Drugs","No","","85341","Terminated","Herbal Doctor Remedies","497 Cumbre St","N/A","Monterey Park","CA","	91754-2114","United States","Voluntary: Firm initiated","Other","Products are sold online within the United States and  internationally to the following countries: Australia, Canada, Israel, Italy, Japan, Norway, and United Kingdom","D-1151-2020","Class II","Pimples Off Solution 60 ML, Distributed by Herbal Doctor Remedies Alhambra, CA 91801-7081 USA, 1(800) 600-  0808","N/A","CGMP Deviations: These products have been found to be misbranded as  unapproved new drugs","03/24/2020","04/07/2020","01/25/2024","04/15/2020","All lots within expiry"
"Drugs","No","","85341","Terminated","Herbal Doctor Remedies","497 Cumbre St","N/A","Monterey Park","CA","	91754-2114","United States","Voluntary: Firm initiated","Other","Products are sold online within the United States and  internationally to the following countries: Australia, Canada, Israel, Italy, Japan, Norway, and United Kingdom","D-1152-2020","Class II","Purple Gold Balm, Distributed by Herbal Doctor Remedies Alhambra, CA 91801-7081 USA, 1(800) 600-0808","N/A","CGMP Deviations: These products have been found to be misbranded as  unapproved new drugs","03/24/2020","04/07/2020","01/25/2024","04/15/2020","All lots within expiry"
"Drugs","No","","85341","Terminated","Herbal Doctor Remedies","497 Cumbre St","N/A","Monterey Park","CA","	91754-2114","United States","Voluntary: Firm initiated","Other","Products are sold online within the United States and  internationally to the following countries: Australia, Canada, Israel, Italy, Japan, Norway, and United Kingdom","D-1153-2020","Class II","Purple Gold Balm, Distributed by Herbal Doctor Remedies Alhambra, CA 91801-7081 USA, 1(800) 600-0808","N/A","CGMP Deviations: These products have been found to be misbranded as  unapproved new drugs","03/24/2020","04/07/2020","01/25/2024","04/15/2020","All lots within expiry"
"Drugs","No","","85341","Terminated","Herbal Doctor Remedies","497 Cumbre St","N/A","Monterey Park","CA","	91754-2114","United States","Voluntary: Firm initiated","Other","Products are sold online within the United States and  internationally to the following countries: Australia, Canada, Israel, Italy, Japan, Norway, and United Kingdom","D-1154-2020","Class II","Reman-6, 500mg Capsules, 90-count bottles, Distributed by Herbal Doctor Remedies Alhambra, CA 91801-7081 USA, 1(800) 600-0808","N/A","CGMP Deviations: These products have been found to be misbranded as unapproved new drugs","03/24/2020","04/07/2020","01/25/2024","04/15/2020","All lots within expiry"
"Drugs","No","","85341","Terminated","Herbal Doctor Remedies","497 Cumbre St","N/A","Monterey Park","CA","	91754-2114","United States","Voluntary: Firm initiated","Other","Products are sold online within the United States and  internationally to the following countries: Australia, Canada, Israel, Italy, Japan, Norway, and United Kingdom","D-1155-2020","Class II","Reman-8, 500mg Capsules, 90-count bottles, Distributed by Herbal Doctor Remedies Alhambra, CA 91801-7081 USA, 1(800) 600-0808","N/A","CGMP Deviations: These products have been found to be misbranded as unapproved new drugs","03/24/2020","04/07/2020","01/25/2024","04/15/2020","All lots within expiry"
"Drugs","No","","85341","Terminated","Herbal Doctor Remedies","497 Cumbre St","N/A","Monterey Park","CA","	91754-2114","United States","Voluntary: Firm initiated","Other","Products are sold online within the United States and  internationally to the following countries: Australia, Canada, Israel, Italy, Japan, Norway, and United Kingdom","D-1156-2020","Class II","Reman-AP, 500mg Capsules, 90-count bottles, Distributed by Herbal Doctor Remedies Alhambra, CA 91801-7081 USA, 1(800) 600-0808","N/A","CGMP Deviations: These products have been found to be misbranded as unapproved new drugs","03/24/2020","04/07/2020","01/25/2024","04/15/2020","All lots within expiry"
"Drugs","No","","85341","Terminated","Herbal Doctor Remedies","497 Cumbre St","N/A","Monterey Park","CA","	91754-2114","United States","Voluntary: Firm initiated","Other","Products are sold online within the United States and  internationally to the following countries: Australia, Canada, Israel, Italy, Japan, Norway, and United Kingdom","D-1157-2020","Class II","Skin Cleanser, 500mg Capsules, 90-count bottles2, Distributed by Herbal Doctor Remedies Alhambra, CA 91801-7081 USA, 1(800) 600-0808","N/A","CGMP Deviations: These products have been found to be misbranded as unapproved new drugs","03/24/2020","04/07/2020","01/25/2024","04/15/2020","All lots within expiry"
"Drugs","No","","85341","Terminated","Herbal Doctor Remedies","497 Cumbre St","N/A","Monterey Park","CA","	91754-2114","United States","Voluntary: Firm initiated","Other","Products are sold online within the United States and  internationally to the following countries: Australia, Canada, Israel, Italy, Japan, Norway, and United Kingdom","D-1158-2020","Class II","Skin De-Tag, Distributed by Herbal Doctor Remedies Alhambra, CA 91801-7081 USA, 1(800) 600-0808","N/A","CGMP Deviations: These products have been found to be misbranded as  unapproved new drugs","03/24/2020","04/07/2020","01/25/2024","04/15/2020","All lots within expiry"
"Drugs","No","","85341","Terminated","Herbal Doctor Remedies","497 Cumbre St","N/A","Monterey Park","CA","	91754-2114","United States","Voluntary: Firm initiated","Other","Products are sold online within the United States and  internationally to the following countries: Australia, Canada, Israel, Italy, Japan, Norway, and United Kingdom","D-1159-2020","Class II","Skin Lift, Distributed by Herbal Doctor Remedies Alhambra, CA 91801-7081 USA, 1(800) 600-0808","N/A","CGMP Deviations: These products have been found to be misbranded as  unapproved new drugs","03/24/2020","04/07/2020","01/25/2024","04/15/2020","All lots within expiry"
"Drugs","No","","85341","Terminated","Herbal Doctor Remedies","497 Cumbre St","N/A","Monterey Park","CA","	91754-2114","United States","Voluntary: Firm initiated","Other","Products are sold online within the United States and  internationally to the following countries: Australia, Canada, Israel, Italy, Japan, Norway, and United Kingdom","D-1160-2020","Class II","Skin Lift Balm, Distributed by Herbal Doctor Remedies Alhambra, CA 91801-7081 USA, 1(800) 600-0808","N/A","CGMP Deviations: These products have been found to be misbranded as  unapproved new drugs","03/24/2020","04/07/2020","01/25/2024","04/15/2020","All lots within expiry"
"Drugs","No","","85341","Terminated","Herbal Doctor Remedies","497 Cumbre St","N/A","Monterey Park","CA","	91754-2114","United States","Voluntary: Firm initiated","Other","Products are sold online within the United States and  internationally to the following countries: Australia, Canada, Israel, Italy, Japan, Norway, and United Kingdom","D-1161-2020","Class II","Skin Moist, 500mg Capsules, 90-count bottles, Distributed by Herbal Doctor Remedies Alhambra, CA 91801-7081 USA, 1(800) 600-0808","N/A","CGMP Deviations: These products have been found to be misbranded as unapproved new drugs","03/24/2020","04/07/2020","01/25/2024","04/15/2020","All lots within expiry"
"Drugs","No","","85341","Terminated","Herbal Doctor Remedies","497 Cumbre St","N/A","Monterey Park","CA","	91754-2114","United States","Voluntary: Firm initiated","Other","Products are sold online within the United States and  internationally to the following countries: Australia, Canada, Israel, Italy, Japan, Norway, and United Kingdom","D-1162-2020","Class II","Sperm Booster, Distributed by Herbal Doctor Remedies Alhambra, CA 91801-7081 USA, 1(800) 600-0808","N/A","CGMP Deviations: These products have been found to be misbranded as  unapproved new drugs","03/24/2020","04/07/2020","01/25/2024","04/15/2020","All lots within expiry"
"Drugs","No","","85341","Terminated","Herbal Doctor Remedies","497 Cumbre St","N/A","Monterey Park","CA","	91754-2114","United States","Voluntary: Firm initiated","Other","Products are sold online within the United States and  internationally to the following countries: Australia, Canada, Israel, Italy, Japan, Norway, and United Kingdom","D-1163-2020","Class II","Stomach Cleanser, 500mg Capsules, 90-count bottles, Distributed by Herbal Doctor Remedies Alhambra, CA 91801-7081 USA, 1(800) 600-0808","N/A","CGMP Deviations: These products have been found to be misbranded as unapproved new drugs","03/24/2020","04/07/2020","01/25/2024","04/15/2020","All lots within expiry"
"Drugs","No","","85341","Terminated","Herbal Doctor Remedies","497 Cumbre St","N/A","Monterey Park","CA","	91754-2114","United States","Voluntary: Firm initiated","Other","Products are sold online within the United States and  internationally to the following countries: Australia, Canada, Israel, Italy, Japan, Norway, and United Kingdom","D-1164-2020","Class II","Sugar Off, 500mg Capsules, 90-count bottles, Distributed by Herbal Doctor Remedies Alhambra, CA 91801-7081 USA, 1(800) 600-0808","N/A","CGMP Deviations: These products have been found to be misbranded as unapproved new drugs","03/24/2020","04/07/2020","01/25/2024","04/15/2020","All lots within expiry"
"Drugs","No","","85341","Terminated","Herbal Doctor Remedies","497 Cumbre St","N/A","Monterey Park","CA","	91754-2114","United States","Voluntary: Firm initiated","Other","Products are sold online within the United States and  internationally to the following countries: Australia, Canada, Israel, Italy, Japan, Norway, and United Kingdom","D-1165-2020","Class II","Sweat Oil, Distributed by Herbal Doctor Remedies Alhambra, CA 91801-7081 USA, 1(800) 600-0808","N/A","CGMP Deviations: These products have been found to be misbranded as  unapproved new drugs","03/24/2020","04/07/2020","01/25/2024","04/15/2020","All lots within expiry"
"Drugs","No","","85341","Terminated","Herbal Doctor Remedies","497 Cumbre St","N/A","Monterey Park","CA","	91754-2114","United States","Voluntary: Firm initiated","Other","Products are sold online within the United States and  internationally to the following countries: Australia, Canada, Israel, Italy, Japan, Norway, and United Kingdom","D-1166-2020","Class II","Thyro-Lo, 500mg Capsules, 90-count bottles, Distributed by Herbal Doctor Remedies Alhambra, CA 91801-7081 USA, 1(800) 600-0808","N/A","CGMP Deviations: These products have been found to be misbranded as unapproved new drugs","03/24/2020","04/07/2020","01/25/2024","04/15/2020","All lots within expiry"
"Drugs","No","","85341","Terminated","Herbal Doctor Remedies","497 Cumbre St","N/A","Monterey Park","CA","	91754-2114","United States","Voluntary: Firm initiated","Other","Products are sold online within the United States and  internationally to the following countries: Australia, Canada, Israel, Italy, Japan, Norway, and United Kingdom","D-1167-2020","Class II","Tution 130, Distributed by Herbal Doctor Remedies Alhambra, CA 91801-7081 USA, 1(800) 600-0808","N/A","CGMP Deviations: These products have been found to be misbranded as  unapproved new drugs","03/24/2020","04/07/2020","01/25/2024","04/15/2020","All lots within expiry"
"Drugs","No","","85341","Terminated","Herbal Doctor Remedies","497 Cumbre St","N/A","Monterey Park","CA","	91754-2114","United States","Voluntary: Firm initiated","Other","Products are sold online within the United States and  internationally to the following countries: Australia, Canada, Israel, Italy, Japan, Norway, and United Kingdom","D-1168-2020","Class II","Vertigo Off, Distributed by Herbal Doctor Remedies Alhambra, CA 91801-7081 USA, 1(800) 600-0808","N/A","CGMP Deviations: These products have been found to be misbranded as  unapproved new drugs","03/24/2020","04/07/2020","01/25/2024","04/15/2020","All lots within expiry"
"Drugs","No","","85341","Terminated","Herbal Doctor Remedies","497 Cumbre St","N/A","Monterey Park","CA","	91754-2114","United States","Voluntary: Firm initiated","Other","Products are sold online within the United States and  internationally to the following countries: Australia, Canada, Israel, Italy, Japan, Norway, and United Kingdom","D-1169-2020","Class II","Vigo-XXX, 500mg Capsules, 90-count bottles, Distributed by Herbal Doctor Remedies Alhambra, CA 91801-7081 USA, 1(800) 600-0808","N/A","CGMP Deviations: These products have been found to be misbranded as unapproved new drugs","03/24/2020","04/07/2020","01/25/2024","04/15/2020","All lots within expiry"
"Drugs","No","","85341","Terminated","Herbal Doctor Remedies","497 Cumbre St","N/A","Monterey Park","CA","	91754-2114","United States","Voluntary: Firm initiated","Other","Products are sold online within the United States and  internationally to the following countries: Australia, Canada, Israel, Italy, Japan, Norway, and United Kingdom","D-1170-2020","Class II","Vitiligo Off Ointment, Distributed by Herbal Doctor Remedies Alhambra, CA 91801-7081 USA, 1(800) 600-0808","N/A","CGMP Deviations: These products have been found to be misbranded as  unapproved new drugs","03/24/2020","04/07/2020","01/25/2024","04/15/2020","All lots within expiry"
"Drugs","No","","85341","Terminated","Herbal Doctor Remedies","497 Cumbre St","N/A","Monterey Park","CA","	91754-2114","United States","Voluntary: Firm initiated","Other","Products are sold online within the United States and  internationally to the following countries: Australia, Canada, Israel, Italy, Japan, Norway, and United Kingdom","D-1171-2020","Class II","Voice Rescue, 500mg Capsules, 90-count bottles, Distributed by Herbal Doctor Remedies Alhambra, CA 91801-7081 USA, 1(800) 600-0808","N/A","CGMP Deviations: These products have been found to be misbranded as unapproved new drugs","03/24/2020","04/07/2020","01/25/2024","04/15/2020","All lots within expiry"
"Drugs","No","","85341","Terminated","Herbal Doctor Remedies","497 Cumbre St","N/A","Monterey Park","CA","	91754-2114","United States","Voluntary: Firm initiated","Other","Products are sold online within the United States and  internationally to the following countries: Australia, Canada, Israel, Italy, Japan, Norway, and United Kingdom","D-1172-2020","Class II","Worm Off, 500mg Capsules, 90-count bottles, Distributed by Herbal Doctor Remedies Alhambra, CA 91801-7081 USA, 1(800) 600-0808","N/A","CGMP Deviations: These products have been found to be misbranded as unapproved new drugs","03/24/2020","04/07/2020","01/25/2024","04/15/2020","All lots within expiry"
"Drugs","No","04/06/2020","85212","Terminated","PharMEDium Services, LLC","36 Stults Rd","N/A","Dayton","NJ","	08810","United States","Voluntary: Firm initiated","Letter","Distributed Nationwide in the US","D-1092-2020","Class II","fentaNYL Citrate Injection, 50 mcg per mL, 250 mcg per 5 mL  5 mL syringe, For IV Use, Rx Only, PharMEDium Services, LLC 36 Stutte Road Dayton, NJ. NDC 61553-306-33","75 units","Firm is recalling 46 lots of various products because of a lack of sterility assurance.","03/16/2020","04/06/2020","02/14/2025","04/15/2020","193530007D, Exp 3/19/2020"
"Drugs","No","04/06/2020","85212","Terminated","PharMEDium Services, LLC","36 Stults Rd","N/A","Dayton","NJ","	08810","United States","Voluntary: Firm initiated","Letter","Distributed Nationwide in the US","D-1093-2020","Class II","fentaNYL Citrate Injection 50 mcg per mL, 100 mcg per 2 mL, 2 mL per syringe, For IV Use, Rx Only, PharMEDium Services, LLC 913 N. Davis Ave Cleveland, MS 05810. NDC 61553-303-28","1350 units","Firm is recalling 46 lots of various products because of a lack of sterility assurance.","03/16/2020","04/06/2020","02/14/2025","04/15/2020","193520008D, Exp 3/18/2020  193540005D, Exp 3/22/2020"
"Drugs","No","","85351","Terminated","Innovative Intrathecal Solutions, Inc. dba Innovative Compounding Pharmacy","41538 Eastman Dr Ste A","N/A","Murrieta","CA","	92562-8007","United States","Voluntary: Firm initiated","Letter","Patient Distribution list includes addresses in the following states: CA, ME, TX","D-1095-2020","Class II","Methylcobalamin Soln. 1000 mcg/ml, 10 mL, Injectable, Rx only,  INNOVATIVE COMPOUNDING PHARMACY, 41536 EASTMAN DRIVE SUITE A MURRIETA , CA 92562  951-304-9530  ","N/A","Lack of Assurance of Sterility","03/26/2020","04/06/2020","01/29/2024","04/15/2020","Lot #: 02262020@51, Expires after 05-26-2020; Lot # 01032020@53, Expires after 04-02-2020; Lot # 01162020@57, Expires after 04-15-2020"
"Drugs","No","","85351","Terminated","Innovative Intrathecal Solutions, Inc. dba Innovative Compounding Pharmacy","41538 Eastman Dr Ste A","N/A","Murrieta","CA","	92562-8007","United States","Voluntary: Firm initiated","Letter","Patient Distribution list includes addresses in the following states: CA, ME, TX","D-1096-2020","Class II","MIC-8 (Methionine 15mg /Inositol 50 mg/Choline 100 mg/B-12 6mcg/ml) , 10 mL, Injectable, Rx only, INNOVATIVE COMPOUNDING PHARMACY, 41536 EASTMAN DRIVE SUITE A MURRIETA , CA 92562  951-304-9530  ","N/A","Lack of Assurance of Sterility","03/26/2020","04/06/2020","01/29/2024","04/15/2020","Lot #: 03022020@64, Expires after 05-18-2020; Lot # 01032020@51, Expires after 04-02-2020"
"Drugs","No","","85351","Terminated","Innovative Intrathecal Solutions, Inc. dba Innovative Compounding Pharmacy","41538 Eastman Dr Ste A","N/A","Murrieta","CA","	92562-8007","United States","Voluntary: Firm initiated","Letter","Patient Distribution list includes addresses in the following states: CA, ME, TX","D-1097-2020","Class II","Hydroxyprogesterone  Caproate (BUD) 350mg/ml , 4 mL, Injectable, Rx only, INNOVATIVE COMPOUNDING PHARMACY, 41536 EASTMAN DRIVE SUITE A MURRIETA , CA 92562  951-304-9530  ","N/A","Lack of Assurance of Sterility","03/26/2020","04/06/2020","01/29/2024","04/15/2020","Lot #: 02212020@2,  Expires after 04-21-2020; Lot #: 02262020@52  Expires after 04-26-2020"
"Drugs","No","","85351","Terminated","Innovative Intrathecal Solutions, Inc. dba Innovative Compounding Pharmacy","41538 Eastman Dr Ste A","N/A","Murrieta","CA","	92562-8007","United States","Voluntary: Firm initiated","Letter","Patient Distribution list includes addresses in the following states: CA, ME, TX","D-1098-2020","Class II","Testosterone Cypionate In Sesame Oil 200mg/ml, 5 mL, Injectable, Rx only, INNOVATIVE COMPOUNDING PHARMACY, 41536 EASTMAN DRIVE SUITE A MURRIETA , CA 92562  951-304-9530  ","N/A","Lack of Assurance of Sterility","03/26/2020","04/06/2020","01/29/2024","04/15/2020","Lot #: 11152019@41,Expires after 04-07-2020; Lot # 12042019@12, Expires after 04-26-2020; Lot # 12172019@9, Expires after 05-09-2020; Lot # 01032020@49, Expires after 05-26-2020; Lot # 01162020@55, Expires after 06-08-2020"
"Drugs","No","","85355","Terminated","Lupin Pharmaceuticals Inc.","Harborplace Tower","111 S Calvert St Fl 21st","Baltimore","MD","	21202-6174","United States","Voluntary: Firm initiated","Letter","U.S.A. Nationwide","D-1079-2020","Class II","Lisinopril Tablets USP, 30 mg, 100-count bottle, Rx only, Manufactured for: Lupin Pharmaceuticals, Inc., Baltimore, Maryland 21202, NDC 68180-982-01","25,944 bottles","Presence of Foreign Tablet/ Capsule: Product complaint received indicating mix-up of one lisinopril 5mg tablet inside of a 30 mg, 100-count bottle of Lisinopril Tablets.   ","04/01/2020","04/02/2020","06/30/2021","04/08/2020","Lot #: Q900580, Exp 9/2021"
"Drugs","No","","85357","Terminated","Noven Therapeutics, LLC","11960 Sw 144th St","N/A","Miami","FL","	33186-6109","United States","Voluntary: Firm initiated","Letter","Distributed Nationwide in the US","D-1247-2020","Class II","Daytrana (methylphenidate transdermal system) Delivers 10 mg over 9 hours (1.1 mg/hr), 30-count box, Rx only, Manufactured for Noven Therapeutics, LLC Miami, FL 33186, NDC 68968-5552-3","7957 30-count boxes","Defective Delivery System: Out of specification for mechanical peel and shear.","03/31/2020","04/17/2020","06/17/2024","04/29/2020","Lot: 86647 Exp. 09/2020"
"Drugs","No","","85357","Terminated","Noven Therapeutics, LLC","11960 Sw 144th St","N/A","Miami","FL","	33186-6109","United States","Voluntary: Firm initiated","Letter","Distributed Nationwide in the US","D-1248-2020","Class II","Daytrana (methylphenidate transdermal system) Delivers 20 mg over 9 hours (2.2 mg/hr) 30-count box, Rx only, Manufactured for Noven Therapeutics, LLC Miami, FL 33186, NDC 68968-5554-3      ","5,614 30-count boxes","Defective Delivery System: Out of specification for mechanical peel and shear.","03/31/2020","04/17/2020","06/17/2024","04/29/2020","Lot: 86354 Exp. 08/2020"
"Drugs","No","","85357","Terminated","Noven Therapeutics, LLC","11960 Sw 144th St","N/A","Miami","FL","	33186-6109","United States","Voluntary: Firm initiated","Letter","Distributed Nationwide in the US","D-1249-2020","Class II","Daytrana (methylphenidate transdermal system) Delivers 30 mg over 9 hours (3.3 mg/hr) 30-count box, Rx only, Manufactured for Noven Therapeutics, LLC Miami, FL 33186, NDC 68968-5555-3    ","14,142 30-count boxes","Defective Delivery System: Out of specification for mechanical peel and shear.","03/31/2020","04/17/2020","06/17/2024","04/29/2020","Lots: 86355 Exp. 07/2020; 86356 Exp.08/2020; 86550 Exp. 07/2020; 87348 Exp. 01/2021; 87965 Exp. 01/2021"
"Drugs","No","","85351","Terminated","Innovative Intrathecal Solutions, Inc. dba Innovative Compounding Pharmacy","41538 Eastman Dr Ste A","N/A","Murrieta","CA","	92562-8007","United States","Voluntary: Firm initiated","Letter","Patient Distribution list includes addresses in the following states: CA, ME, TX","D-1099-2020","Class II","Alprostadil 10mcg/Papaverine 30mg/Phentolamine 1mg/ml lnj Soln, 5 mL, Injectable, Rx only, INNOVATIVE COMPOUNDING PHARMACY, 41536 EASTMAN DRIVE SUITE A MURRIETA , CA 92562  951-304-9530  ","N/A","Lack of Assurance of Sterility","03/26/2020","04/06/2020","01/29/2024","04/15/2020","Lot #02282020@30,  Expires after 04/28/2020"
"Drugs","No","04/22/2020","85183","Terminated","Aurobindo Pharma USA Inc.","279 Princeton Hightstown Rd","N/A","East Windsor","NJ","	08520-1401","United States","Voluntary: Firm initiated","Letter","Nationwide within the United States","D-1237-2020","Class II","Oxycodone and Acetaminophen Tablets, USP 10 mg*/325 mg 100-count bottles, Rx Only, Distributed by: Aurobindo Pharma USA, Inc. Dayton, NJ 08810, NDC 13107-046-01    ","14707 units","CGMP Deviations: Products were manufactured in a processing area in which water leakage was observed","03/18/2020","04/13/2020","03/25/2024","04/22/2020","Lot #: 046180056A, Exp. Date 05/2020"
"Drugs","No","","85386","Terminated","Amneal Pharmaceuticals of New York, LLC","50 Horseblock Rd","N/A","Brookhaven","NY","	11719-9509","United States","Voluntary: Firm initiated","Press Release","Nationwide","D-1253-2020","Class II","Nizatidine Oral Solution, 15 mg/mL (75 mg/5mL) USP 480 mL bottles, Rx Only Distributed by: Gemini Laboratories, LLC Bridgewater, NJ 08807 NDC 60846-301-15","11258 bottles","CGMP Deviations: potential N-Nitrosodimethylamine (NDMA) amounts above levels established by the FDA.","04/15/2020","04/24/2020","09/08/2021","05/06/2020","06598004A 04/2020  06599001A 12/2020  06599002A 12/2020"
"Drugs","No","","85401","Terminated","Golden State Medical Supply Inc.","5187 Camino Ruiz","N/A","Camarillo","CA","	93012-8601","United States","Voluntary: Firm initiated","Letter","Nationwide","D-1238-2020","Class II","Losartan Potassium Tablets, USP, 25 mg, Rx only, a) 30 ct. (NDC 60429-316-30) b) 90ct. (NDC 60429-316-90) c) 1,000 ct. (60429-316-10) bottles, GSMS Incorporated, Manufactured by Arrow Pharm (Malta) Ltd., Packaged by GSMS Incorporated, Camarillo, CA 93012, USA","N/A","CGMP Deviations: Impurity for N-nitroso-N-methyl-4-aminobutryric Acid (NBMA) detected in active ingredient (API) used to manufacture finished products.","04/03/2020","04/13/2020","10/08/2020","04/22/2020","Lot Code: GS018406, Exp. Date 6/30/2020; GS018858, Exp. Date 7/31/2020; GS019108, Exp. Date 7/31/2020; GS018521, Exp. Date 7/31/2020; GS018605, Exp. Date 7/31/2020; GS018911, Exp. Date 7/31/2020"
"Drugs","No","","85404","Terminated","The Medicine Shoppe Pharmacy","3524b Tamiami Trl","N/A","Port Charlotte","FL","	33952-8100","United States","Voluntary: Firm initiated","Letter","Florida","D-1175-2020","Class II","Estriol Vaginal Cream (0.1%) 1 mg Cream 30 GM tubes, Rx, The Medicine Shoppe Pharmacy, Port Charlotte, FL","8 tubes","Lack of Processing Control","04/06/2020","04/10/2020","12/13/2022","04/22/2020","Lot: 45036 Discard by: 7/31/2020; 45075 Discard by:8/7/2020"
"Drugs","No","","85404","Terminated","The Medicine Shoppe Pharmacy","3524b Tamiami Trl","N/A","Port Charlotte","FL","	33952-8100","United States","Voluntary: Firm initiated","Letter","Florida","D-1176-2020","Class II","Testosterone W/Cosmetic HRT Base 100 MG (10%) Cream 30 GM, tubes Rx, The Medicine Shoppe Pharmacy, Port Charlotte, FL","4 tubes","Lack of Processing Control","04/06/2020","04/10/2020","12/13/2022","04/22/2020","Lot: 45027 Discard by: 07/27/2020"
"Drugs","No","","85404","Terminated","The Medicine Shoppe Pharmacy","3524b Tamiami Trl","N/A","Port Charlotte","FL","	33952-8100","United States","Voluntary: Firm initiated","Letter","Florida","D-1177-2020","Class II","Fluorouracil (5-FU) 4.5% Cream 100 GM, tube Rx, The Medicine Shoppe Pharmacy, Port Charlotte, FL","1 tube","Lack of Processing Control","04/06/2020","04/10/2020","12/13/2022","04/22/2020","Lot: 45044 Discard by: 8/2/2020"
"Drugs","No","","85404","Terminated","The Medicine Shoppe Pharmacy","3524b Tamiami Trl","N/A","Port Charlotte","FL","	33952-8100","United States","Voluntary: Firm initiated","Letter","Florida","D-1178-2020","Class II","Bi-Est8:2/Progesterone/Testosterone 1.0/50 MG/.5MG/ML Cream 30 GM tube, Rx, The Medicine Shoppe Pharmacy, Port Charlotte, FL","2 tubes","Lack of Processing Control","04/06/2020","04/10/2020","12/13/2022","04/22/2020","Lot: 44767 Discard by: 5/17/2020"
"Drugs","No","","85404","Terminated","The Medicine Shoppe Pharmacy","3524b Tamiami Trl","N/A","Port Charlotte","FL","	33952-8100","United States","Voluntary: Firm initiated","Letter","Florida","D-1179-2020","Class II","Bi-Est8:2/Progesterone/Testosterone 1.0/50 MG/.5MG/ML Cream 30 GM, tube Rx, The Medicine Shoppe Pharmacy, Port Charlotte, FL","1 tube","Lack of Processing Control","04/06/2020","04/10/2020","12/13/2022","04/22/2020","Lot: 44639 Discard by: 11/28/2020"
"Drugs","No","","85404","Terminated","The Medicine Shoppe Pharmacy","3524b Tamiami Trl","N/A","Port Charlotte","FL","	33952-8100","United States","Voluntary: Firm initiated","Letter","Florida","D-1180-2020","Class II","Naltrexone (Loxoral) 4.5 mg Capsules, 60 count bottle, Rx, The Medicine Shoppe Pharmacy, Port Charlotte, FL","1 bottle","Lack of Processing Control","04/06/2020","04/10/2020","12/13/2022","04/22/2020","Lot: 44898 Discard by: 3/23/2020"
"Drugs","No","","85341","Terminated","Herbal Doctor Remedies","497 Cumbre St","N/A","Monterey Park","CA","	91754-2114","United States","Voluntary: Firm initiated","Other","Products are sold online within the United States and  internationally to the following countries: Australia, Canada, Israel, Italy, Japan, Norway, and United Kingdom","D-1173-2020","Class II","BioMycin, 500mg Capsules, 90-count bottles, Distributed by Herbal Doctor Remedies Alhambra, CA 91801-7081 USA, 1(800) 600-0808","N/A","CGMP Deviations: These products have been found to be misbranded as  unapproved new drugs","03/24/2020","04/07/2020","01/25/2024","04/15/2020","All lots within expiry"
"Drugs","No","","85341","Terminated","Herbal Doctor Remedies","497 Cumbre St","N/A","Monterey Park","CA","	91754-2114","United States","Voluntary: Firm initiated","Other","Products are sold online within the United States and  internationally to the following countries: Australia, Canada, Israel, Italy, Japan, Norway, and United Kingdom","D-1174-2020","Class II","Thyro-H, 500mg Capsules, 90-count bottles, Distributed by Herbal Doctor Remedies Alhambra, CA 91801-7081 USA, 1(800) 600-0808","N/A","CGMP Deviations: These products have been found to be misbranded as unapproved new drugs","03/24/2020","04/07/2020","01/25/2024","04/15/2020","All lots within expiry"
"Drugs","No","","85404","Terminated","The Medicine Shoppe Pharmacy","3524b Tamiami Trl","N/A","Port Charlotte","FL","	33952-8100","United States","Voluntary: Firm initiated","Letter","Florida","D-1181-2020","Class II","Estradiol/Progesterone/Testosterone 1.5/100/1.25 mg/mL Cream 30 gm tube, Rx, The Medicine Shoppe Pharmacy, Port Charlotte, FL","1 tube","Lack of Processing Control","04/06/2020","04/10/2020","12/13/2022","04/22/2020","Lot: 44560 Discard by: 03/24/2020"
"Drugs","No","","85404","Terminated","The Medicine Shoppe Pharmacy","3524b Tamiami Trl","N/A","Port Charlotte","FL","	33952-8100","United States","Voluntary: Firm initiated","Letter","Florida","D-1182-2020","Class II","Estradiol Vag Cream 0.01% Cream 30 gm tube, Rx, The Medicine Shoppe Pharmacy, Port Charlotte, FL","7 tubes","Lack of Processing Control","04/06/2020","04/10/2020","12/13/2022","04/22/2020","Lot: 44967 Discard by: 7/10/2020; 45171 Discard by: 9/2/2020"
"Drugs","No","","85404","Terminated","The Medicine Shoppe Pharmacy","3524b Tamiami Trl","N/A","Port Charlotte","FL","	33952-8100","United States","Voluntary: Firm initiated","Letter","Florida","D-1183-2020","Class II","Testosterone w/ Atrevis 20 mg (2%) Cream 30 gm tube, Rx, The Medicine Shoppe Pharmacy, Port Charlotte, FL","1 tube","Lack of Processing Control","04/06/2020","04/10/2020","12/13/2022","04/22/2020","Lot: 44965 Discard by: 7/10/2020"
"Drugs","No","","85404","Terminated","The Medicine Shoppe Pharmacy","3524b Tamiami Trl","N/A","Port Charlotte","FL","	33952-8100","United States","Voluntary: Firm initiated","Letter","Florida","D-1184-2020","Class II","Testosterone w/ Atrevis 100 mg/mL GEL, 90 gm pump, Rx, The Medicine Shoppe Pharmacy, Port Charlotte, FL","3 bottles","Lack of Processing Control","04/06/2020","04/10/2020","12/13/2022","04/22/2020","Lot: 45114 Discard by: 08/20/2020; 45139 Discard by: 8/27/2020"
"Drugs","No","","85404","Terminated","The Medicine Shoppe Pharmacy","3524b Tamiami Trl","N/A","Port Charlotte","FL","	33952-8100","United States","Voluntary: Firm initiated","Letter","Florida","D-1185-2020","Class II","Estradiol 1.8 mg capsule 30 cap bottle, Rx, The Medicine Shoppe Pharmacy, Port Charlotte, FL","1 bottle","Lack of Processing Control","04/06/2020","04/10/2020","12/13/2022","04/22/2020","Lot: 45073 Discard by: 8/7/2020"
"Drugs","No","","85404","Terminated","The Medicine Shoppe Pharmacy","3524b Tamiami Trl","N/A","Port Charlotte","FL","	33952-8100","United States","Voluntary: Firm initiated","Letter","Florida","D-1186-2020","Class II","Bi-Est (1:1) Progest/Test 0.5 mg/40 mg/10.5 mg/mL Cream 30 gm tube, Rx, The Medicine Shoppe Pharmacy, Port Charlotte, FL","1 tube","Lack of Processing Control","04/06/2020","04/10/2020","12/13/2022","04/22/2020","Lot: 44894 Discard by: 6/15/2020"
"Drugs","No","","85404","Terminated","The Medicine Shoppe Pharmacy","3524b Tamiami Trl","N/A","Port Charlotte","FL","	33952-8100","United States","Voluntary: Firm initiated","Letter","Florida","D-1187-2020","Class II","Bi-Est (8:2) Progest/Test 2/80/3 mg/mL cream 30 gm tube, Rx, The Medicine Shoppe Pharmacy, Port Charlotte, FL","1 tube","Lack of Processing Control","04/06/2020","04/10/2020","12/13/2022","04/22/2020","Lot: 45098 Discard by: 8/16/2020"
"Drugs","No","","85404","Terminated","The Medicine Shoppe Pharmacy","3524b Tamiami Trl","N/A","Port Charlotte","FL","	33952-8100","United States","Voluntary: Firm initiated","Letter","Florida","D-1188-2020","Class II","Bi-Est (1:1) Progest/Test 0.5 mg/1.5 mg/mL cream 60 gm tube, Rx, The Medicine Shoppe Pharmacy, Port Charlotte, FL","1 tube","Lack of Processing Control","04/06/2020","04/10/2020","12/13/2022","04/22/2020","Lot: 45100 Discard by: 8/16/2020"
"Drugs","No","","85404","Terminated","The Medicine Shoppe Pharmacy","3524b Tamiami Trl","N/A","Port Charlotte","FL","	33952-8100","United States","Voluntary: Firm initiated","Letter","Florida","D-1189-2020","Class II","Bi-Est (1:1) Progesterone/Testost 1.0 mg/60 mg/0.5 mg/mL Cream 60 gm tube, Rx, The Medicine Shoppe Pharmacy, Port Charlotte, FL","1 tube","Lack of Processing Control","04/06/2020","04/10/2020","12/13/2022","04/22/2020","Lot: 45116 Discard by: 8/22/2020"
"Drugs","No","","85404","Terminated","The Medicine Shoppe Pharmacy","3524b Tamiami Trl","N/A","Port Charlotte","FL","	33952-8100","United States","Voluntary: Firm initiated","Letter","Florida","D-1190-2020","Class II","Progesterone/Versa Base 20 mg (2%) Cream 30 gm tube, Rx, The Medicine Shoppe Pharmacy, Port Charlotte, FL","1 tube","Lack of Processing Control","04/06/2020","04/10/2020","12/13/2022","04/22/2020","Lot: 45104 Discard by: 8/18/2020"
"Drugs","No","","85404","Terminated","The Medicine Shoppe Pharmacy","3524b Tamiami Trl","N/A","Port Charlotte","FL","	33952-8100","United States","Voluntary: Firm initiated","Letter","Florida","D-1191-2020","Class II","Progesterone 200 mg Capsules 90 capsules, Rx, The Medicine Shoppe Pharmacy, Port Charlotte, FL","3 bottles","Lack of Processing Control","04/06/2020","04/10/2020","12/13/2022","04/22/2020","Lot: 45106 Discard by: 8/16/2020; 45128 Discard by: 8/25/2020; 45227 Discard by: 9/14/2020"
"Drugs","No","","85404","Terminated","The Medicine Shoppe Pharmacy","3524b Tamiami Trl","N/A","Port Charlotte","FL","	33952-8100","United States","Voluntary: Firm initiated","Letter","Florida","D-1192-2020","Class II","Bi-Est 1:1/Progesterone/Testosterone 1mg/40 mg/0.5 mg/mL Cream 30 gm tube, Rx, The Medicine Shoppe Pharmacy, Port Charlotte, FL","1 tube","Lack of Processing Control","04/06/2020","04/10/2020","12/13/2022","04/22/2020","Lot: 45108 Discard by: 8/18/2020"
"Drugs","No","","85404","Terminated","The Medicine Shoppe Pharmacy","3524b Tamiami Trl","N/A","Port Charlotte","FL","	33952-8100","United States","Voluntary: Firm initiated","Letter","Florida","D-1193-2020","Class II","Bi-Est (8:2)/DHEA/Testosterone 0.8 mg/ 9/0.4 mg/0.2 mg/mL Cream 6 gm tube, Rx, The Medicine Shoppe Pharmacy, Port Charlotte, FL","1 tube","Lack of Processing Control","04/06/2020","04/10/2020","12/13/2022","04/22/2020","Lot: 44798 Discard by: 5/22/2020"
"Drugs","No","","85404","Terminated","The Medicine Shoppe Pharmacy","3524b Tamiami Trl","N/A","Port Charlotte","FL","	33952-8100","United States","Voluntary: Firm initiated","Letter","Florida","D-1194-2020","Class II","Hydroquinone/Fluocinolone/Tretonoin/Kojic Acid 4/0.01/0.05/2% Cream 30 gm tube, Rx, The Medicine Shoppe Pharmacy, Port Charlotte, FL","1 tube","Lack of Processing Control","04/06/2020","04/10/2020","12/13/2022","04/22/2020","Lot: 45077 Discard by: 3/12/2020"
"Drugs","No","","85404","Terminated","The Medicine Shoppe Pharmacy","3524b Tamiami Trl","N/A","Port Charlotte","FL","	33952-8100","United States","Voluntary: Firm initiated","Letter","Florida","D-1195-2020","Class II","Ergotamine Tartrate 1 mg/Caffeine 100 mg Base Suppository (Pink) 48 count box, Rx, The Medicine Shoppe Pharmacy, Port Charlotte, FL","1 box","Lack of Processing Control","04/06/2020","04/10/2020","12/13/2022","04/22/2020","Lot: 45247 Discard by: 9/19/2020"
"Drugs","No","","85404","Terminated","The Medicine Shoppe Pharmacy","3524b Tamiami Trl","N/A","Port Charlotte","FL","	33952-8100","United States","Voluntary: Firm initiated","Letter","Florida","D-1196-2020","Class II","Diethylstilbestrol 1 mg capsule 300 capsules bottle, Rx, The Medicine Shoppe Pharmacy, Port Charlotte, FL","1 bottle","Lack of Processing Control","04/06/2020","04/10/2020","12/13/2022","04/22/2020","Lot: 45102 Discard by: 8/17/2020"
"Drugs","No","","85404","Terminated","The Medicine Shoppe Pharmacy","3524b Tamiami Trl","N/A","Port Charlotte","FL","	33952-8100","United States","Voluntary: Firm initiated","Letter","Florida","D-1197-2020","Class II","Bi-Est 8:2/Progesterone 2.5 mg/150/mL Cream 30 gm tube, Rx, The Medicine Shoppe Pharmacy, Port Charlotte, FL","1 tube","Lack of Processing Control","04/06/2020","04/10/2020","12/13/2022","04/22/2020","Lot: 44908 Discard by: 6/17/2020"
"Drugs","No","","85404","Terminated","The Medicine Shoppe Pharmacy","3524b Tamiami Trl","N/A","Port Charlotte","FL","	33952-8100","United States","Voluntary: Firm initiated","Letter","Florida","D-1198-2020","Class II","Bi-Est 8:2/Progesterone/Testosterone DHEA 4.0/100/1/25.0 mg capsules 90 capsules bottle, Rx, The Medicine Shoppe Pharmacy, Port Charlotte, FL","1 bottle","Lack of Processing Control","04/06/2020","04/10/2020","12/13/2022","04/22/2020","Lot: 45130 Discard by: 8/25/2020"
"Drugs","No","","85404","Terminated","The Medicine Shoppe Pharmacy","3524b Tamiami Trl","N/A","Port Charlotte","FL","	33952-8100","United States","Voluntary: Firm initiated","Letter","Florida","D-1199-2020","Class II","Bi-Est 1:1/Progesterone/Testosterone 2.0/100/0.25 mg/mL Cream 30 gm tube, Rx, The Medicine Shoppe Pharmacy, Port Charlotte, FL","2 tubes","Lack of Processing Control","04/06/2020","04/10/2020","12/13/2022","04/22/2020","Lot: 45023 Discard by: 7/27/2020; 45268 Discard by: 9/27/2020"
"Drugs","No","","85404","Terminated","The Medicine Shoppe Pharmacy","3524b Tamiami Trl","N/A","Port Charlotte","FL","	33952-8100","United States","Voluntary: Firm initiated","Letter","Florida","D-1200-2020","Class II","Bi-Est 1:1/Progest/DHEA 1/40/5 mg/mL Cream 30 mL jar, Rx, The Medicine Shoppe Pharmacy, Port Charlotte, FL","1 jar","Lack of Processing Control","04/06/2020","04/10/2020","12/13/2022","04/22/2020","Lot: 45146 Discard by: 8/30/2020"
"Drugs","No","","85404","Terminated","The Medicine Shoppe Pharmacy","3524b Tamiami Trl","N/A","Port Charlotte","FL","	33952-8100","United States","Voluntary: Firm initiated","Letter","Florida","D-1201-2020","Class II","Bi-Est 1:1/Progest/DHEA 0.5 mg/180 mg/25 mg/mL Cream 30 mL jar, Rx, The Medicine Shoppe Pharmacy, Port Charlotte, FL","1 tube","Lack of Processing Control","04/06/2020","04/10/2020","12/13/2022","04/22/2020","Lot: 44850 Discard by: 6/4/2020"
"Drugs","No","","85404","Terminated","The Medicine Shoppe Pharmacy","3524b Tamiami Trl","N/A","Port Charlotte","FL","	33952-8100","United States","Voluntary: Firm initiated","Letter","Florida","D-1202-2020","Class II","Bi-Est (8:2)/Progest/Test/DHEA 6/50/0.5/10 mg/mL Cream 30 mL, Rx, The Medicine Shoppe Pharmacy, Port Charlotte, FL","1 tube","Lack of Processing Control","04/06/2020","04/10/2020","12/13/2022","04/22/2020","Lot: 45148 Discard by: 8/30/2020"
"Drugs","No","","85404","Terminated","The Medicine Shoppe Pharmacy","3524b Tamiami Trl","N/A","Port Charlotte","FL","	33952-8100","United States","Voluntary: Firm initiated","Letter","Florida","D-1203-2020","Class II","Bi-Est (50/50)/Progesterone 1.25 mg/80 mL Cream 30 gm tube, Rx, The Medicine Shoppe Pharmacy, Port Charlotte, FL","2 tubes","Lack of Processing Control","04/06/2020","04/10/2020","12/13/2022","04/22/2020","Lot: 45006 Discard by: 7/18/2020; 45251 Discard by: 9/22/2020"
"Drugs","No","","85404","Terminated","The Medicine Shoppe Pharmacy","3524b Tamiami Trl","N/A","Port Charlotte","FL","	33952-8100","United States","Voluntary: Firm initiated","Letter","Florida","D-1204-2020","Class II","Testosterone in Atrevis 50 mg/mL Gel 30 gm tube, Rx, The Medicine Shoppe Pharmacy, Port Charlotte, FL","1 tube","Lack of Processing Control","04/06/2020","04/10/2020","12/13/2022","04/22/2020","Lot: 44488 Discard by: 8/22/2020"
"Drugs","No","","85404","Terminated","The Medicine Shoppe Pharmacy","3524b Tamiami Trl","N/A","Port Charlotte","FL","	33952-8100","United States","Voluntary: Firm initiated","Letter","Florida","D-1205-2020","Class II","Paregoric Compound (contains Morphine) Solution 480 mL bottle, Rx, The Medicine Shoppe Pharmacy, Port Charlotte, FL","1 bottle","Lack of Processing Control","04/06/2020","04/10/2020","12/13/2022","04/22/2020","Lot: 45161 Discard by: 5/4/2020"
"Drugs","No","","85404","Terminated","The Medicine Shoppe Pharmacy","3524b Tamiami Trl","N/A","Port Charlotte","FL","	33952-8100","United States","Voluntary: Firm initiated","Letter","Florida","D-1206-2020","Class II","Hydromorphone Oral 1 mg/mL Solution 240 mL, bottle, Rx, The Medicine Shoppe Pharmacy, Port Charlotte, FL","1 bottle","Lack of Processing Control","04/06/2020","04/10/2020","12/13/2022","04/22/2020","Lot: 45163 Discard by: 9/1/2020"
"Drugs","No","","85404","Terminated","The Medicine Shoppe Pharmacy","3524b Tamiami Trl","N/A","Port Charlotte","FL","	33952-8100","United States","Voluntary: Firm initiated","Letter","Florida","D-1207-2020","Class II","Clobetasol Mouth Rinse 0.05% Solution 450 mL bottle, Rx, The Medicine Shoppe Pharmacy, Port Charlotte, FL","1 bottle","Lack of Processing Control","04/06/2020","04/10/2020","12/13/2022","04/22/2020","Lot: 45169 Discard by: 9/2/2020"
"Drugs","No","","85404","Terminated","The Medicine Shoppe Pharmacy","3524b Tamiami Trl","N/A","Port Charlotte","FL","	33952-8100","United States","Voluntary: Firm initiated","Letter","Florida","D-1208-2020","Class II","Naltrexone 4.5 mg/mL Suspension 30 mL bottle, Rx, The Medicine Shoppe Pharmacy, Port Charlotte, FL","1 bottle","Lack of Processing Control","04/06/2020","04/10/2020","12/13/2022","04/22/2020","Lot: 45177 Discard by: 9/4/2020"
"Drugs","No","","85404","Terminated","The Medicine Shoppe Pharmacy","3524b Tamiami Trl","N/A","Port Charlotte","FL","	33952-8100","United States","Voluntary: Firm initiated","Letter","Florida","D-1209-2020","Class II","Estriol 5 mg Suppository 36 each box, Rx, The Medicine Shoppe Pharmacy, Port Charlotte, FL","1 box","Lack of Processing Control","04/06/2020","04/10/2020","12/13/2022","04/22/2020","Lot: 45179 Discard by: 9/5/2020"
"Drugs","No","","85404","Terminated","The Medicine Shoppe Pharmacy","3524b Tamiami Trl","N/A","Port Charlotte","FL","	33952-8100","United States","Voluntary: Firm initiated","Letter","Florida","D-1210-2020","Class II","Hydrocortisone in Aquaphor/Therapeutic Moisturizing Cream 100 gm tube, Rx, The Medicine Shoppe Pharmacy, Port Charlotte, FL","1 tube","Lack of Processing Control","04/06/2020","04/10/2020","12/13/2022","04/22/2020","Lot: 45211 Discard by: 9/9/2020"
"Drugs","No","","85404","Terminated","The Medicine Shoppe Pharmacy","3524b Tamiami Trl","N/A","Port Charlotte","FL","	33952-8100","United States","Voluntary: Firm initiated","Letter","Florida","D-1211-2020","Class II","Hydrocortisone 2.5%/Econazole 1% 50/50 Using Powder 25%/1% Cream 60 gm tube, Rx, The Medicine Shoppe Pharmacy, Port Charlotte, FL","1 tube","Lack of Processing Control","04/06/2020","04/10/2020","12/13/2022","04/22/2020","Lot: 45212 Discard by: 9/9/2020"
"Drugs","No","","85404","Terminated","The Medicine Shoppe Pharmacy","3524b Tamiami Trl","N/A","Port Charlotte","FL","	33952-8100","United States","Voluntary: Firm initiated","Letter","Florida","D-1212-2020","Class II","Bi-Est (1:1)/Progesterone/Testosterone 2.0 mg/40 mg/1.0 mg/mL Cream 30 gm tube, Rx, The Medicine Shoppe Pharmacy, Port Charlotte, FL","1 tube","Lack of Processing Control","04/06/2020","04/10/2020","12/13/2022","04/22/2020","Lot: 44892 Discard by: 4/15/2020"
"Drugs","No","","85440","Terminated","B & B Pharmaceuticals, Inc.","8591 Prairie Trail Dr Ste C600","N/A","Englewood","CO","	80112-7075","United States","Voluntary: Firm initiated","Letter","USA Nationwide","D-1244-2020","Class II","Estradiol, USP (Non-Micronized) (Hemihydrate), packaged in: a) 500 grams (NDC 63275-9900-8), b) 100 grams (NDC 63275-9900-5), c) 25 grams (NDC 63275-9900-4), Distributed by B&B Pharmaceuticals, Inc. 800-499-3100","3,825 grams","cGMP deviations: Presence of foreign material (Teflon)introduced at the production level.","04/14/2020","04/16/2020","07/24/2020","04/22/2020","Lot #: 18K26-BB02-PR00553, Reassay 10/09/2023  Product # 700365, 700362 & 700363"
"Drugs","No","","85404","Terminated","The Medicine Shoppe Pharmacy","3524b Tamiami Trl","N/A","Port Charlotte","FL","	33952-8100","United States","Voluntary: Firm initiated","Letter","Florida","D-1213-2020","Class II","Bi-Est (50/50)/Progesterone/Testosterone 1.5 mg/40 mg/0.5 mg/mL Cream 30 gm tube, Rx, The Medicine Shoppe Pharmacy, Port Charlotte, FL","1 tube","Lack of Processing Control","04/06/2020","04/10/2020","12/13/2022","04/22/2020","Lot: 44840 Discard by: 6/1/2020"
"Drugs","No","","85404","Terminated","The Medicine Shoppe Pharmacy","3524b Tamiami Trl","N/A","Port Charlotte","FL","	33952-8100","United States","Voluntary: Firm initiated","Letter","Florida","D-1214-2020","Class II","Bi-Est (50/50)/Progesterone/Testost 1.5/100/0.5 mg Cream 30 gm tube, Rx, The Medicine Shoppe Pharmacy, Port Charlotte, FL","1 jar","Lack of Processing Control","04/06/2020","04/10/2020","12/13/2022","04/22/2020","Lot: 45132 Discard by: 8/26/2020"
"Drugs","No","","85404","Terminated","The Medicine Shoppe Pharmacy","3524b Tamiami Trl","N/A","Port Charlotte","FL","	33952-8100","United States","Voluntary: Firm initiated","Letter","Florida","D-1215-2020","Class II","Bi-Est (8:2)/Progesterone 2/100 mg/mL capsule 90 caps bottle, Rx, The Medicine Shoppe Pharmacy, Port Charlotte, FL","1 bottle","Lack of Processing Control","04/06/2020","04/10/2020","12/13/2022","04/22/2020","Lot: 45239 Discard by: 9/16/2020"
"Drugs","No","","85404","Terminated","The Medicine Shoppe Pharmacy","3524b Tamiami Trl","N/A","Port Charlotte","FL","	33952-8100","United States","Voluntary: Firm initiated","Letter","Florida","D-1216-2020","Class II","Bi-Est (50/50/Progesterone 0.2 mg/70 mg Cream 30 gm jar, Rx, The Medicine Shoppe Pharmacy, Port Charlotte, FL","1 jar","Lack of Processing Control","04/06/2020","04/10/2020","12/13/2022","04/22/2020","Lot: 45110 Discard by: 8/20/2020"
"Drugs","No","","85404","Terminated","The Medicine Shoppe Pharmacy","3524b Tamiami Trl","N/A","Port Charlotte","FL","	33952-8100","United States","Voluntary: Firm initiated","Letter","Florida","D-1217-2020","Class II","Bi-Est (1:1)/Progesterone/Testosterone 2.5/150/1.5 mg/mL Versabase CR 90 mL bottle, Rx, The Medicine Shoppe Pharmacy, Port Charlotte, FL","1 bottle","Lack of Processing Control","04/06/2020","04/10/2020","12/13/2022","04/22/2020","Lot: 45280 Discard by: 9/23/2020"
"Drugs","No","","85404","Terminated","The Medicine Shoppe Pharmacy","3524b Tamiami Trl","N/A","Port Charlotte","FL","	33952-8100","United States","Voluntary: Firm initiated","Letter","Florida","D-1218-2020","Class II","Bi-Est (8:2)/Progesterone/Testosterone 0.5/75 mg per 0.2 mL Cream 6 mL jar, Rx, The Medicine Shoppe Pharmacy, Port Charlotte, FL","1 jar","Lack of Processing Control","04/06/2020","04/10/2020","12/13/2022","04/22/2020","Lot: 44518 Discard by: 3/15/2020"
"Drugs","No","","85404","Terminated","The Medicine Shoppe Pharmacy","3524b Tamiami Trl","N/A","Port Charlotte","FL","	33952-8100","United States","Voluntary: Firm initiated","Letter","Florida","D-1219-2020","Class II","Estriol/Testosterone Vaginal 0.1/0.1% Cream 30 gm jar, Rx, The Medicine Shoppe Pharmacy, Port Charlotte, FL","1 jar","Lack of Processing Control","04/06/2020","04/10/2020","12/13/2022","04/22/2020","Lot: 45221 Discard by: 9/12/2020"
"Drugs","No","","85404","Terminated","The Medicine Shoppe Pharmacy","3524b Tamiami Trl","N/A","Port Charlotte","FL","	33952-8100","United States","Voluntary: Firm initiated","Letter","Florida","D-1220-2020","Class II","Paregoric Alternate Elixir 300 mL bottle, Rx, The Medicine Shoppe Pharmacy, Port Charlotte, FL","1 bottle","Lack of Processing Control","04/06/2020","04/10/2020","12/13/2022","04/22/2020","Lot: 45231 Discard by: 6/16/2020"
"Drugs","No","","85404","Terminated","The Medicine Shoppe Pharmacy","3524b Tamiami Trl","N/A","Port Charlotte","FL","	33952-8100","United States","Voluntary: Firm initiated","Letter","Florida","D-1221-2020","Class II","Progesterone/Natacream 20 mg/2% mL Cream 60 gm jar, Rx, The Medicine Shoppe Pharmacy, Port Charlotte, FL","1 jar","Lack of Processing Control","04/06/2020","04/10/2020","12/13/2022","04/22/2020","Lot: 45233 Discard by: 9/15/2020"
"Drugs","No","","85404","Terminated","The Medicine Shoppe Pharmacy","3524b Tamiami Trl","N/A","Port Charlotte","FL","	33952-8100","United States","Voluntary: Firm initiated","Letter","Florida","D-1222-2020","Class II","Testosterone in Atrevis 75 mg/mL Gel 90 GMS tube, Rx, The Medicine Shoppe Pharmacy, Port Charlotte, FL","1 tube","Lack of Processing Control","04/06/2020","04/10/2020","12/13/2022","04/22/2020","Lot: 45235 Discard by: 9/15/2020"
"Drugs","No","","85404","Terminated","The Medicine Shoppe Pharmacy","3524b Tamiami Trl","N/A","Port Charlotte","FL","	33952-8100","United States","Voluntary: Firm initiated","Letter","Florida","D-1223-2020","Class II","Ketoprofen/DMSO 20%/10% Lipoderm 50 gm jar, Rx, The Medicine Shoppe Pharmacy, Port Charlotte, FL","1 jar","Lack of Processing Control","04/06/2020","04/10/2020","12/13/2022","04/22/2020","Lot: 44552 Discard by: 3/23/2020"
"Drugs","No","","85404","Terminated","The Medicine Shoppe Pharmacy","3524b Tamiami Trl","N/A","Port Charlotte","FL","	33952-8100","United States","Voluntary: Firm initiated","Letter","Florida","D-1224-2020","Class II","Testosterone w/Cosmetic HRT Base 20 mg (2%) Cream 30 GM jar, Rx, The Medicine Shoppe Pharmacy, Port Charlotte, FL","1 jar","Lack of Processing Control","04/06/2020","04/10/2020","12/13/2022","04/22/2020","Unknown"
"Drugs","No","","85404","Terminated","The Medicine Shoppe Pharmacy","3524b Tamiami Trl","N/A","Port Charlotte","FL","	33952-8100","United States","Voluntary: Firm initiated","Letter","Florida","D-1225-2020","Class II","Tretinoin 0.1% in Versabase Cream 0.1% Versabase CR 45 gm jar, Rx, The Medicine Shoppe Pharmacy, Port Charlotte, FL","1 jar","Lack of Processing Control","04/06/2020","04/10/2020","12/13/2022","04/22/2020","Lot: 45240 Discard by: 6/18/2020"
"Drugs","No","","85404","Terminated","The Medicine Shoppe Pharmacy","3524b Tamiami Trl","N/A","Port Charlotte","FL","	33952-8100","United States","Voluntary: Firm initiated","Letter","Florida","D-1226-2020","Class II","Ergotamine Tartrate 1 mg/Caffeine 100 mg base F Suppository (Pink) 48 suppositories, Rx, The Medicine Shoppe Pharmacy, Port Charlotte, FL","2 boxes","Lack of Processing Control","04/06/2020","04/10/2020","12/13/2022","04/22/2020","Lot: 45247 Discard by: 9/19/2020"
"Drugs","No","","85404","Terminated","The Medicine Shoppe Pharmacy","3524b Tamiami Trl","N/A","Port Charlotte","FL","	33952-8100","United States","Voluntary: Firm initiated","Letter","Florida","D-1227-2020","Class II","Betahistine 16 mg Capsule 180 capsules bottle, Rx, The Medicine Shoppe Pharmacy, Port Charlotte, FL","2 bottles","Lack of Processing Control","04/06/2020","04/10/2020","12/13/2022","04/22/2020","Lot: 45266 Discard by: 9/26/2020"
"Drugs","No","","85404","Terminated","The Medicine Shoppe Pharmacy","3524b Tamiami Trl","N/A","Port Charlotte","FL","	33952-8100","United States","Voluntary: Firm initiated","Letter","Florida","D-1228-2020","Class II","Levothyroxin (T4)/Liothyronine (T3) SR 130 mg/175 mg capsule 21 capsules bottle, Rx, The Medicine Shoppe Pharmacy, Port Charlotte, FL","1 bottle","Lack of Processing Control","04/06/2020","04/10/2020","12/13/2022","04/22/2020","Lot: 45274 Discard by: 9/27/2020"
"Drugs","No","","85482","Terminated","H J Harkins Company Inc dba Pharma Pac","1400 W Grand Ave Ste F","N/A","Grover Beach","CA","	93433-4221","United States","Voluntary: Firm initiated","Letter","Product was distributed in CA and AZ.","D-1246-2020","Class II","Acetaminophen and Codeine Phosphate 300/30 mg tablet, packaged in: a) 10-count bottle (NDC 52959-0003-10), b) 12-count bottle (NDC 52959-0003-12), c) 14-count bottle (NDC 52959-0003-14), d) 15-count bottle (NDC 52959-0003-15), e) 16-count bottle (NDC 52959-0003-16), f) 20-count bottle (NDC 52959-0003-20), g) 30-count bottle (NDC 52959-0003-30), h) 60-count bottle (NDC 52959-0003-60), Rx Only, Mfg. Aurobindo; Repack: H.J. Harkins Co., Inc., Grover Beach, CA 93433","9,000 tablets","cGMP Deviations","04/15/2020","04/16/2020","02/14/2024","04/22/2020","Lot # ATP12ZT, Exp. 05/21"
"Drugs","No","","85487","Terminated","Lupin Pharmaceuticals Inc.","Harborplace Tower","111 S Calvert St Fl 21st","Baltimore","MD","	21202-6174","United States","Voluntary: Firm initiated","Letter","Nationwide with the United States and Puerto Rico.","D-1252-2020","Class II","Cefixime for Oral Suspension USP, 100mg/5mL, Rx Only, Manufactured for: Lupin Pharmaceutical, Inc. Baltimore, Maryland 21202 United States, Manufactured by: Lupin Limited Mandideep 462 046 INDIA, NDC 68180-405-01","4,518 bottles","Subpotent Drug: low out of specification (OOS) test result observed in long term stability study.    ","04/15/2020","04/23/2020","06/07/2021","04/29/2020","Lot #: F800779, Expiry 4/2020"
"Drugs","No","","85500","Terminated","Glaxosmithkline Consumer Healthcare Holdings","184 Liberty Corner Rd","N/A","Warren","NJ","	07059-6796","United States","Voluntary: Firm initiated","Letter","Nationwide","D-1266-2020","Class III","ChapStick Total Hydration Moisture + Tint + SPF15 Peachy Keen Net Wt. 0.08 OZ (2.2g) Marketed by: Pfizer, Madison, NJ 07940 USA, NDC 0573-0871-08","288 packages","Labeling: Not elsewhere classified: Observed separation in the secondary packaging in the blister and the backer card","04/20/2020","05/13/2020","10/26/2021","05/20/2020","Lot #: 9344AA, 9345AA"
"Drugs","No","","85500","Terminated","Glaxosmithkline Consumer Healthcare Holdings","184 Liberty Corner Rd","N/A","Warren","NJ","	07059-6796","United States","Voluntary: Firm initiated","Letter","Nationwide","D-1267-2020","Class III","ChapStick Total Hydration Moisture + Tint + SPF15 Very Berry  Net Wt. 0.08 OZ (2.2g) Marketed by: Pfizer, Madison, NJ 07940 USA NDC 0573-0872-08","288 packages","Labeling: Not elsewhere classified: Observed separation in the secondary packaging in the blister and the backer card","04/20/2020","05/13/2020","10/26/2021","05/20/2020","Lot #: 9346AA, 9347AA"
"Drugs","No","","85500","Terminated","Glaxosmithkline Consumer Healthcare Holdings","184 Liberty Corner Rd","N/A","Warren","NJ","	07059-6796","United States","Voluntary: Firm initiated","Letter","Nationwide","D-1268-2020","Class III","ChapStick Total Hydration Moisture + Tint + SPF15 Pretty in Pink Net Wt. 0.08 OZ (2.2g) Marketed by: Pfizer, Madison, NJ 07940 USA NDC 0573-0873-08","360 packages","Labeling: Not elsewhere classified: Observed separation in the secondary packaging in the blister and the backer card","04/20/2020","05/13/2020","10/26/2021","05/20/2020","Lot #: 9343AA, 9343BA"
"Drugs","No","","85504","Terminated","Fresenius Kabi USA, LLC","3 Corporate Dr","N/A","Lake Zurich","IL","	60047-8930","United States","Voluntary: Firm initiated","Two or more of the following: Email, Fax, Letter, Press Release, Telephone, Visit","USA Nationwide and Puerto Rico","D-1297-2020","Class II","Ketorolac Tromethamine Injection, USP, 60 mg per 2 mL (30 mg per mL), packaged in 2 mL Single Dose Vials (NDC 63323-162-03), 25 x 2 mL Single Dose Vials per tray (NDC 63323-162-02); For IM use only, Not for IV use, Rx only, Fresenius Kabi, Lake Zurich, IL  60047.","3,497,575 vials","Presence of Particulate Matter - found in reserve sample vials at the firm.","04/20/2020","06/08/2020","10/16/2023","06/17/2020","Lot #: 6119229, 6119273, Exp 06/2020; 6119843, Exp 09/2020; 6121115, Exp 02/2021; 6121451, 6121452, 6121496, Exp 03/2021"
"Drugs","No","","85511","Terminated","Lupin Pharmaceuticals Inc.","Harborplace Tower","111 S Calvert St Fl 21st","Baltimore","MD","	21202-6174","United States","Voluntary: Firm initiated","Letter","Product was distributed Nationwide in the United States.","D-1250-2020","Class II","Lisinopril Tablets USP, 20 mg, 1000-count bottle, Rx Only, Manufactured for: Lupin Pharmaceuticals, Inc. Baltimore MD 21202, Manufactured by: Lupin Limited Pithampur (M.P.) 454 775, India. NDC 68180-0981-03","11,808 bottles","Product Mix-Up: a complaint received indicating mix-up of 10 mg Lisinopril tablets inside of 2 sealed bottles of 20 mg/1000 count bottles.","04/20/2020","04/21/2020","06/07/2021","04/29/2020","Lot # Q000255, Exp 01/2022"
"Drugs","No","","85538","Terminated","Sandoz, Inc","506 Carnegie Ctr Ste 400","N/A","Princeton","NJ","	08540-6243","United States","Voluntary: Firm initiated","Letter","Nationwide within the United States","D-1259-2020","Class II","Infuvite PEDiatric Pharmacy,  kit in 1 carton (40 mL fill in a 50 mL) vial  1 and (10 mL) in vial 2, Rx Only,  Distributed by: Baxter Healthcare Corporation Clintec Nutrition Division Deerfield, IL 60015 USA, NDC 54643-5647-0","17,500 units","Defective Container: Sub-optimal crimping in vial of Pediatric Infuvite Multiple Vitamins","04/21/2020","05/01/2020","09/07/2023","05/13/2020","Lot #: JX907, Exp. Date 02/2021"
"Drugs","No","06/23/2020","85547","Terminated","QuVa Pharma, Inc.","1075 W Park One Dr Ste 100","N/A","Sugar Land","TX","	77478-2576","United States","Voluntary: Firm initiated","Letter","Distributed Nationwide in the US.","D-1335-2020","Class III","R.E.C.K. (Ropivacaine, Epinephrine, Clonidine, Ketorolac) in Sodium Chloride solution 50 mL in 60 mL Syringe, Compounded by QuVa 519 Bloombury, NJ 08804,  NDC 70092143350","17,050 syringes","Presence of Particulate Matter: Fresenius Kabi recalling vials of Ketorolac","04/23/2020","06/23/2020","01/13/2021","07/01/2020","Lots: 30008721, Exp. 4/26/2020; 30008198, 30008554, Exp. 4/29/2020; 30008861, Exp. 4/30/2020; 30008859, Exp. 5/5/2020;  30008949, Exp. 5/10/2020; 30009073, Exp. 5/14/2020; 30009074, Exp. 30009138, Exp. 5/17/2020; 30009139, 30009227, Exp. 5/19/2020; 30009228, Exp. 5/20/2020; 30009387, 30009388, Exp. 5/27/2020; 30009410, 30009411, Exp. 5/28/2020; 30009413, Exp. 5/31/2020; 30009412,  30009489, Exp. 6/1/2020; 30009539, 30009563, Exp. 6/3/2020"
"Drugs","No","","85555","Terminated","West-Ward Columbus Inc","1809 Wilson Rd","N/A","Columbus","OH","	43228-9579","United States","Voluntary: Firm initiated","Letter","USA Nationwide","D-1274-2020","Class II","Doxycycline Hyclate Tablets USP, 100 mg, packaged in a) 50-count bottle (NDC 0143-2112-50), b) 500-count bottle (NDC 0143-2112-05), Rx only, Mfd. by: West-Ward Pharmaceuticals Corp., Eatontown, NJ 07724.","68,376 bottles","Failed dissolution specification: The dissolution test at the 24 month time point (end of shelf life) yielded an out of specification result.","05/13/2020","05/26/2020","03/25/2023","06/03/2020","Lot #: a) 71846B, Exp 6/2021; b) 71726A, Exp 6/2020; 71846B, 71853A, Exp 6/2021"
"Drugs","No","","85557","Terminated","Dr. Reddy's Laboratories, Inc.","107 College Rd E","N/A","Princeton","NJ","	08540-6623","United States","Voluntary: Firm initiated","Letter","Nationwide within the United States","D-1256-2020","Class III","Esomeprazole Magnesium Delayed Release  Capsules USP, 40 mg*, 1000-count bottles, Rx only, Mfd. By: Dr. Reddy's Laboratories Limited Bachupally - 500 090 INDIA, NDC 43598-510-10","1752 bottles","Discoloration: product contains brown pellets","04/24/2020","04/28/2020","05/13/2022","05/06/2020","Lot #: C900642, Exp. 06/2020"
"Drugs","No","","85566","Terminated","The Harvard Drug Group","17177 N Laurel Park Dr Ste 233","N/A","Livonia","MI","	48152-3951","United States","Voluntary: Firm initiated","Letter","AL, FL, IA, NY, OH, TX","D-1262-2020","Class III","Memantine Hydrochloride Extended-Release Capsules, 28 mg, 100 capsules per unit dose cartons, Rx only, Manufactured by: Lupin Limited, Pithampur (M.P.)-454 775, India; Distributed by: Major Pharmaceuticals, 17177 N Laurel Park Dr., Suite 233, Livonia, MI 47152 USA. NDC: 0904-6735-61","678 cartons","Failed dissolution specifications: Low stage 3 results obtained for dissolution during routine stability testing.","04/24/2020","05/13/2020","08/19/2022","05/20/2020","Lot #: M02199D, M02246D, Exp 5/2020"
"Drugs","No","","85624","Terminated","Mylan Institutional LLC","4901 Hiawatha Dr","N/A","Rockford","IL","	61103-1287","United States","Voluntary: Firm initiated","Letter","Distributed Nationwide in the USA","D-1271-2020","Class II","Aloprim (allopurinol sodium) for Injection, 500 mg Single-Dose Vial, Rx only, Manufactured for: Mylan Institutional LLC, Rockford, IL 61103 USA.  NDC: 67457-187-50","3,010 vials","Discoloration: Out-of-specification results for appearance obtained during routine stability testing at the end of shelf-life for the parameters Appearance and Color of Solution.","05/05/2020","05/20/2020","01/26/2022","05/27/2020","Lot #: Lot N1700771, EXP  October 2020; Lot N1800127, EXP February 2021"
"Drugs","No","06/18/2020","85644","Terminated","Torrent Pharma Inc.","150 Allen Rd Ste 102","N/A","Basking Ridge","NJ","	07920-3856","United States","Voluntary: Firm initiated","Letter","USA Nationwide and Puerto Rico","D-1317-2020","Class II","Carbamazepine Tablets, USP 200 mg, packaged in a 500-count bottle, Rx only, Manufactured by: Torrent Pharmaceuticals Ltd, Bharuch 392130, India; Manufactured for: Torrent Pharma Inc., Basking Ridge, NJ 07920, NDC 13668-268-05","6228 Bottles","Failed Dissolution Specifications","05/11/2020","06/18/2020","08/10/2022","06/10/2020","Lot #:  4FF4F001, Exp 1/2023"
"Drugs","No","05/21/2020","85646","Terminated","InvaGen Pharmaceuticals, Inc.","7 Oser Ave","N/A","Hauppauge","NY","	11788-3811","United States","Voluntary: Firm initiated","Letter","Nationwide in the U.S.","D-1272-2020","Class III","Gabapentin Tablets USP, 600 mg, Rx Only, 500-count bottle, Manufactured for: Exelan Pharmaceuticals, Inc., Lawrenceville, GA 30046, Manufactured by: InvaGen Pharmaceuticals, Inc., Hauppauge, NY 11788, NDC 76282-405-05.  ","2,202 bottles","Failed Impurities/Degradation Specifications; failure of Impurity A test at the 12-month long-term stability testing.","05/14/2020","05/21/2020","08/31/2020","05/27/2020","Lot # NB900413, Exp. 12/2020"
"Drugs","No","06/01/2020","85704","Terminated","TRIOVA PHARMACEUTICALS LLC","115 W 3rd St Ste 720","N/A","Tulsa","OK","	74103-3410","United States","Voluntary: Firm initiated","Letter","U.S.A. Nationwide","D-1284-2020","Class II","Estriol USP Micronized 5 G, Rx only, Triova 115 W 3rd Street Suite 720 Tulsa, OK 74103, NDC 71092-9977-02","210 grams","Failed impurities/ degradation specifications: Out of specification for organic impurities.","05/15/2020","06/01/2020","06/01/2023","06/10/2020","Lot #:17010401181119190927, EXP 12/2020, 1701040118111919092725200122, EXP.12/2020"
"Drugs","No","","85706","Terminated","BIOTA Biosciences LLC","1601 5th Ave Ste 1100","N/A","Seattle","WA","	98101-3603","United States","Voluntary: Firm initiated","E-Mail","Nationwide within the United States and New Zealand","D-1326-2020","Class II","Sterile Cannabidiol (CBD) 4mg/mL, 10mL vial","N/A","Lack of Assurance of Sterility and Marketed without an approved NDA/ANDA: Product contains unapproved Cannabidiol and Curcumin","05/11/2020","06/19/2020","12/03/2020","07/01/2020","Lot #: 2H071219P, 2H0712019P,  2H07122019P, Exp. Date 7/12/2021"
"Drugs","No","","85706","Terminated","BIOTA Biosciences LLC","1601 5th Ave Ste 1100","N/A","Seattle","WA","	98101-3603","United States","Voluntary: Firm initiated","E-Mail","Nationwide within the United States and New Zealand","D-1327-2020","Class II","Sterile Curcumin, 4mg/mL, 10mL vial","N/A","Lack of Assurance of Sterility and Marketed without an approved NDA/ANDA: Product contains unapproved Cannabidiol and Curcumin","05/11/2020","06/19/2020","12/03/2020","07/01/2020","Lot #: 2H071219CCD, 2H0712019CCD, 2H07122019CCD, Exp. Date 7/12/2021"
"Drugs","No","","85706","Terminated","BIOTA Biosciences LLC","1601 5th Ave Ste 1100","N/A","Seattle","WA","	98101-3603","United States","Voluntary: Firm initiated","E-Mail","Nationwide within the United States and New Zealand","D-1328-2020","Class II","Sterile Cannabidiol (CBD) 50mg/mL, 10mL vial","N/A","Lack of Assurance of Sterility and Marketed without an approved NDA/ANDA: Product contains unapproved Cannabidiol and Curcumin","05/11/2020","06/19/2020","12/03/2020","07/01/2020","Lot #: 101019P, 1010019P,10102019P,  Exp. Date 10/10/2021"
"Drugs","No","","85706","Terminated","BIOTA Biosciences LLC","1601 5th Ave Ste 1100","N/A","Seattle","WA","	98101-3603","United States","Voluntary: Firm initiated","E-Mail","Nationwide within the United States and New Zealand","D-1329-2020","Class II","Sterile Cannabidiol (CBD) + Curcumin 50mg/mL, 10 mL vial","N/A","Lack of Assurance of Sterility and Marketed without an approved NDA/ANDA: Product contains unapproved Cannabidiol and Curcumin","05/11/2020","06/19/2020","12/03/2020","07/01/2020","Lot #: 101019PC, 1010019PC, 10102019PC, Exp. Date 10/10/2021"
"Drugs","No","","85706","Terminated","BIOTA Biosciences LLC","1601 5th Ave Ste 1100","N/A","Seattle","WA","	98101-3603","United States","Voluntary: Firm initiated","E-Mail","Nationwide within the United States and New Zealand","D-1330-2020","Class II","Sterile Curcumin 50mg/mL, 10 mL vial","N/A","Lack of Assurance of Sterility and Marketed without an approved NDA/ANDA: Product contains unapproved Cannabidiol and Curcumin","05/11/2020","06/19/2020","12/03/2020","07/01/2020","Lot #: 071219CCD, 0712019CCD, 07122019CCD, Exp. Date 7/12/2021"
"Drugs","No","05/29/2020","85709","Terminated","West-Ward Columbus Inc","1809 Wilson Rd","N/A","Columbus","OH","	43228-9579","United States","Voluntary: Firm initiated","Letter","Nationwide in the US","D-1282-2020","Class III","Ethacrynic Acid Tablets USP, 25 mg, 100 Tablets per Bottle, Rx only, Distr. by: West-Ward Pharmaceuticals Corp., Eatontown, NJ 07724, NDC: 0054-0415-25.","3336 Bottles","Failed Impurities/Degradation Specifications: Out of Specification for impurity 6 and total degradants.","05/13/2020","05/29/2020","10/02/2022","05/27/2020","Lot #: AA4424A, Exp. 07/31/2020"
"Drugs","No","","85712","Terminated","Teva Pharmaceuticals USA","400 Interpace Pkwy","N/A","Parsippany","NJ","	07054-1120","United States","Voluntary: Firm initiated","Letter","Nationwide within the United State and Puerto Rico.","D-1285-2020","Class II","Dextroamphetamine Saccharate, Amphetamine Aspartate, Dextroamphetamine Sulfate and Amphetamine Sulfate Tablets ( Mixed Amphetamine Salts Product), 5 mg, 100 count bottles, Rx Only, Teva Pharmaceuticals USA, INC. North Wales, PA 19454, NDC 0555-0971-02","33,280 bottles","Some bottles may contain mixed strengths of the product.","05/22/2020","06/04/2020","05/25/2021","06/10/2020","Lot #: 42614718, Exp. date 02/2021"
"Drugs","No","","85712","Terminated","Teva Pharmaceuticals USA","400 Interpace Pkwy","N/A","Parsippany","NJ","	07054-1120","United States","Voluntary: Firm initiated","Letter","Nationwide within the United State and Puerto Rico.","D-1286-2020","Class II","Dextroamphetamine Saccharate, Amphetamine Aspartate, Dextroamphetamine Sulfate and Amphetamine Sulfate Tablets ( Mixed Amphetamine Salts Product), 15 mg, 100 count bottles, Rx Only, Teva Pharmaceuticals USA, INC. North Wales, PA 19454, NDC 0555-0777-02","41,348 bottles","Some bottles may contain mixed strengths of the product.","05/22/2020","06/04/2020","05/25/2021","06/10/2020","Lot #: 42617008, Exp. date 10/2021"
"Drugs","No","","85712","Terminated","Teva Pharmaceuticals USA","400 Interpace Pkwy","N/A","Parsippany","NJ","	07054-1120","United States","Voluntary: Firm initiated","Letter","Nationwide within the United State and Puerto Rico.","D-1287-2020","Class II","Dextroamphetamine Saccharate, Amphetamine Aspartate, Dextroamphetamine Sulfate and Amphetamine Sulfate Tablets ( Mixed Amphetamine Salts Product), 20 mg, 100 count bottles, Rx Only, Teva Pharmaceuticals USA, INC. North Wales, PA 19454, NDC 0555-0973-02","84,209 bottles","Some bottles may contain mixed strengths of the product.","05/22/2020","06/04/2020","05/25/2021","06/10/2020","Lot #: 42617891, exp. date 01/2022"
"Drugs","No","","85724","Terminated","PD-Rx Pharmaceuticals, Inc.","727 N Ann Arbor Ave","N/A","Oklahoma City","OK","	73127-5822","United States","Voluntary: Firm initiated","Letter","USA Nationwide","D-1276-2020","Class II","Doxycycline Hyclate tablets USP, 100 mg, packaged in bottles a) 6-count (NDC 55289-866-06), b) 10-count (NDC 55289-866-10), c) 14-count (NDC 55289-866-14), d) 20-count (NDC 55289-866-20), e) 28-count (NDC 55289-866-28), f) 30-count (NDC 55289-866-30), g) 60-count (NDC 55289-866-60), h) 120-count (NDC 55289-866-98), i) 210-count (NDC 55289-866-71), j) 300-count (NDC 55289-866-87), k) 400-count (NDC 55289-866-74), Rx only, PD-Rx Pharmaceuticals Incorporated Oklahoma City, OK 73127","14,030 bottles","Failed dissolution specifications","05/15/2020","05/26/2020","11/08/2021","06/03/2020","Lots: a) L18B72, Exp 12/31/2020; b)I18B83, Exp 06/30/2020 ; c) H18B11, Exp 06/30/2020; I18A53, Exp 06/30/2020; J18F97, Exp 10/31/2020; K18A33, Exp 11/30/2020; K18D17, Exp 11/30/2020; L18A11, Exp 12/31/2020; L18A29, Exp 12/31/2020; L18D81, Exp 12/31/2020; d) H18F60, Exp 06/30/2020; I18C26, Exp 06/30/2020; I18D61, Exp. 06/30/2020; J18B80, Exp 10/31/2020; K18C97 Exp 11/30/2020; L18B30, Exp. 12/31/2020; L18D25, Exp 12/31/2020; L18E50 Exp 12/31/2020;  e) I18D07, Exp. 06/30/2020; J1E02, Exp 10/31/2020; J18E62 Exp 10/31/2020;  K18E98 Exp. 11/30/2020; L18C54, Exp 12/31/2020; f) H18E18 Exp. 06/30/2020, I18F94 Exp. 09/30/2020, J18E42, Exp. 10/31/2020, L18B56 Exp. 12/31/2020; g) J18C84 Exp. 10/31/2020, A19B70 Exp. 01/31/2021; h) K18E92 Exp. 11/30/2020; i) I18E80 Exp. 06/30/2020, K18A19 Exp. 11/30/2020; j) F18E11 Exp. 06/30/2020, G18E66 Exp. 06/30/2020, H18E72 Exp. 06/30/2020, I18E75 Exp. 09/30/2020, I18E95 Exp. 09/30/2020, I18F64 Exp. 09/30/2020; k) A19D44 Exp. 08/31/2020, H18E76 Exp. 06/30/2020, I18F21 Exp. 09/30/2020, L18B91 Exp. 12/31/2020"
"Drugs","No","","85725","Terminated","Pfizer Inc.","235 E 42nd St","N/A","New York","NY","	10017-5703","United States","Voluntary: Firm initiated","Letter","Nationwide within the United States","D-1342-2020","Class III","Duavee (conjugated estrogens/bazedoxifene) tablets 0.45/20 mg, packaged in 2 blister cards containing 15 tablets each (30 tablets), Rx Only, Distributed by Wyeth Pharmaceuticals LLC A subsidiary of Pfizer In Philadelphia, PA 19101 Made in Ireland, NDC 00008-1123-12","544400 packages","Failed Dissolution Specifications","05/27/2020","06/24/2020","06/30/2023","07/01/2020","Lot #: AF7814, 2021 AUG 31; AH6565, 2021 SEP 30, AP5189, 2020 SEP30; CG8921, 2022 FEB 28; CL6603, DH5847, 2022 MAR 31; T17703, T99214 2020 JUN 30, W46878, X07330, 2020 SEP 30; X99074, 2021 JUN 30"
"Drugs","No","","85726","Ongoing","Wuhan Bingbing Pharmaceutical Co., Ltd.","Building","F, No.5, Kangda Street","Wuhan","N/A","	N/A","China","Voluntary: Firm initiated","E-Mail","Nationwide in the USA","D-1277-2020","Class II","LidoPatch (lidocaine HCl 3.6%, menthol 1.25%) Pain Relief Patch, packaged in 1 patch/box (NDC 10882-527-01); 30 patches/box (NDC 10882-527-02 and 10882-527-04), Manufactured for:  JAR Laboratories, Elmhurst, IL.","4,960 boxes","CGMP Deviations: due to the loss of product manufacturing records and retain product samples, there is no assurance that the product will remain within specification through the labeled expiration date.","05/19/2020","05/28/2020","N/A","06/03/2020","Batch #: 1180103, Exp 2021.01.02; 180104, Exp 2021.01.03; 80105, Exp 2021.01.04; 180106, Exp 2021.01.05; 80107, Exp 2021.01.06."
"Drugs","No","","85726","Ongoing","Wuhan Bingbing Pharmaceutical Co., Ltd.","Building","F, No.5, Kangda Street","Wuhan","N/A","	N/A","China","Voluntary: Firm initiated","E-Mail","Nationwide in the USA","D-1278-2020","Class II","LidoPro (lidocaine 4%, menthol 5%, methyl salicylate 4%) patch, 15 Patches per box, Manufactured For: Terrain Pharmaceuticals, Reno, NV 89501; NDC 53225-1023-1.","54,000 boxes","CGMP Deviations: due to the loss of product manufacturing records and retain product samples, there is no assurance that the product will remain within specification through the labeled expiration date.","05/19/2020","05/28/2020","N/A","06/03/2020","Batch #: 170527, Exp 2020.05"
"Drugs","No","","85726","Ongoing","Wuhan Bingbing Pharmaceutical Co., Ltd.","Building","F, No.5, Kangda Street","Wuhan","N/A","	N/A","China","Voluntary: Firm initiated","E-Mail","Nationwide in the USA","D-1279-2020","Class II","Mencaine (lidocaine 4.5%, menthol 5%) Patch, 1 patch per pouch, Manufactured For: Terrain Pharmaceuticals, Reno, NV 89501; NDC 53225-1090-1.","1,800 pouches","CGMP Deviations: due to the loss of product manufacturing records and retain product samples, there is no assurance that the product will remain within specification through the labeled expiration date.","05/19/2020","05/28/2020","N/A","06/03/2020","Batch #: 170731, Exp 2020.07; 180504; Exp 2021.05"
"Drugs","No","","85726","Ongoing","Wuhan Bingbing Pharmaceutical Co., Ltd.","Building","F, No.5, Kangda Street","Wuhan","N/A","	N/A","China","Voluntary: Firm initiated","E-Mail","Nationwide in the USA","D-1280-2020","Class II","Maximum Strength Lidocaine Cold & Hot Patch (lidocaine 4%, menthol 1%), 5 patches per box, Distributed by: CVS Pharmacy, Inc., One CVS Drive, Woonsocket, RI 02895; NDC 66902-218-05.","72,600 boxes","CGMP Deviations: due to the loss of product manufacturing records and retain product samples, there is no assurance that the product will remain within specification through the labeled expiration date.","05/19/2020","05/28/2020","N/A","06/03/2020","Batch #: 170614, Exp 2020.06.13; 180108, Exp 2021.01.07; 180109, Exp 2021.01.08; 180110, Exp 2021.01.09; 180111, Exp 2021.01.10, 180112, Exp 2021.01.11; 180113, Exp 2021.01.12; 180317, Exp 2021.03.16; 180318, Exp 2021.03.17"
"Drugs","No","07/23/2020","85742","Terminated","Flexion Therapeutics, Inc.","10 Mall Rd Ste 301","N/A","Burlington","MA","	01803-4121","United States","Voluntary: Firm initiated","Letter","Nationwide within the United States only lots distributed by Besse Medical are affected.","D-1376-2020","Class III","Zilretta (triamcinolone acetonide extended-release injectable suspension), 32mg per vial, 5mL vials, Single-dose Kits,  Rx Only, Manufactured for: Flexion Therapeutics, Inc. 10 Mall Road, Suite 301, Burlington, MA 01803, NDC 70801-003-01","792 kits","Temperature Abuse: Product was stored at room temperature longer than 6 weeks and was inadvertently distributed instead of discarded","05/19/2020","07/08/2020","11/03/2020","07/08/2020","Lot #: ZA19014, exp. date 05/2021  Only the specific lot distributed by Besse Medical are affected."
"Drugs","No","","85745","Terminated","American Health Packaging","2550 John Glenn Ave Ste A","N/A","Columbus","OH","	43217-1188","United States","Voluntary: Firm initiated","Letter","USA Nationwide","D-1293-2020","Class II","Doxycycline Hyclate Tablets, USP, 100 mg, 30 Tablets per carton (3 x 10), Rx only, Distributed by: American Health Packaging, Columbus, Ohio 43217, NDC Carton 62584-693-21; NDC Unit Dose 62584-693-11","15,755 cartons","Failed dissolution specification - dissolution results of 59% (spec. NLT 85%) at the 24 month time point (end of shelf life).","05/19/2020","06/08/2020","08/03/2022","06/17/2020","Lots 179605, Exp 06/30/2020; 181105, Exp 08/31/2020; 183019, Exp 01/31/2021"
"Drugs","No","05/29/2020","85752","Terminated","Jubilant Cadista Pharmaceuticals, Inc.","207 Kiley Dr","N/A","Salisbury","MD","	21801-2249","United States","Voluntary: Firm initiated","Letter","TN","D-1281-2020","Class III","Lamotrigine Tablets, USP, 150 mg, 20,000-count bulk container, Manufactured by: Jubilant Cadista Pharmaceuticals Inc., Salisbury, MD 21801, USA, For repackaging by: AvKare Inc., Pulaski, TN 38478, Bulk Shipment, NDC 59746-247-97.","1,313,333 tablets","Presence of Foreign Substance visually consistent with the silica granules present in the desiccant packs utilized during storage of the product.","05/26/2020","05/29/2020","11/15/2022","06/03/2020","Lot #s 19P0437 & 19P0438, Exp. 09/30/2021."
"Drugs","No","06/12/2020","85754","Terminated","Pfizer Inc.","235 E 42nd St","N/A","New York","NY","	10017-5703","United States","Voluntary: Firm initiated","Letter","Distributed Nationwide in the US","D-1306-2020","Class II","Unasyn (ampicillin sodium/sulbacatam) for injection, 1.5 g* per vial, Rx Only, 10 vials/carton, Made in Italy Distributed by Roerig Division of Pfizer Inc. New York, NY 10017 vial NDC 0049-0013-81, carton NDC 0049-0013-83","94320 units","Presence of Particulate Matter: particulate matter identified after reconstitution.","05/29/2020","06/12/2020","01/13/2022","06/17/2020","Lot # 3301612, EXP 02/2022"
"Drugs","No","","85755","Terminated","Glaxosmithkline Consumer Healthcare Holdings","184 Liberty Corner Rd","N/A","Warren","NJ","	07059-6796","United States","Voluntary: Firm initiated","Letter","U.S.A. Nationwide","D-1322-2020","Class II","Gaviscon Regular Strength Liquid Antacid Cool Mint, 6 FL OZ (177 mL), Distributed by: GSK Consumer Healthcare Warren, NJ 07059, NDC 0135-0094-42","119,364 bottles","Labeling: Label lacks warning - Magnesium safety warning is not present on the Gaviscon bottle label.","05/28/2020","06/18/2020","01/24/2022","06/24/2020","Lot #: 8M17C1, Exp 11/30/2020; 9E30C1, Exp 4/30/2021; 9F05C1, Exp 4/30/2021"
"Drugs","No","","85756","Terminated","Aurobindo Pharma USA Inc.","279 Princeton Hightstown Rd","N/A","East Windsor","NJ","	08520-1401","United States","Voluntary: Firm initiated","Letter","U.S.A. Nationwide","D-1314-2020","Class III","Olanzapine Tablets, USP 2.5 mg, 30-count bottle, Rx only, Manufactured for: Prasco Laboratories Mason, OH 45040 USA, Manufactured by: Aurolife Pharma LLC Dayton, NJ 08810, NDC 66993-680-30","13322 bottles","Failed Impurities/ Degradation Specifications","05/26/2020","06/17/2020","01/10/2023","06/24/2020","Lot #: 561180046A1, Exp 8/2020"
"Drugs","No","","85757","Terminated","The Harvard Drug Group","17177 N Laurel Park Dr Ste 233","N/A","Livonia","MI","	48152-3951","United States","Voluntary: Firm initiated","Letter","Nationwide within the United States","D-1288-2020","Class II","Doxycycline Hyclate Tablets, USP, 100 mg, packaged in a) 3x10 unit dose cartons (NDC 0904-0430-04) and b) 5 x 10 unit dose carton (NDC 0904-0430-06), Mfd. by: West-Ward Pharmaceutical Corp., Eatontown, NJ 07724; Distributed by:  Major Pharmaceuticals, 17177 N. Laurel Park Dr., Suite 233, Livonia, MI 48152.","16,443 cartons","Failed Dissolution Specification: The dissolution test at the 24 month time point (end of shelf life) yielded an out-of-specification result.","05/22/2020","06/04/2020","10/02/2022","06/10/2020","Lot #: a)  R00828D, Exp. date  08/2020, b) R00732D, Exp. date 05/2020; R00783D, Exp. date 06/2020; R00827D, Exp. date 08/2020"
"Drugs","No","","85756","Terminated","Aurobindo Pharma USA Inc.","279 Princeton Hightstown Rd","N/A","East Windsor","NJ","	08520-1401","United States","Voluntary: Firm initiated","Letter","U.S.A. Nationwide","D-1315-2020","Class III","Olanzapine Tablets, USP 7.5 mg, 30-count bottle, Rx only, Manufactured for: Prasco Laboratories Mason, OH 45040 USA, Manufactured by: Aurolife Pharma LLC Dayton, NJ 08810, NDC 66993-682-30","7547 bottles","Failed Impurities/ Degradation Specifications","05/26/2020","06/17/2020","01/10/2023","06/24/2020","Lot #: 563180012A1, Exp 8/2020"
"Drugs","No","06/23/2020","85764","Terminated","UNICHEM PHARMACEUTICALS USA INC","1 Tower Center Blvd Ste 2200","N/A","East Brunswick","NJ","	08816-1145","United States","Voluntary: Firm initiated","Letter","Nationwide within the United States","D-1291-2020","Class III","Clonidine Hydrochloride Tablets, USP 0.1 mg 100-count bottles, Rx only, Manufactured by: Unichem Laboratories LTD. Pilerne Ind. Estate, Pilerne, Bardez, Goa 403 511, India Manufactured for : Unichem Pharmaceuticals (USA), Inc. East Brunswick, NJ 08816, NDC 29300-135-01","190,992 bottles","Failed Impurities/Degradation Specifications: potential migration of benzophenone at very low level into the product from container.","05/26/2020","06/08/2020","01/08/2021","06/17/2020","Lot #: GCLL19034, GCLL19035, GCLL19036,  Exp. 4/30/2021; GCLL19044, Exp. 6/30/2021"
"Drugs","No","","85770","Terminated","Lupin Pharmaceuticals Inc.","Harborplace Tower","111 S Calvert St Fl 21st","Baltimore","MD","	21202-6174","United States","Voluntary: Firm initiated","Letter","Nationwide within the US.","D-1290-2020","Class II","Lisinopril Tablets, USP, 5 mg, Rx Only, 1000-count bottle, Manufactured for: Lupin Pharmaceuticals Inc., Baltimore, MD 21202, Manufactured by: Lupin Limited, Nagpur - 441 108, India, NDC 68180-513-03.","4,224 bottles","Product Mix Up: Lisinopril 10 mg tablets were found in Lisinopril 5 mg 1000-count bottle.","05/28/2020","06/08/2020","05/04/2021","06/17/2020","Lot # Q900683, Exp. 10/31/2022"
"Drugs","No","","85772","Completed","Apotex Inc.","150 Signet Drive","N/A","North York","N/A","	N/A","Canada","Voluntary: Firm initiated","Press Release","Nationwide.","D-1303-2020","Class II","Metformin Hydrochloride Extended-Release Tablets, USP 500 mg, 100 count bottles, Rx Only Manufactured by: Apotex, Inc. Toronto, Ontario Canada M9L 1T9 Manufactured for: Apotex Corp. Weston, Florida 33326 NDC 60505-0260-1","305,963 bottles","CGMP Deviations: FDA analysis detected N-Nitrosodimethylamine (NDMA) impurity above acceptable intake levels","05/27/2020","06/12/2020","N/A","06/24/2020","All lots remaining within expiry"
"Drugs","No","","85773","Terminated","QuVa Pharma, Inc.","1075 W Park One Dr Ste 100","N/A","Sugar Land","TX","	77478-2576","United States","Voluntary: Firm initiated","Letter","USA Nationwide","D-1302-2020","Class II","oxyTOCIN 30 Units/500 mL (0.06 Units/mL) added to 0.9% Sodium Chloride Injection for IV Use, Rx only, QuVa Pharma 1075 West Park One Drive, Suite 100 Sugar Land, TX 77478 888-339-0874, NDC 70092-1068-07","648 bags","Subpotent drug - Product did not contain drug.","05/28/2020","06/11/2020","01/19/2022","06/17/2020","Lot#:  30010515"
"Drugs","No","","85774","Terminated","Eco Lips Inc","1199 44th St","N/A","Marion","IA","	52302-1545","United States","Voluntary: Firm initiated","Letter","Nationwide within the US.","D-1310-2020","Class II","EcoLips Sport Lip Balm, SPF 30, Avobenzone (5%), Octinoxate (10%), Octisalate (5%), Net Wt. 0.15 oz. (4.25g) tube, Eco Lips, Inc., Marion, IA 52302, UPC: 859623000030; 859623000177; 859623000573; Display UPC: 859623000092; 859623000108; 859623000139; 859623000146; 859623000184; 859623000535; 859623001037.","68,400 tubes","Superpotent Drug: The active ingredient, avobenzone, is used at 5% which is higher than the allowable 3% in the sunscreen formula per FDA sunscreen regulations.","05/15/2020","06/15/2020","09/28/2020","06/24/2020","Lot #s: S-17-157, S-17-163C, Exp. 06/30/2020; S-17-187, S-17-S194, Exp. 07/31/2020; S-17-262, S-17-271, Exp. 09/30/2020; S-17-339, Exp. 12/31/2020; S-18-029, Exp. 01/31/2021; S-18-044, Exp. 02/28/2021; S-18-072, Exp. 03/31/2021; S-18-116, Exp. 04/30/2021; S-18-145, Exp. 05/31/2021; S-18-227, Exp. 08/31/2021; S-18-355, Exp. 12/31/2021; 00003 19081, Exp. 03/31/2022;  00003 19304, Exp. 11/30/2022."
"Drugs","No","","85781","Ongoing","Amneal Pharmaceuticals of New York, LLC","50 Horseblock Rd","N/A","Brookhaven","NY","	11719-9509","United States","Voluntary: Firm initiated","Press Release","Nationwide","D-1343-2020","Class II","amneal Metformin Hydrochloride Extended-Release Tablets, USP, 500 mg, Rx Only, 100 count bottles, Distributed by: Amneal Pharmaceuticals LLC Bridgewater, NJ 08807  NDC 53746-0178-01  ","192","CGMP Deviations: FDA analysis detected N-Nitrosodimethylamine (NDMA) impurity above the acceptable intake level","05/29/2020","06/25/2020","N/A","07/01/2020","HA07419A 1/31/2021  HB00119A 1/31/2021  HB00219A 1/31/2021  HB00319A 1/31/2021;  HB00419A 2/28/2021  HB00519A 2/28/2021  HB00619A 2/28/2021  HB00719A 2/28/2021  HB00819A 2/28/2021  HB00919A 2/28/2021  HB01019A 2/28/2021  HB05119A 2/28/2021  HB05219A 2/28/2021  HB05319A 2/28/2021  HB05419A 2/28/2021  HB05519A 2/28/2021  HB09519A 2/28/2021  HB09619A 2/28/2021  HB09719A 2/28/2021  HB09819A 2/28/2021  HB09919A 2/28/2021;   HC08219A 3/31/2021  HC08319A 3/31/2021  HC08419A 3/31/2021  HC08519A 3/31/2021  HC09019A 3/31/2021  HC09119A 3/31/2021  HC09219A 3/31/2021  HC09319A 3/31/2021  HC09419A 3/31/2021;   HD03419B 4/30/2021  HD03519B 4/30/2021  HD03619B 4/30/2021  HD03719B 4/30/2021  HD03819B 4/30/2021  HD03919B 4/30/2021  HD04019B 4/30/2021  HD04119B 4/30/2021  HD04219A 4/30/2021  HD05819A 4/30/2021  HD05919A 4/30/2021  HD06019A 4/30/2021  HD06119A 4/30/2021  HD06219A 4/30/2021  HD06319A 4/30/2021  HD06419A 4/30/2021  HD09019A 4/30/2021  HD09119A 4/30/2021  HD09219A 4/30/2021  HE01219B 4/30/2021  HE01319B 4/30/2021  HE01419B 4/30/2021  HE01519B 4/30/2021;   HE01619A 5/31/2021  HE01719A 5/31/2021  HE01819A 5/31/2021  HE04419A 5/31/2021  HE04519A 5/31/2021  HE04619A 5/31/2021  HE04719A 5/31/2021  HE04819A 5/31/2021  HE04919A 5/31/2021  HE05019A 5/31/2021  HE05119A 5/31/2021  HE05219A 5/31/2021  HE05319A 5/31/2021  HE07219A 5/31/2021  HE07319A 5/31/2021  HE07419A 5/31/2021  HE07519A 5/31/2021  HE07619A 5/31/2021  HF02219A 5/31/2021  HF02319A 5/31/2021;  HF02419A 6/30/2021  HF02519A 6/30/2021  HF02619A 6/30/2021  HF02719A 6/30/2021  HF02819A 6/30/2021  HF02919A 6/30/2021  HF03019A 6/30/2021  HF03119A 6/30/2021  HF03219A 6/30/2021  HF03319A 6/30/2021  HF05419A 6/30/2021;  HF03918A 6/30/2020  HF04018A 6/30/2020  HF04118A 6/30/2020  HF04218A 6/30/2020  HF04318A 6/30/2020  HF04418A 6/30/2020  HF06518A 6/30/2020  HF06818B 6/30/2020  HF06918B 6/30/2020  HF07018B 6/30/2020  HF07118B 6/30/2020  HF07218A 6/30/2020  HF07318A 6/30/2020  HF07418A 6/30/2020  HF08318A 6/30/2020  HF08418A 6/30/2020  HF08518A 6/30/2020;  HF11219A 6/30/2021  HF11319A 6/30/2021  HF11419A 6/30/2021  HF11519A 6/30/2021  HF11619A 6/30/2021  HF11719A 6/30/2021  HF11819A 6/30/2021  HF11919A 6/30/2021  HF12019A 6/30/2021  HG00719A 6/30/2021  HG00819A 6/30/2021  HG00919A 6/30/2021  HG01019A 6/30/2021  HG01119A 6/30/2021  HG01219A 6/30/2021  HG01319A 6/30/2021  HG01419A 6/30/2021;  HG01519A 7/31/2021  HG01619A 7/31/2021  HG02919A 7/31/2021  HG03019A 7/31/2021  HG03119A 7/31/2021  HG03219A 7/31/2021  HG03319A 7/31/2021  HG03419A 7/31/2021  HG03519A 7/31/2021  HG03619A 7/31/2021  HG03719A 7/31/2021  HG03819A 7/31/2021;  HH08218A 8/31/2020  HH08318A 8/31/2020  HH08418A 8/31/2020  HH08518A 8/31/2020  HH08618A 8/31/2020  HH08718A 8/31/2020  HH08818A 8/31/2020  HH08918A 8/31/2020  HH09018A 8/31/2020  HH09118A 8/31/2020  HH09218A 8/31/2020  HH09318A 8/31/2020  HH09418A 8/31/2020  HH09518A 8/31/2020  HH09618A 8/31/2020  HH11218A 8/31/2020  HH11318A 8/31/2020  HH11418A 8/31/2020  HH11518A 8/31/2020;  HH11618A 9/30/2020  HH11718A 9/30/2020  HJ04818A 9/30/2020  HJ04918A 9/30/2020  HJ08518A 9/30/2020;  HJ08618A 10/31/2020  HJ08718A 10/31/2020  HJ08818A 10/31/2020  HJ08918A 10/31/2020  HJ09018A 10/31/2020  HJ09118A 10/31/2020  HK03718A 10/31/2020  HK03818A 10/31/2020  HK03918A 10/31/2020  HK04018A 10/31/2020  HK04118A 10/31/2020  HK04218A 10/31/2020  HK04318A 10/31/2020  HK04418A 10/31/2020  HK04518A 10/31/2020  HK04618A 10/31/2020  HK09318A 10/31/2020  HK09418A 10/31/2020  HK09518A 10/31/2020  HK09618A 10/31/2020  HK09718A 10/31/2020;  HM00218A 12/31/2020  HM00318A 12/31/2020  HM00418A 12/31/2020  HM00518A 12/31/2020  HM00618B 12/31/2020  HM00718B 12/31/2020  HM00818B 12/31/2020  HM00918B 12/31/2020  HM01018B 12/31/2020;  HM02918A 1/31/2021  HM03018A 1/31/2021  HM03218A 1/31/2021  HM03318A 1/31/2021  HM03418A 1/31/2021  HM03518A 1/31/2021  HM03618A 1/31/2021  HM03718A 1/31/2021  HM03818A 1/31/2021"
"Drugs","No","","85783","Terminated","AVKARE Inc.","615 N 1st St","N/A","Pulaski","TN","	38478-2403","United States","Voluntary: Firm initiated","Letter","Nationwide in the U.S.","D-1289-2020","Class III","Lamotrigine Tablets, USP, 150 mg, Rx Only, a) 60 count Bottle, NDC 42291-368-60, b) 500 count Bottle, NDC 42291-368-50, Manufactured for: AvKARE, Inc. Pulaski, TN 38478.","4124 bottles","Presence of Foreign Substance consistent with granules from desiccant packs used during storage","05/28/2020","06/04/2020","10/22/2021","06/10/2020","Lot #: a) 25634, b) 25633; Exp. 09/30/2021"
"Drugs","No","","85755","Terminated","Glaxosmithkline Consumer Healthcare Holdings","184 Liberty Corner Rd","N/A","Warren","NJ","	07059-6796","United States","Voluntary: Firm initiated","Letter","U.S.A. Nationwide","D-1323-2020","Class II","Gaviscon Regular Strength Liquid Antacid Cool Mint, 12 FL OZ (355 mL), Distributed by: GSK Consumer Healthcare Warren, NJ 07059, NDC 0135-0094-41","151,344 bottles","Labeling: Label lacks warning - Magnesium safety warning is not present on the Gaviscon bottle label.","05/28/2020","06/18/2020","01/24/2022","06/24/2020","Lot #: 8H21C1, Exp 7/31/2020; 9B25C1, Exp 1/31/2021; 9D02C1, Exp 2/28/2021; 9G01C1, Exp 5/31/2021"
"Drugs","No","","85755","Terminated","Glaxosmithkline Consumer Healthcare Holdings","184 Liberty Corner Rd","N/A","Warren","NJ","	07059-6796","United States","Voluntary: Firm initiated","Letter","U.S.A. Nationwide","D-1324-2020","Class II","Gaviscon Extra Strength Liquid Antacid Extra Strength Cherry, 12 FL OZ. (355 mL), Distributed by: GSK Consumer Healthcare Warren, NJ 07059, NDC 0135-0574-41","629,796 bottles","Labeling: Label lacks warning - Magnesium safety warning is not present on the Gaviscon bottle label.","05/28/2020","06/18/2020","01/24/2022","06/24/2020","Lot #: 0A26C1, Exp 12/31/2021; 0B10C1, Exp 1/31/2022; 8L19C1, Exp 10/31/2020; 8L27C1, Exp 10/31/2020; 9A28C1, Exp 12/31/2020; 9B18C1, Exp 1/31/2021; 9C19C1, Exp 2/28/2021; 9D09C1, Exp 3/31/2021; 9F20C1, Exp 5/31/2021; 9G24C1, Exp 6/30/2021; 9J09C1, Exp 8/31/2021; 9K29C1,  Exp 9/30/2021; 9L05C1, Exp 9/30/2021"
"Drugs","No","","85755","Terminated","Glaxosmithkline Consumer Healthcare Holdings","184 Liberty Corner Rd","N/A","Warren","NJ","	07059-6796","United States","Voluntary: Firm initiated","Letter","U.S.A. Nationwide","D-1325-2020","Class II","Gaviscon Liquid Antacid Extra Strength, Cool Mint, 12 FL OZ (355 mL) single pack and twin pack, Distributed by: GSK Consumer Healthcare Warren, NJ 07059, NDC 0135-0095-41  ","1,631,700 bottles  & 27,300 Twin-Pack botles","Labeling: Label lacks warning - Magnesium safety warning is not present on the Gaviscon bottle label.","05/28/2020","06/18/2020","01/24/2022","06/24/2020","Lot #: 0A21C1, Exp 12/31/2021; 0A31C1, Exp 12/31/2021; 0B05C1, Exp 12/31/2021; 8J04C1, Exp 7/31/2020; 8L05C1, Exp 9/30/200; 8L13C1 , Exp 10/31/2020; 9A14C1, Exp 12/31/2020; 9A21C1, Exp 12/31/2020; 9B04C1, Exp 12/31/2020; 9B11C1, Exp 1/31/2021; 9C04C1, Exp 1/31/2021; 9C12C1, Exp 2/28/2021; 9C25C1, Exp 2/28/2021; 9D17C1, Exp 3/312021; 9D24C1, Exp 3/312021; 9E01C1, Exp 3/31/2021; 9E10C1, Exp 3/31/2021; 9E21C1, Exp 4/30/2021; 9F11C1, Exp 5/31/2021; 9G15C1, Exp 6/30/2021; 9G30C1, Exp 6/30/2021; 9H06C1, Exp 6/30/2021; 9H12C1, Exp 7/31/2021, 9H2OC1, Exp 7/31/2021; 9H26C1, Exp 7/31/2021; 9J23C1, Exp 8/31/2021; 9J3OC1, Exp 8/31/2021; 9K08C1, Exp 8/31/2021; 9L11C1, Exp 10/31/2021; 9L18C1, Exp 10/31/2021; 9M02C1, Exp 10/31/2021; 9M09C1, Exp 11/30/2021; 9M17C1, Exp 11/30/2021; 19N1587221, Exp 7/31/2020; 19N1743754, Exp 12/31/2020; 19N1948440, Exp 6/30/2021; 19N1958219, Exp 6/30/2021; 20N2019997, Exp 7/31/2021; 20N2026258, Exp 8/31/2021; 20N2057778, Exp 8/31/2021"
"Drugs","No","","85781","Ongoing","Amneal Pharmaceuticals of New York, LLC","50 Horseblock Rd","N/A","Brookhaven","NY","	11719-9509","United States","Voluntary: Firm initiated","Press Release","Nationwide","D-1344-2020","Class II","amneal Metformin Hydrochloride Extended-release Tablets, USP 500 mg Rx Only 90 Tablets bottles, Manufactured by: Amneal Pharmaceuticals Pvt. Ltd. Ahmedabad, 388213, INDIA Distributed by: Amneal Pharmaceuticals LLC Bridgewater, NJ 08907  NDC 65162-178-09  ","N/A","CGMP Deviations: FDA analysis detected N-Nitrosodimethylamine (NDMA) impurity above the acceptable intake level","05/29/2020","06/25/2020","N/A","07/01/2020","AM190123A 1/31/2021  AM190193A 1/31/2021  AM190194A 1/31/2021  AM190195A 1/31/2021  AM190196A 1/31/2021  AM190197A 1/31/2021  AM190198A 1/31/2021  AM190199A 1/31/2021  AM190200A 2/28/2021  AM190201A 2/28/2021  AM190202A 2/28/2021  AM190269A 2/28/2021  AM190270A 2/28/2021  AM190271A 2/28/2021  AM190272A 2/28/2021  AM190289A 2/28/2021  AM190290A 2/28/2021  AM190291A 2/28/2021  AM190292A 2/28/2021  AM190293A 2/28/2021  AM190294A 2/28/2021  AM190549A 4/30/2021  AM190550A 4/30/2021  AM190551A 4/30/2021  AM190552A 4/30/2021  AM190553A 4/30/2021  AM190554A 4/30/2021  AM190555A 5/31/2021  AM190556A 5/31/2021  AM190586A 5/31/2021  AM190587A 5/31/2021  AM190588A 5/31/2021  AM190589A 5/31/2021  AM190590A 5/31/2021  AM190605A 5/31/2021  AM190673A 6/30/2021  AM190707A 6/30/2021  AM190708A 6/30/2021  AM190709A 6/30/2021  AM190710A 6/30/2021  AM190714C 6/30/2021  AM190751C 6/30/2021  AM190752C 6/30/2021  AM190753A 8/31/2021  AM190754A 8/31/2021  AM190755A 8/31/2021  AM190756A 8/31/2021  AM190757A 8/31/2021  AM190929A 8/31/2021  AM190930A 8/31/2021  AM190931A 8/31/2021  AM190932A 8/31/2021  AM190933A 8/31/2021  AM190995A 8/31/2021  AM191000A 8/31/2021  AM191001A 8/31/2021  AM191002A 8/31/2021  AM191003A 8/31/2021  AM191034A 9/30/2021  AM191035A 9/30/2021  AM191036A 9/30/2021  AM191037A 9/30/2021  AM191038A 9/30/2021  AM191039A 9/30/2021  AM191086A 9/30/2021"
"Drugs","No","","85797","Terminated","Teva Pharmaceuticals USA","400 Interpace Pkwy","N/A","Parsippany","NJ","	07054-1120","United States","Voluntary: Firm initiated","Press Release","Product was distributed throughout the United States, including Puerto Rico.","D-1331-2020","Class II","Metformin Hydrochloride Extended - Release Tablets, USP, 500 mg, a) 100 (NDC 62037-571-01) and b) 1,000 (NDC 62037-571-10) count bottles, Rx Only, Manufactured by: Watson Pharma Private Limited, Verna, Salcette Goa, Distributed by: Actavis Pharma, Inc., Parsippany, NJ","a) 92,793 bottles and b) 4,824 bottles","CGMP Deviations: FDA analysis detected N-Nitrosodimethylamine (NDMA) impurity above the acceptable intake level","06/02/2020","06/19/2020","04/12/2024","07/01/2020","a)  1329548A, exp. date 06/2020  1338302M, exp. date  10/2020  1348968M, exp. date  10/2020  1348969M, exp. date  10/2020  1348970M, exp. date  11/2020  1376339M,, exp. date  09/2021  b)   1323460M, exp. date  06/2020  1330919M, exp. date  6/2020  1338300A, exp. date 10/2020  1341135M, exp. date  12/2020  1391828M, exp. date  11/2021"
"Drugs","No","","85797","Terminated","Teva Pharmaceuticals USA","400 Interpace Pkwy","N/A","Parsippany","NJ","	07054-1120","United States","Voluntary: Firm initiated","Press Release","Product was distributed throughout the United States, including Puerto Rico.","D-1332-2020","Class II","Metformin Hydrochloride Extended-Release Tablets, USP 750 mg, a) 100 (NDC 62037-577-01) and b) 1000 (NDC 62037-577-10), Rx Only, Manufactured by: Watson Pharma Private Limited, Verna, Salcette Goa, Distributed by: Actavis Pharma, Inc., Parsippany, NJ","a) 15,329 bottles and b) 137 bottles","CGMP Deviations: FDA analysis detected N-Nitrosodimethylamine (NDMA) impurity above the acceptable intake level","06/02/2020","06/19/2020","04/12/2024","07/01/2020","a) 1333338M, exp. date 08/2020, 1333339A, exp. date 08/2020;  b) 1354471A, exp. date 02/2021"
"Drugs","No","","85784","Terminated","Beaming White Llc","1205 Ne 95th St","Suite A","Vancouver","WA","	98665-8960","United States","Voluntary: Firm initiated","E-Mail","Nationwide within the United States","D-1357-2020","Class II","Koala Hand Sanitizer, Soothing Eucalyptus, 16 FL OZ.,  Antibacterial, (Ethyl Alcohol 68%), Manufactured by Beaming White LLC, 1205 NE 95th St., Vancouver, WA 98665","N/A","Subpotent Drug: active ingredient ethanol tested below label claim and there is presence of undeclared isopropyl alcohol.","06/12/2020","06/26/2020","03/11/2024","07/08/2020","Lot #: 40820, Exp. Date 4/8/23"
"Drugs","No","","85784","Terminated","Beaming White Llc","1205 Ne 95th St","Suite A","Vancouver","WA","	98665-8960","United States","Voluntary: Firm initiated","E-Mail","Nationwide within the United States","D-1358-2020","Class II","Koala Hand Sanitizer, Menthol, 16 FL OZ.,  Antibacterial, (Ethyl Alcohol 69%), Manufactured by Beaming White LLC, 1205 NE 95th St., Vancouver, WA 98665","N/A","Subpotent Drug: active ingredient ethanol tested below label claim and there is presence of undeclared isopropyl alcohol.","06/12/2020","06/26/2020","03/11/2024","07/08/2020","Lot #: 40920, Exp. Date 4/9/23;  41320, Exp. Date 4/13/23;  41420, Exp, Date 4/14/23; 41620, Exp. Date 4/16/23; 41720, 41720-2, Exp. Date 4/17/23"
"Drugs","No","","85784","Terminated","Beaming White Llc","1205 Ne 95th St","Suite A","Vancouver","WA","	98665-8960","United States","Voluntary: Firm initiated","E-Mail","Nationwide within the United States","D-1359-2020","Class II","Koala Hand Sanitizer, Unscented, 16 FL OZ.,  Antibacterial, (Ethyl Alcohol 70%), Manufactured by Beaming White LLC, 1205 NE 95th St., Vancouver, WA 98665","N/A","Subpotent Drug: active ingredient ethanol tested below label claim and there is presence of undeclared isopropyl alcohol.","06/12/2020","06/26/2020","03/11/2024","07/08/2020","Lot#: 42220, Exp. Date 4/22/23"
"Drugs","No","06/24/2020","85801","Terminated","Akorn, Inc.","1925 W Field Ct Ste 300","N/A","Lake Forest","IL","	60045-4862","United States","Voluntary: Firm initiated","Letter","Distributed Nationwide in the  USA","D-1340-2020","Class III","Prednisolone Sodium Phosphate Oral Solution, 5 mg/5 mL, 120 mL Bottle, Rx only, HI-TECH PHARMACAL CO., INC., Amityville, NY 11701.  NDC:  50383-040-04","17,424 bottles","Discoloration: Out of Specification (OOS) result for APHA Color Test.","06/05/2020","06/24/2020","07/28/2022","06/17/2020","Lot# 365566, 365568"
"Drugs","No","","85806","Terminated","A.P. Deauville, LLC","594 Jersey Ave Unit C","N/A","New Brunswick","NJ","	08901-3502","United States","Voluntary: Firm initiated","Letter","U.S.A. Nationwide","D-1337-2020","Class II","Soft Whisper by Powerstick Dandruff Shampoo (Pyrithione Zinc), 14.4 FL OZ. (426 mL), A.P. Deauville LLC New Brunswick, NJ 08901, NDC 42913-020-00, UPC 815195014097","82,800 bottles","cGMP Deviations: Soft Whisper Dandruff Shampoo was produced with water that failed USP specifications.","06/03/2020","06/24/2020","10/26/2021","07/01/2020","Lot #: 070421E211; 070921E221; 071021E231; 071021E241, Exp 7/2021"
"Drugs","No","","85811","Terminated","AVKARE Inc.","615 N 1st St","N/A","Pulaski","TN","	38478-2403","United States","Voluntary: Firm initiated","Letter","Nationwide.","D-1304-2020","Class II","Metformin Hydrochloride Extended-Release Tablets, USP 750 mg a) 90 count (NDC 42291-611-90) b) 180 count (NDC 42291-611-18) c) 500 count (NDC 42291-611-50) bottles, Rx Only Manufactured for: AvKARE, Inc. Pulaski, TN 38478","88,545 bottles","CGMP Deviations: FDA analysis detected N-Nitrosodimethylamine (NDMA) impurity above the acceptable intake level","06/04/2020","06/12/2020","01/14/2022","06/24/2020","Lots:   a) 23069 Exp. 11/30/2020,   24571 Exp. 05/31/2021,  25310 Exp. 07/31/2021,  26391 Exp. 01/31/2022;     b) 22542 Exp. 06/30/2020,  23345 Exp. 11/30/2020,  24032 Exp. 03/31/2021,  24624 Exp. 07/31/2021,  24631 Exp. 05/31/2021,  25381 Exp. 08/31/2021,  25907 Exp. 10/31/2021,  26478 Exp. 01/31/2022;    c) 22348 Exp. 06/30/2020,  22405 Exp. 06/30/2020,  22406 Exp. 06/30/2020,  22740 Exp. 06/30/2020,  23346 Exp. 11/30/2020,  23926 Exp. 03/31/2021,  24364 Exp. 05/31/2021,  25014 Exp. 07/31/2021,  25334 Exp. 09/30/2021,  25906 Exp. 10/31/2021,  26392 Exp. 01/31/2022"
"Drugs","No","","85811","Terminated","AVKARE Inc.","615 N 1st St","N/A","Pulaski","TN","	38478-2403","United States","Voluntary: Firm initiated","Letter","Nationwide.","D-1305-2020","Class II","Metformin Hydrochloride Extended-Release Tablets, USP 500 mg, a) 50 count (NDC 50268-531-15); b) 90 count (NDC 42291-610-90); c) 180 count (NDC 42291-610-18);  d) 360 count (NDC 42291-610-36); e) 1000 count (NDC 42291-610-10) bottles, Rx Only, Manufactured for: AvKARE, Inc. Pulaski, TN 38478","1,586,913 bottles","CGMP Deviations: FDA analysis detected N-Nitrosodimethylamine (NDMA) impurity above the acceptable intake level","06/04/2020","06/12/2020","01/14/2022","06/24/2020","Lots:     a) 23537 Exp. 06/30/2020, 23613 Exp. 06/30/2020, 24083 Exp. 06/30/2020, 24291 Exp. 06/30/2020, 24725 Exp. 06/30/2020, 25637 Exp. 06/30/2021, 25751 Exp. 07/31/2021;    b) 22073 Exp. 06/30/2020, 22460 Exp. 07/31/2020, 22539 Exp. 09/30/2020, 22540 Exp. 09/30/2020, 23299 Exp. 01/31/2021, 23300 Exp. 01/31/2021, 23484 Exp. 01/31/2021, 23917 Exp. 03/31/2021, 24477 Exp. 06/30/2021, 24514 Exp. 06/30/2021, 24945 Exp. 08/31/2021, 25591 Exp. 10/31/2021, 25590 Exp. 10/31/2021, 26004 Exp. 11/30/2021, 26322 Exp. 01/31/2021, 26339 Exp. 02/28/2022, 26520 Exp. 01/31/2022, 26588 Exp. 02/28/2022;    c) 22202  Exp. 06/30/2020, 22541 Exp. 09/30/2020, 23293 Exp. 01/31/2021, 23475 Exp. 01/31/2021, 23658 Exp. 03/31/2021, 23979 Exp. 03/31/2021, 24303 Exp. 06/30/2021, 24476 Exp. 06/30/2021, 24550 Exp. 06/30/2021, 24804 Exp. 07/31/2021, 25380 Exp. 08/31/2021, 25592 Exp. 10/31/2021, 25736 Exp. 10/31/2021, 26005 Exp. 11/30/2021, 26006 Exp. 10/31/2021, 26326 Exp. 01/31/2022, 26483 Exp. 02/28/2022, 26484 Exp. 02/28/2022,26589 Exp. 02/28/2022;    d) 22430 Exp. 06/30/2020, 22538 Exp. 09/30/2020, 22638 Exp. 09/30/2020, 22639 Exp. 09/30/2020, 23292 Exp. 01/31/2021, 23291 Exp. 01/31/2021, 23344 Exp. 01/31/2021, 23631 Exp. 01/31/2021, 23707 Exp. 03/31/2021,  23706 Exp. 03/31/2021, 24164 Exp. 05/31/2021, 24165 Exp. 05/31/2021,   24340 Exp. 06/30/2021, 24474 Exp. 06/30/2021, 24475 Exp. 06/30/2021,   24548 Exp. 06/30/2021, 24738 Exp. 07/31/2021, 24739 Exp. 07/31/2021,  24905 Exp. 07/31/2021, 24906 Exp. 08/31/2021, 25379 Exp. 08/31/2021,  25378 Exp. 08/31/2021, 25627 Exp. 10/31/2021, 25664 Exp. 10/31/2021,  26131 Exp. 01/31/2022, 26340 Exp. 01/31/2022, 26341 Exp. 02/28/2022,  26590 Exp. 02/28/2022, 26591 Exp. 02/28/2022;     e) HH01618A Exp. 07/31/2020,  HH01718A Exp. 07/31/2020,  HH01818A Exp. 07/31/2020,  HH01918A Exp. 07/31/2020,  HH02018A Exp. 08/31/2020,  HH05018A Exp. 08/31/2020,  HH05118A Exp. 08/31/2020,  HH05218A Exp. 08/31/2020,  HH05318A Exp. 08/31/2020,  HH05418A Exp. 08/31/2020,  HH05518A Exp. 08/31/2020,  HH05618A Exp. 08/31/2020,  HH05718A Exp. 08/31/2020,  HH05818A Exp. 08/31/2020,  HH05918A Exp. 08/31/2020,  HH06018A Exp. 08/31/2020,  HH06118A Exp. 08/31/2020,  HH06218A Exp. 08/31/2020,  HH06318A Exp. 08/31/2020,  HH06418A Exp. 08/31/2020,  HK09818A Exp. 10/31/2020,  HK09918A Exp. 10/31/2020,  HK10018A Exp. 10/31/2020,  HK10118A Exp. 10/31/2020,  HK10218A Exp. 10/31/2020,  HK13618A Exp. 11/30/2020,  HB10419A Exp. 03/31/2021,  HC00119A Exp. 03/31/2021,  HC00219A Exp. 03/31/2021,  HC00319A Exp. 03/31/2021,  HC00419A Exp. 03/31/2021,  HD01619A Exp. 04/30/2021,  HD01719A Exp. 04/30/2021,  HD01819A Exp. 04/30/2021,  HD01919A Exp. 04/30/2021,  HD02019A Exp. 04/30/2021,  HD09319B Exp. 04/30/2021,  HD09419A Exp. 04/30/2021,  HD09519A Exp. 04/30/2021,  HD09619A Exp. 04/30/2021,  HD09719A Exp. 04/30/2021,  HD09819A Exp. 04/30/2021,  HD09919A Exp. 04/30/2021,  HE00919A Exp. 04/30/2021,  HE01019A Exp. 04/30/2021,  HE01119A Exp. 04/30/2021,  HE09419A Exp. 05/31/2021,  HE09519A Exp. 05/31/2021,  HE13119A Exp. 05/31/2021,  HE13219A Exp. 05/31/2021,  HE13319A Exp. 05/31/2021,  HE13419A Exp. 05/31/2021,  HE13519A Exp. 05/31/2021,  HE13619A Exp. 05/31/2021,  HE13719A Exp. 05/31/2021,  HE13819A Exp. 05/31/2021,  HE13919A Exp. 05/31/2021,  HE14019A Exp. 05/31/2021,  HF01919A Exp. 05/31/2021,  HF02019A Exp. 05/31/2021,  HF02119A Exp. 05/31/2021,  HG06019A Exp. 07/31/2021,  HG06119A Exp. 07/31/2021,  HG06219A Exp. 07/31/2021,  HG06319A Exp. 07/31/2021,  HG06419A Exp. 07/31/2021,  HG06519A Exp. 07/31/2021,  HG06619A Exp. 07/31/2021,  HG06719A Exp. 07/31/2021,  HG06819A Exp. 07/31/2021,  HG06919A Exp. 07/31/2021,  HH03419A Exp. 08/31/2021,  HH03519A Exp. 08/31/2021,  HH03619A Exp. 08/31/2021,  HH03719A Exp. 08/31/2021,  HH03819A Exp. 08/31/2021,  HH03919A Exp. 08/31/2021,  HH04019A Exp. 08/31/2021,  HH04119A Exp. 08/31/2021,  HH04219A Exp. 08/31/2021,  HH04319A Exp. 08/31/2021,  HH08319A Exp. 08/31/2021,  HH08419A Exp. 08/31/2021,  HH08519A Exp. 08/31/2021,  HH08619A Exp. 08/31/2021,  HH08719A Exp. 08/31/2021,  HH08819A Exp. 08/31/2021,  HH08919A Exp. 08/31/2021,  HH09019A Exp. 08/31/2021,  HH09119A Exp. 08/31/2021,  HH09219A Exp. 08/31/2021,  HL01119B Exp. 11/30/2021,  HL01219A Exp. 11/30/2021,  HA00520A Exp. 01/31/2022,  HA00620A Exp. 01/31/2022,  HA00720A Exp. 01/31/2022,  HA00820A Exp. 01/31/2022,  HA00920A Exp. 01/31/2022,  HA01020A Exp. 01/31/2022,  HA01120A Exp. 01/31/2022,  HA01220A Exp. 01/31/2022,  HB05720A Exp. 02/28/2022,  HB05820A Exp. 02/28/2022,  HB05920A Exp. 02/28/2022,  HB06020A Exp. 02/28/2022,  HB06120A Exp. 02/28/2022,  HB06220A Exp. 02/28/2022,  HB06320A Exp. 02/28/2022,  HB06420A Exp. 02/28/2022,  HB06520A Exp. 02/28/2022,  HB06620A Exp. 02/28/2022"
"Drugs","No","","85814","Terminated","Yusef Manufacturing Laboratories, LLC","Freeport West, F-4, #3","N/A","Clearfield","UT","	84016","United States","Voluntary: Firm initiated","E-Mail","Shipped to one distributer located in Colorado","D-1540-2020","Class II","Rocky Mountain Sunscreen SPF30 Kiwi Flavored Lip Balm (Oxybenzone 5%, Meradimate 5%, Octinoxate 7.5%, Octisalate 5%) 0.15 Oz Tube, Rocky Mtn. Sunscreen, UPC 7 54018 20004 3  ","2,558 pieces","Superpotent Drug: Active Ingredient Octisalate found at 15% above label claim.","06/03/2020","08/24/2020","02/13/2024","09/02/2020","Part ID 9PRKY01, Batch #13852"
"Drugs","No","","85818","Terminated","Marksans Pharma Limited","& L - 83 Plots L - 82","Verna, Goa","Vasco Da Gama","N/A","	N/A","India","Voluntary: Firm initiated","Press Release","Nationwide","D-1356-2020","Class II","Time-Cap Labs, Inc. Metformin Hydrochloride Extended-Release Tablets, USP 500 mg Rx Only 100 Tablets bottles, Manufactured for: Time-Cap Labs, Inc. 7 Michael Avenue Farmingdale, NY 11735, USA  Manufactured by: Marksans Pharma Ltd. Plot No, L-82, L-83, Verna Intl. Estate, Verna, Goa-403 722, India   NDC 49483-623-01","11279 bottles","CGMP Deviations: FDA analysis detected N-Nitrosodimethylamine (NDMA) impurity above the acceptable intake level","06/05/2020","06/25/2020","09/07/2023","07/01/2020","XP9004, exp 12/2020"
"Drugs","No","","85826","Terminated","SOMERSET THERAPEUTICS LLC","300 Franklin Square Dr","N/A","Somerset","NJ","	08873-4187","United States","Voluntary: Firm initiated","Letter","Nationwide","D-1373-2020","Class III","Brimonidine Tartrate Opthalmic Solution 0.2%, 5 mL bottle, Rx only, Manufactured for: Somerset Therapeutics, LLC Hollywood, FL 33024. Made in India. NDC 70069-231-01","383,437 bottles","Failed Impurities/Degradation Specification: There is  a slow leaching process from the product label on the bottle which may impact the product over the shelf life.","06/04/2020","07/07/2020","06/30/2023","07/15/2020","Lots # BRM11W9001, BRM11W9002, BRM11W9003, EXP Nov 2020; BRM11W9004, BRM11W9005, BRM11W9006, EXP Dec 2020; BRM11W9007,  BRM11W9008, BRM11W9009, EXP Mar 2021; BRM11W9010, BRM11W9011,  BRM11W9012, BRM11W9013, EXP Apr 2021; BRM11W9014, BRM11W9015, EXP May 2021"
"Drugs","No","","85826","Terminated","SOMERSET THERAPEUTICS LLC","300 Franklin Square Dr","N/A","Somerset","NJ","	08873-4187","United States","Voluntary: Firm initiated","Letter","Nationwide","D-1374-2020","Class III","Brimonidine Tartrate Opthalmic Solution 0.2%, 10 mL bottle, Rx only, Manufactured for: Somerset Therapeutics, LLC Hollywood, FL 33024. Made in India. NDC 70069-232-01","48,852 bottles","Failed Impurities/Degradation Specification: There is  a slow leaching process from the product label on the bottle which may impact the product over the shelf life.","06/04/2020","07/07/2020","06/30/2023","07/15/2020","Lots # BRM12W9001, EXP 2020; BRM12W9002, BRM12W9003, EXP Dec. 2020; BRM12W9004, EXP Apr. 2021"
"Drugs","No","","85826","Terminated","SOMERSET THERAPEUTICS LLC","300 Franklin Square Dr","N/A","Somerset","NJ","	08873-4187","United States","Voluntary: Firm initiated","Letter","Nationwide","D-1375-2020","Class III","Brimonidine Tartrate Opthalmic Solution 0.2%, 15 mL bottle, Rx only, Manufactured for: Somerset Therapeutics, LLC Hollywood, FL 33024. Made in India. NDC 70069-233-01","22,788 bottles","Failed Impurities/Degradation Specification: There is  a slow leaching process from the product label on the bottle which may impact the product over the shelf life.","06/04/2020","07/07/2020","06/30/2023","07/15/2020","Lot #s BRM13W9001, BRM13W9002, BRM13W9003, EXP Dec. 2020:  BRM13W9004, EXP Apr. 2021."
"Drugs","No","","85827","Terminated","PD-Rx Pharmaceuticals, Inc.","727 N Ann Arbor Ave","N/A","Oklahoma City","OK","	73127-5822","United States","Voluntary: Firm initiated","Two or more of the following: Email, Fax, Letter, Press Release, Telephone, Visit","United States","D-1307-2020","Class II","metFORMIN HCL ER USP 500 mg, a) 30 tablets (NDC: 43063-428-30); b) 60 tablets (NDC: 43063-428-60); c) 90 tablets (NDC: 43063-428-90); d) 120 tablets (NDC: 43063-428-98); e) 180 tablets (NDC: 43063-428-93); f) 500 tablets (NDC: 53746-0178-05), Rx only, PD-Rx Pharmaceuticals Incorporated Oklahoma City, OK 73127","3703 bottles","CGMP Deviations: FDA analysis detected N-Nitrosodimethylamine (NDMA) impurity above the acceptable intake level","06/05/2020","06/12/2020","11/08/2021","06/24/2020","Lots:  a) D19C80, F19C39, H19A55, H19D56, I18E0 Exp. 06/30/2020;     b) D19A66, E19C15, F19D60 Exp. 06/30/2020;     c) E19D32, J18B83, C19D25, C19E78, D19C60, D19D64, F19B27, G19A31, G19C41, I19A56 Exp. 06/30/2020;     d) E19C11, F19E33, I18E07 Exp. 06/30/2020;     e) D19D56, F19A51, H19A09, H19A81, H19B16, H19B77, H19C28, I18F43 Exp. 06/30/2020;     f) HF06618A, HF06718A Exp. 06/30/2020"
"Drugs","No","06/29/2020","85829","Terminated","Rising Pharmaceuticals, Inc.","250 Pehle Ave Ste 601","N/A","Saddle Brook","NJ","	07663-5832","United States","Voluntary: Firm initiated","Letter","U.S.A. Nationwide","D-1367-2020","Class III","Timolol Maleate USP, 0.5%, 5 mL,  Sterile Opthalmic Solution,  Rx Only, For Topical Application in the Eye, Distributed by: Rising Pharmaceuticals, Inc. Saddle Brook, NJ 07663, Manufactured by: FDC Limited B-8, MIDC Industrial Area, Waluj, Aurangbad - 431 136 Marahastra, India, NDC 64980-514-05","N/A","Labeling: Label mix-up: A case of Timolol Maleate Sterile Ophthalmic solution USP 0.25%, 5ml, had the outer carton for Timolol Maleate Sterile Ophthalmic solution USP 0.5%, 5ml but the bottle inside was Timolol Maleate Sterile Ophthalmic solution USP 0.25%, 5ml.","11/15/2019","06/29/2020","08/22/2022","07/01/2020","Lot # 089A016, Exp 12/31/2020"
"Drugs","No","","85828","Terminated","PD-Rx Pharmaceuticals, Inc.","727 N Ann Arbor Ave","N/A","Oklahoma City","OK","	73127-5822","United States","Voluntary: Firm initiated","Two or more of the following: Email, Fax, Letter, Press Release, Telephone, Visit","United States.","D-1333-2020","Class II","metFORMIN HCL ER 500 mg, a) 30 tablets (NDC 72789-009-30); b) 60 tablets (NDC 72789-009-60); c) 90 tablets (NDC 72789-009-90); d) 180 tablets (NDC 72789-009-93); e) 100 tablets (NDC 49483-0623-01)  bottles, Rx only PD-Rx Pharmaceuticals Incorporated, Oklahoma City, OK 73127","1969 bottles","CGMP Deviations: FDA analysis detected N-Nitrosodimethylamine (NDMA) impurity above the acceptable intake level","06/05/2020","06/20/2020","11/08/2021","07/01/2020","Lots:  a) A20B02, I19D03, J19A98, K19E32, L19C86 Exp. 12/31/2020;     b) I19D55, I19F50, K19A18, K19D87, L19B34, L19D23, L19E74 Exp. 12/31/2020;     c) I19E91, I19F33, J19B88, J19E70, K19D26, L19A65 Exp. 12/31/2020;     d) I19C21 Exp. 08/21/2020, I19C57, J19C21, J19C67, K19B53, L19C77, L19E44 Exp. 12/31/2020;     e) XP9004 Exp. 12/31/2020"
"Drugs","No","","85831","Terminated","Hikma Pharmaceuticals USA Inc.","2 Esterbrook Ln","N/A","Cherry Hill","NJ","	08003-4002","United States","Voluntary: Firm initiated","Letter","Nationwide within the United States","D-1308-2020","Class II","Irinotecan HCL Injection, USP, 100mg/5mL, 5 mL vials, Rx only, Manufactured by: Thymoorgan Pharmazie GmbH, Shiffgraben 23, 38690 Golsar, Germany Distributed by: West-Word Pharmaceutical Corp. Eatontown, NJ 07724 USA, NDC 0143-9701-01","82,426 vials","Defective Container: Customer complaints received of a crimp defect while removing the flip-cap during use.","06/11/2020","06/12/2020","06/10/2021","06/24/2020","Lot #: AC0231, AC0235, exp. date 08/2021; AC0237, exp. date 09/2021"
"Drugs","No","","85831","Terminated","Hikma Pharmaceuticals USA Inc.","2 Esterbrook Ln","N/A","Cherry Hill","NJ","	08003-4002","United States","Voluntary: Firm initiated","Letter","Nationwide within the United States","D-1309-2020","Class II","Irinotecan HCL Injection, USP, 100mg/5mL, 5 mL vials, Rx only, Manufactured by: Thymoorgan Pharmazie GmbH, Shiffgraben 23, 38690 Golsar, Germany  Distributed by: West-Word Pharmaceutical Corp. Eatontown, NJ 07724 USA, NDC 0143-9583-01","17,998 vials","Defective Container: Customer complaints received of a crimp defect while removing the flip-cap during use.","06/11/2020","06/12/2020","06/10/2021","06/24/2020","Lot #:AC0231A, exp. date 08/2021"
"Drugs","No","06/24/2020","85833","Terminated","Crown Laboratories","349 Lafe Cox Dr","N/A","Johnson City","TN","	37604-7469","United States","Voluntary: Firm initiated","Letter","Distributed Nationwide in the USA.","D-1338-2020","Class II","Nystatin Cream, USP 100,000 units per gram, 30 grams, Rx Only,  Manufactured and Distributed by: Crown Laboratories, Inc. Johnson City, TN 37604, NDC 0316-0221-30","62,274 tubes","Subpotent Drug: Out of specification for assay at the 9-month interval for Nystatin Cream, USP.","06/10/2020","06/24/2020","11/05/2021","07/01/2020","Lot: Y0378A, EXP 07/2021"
"Drugs","No","06/24/2020","85833","Terminated","Crown Laboratories","349 Lafe Cox Dr","N/A","Johnson City","TN","	37604-7469","United States","Voluntary: Firm initiated","Letter","Distributed Nationwide in the USA.","D-1339-2020","Class II","Nystatin Cream, USP 100,000 units per gram, 15 grams, Rx Only, Manufactured and Distributed by: Crown Laboratories, Inc. Johnson City, TN 37604, NDC 0316-0221-15","35,931 tubes","Subpotent Drug: Out of specification for assay at the 9-month interval for Nystatin Cream, USP.","06/10/2020","06/24/2020","11/05/2021","07/01/2020","Lot: Y0378, EXP 07/2021"
"Drugs","No","","85781","Ongoing","Amneal Pharmaceuticals of New York, LLC","50 Horseblock Rd","N/A","Brookhaven","NY","	11719-9509","United States","Voluntary: Firm initiated","Press Release","Nationwide","D-1345-2020","Class II","amneal Metformin Hydrochloride Extended-release Tablets, USP, 500 mg Rx Only, 500 Tablets bottles, Manufactured by: Amneal Pharmaceuticals Pvt. Ltd. Ahmedabad 388213, INDIA Distributed by: Amneal Pharmaceuticals LLC Bridgewater, NJ 08807   NDC 65162-178-50","N/A","CGMP Deviations: FDA analysis detected N-Nitrosodimethylamine (NDMA) impurity above the acceptable intake level","05/29/2020","06/25/2020","N/A","07/01/2020","AM180641A 6/30/2020  AM180642A 6/30/2020  AM180643A 6/30/2020  AM180644A 6/30/2020  AM180645A 6/30/2020  AM180646A 6/30/2020  AM180647A 6/30/2020  AM180880A 7/31/2020  AM180881A 7/31/2020  AM180882A 7/31/2020  AM180883A 7/31/2020  AM180884A 7/31/2020  AM180885A 7/31/2020  AM180886A 7/31/2020  AM180887A 7/31/2020  AM180888A 7/31/2020  AM180889A 7/31/2020  AM180936A 7/31/2020  AM180937A 7/31/2020  AM180938A 7/31/2020  AM180939A 7/31/2020  AM180940A 7/31/2020  AM180960A 7/31/2020  AM180961A 7/31/2020  AM180962A 7/31/2020  AM180963A 7/31/2020  AM180964A 7/31/2020  AM180965A 7/31/2020  AM180992A 7/31/2020  AM180993A 7/31/2020  AM180994A 8/31/2020  AM180995A 8/31/2020  AM180996A 8/31/2020  AM180997A 8/31/2020  AM181037A 8/31/2020  AM181038A 8/31/2020  AM181039A 8/31/2020  AM181040A 8/31/2020  AM181041A 8/31/2020  AM181079A 8/31/2020  AM181080A 8/31/2020  AM181081A 8/31/2020  AM181082A 8/31/2020  AM181083A 8/31/2020  AM181084A 8/31/2020  AM181085A 8/31/2020  AM181086A 8/31/2020  AM181087A 8/31/2020  AM181088A 8/31/2020  AM181089A 8/31/2020  AM181093A 8/31/2020  AM181094A 8/31/2020  AM181095A 8/31/2020  AM181096A 8/31/2020  AM181097A 8/31/2020  AM181098A 8/31/2020  AM181099A 8/31/2020  AM181100A 8/31/2020  AM181101A 8/31/2020  AM181102A 8/31/2020  AM181116A 8/31/2020  AM181117A 9/30/2020  AM181129A 8/31/2020  AM181130A 8/31/2020  AM181131A 8/31/2020  AM181132A 8/31/2020  AM181133A 9/30/2020  AM181134A 9/30/2020  AM181135A 9/30/2020  AM181136A 9/30/2020  AM181137A 9/30/2020  AM181138A 9/30/2020  AM181183A 9/30/2020  AM181184A 9/30/2020  AM181185A 9/30/2020  AM181186A 9/30/2020  AM181187A 9/30/2020  AM181188A 9/30/2020  AM181189A 9/30/2020  AM181190A 9/30/2020  AM181235A 9/30/2020  AM181236A 9/30/2020  AM181237A 9/30/2020  AM181238A 9/30/2020  AM181239A 9/30/2020  AM181240A 9/30/2020  AM181242A 9/30/2020  AM181243A 9/30/2020  AM181314A 10/31/2020  AM181315A 11/30/2020  AM190121B 12/31/2020  AM190122B 12/31/2020  AM190713AA 6/30/2021  AM191248A 10/31/2021  AM191249A 10/31/2021  AM200192 1/31/2022  AM200322A 2/28/2022"
"Drugs","No","","85781","Ongoing","Amneal Pharmaceuticals of New York, LLC","50 Horseblock Rd","N/A","Brookhaven","NY","	11719-9509","United States","Voluntary: Firm initiated","Press Release","Nationwide","D-1347-2020","Class II","amneal Metformin Hydrochloride Extended-release Tablets, USP, 500 mg Rx only, 100 Tablets bottles, Manufactured by: Amneal Pharmaceuticals Pvt. Ltd. Ahmedabad 382213 India Distributed by: Amneal Pharmaceuticals LLC Bridgewater, NJ 08807   NDC 65162-178-10","N/A","CGMP Deviations: FDA analysis detected N-Nitrosodimethylamine (NDMA) impurity above the acceptable intake level","05/29/2020","06/25/2020","N/A","07/01/2020","AM181118AA 10/31/2020  AM181191AA 9/30/2020  AM181192AA 9/30/2020  AM181235AA 9/30/2020  AM181236AA 9/30/2020  AM181237AA 9/30/2020  AM181240AA 9/30/2020  AM181241AA 9/30/2020  AM181242AA 9/30/2020  AM181243AA 9/30/2020  AM181244AA 10/31/2020  AM181268AA 10/31/2020  AM181269AA 10/31/2020  AM181270AA 10/30/2020  AM181271AA 10/31/2020  AM181272AA 10/31/2020  AM181273AA 10/31/2020  AM181274AA 10/31/2020  AM181275AA 10/31/2020  AM181276AA 10/31/2020  AM181277AA 10/31/2020  AM181307AA 10/31/2020  AM181308AA 10/31/2020  AM181309AA 10/31/2020  AM181310AA 10/31/2020  AM181311AA 10/31/2020  AM181313AA 10/31/2020  AM181314AA 10/31/2020  AM181315AA 11/30/2020  AM181316AA 11/30/2020  AM181317AA 12/31/2020  AM181419AA 11/30/2020  AM181420AA 11/30/2020  AM181421AA 11/30/2020  AM181422AA 11/30/2020  AM181423AA 11/30/2020  AM181424AA 11/30/2020  AM181425AA 11/30/2020  AM181430BA 12/31/2020  AM181455AA 12/31/2020  AM181456AA 12/31/2020  AM181457AA 12/31/2020  AM181458AA 12/31/2020  AM181459AA 12/31/2020  AM181460AA 12/31/2020  AM181461AA 12/31/2020  AM181462AA 12/31/2020  AM181463AA 12/31/2020  AM181464AA 12/31/2020  AM181465AA 12/31/2020  AM190054AA 12/31/2020  AM190055AA 12/31/2020  AM190057AA 12/31/2020  AM190058AA 12/31/2020  AM190102AA 12/31/2020  AM190103AA 12/31/2020  AM190104AA 12/31/2020  AM190105AA 12/31/2020  AM190106AA 12/31/2020  AM190107AA 12/31/2020  AM190108AA 12/31/2020  AM190120AA 12/31/2020  AM190633AA 5/31/2021  AM190634AA 5/31/2021  AM190635AA 5/31/2021  AM190636AA 5/31/2021  AM190637AA 5/31/2021  AM190638AA 5/31/2021  AM190640AA 5/31/2021  AM190641AA 5/31/2021  AM190642AA 5/31/2021  AM190664AA 5/31/2021  AM190665AA 5/31/2021  AM190666AA 5/31/2021  AM190667AA 5/31/2021  AM190668AA 5/31/2021  AM190669AA 6/30/2021  AM190670AA 6/30/2021  AM190671AA 6/30/2021  AM190672AA 6/30/2021  AM190714AA 6/30/2021  AM190934A 8/31/2021  AM190991A 8/31/2021  AM190992A 8/31/2021  AM190993A 8/31/2021  AM190994A 8/31/2021  AM191040A 9/30/2021  AM191041A 9/30/2021  AM191083A 9/30/2021  AM191084A 9/30/2021  AM191085A 9/30/2021  AM191091A 9/30/2021  AM191092A 9/30/2021  AM191105A 9/30/2021  AM191106A 10/31/2021  AM191107A 10/31/2021  AM191109A 10/31/2021  AM191186A 10/31/2021  AM191187A 10/31/2021  AM191188A 10/31/2021  AM191189A 10/31/2021  AM191190A 10/31/2021  AM191191A 10/31/2021  AM191192A 10/31/2021  AM191193A 10/31/2021  AM191194A 10/31/2021  AM191195A 10/31/2021  AM191244A 10/31/2021  AM191245A 10/31/2021  AM191246A 10/31/2021  AM191247A 10/31/2021  AM191294A 11/30/2021  AM191295A 11/30/2021  AM191296A 11/30/2021  AM191365A 11/30/2021  AM191366A 11/30/2021  AM191367A 11/30/2021  AM191392A 11/30/2021  AM191393A 11/30/2021  AM191394A 11/30/2021  AM191395A 12/31/2021  AM200001A 12/31/2021  AM200002A 12/31/2021  AM200003A 12/31/2021  AM200004A 12/31/2021  AM200005A 12/31/2021  AM200006A 12/31/2021  AM200045A 12/31/2021  AM200046A 12/31/2021  AM200047A 12/31/2021  AM200048A 12/31/2021  AM200049A 12/31/2021  AM200050A 12/31/2021  AM200051A 12/31/2021  AM200052A 12/31/2021  AM200053A 12/31/2021  AM200081A 12/31/2021  AM200082A 12/31/2021  AM200083 12/31/2021  AM200087A 12/31/2021  AM200088A 12/31/2021  AM200089 12/31/2021  AM200090 12/31/2021  AM200091 12/31/2021  AM200100 1/31/2022  AM200101 1/31/2022  AM200102 1/31/2022  AM200138 1/31/2022  AM200139 1/31/2022  AM200140 1/31/2022  AM200141 1/31/2022  AM200142 1/31/2022  AM200143 1/31/2022  AM200144 1/31/2022  AM200193 1/31/2022  AM200194 1/31/2022  AM200195 1/31/2022  AM200196 1/31/2022  AM200197 1/31/2022  AM200198 1/31/2022  AM200199 1/31/2022  AM200200 1/31/2022  AM200202 1/31/2022  AM200203 1/31/2022  AM200204 1/31/2022  AM200205 1/31/2022  AM200206 1/31/2022  AM200207 1/31/2022  AM200208 1/31/2022  AM200209 1/31/2022  AM200210 1/31/2022  AM200211 1/31/2022  AM200284 2/28/2022  AM200285 2/28/2022  AM200287 2/28/2022  AM200288 2/28/2022  AM200289 2/28/2022  AM200290 2/28/2022  AM200291 2/28/2022  AM200292 2/28/2022"
"Drugs","No","","85835","Terminated","Alembic Pharmaceuticals Limited","Near Baska","N/A","Tajpura","N/A","	N/A","India","Voluntary: Firm initiated","Letter","Nationwide in the U.S.","D-1341-2020","Class II","Aripiprazole Tablets, USP, 2 mg, 30 Tablets per bottle, Rx only, Manufactured by: Alembic Pharmaceuticals Limited (Formulation Division) Panelav 389350, Gujarat, India  Manufactured for: Alembic Pharmaceuticals, Inc. 750 Route 202, Bridgewater, NJ 08807 USA, NDC 62332-097-30.","19,153 bottles","Labeling: Label mix up: Bottles labeled as aripiprazole 2 mg, 30 count had aripiprazole 5 mg tablets, 100 count.","06/10/2020","06/24/2020","01/19/2022","07/01/2020","Lot: 1905003298 Exp. 01/31/2021"
"Drugs","No","","85840","Terminated","Lupin Pharmaceuticals Inc.","Harborplace Tower","111 S Calvert St Fl 21st","Baltimore","MD","	21202-6174","United States","Voluntary: Firm initiated","Press Release","Product was distributed throughout the United States.","D-1334-2020","Class II","Metformin Hydrochloride Extended-release Tablets USP, 500 mg, 60 count bottle, Rx only, Manufactured for Lupin Pharmaceuticals, Inc., Baltimore, MD Manufactured by: Lupin Limited Goa INDIA (NDC 68180-336-07)","6,540 bottles","CGMP Deviations: FDA analysis detected N-Nitrosodimethylamine (NDMA) impurity above the acceptable intake level","06/11/2020","06/20/2020","12/23/2021","07/01/2020","Batch # G901203, exp. date 12/2020"
"Drugs","No","06/29/2020","85829","Terminated","Rising Pharmaceuticals, Inc.","250 Pehle Ave Ste 601","N/A","Saddle Brook","NJ","	07663-5832","United States","Voluntary: Firm initiated","Letter","U.S.A. Nationwide","D-1368-2020","Class III","Timolol Maleate Sterile Opthalmic Solution,USP 0.25%, 5 mL, Rx Only, For Topical Application, Distributed by: Rising Pharmaceuticals, Inc. Saddle Brook, NJ 07863, Manufactured by: FDC Limited B-8, MDC Industrial Area, Waluj, Aurangabad - 431-136 Maharashtra, India, NDC 64980-513-05","15,072 bottles","Labeling: Label mix-up: A case of Timolol Maleate Sterile Ophthalmic solution USP 0.25%, 5ml, had the outer carton for Timolol Maleate Sterile Ophthalmic solution USP 0.5%, 5ml but the bottle inside was Timolol Maleate Sterile Ophthalmic solution USP 0.25%, 5ml.","11/15/2019","06/29/2020","08/22/2022","07/01/2020","Lot # 089A016, Exp 12/2020"
"Drugs","No","07/01/2020","85842","Terminated","American Health Packaging","2550 John Glenn Ave Ste A","N/A","Columbus","OH","	43217-1188","United States","Voluntary: Firm initiated","Letter","Nationwide USA","D-1372-2020","Class III","Nabumetone Tablets, USP, 500 mg, 100 Tablets per carton (10 tablets x 10 blister cards), Rx only, Distributed by: American Health Packaging, Columbus, Ohio 43217, NDC carton: 60687-374-01, NDC unit dose: 60687-374-11","265 cartons","Labeling Not Elsewhere Classified: The statement  Pharmacist: Dispense with the accompanying Medication Guide  was not included on the carton label.","06/10/2020","07/01/2020","08/03/2022","07/01/2020","Lot #: 189551, Exp 04/30/2021"
"Drugs","No","","85848","Terminated","Glaxosmithkline Consumer Healthcare Holdings","184 Liberty Corner Rd","N/A","Warren","NJ","	07059-6796","United States","Voluntary: Firm initiated","Press Release","Nationwide in the US","D-1361-2020","Class II","Childrens Robitussin Honey Cough and Chest Congestion DM, dextromethorphan (cough suppressant), guaifenesin (expectorant), 4 FL OZ. bottle (118 mL), Distributed by: Pfizer, Madison, NJ 07940 USA, UPC: 50300318760128, NDC: 0031-8760-12.","132,336 bottles","Defective Delivery System: the dosing cups are missing graduations applicable to certain age groups.","06/16/2020","06/26/2020","06/03/2022","07/08/2020","Lot #s: 02177, 02178, Exp. 01/31/2022"
"Drugs","No","","85848","Terminated","Glaxosmithkline Consumer Healthcare Holdings","184 Liberty Corner Rd","N/A","Warren","NJ","	07059-6796","United States","Voluntary: Firm initiated","Press Release","Nationwide in the US","D-1362-2020","Class II","Childrens Dimetapp Cold & Cough, For ages 6 yrs. & over, 8 FL OZ. bottle, (237 mL), Distributed by: Pfizer Madison, NJ 07940, Made in Canada, UPC: 60300312234196, NDC: 0031-2234-19.","78,132 bottles","Defective Delivery System: the dosing cups are missing graduations applicable to certain age groups.","06/16/2020","06/26/2020","06/03/2022","07/08/2020","Lot CL8292, Exp. 09/30/2021"
"Drugs","No","06/30/2020","85852","Terminated","Aurobindo Pharma USA Inc.","279 Princeton Hightstown Rd","N/A","East Windsor","NJ","	08520-1401","United States","Voluntary: Firm initiated","Letter","U.S.A. Nationwide","D-1370-2020","Class II","Clozapine Tablets USP tablet, 100mg, 500-count bottle, Rx only, Distributed by: Aurobindo Pharma USA, Inc. 279 Princeton-Hightstown Road East Windsor, NJ 08520, Made in India, NDC 65862-846-05  ","1440 bottles","Presence of foreign tablet: Consumer complaint of Clozapine Tablets 50mg being present in 500 count bottles of Clozapine Tablets USP 100mg.","06/12/2020","06/30/2020","12/21/2022","07/01/2020","Lot #: CZSC20003-A, Exp 1/2022"
"Drugs","No","","85861","Terminated","The Harvard Drug Group","17177 N Laurel Park Dr Ste 233","N/A","Livonia","MI","	48152-3951","United States","Voluntary: Firm initiated","Letter","Nationwide USA","D-1360-2020","Class II","Metformin Hydrochloride Extended-Release Tablets, USP, 500 mg, 100 Tablets (10 x 10) unit dose cartons, Rx only, Manufactured by: Apotex, Inc., Toronto, Ontario, Canada, Manufactured for: Apotex Corp. Weston, FL, Distributed by: Major Pharmaceuticals, Livonia, MI 48152  NDC 00904-5794-61","1,906 Cartons","CGMP Deviation:  Potential presence of Nitrosodimethylamine (NDMA) Impurity above the established levels.","06/12/2020","06/26/2020","09/24/2022","07/08/2020","Lot T-02134, exp 09/2020"
"Drugs","No","08/12/2020","85865","Terminated","SCA Pharmaceuticals","755 Rainbow Rd Ste B","N/A","Windsor","CT","	06095-1024","United States","Voluntary: Firm initiated","Letter","Product was distributed to hospitals in PA and CA.","D-1311-2020","Class II","Heparin Sodium 5,000 units in 0.9% Sodium Chloride 1000 mL bag (5 units/mL), Rx Only, SCA Pharmaceuticals 755 Rainbow Rd. Windsor, CT 06095, NDC 70004-0650-46","333 bags","Subpotent Drug: Out-of-Specification potency results at the 30-day stability timepoint.","06/16/2020","06/17/2020","03/17/2021","06/24/2020","Lot #: 1220017764, exp. date June 24, 2020"
"Drugs","No","","85880","Terminated","Preferred Pharmaceuticals, Inc.","1250 N Lakeview Ave Ste O","N/A","Anaheim","CA","	92807-1801","United States","Voluntary: Firm initiated","Letter","Product was distributed to two medical clinics located in FL.","D-1364-2020","Class II","Metformin HCl Extended Release Tablets, USP, 500 mg, Generic for Glucophage XR, Pkg Size 100, Mfg: Time-Cap, Labs Inc., Farmingdale, NY, Preferred Pharmaceuticals, Anaheim, CA NDC: 68788-6932-01","144 bottles","CGMP Deviations: FDA analysis detected N-Nitrosodimethylamine (NDMA) levels in excess of the Acceptable Daily Intake Limit.","06/17/2020","06/26/2020","03/21/2024","07/08/2020","J0119M, K1419L, K2719J, A0220H; Exp. Date 12/2020"
"Drugs","No","","85888","Terminated","VistaPharm, Inc.","7265 Ulmerton Rd","N/A","Largo","FL","	33771-4809","United States","Voluntary: Firm initiated","Letter","United States including Puerto Rico","D-1377-2020","Class III","Nystatin Oral Suspension, USP 500,000 units/5mL Cup,  Delivers 5 mL, Rx Only, Manufactured by: VistaPharm, Largo, FL 33771, a) NDC 66689-037-50 (individual cup NDC: 66689-037-01); b) 66689-037-99.","380,700 cups","Failed impurities/degradation products; Presence of an impurity peak that exceeds the approved specification.","06/23/2020","07/08/2020","09/28/2022","07/15/2020","Lot #: a) 619800, Exp. 12/31/2020; 626200, Exp. 01/31/2021; b) 619800X,Exp. 12/31/2020; 626200X, Exp. 01/31/2021."
"Drugs","No","","85888","Terminated","VistaPharm, Inc.","7265 Ulmerton Rd","N/A","Largo","FL","	33771-4809","United States","Voluntary: Firm initiated","Letter","United States including Puerto Rico","D-1378-2020","Class III","Nystatin Oral Suspension, USP 100,000 units per mL, Bubblegum Flavored, 16 fl. oz. bottle (480 mL), Shake Well Before Using, Rx Only, Manufactured by: VistaPharm, Inc., Largo, FL 33771, NDC 66689-008-16.","14,760 bottles","Failed impurities/degradation products; Presence of an impurity peak that exceeds the approved specification.","06/23/2020","07/08/2020","09/28/2022","07/15/2020","Lot # 639000, Exp. 10/31/2021"
"Drugs","No","","85781","Ongoing","Amneal Pharmaceuticals of New York, LLC","50 Horseblock Rd","N/A","Brookhaven","NY","	11719-9509","United States","Voluntary: Firm initiated","Press Release","Nationwide","D-1348-2020","Class II","amneal Metformin Hydrochloride Extended-Release Tablets, USP, 750 mg Rx only 100 Tablets bottles, Distributed by: Amneal Pharmaceuticals LLC Bridgewater, NJ 08807   NDC 53746-0179-01  ","N/A","CGMP Deviations: FDA analysis detected N-Nitrosodimethylamine (NDMA) impurity above the acceptable intake level","05/29/2020","06/25/2020","N/A","07/01/2020","HF02318A 6/30/2020  HF02418A 6/30/2020  HF02518A 6/30/2020  HF07718A 6/30/2020  HH02118A 7/31/2020  HM04418A 12/31/2020  HM04518A 12/31/2020  HM04618A 12/31/2020  HM04718A 12/31/2020  HM05518A 12/31/2020  HM05618A 12/31/2020  HM05718A 12/31/2020  HM05818A 12/31/2020  HM05918A 12/31/2020  HM06018A 12/31/2020"
"Drugs","No","","85781","Ongoing","Amneal Pharmaceuticals of New York, LLC","50 Horseblock Rd","N/A","Brookhaven","NY","	11719-9509","United States","Voluntary: Firm initiated","Press Release","Nationwide","D-1349-2020","Class II","amneal Metformin Hydrochloride Extended-Release Tablets, USP, 750 mg, Rx only, 100 Tablets bottles, Manufactured by: Amneal Pharmaceuticals Pvt. Ltd. Ahmedabad, 388213, INDIA Distributed by: Amneal Pharmaceuticals LLC Bridgewater, NJ 08807   NDC 65162-179-10","N/A","CGMP Deviations: FDA analysis detected N-Nitrosodimethylamine (NDMA) impurity above the acceptable intake level","05/29/2020","06/25/2020","N/A","07/01/2020","AM181337A 10/31/2020  AM181338A 10/31/2020  AM181339A 11/30/2020  AM181340A 11/30/2020  AM181341A 11/30/2020  AM181342A 11/30/2020  AM181343A 11/30/2020  AM181344A 11/30/2020  AM181356A 11/30/2020  AM181357A 11/30/2020  AM181358A 11/30/2020  AM181359A 11/30/2020  AM181360A 11/30/2020  AM181361A 11/30/2020  AM181362A 11/30/2020  AM181363A 11/30/2020  AM181415A 11/30/2020  AM190040B 12/31/2020  AM190041A 12/31/2020  AM190042A 12/31/2020  AM190043A 12/31/2020  AM190044A 12/31/2020  AM190045A 12/31/2020  AM190046A 12/31/2020  AM190473B 4/30/2021  AM190474A 4/30/2021  AM190475A 4/30/2021  AM190476A 4/30/2021  AM190477A 4/30/2021  AM190478A 4/30/2021  AM190479A 4/30/2021  AM190480A 4/30/2021  AM190481A 4/30/2021  AM190482A 4/30/2021  AM190834A 7/31/2021  AM190835A 7/31/2021  AM190836A 7/31/2021  AM190837A 7/31/2021  AM190838A 7/31/2021  AM191004A 8/31/2021  AM191005A 8/31/2021  AM191006A 8/31/2021  AM191007A 8/31/2021  AM191008A 9/30/2021  AM191271A 10/31/2021  AM191272A 10/31/2021  AM191273A 10/31/2021  AM191274A 10/31/2021  AM191338A 11/30/2021  AM191339A 11/30/2021  AM191340A 11/30/2021  AM191341 12/31/2021  AM191342 12/31/2021  AM200109 12/31/2021  AM200110 12/31/2021  AM200111 12/31/2021"
"Drugs","No","","85781","Ongoing","Amneal Pharmaceuticals of New York, LLC","50 Horseblock Rd","N/A","Brookhaven","NY","	11719-9509","United States","Voluntary: Firm initiated","Press Release","Nationwide","D-1350-2020","Class II","amneal Metformin Hydrochloride Extended-Release Tablets, USP, Bulk, Distributed by: Amneal Pharmaceuticals LLC Bridgewater, NJ 08807   NDC 53746-0178-BULK  ","N/A","CGMP Deviations: FDA analysis detected N-Nitrosodimethylamine (NDMA) impurity above the acceptable intake level","05/29/2020","06/25/2020","N/A","07/01/2020","HA01320A 1/31/2021  HA01420A 1/31/2021  HA06820A 1/31/2021  HB03620A 1/31/2021  HB03720A 1/31/2021  HB03820A 1/31/2021  HB03920A 1/31/2021  HB04020A 1/31/2021  HB04120A 1/31/2021  HB04220A 1/31/2021  HB04320A 2/28/2021  HB04420A 1/31/2021  HB04520A 2/28/2021  HB05020A 2/28/2021  HB05120A 2/28/2021  HB05220A 2/28/2021  HB05320A 2/28/2021  HB05420A 2/28/2021  HB05520A 2/28/2021  HB05620A 2/28/2021  HB07020A 2/28/2021  HB07120A 2/28/2021  HB07220A 2/28/2021  HB07320A 2/28/2021  HB07520A 2/28/2021  HB07620A 2/28/2021  HB07720A 2/28/2021  HB07820A 2/28/2021  HB07920A 2/28/2021  HB08020A 2/28/2021  HB08220A 2/28/2021  HF05519A 6/30/2020  HF05619A 6/30/2020  HF05719A 6/30/2020  HF05819A 6/30/2020  HF05919A 6/30/2020  HF06019A 6/30/2020  HF06119A 6/30/2020  HF06219A 6/30/2020  HF06319A 6/30/2020  HF07719A 6/30/2020  HF07819A 6/30/2020  HF07919A 6/30/2020  HF08019A 6/30/2020  HF08119A 6/30/2020  HF08219A 6/30/2020  HF08319A 6/30/2020  HF08419A 6/30/2020  HF08519A 6/30/2020  HF08619A 6/30/2020  HF10119A 6/30/2020  HF10219A 6/30/2020  HF10319A 6/30/2020  HF10419A 6/30/2020  HF10519A 6/30/2020  HF10619A 6/30/2020  HF10719A 6/30/2020  HF10819A 6/30/2020  HF10919A 6/30/2020  HF11019A 6/30/2020  HF11119A 6/30/2020  HG07219A 7/31/2020  HG07319A 7/31/2020  HG07419A 7/31/2020  HG07519A 7/31/2020  HG07619A 7/31/2020  HG07719A 7/31/2020  HG07819A 7/31/2020  HG07919A 7/31/2020  HG08019A 7/31/2020  HG08119A 7/31/2020  HH00619A 7/31/2020  HH00719A 7/31/2020  HH00819A 7/31/2020  HH00919A 7/31/2020  HH01019A 7/31/2020  HH01119A 8/31/2020  HH01219A 8/31/2020  HH01319A 8/31/2020  HH01419A 8/31/2020  HH01519A 8/31/2020  HH07319A 8/31/2020  HH07419A 8/31/2020  HH07519A 8/31/2020  HH07619A 8/31/2020  HH07719A 8/31/2020  HH07819A 8/31/2020  HH07919A 8/31/2020  HH08019A 8/31/2020  HH08119A 8/31/2020  HH08219A 8/31/2020  HH11119A 10/31/2020  HH11219A 10/31/2020  HH11319A 10/31/2020  HH11419A 10/31/2020  HH11519A 10/31/2020  HH11619A 10/31/2020  HH11719A 10/31/2020  HH11819A 10/31/2020  HH11919A 10/31/2020  HH12019A 10/31/2020  HH12119A 10/31/2020  HH12219A 10/31/2020  HH12319A 10/31/2020  HH12419A 10/31/2020  HH12519A 10/31/2020  HH12619A 10/31/2020  HH12719A 10/31/2020  HH12819A 10/31/2020  HH12919A 10/31/2020  HH13019A 10/31/2020  HL00119A 10/31/2020  HL00219A 11/30/2020  HL00319A 11/30/2020  HL00419A 11/30/2020  HL00519A 11/30/2020  HL00619A 11/30/2020  HL00719A 11/30/2020  HL00819A 11/30/2020  HL00919A 11/30/2020  HL01019A 11/30/2020"
"Drugs","No","07/22/2020","85781","Ongoing","Amneal Pharmaceuticals of New York, LLC","50 Horseblock Rd","N/A","Brookhaven","NY","	11719-9509","United States","Voluntary: Firm initiated","Press Release","Nationwide","D-1351-2020","Class II","amneal Metformin Hydrochloride Extended-Release Tablets, 500 mg USP, 500 tablets bottles, Rx only, Distributed by: Amneal Pharmaceuticals LLC Bridgewater, NJ 08807   NDC 53746-0178-05    ","N/A","CGMP Deviations: FDA analysis detected N-Nitrosodimethylamine (NDMA) impurity above the acceptable intake level","05/29/2020","06/25/2020","N/A","07/01/2020","HF06618A 6/30/2020   HF06718A 6/30/2020"
"Drugs","No","","85781","Ongoing","Amneal Pharmaceuticals of New York, LLC","50 Horseblock Rd","N/A","Brookhaven","NY","	11719-9509","United States","Voluntary: Firm initiated","Press Release","Nationwide","D-1352-2020","Class II","amneal Metformin Hydrochloride Extended-Release Tablets, USP, 500 mg, 1000 tablets bottles, Distributed by: Amneal Pharmaceuticals LLC Bridgewater, NJ 08807   NDC 53746-0178-10      ","N/A","CGMP Deviations: FDA analysis detected N-Nitrosodimethylamine (NDMA) impurity above the acceptable intake level","05/29/2020","06/25/2020","N/A","07/01/2020","HF08618A 6/30/2020  HF08718A 6/30/2020  HF15418A 7/31/2020  HF15518A 7/31/2020  HH11818A 9/30/2020  HJ00818A 9/30/2020  HJ00918A 9/30/2020  HJ01018A 9/30/2020"
"Drugs","No","","85781","Ongoing","Amneal Pharmaceuticals of New York, LLC","50 Horseblock Rd","N/A","Brookhaven","NY","	11719-9509","United States","Voluntary: Firm initiated","Press Release","Nationwide","D-1353-2020","Class II","amneal Metformin Hydrochloride Extended-Release Tablets, USP, 500 mg, 1000 tablets bottles, Manufactured by: Amneal Pharmaceuticals Pvt. Ltd. Ahmedabad, 388213, INDIA Distributed by: Amneal Pharmaceuticals LLC Bridgewater, NJ 08807   NDC  65162-0178-11     ","N/A","CGMP Deviations: FDA analysis detected N-Nitrosodimethylamine (NDMA) impurity above the acceptable intake level","05/29/2020","06/25/2020","N/A","07/01/2020","HF08618A 6/30/2020  HF08718A 6/30/2020  HF15418A 7/31/2020  HF15518A 7/31/2020  HH11818A 9/30/2020  HJ00818A 9/30/2020  HJ00918A 9/30/2020  HJ01018A 9/30/2020"
"Drugs","No","","85781","Ongoing","Amneal Pharmaceuticals of New York, LLC","50 Horseblock Rd","N/A","Brookhaven","NY","	11719-9509","United States","Voluntary: Firm initiated","Press Release","Nationwide","D-1354-2020","Class II","amneal Metformin Hydrochloride Extended-Release Tablets, USP, Bulk, Rx Only, Distributed by: Amneal Pharmaceuticals LLC Bridgewater, NJ 08807   NDC  53746-0179-BULK      ","N/A","CGMP Deviations: FDA analysis detected N-Nitrosodimethylamine (NDMA) impurity above the acceptable intake level","05/29/2020","06/25/2020","N/A","07/01/2020","HA01520A 1/31/2021  HA01620A 1/31/2021  HG01719A 7/31/2020  HG01819A 7/31/2020  HH09319A 8/31/2020  HH09419A 9/30/2020  HK07619A 10/31/2020  HK07719A 10/31/2020"
"Drugs","No","","85906","Terminated","Biogen MA Inc.","5000 Davis Dr","N/A","Research Triangle Park","NC","	27709","United States","Voluntary: Firm initiated","Letter","Product was distributed to wholesalers/distributors in KY, OH & MS.","D-1381-2020","Class III","Tecfidera (dimethyl fumarate) delayed-release capsules, 240 mg, 60-count bottle, Rx only, Manufactured by: Biogen Inc., Cambridge, MA 02142, NDC 64406-006-02","3,922 bottles","cGMP deviations: one lot of the product was distributed to US Markets despite being rejected during in-process control.","06/23/2020","07/09/2020","02/11/2021","07/15/2020","Lot # SH0274, Exp 2/2022"
"Drugs","No","","85916","Terminated","HF Acquisition Co. LLC","11629 49th Pl W","N/A","Mukilteo","WA","	98275-4255","United States","Voluntary: Firm initiated","Letter","The vials were distributed to one consignee located in CT.","D-1392-2020","Class III","Famotidine Injection, USP, 20 mg/2mL, 2 mL vial, Rx only, Single Dose Vial, For Intravenous Use Only After Dilution, Distributed by HF Acquisition Co, LLC, Mukilteo, WA 98275, NDC 63323-739-12","N/A","TEMPERATURE ABUSE: Complaint received from customer that product was received in a non-refrigerated state.","06/17/2020","07/21/2020","04/13/2021","07/29/2020","Lot #: 6122639, Exp. Date 08/2021"
"Drugs","No","","85924","Terminated","Allergan PLC","2525 Dupont Dr","N/A","Irvine","CA","	92612-1531","United States","Voluntary: Firm initiated","Letter","Nationwide within the United States","D-1409-2020","Class III","Skin Medica Acne Treatment Lotion (Benzoyl Peroxide 2.5%), 2 Oz bottle, Distributed in the U.S.A. by Allergan, Irvine, CA 92612, NDC 0023-4965-02","4,018 bottles","SUBPOTENT DRUG: Products failed assay results at the 12 and 24 month timepoints.","07/06/2020","07/27/2020","02/28/2024","08/05/2020","Lot #: 087293, Exp. Date 06/30/2020; 091356, Exp. Date 03/31/2021; Lot #: 093770, 093771, Exp. Date 07/31/2021"
"Drugs","No","","85926","Terminated","WORLD EVENT PROMOTIONS, LLC","4300 Sw 73rd Ave Ste 110","N/A","Miami","FL","	33155-4529","United States","Voluntary: Firm initiated","E-Mail","Nationwide within the United States","D-1411-2020","Class II","Handese Advanced Instant Hand Sanitizer (Ethyl Alcohol 70%), 12 FL OZ (354 mL) bottles,  www.handeseclean.com UPC 612520481094","14050 bottles","Subpotent Drug: Product was found to be subpotent. Product also has high pH levels","06/01/2020","07/28/2020","05/17/2023","08/05/2020","All Lots"
"Drugs","No","","85938","Terminated","EMD Serono, Inc.","1 Technology Pl","N/A","Rockland","MA","	02370-1071","United States","Voluntary: Firm initiated","Letter","Nationwide in the US","D-1379-2020","Class II","Cetrotide (cetrorelix acetate for Injection) 0.25 mg, Sterile - for subcutaneous use only, Rx Only, Manufactured for: EMD Serono, Inc., Rockland, MD 02370, NDC: 44087-1225-1","30,756 vials","Defective Container: Market complaints of missing rubber stoppers from drug vial. Missing rubber stoppers could lead to lack of sterility assurance.","06/29/2020","07/08/2020","03/11/2022","07/15/2020","Lot # 8J025A; 8J025B, Exp 09/30/2020"
"Drugs","No","","85944","Terminated","POLARIZED LLC","16192 Coastal Hwy","N/A","Lewes","DE","	19958-3608","United States","Voluntary: Firm initiated","Press Release","Distributed in VA with potential for Nationwide distribution in USA","D-1412-2020","Class II","Saniderm ADVANCED HAND SANITIZER, 70% Alcohol Content, 1 Liter bottles, Distributed by Polarized, LLC, Produced by Eskbiochem SA de CV, Mexico Japon 50, Celaya, Gto., Mexico, 38010. UPC 8 60003 63391 5.  ","18, 126 bottles","CGMP Deviations: Product was found to be below the label claim for ethanol content and the presence of undeclared methanol.","06/25/2020","07/28/2020","12/02/2020","08/05/2020","Lot # all lots to include 53131626"
"Drugs","No","07/28/2020","85955","Terminated","WALKER EMULSIONS INC","4401 Se Johnson Creek Blvd","N/A","Portland","OR","	97222-9218","United States","Voluntary: Firm initiated","Letter","US Distribution: Product distributed to sister plant site located in SC, and one donation made to consignee located in OR. Majority of hand sanitizer shipped to Canada (Health Canada has already received consignee information and classified the recall).","D-1416-2020","Class II","Walker Emulsions Hand Sanitizer (60%), Non-Sterile Solution, Alcohol Antiseptic 60%, 1 Gallon, Topical Solution, Walker Emulsions Inc., 4401 SE Johnson Creek Blvd., Portland, OR 97222, NDC 74940-0415-1","N/A","Incorrect/Undeclared Excipients: Notification received from Health Canada that DA-2I Ethanol is a type not an approved for use in Hand Sanitizer.","06/03/2020","07/28/2020","05/13/2024","07/29/2020","Lot # 209638"
"Drugs","No","07/28/2020","85955","Terminated","WALKER EMULSIONS INC","4401 Se Johnson Creek Blvd","N/A","Portland","OR","	97222-9218","United States","Voluntary: Firm initiated","Letter","US Distribution: Product distributed to sister plant site located in SC, and one donation made to consignee located in OR. Majority of hand sanitizer shipped to Canada (Health Canada has already received consignee information and classified the recall).","D-1417-2020","Class II","Walker Hand Sanitizer, Non-Sterile Solution, Alcohol Antiseptic, 70%, 32 oz and 16 oz, Topical Solution, Walker Emulsions Inc., 4401 SE Johnson Creek Blvd., Portland, OR 97222, NDC 74940-0415-1","N/A","Incorrect/Undeclared Excipients: Notification received from Health Canada that DA-2I Ethanol is a type not an approved for use in Hand Sanitizer.","06/03/2020","07/28/2020","05/13/2024","07/29/2020","Lot # 210061"
"Drugs","No","","85960","Terminated","Lupin Pharmaceuticals Inc.","Harborplace Tower","111 S Calvert St Fl 21st","Baltimore","MD","	21202-6174","United States","Voluntary: Firm initiated","Letter","U.S.A. Nationwide","D-1406-2020","Class II","Cefdinir for Oral Suspension USP, 250 mg/5mL, packaged in 60 mL bottles, Rx only, Manufactured for: Lupin Pharmaceuticals, Inc., Baltimore, Maryland, Manufactured by: Lupin Limited, Mandideep, India, NDC 68180-723-20","35,928 bottles","Superpotent Drug: Out-of-specification (OOS) result observed in an assay test of retention samples.","07/02/2020","07/23/2020","06/30/2021","07/29/2020","Lot # F802189, Exp 10/2020, F900240, Exp 1/2021"
"Drugs","No","","85986","Ongoing","Granules Pharmaceuticals Inc","3701 Concorde Pkwy","N/A","Chantilly","VA","	20151-1126","United States","Voluntary: Firm initiated","Press Release","US Nationwide","D-1386-2020","Class II","Metformin Hydrochloride Extended-Release Tablets USP, 750 mg, a) 100 ct. bottle (NDC 70010-492-01) and 500 ct. bottle (NDC 70010-492-05), Manufactured for: Granules Pharmaceutical Inc., Chantilly, VA, Manufactured by: Granules India Limited, Hyderabad - 500-081, India","a) 476,073 bottles; b) 2,100 bottles","CGMP Deviations: FDA analysis detected N-Nitrosodimethylamine (NDMA) impurity above the acceptable intake level","07/03/2020","07/14/2020","N/A","07/22/2020","a) 100 count   4920003A/May-21  4920004A/Jun-21  4920005A/Jun-21  4920009A/Nov-21  4920010A/May-22  4920011A/Jun-22  4920012A/Jun-22  4920013A/Jul-22  4920014A/Jul-22  4920015A/Aug-22  4920016A/Jan-23    b) 500 count  4920005B/Jun-21"
"Drugs","No","","85995","Terminated","SUN PHARMACEUTICAL INDUSTRIES INC","2 Independence Way","N/A","Princeton","NJ","	08540-6620","United States","Voluntary: Firm initiated","Letter","Nationwide USA","D-1445-2020","Class III","Clonazepam Orally Disintegrating Tablets, USP, 0.125 mg, 60-count bottle, Rx only, Mfg by: Sun Pharmaceutical Industries, Inc. Cranbury, NJ 08512, NDC 57664-783-86","3516 bottles","Cross contamination with other products - OOS discovered during routine stability testing for highest unknown impurity later identified as clozapine","07/06/2020","07/30/2020","06/08/2023","08/05/2020","Lot #: AA84106, Exp 9/2021"
"Drugs","No","","85998","Terminated","Lupin Pharmaceuticals Inc.","Harborplace Tower","111 S Calvert St Fl 21st","Baltimore","MD","	21202-6174","United States","Voluntary: Firm initiated","Letter","Product was distributed throughout the United States.","D-1382-2020","Class II","Metformin Hydrochloride Extended-release Tablets USP 500 mg, 100 count bottles, Rx only, Manufactured for: Lupin Pharmaceuticals, Inc., Manufactured by: Lupin Limited, Goa INDIA NDC 68180-338-01","64,344 bottles","CGMP Deviations: FDA analysis detected N-Nitrosodimethylamine (NDMA) impurity above the acceptable intake level","07/07/2020","07/14/2020","12/23/2021","07/22/2020","Batch#  G808201 Aug-20  G808202 Aug-20  G808200 Aug-20  G900935 Dec-20  G901311 Dec-20  G900957 Dec-20  G900958 Dec-20  G901006 Dec-20  G904803 May-21  G904804 May-21  G906551 Jul-21   G906552 Jul-21  G907375 Aug-21  G908605 Oct-21  G908604 Oct-21   G002108 Jan-22  G002109 Jan-22  G002559 Feb-22  G002560 Feb-22"
"Drugs","No","","85998","Terminated","Lupin Pharmaceuticals Inc.","Harborplace Tower","111 S Calvert St Fl 21st","Baltimore","MD","	21202-6174","United States","Voluntary: Firm initiated","Letter","Product was distributed throughout the United States.","D-1383-2020","Class II","Metformin Hydrochloride Extended-Release Tablets USP 1000 mg, 90 count bottles, Rx only, Manufactured for: Lupin Pharmaceuticals, Inc., Manufactured by: Lupin Limited, Goa INDIA NDC 68180-339-09","95,886 bottles","CGMP Deviations: FDA analysis detected N-Nitrosodimethylamine (NDMA) impurity above the acceptable intake level","07/07/2020","07/14/2020","12/23/2021","07/22/2020","Batch #   G807093 Jul-20  G807147 Jul-20  G807208 Jul-20  G807479 Jul-20  G807480 Jul-20  G807830 Jul-20  G807092 Jul-20  G809471 Jul-20  G808155 Aug-20  G808074 Aug-20  G808115 Aug-20  G900231 Nov-20  G900232 Nov-20  G903277 Mar-21  G903278 Mar-21  G903279 Mar-21  G903280 Mar-21  G903281 Mar-21  G903818 Apr-21  G904048 Apr-21  G904164 Apr-21  G906548 Jul-21  G907239 Aug-21  G907255 Aug-21  G907256 Aug-21  G907263 Aug-21  G001802 Jan-22  G001804 Jan-22  G001803 Jan-22  G001805 Jan-22  G001806 Jan-22  G001807 Jan-22  G001808 Jan-22  G808154 Aug-20  G900227 Nov-20  G900228 Nov-20  G900229 Nov-20  G900230 Nov-20  G906549 Jul-21  G906550 Jul-21  G906547 Jul-21  G907279 Aug-21  G907364 Aug-21  G001809 Jan-22  G001801 Jan-22  G002563 Feb-22  G002564 Feb-22"
"Drugs","No","","85998","Terminated","Lupin Pharmaceuticals Inc.","Harborplace Tower","111 S Calvert St Fl 21st","Baltimore","MD","	21202-6174","United States","Voluntary: Firm initiated","Letter","Product was distributed throughout the United States.","D-1384-2020","Class II","Metformin Hydrochloride Extended-Release Tablets USP 500 mg, 60 count bottles, Rx only, Manufactured for: Lupin Pharmaceuticals, Inc., Manufactured by: Lupin Limited, Goa INDIA NDC 68180-336-07","59,568 bottles","CGMP Deviations: FDA analysis detected N-Nitrosodimethylamine (NDMA) impurity above the acceptable intake level","07/07/2020","07/14/2020","12/23/2021","07/22/2020","Batch #   G808293 Aug-20  G808284 Aug-20  G808285 Aug-20  G808343 Aug-20  G901201 Dec-20  G901202 Dec-20  G906915 Jul-21  G906913 Jul-21  G906914 Jul-21  G002135 Jan-22  G002849 Feb-22"
"Drugs","No","","85998","Terminated","Lupin Pharmaceuticals Inc.","Harborplace Tower","111 S Calvert St Fl 21st","Baltimore","MD","	21202-6174","United States","Voluntary: Firm initiated","Letter","Product was distributed throughout the United States.","D-1385-2020","Class II","Metformin Hydrochloride Extended-Release Tablets USP 1000 mg, 60 count bottles, Rx only, Manufactured for: Lupin Pharmaceuticals, Inc., Manufactured by: Lupin Limited, Goa INDIA NDC 68180-337-07","273,060 bottles","CGMP Deviations: FDA analysis detected N-Nitrosodimethylamine (NDMA) impurity above the acceptable intake level","07/07/2020","07/14/2020","12/23/2021","07/22/2020","Batch #   G807619 Jul-20  G807620 Jul-20  G807733 Jul-20  G807734 Jul-20  G807735 Jul-20  G807445 Jul-20  G807617 Jul-20  G807618 Jul-20  G808042 Jul-20  G808043 Jul-20  G807349 Jul-20  G807350 Jul-20  G807444 Jul-20  G807507 Jul-20  G807508 Jul-20  G807314 Jul-20  G807316 Jul-20  G807325 Jul-20  G807348 Jul-20  G807616 Jul-20  G807312 Jul-20  G807313 Jul-20  G807315 Jul-20  G808374 Aug-20  G808427 Aug-20  G808373 Aug-20  G808426 Aug-20  G900057 Oct-20  G900058 Oct-20  G900059 Oct-20  G900060 Oct-20  G900061 Oct-20  G900062 Oct-20  G900106 Oct-20  G900140 Oct-20  G900141 Oct-20  G900152 Oct-20  G809596 Oct-20  G809598 Oct-20  G810182 Oct-20  G810183 Oct-20  G810184 Oct-20  G810185 Oct-20  G810186 Oct-20  G810187 Oct-20  G810188 Oct-20  G810189 Oct-20  G809554 Oct-20  G809556 Oct-20  G809557 Oct-20  G809558 Oct-20  G809559 Oct-20  G809548 Oct-20  G809549 Oct-20  G809550 Oct-20  G809551 Oct-20  G809552 Oct-20  G809553 Oct-20  G809555 Oct-20  G901004 Dec-20  G901005 Dec-20  G901053 Dec-20  G901002 Dec-20  G901003 Dec-20  G903182 Mar-21  G903183 Mar-21  G903236 Mar-21  G903237 Mar-21  G903238 Mar-21  G903155 Mar-21  G903156 Mar-21  G903157 Mar-21  G903158 Mar-21  G903159 Mar-21  G903178 Mar-21  G903179 Mar-21  G903180 Mar-21  G903181 Mar-21  G903239 Mar-21  G001837 Jan-22  G001860 Jan-22  G001861 Jan-22  G001905 Jan-22  G001933 Jan-22  G001934 Jan-22  G001763 Jan-22  G001764 Jan-22  G001765 Jan-22  G001766 Jan-22  G001767 Jan-22  G001795 Jan-22  G001836 Jan-22"
"Drugs","No","","86002","Terminated","Preferred Pharmaceuticals, Inc.","1250 N Lakeview Ave Ste O","N/A","Anaheim","CA","	92807-1801","United States","Voluntary: Firm initiated","Letter","Nationwide within the U.S.","D-1390-2020","Class II","Lidothol Patch, Lidocaine 4.5% & Menthol 5%, In each patch: lidocaine 4.5% topical anesthetic, menthol 5% topical analgesic, Pkg Size 15 patches per box, Insurance NDC: 53225-1025-01, Mfg: Terrain Pharmaceuticals; Reno, NV, Prod # (NDC): 68788-7405-01, Preferred Pharmaceuticals, Inc., The Physicians Solutions.","N/A","CGMP Deviations: Contract Manufacturing Organization (CMO) misplaced/lost batch records and test results for the recalled batch.","07/01/2020","07/15/2020","04/17/2024","07/22/2020","Lot Numbers: H0218Z, H1518J, I2018L, J2918C, L1018Q, A0419M, G0519G; Exp: 5/31/2021."
"Drugs","No","","86006","Terminated","RemedyRepack Inc.","625 Kolter Dr Ste 4","N/A","Indiana","PA","	15701-3571","United States","Voluntary: Firm initiated","Letter","Product was distributed to MN.","D-1387-2020","Class II","Carbamazepine 200 mg Tablets, 100-unit dose tablets per box, Rx only, Repackaged by: RemedyRepack Inc., Indiana, PA 15701, NDC 70518-2489-00 for box; 70518-2489-01 per unit dose.","498 tablets","FAILED DISSOLUTION SPECIFICATION: Low out-of-specification (OOS) dissolution results obtained during routine stability testing.","06/29/2020","07/14/2020","09/14/2020","07/22/2020","Lot #: B0796217-020920, Exp. Date: 02/28/2021"
"Drugs","No","","86007","Terminated","Yusef Manufacturing Laboratories, LLC","Freeport West, F-4, #3","N/A","Clearfield","UT","	84016","United States","Voluntary: Firm initiated","Letter","USA Nationwide","D-1486-2020","Class II","Tropical Lip Moisturizer, SPF 30, UVA/UVB Lip Protection, Active Ingredients: Oxybenzone 5%, Octisalate 5%, Octinoxate 7.5%, Meradimate 5%, Made in USA","N/A","Superpotent Drug: The beginning portion of the batch appears to be approximately 25% superpotent for active ingredient Meradimate.","06/13/2020","08/06/2020","02/13/2024","08/12/2020","Lot #: 12750, Exp 5/2021"
"Drugs","No","","86008","Terminated","Keryx Biopharmaceuticals, Inc.","1 Marina Park Dr Fl 12","N/A","Boston","MA","	02210-1832","United States","Voluntary: Firm initiated","Letter","Nationwide in the U.S.","D-1389-2020","Class II","Auryxia (ferric citrate) tablets 210 mg, Rx Only, 200 tablets per bottle, Manufactured for and distributed by: Keryx Biopharmaceuticals, Inc., 245 First Street Suite 1400, Cambridge, MA 02142, NDC: 59922-631-01.","59,820 bottles","cGMP deviations: Lots recalled were not manufactured in conformance with the FDA-approved manufacturing process for Auryxia.","07/10/2020","07/15/2020","01/08/2021","07/22/2020","Lot #s: AK6003C, Exp. 10/31/2020; AK6004B, Exp. 11/30/2020; CBMKF, CBMKH, Exp. 08/31/2020; CCKSM, Exp. 09/30/2020; CBWKN, Exp. 11/30/2020; CCSTZ, CCWZB, Exp. 05/31/2021; CCYSF, CCYSG, CCWZC, Exp. 06/30/2021; CDCTB, CDCSZ, Exp. 07/31/2021."
"Drugs","No","","85992","Terminated","MasterPharm LLC","11502 Liberty Ave Fl 2","N/A","South Richmond Hill","NY","	11419-1902","United States","Voluntary: Firm initiated","Letter","Nationwide in the U.S.","D-1418-2020","Class II","Calcium citrate tetrahydrate USP powder, 100 gm container, MasterPharm, 115-02 Liberty Ave, Richmond Hill, NY 11419, (866) 630-5600    ","24 grams","Lack of Processing Controls (lack of assurance of conformity to specifications).","07/02/2020","07/29/2020","02/23/2024","08/05/2020","01-23-2020:63@9, BUD 7/21/2020"
"Drugs","No","","85992","Terminated","MasterPharm LLC","11502 Liberty Ave Fl 2","N/A","South Richmond Hill","NY","	11419-1902","United States","Voluntary: Firm initiated","Letter","Nationwide in the U.S.","D-1419-2020","Class II","D-Biotin 300 mg Capsule, 90 capsules per bottle, MasterPharm, 115-02 Liberty Ave, Richmond Hill, NY 11419, (866) 630-5600  ","390 capsules","Lack of Processing Controls (lack of assurance of conformity to specifications).","07/02/2020","07/29/2020","02/23/2024","08/05/2020","01-07-2020:12@6, BUD 7/5/2020  01-23-2020:00@6, BUD 7/21/2020"
"Drugs","No","","85992","Terminated","MasterPharm LLC","11502 Liberty Ave Fl 2","N/A","South Richmond Hill","NY","	11419-1902","United States","Voluntary: Firm initiated","Letter","Nationwide in the U.S.","D-1420-2020","Class II","Estriol 6 mg Capsule, 90 capsules per bottle, MasterPharm, 115-02 Liberty Ave, Richmond Hill, NY 11419, (866) 630-5600    ","90 capsules","Lack of Processing Controls (lack of assurance of conformity to specifications).","07/02/2020","07/29/2020","02/23/2024","08/05/2020","01-23-2020:03@5, BUD 7/21/2020"
"Drugs","No","","85992","Terminated","MasterPharm LLC","11502 Liberty Ave Fl 2","N/A","South Richmond Hill","NY","	11419-1902","United States","Voluntary: Firm initiated","Letter","Nationwide in the U.S.","D-1421-2020","Class II","Estriol 8 mg Capsule, 90 capsules per bottle, MasterPharm, 115-02 Liberty Ave, Richmond Hill, NY 11419, (866) 630-5600    ","300 capsules","Lack of Processing Controls (lack of assurance of conformity to specifications).","07/02/2020","07/29/2020","02/23/2024","08/05/2020","01-28-2020:71@3, BUD 7/26/2020"
"Drugs","No","","85992","Terminated","MasterPharm LLC","11502 Liberty Ave Fl 2","N/A","South Richmond Hill","NY","	11419-1902","United States","Voluntary: Firm initiated","Letter","Nationwide in the U.S.","D-1422-2020","Class II","Finasteride Plus 1.25mg Capsule, 90 capsules per bottle, MasterPharm, 115-02 Liberty Ave, Richmond Hill, NY 11419, (866) 630-5600    ","29580 capsules","Lack of Processing Controls (lack of assurance of conformity to specifications).","07/02/2020","07/29/2020","02/23/2024","08/05/2020","01-07-2020:64@5, BUD 7/5/2020  01-13-2020:12@26, BUD 7/11/2020  01-30-2020:39@8, BUD 7/28/2020  02-14-2020:10@8, BUD 8/12/2020"
"Drugs","No","","85992","Terminated","MasterPharm LLC","11502 Liberty Ave Fl 2","N/A","South Richmond Hill","NY","	11419-1902","United States","Voluntary: Firm initiated","Letter","Nationwide in the U.S.","D-1423-2020","Class II","Formula 82F (Minoxidil 5%/Tretinoin 0.01%/Fluocinolone Acetonide 0.01%/Finasteride 0.25%), 0.5 FL OZ (15 mL) bottle MasterPharm, 115-02 Liberty Ave, Richmond Hill, NY 11419, (866) 630-5600.    ","462 units","Lack of Processing Controls (lack of assurance of conformity to specifications).","07/02/2020","07/29/2020","02/23/2024","08/05/2020","01-15-2020:70@3, 01-09-2020:48@2, BUD 7/7/2020  01-20-2020:79@11, 01-23-2020:55@11, BUD 7/18/2020  01-29-2020:18@1, 02-03-2020:89@8, BUD 7/26/2020"
"Drugs","No","","85992","Terminated","MasterPharm LLC","11502 Liberty Ave Fl 2","N/A","South Richmond Hill","NY","	11419-1902","United States","Voluntary: Firm initiated","Letter","Nationwide in the U.S.","D-1424-2020","Class II","Formula 82M (Minoxidil 5%/Tretinoin 0.01%/Fluocinolone acetonide 0.01%), a) 0.5 FL OZ (15 mL), b) 2 FL OZ (60 mL) bottle, MasterPharm, 115-02 Liberty Ave, Richmond Hill, NY 11419, (866) 630-5600    ","543 units","Lack of Processing Controls (lack of assurance of conformity to specifications).","07/02/2020","07/29/2020","02/23/2024","08/05/2020","01-17-2020:45@4, 01-13-2020:40@27, BUD 7/7/2020   01-21-2020:43@11, BUD 7/18/2020  01-28-2020:88@15, 01-31-2020:73@6, BUD 7/26/2020  02-12-2020:43@16, 02-17-2020:86@5, BUD 8/10/2020  02-21-2020:23@1, BUD 8/16/2020"
"Drugs","No","","85992","Terminated","MasterPharm LLC","11502 Liberty Ave Fl 2","N/A","South Richmond Hill","NY","	11419-1902","United States","Voluntary: Firm initiated","Letter","Nationwide in the U.S.","D-1425-2020","Class II","Minoxidil/Biotin 1.25mg/5mg Capsule, 90 capsules per bottle, MasterPharm, 115-02 Liberty Ave, Richmond Hill, NY 11419, (866) 630-5600    ","300 capsules","Lack of Processing Controls (lack of assurance of conformity to specifications).","07/02/2020","07/29/2020","02/23/2024","08/05/2020","03-03-2020:42@13, BUD 8/30/2020"
"Drugs","No","","85992","Terminated","MasterPharm LLC","11502 Liberty Ave Fl 2","N/A","South Richmond Hill","NY","	11419-1902","United States","Voluntary: Firm initiated","Letter","Nationwide in the U.S.","D-1426-2020","Class II","Minoxidil/Biotin/Spironolactone 1.25/5/25mg capsules, 90 capsules per bottle, MasterPharm, 115-02 Liberty Ave, Richmond Hill, NY 11419, (866) 630-5600    ","1200 capsules","Lack of Processing Controls (lack of assurance of conformity to specifications).","07/02/2020","07/29/2020","02/23/2024","08/05/2020","01-16-2020:70@11, BUD 7/14/2020  01-30-2020:87@9, BUD 7/28/2020"
"Drugs","No","","85992","Terminated","MasterPharm LLC","11502 Liberty Ave Fl 2","N/A","South Richmond Hill","NY","	11419-1902","United States","Voluntary: Firm initiated","Letter","Nationwide in the U.S.","D-1427-2020","Class II","Progesterone (Modified Release) 150 mg Capsule, 90 capsules per bottle, MasterPharm, 115-02 Liberty Ave, Richmond Hill, NY 11419, (866) 630-5600  ","600 capsules","Lack of Processing Controls (lack of assurance of conformity to specifications).","07/02/2020","07/29/2020","02/23/2024","08/05/2020","02-05-2020:07@6, BUD 8/3/2020"
"Drugs","No","","85992","Terminated","MasterPharm LLC","11502 Liberty Ave Fl 2","N/A","South Richmond Hill","NY","	11419-1902","United States","Voluntary: Firm initiated","Letter","Nationwide in the U.S.","D-1428-2020","Class II","Progesterone 150 mg Troche, 30 troches MasterPharm, 115-02 Liberty Ave, Richmond Hill, NY 11419, (866) 630-5600  ","330 troches","Lack of Processing Controls (lack of assurance of conformity to specifications).","07/02/2020","07/29/2020","02/23/2024","08/05/2020","02-06-2020:26@15, BUD 8/4/2020  02-07-2020:18@1, BUD 8/5/2020  02-12-2020:43@6, BUD 8/10/2020"
"Drugs","No","","85992","Terminated","MasterPharm LLC","11502 Liberty Ave Fl 2","N/A","South Richmond Hill","NY","	11419-1902","United States","Voluntary: Firm initiated","Letter","Nationwide in the U.S.","D-1429-2020","Class II","Progesterone 300 mg Troche, 30 troches per bottle, MasterPharm, 115-02 Liberty Ave, Richmond Hill, NY 11419, (866) 630-5600  ","90 trouches","Lack of Processing Controls (lack of assurance of conformity to specifications).","07/02/2020","07/29/2020","02/23/2024","08/05/2020","02-05-2020:86@14, BUD 8/3/2020"
"Drugs","No","","85992","Terminated","MasterPharm LLC","11502 Liberty Ave Fl 2","N/A","South Richmond Hill","NY","	11419-1902","United States","Voluntary: Firm initiated","Letter","Nationwide in the U.S.","D-1430-2020","Class II","Progesterone (Rapid-Dissolve) 150 mg Tablet, 30 tablets per bottle, MasterPharm, 115-02 Liberty Ave, Richmond Hill, NY 11419, (866) 630-5600    ","288 tablets","Lack of Processing Controls (lack of assurance of conformity to specifications).","07/02/2020","07/29/2020","02/23/2024","08/05/2020","02-13-2020:83@8, BUD 8/11/2020  02-14-2020:64@11, BUD 8/12/2020"
"Drugs","No","","85992","Terminated","MasterPharm LLC","11502 Liberty Ave Fl 2","N/A","South Richmond Hill","NY","	11419-1902","United States","Voluntary: Firm initiated","Letter","Nationwide in the U.S.","D-1431-2020","Class II","Progesterone 200 mg Troche, 30 troches per bottle, MasterPharm, 115-02 Liberty Ave, Richmond Hill, NY 11419, (866) 630-5600  ","300 troches","Lack of Processing Controls (lack of assurance of conformity to specifications).","07/02/2020","07/29/2020","02/23/2024","08/05/2020","02-06-2020:24@4, 02-06-2020:60@3, 02-06-2020:65@2, BUD 8/4/2020"
"Drugs","No","","85992","Terminated","MasterPharm LLC","11502 Liberty Ave Fl 2","N/A","South Richmond Hill","NY","	11419-1902","United States","Voluntary: Firm initiated","Letter","Nationwide in the U.S.","D-1432-2020","Class II","Progesterone 50 mg Modified Release Capsule, 90 capsules per bottle, MasterPharm, 115-02 Liberty Ave, Richmond Hill, NY 11419, (866) 630-5600  ","300 capsules","Lack of Processing Controls (lack of assurance of conformity to specifications).","07/02/2020","07/29/2020","02/23/2024","08/05/2020","01-10-2020:97@5, BUD 7/8/2020"
"Drugs","No","","85992","Terminated","MasterPharm LLC","11502 Liberty Ave Fl 2","N/A","South Richmond Hill","NY","	11419-1902","United States","Voluntary: Firm initiated","Letter","Nationwide in the U.S.","D-1433-2020","Class II","Progesterone Modified Release 100 mg Capsule, 90 capsules per bottle, MasterPharm, 115-02 Liberty Ave, Richmond Hill, NY 11419, (866) 630-5600","600 capsules","Lack of Processing Controls (lack of assurance of conformity to specifications).","07/02/2020","07/29/2020","02/23/2024","08/05/2020","02-12-2020:13@5, BUD 8/10/2020"
"Drugs","No","","85992","Terminated","MasterPharm LLC","11502 Liberty Ave Fl 2","N/A","South Richmond Hill","NY","	11419-1902","United States","Voluntary: Firm initiated","Letter","Nationwide in the U.S.","D-1434-2020","Class II","Progesterone Modified Release 200 mg Capsule, 90 capsules per bottle, MasterPharm, 115-02 Liberty Ave, Richmond Hill, NY 11419, (866) 630-5600  ","900 capsules","Lack of Processing Controls (lack of assurance of conformity to specifications).","07/02/2020","07/29/2020","02/23/2024","08/05/2020","02-05-2020:30@19, BUD 8/3/2020"
"Drugs","No","","85992","Terminated","MasterPharm LLC","11502 Liberty Ave Fl 2","N/A","South Richmond Hill","NY","	11419-1902","United States","Voluntary: Firm initiated","Letter","Nationwide in the U.S.","D-1435-2020","Class II","Sildenafil 50 mg Troche, 30 troches per bottle, MasterPharm, 115-02 Liberty Ave, Richmond Hill, NY 11419, (866) 630-5600   ","80 troches","Lack of Processing Controls (lack of assurance of conformity to specifications).","07/02/2020","07/29/2020","02/23/2024","08/05/2020","02-04-2020:33@13, BUD 8/2/2020"
"Drugs","No","","85992","Terminated","MasterPharm LLC","11502 Liberty Ave Fl 2","N/A","South Richmond Hill","NY","	11419-1902","United States","Voluntary: Firm initiated","Letter","Nationwide in the U.S.","D-1436-2020","Class II","Tadalafil 12 mg Capsule, 90 capsules per bottle, MasterPharm, 115-02 Liberty Ave, Richmond Hill, NY 11419, (866) 630-5600    ","600 capsules","Lack of Processing Controls (lack of assurance of conformity to specifications).","07/02/2020","07/29/2020","02/23/2024","08/05/2020","01-23-2020:62@14, BUD 7/21/2020  02-26-2020:56@14, BUD 8/24/2020"
"Drugs","No","","85992","Terminated","MasterPharm LLC","11502 Liberty Ave Fl 2","N/A","South Richmond Hill","NY","	11419-1902","United States","Voluntary: Firm initiated","Letter","Nationwide in the U.S.","D-1437-2020","Class II","Tadalafil 18 mg Capsule, 90 capsules per bottle, MasterPharm, 115-02 Liberty Ave, Richmond Hill, NY 11419, (866) 630-5600   ","900 capsules","Lack of Processing Controls (lack of assurance of conformity to specifications).","07/02/2020","07/29/2020","02/23/2024","08/05/2020","01-23-2020:33@15, BUD 7/21/2020  02-07-2020:48@3, BUD 8/5/2020  02-26-2020:09@15, BUD 8/24/2020"
"Drugs","No","","85992","Terminated","MasterPharm LLC","11502 Liberty Ave Fl 2","N/A","South Richmond Hill","NY","	11419-1902","United States","Voluntary: Firm initiated","Letter","Nationwide in the U.S.","D-1438-2020","Class II","Tadalafil 26 mg Capsule, 90 capsules per bottle, MasterPharm, 115-02 Liberty Ave, Richmond Hill, NY 11419, (866) 630-5600   ","900 capsules","Lack of Processing Controls (lack of assurance of conformity to specifications).","07/02/2020","07/29/2020","02/23/2024","08/05/2020","01-27-2020:91@23, BUD 7/25/2020  02-26-2020:57@16, BUD 8/24/2020"
"Drugs","No","","85992","Terminated","MasterPharm LLC","11502 Liberty Ave Fl 2","N/A","South Richmond Hill","NY","	11419-1902","United States","Voluntary: Firm initiated","Letter","Nationwide in the U.S.","D-1439-2020","Class II","Tadalafil 3 mg Capsule, 90 capsules per bottle, MasterPharm, 115-02 Liberty Ave, Richmond Hill, NY 11419, (866) 630-5600   ","900 capsules","Lack of Processing Controls (lack of assurance of conformity to specifications).","07/02/2020","07/29/2020","02/23/2024","08/05/2020","01-27-2020:93@21, BUD 7/25/2020"
"Drugs","No","","85992","Terminated","MasterPharm LLC","11502 Liberty Ave Fl 2","N/A","South Richmond Hill","NY","	11419-1902","United States","Voluntary: Firm initiated","Letter","Nationwide in the U.S.","D-1440-2020","Class II","Tadalafil 7 mg Capsule, 90 capsules per bottle, MasterPharm, 115-02 Liberty Ave, Richmond Hill, NY 11419, (866) 630-5600","12000 capsules","Lack of Processing Controls (lack of assurance of conformity to specifications).","07/02/2020","07/29/2020","02/23/2024","08/05/2020","01-08-2020:45@16, BUD 7/6/2020  01-22-2020:02@19, BUD 7/20/2020  02-13-2020:05@3, BUD  8/11/2020  02-24-2020:95@12, BUD 8/22/2020"
"Drugs","No","","85992","Terminated","MasterPharm LLC","11502 Liberty Ave Fl 2","N/A","South Richmond Hill","NY","	11419-1902","United States","Voluntary: Firm initiated","Letter","Nationwide in the U.S.","D-1441-2020","Class II","Testosterone/Anastrozole Pellet 100/6 mg, 100 pellets per bottle, MasterPharm, 115-02 Liberty Ave, Richmond Hill, NY 11419  (866) 630-5600   ","339 pellets","Lack of Processing Controls (lack of assurance of conformity to specifications).","07/02/2020","07/29/2020","02/23/2024","08/05/2020","02-10-2020:06@32, BUD 8/2/2020"
"Drugs","No","","85992","Terminated","MasterPharm LLC","11502 Liberty Ave Fl 2","N/A","South Richmond Hill","NY","	11419-1902","United States","Voluntary: Firm initiated","Letter","Nationwide in the U.S.","D-1442-2020","Class II","Vardenafil 20 mg Troche, 30 troches per bottle, MasterPharm, 115-02 Liberty Ave, Richmond Hill, NY 11419, (866) 630-5600   ","134 troches","Lack of Processing Controls (lack of assurance of conformity to specifications).","07/02/2020","07/29/2020","02/23/2024","08/05/2020","01-21-2020:42@8, BUD 7/19/2020  01-24-2020:59@1, BUD 7/22/2020  02-04-2020:65@11, BUD 8/2/2020"
"Drugs","No","","86017","Terminated","Teva Pharmaceuticals USA","400 Interpace Pkwy","N/A","Parsippany","NJ","	07054-1120","United States","Voluntary: Firm initiated","Letter","Nationwide United States","D-1492-2020","Class II","Lidocaine Patch 5%, packaged in 30-count cartons, Rx only, Manufactured by: Actavis Laboratories UT, Inc., Salt Lake City, UT 84108, USA, Distributed by: Actavis Pharma, Inc., Parsippany, NJ 07054 USA, NDC 0591-3525-30  ","28,596 cartons","Labeling: Incorrect or Missing Lot and/or Exp date on the individual transdermal pouches but not in the carton.","07/14/2020","08/10/2020","07/07/2021","08/19/2020","Carton Lot # 1383513B, Patch Lot # 1383513, Exp date 03/2022"
"Drugs","No","","86018","Terminated","Fresenius Kabi USA, LLC","3 Corporate Dr","N/A","Lake Zurich","IL","	60047-8930","United States","Voluntary: Firm initiated","Letter","Nationwide within the United States","D-1391-2020","Class III","Fosaprepitant for Injection, 150 mg / vial in a 10 mL Single-Dose vial, Rx only, Fresenius Kabi, Lake Zurich, IL 60047; NDC 63323-972-10","63,067 vials","Labeling Error: Label Error on Declared Strength: Carton label and product insert incorrectly states the quantity of the excipient edetate disodium (EDTA) as 5.4 mg / vial, rather than the actual amount of 18.8 mg / vial.","07/13/2020","07/16/2020","08/19/2022","07/22/2020","Lot #: 6122760, 6122761, exp 08/2021;  6122762, exp 09/2021; 6123883, exp 03/2022"
"Drugs","No","","86019","Terminated","Akorn, Inc.","1925 W Field Ct Ste 300","N/A","Lake Forest","IL","	60045-4862","United States","Voluntary: Firm initiated","Letter","Nationwide USA and Puerto Rico","D-1388-2020","Class III","Proparacaine Hydrochloride Ophthalmic Solution, USP, 0.5%, 15 mL per dropper bottle, Sterile, Rx Only, Manufactured by: Akorn, Inc., Lake Forest, IL 60045.  NDC 17478-263-12","33,343 bottles","Chemical contamination; out of specification results obtained for equipment cleaning residue rinse sample","12/26/2019","07/14/2020","07/28/2022","07/22/2020","Lot 9E52A, exp 04/2021"
"Drugs","No","10/07/2020","86022","Terminated","4e Brands North America, Llc","17806 Ih-10 Ste 300","N/A","San Antonio","TX","	78257","United States","Voluntary: Firm initiated","Press Release","Distributed Nationwide in the USA","D-0022-2021","Class II","blumen ADVANCED INSTANT HAND SANITIZER Clear ETHYL ALCOHOL 70% Natural Boost with Tea Tree Oil, (70% ethyl alcohol), Packaged as a) 18 fl oz / 532 ml bottle, UPC 8 14266 02408 9 b) 33.8 fl oz / 1L bottle, UPC  8 14266 02374 7, Distributed in USA and Canada BY: 4e Brands Northamerica LLC. 17806 IH-10W, Suite 300, San Antonio, Texas, 78257. Made in Mexico.     ","17,359,247 total bottles and pumps","CGMP Deviations: recalled because it was manufactured in the same facility as the product found to contain methanol which represents poor Current Good Manufacturing Practices.","07/11/2020","10/07/2020","02/26/2024","10/07/2020","All lots within expiry"
"Drugs","No","10/07/2020","86022","Terminated","4e Brands North America, Llc","17806 Ih-10 Ste 300","N/A","San Antonio","TX","	78257","United States","Voluntary: Firm initiated","Press Release","Distributed Nationwide in the USA","D-0023-2021","Class II","blumen ADVANCED HAND SANITIZER, 70% ALCOHOL CONTENT, (70% ethyl alcohol), packaged as a) 3.4 fl oz / 100 ml bottle, UPC 8 14266 02359 4 b) 7.5 fl. oz./221 ml bottle, UPC 8 14266 02362 4 b) 33.8 fl. oz./1L bottle, UPC 8 14266 02369 3, Distributed in USA and Canada By: 4e Brands Northamerica LLC, 17806 IH-10W, Suite 300, San Antonio, Texas, 78257, Made in Mexico.","17,359,247 total bottles and pumps","CGMP Deviations: recalled because it was manufactured in the same facility as the product found to contain methanol which represents poor Current Good Manufacturing Practices.","07/11/2020","10/07/2020","02/26/2024","10/07/2020","All lots within expiry"
"Drugs","No","10/07/2020","86022","Terminated","4e Brands North America, Llc","17806 Ih-10 Ste 300","N/A","San Antonio","TX","	78257","United States","Voluntary: Firm initiated","Press Release","Distributed Nationwide in the USA","D-0024-2021","Class II","blumen Clear ADVANCED HAND SANITIZER with 70% ALCOHOL, (ethyl alcohol 70% v/v), Packaged as a) 2 fl oz / 60 ml bottle, UPC 8 14266 02371 6 b) 7.5 fl oz / 221 ml bottle, UPC 8 14266 02362 4 c) 15.2 fl oz (450 ml) bottle, UPC 8 14266 02392 1, d) 17 fl oz / 503 ml bottle with blue cap or pump bottle, UPC 8 14266 02409 6, e) 18 fl oz / 532 ml bottle, UPC 8 14266 02391 4, f) 33.8 fl oz / 1 L straight or curved bottle, UPC 8 14266 02369 3  g) 70 fl oz / 2.07L bottle, UPC 8 14266 02367 9 h) 1.05 GAL / 4L bottle, UPC 8 14266 02368 6; Distributed in USA and Canada By: 4e Brands Northamerica LLC, 17806 IH-10W, Suite 300, San Antonio, Texas, 78257, Made in Mexico.    ","17,359,247 total bottles and pumps","CGMP Deviations: recalled because it was manufactured in the same facility as the product found to contain methanol which represents poor Current Good Manufacturing Practices.","07/11/2020","10/07/2020","02/26/2024","10/07/2020","All lots within expiry."
"Drugs","No","10/07/2020","86022","Terminated","4e Brands North America, Llc","17806 Ih-10 Ste 300","N/A","San Antonio","TX","	78257","United States","Voluntary: Firm initiated","Press Release","Distributed Nationwide in the USA","D-0025-2021","Class II","blumen Aloe ADVANCED HAND SANITIZER 70% ALCOHOL CONTENT (70% ethyl alcohol v/v), 3.4 fl. oz./100 mL bottle, Distributed in USA and Canada By: 4e Brands Northamerica LLC, 17806 IH-10W, Suite 300, San Antonio, Texas, 78257, Made in Mexico. UPC 8 14266 02358 7  ","17,359,247 total bottles and pumps","CGMP Deviations: recalled because it was manufactured in the same facility as the product found to contain methanol which represents poor Current Good Manufacturing Practices.","07/11/2020","10/07/2020","02/26/2024","10/07/2020","All lots within expiry."
"Drugs","No","","85992","Terminated","MasterPharm LLC","11502 Liberty Ave Fl 2","N/A","South Richmond Hill","NY","	11419-1902","United States","Voluntary: Firm initiated","Letter","Nationwide in the U.S.","D-1443-2020","Class II","Yohimbine HCL 5.4mg Capsule, 90 capsules per bottle, MasterPharm, 115-02 Liberty Ave, Richmond Hill, NY 11419, (866) 630-5600","90 capsules","Lack of Processing Controls (lack of assurance of conformity to specifications).","07/02/2020","07/29/2020","02/23/2024","08/05/2020","01-20-2020:75@17, BUD 7/18/2020"
"Drugs","No","","85924","Terminated","Allergan PLC","2525 Dupont Dr","N/A","Irvine","CA","	92612-1531","United States","Voluntary: Firm initiated","Letter","Nationwide within the United States","D-1410-2020","Class III","Skin Medica Acne System, Contains: Purifying Foaming Wash (Salicylic Acid 2.0%), 5 fl oz.; Purifying Toner (Salicylic Acid 2.0%), 6 fl oz,; Acne Treatment Lotion (Benzoyl Peroxide 2.5%), 2 fl oz., Distributed in the U.S.A. by Allergan, Irvine, CA 92612, UPC 300234966005","8,555 kits","SUBPOTENT DRUG: Products failed assay results at the 12 and 24 month timepoints.","07/06/2020","07/27/2020","02/28/2024","08/05/2020","Lot #: 090645A, 090645B, Exp. Date 07/31/2020; 090645C, Exp. Date 08/31/2020; Lot #: 090757A, Exp. Date 02/29/2020; Lot # 093199A,  093199B,  093199C, 093199D, Exp. Date 12/31/2020; Lot #: 096375A,  096375B, Exp. Date 06/30/2021; Lot #: 097455A, 097612A, Exp. Date 04/30/2021"
"Drugs","No","","86037","Terminated","AAA Cosmetica, SA de CV","Calle Recursos Hidraulicos 1","Pueblo La Loma, Tlalnepantla De Baz","Tlalnepantla","N/A","	N/A","Mexico","Voluntary: Firm initiated","Press Release","Distributed Nationwide in the USA","D-1569-2020","Class II","bio aaa Advance Hand Sanitizer Ethyl Alcohol 70%, Unscented, 16.23 Oz (480 mL), Distributed By: Payless Janitorial Corporation 1341 SW 21 Terrance, Fort Lauderdale, Florida  Exported By: E. Audicode S.A. de C.V. Manufactured By: AAA Cosmetica S.A. de C.V.  UPC  7 502272 12111 5","21,228  bottles","CGMP Deviations","07/02/2020","09/11/2020","01/16/2024","09/09/2020","Lots:  All lots to include 20DF9005, 20DF9006, EXP April 2022"
"Drugs","No","","86042","Terminated","Soluciones Cosmeticas, SA de CV","Avenida Ano De Juarez 110","Otro Granjas San Antonio, Iztapalapa","Ciudad De Mexico","N/A","	N/A","Mexico","Voluntary: Firm initiated","Press Release","United States","D-1560-2020","Class II","Bersih Hand Sanitizer Gel, Net wt. 16.9 floz (500ml), Blue and Green cap) Distributed by RediBag USA 135 Fulton Ave New Hyde Park, NY 11040 UPC 8 16822 02666 7","2,486,400 bottles","cGMP Deviations","07/14/2020","09/02/2020","02/22/2022","09/09/2020","All lots remaining within expiry."
"Drugs","No","","85781","Ongoing","Amneal Pharmaceuticals of New York, LLC","50 Horseblock Rd","N/A","Brookhaven","NY","	11719-9509","United States","Voluntary: Firm initiated","Press Release","Nationwide","D-1393-2020","Class II","amneal Metformin Hydrochloride Extended-Release Tablets, USP, 500 mg, 90 count bottle, Rx Only, Distributed by: Amneal Pharmaceuticals LLC Bridgewater, NJ 08807   NDC  53746-0178-90      ","N/A","CGMP Deviations: FDA analysis detected N-Nitrosodimethylamine (NDMA) impurity above the acceptable intake level","05/29/2020","06/25/2020","N/A","07/01/2020","HB10019A 03-2021  HB10119A 03-2021  HB10219A 03-2021  HB10319A 03-2021  HD02119A 04-2021  HD03319A 04-2021  HF09118A 06-2020  HF11618A 06-2020  HF15218A 07-2020  HF15318A 07-2020  HJ01418A 09-2020  HJ01518A 09-2020  HJ01618A 09-2020  HJ01718A 09-2020  HJ04718A 09-2020  HK03218A 10-2020  HK03318A 10-2020  HK03418A 10-2020  HK03518A 10-2020  HK03618A 10-2020  HK13718A 11-2020  HK13818A 11-2020  HK13918A 11-2020  HK14018A 11-2020  HK14118A 11-2020  HK14218A 11-2020  HK14318A 11-2020  HK14418A 11-2020  HK14518A 11-2020  HM00118A 11-2020"
"Drugs","No","","86053","Terminated","Lupin Pharmaceuticals Inc.","Harborplace Tower","111 S Calvert St Fl 21st","Baltimore","MD","	21202-6174","United States","Voluntary: Firm initiated","Letter","Product was distributed to OH and may have been further distributed throughout the United States.","D-1413-2020","Class II","Lisinopril Tablets USP, 10 mg, 1000 count bottles, Manufactured by: Lupin Limited, Nagpur INDIA, For BluePoint Laboratories NDC 68001-334-08","11,688 bottles","Presence of Foreign Tablets/Capsules: Lisinopril Tablets USP, 20mg found in a 1000 count bottle of Lisinopril Tablets USP, 10mg","07/17/2020","07/28/2020","08/26/2021","08/05/2020","Lot # Q000232, exp. date 01/2022"
"Drugs","No","","86063","Terminated","Maquiladora Miniara Sa De Cv","Crta. Teoloyucan Huehuetoca Km. 22","Coyotepec","Coyotepec","N/A","	N/A","Mexico","Voluntary: Firm initiated","Press Release","Distributed Nationwide in the USA","D-1565-2020","Class II","Shine & Clean Hand Sanitizer gel, (Ethyl Alcohol 70%), 33.81 fl oz (1L) bottle, Made in Mexico By: Maquiladora Miniara S.A. de C.V. Carrerera Teoloyucan Huehuetoca km: 22 S/N La Planada Mexico C.P.: 54665 NDC 76753-001-01","245,500 bottles","CGMP Deviations: Products manufactured at the same site were FDA testing found below the label claim for ethanol content and the presence of undeclared methanol.","07/09/2020","09/10/2020","04/24/2024","09/16/2020","Lots: F200829088, F200829095, F200829107, D202728743, D202528742, D202428733, D202728743, D2028753, D202528742, D202428733, D202028689, D201828660, D202428734, E200128784, E200418795,   D202428734, D202828689, D201828660, E201628912, E201628913, E201628911, E201528902, E201528903, E201628910, E201628918, E201628914, E201628915, E201628916, E201628917, E202328969, E202428975, E202528981, E202128947, E201728918, E201728919, E201428876,  E201828894, E201828920, E201428876, E201128850, E201328859, E200628817, E200828826, E200928840, D202128699, D202428700."
"Drugs","No","","86069","Terminated","Vilvet Pharmaceuticals Inc.","1208 Kimberton Rd Ste 101","N/A","Chester Springs","PA","	19425-1437","United States","Voluntary: Firm initiated","Letter","Nationwide within the US","D-1487-2020","Class II","VILAMIT MB (118 mg methenamine, 36 mg phenyl salicylate, 40.8 mg sodium phosphate monobasic, 10.0 mg methylene blue and 0.12 mg hyoscyamine sulfate), Rx Only, 100 Capsules per Bottle, Manufactured for: Vilvet Pharmaceuticals Inc., Chester Springs, PA 18425, NDC 71186-002-35.","11,640 bottles","cGMP deviations","07/24/2020","08/06/2020","01/21/2022","08/12/2020","LOT M824H18-1 EXP 08/20  LOT M824J18-1 EXP 09/20  LOT M824L18-1 EXP 11/20  LOT M824A19-1 EXP 01/21  LOT M824C19-1 EXP 03/21  LOT M824G19-1 EXP 07/21"
"Drugs","No","","86069","Terminated","Vilvet Pharmaceuticals Inc.","1208 Kimberton Rd Ste 101","N/A","Chester Springs","PA","	19425-1437","United States","Voluntary: Firm initiated","Letter","Nationwide within the US","D-1488-2020","Class II","VILEVEV MB Urinary Antispetic (81.0 mg methenamine, 40.8 mg sodium phosphate monobasic and 10.8 mg methylene blue, 0.12 mg hyoscyamine sulfate and 32.4 mg phenyl salicylate), Rx Only, 90 Tablets per Bottle, Manufactured for: Vilvet Pharmaceuticals, Inc., Chester Springs, PA 19425, NDC 71186-000-24.","1,716 bottles","cGMP deviations","07/24/2020","08/06/2020","01/21/2022","08/12/2020","LOT M823J18-1, M823J18-2, M823J18-3 EXP 09/20;  LOT M823D19-1 EXP 04/21"
"Drugs","No","","86074","Terminated","Pfizer Inc.","235 E 42nd St","N/A","New York","NY","	10017-5703","United States","Voluntary: Firm initiated","Letter","United States including Puerto Rico","D-1446-2020","Class II","Fentanyl Citrate Inj., USP 100 mcg Fentanyl/2 mL (50 mcg/mL) 2 mL Single-dose Fliptop Vials, Rx only, Distributed by Hospira, Inc. Lake Forest, IL 60045 USA  NDC 0409-9094-12","19,144 vials","Lack of Assurance of Sterility; potential loose metal overseal crimp defects.","07/20/2020","08/04/2020","12/08/2022","08/12/2020","Lots: Tray lot: 13405DK Vial lot: 13-405 DK Exp. 1JUL2021, Tray lot: 17096DK Vial lot: 17-096-DK Exp. 1NOV2021"
"Drugs","No","","86079","Terminated","West-Ward Columbus Inc","1809 Wilson Rd","N/A","Columbus","OH","	43228-9579","United States","Voluntary: Firm initiated","Letter","OH and MS","D-1490-2020","Class III","Leucovorin Calcium Tablets USP, 10 mg, Rx only, 24 Tablets per bottle, Distr. by: West-Ward Pharmaceuticals Corp. Eatontown, NJ 07724, NDC 0054-4497-10","2300 bottles","Failed Tablet/Capsule Specifications: Tablets are imprinted with the incorrect identification code.","07/22/2020","08/07/2020","08/12/2022","08/19/2020","Lot: #064046A, Exp. 03/2022"
"Drugs","No","","86101","Terminated","Taro Pharmaceuticals U.S.A., Inc.","3 Skyline Dr","N/A","Hawthorne","NY","	10532-2174","United States","Voluntary: Firm initiated","Letter","Nationwide in the U.S.","D-1496-2020","Class III","Clobetasol Propionate Cream USP, 0.05%, a) 15 g tube, NDC: 60429-902-15;  b) 45 g tube, NDC: 60429-902-45, Rx Only, For External Use Only, Not for Ophthalmic Use, Mfd by: Taro Pharmaceuticals Inc. Brampton, Ontario, Canada L6T 1C1, Marketed by: Golden State Medical Supply, Inc. Camarillo, CA 93012.  ","7632 tubes","Failed Content Uniformity: bulk lot used to make these two lots was found to have failed content uniformity.","07/20/2020","08/12/2020","06/20/2023","08/19/2020","a) AB28353, Exp 12/31/2021; b) AB40178, Exp 12/31/2021"
"Drugs","No","05/27/2022","86105","Terminated","Real Clean Distribuciones SA de CV","Recursos Petroleros","Fracc Industrial La Loma 3; Tlalnepantla De Baz","Tlalnepantla De Baz","N/A","	N/A","Mexico","Voluntary: Firm initiated","Two or more of the following: Email, Fax, Letter, Press Release, Telephone, Visit","Distributed Nationwide in the USA","D-1579-2020","Class II","scent theory KEEP IT CLEAN, pure clean,(Ethyl Alcohol 70%), 16.9 FL OZ/500 mL, Distributed by Scent Theory Products, LLC New York, NY 10018, Made in Mexico, UPC 8 40038 21434 1   ","504,000 pieces","CGMP Deviations: Other products were recalled because they were manufactured in the same facility as the product found to contain methanol.","07/23/2020","09/11/2020","05/27/2022","09/23/2020","Lots: 0133220, 0233220, 0333220, 0433220, 0533220, 0633220, 0733220, 0833220, 0933220, 1033220 1133220, 1233220, 1333220, 1433220, 1533220"
"Drugs","No","","86105","Terminated","Real Clean Distribuciones SA de CV","Recursos Petroleros","Fracc Industrial La Loma 3; Tlalnepantla De Baz","Tlalnepantla De Baz","N/A","	N/A","Mexico","Voluntary: Firm initiated","Two or more of the following: Email, Fax, Letter, Press Release, Telephone, Visit","Distributed Nationwide in the USA","D-1580-2020","Class II","scent theory KEEP CLEAN Moisturizing Hand Sanitizer, 70% alcohol (Ethyl Alcohol 70%), 16.9 FL OZ/500 mL bottle, Distributed by Scent Theory Products, LLC New York, NY 10018. Made in Mexico, UPC 8 40038 21434 1        ","917,280 bottles","CGMP Deviations: Born Basic Anti Bac was found to be below the label claim for ethanol content and contained methanol. Other products were recalled because they were manufactured in the same facility as the product found to contain methanol.","07/23/2020","09/11/2020","05/27/2022","09/23/2020","Lots: 1633220, 1733220, 1833220, 1933220, 2033220, 2133220, 2233220, 2333220, 2433220, 2533220, 2633220, 2733220, 2833220, 2933220, 3033220, 3133220, 3233220, 3333220, 3433220, 3533220, 3633220, 3733220, 3833220, 3933220, 4033220, 4133220"
"Drugs","No","","86105","Terminated","Real Clean Distribuciones SA de CV","Recursos Petroleros","Fracc Industrial La Loma 3; Tlalnepantla De Baz","Tlalnepantla De Baz","N/A","	N/A","Mexico","Voluntary: Firm initiated","Two or more of the following: Email, Fax, Letter, Press Release, Telephone, Visit","Distributed Nationwide in the USA","D-1581-2020","Class II","BORN BASIC., ANTI-BAC HAND SANITIZER, 70% Alcohol, (Ethyl Alcohol 70%), packaged as a) 9.5 FL OZ (280 mL) bottle, UPC 8 40038 21462 4: b) 16.9 FL OZ (500 mL) bottle, UPC 8 40038 21456 3; and c) 34 FL OZ (1L) bottle, UPC 8 40038 21447 1; Made in Mexico; Distributed by Scent Theory Products, LLC, New York, NY 10018.  ","975,720 bottles","CGMP Deviations: Born Basic Anti Bac was found to be below the label claim for ethanol content and contained methanol. Other products were recalled because they were manufactured in the same facility as the product found to contain methanol.","07/23/2020","09/11/2020","05/27/2022","09/23/2020","Lots: a) 0133720, 0233720 b) 0833420, 0933420, 1333420, 1433420, 1533420, 1633420, 1733420, 1833420, 1933420, 2033420, 2133420,    2633420, 2733420, 2833420, 2933420 c) 0133420, 0233420, 0333420, 0433420, 0533420, 0633420"
"Drugs","No","","86105","Terminated","Real Clean Distribuciones SA de CV","Recursos Petroleros","Fracc Industrial La Loma 3; Tlalnepantla De Baz","Tlalnepantla De Baz","N/A","	N/A","Mexico","Voluntary: Firm initiated","Two or more of the following: Email, Fax, Letter, Press Release, Telephone, Visit","Distributed Nationwide in the USA","D-1582-2020","Class II","LUX EOI Hand Sanitizing Gel, (Ethyl Alcohol 70%), (16.9 FL OZ) 500mL bottle, Distributed by: Procurement Services, LLC Nashville, TN 37215, Product of Mexico. NDC 74882-007-02   ","90,288 bottles","CGMP Deviations: Born Basic Anti Bac was found to be below the label claim for ethanol content and contained methanol. Other products were recalled because they were manufactured in the same facility as the product found to contain methanol.","07/23/2020","09/11/2020","05/27/2022","09/23/2020","Lots: 0133920, 0233920, 0333920"
"Drugs","No","","86108","Terminated","Lupin Pharmaceuticals Inc.","Harborplace Tower","111 S Calvert St Fl 21st","Baltimore","MD","	21202-6174","United States","Voluntary: Firm initiated","Letter","Nationwide within the U.S.","D-1502-2020","Class II","Mibelas 24 Fe (norethindrone acetate and ethinyl estradiol tablets and ferrous fumarate tablets) chewable,1 mg/0.02 mg/75 mg, Rx Only, Provides 24 days of active therapy, Pouch Contains one wallet of 28 tablets, NDC: 68180-911-11, Carton contains 3 wallets of 28 tablets each, NDC: 68180-911-13, Distributed by: Lupin Pharmaceuticals, Inc., MD, 21200, Manufactured by: Lupin Limited, India.","560,922 Pouches","Failed Impurities/Degradation Specifications: Out of specification result observed in related substance test.","07/21/2020","08/13/2020","01/21/2022","08/19/2020","Lot #s:  L900017, L900070, Exp. 12/31/2020; L900589, Exp. 03/31/2021; L901085, Exp. 04/30/2021; L901008, Exp. 06/30/2021; L901641, L901735, Exp.10/31/2021."
"Drugs","No","","86123","Terminated","Calvin Scott & Company, Inc.","209 Eubank Blvd Ne","N/A","Albuquerque","NM","	87123-2745","United States","Voluntary: Firm initiated","E-Mail","Nationwide within the United States","D-1514-2020","Class II","Hydrochlorothiazide 25mg tablets, Distributed by: Calvin Scott & Co., Inc. Albuquerque, NM 87123, Mfg: Accord Healthcare, Inc, Durham, NC 27703, NDC 16729-0183-17    ","N/A","CGMP Deviations: Light sensitive drug products repackaged in transparent/partially transparent pouches.","07/27/2020","08/20/2020","04/11/2024","08/26/2020","Lot #: 19355; Exp. Date: 3/21"
"Drugs","No","","86123","Terminated","Calvin Scott & Company, Inc.","209 Eubank Blvd Ne","N/A","Albuquerque","NM","	87123-2745","United States","Voluntary: Firm initiated","E-Mail","Nationwide within the United States","D-1515-2020","Class II","Hydrochlorothiazide (HCTZ) Orange Tabs 25mg, Distributed by: Calvin Scott & Co., Inc. Albuquerque, NM 87123 Manufactured by Unichem Pharmaceuticals, NDC 29300-0128-10","N/A","CGMP Deviations: Light sensitive drug products repackaged in transparent/partially transparent pouches.","07/27/2020","08/20/2020","04/11/2024","08/26/2020","Lot #: 19260H; Exp. Date: 1/21"
"Drugs","No","","86123","Terminated","Calvin Scott & Company, Inc.","209 Eubank Blvd Ne","N/A","Albuquerque","NM","	87123-2745","United States","Voluntary: Firm initiated","E-Mail","Nationwide within the United States","D-1516-2020","Class II","Hydrochlorothiazide 50mg tablets, 14-count bags, Rx only, Distributed by: Calvin Scott & Co., Inc. Albuquerque, NM 87123, Manufactured by Accord Healthcare, Inc., Durham NC 27703; NDC 16729-0184-17","N/A","CGMP Deviations: Light sensitive drug products repackaged in transparent/partially transparent pouches.","07/27/2020","08/20/2020","04/11/2024","08/26/2020","Lot #: 18252, 19033, Exp. Date: 10/20"
"Drugs","No","","86123","Terminated","Calvin Scott & Company, Inc.","209 Eubank Blvd Ne","N/A","Albuquerque","NM","	87123-2745","United States","Voluntary: Firm initiated","E-Mail","Nationwide within the United States","D-1517-2020","Class II","Thyroid 1 Grain Tablets, 28-count bags,  Distributed by: Calvin Scott & Co., Inc. Albuquerque, NM 87123, Manufactured by RLC Labs, Cave Creek, AZ 85331,  NDC 64727-3300-02","N/A","CGMP Deviations: Light sensitive drug products repackaged in transparent/partially transparent pouches.","07/27/2020","08/20/2020","04/11/2024","08/26/2020","Lot #: 19233; Exp. Date: 08/20; 19254, Exp. Date 09/20; 19273, Exp. Date: 1/21"
"Drugs","No","","86123","Terminated","Calvin Scott & Company, Inc.","209 Eubank Blvd Ne","N/A","Albuquerque","NM","	87123-2745","United States","Voluntary: Firm initiated","E-Mail","Nationwide within the United States","D-1518-2020","Class II","Thyroid 1 Gr tablets, 28-count bags, Rx Only, Distributed by: Calvin Scott & Co., Inc. Albuquerque, NM 87123, Manufactured by RLC Labs Cave Creek, AZ 85331, NDC 64727-3300-01","N/A","CGMP Deviations: Light sensitive drug products repackaged in transparent/partially transparent pouches.","07/27/2020","08/20/2020","04/11/2024","08/26/2020","Lot #: 19222; Exp. Date: 08/20; 19243, Exp. Date 2/21"
"Drugs","No","","86123","Terminated","Calvin Scott & Company, Inc.","209 Eubank Blvd Ne","N/A","Albuquerque","NM","	87123-2745","United States","Voluntary: Firm initiated","E-Mail","Nationwide within the United States","D-1519-2020","Class II","Thyroid Neutral Tabs 2 gr, 28-count tablets, Rx only, Distributed by: Calvin Scott & Co., Inc. Albuquerque, MN 87123, Manufactured by RLC, Cave Creek, AZ 85331 Labs, NDC 64727-3308-02","N/A","CGMP Deviations: Light sensitive drug products repackaged in transparent/partially transparent pouches.","07/27/2020","08/20/2020","04/11/2024","08/26/2020","Lot #: 19286; Exp. Date:01/21"
"Drugs","No","","86123","Terminated","Calvin Scott & Company, Inc.","209 Eubank Blvd Ne","N/A","Albuquerque","NM","	87123-2745","United States","Voluntary: Firm initiated","E-Mail","Nationwide within the United States","D-1520-2020","Class II","Topiramate 25mg Tabs White/round tablets, 10-count bags, Distributed by: Calvin Scott & Co., Inc. Alb., MN 87123, Mfg: Sun Pharm., Inc. Cranbury, NJ 08512, NDC 47335-0707-13    ","N/A","CGMP Deviations: Light sensitive drug products repackaged in transparent/partially transparent pouches.","07/27/2020","08/20/2020","04/11/2024","08/26/2020","Lot #: 19234; Exp. Date: 9/20"
"Drugs","No","","86123","Terminated","Calvin Scott & Company, Inc.","209 Eubank Blvd Ne","N/A","Albuquerque","NM","	87123-2745","United States","Voluntary: Firm initiated","E-Mail","Nationwide within the United States","D-1521-2020","Class II","Phendimetrazine Yellow Tabs 35mg, 28-count bags, Rx only, Distributed by: Calvin Scott & Co., Inc. Albuquerque, NM 87123, MFG: KVK-Tech, Newtown, PA 18940, NDC 0702-0077-10","N/A","CGMP Deviations: Light sensitive drug products repackaged in transparent/partially transparent pouches.","07/27/2020","08/20/2020","04/11/2024","08/26/2020","Lot #: 19185; 19220, Exp. Date: 08/20; 19256, Exp. Date: 09/20; 19334, Exp. Date: 12/20; 20001, Exp. Date: 01/21: 20046, Exp. Date: 2/21"
"Drugs","No","","86123","Terminated","Calvin Scott & Company, Inc.","209 Eubank Blvd Ne","N/A","Albuquerque","NM","	87123-2745","United States","Voluntary: Firm initiated","E-Mail","Nationwide within the United States","D-1522-2020","Class II","Phendimetrazine Yellow Tabs 35mg, packaged in a) 10-count bags (NDC 69543-0410-11) and b) 28-count bags (NDC 69543-0410-11), and c) 56-count bags (NDC 69543-0410-11)  Rx only, Distributed by: Calvin Scott & Co., Inc. Albuquerque, NM 87123,  Manufactured by Virtus Pharm, LLC.","N/A","CGMP Deviations: Light sensitive drug products repackaged in transparent/partially transparent pouches.","07/27/2020","08/20/2020","04/11/2024","08/26/2020","a) Lot #: 19236, Exp. Date 10/20  b) Lot #: 19170; 19236, Exp. Date: 09/20; 19303, Exp. Date: 11/20; 19347, Exp. Date: 12/20;  19353, Exp. Date: 01/21:  20032,  20047, Exp. Date: 2/21.  c) Lot #: 19236, Exp. Date 10/20"
"Drugs","No","","86123","Terminated","Calvin Scott & Company, Inc.","209 Eubank Blvd Ne","N/A","Albuquerque","NM","	87123-2745","United States","Voluntary: Firm initiated","E-Mail","Nationwide within the United States","D-1523-2020","Class II","Phendimetrazine Brown/Clear Capsules, 105 mg, 28-count bags, Rx only, Distributed by: Calvin Scott & Co., Inc. Albuquerque, NM 87123, Manufactured by Virtus Pharm., LLC Newtown, PA 18940; NDC 69543-0409-11","N/A","CGMP Deviations: Light sensitive drug products repackaged in transparent/partially transparent pouches.","07/27/2020","08/20/2020","04/11/2024","08/26/2020","Lot #: 19169; Exp. Date: 7/20, 08/20, 09/20; 19237, Exp. Date: 10/20, 11/20, 12/20; 19331, Exp. Date: 12/20;  20031, Exp. Date: 3/21"
"Drugs","No","","86123","Terminated","Calvin Scott & Company, Inc.","209 Eubank Blvd Ne","N/A","Albuquerque","NM","	87123-2745","United States","Voluntary: Firm initiated","E-Mail","Nationwide within the United States","D-1524-2020","Class II","Phentermine HCL Gray/Yellow capsules, 15mg, 28-count bags, Rx only, Distributed by: Calvin Scott & Co., Inc. Albuquerque, NM 87123 Manufactured by Kvk-Tech, NDC 10702-0026-10","N/A","CGMP Deviations: Light sensitive drug products repackaged in transparent/partially transparent pouches.","07/27/2020","08/20/2020","04/11/2024","08/26/2020","Lot #: 19189; Exp. Date: 08/20 ; 19272, 19323, Exp. Date: 9/20"
"Drugs","No","","86123","Terminated","Calvin Scott & Company, Inc.","209 Eubank Blvd Ne","N/A","Albuquerque","NM","	87123-2745","United States","Voluntary: Firm initiated","E-Mail","Nationwide within the United States","D-1525-2020","Class II","Phentermine 15mg grey/Yellow Capsules, 28-count bags, Rx only, Distributed by: Calvin Scott & Co., Inc. Albuquerque, NM 87123, MFG: Sunrise Pharm., Rahway NJ, 07065; NDC 11534-0157-03","N/A","CGMP Deviations: Light sensitive drug products repackaged in transparent/partially transparent pouches.","07/27/2020","08/20/2020","04/11/2024","08/26/2020","Lot #:19330; Exp. Date: 12/20"
"Drugs","No","","86123","Terminated","Calvin Scott & Company, Inc.","209 Eubank Blvd Ne","N/A","Albuquerque","NM","	87123-2745","United States","Voluntary: Firm initiated","E-Mail","Nationwide within the United States","D-1526-2020","Class II","Phentermine HCL GrayYellow capsules, 15mg, packaged in a) 28-count bags and b) 56-count bags, Rx only, Distributed by: Calvin Scott & Co., Inc. Albuquerque, NM 87123, MFG: Tagi Pharma, South Beloit, IL 61080; NDC 51224-0203-70","N/A","CGMP Deviations: Light sensitive drug products repackaged in transparent/partially transparent pouches.","07/27/2020","08/20/2020","04/11/2024","08/26/2020","Lot #:19197; Exp. Date: 8/20, 9/20, 10/20; 19341, Exp. Date: 1/21"
"Drugs","No","","86123","Terminated","Calvin Scott & Company, Inc.","209 Eubank Blvd Ne","N/A","Albuquerque","NM","	87123-2745","United States","Voluntary: Firm initiated","E-Mail","Nationwide within the United States","D-1527-2020","Class II","Phentermine HCL Yellow Caps 30mg, packaged in 28-count bags, Rx only, Distributed by: Calvin Scott & Co., Inc. Albuquerque, NM 87123, MFG: Tagi Pharma, South Beloit, IL 61080; NDC 51224-0202-70  ","N/A","CGMP Deviations: Light sensitive drug products repackaged in transparent/partially transparent pouches.","07/27/2020","08/20/2020","04/11/2024","08/26/2020","Lot #:19212; Exp. Date: 10/20"
"Drugs","No","","86123","Terminated","Calvin Scott & Company, Inc.","209 Eubank Blvd Ne","N/A","Albuquerque","NM","	87123-2745","United States","Voluntary: Firm initiated","E-Mail","Nationwide within the United States","D-1528-2020","Class II","Phentermine HCL Blue/Clear capsules, 30mg, packaged in a) 10-count bags (NDC 10702-0028-10), b) 28-count bags (NDC 10702-0028-10) and c) 56-count bags (NDC 10702-0028-10), Distributed by: Calvin Scott & Co., Inc. Albuquerque, NM 87123, Manufactured by KVK-Tech Newtown, PA 18940; NDC 10702-0028-10","N/A","CGMP Deviations: Light sensitive drug products repackaged in transparent/partially transparent pouches.","07/27/2020","08/20/2020","04/11/2024","08/26/2020","Lot #:  a)19290, Exp. Date: 10/20;  b) 19224; Exp. Date: 08/20;  19249, Exp. Date: 09/20; 19290, Exp. Date: 10/20;  19322, Exp. Date: 12/20; 20013, Exp. Date: 01/21; 20039, Exp. Date: 02/21  c) 19290, Exp. Date: 10/20"
"Drugs","No","","86125","Completed","RESOURCE RECOVERY & TRADING LLC","4275 Executive Sq Ste 200","N/A","La Jolla","CA","	92037-1476","United States","Voluntary: Firm initiated","Press Release","AL, GA","D-1548-2020","Class II","Hand Sanitizer Disinfectant Gel 70% Ethyl Alcohol, packaged in 6.7 FL Oz. (200 mL) bottles, Distributed by: Access USA, Miami, FL 33308, UPC 650240025020","17,280 bottles","cGMP deviations","07/27/2020","08/27/2020","N/A","09/02/2020","All lots."
"Drugs","No","","86127","Terminated","Broncolin, S.A. de C.V.","Calle Sur 16 No. 353","Col. Agricola Oriental, Iztacalco","Ciudad De Mexico","N/A","	N/A","Mexico","Voluntary: Firm initiated","Press Release","Distributed Nationwide in the USA","D-1577-2020","Class II","HERBACIL, Antiseptic Hand Sanitizer, 70% Alcohol, (Alcohol) 70%, packaged as a) 4.22 fl. oz. (125ml) bottle, UPC 7 14706 91368 6; b) 8.4 fl. oz. (250 ml) bottle, UPC 714706 91367 9; c) 16.9 fl. oz. (500 ml) bottle, UPC 7 14706 91366 2; and d) 33.8 fl. oz. (1 Liter) bottle, UPC 7 14706 91365 5;  Made in Mexico by: Broncolin, S.A. de C.V. Sur 16 No. 353, Col. Agricola Oriental, Iztacalco, C.P. 08500, Cuidad de Mexico, Mexico.  Importer/Distributor: INBC TRADING LLC 4404 Merle Drive, Austin, TX 78745         ","482,416 bottles","CGMP Deviations: products were recalled because they were manufactured in the same facility as the product found to contain methanol.","07/27/2020","09/11/2020","08/07/2024","09/23/2020","Lots: 201111, 201113, 201115 Exp. 04/30/2022; 201116, 201118, 201119, 201120, 201121, Exp. 05/31/2022,"
"Drugs","No","","86123","Terminated","Calvin Scott & Company, Inc.","209 Eubank Blvd Ne","N/A","Albuquerque","NM","	87123-2745","United States","Voluntary: Firm initiated","E-Mail","Nationwide within the United States","D-1529-2020","Class II","Phentermine HCL Blue/White Capsules, 37.5 mg, 28-count bags,  Rx only, Distributed by: Calvin Scott & Co., Inc. Albuquerque, NM 87123, MFG: KVK-Tech., Inc Newtown, PA 18940; NDC 10702-0029-10","N/A","CGMP Deviations: Light sensitive drug products repackaged in transparent/partially transparent pouches.","07/27/2020","08/20/2020","04/11/2024","08/26/2020","Lot #:19219; Exp. Date: 08/20"
"Drugs","No","","86123","Terminated","Calvin Scott & Company, Inc.","209 Eubank Blvd Ne","N/A","Albuquerque","NM","	87123-2745","United States","Voluntary: Firm initiated","E-Mail","Nationwide within the United States","D-1530-2020","Class II","Phentermine HCL White/Blue Speck Tabs 37.5 mg, 28-count bags, Rx only, Distributed by: Calvin Scott & Co., Inc. Albuquerque, NM 87123 Manufactured by SUN Pharmaceuticals, NDC 53489-0676-10","N/A","CGMP Deviations: Light sensitive drug products repackaged in transparent/partially transparent pouches.","07/27/2020","08/20/2020","04/11/2024","08/26/2020","Lot #:19207; Exp. Date: 9/21; 19251, Exp. Date: 9/20; 19284, Exp. Date:10/20; 19316, Exp. Date: 12/20"
"Drugs","No","","86123","Terminated","Calvin Scott & Company, Inc.","209 Eubank Blvd Ne","N/A","Albuquerque","NM","	87123-2745","United States","Voluntary: Firm initiated","E-Mail","Nationwide within the United States","D-1531-2020","Class II","Phentermine HCL White/Blue Speckled tablets, 37.5 mg, packaged in a) 7-count bags, and b) 28-count bags, Rx only, Distributed by: Calvin Scott & Co., Inc. Albuquerque, NM 87123, Manufactured by Lannett Company, Inc. Philadelphia, PA 19136;  NDC 00527-1445-10","N/A","CGMP Deviations: Light sensitive drug products repackaged in transparent/partially transparent pouches.","07/27/2020","08/20/2020","04/11/2024","08/26/2020","Lot # a) and b) 19350; Exp. Date: 1/21"
"Drugs","No","","86129","Terminated","Golden State Medical Supply Inc.","5187 Camino Ruiz","N/A","Camarillo","CA","	93012-8601","United States","Voluntary: Firm initiated","Letter","Nationwide within the United States","D-1497-2020","Class III","Clobetasol Propionate Cream, USP, 0.05%, packaged in a)15g Tubes (NDC 60429-902-15) and b) 45g Tubes (NDC 60429-902-45), Rx Only, Mfd. by: Taro Pharmaceuticals Inc. Brampton, Ontario, Canada, Marketed by: Golden State Medical Supply Inc. Camarillo, CA 93012.","N/A","Failed Content Uniformity: bulk lot used to make these two lots was found to have failed content uniformity.","07/24/2020","08/13/2020","12/10/2020","08/19/2020","Lot #: a) AB28535, Exp. Date: Dec. 2021  b) AB40178, Exp. Date: Dec. 2021"
"Drugs","No","","86130","Terminated","Lannett Company, Inc.","9000 State Rd","N/A","Philadelphia","PA","	19136-1615","United States","Voluntary: Firm initiated","Letter","US Nationwide","D-1508-2020","Class II","Prednisone Tablets, USP 2.5 mg, 100 tablets, Rx only,  Distributed by: Lannett Company, Inc., Philadelphia, PA 19136, Manufactured by: Tianjin Tianyao Pharmaceuticals Co., Ltd No. 221 Huanghai Road, Tianjin Economical-Technological Development Area, Tianjin, China 300457  NDC 0527-2931-37  ","N/A","Labeling: Label Mix Up: bottle labeled to contain  Prednisone Tablets, USP 2.5 mg actually contained Prednisone Tablets, USP 10 mg","08/10/2020","08/17/2020","07/22/2022","08/26/2020","Batch Number PE190701e1 with expiry June 2021"
"Drugs","No","","86154","Terminated","The Mentholatum Company","707 Sterling Dr","N/A","Orchard Park","NY","	14127-1557","United States","Voluntary: Firm initiated","Letter","Nationwide within the U.S.","D-1541-2020","Class III","Red Cross Oral Pain (Oral Anesthetic benzocaine 20%), Maximum Strength, 1/8 Fl. Oz. (3.7 mL) bottle with Cotton Pellets box packaged in a blister pack, Distributed by: Mentholatum Company, Orchard Park, NY 14127 NDC 10742-8902-1, UPC 3 10742 09509 8","31,732 Blister Packs","Labeling; Not Elsewhere Classified: The Mentholatum Company is initiating a voluntary recall due to an error in the labeling of the cotton pellet box found within the Red Cross Oral Pain blister pack. The cotton pellet box states that the product contains ""Natural Eugenol Oil"" in which it does not.   ","07/31/2020","08/24/2020","05/20/2022","09/02/2020","Item Number:  95090007  Lot #: 66572"
"Drugs","No","10/07/2020","86022","Terminated","4e Brands North America, Llc","17806 Ih-10 Ste 300","N/A","San Antonio","TX","	78257","United States","Voluntary: Firm initiated","Press Release","Distributed Nationwide in the USA","D-0026-2021","Class II","ASSURED Instant Hand Sanitizer Vitamin E and Aloe, (70% ethyl alcohol), Packaged as a) 8 fL oz / 236 ml bottle, UPC 6 39277 49069 8 b) 10 fL oz / 296 ml bottle, UPC 6 39277 49069 8, Distributed by Geenbrier International, Inc., 500 Volvo Parkway, Chesapeake, VA 23320, Made in Mexico","17,359,247 total bottles and pumps","CGMP Deviations: recalled because it was manufactured in the same facility as the product found to contain methanol which represents poor Current Good Manufacturing Practices.","07/11/2020","10/07/2020","02/26/2024","10/07/2020","All lots within expiry"
"Drugs","No","10/07/2020","86022","Terminated","4e Brands North America, Llc","17806 Ih-10 Ste 300","N/A","San Antonio","TX","	78257","United States","Voluntary: Firm initiated","Press Release","Distributed Nationwide in the USA","D-0027-2021","Class II","ASSURED Instant Hand Sanitizer Aloe & Moisturizers, (70% ethyl alcohol), Packaged as a) 8 fL oz / 236 ml bottle, UPC 6 39277 49070 4  b) 10 fL oz / 295 ml bottle, UPC 6 39277 49070 4, Distributed by Greenbrier International, Inc., 500 Volvo Parkway, Chesapeake, VA 23320, Made in Mexico   ","17,359,247 total bottles and pumps","CGMP Deviations: recalled because it was manufactured in the same facility as the product found to contain methanol which represents poor Current Good Manufacturing Practices.","07/11/2020","10/07/2020","02/26/2024","10/07/2020","All lots within expiry"
"Drugs","No","","86162","Ongoing","Albek De Mexico S.A. De C.V.","Oriente Cuatro No. 11 Nuevo","N/A","San Juan Del Rio","N/A","	N/A","Mexico","Voluntary: Firm initiated","Press Release","USA Nationwide","D-0078-2021","Class II","NuuxSan Instant ANTIBACTERIAL HAND SANITIZER, 70% Ethyl Alcohol (ethyl alcohol 70%), 8 fl oz. 237 mL bottle, Distributed by PCM North America LLC 9543 Bassonnet ST. STE 307, Houston, TX 77036, Made in Mexico, UPC 7 13620 00017 5       ","1,441,548 bottles","CGMP Deviations: Next Advanced Antibacterial Hand Sanitizer was found to be below the label claim for ethanol content and contained methanol. Other products were recalled because they were manufactured in the same facility as the product found to contain methanol.","07/30/2020","11/17/2020","N/A","11/25/2020","all lots"
"Drugs","No","","86162","Ongoing","Albek De Mexico S.A. De C.V.","Oriente Cuatro No. 11 Nuevo","N/A","San Juan Del Rio","N/A","	N/A","Mexico","Voluntary: Firm initiated","Press Release","USA Nationwide","D-0079-2021","Class II","Modesa INSTANT HAND SANITIZER with Moisturizers and Aloe Vera (ethyl alcohol 70% v/v) 8 fl oz (237 mL) bottle, Distributed by: Midwood brands, LLC 10611 Monroe RD. Mathews, NC 28105 Made in Mexico UPC 3 2251 38042 6","2,760 bottles","CGMP Deviations: Next Advanced Antibacterial Hand Sanitizer was found to be below the label claim for ethanol content and contained methanol. Other products were recalled because they were manufactured in the same facility as the product found to contain methanol.","07/30/2020","11/17/2020","N/A","11/25/2020","1931104AL"
"Drugs","No","","86162","Ongoing","Albek De Mexico S.A. De C.V.","Oriente Cuatro No. 11 Nuevo","N/A","San Juan Del Rio","N/A","	N/A","Mexico","Voluntary: Firm initiated","Press Release","USA Nationwide","D-0080-2021","Class II","Assured Instant Hand Sanitizer Aloe & Moisturizers (Ethyl Alcohol 70% v/v) 8 fl oz / 237 mL bottle, Distributed By: Greenbrier International, Inc. 500 Volvo Parkway, Chesapeake, VA 23320. Made in Mexico.UPC 639277928610","27,000 bottles","CGMP Deviations: Next Advanced Antibacterial Hand Sanitizer was found to be below the label claim for ethanol content and contained methanol. Other products were recalled because they were manufactured in the same facility as the product found to contain methanol.","07/30/2020","11/17/2020","N/A","11/25/2020","1931102AL"
"Drugs","No","","86162","Ongoing","Albek De Mexico S.A. De C.V.","Oriente Cuatro No. 11 Nuevo","N/A","San Juan Del Rio","N/A","	N/A","Mexico","Voluntary: Firm initiated","Press Release","USA Nationwide","D-0081-2021","Class II","Assured Instant Hand Sanitizer Vitamin E and Aloe (Ethyl Alcohol 70% v/v), 8 fl oz/ 237 mL bottle, Distributed By: Greenbrier International, Inc. 500 Volvo Parkway, Chesapeake, VA 23320. Made in Mexico, UPC 639277928597","19,992 bottles","CGMP Deviations: Next Advanced Antibacterial Hand Sanitizer was found to be below the label claim for ethanol content and contained methanol. Other products were recalled because they were manufactured in the same facility as the product found to contain methanol.","07/30/2020","11/17/2020","N/A","11/25/2020","1931101AL"
"Drugs","No","","86162","Ongoing","Albek De Mexico S.A. De C.V.","Oriente Cuatro No. 11 Nuevo","N/A","San Juan Del Rio","N/A","	N/A","Mexico","Voluntary: Firm initiated","Press Release","USA Nationwide","D-0082-2021","Class II","NEXT ADVANCED ANTIBACTERIAL HAND SANITIZER (Ethyl Alcohol 70%), 8 FL OZ (236 ML) bottle, Made in Mexico, Distributed by: Genomma Lab USA Inc., Houston, TX 77027. UPC 6 50240 05357 3","4,598,788 bottles","CGMP Deviations: Next Advanced Antibacterial Hand Sanitizer was found to be below the label claim for ethanol content and contained methanol. Other products were recalled because they were manufactured in the same facility as the product found to contain methanol.","07/30/2020","11/17/2020","N/A","11/25/2020","Lots ending in 1001,1002, 1003, 1004, 1005."
"Drugs","No","","86167","Terminated","Laboratorios Jaloma S.A. de C.V.","Calle Aquiles Serdan No. 438","Col. Oblatos, Guadalajara","Guadalajara","N/A","	N/A","Mexico","Voluntary: Firm initiated","Press Release","Nationwide United States and Canada.","D-1555-2020","Class II","Jaloma Antiseptic Hand Sanitizer, Ethyl Alcohol 62% with Vitamin E, packaged in a) 16.9 Fl. Oz. (1.06 pint, 500 mL), NDC# 65055-600-02, UPC# 759684515033, b) 4 Fl. Oz.(120 mL), NDC# 65055-600-01, UPC# 75968455026, Laboratorios Jaloma S.A. DE C.V., Aquiles Serdan 438, Z.P. 44380, Guadalajara, Jalisco, Mexico, Made in Mexico.","211,875 bottles","cGMP deviations","07/31/2020","08/28/2020","08/23/2022","09/09/2020","Lot # a) 0005295, Exp 4/2022, 0006373, Exp 5/2022;  b 0005412, Exp 4/2022, 0007134, Exp 5/2022, 0007834, Exp 5/2022, 0009239, Exp 6/2022"
"Drugs","No","08/27/2020","86170","Terminated","PAI Holdings, LLC. dba Pharmaceutical Associates Inc","1700 Perimeter Rd","N/A","Greenville","SC","	29605-5252","United States","Voluntary: Firm initiated","Letter","Nationwide USA","D-1494-2020","Class II","Nystatin Oral Suspension, USP 100,000 units per mL, Cherry/Peppermint Flavor, 16 fl. oz. (473 mL), Rx only, Pharmaceutical Associates, Inc. Greenville, SC 29605, NDC 0121-0810-16","7416 bottles","Subpotent drug: Out of specification for assay at the 15-month test interval.","08/04/2020","08/12/2020","09/22/2021","08/19/2020","Lot: B973, Exp 11/20"
"Drugs","No","","86171","Terminated","Eosera, Inc.","5000 South Fwy Ste 106","N/A","Fort Worth","TX","	76115-3902","United States","Voluntary: Firm initiated","Letter","Nationwide within the United States","D-1498-2020","Class II","Ear Pain MD Pain Relief Drops For Kids (lidocaine HCl Monohydrate 4%) 0.5 FL OZ (15 mL) bottles, Eosera, Inc. 5000 South Freeway Fort Worth, TX 76115, NDC 72429-0070-8","45,673 bottles","cGMP Deviations.","08/04/2020","08/13/2020","09/10/2021","08/19/2020","Lots: P203093 Exp. DEC 21; P203026 Exp. JUN 21; P193084, P193044, Exp. APR 21; P193073, P193072, P193071,  P193070 Exp. FEB 21; P192050 Exp. MAY 21;  P193042 Exp. MAR 21; P193013 Exp. JAN 21; P193012 Exp. DEC 20"
"Drugs","No","","86172","Terminated","ROQUE PLAST, S.A. DE C.V.","Cerrada Adolfo Manfredi 7 C","N/A","Atizapan De Zaragoza","N/A","	N/A","Mexico","Voluntary: Firm initiated","Press Release","Distributed Nationwide in the US","D-1559-2020","Class II","Command Brands GelAnti Bac Instant Hand Sanitizer, 70% Alcohol, , 8 FL OZ 250mL bottle, Roqueplast S.A. de C.V. Cda. Adolfo Manfredi #7 Altizapan de Zaragoza CP 52958 Edo de Mexico UPC 8 52239 00689 2","311,038 bottles","CGMP Deviation: Potential contamination with undeclared methanol.","08/04/2020","08/31/2020","02/08/2022","09/09/2020","Lots: 200371-12 Exp. 12/17/2023, 200371OH-05 Exp. 12/17/2023, 170420OH-06 Exp. 04/17/2023, 170420OH-8 Exp. 12/17/2023"
"Drugs","No","","86123","Terminated","Calvin Scott & Company, Inc.","209 Eubank Blvd Ne","N/A","Albuquerque","NM","	87123-2745","United States","Voluntary: Firm initiated","E-Mail","Nationwide within the United States","D-1532-2020","Class II","Phentermine HCL Blue Speckled tablets,  37.5 mg, packaged in a) 14-count bags (NDC 10702-0025-10)  and b) 28-count bags (NDC 10702-0025-10), Rx Only, Distributed by: Calvin Scott & Co., Inc. Albuquerque, NM 87123, MFG: KVK-Tech., Inc Newtown, PA 18940.","N/A","CGMP Deviations: Light sensitive drug products repackaged in transparent/partially transparent pouches.","07/27/2020","08/20/2020","04/11/2024","08/26/2020","Lot #:   a) 19271, Exp. Date 10/20  b) 19206, 19209B, Exp. Date 08/20; 19229, Exp. Date 10/20; 19255, Exp. Date 09/20; 19271, Exp. Date 08/20; 19301, Exp. Date 10/20; 19327, Exp. Date 11/20; 19336, Exp. 12/20; 20012, Exp. Date 1/21; 20045, Exp. Date 2/21."
"Drugs","No","","86171","Terminated","Eosera, Inc.","5000 South Fwy Ste 106","N/A","Fort Worth","TX","	76115-3902","United States","Voluntary: Firm initiated","Letter","Nationwide within the United States","D-1499-2020","Class II","Ear Pain MD Pain Relief Drops with 4% Lidocaine (lidocaine HCl Monohydrate 4%) 0.5 FL OZ (15 mL) bottles, Eosera, Inc. 5000 South Freeway Fort Worth, TX 76115, NDC 72429-0072-2","125,874 bottles","cGMP Deviations.","08/04/2020","08/13/2020","09/10/2021","08/19/2020","Lot #: P203076, P203075 Exp. NOV 21; P203061, P203057 Exp. AUG 21; P203047, P203044, P203040, JUL 21; P203033, P203030, P203016, P203015,  P203002, P203001, P193053 Exp. JUN 21; P203024, P193097 Exp. MAY 21; P203017 Exp. JUL 20; P193091, P193089,  P193088, P193087 Exp. APR 21; P193068, P193067 Exp. FEB 21; P193064, P193063, P193062, P193059, P193014 Exp. JAN 21; P193057, P193056, P193055, P193011, P193010,  P193009,  P193008,  P193007, P193006, P192005, P193003, P193002, P193001, Exp. DEC 20; P183018, P183017 Exp. SEP 20"
"Drugs","No","","86171","Terminated","Eosera, Inc.","5000 South Fwy Ste 106","N/A","Fort Worth","TX","	76115-3902","United States","Voluntary: Firm initiated","Letter","Nationwide within the United States","D-1500-2020","Class II","Ear Itch MD Anti-Itch Spray (pramoxine HCL 1%) 0.5 FL OZ (15 mL) bottles, Eosera, Inc. 5000 South Freeway Fort Worth, TX 76115, NDC 72429-0071-5, UPC 851722007125","43,424 bottles","cGMP Deviations.","08/04/2020","08/13/2020","09/10/2021","08/19/2020","Lot #: F203071 Exp. SEP 21; F203059 Exp. OCT 21; F193095, F193094 Exp. MAY 21; F193093 Exp. APR 21; F193082 Exp. MAR 21; F193069 Exp. FEB 21; F193061 Exp. JAN 21; F193058, F193054 Exp. DEC 20; F193032,  F193030, F193029, F193028, F193027, F193026, F193025, F193024 Exp. AUG 20"
"Drugs","No","","86171","Terminated","Eosera, Inc.","5000 South Fwy Ste 106","N/A","Fort Worth","TX","	76115-3902","United States","Voluntary: Firm initiated","Letter","Nationwide within the United States","D-1501-2020","Class II","Day & Night Pack Ear Itch MD Anti-Itch Spray (pramoxine HCL 1%), 0.5 FL OZ (15 mL) bottles/Ear Itch MD Nighttime Intensive Soothing Spray (pramoxine HCL 1%), 0.5 FL OZ (15 mL) bottles, Eosera, Inc. 5000 South Freeway Fort Worth, TX 76115, NDC 72429-0071-5","15229 bottles","cGMP Deviations.","08/04/2020","08/13/2020","09/10/2021","08/19/2020","Lot #: TP203073 Exp. SEP 21; TP203055 Exp. OCT 21; TP203012, TP203009, TP203006 Exp. JUN 21"
"Drugs","No","","86182","Terminated","Leiper's Fork Distillery","3381 Southall Rd","N/A","Franklin","TN","	37064-9264","United States","Voluntary: Firm initiated","Telephone","TN","D-1561-2020","Class II","Leiper's Fork Distillery, Alcohol Antiseptic Topical Solution, Ethyl Alcohol 70%, packaged as a) 16 fluid oz./473.18 mL, bottle. b) 5 gallon vacuum sealed bucket. Leiper's Fork Distillery","1996 gallons","Labeling Not Elsewhere Classified: Product labeled to contain methanol.","08/03/2020","09/03/2020","02/22/2022","09/09/2020","All Lots"
"Drugs","No","","86190","Terminated","Aurobindo Pharma USA Inc.","279 Princeton Hightstown Rd","N/A","East Windsor","NJ","	08520-1401","United States","Voluntary: Firm initiated","Letter","Nationwide in the U.S.","D-1535-2020","Class II","Sulfamethoxazole and Trimethoprim Tablets, USP, 800 mg/160 mg Double Strength, 500 Tablets per bottle, Rx Only, Distributed by: Aurobindo Pharma USA, Inc. 279 Princeton-Hightstown Road, East Windsor, NJ 08520, Made in India, NDC: 65862-420-05.  ","5748 bottles","Presence of Foreign Substance: product complaints were received by the firm for the presence of metal wire in the tablet(s).","08/10/2020","08/21/2020","06/28/2024","09/02/2020","Lot #s: STSD19109-A, Exp. 05/31/2022; SP1D19083AA3, SP1D19084AA3, Exp. 08/31/2022."
"Drugs","No","08/26/2020","86191","Terminated","Hetero Labs Limited (Unit V)","458 Surv No 439 - 441","Polepally Village","Badepalle","N/A","	N/A","India","Voluntary: Firm initiated","Letter","Product was distributed to major wholesalers/distributors throughout the United States.","D-1545-2020","Class II","Losartan Potassium Tablets USP, 50 mg, 90 count bottles, Rx only, Manufactured for: Camber Pharmaceuticals, Inc., Piscataway, NJ by Hetero Labs, Limited, Mahabubragar, India","43,512 bottles","Failed Tablet/Capsule Specification; complaint of bulging tablet","08/06/2020","08/26/2020","01/24/2022","09/02/2020","Batch # LOA19357A, exp. date 09/2021"
"Drugs","No","","86194","Terminated","SCA Pharmaceuticals","755 Rainbow Rd Ste B","N/A","Windsor","CT","	06095-1024","United States","Voluntary: Firm initiated","Letter","Product was distributed nationwide within the United States.","D-1495-2020","Class II","Heparin Sodium 5,000 units in 0.9% Sodium Chloride 1000 mL bag (5 units/mL), Rx only, SCA Pharmaceuticals 755 Rainbow Rd. Windsor, CT 06095, NDC 70004-0650-46","3,932 bags","Subpotent Drug: Out-of-Specification potency results at the 30-day stability timepoint.","07/29/2020","08/12/2020","03/17/2021","08/19/2020","Lot #: 1220018755, Exp. Date    7/30/2020; 1220018861, 1220018850, Exp. Date 8/4/2020; 1220018899, Exp. Date 8/5/2020; 1220019027, Exp. Date 8/11/2020; 1220019075, Exp. Date 8/12/2020; 1220019243, Exp. Date 8/20/2020; 1220019439, 1220019279, 1220019392, Exp. Date 8/24/2020; 1220019488, Exp. Date  8/26/2020"
"Drugs","No","","86197","Terminated","Santa Cruz Biotechnology, Inc","10410 Finnell St","N/A","Dallas","TX","	75220-2443","United States","Voluntary: Firm initiated","Letter","U.S.A. Nationwide","D-1557-2020","Class II","UltraCruz Hand Sanitizing Gel Antimicrobial (70% Isopropyl Alcohol), packaged in 3 Fluid Oz./89 mL bottes, Manufactured By Santa Cruz Biotechnology, Inc. 10410 Finnell St. Dallas, TX 75220","14,238 bottles","Subpotent drug","08/07/2020","08/28/2020","06/14/2021","09/09/2020","Lot#:  BF12530, Exp 05/11/2022"
"Drugs","No","","86202","Terminated","Par Pharmaceutical Inc.","1 Ram Ridge Rd","N/A","Chestnut Ridge","NY","	10977-6714","United States","Voluntary: Firm initiated","Letter","Product was distributed to 9 major distributors throughout the United States.","D-1542-2020","Class II","BusPIRone Hydrochloride Tablets, USP 7.5 mg  NDC# 49884-725-01","11,347 bottles","Failed Impurity /Degradation Specifications","08/10/2020","08/25/2020","06/07/2021","09/02/2020","Lot # 32091002, exp. date May 2021"
"Drugs","No","","86219","Ongoing","Sanofi-Aventis U.S. LLC","55 Corporate Dr","N/A","Bridgewater","NJ","	08807-1265","United States","Voluntary: Firm initiated","Letter","Nationwide in the US","D-1507-2020","Class II","Elitek (rasburicase) for injection, 7.5 mg vial, Rx Only Mfd. by Sanofi - Aventis U. S. LLC Bridgewater, NJ, 08807, NDC 0024-5151-75","7451 vials","Failed Stability Specifications: Out of Specification result for enzyme activity levels noted during routine stability testing.","08/10/2020","08/17/2020","N/A","08/26/2020","Lot #: A9306, Exp 2/28/2022"
"Drugs","No","","86233","Terminated","Grato Holdings, Inc.","201 Apple Blvd","N/A","Woodbine","IA","	51579-1503","United States","Voluntary: Firm initiated","E-Mail","One direct account in UT","D-1558-2020","Class II","HGH Vitality Homeopathic, 90 tablets, NDC 43742-1299-1, Dist. by Deseret Biologicals, Inc. 469 W. Parkland Drive, Sandy, UT 84070, NDC: 43742-1299-1","850 bottles","Labeling: Error on Declared Strength","07/16/2020","08/29/2020","09/17/2022","09/09/2020","Lot P2613"
"Drugs","No","08/24/2020","86243","Terminated","Hikma Pharmaceuticals USA Inc.","2 Esterbrook Ln","N/A","Cherry Hill","NJ","	08003-4002","United States","Voluntary: Firm initiated","Letter","Nationwide in the U.S.","D-1533-2020","Class II","Buprenorphine HCl Injection, 0.3 mg/mL, 1 mL vial, For Intramuscular or Intravenous Use Only, Rx Only, Manufactured by: Hikma Farmaceutica, Portugal S.A., Distributed by: Hikma Pharmaceuticals, Eatontown, NJ 07724, USA Inc., NDC: 0143-9246-01.","97,890 vials","Sub-potent Drug: Out-of-Specification assay results found at 3 month stability testing.","08/14/2020","08/21/2020","06/10/2021","09/02/2020","Lot #s: 2005023.1, 2005024.1, 2005025.1, Exp 02/28/2021"
"Drugs","No","","86246","Terminated","Ecolab Inc","1 Ecolab Pl","N/A","Saint Paul","MN","	55102-2739","United States","Voluntary: Firm initiated","E-Mail","Nationwide within the United States","D-1539-2020","Class II","Hand Sanitizer (Alcohol 80% v/v) topical solution, 55 US GAL (208 L) EcoLab Inc 1 EcoLab Place St. Paul, MN 55102 USA, NDC 47593-624-21","305 drums","Discoloration and Presence of Foreign Substance","07/30/2020","08/24/2020","05/19/2023","09/02/2020","Lot #: BP0D3091A0, BP0D3203A0, CR0D0553A0, CR0D0571A0, CR0D0577A0, CR0D0584A0, CR0E0482A0, CR0E0490A0, CR0E0499A0, CR0E0501A0, CR0E0520A0, FO0D0358A0, FO0D0440A0, FO0D0456A0, FO0D0464A0, FO0D0480A1, FO0D0490A0, FO0D0502A1, FO0D0517A1, FO0E0044A1, FO0E0061A1, FO0E0075A1, FO0E0094A0, FO0E0111A0, FO0E0119A1, FO0E0241A1, FO0E0256A1; Exp. Date April 2021"
"Drugs","No","","86251","Terminated","Open Book Extracts","317 Lucy Garrett Rd","N/A","Roxboro","NC","	27574-9789","United States","Voluntary: Firm initiated","E-Mail","Nationwide within the United States","D-1563-2020","Class II","Always Be Clean Hand Sanitizer (73% Alcohol) 0.04 FL OZ (1.2 mL) packaged in a) Single snaps (NDC 75091-2020-1 UPC 375091202016); b) 100-count boxes (NDC 75091-2020-2 UPC 375091202023); c) 25-count boxes (NDC 75091-2020-3 UPC 375091202030)","340,000 packs","Labeling Not Elsewhere Classified: Product labeled to contain methanol","08/07/2020","09/09/2020","02/22/2022","09/16/2020","ES8-200514"
"Drugs","No","","86264","Terminated","Ultra Seal Corporation","521 Main St","N/A","New Paltz","NY","	12561-1609","United States","Voluntary: Firm initiated","Letter","Product was shipped to two distributors in IL and TX who may have further repackaged and distributed the product.","D-1512-2020","Class III","Pain Relief Maximum Strength (Acetaminophen 250 mg/aspirin 250 mg/Caffeine 65 mg) tablets, 2-tablets per packet, Manufactured for Select Corporation, Carrollton, TX 75007","4,666,355 packets","Failed Stability Specifications: Out-of-Specification (OOS) results for the Aspirin related compound Salicylic Acid was observed.","08/03/2020","08/20/2020","03/16/2021","08/26/2020","Lot #: AK8745, Exp. Date 08/20; AK9751, Exp. Date 08/2021; AK9552, Exp. Date 04/2022"
"Drugs","No","","86264","Terminated","Ultra Seal Corporation","521 Main St","N/A","New Paltz","NY","	12561-1609","United States","Voluntary: Firm initiated","Letter","Product was shipped to two distributors in IL and TX who may have further repackaged and distributed the product.","D-1513-2020","Class III","Extra Strength Headache Relief (Acetaminophen 250 mg/aspirin 250 mg/Caffeine 65 mg) tablets, 2-tablet packets, Manufactured for: Convenience Valet Glendale Heights, IL 60139,","701,735 packets","Failed Stability Specifications: Out-of-Specification (OOS) results for the Aspirin related compound Salicylic Acid was observed.","08/03/2020","08/20/2020","03/16/2021","08/26/2020","Lot #: K-8909, AK8909, Exp. Date 12/2020; AK9507, Exp. Date 03/2021;   AK9072, Exp. Date 04/2021; AK9102, AK9601, AK9679, Exp. Date 05/2021;  AK9145, K9145, Exp. Date 06/2021; AK9743, AK9830, Exp. Date 07/2021;  AK9276, Exp. Date 09/2021; AK9391, A9392, Exp. Date 12/2021; AK9505, Exp. Date 02/2022; AK9508, AK9509 Exp. Date 04/2022"
"Drugs","No","","86125","Completed","RESOURCE RECOVERY & TRADING LLC","4275 Executive Sq Ste 200","N/A","La Jolla","CA","	92037-1476","United States","Voluntary: Firm initiated","Press Release","AL, GA","D-1549-2020","Class II","HAND SANITIZER Non-sterile Solution 70% Topical Solution, packaged in 20L (5.28 Gal) plastic containers, Distributed by: Resource Recovery & Trading LLC 4275 Executive Square, Ste. 200 La Jolla, CA 92037, UPC 37710600013","115 bottles","cGMP deviations","07/27/2020","08/27/2020","N/A","09/02/2020","All lots."
"Drugs","No","","86271","Terminated","GRUPO YACANA MEXICO SAS DE CV","Avenida Alfonso Reyes 714","Fracc. Contry La Silla, Guadalupe","Guadalupe","N/A","	N/A","Mexico","Voluntary: Firm initiated","Press Release","TX","D-1590-2020","Class II","Yacana Alcohol Antiseptic 70% Topical Solution 8.5 oz (250 mL), OTC, Manufactured by: Grupo Yacana Mexico SAS de CV Ave. Alfonso reyes 714 Col. Contry La Silla, Monterrey, Nuevo Leon, Mexico Tel. +52 812473-8453,  NDC # 76592-002-04, UPC 6 03765 37699 3","55,560 bottles","cGMP Deviations","08/18/2020","09/22/2020","05/17/2023","09/30/2020","All lots"
"Drugs","No","","86283","Terminated","Strides Inc.","201 S Main St Ste 3","N/A","Lambertville","NJ","	08530-1859","United States","Voluntary: Firm initiated","Letter","nationwide","D-0001-2021","Class II","Strides Pharma Inc.Potassium Chloride Extended-Release Tablets, USP  8mEq  (600 mg) 100 Tablets Rx Only Manufactured by: Strides Pharma Science Limited Bengaluru -562106 India Distributed by: Strides Pharma Inc., East Brunswick NJ 08816     NDC 64380-860-06","11,280 bottles","Failed Dissolution Specifications","08/24/2020","10/01/2020","01/11/2022","10/07/2020","7240675A; Exp. 12/31/2021"
"Drugs","No","09/08/2020","86280","Terminated","BAYSHORE PHARMACEUTICALS","788 Morris Tpke Ste 200","N/A","Short Hills","NJ","	07078-2634","United States","Voluntary: Firm initiated","Letter","nationwide","D-1543-2020","Class II","Metformin Hydrochloride Extended-Release Tablets USP, 500 mg 1000 Tablets Rx Only Manufactured by: Beximco Pharmaceuticals, LTD. 126, Kathaldia, Tongi, Gazipur, 1711, Bangladesh  NDC 76385-128-10    ","594 bottles","CGMP Deviations","08/19/2020","08/25/2020","04/26/2021","09/02/2020","Lot #18641; Exp. 05/2021"
"Drugs","No","","86280","Terminated","BAYSHORE PHARMACEUTICALS","788 Morris Tpke Ste 200","N/A","Short Hills","NJ","	07078-2634","United States","Voluntary: Firm initiated","Letter","nationwide","D-1544-2020","Class II","Metformin Hydrochloride Extended-Release Tablets USP, 750 mg 100 Tablets Rx Only Manufactured by: Beximco Pharmaceuticals, LTD. 126, Kathaldia, Tongi, Gazipur, 1711, Bangladesh   NDC 76385-129-01   ","3984 bottles","CGMP Deviations","08/19/2020","08/25/2020","04/26/2021","09/02/2020","Lot #18657, Exp. 05/2021"
"Drugs","No","","86285","Terminated","Teva Pharmaceuticals USA","400 Interpace Pkwy","N/A","Parsippany","NJ","	07054-1120","United States","Voluntary: Firm initiated","Letter","Nationwide in the U.S. and Puerto Rico.","D-0012-2021","Class II","Cephalexin for Oral Suspension, USP 125 mg per 5 mL, For Reconstitution, For Oral Use Only, Rx Only, a) 100 mL bottle when mixed, NDC 0093-4175-73, b) 200 mL bottle when mixed, NDC 0093-4175-74, Teva Pharmaceuticals USA, Inc., North Wales, PA 19454.","103,940 bottles","CGMP deviations; there is a possibility that some bottles in these lots may have the active ingredient above and/or below specification limits.","08/24/2020","10/02/2020","12/16/2021","09/16/2020","Lot #s: a) 30309820A, Exp. 08/2020; 30310000B, 30310001B, Exp. 10/2020; 30310096A Exp. 01/2021; 30310228A, Exp. 03/2021; 30310313A, Exp. 06/2021; b) 30309861A, Exp. 08/2020; 30310335A, Exp. 06/2021."
"Drugs","No","","86285","Terminated","Teva Pharmaceuticals USA","400 Interpace Pkwy","N/A","Parsippany","NJ","	07054-1120","United States","Voluntary: Firm initiated","Letter","Nationwide in the U.S. and Puerto Rico.","D-0013-2021","Class II","Cephalexin for Oral Suspension, USP 250 mg per 5 mL, For Reconstitution, For Oral Use Only, Rx Only, a) 100 mL bottle when mixed, NDC 0093-4177-73, b) 200 mL bottle when mixed, NDC 0093-4177-74, Teva Pharmaceuticals USA, Inc., North Wales, PA 19454.","1,467,535 bottles","CGMP deviations; there is a possibility that some bottles in these lots may have the active ingredient above and/or below specification limits.","08/24/2020","10/02/2020","12/16/2021","09/16/2020","Lot #s:  a) 30309862A, 30309863A, Exp. 08/2020; 30309928A, 30309929A, Exp. 09/2020; 30310029A, 30310030A, 30310033A, 30310034A, Exp. 10/2020; 30310035A, 30310079A, 30310080A, 30310081A, Exp. 11/2020; 30310134A,   30310135A, Exp. 01/2021; 30310182A, 30310183A, 30310210A,  Exp. 02/2021; 30310211A, 30310246A, Exp. 03/2021; 30310282A, Exp. 04/2021; 30310290A, Exp. 05/2021; 30310394A, 30310395A, Exp.07/2021; 30310457A, Exp. 09/2021; 30310506A, 30310507A, Exp. 10/2021; 30310555A, 30310605A, Exp. 11/2021.  b) 30309864A, 30309865A, Exp. 08/2020; 30309930A, 30309931A, Exp. 09/2020; 30309991A, 30309992A, 30310028A, Exp.10/2020; 30310036A, 30310037A, 30310038A, Exp. 11/2020; 30310082A, 30310083A, Exp. 12/2020;   30310136A, 30310137A, Exp. 01/2021; 30310184A, 30310185A, Exp. 02/2021;  30310212A, Exp. 03/2021; 30310303A, Exp. 04/2021; 30310327A, Exp. 06/2021; 30310396A, 30310407A, Exp. 08/2021; 30310445A, Exp. 09/2021; 30310556A, Exp. 10/2021."
"Drugs","No","","86288","Terminated","Exela Pharma Sciences LLC","1245 Blowing Rock Blvd","N/A","Lenoir","NC","	28645-3618","United States","Voluntary: Firm initiated","Letter","Nationwide and Puerto Rico","D-1585-2020","Class III","Potassium Acetate Injection, USP 40 mEq/20 mL (2 mEq/mL) Single Dose Vials, Rx only,  Manufactured By: Exela Pharma Sciences, LLC. Lenoir, NC  NDC 51754-2001-4","23,775 vials","Short Fill","05/05/2020","09/14/2020","01/14/2022","09/23/2020","Lot #P0000471, Catalog #2020TS002, Exp Date: 04/2021"
"Drugs","No","","86324","Terminated","Edge Pharma, LLC","856 Hercules Dr","N/A","Colchester","VT","	05446-8014","United States","Voluntary: Firm initiated","Letter","WI","D-1562-2020","Class II","Vancomycin HCL 1.5 mg  Edge Pharma, LLC 856 Hercules Dr. Colchester, VT 05446  NDC 05446-1458-01","5 IV bags","Labeling: Label Error on Declared Strength","07/02/2020","09/07/2020","06/07/2023","09/16/2020","Lot # 06-2020-04@2   BUD 09-16-2020"
"Drugs","No","","86333","Terminated","Nanomateriales Sa De Cv","Avenida Milimex 215","Col. Milimex, Apodaca","Ciudad Apodaca","N/A","	N/A","Mexico","Voluntary: Firm initiated","Telephone","CA, NY and Mexico","D-1592-2020","Class II","Zanilast+ Gel Antiseptic Hand Sanitizer (70% Ethyl Alcohol) Packaged in a) 33.8 fl oz (1.06 qt) (1L) (NDC 69912-008-01 UPC 2 000000 531151); b) 1 gal (3.76L) (NDC 69912-008-02 UPC 2 000000 531144) bottles, Distributed by Fujimura Trading S.A. DE C.V. Juventino Rosas 1902, Col. Caracol, 64810, Monterrey, N.L., Mexico Nanomateriales S.A. DE C.V.","a)19,440 liters  b) 25,917 gallon","GMP Deviations: Potential to contain 1-propanol.","08/18/2020","09/23/2020","07/05/2024","09/30/2020","All lots"
"Drugs","No","09/24/2020","86343","Terminated","RLC Labs Inc.","1850 E Riverview Dr","N/A","Phoenix","AZ","	85034-6703","United States","Voluntary: Firm initiated","E-Mail","Nationwide in the United States","D-1596-2020","Class II","Nature-Throid, Thyroid USP [liothyronine (T3) 9 mcg and levothyroxine (T4) 38 mcg], 1 Grain (65 mg) Tablets, packaged in a) 30-count bottles, NDC 64727-3300-4; b) 60-count bottles, NDC 64727-3300-5; c) 90-count bottles, NDC 64727-3300-6; d) 100-count bottles, NDC 64727-3300-1; and e) 1,000-count bottles, NDC 64727-3300-2; Rx only, Manufactured by: RLC Labs Phoenix, AZ 85034.","N/A","CGMP Deviations: manufactured under the same conditions as those found to be subpotent.","08/25/2020","09/24/2020","11/08/2023","09/23/2020","All lots with expiry between 10/2020-07/2023"
"Drugs","No","","86271","Terminated","GRUPO YACANA MEXICO SAS DE CV","Avenida Alfonso Reyes 714","Fracc. Contry La Silla, Guadalupe","Guadalupe","N/A","	N/A","Mexico","Voluntary: Firm initiated","Press Release","TX","D-1591-2020","Class II","Yacana Alcohol Antiseptic 70% Topical Solution 8.5 oz (250 mL), OTC, Manufactured by: Greensys of North America LLC. 5001 W Military Hwy Ste 100 McAllen, TX USA 78503, NDC# 76562-000-85, UPC 6 64213 64350 0","43,728 bottles","cGMP Deviations","08/18/2020","09/22/2020","05/17/2023","09/30/2020","All lots"
"Drugs","No","","86361","Terminated","Akorn, Inc.","1925 W Field Ct Ste 300","N/A","Lake Forest","IL","	60045-4862","United States","Voluntary: Firm initiated","Letter","Nationwide in CA, IN, VA, NJ, NY, RI, FL, TX, MO, PA, MI, AL, TN, SC","D-1628-2020","Class II","Eye Itch Relief, Ketotifen Fumarate Ophthalmic Solution 0.035%, Sterile, 5 mL, Distributed by CVS Pharmacy, Inc. Woonsocket, RI 02895, NDC 59779-920-01","25,843 bottles","CGMP Deviations","09/03/2020","09/30/2020","08/01/2022","10/07/2020","Lot 8A11A exp 12/20"
"Drugs","No","","86251","Terminated","Open Book Extracts","317 Lucy Garrett Rd","N/A","Roxboro","NC","	27574-9789","United States","Voluntary: Firm initiated","E-Mail","Nationwide within the United States","D-1564-2020","Class II","Just Hand Sanitizer (Ethyl Alcohol 73%) Single Use-Packs 100-count NDC 78065-2020-2 UPC 703123998598 (Single packs NDC 78065-2020-1 UPC 703123998659) Distributed by: Just Hand Sanitizer","2880 boxes","Labeling Not Elsewhere Classified: Product labeled to contain methanol","08/07/2020","09/09/2020","02/22/2022","09/16/2020","Lot: ES9-200610"
"Drugs","No","09/24/2020","86343","Terminated","RLC Labs Inc.","1850 E Riverview Dr","N/A","Phoenix","AZ","	85034-6703","United States","Voluntary: Firm initiated","E-Mail","Nationwide in the United States","D-1597-2020","Class II","Nature-Throid, Thyroid USP [liothyronine (T3) 6.75 mcg and levothyroxine (T4) 28.5 mcg], 3/4 Grain (48.75 mg) Tablets, packaged in a) 30-count bottles, NDC 64727-3302-4; b) 60-count bottles, NDC 64727-3302-5; c) 90-count bottles, NDC 64727-3302-6; d) 100-count bottles, NDC 64727-3302-1; and e) 1,000-count bottles, NDC 64727-3302-2; Rx Only, Manufactured by: RLC Labs Phoenix, AZ 85034.","N/A","CGMP Deviations: manufactured under the same conditions as those found to be subpotent.","08/25/2020","09/24/2020","11/08/2023","09/23/2020","All lots with expiry between 10/2020-07/2023"
"Drugs","No","10/02/2020","86285","Terminated","Teva Pharmaceuticals USA","400 Interpace Pkwy","N/A","Parsippany","NJ","	07054-1120","United States","Voluntary: Firm initiated","Letter","Nationwide in the U.S. and Puerto Rico.","D-1566-2020","Class II","Cephalexin for Oral Suspension, USP 250 mg per 5 mL, For Reconstitution, For Oral Use Only, Rx Only, 100 mL bottle when mixed, Teva Pharmaceuticals USA, Inc., North Wales, PA 19454, NDC 0093-4177-73.","38,487 bottles","Sub-Potent Drug: Out of specification test results for potency (below specification).","08/24/2020","10/02/2020","12/16/2021","09/16/2020","Lot #: 30310638A, Exp. 02/2022"
"Drugs","No","09/24/2020","86343","Terminated","RLC Labs Inc.","1850 E Riverview Dr","N/A","Phoenix","AZ","	85034-6703","United States","Voluntary: Firm initiated","E-Mail","Nationwide in the United States","D-1598-2020","Class II","Nature-Throid, Thyroid USP [liothyronine (T3) 4.5 mcg and levothyroxine (T4) 19 mcg], 1/2 Grain (32.5 mg) Tablets, packaged in a) 30-count bottles, NDC 64727-3299-4; b) 60-count bottles, NDC 64727-3299-5; c) 90-count bottles, NDC 64727-3299-6; d) 100-count bottles, NDC 64727-3299-1; and e) 1000-count bottles, NDC 64727-3299-2; Rx only, Manufactured by: RLC Labs Phoenix, AZ 85034.","N/A","CGMP Deviations: manufactured under the same conditions as those found to be subpotent.","08/25/2020","09/24/2020","11/08/2023","09/23/2020","All lots with expiry between 10/2020-07/2023"
"Drugs","No","09/24/2020","86343","Terminated","RLC Labs Inc.","1850 E Riverview Dr","N/A","Phoenix","AZ","	85034-6703","United States","Voluntary: Firm initiated","E-Mail","Nationwide in the United States","D-1599-2020","Class II","Nature-Throid, Thyroid USP [liothyronine (T3) 11.25 mcg and levothyroxine (T4) 47.5 mcg],  1.25 Grain (81.25 mg) Tablets, packaged in a) 30-count bottles, NDC 64727-3303-4; b) 60-count bottles, NDC 64727-3303-5; c) 90-count bottles, NDC 64727-3303-6; d) 100-count bottles, NDC 64727-3303-1; e) 1,000-count bottles, NDC 64727-3303-2; Rx only, Manufactured by: RLC Labs Phoenix, AZ 85034.","N/A","CGMP Deviations: manufactured under the same conditions as those found to be subpotent.","08/25/2020","09/24/2020","11/08/2023","09/23/2020","All lots with expiry between10/2020-07/2023"
"Drugs","No","09/24/2020","86343","Terminated","RLC Labs Inc.","1850 E Riverview Dr","N/A","Phoenix","AZ","	85034-6703","United States","Voluntary: Firm initiated","E-Mail","Nationwide in the United States","D-1600-2020","Class II","Nature-Throid, Thyroid USP [liothyronine (T3) 13.5 mcg and levothyroxine (T4) 57 mcg], 1.5 Grain (97.5 mg) Tablets, packaged in a) 30-count bottles, NDC 64727-3305-4; b) 60-count bottles, NDC 64727-3305-5; c) 90-count bottles, NDC 64727-3305-6; d) 100-count bottles,  NDC 64727-3305-1; and e) 1,000-count bottles, NDC 64727-3305-2; Rx only, Manufactured by: RLC Labs Phoenix, AZ 85034.","N/A","CGMP Deviations: manufactured under the same conditions as those found to be subpotent.","08/25/2020","09/24/2020","11/08/2023","09/23/2020","All lots with expiry between 10/2020-07/2023"
"Drugs","No","","86379","Terminated","Teva Pharmaceuticals USA","400 Interpace Pkwy","N/A","Parsippany","NJ","	07054-1120","United States","Voluntary: Firm initiated","Letter","Nationwide in the U.S. and PR","D-0003-2021","Class II","Buprenorphine Transdermal System 5 mcg/hour, 4 transdermal systems/4 disposal units per carton, Rx Only, Manufactured by: 3M Drug Delivery Systems, 19901 Nordhoff street, Northridge, CA 91324 USA, Manufactured for: Teva Pharmaceuticals USA Inc., North Wales, PA 19454, carton NDC: 0093-3656-40, patch NDC: 0093-3656-21.","32,543 cartons","Failed Stability Specifications: Below specification result for buprenorphine release rate.","09/04/2020","10/01/2020","08/26/2021","10/07/2020","Lot # 190017, exp. 02/2021; 190161, exp. 08/2021"
"Drugs","No","09/24/2020","86343","Terminated","RLC Labs Inc.","1850 E Riverview Dr","N/A","Phoenix","AZ","	85034-6703","United States","Voluntary: Firm initiated","E-Mail","Nationwide in the United States","D-1601-2020","Class II","Nature-Throid, Thyroid USP [liothyronine (T3) 15.75 mcg and levothyroxine (T4) 66.5 mcg], 1.75 Grain (113.75 mg) Tablets, packaged in a) 30-count bottles, NDC 64727-3307-4; b) 60-count bottles, NDC 64727-3307-5; c) 90-count bottles,  NDC 64727-3307-6; d) 100-count bottles, NDC 64727-3307-1; and e) 1,000-count bottles, NDC 64727-3307-2; Rx only, Manufactured by: RLC Labs Phoenix, AZ 85034.","N/A","CGMP Deviations: manufactured under the same conditions as those found to be subpotent.","08/25/2020","09/24/2020","11/08/2023","09/23/2020","All lots with expiry between 10/2020-07/2023"
"Drugs","No","09/24/2020","86343","Terminated","RLC Labs Inc.","1850 E Riverview Dr","N/A","Phoenix","AZ","	85034-6703","United States","Voluntary: Firm initiated","E-Mail","Nationwide in the United States","D-1602-2020","Class II","Nature-Throid, Thyroid USP [liothyronine (T3) 18 mcg and levothyroxine (T4) 76 mcg], 2 Grain (130 mg) Tablets, packaged in a) 30-count bottles, NDC 64727-3308-4; b) 60-count bottles, NDC 64727-3308-5; c) 90-count bottles, NDC 64727-3308-6; d) 100-count bottles, NDC 64727-3308-1; and e)  1,000-count bottles, NDC 64727-3308-2; Rx only, Manufactured by: RLC Labs Phoenix, AZ 85034.","N/A","CGMP Deviations: manufactured under the same conditions as those found to be subpotent.","08/25/2020","09/24/2020","11/08/2023","09/23/2020","All lots with expiry between 10/2020-07/2023"
"Drugs","No","09/24/2020","86343","Terminated","RLC Labs Inc.","1850 E Riverview Dr","N/A","Phoenix","AZ","	85034-6703","United States","Voluntary: Firm initiated","E-Mail","Nationwide in the United States","D-1603-2020","Class II","Nature-Throid, Thyroid USP [liothyronine (T3) 20.25 mcg and levothyroxine (T4) 85.5 mcg], 2.25 Grain (146.25 mg) Tablets, packaged in a) 30-count bottles, NDC 64727-3309-4; b) 60-count bottles, NDC 64727-3309-5; c) 90-count bottles, NDC 64727-3309-6; d) 100-count bottles, NDC 64727-3309-1; and e) 1,000-count bottles, NDC 64727-3309-2; Rx only, Manufactured by: RLC Labs Phoenix, AZ 85034.","N/A","CGMP Deviations: manufactured under the same conditions as those found to be subpotent.","08/25/2020","09/24/2020","11/08/2023","09/23/2020","All lots with expiry between 10/2020-07/2023"
"Drugs","No","09/24/2020","86343","Terminated","RLC Labs Inc.","1850 E Riverview Dr","N/A","Phoenix","AZ","	85034-6703","United States","Voluntary: Firm initiated","E-Mail","Nationwide in the United States","D-1604-2020","Class II","Nature-Throid, Thyroid USP [liothyronine (T3) 22.5 mcg and levothyroxine (T4) 95 mcg], 2.5 Grain (162.5 mg) Tablets, packaged in a) 30-count bottles, NDC 64727-3310-4; b) 60-count bottles, NDC 64727-3310-5; c) 90-count bottles, NDC 64727-3310-6; d) 100-count bottles, NDC 64727-3310-1; and e) 1,000-count bottles, NDC 64727-3310-2; Rx only, Manufactured by: RLC Labs Phoenix, AZ 85034.","N/A","CGMP Deviations: manufactured under the same conditions as those found to be subpotent.","08/25/2020","09/24/2020","11/08/2023","09/23/2020","All lots with expiry between 10/2020-07/2023"
"Drugs","No","09/24/2020","86343","Terminated","RLC Labs Inc.","1850 E Riverview Dr","N/A","Phoenix","AZ","	85034-6703","United States","Voluntary: Firm initiated","E-Mail","Nationwide in the United States","D-1605-2020","Class II","Nature-Throid, Thyroid USP [liothyronine (T3) 27 mcg and levothyroxine (T4) 114 mcg], 3 Grain (195 mg) Tablets, packaged in a) 30-count bottles,  NDC 64727-3312-4; b) 60-count bottles, NDC 64727-3312-5; c) 90-count bottles, NDC 64727-3312-6; d) 100-count bottles, NDC 64727-3312-1; and e) 1,000-count bottles, NDC 64727-3312-2; Rx only,  Manufactured by: RLC Labs Phoenix, AZ 85034.","N/A","CGMP Deviations: manufactured under the same conditions as those found to be subpotent.","08/25/2020","09/24/2020","11/08/2023","09/23/2020","All lots with expiry between 10/2020-07/2023"
"Drugs","No","09/24/2020","86343","Terminated","RLC Labs Inc.","1850 E Riverview Dr","N/A","Phoenix","AZ","	85034-6703","United States","Voluntary: Firm initiated","E-Mail","Nationwide in the United States","D-1606-2020","Class II","WP Thyroid, Westhroid Pure, Thyroid USP, [liothyronine (T3) 2.25 mcg and levothyroxine (T4) 9.5 mcg], 1/4 Grain (16.25 mg) Tablets, packaged in a) 30-count bottles, NDC 64727-5450-4; b) 60-count bottles, NDC 64727-5450-5; c) 90-count bottles, NDC 64727-5450-6; d) 100-count bottles, NDC 64727-5450-1; and e) 1,000-count bottles, NDC 64727-5450-2; Rx only, Manufactured by: RLC Labs Phoenix, AZ 85034.","N/A","CGMP Deviations: manufactured under the same conditions as those found to be subpotent.","08/25/2020","09/24/2020","11/08/2023","09/23/2020","All lots with expiry between 10/2020-07/2023"
"Drugs","No","09/24/2020","86343","Terminated","RLC Labs Inc.","1850 E Riverview Dr","N/A","Phoenix","AZ","	85034-6703","United States","Voluntary: Firm initiated","E-Mail","Nationwide in the United States","D-1607-2020","Class II","WP Thyroid, Westhroid Pure, 1/2 Grain (32.5 mg) Thyroid USP packaged in a) 1,000 Tablets, NDC 64727-5550-2 ; b) 30 Tablets, NDC 64727-5550-4; c) 60 Tablets, NDC 64727-5550-5; d) 90 Tablets, NDC 64727-5550-6; e) 100 Tablets, NDC 64727-5550-1; Rx only, Manufactured by: RLC Labs Phoenix, AZ 85034","N/A","CGMP Deviations: manufactured under the same conditions as those found to be subpotent.","08/25/2020","09/24/2020","11/08/2023","09/23/2020","All lots with expiry between 10/2020-07/2023"
"Drugs","No","09/24/2020","86343","Terminated","RLC Labs Inc.","1850 E Riverview Dr","N/A","Phoenix","AZ","	85034-6703","United States","Voluntary: Firm initiated","E-Mail","Nationwide in the United States","D-1608-2020","Class II","WP Thyroid, Westhroid Pure, 3/4 Grain (48.75 mg) Thyroid USP, packaged in a) 1,000 Tablets, NDC 64727-5650-2 ; b) 30 Tablets, NDC  64727-5650-4; c) 60 Tablets, NDC 64727-5650-5; d) 90 Tablets, NDC 64727-5650-6; e) 100 Tablets, NDC 64727-5650-1; Rx only, Manufactured by: RLC Labs Phoenix, AZ 85034","N/A","CGMP Deviations: manufactured under the same conditions as those found to be subpotent.","08/25/2020","09/24/2020","11/08/2023","09/23/2020","All lots with expiry between 10/2020-07/2023"
"Drugs","No","09/24/2020","86343","Terminated","RLC Labs Inc.","1850 E Riverview Dr","N/A","Phoenix","AZ","	85034-6703","United States","Voluntary: Firm initiated","E-Mail","Nationwide in the United States","D-1609-2020","Class II","WP Thyroid, Westhroid Pure, 1 Grain (65 mg) Thyroid USP, packaged in a) 1,000 Tablets, NDC 64727-5750-2 ; b) 30 Tablets, NDC 64727-5750-4; c) 60 Tablets, NDC 64727-5750-5; d) 90 Tablets, NDC 64727-5750-6; e) 100 Tablets, NDC 64727-5750-1; Rx only, Manufactured by: RLC Labs Phoenix, AZ 85034","N/A","CGMP Deviations: manufactured under the same conditions as those found to be subpotent.","08/25/2020","09/24/2020","11/08/2023","09/23/2020","All lots with expiry between 10/2020-07/2023"
"Drugs","No","09/24/2020","86343","Terminated","RLC Labs Inc.","1850 E Riverview Dr","N/A","Phoenix","AZ","	85034-6703","United States","Voluntary: Firm initiated","E-Mail","Nationwide in the United States","D-1610-2020","Class II","WP Thyroid, Westhroid Pure, 1.25 Grain (81.25 mg) Thyroid USP packaged in a) 1,000 Tablets, NDC 64727-6050-2 ; b) 30 Tablets, NDC 64727-6050-4; c) 60 Tablets, NDC 64727-6050-5; d) 90 Tablets, NDC 64727-6050-6; e) 100 Tablets, NDC 64727-6050-1; Rx only, Manufactured by: RLC Labs Phoenix, AZ 85034","N/A","CGMP Deviations: manufactured under the same conditions as those found to be subpotent.","08/25/2020","09/24/2020","11/08/2023","09/23/2020","All lots with expiry between 10/2020-07/2023"
"Drugs","No","09/24/2020","86343","Terminated","RLC Labs Inc.","1850 E Riverview Dr","N/A","Phoenix","AZ","	85034-6703","United States","Voluntary: Firm initiated","E-Mail","Nationwide in the United States","D-1611-2020","Class II","WP Thyroid, Westhroid Pure, 1.5 Grain (97.5 mg) Thyroid USP packaged in a) 1,000 Tablets, NDC 64727-5850-2 ; b) 30 Tablets, NDC  64727-5850-4; c) 60 Tablets, NDC 64727-5850-5; d) 90 Tablets, NDC 64727-5850-6; e) 100 Tablets, NDC  64727-5850-1; Rx only, Manufactured by: RLC Labs Phoenix, AZ 85034","N/A","CGMP Deviations: manufactured under the same conditions as those found to be subpotent.","08/25/2020","09/24/2020","11/08/2023","09/23/2020","All lots with expiry between 10/2020-07/2023"
"Drugs","No","09/24/2020","86343","Terminated","RLC Labs Inc.","1850 E Riverview Dr","N/A","Phoenix","AZ","	85034-6703","United States","Voluntary: Firm initiated","E-Mail","Nationwide in the United States","D-1612-2020","Class II","WP Thyroid, Westhroid Pure, 1.75 Grain (113.75 mg) Thyroid USP, packaged in a) 1,000 Tablets, NDC 64727-6150-2 ; b) 30 Tablets, NDC 64727-6150-4; c) 60 Tablets, NDC 64727-6150-5; d) 90 Tablets, NDC 64727-6150-6; e) 100 Tablets, NDC 64727-6150-1; Rx only, Manufactured by: RLC Labs Phoenix, AZ 85034","N/A","CGMP Deviations: manufactured under the same conditions as those found to be subpotent.","08/25/2020","09/24/2020","11/08/2023","09/23/2020","All lots with expiry between 10/2020-07/2023"
"Drugs","No","09/24/2020","86343","Terminated","RLC Labs Inc.","1850 E Riverview Dr","N/A","Phoenix","AZ","	85034-6703","United States","Voluntary: Firm initiated","E-Mail","Nationwide in the United States","D-1613-2020","Class II","WP Thyroid, Westhroid Pure, 2 Grain (130 mg) Thyroid USP packaged in a) 1,000 Tablets, NDC 64727-5950-2 ; b) 30 Tablets, NDC 64727-5950-4; c) 60 Tablets, NDC 64727-5950-5; d) 90 Tablets, NDC 64727-5950-6; e) 100 Tablets, NDC 64727-5950-1; Rx Only, Manufactured by: RLC Labs Phoenix, AZ 85034","N/A","CGMP Deviations: manufactured under the same conditions as those found to be subpotent.","08/25/2020","09/24/2020","11/08/2023","09/23/2020","All lots with expiry between 10/2020-07/2023"
"Drugs","No","09/24/2020","86388","Terminated","AJR TRADING LLC","814 Ponce De Leon Blvd Ste 218","N/A","Coral Gables","FL","	33134-3032","United States","Voluntary: Firm initiated","Press Release","Distributed in Florida","D-1620-2020","Class II","bio aaa Alcohol en Gel Antibacterial, Alcohol al 70% Cont. Neto 480 ml bottle, Hecho en Mexico por: AAA Cosmetica S.A. DE C.V. Recursos Hidraulicos No. 1 Secc. A, Col La Loma Zona Industrial, Tlalnepantla de Baz C.P. 54060 Edo. Mexico. UPC 7 502272 12108 5","2000 bottles","CGMP Deviations: Product manufactured in a facility where methanol was found in other distributed lots of product.","09/03/2020","09/24/2020","10/04/2023","09/30/2020","Lot: 20DF8307 Exp. 04/2022"
"Drugs","No","","86392","Terminated","Arbor Pharmaceuticals Inc.","6 Concourse Pkwy Ste 1800","N/A","Atlanta","GA","	30328-5353","United States","Voluntary: Firm initiated","Letter","Nationwide within the United States","D-1625-2020","Class III","Nymalize (nimodipine) oral solution, 60 mg/20 mL, 12 Unit-Dose Cups and 12 Oral Syringes, 2 inner cartons per outer shipping carton,  Rx Only, Distributed by arbor Atlanta, GA, NDC 24338-200-12","1846 cartons","Subpotent Drug","09/16/2020","09/28/2020","02/22/2022","10/07/2020","Lot #: 356884 Exp. 11/30/2021"
"Drugs","No","","86394","Terminated","Preferred Pharmaceuticals, Inc.","1250 N Lakeview Ave Ste O","N/A","Anaheim","CA","	92807-1801","United States","Voluntary: Firm initiated","Letter","Repackaged tablets sold to three physicians located in CA and GA.","D-1621-2020","Class II","Nature-Throid, 1/2 Grain, 32.5 mg (Thyroid U.S.P. 1/2 gr. (32.5 mg)/Liothyronine (T3) 4.5mcg/Levothyroxine (T4) 19mch, 100-count tablets, Rx Only, Mfg: RLC Labs; Cave Creek, AZ, Preferred Pharmaceuticals, Inc. NDC 68788-9283-01","N/A","CGMP Deviations","09/02/2020","09/24/2020","04/25/2024","09/30/2020","Lot #: L2717G, Exp. Date: 12/31/2020; Lot #: B2618A, Exp. Date: 12/21/2020; Lot #: C1419P, Exp. Date: 2/28/2021"
"Drugs","No","","86394","Terminated","Preferred Pharmaceuticals, Inc.","1250 N Lakeview Ave Ste O","N/A","Anaheim","CA","	92807-1801","United States","Voluntary: Firm initiated","Letter","Repackaged tablets sold to three physicians located in CA and GA.","D-1622-2020","Class II","Nature-Throid, 3/4 Grain (48.75 mg) Thyroid U.S.P. 3/4 gr. (48.75 mg)/Liothyronine (T3) 6.75mcg/Levothyroxine (T4) 28.5mcg, 90-count tablets, Rx Only, Mfg: RLC Labs; Cave Creek, AZ, Preferred Pharmaceuticals, Inc. NDC 68788-6860-09     ","N/A","CGMP Deviations","09/02/2020","09/24/2020","04/25/2024","09/30/2020","Lot #: B2618E, Exp. Date: 2/28/2021"
"Drugs","No","","86394","Terminated","Preferred Pharmaceuticals, Inc.","1250 N Lakeview Ave Ste O","N/A","Anaheim","CA","	92807-1801","United States","Voluntary: Firm initiated","Letter","Repackaged tablets sold to three physicians located in CA and GA.","D-1623-2020","Class II","Nature-Throid, 1 Grain, 65 mg (Thyroid U.S.P. 1 gr. (65mg)/Liothyronine (T3) 9mcg/Levothyroxine (T4) 38mcg, packaged in a) 90-count bottles (NDC 68788-7604-09), b) 100-count tablets (NDC 68788-7604-01), Rx Only, Mfg: RLC Labs; Cave Creek, AZ, Preferred Pharmaceuticals, Inc.","N/A","CGMP Deviations","09/02/2020","09/24/2020","04/25/2024","09/30/2020","a) Lot #: A0220Q, Exp. Date: 10/31/2020; b) Lot #: K15171, Exp. Date: 10/31/2020"
"Drugs","No","","86394","Terminated","Preferred Pharmaceuticals, Inc.","1250 N Lakeview Ave Ste O","N/A","Anaheim","CA","	92807-1801","United States","Voluntary: Firm initiated","Letter","Repackaged tablets sold to three physicians located in CA and GA.","D-1624-2020","Class II","Nature-Throid, 1.5 Grain, (97.5 mg), (Thyroid U.S.P. 1.5 gr. (97.5mg)/Liothyronine (T3) 13.5mcg/Levothyroxine (T4) 57mcg, 90-count bottles, Rx Only, Mfg: RLC Labs; Cave Creek, AZ, Preferred Pharmaceuticals, Inc. NDC 68788-7605-09","N/A","CGMP Deviations","09/02/2020","09/24/2020","04/25/2024","09/30/2020","a) Lot #: A0220R, Exp. Date: 2/28/2021"
"Drugs","No","","86403","Terminated","P & L Developments,  LLC","200 Hicks St","N/A","Westbury","NY","	11590-3323","United States","Voluntary: Firm initiated","Letter","Recalled product was distributed to one retailer type in NY and MD who may have further distributed the product throughout the United States.","D-0004-2021","Class III","Nicotine Gum, Nicotine Polacrilex Gum USP, 2 mg (nicotine), 110-count pieces per carton, Distributed By: Rite Aid, 30 Hunter Lane, Camp Hill, PA  17011, NDC 11822-3328-3.","4,752 cartons","Labeling: Incorrect or Missing Package Insert: The package insert included in the finished product is for the Canadian market and is not part of the current approved drug labeling.","09/09/2020","10/01/2020","01/21/2022","10/07/2020","Lot # WJ04186, exp. date 01/23"
"Drugs","No","","86333","Terminated","Nanomateriales Sa De Cv","Avenida Milimex 215","Col. Milimex, Apodaca","Ciudad Apodaca","N/A","	N/A","Mexico","Voluntary: Firm initiated","Telephone","CA, NY and Mexico","D-1593-2020","Class II","Zanilast+ Gel Antiseptic Hand Sanitizer (70% Ethyl Alcohol) Packaged in 25 kg bottles,  Distributed by Fujimura Trading S.A. DE C.V. Juventino Rosas 1902, Col. Caracol, 64810, Monterrey, N.L., Mexico Nanomateriales S.A. DE C.V. NDC 69912-006-01","1,000 kg","GMP Deviations: Potential to contain 1-propanol.","08/18/2020","09/23/2020","07/05/2024","09/30/2020","All lots"
"Drugs","No","","86405","Terminated","pH-D Feminine Health","305 Williams Ave","N/A","Madison","TN","	37115-2626","United States","Voluntary: Firm initiated","E-Mail","Nationwide in the U.S.","D-1627-2020","Class II","pH-D Feminine Health Boric Acid Vaginal Suppositories, 24 vaginal suppositories per box, 600 mg each, pH-D Feminine Health, LLC Madison, TN 37115, UPC Code: 3 49597 00044 5.","a. 37,000 boxes; b. 45,000 boxes; c. 6,100 boxes","Marketed without an Approved NDA/ANDA.","09/02/2020","09/30/2020","02/25/2022","10/07/2020","Lot #: a) 2PA20021, 2PA20061; b) D-160, D-155, D-162; c) 7PA20071."
"Drugs","No","10/07/2020","86022","Terminated","4e Brands North America, Llc","17806 Ih-10 Ste 300","N/A","San Antonio","TX","	78257","United States","Voluntary: Firm initiated","Press Release","Distributed Nationwide in the USA","D-0028-2021","Class II","Modesa instant HAND SANITIZER with moisturizers & vitamin E, (70% ethyl alcohol), 33.8 FL OZ (1 L) bottle, Distributed by Greenbrier International, Inc., 500 Volvo Parkway, Chesapeake, VA 23320, Made in Mexico. UPC 0 32251 49935 7   ","17,359,247 total bottles and pumps","CGMP Deviations: recalled because it was manufactured in the same facility as the product found to contain methanol which represents poor Current Good Manufacturing Practices.","07/11/2020","10/07/2020","02/26/2024","10/07/2020","All lots within expiry"
"Drugs","No","","86409","Terminated","PAI Holdings, LLC. dba Pharmaceutical Associates Inc","1700 Perimeter Rd","N/A","Greenville","SC","	29605-5252","United States","Voluntary: Firm initiated","Letter","Nationwide.","D-0015-2021","Class III","Citalopram Oral Solution, USP 20 mg/10 mL, 10 mL unit dose cups, Rx Only, Mfg for: Pharmaceutical Associates, Inc. Greenville, SC 29605 NDC 0121-1696-40","13480 cups","Failed Impurities/Degradation Specifications; high out of specification results obtained at the 9 month stability timepoint","09/09/2020","10/05/2020","02/22/2022","10/14/2020","Lots: C1EE Exp. 04/2021, BD82 Exp. 11/2020, BD83 Exp. 11/2020, C16D Exp. 02/2021, C563 Exp. 11/2021, C574 Exp. 11/2021"
"Drugs","No","","86427","Ongoing","Genesis Partnership Company SA","Km 19.5 Carretera Al Pacifico, Bodega 28","N/A","Villa Nueva","N/A","	N/A","Guatemala","Voluntary: Firm initiated","Letter","Nationwide in the U.S.","D-0037-2021","Class II","Panagel Hand Sanitizer, 70% Alcohol,16 Fl. Oz. (472 mL) bottle, Made in Guatemala, Distributed by Central Med Distribution, 6100 Hollywood Blvd, Hollywood FL 33024, NDC 78384-001-04, UPC 378384000016.","33,480 bottles","CGMP Deviations: hand sanitizers were recalled because they were manufactured in the same facility as another hand sanitizer product with sub-potent ethanol levels.","09/11/2020","10/19/2020","N/A","10/28/2020","Lot #: 072120, Exp. 01/21/2022"
"Drugs","No","","86427","Ongoing","Genesis Partnership Company SA","Km 19.5 Carretera Al Pacifico, Bodega 28","N/A","Villa Nueva","N/A","	N/A","Guatemala","Voluntary: Firm initiated","Letter","Nationwide in the U.S.","D-0038-2021","Class II","Genesis Hand Sanitizer Gel, Topical Solution, Non Sterile Solution, 240 mL (8 FL OZ.) bottle, Manufactured by Genesis Partnership Company S.A., Guatemala, NDC 74484-002-02, UPC 7401037205773.","15,000 bottles","CGMP Deviations: hand sanitizers were recalled because they were manufactured in the same facility as another hand sanitizer product with sub-potent ethanol levels.","09/11/2020","10/19/2020","N/A","10/28/2020","Lot #: 37009, Exp. 02/10/2021"
"Drugs","No","","86427","Ongoing","Genesis Partnership Company SA","Km 19.5 Carretera Al Pacifico, Bodega 28","N/A","Villa Nueva","N/A","	N/A","Guatemala","Voluntary: Firm initiated","Letter","Nationwide in the U.S.","D-0039-2021","Class II","Genesis Hand Sanitizer Gel, Topical Solution, Non Sterile Solution, 1 gallon (3785 mL) bottle, Manufactured by Genesis Partnership Company S.A., Guatemala, NDC 74484-002-04, UPC 7401037203427.","5,040 bottles","CGMP Deviations: hand sanitizers were recalled because they were manufactured in the same facility as another hand sanitizer product with sub-potent ethanol levels.","09/11/2020","10/19/2020","N/A","10/28/2020","Lot #: 37009, Exp. 02/10/2021"
"Drugs","No","","86427","Ongoing","Genesis Partnership Company SA","Km 19.5 Carretera Al Pacifico, Bodega 28","N/A","Villa Nueva","N/A","	N/A","Guatemala","Voluntary: Firm initiated","Letter","Nationwide in the U.S.","D-0040-2021","Class II","Killz Germz Hand Sanitizer, Alcohol Gel, 450 mL (15 fl oz.) bottle, Manufactured by Genesis Partnership Company S.A., Guatemala, For: Killz Germz, LLC., 1912 R street NW, Washington DC, 20009, NDC 74625-003-04, UPC 7401037203250.","5,320 bottles","Sub-Potent Drug; Killz GERMz was recalled due to sub-potent results. Testing revealed ethanol levels as low as 62% while labelled claim is 70%.","09/11/2020","10/19/2020","N/A","10/28/2020","Lot #s: 36748, 36818, 36697, Exp. 10/15/21 and 11/8/21"
"Drugs","No","","86427","Ongoing","Genesis Partnership Company SA","Km 19.5 Carretera Al Pacifico, Bodega 28","N/A","Villa Nueva","N/A","	N/A","Guatemala","Voluntary: Firm initiated","Letter","Nationwide in the U.S.","D-0041-2021","Class II","Killz Germz Hand Sanitizer, Alcohol Gel, 1 Gallon (128 fl. oz.) bottle, Manufactured by Genesis Partnership Company S.A., Guatemala, For: Killz Germz, LLC., 1912 R street NW, Washington DC 20009, NDC 74625-003-05, UPC 7401037203427.","8600 bottles","Sub-Potent Drug; Killz GERMz was recalled due to sub-potent results. Testing revealed ethanol levels as low as 62% while labelled claim is 70%.","09/11/2020","10/19/2020","N/A","10/28/2020","Lot #s: 36748, 36818, 36697, Exp. 10/15/21 and 11/8/21"
"Drugs","No","","86429","Terminated","Perrigo Company PLC","515 Eastern Ave","N/A","Allegan","MI","	49010-9070","United States","Voluntary: Firm initiated","Letter","Nationwide in the U.S.","D-1594-2020","Class II","Albuterol Sulfate Inhalation Aerosol, 90 mcg per actuation, 200 metered inhalations, Manufactured by: Catalent Pharma Solutions, 160 N Pharma Drive, Morrisville, NC 27560, Distributed by: Perrigo, Allegan, MI 49010 NDC 45802-088-01","7,775,813 metered dose inhalers","Defective Delivery System: Sustained trend of failure to dispense complaints.","09/16/2020","09/23/2020","05/22/2023","09/30/2020","18MC-052, 18MC-055, 18MC-056, 18MC-057, 18MC-058, 18MC-060, EXP 09/2020; 18MC-061, 18MC-062, 18MC-064, 18MC-065, 18MC-066, 18MC-068, 18MC-069, 18MC-070, 18MC-071, 18MC-072, 18MC-073, 18MC-074 EXP 10/2020; 18MC-075, 18MC-076, 18MC-077, 18MC-078, 18MC-079, 18MC-080, 18MC-081, 18MC-082, 18MC-083, 18MC-084, 18MC-085 EXP 11/2020; 18MC-095, 18MC-096, 18MC-097, 18MC-098, 18MC-099 EXP 12/2020; 19MC-001, 19MC-002, 19MC-003, 19MC-004 EXP 1/2021; 19MC-005, 19MC-006, 19MC-007, 19MC-008, 19MC-009, 19MC-010, 19MC-011, 19MC-012, 19MC-013, 19MC-014, 19MC-015 EXP 2/2021; 19MC-020, 19MC-041, 19MC-042, 19MC-043, 19MC-044, 19MC-045 EXP 4/2021; 19MC-046, 19MC-047, 19MC-048, 19MC-049, 19MC-050, 19MC-051, 19MC-052 EXP 5/2021; 19MC-053, 19MC-054, 19MC-055, 19MC-056, 19MC-057, 19MC-059, 19MC-060 EXP 6/2021; 19MC-061, 19MC-062, 19MC-063, 19MC-064, 19MC-065, 19MC-066, 19MC-067, 19MC-068, 19MC-069, 19MC-070, 19MC-083, 19MC-084, 19MC-085 EXP 7/2021; 19MC-087, 19MC-088, 19MC-090, 19MC-091, 19MC-092, 19MC-093, 19MC-094, 19MC-095, 19MC-096, 19MC-097, 19MC-098, 19MC-099 EXP 8/2021; 19MC-101, 19MC-102, 19MC-103, 19MC-104, 19MC-107, 19MC-108, 19MC-109, 19MC-110, 19MC-112, 19MC-113 EXP 9/2021; 20MC-014, 20MC-015, 20MC-016, 20MC-017, 20MC-020, 20MC-021, 20MC-072 EXP 3/2022; 20MC-022, 20MC-023, 20MC-024, 20MC-029, 20MC-030, 20MC-032, 20MC-034, 20MC-035, 20MC-036, 20MC-037, 20MC-038, 20MC-039, 20MC-040, 20MC-041, 20MC-042, 20MC-043, 20MC-044 EXP 4/2022; 20MC-045, 20MC-046, 20MC-047, 20MC-048, 20MC-049, 20MC-050, 20MC-051, 20MC-052, 20MC-053, 20MC-054, 20MC-061, 20MC-062, 20MC-063, 20MC-064, 20MC-065, 20MC-066, 20MC-067, 20MC-068 EXP 5/2022; 20MC-069, 20MC-070, 20MC-078, 20MC-079, 20MC-080, 20MC-081, 20MC-083, 20MC-084 EXP 6/2022"
"Drugs","No","","86442","Terminated","Calvin Scott & Company, Inc.","209 Eubank Blvd Ne","N/A","Albuquerque","NM","	87123-2745","United States","Voluntary: Firm initiated","Letter","Repacked drug products distributed to 12 physician consignees located in the following states: CA, ID, IL,OK, RI","D-0009-2021","Class II","Diethylpropion, 25 mg tablets, Rx only, Distributed by: Calvin Scott & Co. Inc. Albuquerque, NM 87123; MFG. Lannett Company, Philadelphia, PA 19136, NDC 00527-1475-01","N/A","cMGP Deviations: Drug products repackaged into pouches without supporting stability studies.","09/16/2020","10/02/2020","04/22/2024","10/14/2020","Lot #: CS19311, CS19337, Exp 12/20; CS20018B, CS20019, CS20037, CS20075, CS20076, CS20112, CS20169, Exp 8/21; CS20168, Exp 12/21; CS20199, Exp 5/22; CS20243, Exp 7/22"
"Drugs","No","","86442","Terminated","Calvin Scott & Company, Inc.","209 Eubank Blvd Ne","N/A","Albuquerque","NM","	87123-2745","United States","Voluntary: Firm initiated","Letter","Repacked drug products distributed to 12 physician consignees located in the following states: CA, ID, IL,OK, RI","D-0010-2021","Class II","Diethylpropion, 75 mg tablets, Rx only, Distributed by: Calvin Scott & Co. Inc. Albuquerque, NM 87123; MFG. Lannett Company, Philadelphia, PA 19136, NDC 00527-1477-01","N/A","cMGP Deviations: Drug products repackaged into pouches without supporting stability studies.","09/16/2020","10/02/2020","04/22/2024","10/14/2020","Lot #: CS19192, CS19226, CS19263, Exp 10/20; CS19300, Exp 7/21; CS19338, Exp 8/21; CS20034, Exp 10/21; CS20077, Exp 1/22, CS20165, CS20241, Exp 4/22"
"Drugs","No","","86464","Terminated","SUN PHARMACEUTICAL INDUSTRIES INC","2 Independence Way","N/A","Princeton","NJ","	08540-6620","United States","Voluntary: Firm initiated","Press Release","Nationwide","D-0002-2021","Class II","RIOMET ER (metformin hydrochloride for extended-release oral suspension), 500 mg per 5 mL 16 oz. For Oral Use Only Rx Only Manufactured by: Sun Pharmaceuticals Industries Limited Mohali, India Distributed by: Sun Pharmaceuticals Industries, Inc. Cranbury, NJ 08512 NDC 10631-019-17","747 bottles","CGMP Deviations: Detection of N-nitrosodimethylamine (NDMA) impurity in finished drug product.","09/23/2020","10/01/2020","11/03/2021","10/07/2020","Lot #: AB06381; Exp 10/2021"
"Drugs","No","","86471","Terminated","Legacy Pharmaceutical Packaging LLC","13333 Lakefront Dr","N/A","Earth City","MO","	63045-1514","United States","Voluntary: Firm initiated","E-Mail","Walmart distribution centers in GA and AR","D-1626-2020","Class III","Metformin Hydrochloride Tablets USP, 1000 mg, 60-count bottles, Rx Only,  Manufactured for: Heritage Pharmaceuticals Inc., East Brunswick, NJ 08816,  Packaged by: Legacy Pharmaceutical Packaging LLC, Earth City, MO 63045, Distributed by: Wal-Mart, Bentonville, AR 72716. NDC 68645-545-59","111,948 bottles","Presence of Foreign Tablets/Capsules: Metformin 1000mg with different imprint was found in bottles.","09/24/2020","09/30/2020","11/08/2022","10/07/2020","Lot #: 201626, Exp. Date 08/2022"
"Drugs","No","","86487","Terminated","Direct Rx","94 Worldwide Dr","N/A","Dawsonville","GA","	30534-6828","United States","Voluntary: Firm initiated","Letter","FL","D-0032-2021","Class II","Losartan Pot/HCTZ 50/12.5 mg 90 Tabs Packaged and Distributed By: Direct Rx Dawsonville, GA 30534 Mfg For: Torrent Pharma, Inc. Basking Ridge, NJ 07920 NDC 61919-040-90","33 bottles","CGMP deviation: Trace amounts of impurity detected to be N-Methylnitrosobutyric acid (NMBA) in the API.","03/12/2019","10/12/2020","09/21/2021","10/07/2020","Lot: 12DE1806 Exp. 01/31/2021"
"Drugs","No","","86497","Completed","AA PRODUCTS INC","8424 Amparan Rd","N/A","Laredo","TX","	78045-1822","United States","Voluntary: Firm initiated","Letter","Texas","D-0102-2021","Class II","SYP Health Hand Sanitizer Alcohol Gel (ethyl alcohol) 70%, Net Wt. 16.91 FL OZ (500 mL) bottles,Biotecnologia, Educacion y Genetica, S.A. de C.V. Av. Quetra, UPC 9 780201 378624 .","1392 bottles","CGMP Deviations: product manufactured at the same facility that produced product that FDA sampled and found to be subpotent for ethanol and contained methanol.","09/24/2020","11/23/2020","N/A","12/02/2020","EXP MAY/2021"
"Drugs","No","","86498","Terminated","Direct Rx","94 Worldwide Dr","N/A","Dawsonville","GA","	30534-6828","United States","Voluntary: Firm initiated","Letter","FL, GA","D-0016-2021","Class II","Ranitidine 150 mg, a) 60 Tabs (NDC 61919-339-60); and b) 90 Tabs (NDC 61919-339-90) bottles, Rx only, Packaged and Distributed By: Direct Rx Dawsonville, GA 30534","a) 54 bottles; b) 26 bottles","CGMP Deviations: Presence of NDMA impurity detected in product.","01/15/2020","10/05/2020","12/07/2020","10/14/2020","Lots: a) 09AU1911 Exp. 02/28/2022; b) 09SE1904 Exp. 03/31/2022"
"Drugs","No","","86498","Terminated","Direct Rx","94 Worldwide Dr","N/A","Dawsonville","GA","	30534-6828","United States","Voluntary: Firm initiated","Letter","FL, GA","D-0017-2021","Class II","Ranitidine 300 mg, 30 Tabs bottles, Rx only, Packaged and Distributed By: Direct Rx Dawsonville, GA 30534  NDC 61919-455-30","26 bottles","CGMP Deviations: Presence of NDMA impurity detected in product.","01/15/2020","10/05/2020","12/07/2020","10/14/2020","Lot: 29JA1915 Exp. 09/30/2021"
"Drugs","No","","86499","Terminated","Direct Rx","94 Worldwide Dr","N/A","Dawsonville","GA","	30534-6828","United States","Voluntary: Firm initiated","Letter","GA","D-0018-2021","Class II","Losartan Potassium 100 mg, 30 Tabs bottles, Rx only,  Packaged and Distributed By: Direct Rx Dawsonville, GA 30534  NDC 61919-952-30","33 bottles","CGMP Deviations: FDA lab confirmed presence of an impurity, N-Methylnitrosobutyric acid (NMBA) in the finished product above the interim acceptable daily intake level per manufacturer","04/30/2019","10/05/2020","12/04/2020","10/14/2020","Lot: 27AU1801 Exp. 02/28/2021"
"Drugs","No","11/13/2020","86508","Terminated","Teligent Pharma, Inc.","105 Lincoln Avenue","N/A","Buena","NJ","	08310","United States","Voluntary: Firm initiated","Letter","United States Nationwide","D-0064-2021","Class III","Fluocinonide Ointment USP 0.05%, packaged in: a) 15 gm tube, NDC 52565-0040-15,  b) 30 gm tube, NDC 52565-0040-30 c) 60 gram tube, NDC 52565-0040-60, Rx only, Manufactured by: Teligent Pharma, Inc., Buena, New Jersey 08310","36,790 tubes","Failed Impurities/Degradation - Out-of-specification results for Fluocinolone Acetonide impurity.","09/28/2020","11/05/2020","08/22/2022","11/11/2020","Lot#: a) 12250, Exp 10/2020; 15039, Exp 1/2022; 15573, Exp 7/2022; b) 12250, Exp 10/2020; 14589, 14848, Exp 12/2021; 15039, Exp 1/2022; 15245, Exp 2/2022; c) 12241, 12249, Exp 10/2020; 14222, Exp 8/2021; 15039, Exp 1/2022; 15037, 15246, Exp 2/2022; 15340, Exp 3/2022; 15387, Exp 4/2022"
"Drugs","No","","86520","Terminated","Mylan Pharmaceuticals Inc.","781 Chestnut Ridge Rd","N/A","Morgantown","WV","	26505-2730","United States","Voluntary: Firm initiated","Letter","Nationwide within the United States","D-0049-2021","Class III","Candesartan Cilexetil and Hydrochlorothiazide Tablets, USP 32 mg/12.5 mg, packaged in a) 90-count bottles (NDC 0378-3002-77) and b) 500-count bottles (NDC 0378-3002-05), Rx only, Manufactured for: Mylan Pharmaceuticals Inc. Morgantown, WV 26505 U.S.A.","10,695 bottles","Out-of-specification organic impurity results obtained during routine stability testing.","10/02/2020","10/22/2020","01/24/2022","10/28/2020","Lot #: a) 8095666, Exp. Date July 2021  b) 3104664, Exp. Date July 2021"
"Drugs","No","","86486","Terminated","VistaPharm, Inc.","7265 Ulmerton Rd","N/A","Largo","FL","	33771-4809","United States","Voluntary: Firm initiated","Letter","Distributed Nationwide in the USA including Puerto Rico","D-0019-2021","Class III","NYSTATIN ORAL SUSPENSION, USP 100,000 units per mL Contains: Alcohol 0.5% v/v (Bubblegum Flavored) 16 fl. oz. (480 mL)  Manufactured by: VistaPharm, Inc. Largo FL 33771, USA NDC 66689-008-16 UPC 6668900816,","14,244 16 oz bottles","Failed Impurties/Degradation Specifications: out of specification results for an impurity for one lot","09/25/2020","10/05/2020","09/28/2022","10/14/2020","Lots: 638800 Exp 10/21"
"Drugs","No","","86525","Terminated","Leadiant Biosciences, Inc.","9841 Washingtonian Blvd Ste 500","N/A","Gaithersburg","MD","	20878-7352","United States","Voluntary: Firm initiated","Letter","PA and Italy","D-0034-2021","Class III","Cystaran (cysteamine ophthalmic solution) 0.44%, For Ophthalmic Use Only, 15 mL bottle, Sterile, Rx Only,  Manufactured by Hi-Tech Pharmacal Co Inc., Amityville, NY 11701 for Leadiant Biosciences, Inc., Gaithersburg, MD 20878, NDC 54482-020-01","1380 bottles","Subpotent Drug: Product testing identified a decreased level of the active ingredient, Cysteamine HCl.","09/24/2020","10/15/2020","11/10/2021","10/21/2020","Lot #: 370655, Exp. 10/31/2020"
"Drugs","No","10/26/2020","86527","Terminated","Boehringer Ingelheim Pharmaceuticals, Inc.","900 Ridgebury Rd","N/A","Ridgefield","CT","	06877-1058","United States","Voluntary: Firm initiated","Letter","Distributed Nationwide in the USA and Puerto Rico","D-0051-2021","Class II","Catapres (clonidine hydrochloride, USP)  0.1 mg, tablet, 100-count bottle, Rx only, Dist. by: Boehringer Ingelheim Pharmaceuticals, Inc. Ridgefield, CT 06877, Made in Germany, NDC, 0597-0006-01","13,270 bottles/100 tablets each","An extraneous peak was observed for dissolution testing.","10/05/2020","10/26/2020","09/29/2021","11/04/2020","Lot # 761544, 859015, EXP Jan 2021, 861346, 956626, EXP Jan 2022"
"Drugs","No","","86529","Terminated","Baxter Healthcare Corporation","1 Baxter Pkwy","N/A","Deerfield","IL","	60015-4625","United States","Voluntary: Firm initiated","Letter","Nationwide USA","D-0076-2021","Class II","Bupivacaine Hydrochloride in 8.25% Dextrose Injection, USP Spinal 0.75% (15 mg/2 mL) 10 x 2 mL single-dose ampules, Rx only, Manufactured for: Baxter Healthcare Corporation Deerfield, IL 60015 USA, Manufactured by: Baxter Pharmaceuticals India Private Ltd Ahmedabad 382213 India, NDC 36000-092-10","N/A","Presence of particulate matter in solution - black and transparent particles","10/07/2020","11/12/2020","05/22/2023","11/18/2020","Lot #: A0B1241, Exp 10/2020; A0C0091, Exp 12/2020; A0D0268, Exp 02/2022"
"Drugs","No","","86530","Terminated","Marksans Pharma Limited","& L - 83 Plots L - 82","Verna, Goa","Vasco Da Gama","N/A","	N/A","India","Voluntary: Firm initiated","Press Release","Nationwide","D-0061-2021","Class II","Time-Cap Labs, Inc. Metformin Hydrochloride  Extended-Release Tablets USP 500 mg, a) 90 count (NDC 49483-623-09) b) 100 count (49483-623-01) c) 500 count (NDC 49483-623-50) and d) 1000 count (NDC 49483-623-10) bottles, Rx Only Manufactured for: Time-Cap Labs, Inc. 7 Michael Avenue Farmingdale, NY 11735, USA, Manufactured by: Marksans Pharma Ltd. Plot No. L-82, L-83, Verna Indl. Estate. Verna Goa-403 722 India  NDC 49483-623-50","a) 64,590 b) 23,834 c) 109,125 d) 27839 bottles","CGMP Deviations: detection of N-Nitrosodimethylamine (NDMA) impurity above the acceptable intake level","10/02/2020","11/02/2020","02/21/2024","11/11/2020","a) 90 count:   E072F, E074F, E076F Oct-20; D096F, H029F, H031F,XP8276, XP8289 Nov-20;  L007F, J022F, H039F, Dec-20; J092F Jan-21; L055F Jun-21; K079F Jul-21; A002G, A003G, A007G Aug-21; A49001 Nov-21; A40001, A40003, A40005 Dec-21; A40009 Feb-22; A40010, XP0036, A40013  Mar-22; A40015 Apr-22    b) 100 count:  XP8260 Oct-20; XP0010, XP0016 Dec-21; XP0046 Apr-22;    c) 500 count:  E037F, G011F Oct-20; F001F Nov-20; H041F, L009F Dec-20; K051F Jun-21; A115G, A010G Sep-21; A40006, A40007, A40008 Jan-22; A40011 Mar-22; A40016, A40018 Apr-22;    d) 1000 count:  D086F Oct-20; G012F Nov-20; L008F Dec-20; K042F Feb-21; M001F Jul-21; A009G Sep-21; A40002, A40004 Dec-21; A40012 Mar-22, A40014, A40017 Apr-22"
"Drugs","No","","86533","Terminated","PD-Rx Pharmaceuticals, Inc.","727 N Ann Arbor Ave","N/A","Oklahoma City","OK","	73127-5822","United States","Voluntary: Firm initiated","Two or more of the following: Email, Fax, Letter, Press Release, Telephone, Visit","AZ, OK","D-0005-2021","Class II","Nature-Throid 1 GR (65 mg), Each Tablet Contains: Thyroid USP 1 GR (65 mg), Liothyronine (T3) 9 mcg, Levothyroxine (T4) 38 mcg, 100 Tablets per bottle, Rx Only, Pkg By PD-Rx Pharmaceuticals Incorporated, Oklahoma City, OK 73127, NDC 43063-819-01.","20 bottles","CGMP deviations; repackaged product was recalled by the manufacturer because it was manufactured under the same conditions as products found to be sub-potent.","09/17/2020","10/02/2020","11/05/2021","10/14/2020","Lot #: J18C68 Exp. 10/31/20"
"Drugs","No","","86442","Terminated","Calvin Scott & Company, Inc.","209 Eubank Blvd Ne","N/A","Albuquerque","NM","	87123-2745","United States","Voluntary: Firm initiated","Letter","Repacked drug products distributed to 12 physician consignees located in the following states: CA, ID, IL,OK, RI","D-0011-2021","Class II","Phentermine, 30 mg capsules, Rx only, Distributed by: Calvin Scott & Co. Inc. Albuquerque, NM 87123; MFG. Lannett Company, Philadelphia, PA 19136, NDC 00527-0597-10","N/A","cMGP Deviations: Drug products repackaged into pouches without supporting stability studies.","09/16/2020","10/02/2020","04/22/2024","10/14/2020","Lot #: CS19309, CS20098, Exp 12/21"
"Drugs","No","","86540","Terminated","Medichem S.A.","Fructuos Gelabert 6-8","N/A","Barcelona","N/A","	N/A","Spain","Voluntary: Firm initiated","Letter","AL, NJ, TX","D-0055-2021","Class II","Chlorhexidine Gluconate 20% 0012 Medichem, S.A. NDC 53296-0012-0","60,000 kg","Discoloration.","10/02/2020","11/02/2020","12/16/2020","11/11/2020","Batch: A-200301, A-200307, A-200308, A-200309, A-200395, A-200488, A-200310, A-200311, A-200315, A-200319, A-200397, A-200398"
"Drugs","No","","86530","Terminated","Marksans Pharma Limited","& L - 83 Plots L - 82","Verna, Goa","Vasco Da Gama","N/A","	N/A","India","Voluntary: Firm initiated","Press Release","Nationwide","D-0062-2021","Class II","Time-Cap Labs, Inc. Metformin Hydrochloride Extended Release Tablets USP 750 mg, 100 count bottles, Rx Only Manufactured for: Time-Cap Labs, Inc. 7 Michael Avenue Farmingdale, NY 11735, USA  Manufactured by: Marksans Pharma Ltd. Plot No. L-82, L-83, Verna Indl. Estate. Verna Goa-403 722 India  NDC 49483-624-01","368,976 bottles","CGMP Deviations: detection of N-Nitrosodimethylamine (NDMA) impurity above the acceptable intake level","10/02/2020","11/02/2020","02/21/2024","11/11/2020","M125E Oct-20; D001F, C084F Nov-20; F073F, E063F Jan-21; F072F Mar-21; J002F, J087F Apr-21; K080F, L056F Jun 21; M046F, Jul-21; 9R9001, Oct-21;    9R9002, Nov-21; 9R0001, 9R0002 Dec-21; 9R0003, XR0016, 9R0004, 9R0005 Mar-22; 9R0006, 9R0007 Apr-22"
"Drugs","No","","86557","Terminated","Bausch Health Companies, Inc.","400 Somerset Corporate Blvd","N/A","Bridgewater","NJ","	08807-2867","United States","Voluntary: Firm initiated","Letter","Nationwide within the United States","D-0054-2021","Class II","Hydrocortisone butyrate Cream, 0.1%, 15-gram tubes, Rx Only, Manufactured for Oceanside Pharmaceuticals a division of Valeant Pharmaceuticals North America LLC Bridgewater, NJ 08807 USA, By: Ferndale Laboratories, Inc. Ferndale, MI 48220, NDC 68682-270-15","35424 units","SUBPOTENT DRUG","07/13/2020","10/26/2020","03/03/2022","11/04/2020","Lot #: 18125C, Exp. Date 09/2020; 19079B, Exp. Date  5/2021; 19142B, Exp. Date  09/2021; 19167B, Exp. Date  10/2021"
"Drugs","No","","86568","Terminated","eVenus Pharmaceutical Laboratories","506 Carnegie Ctr","Suite 100","Princeton","NJ","	08540-6243","United States","Voluntary: Firm initiated","Letter","CO only","D-0042-2021","Class III","Desflurane, USP Liquid for Inhalation, 240 mL, Rx Only,  Manufactured by: Shanghai Hengrui Pharmaceutical Co., Ltd., Shanghai, 200245, China for Sandoz Inc. Princeton, NJ 08540, NDC 0781-6172-22  ","9210 units","DEFECTIVE CONTAINER: Desflurane Liquid for Inhalation 240 mL may be leaking.","10/06/2020","10/20/2020","05/19/2022","10/28/2020","Lot #: 20011831, Exp. Date 12/2021; 20041431, Exp. Date 03/2022"
"Drugs","No","","86579","Terminated","Milbar Laboratories, Inc.","20 Commerce St","N/A","East Haven","CT","	06512-4145","United States","Voluntary: Firm initiated","Letter","Product was distributed throughout the United States, including Puerto Rico and internationally.","D-0083-2021","Class II","DCL Active Mattifying Cleanser (Salicylic Acid 2%), 125mL/4.2 fl.oz. Dermatologic Cosmetic Laboratories, East Haven, CT 06512 USA, UPC 357486509627","4,878 tubes","GMP Deviations","10/09/2020","11/17/2020","01/04/2023","11/25/2020","Lot # FW937, Exp. Date Jun-22"
"Drugs","No","","86579","Terminated","Milbar Laboratories, Inc.","20 Commerce St","N/A","East Haven","CT","	06512-4145","United States","Voluntary: Firm initiated","Letter","Product was distributed throughout the United States, including Puerto Rico and internationally.","D-0084-2021","Class II","DCL B Prox10 Anti-Blemish Wash (Benzoyl Peroxide 10%), 200 ml/6.7 fl.oz. Dermatologic Cosmetic Laboratories, East Haven, CT 06512 USA, UPC 0357486500853","7,591 bottles","GMP Deviations","10/09/2020","11/17/2020","01/04/2023","11/25/2020","Lot # MV098-4, Exp. Date Dec-21  Lot #: JW995, Exp. Date Sep-22  Lot #: Fx381, Exp. Date Jun-23"
"Drugs","No","","86579","Terminated","Milbar Laboratories, Inc.","20 Commerce St","N/A","East Haven","CT","	06512-4145","United States","Voluntary: Firm initiated","Letter","Product was distributed throughout the United States, including Puerto Rico and internationally.","D-0085-2021","Class II","DCL AHA Lightening Gel (hydroquinone 2%), 30 ml/1 fl.oz. Dermatologic Cosmetic Laboratories, East Haven, CT 06512 USA, UPC 357486500471","1,608 bottles","GMP Deviations","10/09/2020","11/17/2020","01/04/2023","11/25/2020","Lot #: LW110-3, Exp. Date Nov-22"
"Drugs","No","","86579","Terminated","Milbar Laboratories, Inc.","20 Commerce St","N/A","East Haven","CT","	06512-4145","United States","Voluntary: Firm initiated","Letter","Product was distributed throughout the United States, including Puerto Rico and internationally.","D-0086-2021","Class II","DCL SA Scalp Therapy Shampoo (Salicylic Acid 3%) 300 ml/10.1 fl.oz. Dermatologic Cosmetic Laboratories, East Haven, CT 06512 USA, UPC 357486503120    ","1,815 bottles","GMP Deviations","10/09/2020","11/17/2020","01/04/2023","11/25/2020","Lot #: KV092-3, Exp. Date Nov-21  Lot #: FX456-7, Exp. Date Jun-23"
"Drugs","No","","86579","Terminated","Milbar Laboratories, Inc.","20 Commerce St","N/A","East Haven","CT","	06512-4145","United States","Voluntary: Firm initiated","Letter","Product was distributed throughout the United States, including Puerto Rico and internationally.","D-0087-2021","Class II","DCL T Shampoo for Hair and Body ( Solution Coal Tar U.S.P. 3% and 0.6% Coal Tar), 300 ml/ 10.1 fl.oz. Dermatologic Cosmetic Laboratories, East Haven, CT 06512 USA, UPC 3574865069947  ","1,225 bottles","GMP Deviations","10/09/2020","11/17/2020","01/04/2023","11/25/2020","Lot #: DW913-9, Exp. Date Apr-22"
"Drugs","No","","86579","Terminated","Milbar Laboratories, Inc.","20 Commerce St","N/A","East Haven","CT","	06512-4145","United States","Voluntary: Firm initiated","Letter","Product was distributed throughout the United States, including Puerto Rico and internationally.","D-0088-2021","Class II","(Malin + Goetz) dandruff Shampoo Psoriasis and Sebborrheic Dermatitis (1.9% Pyrithione Zinc) 8 fl.oz bottle, Distributed by: Malin+Goetz Inc 330 Seventh Avenue, New York, New York, 10001","5,312 bottles","GMP Deviations","10/09/2020","11/17/2020","01/04/2023","11/25/2020","Lot #: GW905-5, Exp. Date Jul-22  Lot #: KV428-3, Exp. Date Oct-21"
"Drugs","No","","86579","Terminated","Milbar Laboratories, Inc.","20 Commerce St","N/A","East Haven","CT","	06512-4145","United States","Voluntary: Firm initiated","Letter","Product was distributed throughout the United States, including Puerto Rico and internationally.","D-0089-2021","Class II","(Malin + Goetz) Salicylic Gel (2% Salicylic Acid) 0.5 fl.oz. 15 mL tube, Distributed by: Malin+Goetz Inc 330 Seventh Avenue, New York, New York, 10001    ","2,664 tubes","GMP Deviations","10/09/2020","11/17/2020","01/04/2023","11/25/2020","Lot #: MV678, Exp. Date Dec-21"
"Drugs","No","","86579","Terminated","Milbar Laboratories, Inc.","20 Commerce St","N/A","East Haven","CT","	06512-4145","United States","Voluntary: Firm initiated","Letter","Product was distributed throughout the United States, including Puerto Rico and internationally.","D-0090-2021","Class II","(Malin+Goetz) spf 30 face moisturizer (Avobenzone 3%, Homosalate 10 %, Octinoxate 7.5%, Octisalate 2.75%, Oxybenzone 5%) 1.7 fl. oz. 50 ml tubes, Distributed by: Malin+Goetz Inc 330 Seventh Avenue, New York, New York, 10001    ","3,692 tubes","GMP Deviations","10/09/2020","11/17/2020","01/04/2023","11/25/2020","Lot #: AW761-9, Exp. Date Jan-22"
"Drugs","No","","86579","Terminated","Milbar Laboratories, Inc.","20 Commerce St","N/A","East Haven","CT","	06512-4145","United States","Voluntary: Firm initiated","Letter","Product was distributed throughout the United States, including Puerto Rico and internationally.","D-0091-2021","Class II","MD Complete Breakout Treatment (Benzoyl Peroxide 4.5%) 1 fl. oz. (30mL) bottles, MD Professional LLC, Minneapolis, MN    ","2,655 bottles","GMP Deviations","10/09/2020","11/17/2020","01/04/2023","11/25/2020","Lot #: DX278, Exp. Date Apr-23"
"Drugs","No","","86579","Terminated","Milbar Laboratories, Inc.","20 Commerce St","N/A","East Haven","CT","	06512-4145","United States","Voluntary: Firm initiated","Letter","Product was distributed throughout the United States, including Puerto Rico and internationally.","D-0092-2021","Class II","Willa Clear Skin (Salicylic Acid 2%), 4.2 fl oz 124ml tubes, WBC Group LLC, Dist. Chandler, AZ 85226  ","4,855 tubes","GMP Deviations","10/09/2020","11/17/2020","01/04/2023","11/25/2020","Lot #: DW827-4, Exp. Date Mar-22"
"Drugs","No","","86579","Terminated","Milbar Laboratories, Inc.","20 Commerce St","N/A","East Haven","CT","	06512-4145","United States","Voluntary: Firm initiated","Letter","Product was distributed throughout the United States, including Puerto Rico and internationally.","D-0093-2021","Class II","Willa Pore Perfector (Salicylic Acid 2%) pads, 30 pads     ","2,638 plastic jars","GMP Deviations","10/09/2020","11/17/2020","01/04/2023","11/25/2020","Lot #: CW828-0, Exp. Date Mar-22"
"Drugs","No","","86584","Terminated","ANI Pharmaceuticals, Inc.","455 Idc Rd Sw","N/A","Baudette","MN","	56623-2467","United States","Voluntary: Firm initiated","Letter","Distributed Nationwide in the USA","D-0043-2021","Class III","Dextroamphetamine Saccharate, Amphetamine Aspartate Monohydrate, Dextroamphetamine Sulfate and Amphetamine Sulfate (Mixed Salts of A Single-Entity Amphetamine Product) Extended-Release Capsules, 5 mg, 100-count bottle, Rx Only, Mfd. for: Amerigen Pharmaceuticals, Inc. Lyndhurst, NJ 07071 NDC 43975-277-10","408 bottles","Labeling: Incorrect expiration date.  Product dated with 24-month expiration date instead of 18-months.","10/09/2020","10/21/2020","01/19/2022","10/28/2020","Lot: 19S07 Exp. Sept. 2021"
"Drugs","No","","86584","Terminated","ANI Pharmaceuticals, Inc.","455 Idc Rd Sw","N/A","Baudette","MN","	56623-2467","United States","Voluntary: Firm initiated","Letter","Distributed Nationwide in the USA","D-0044-2021","Class III","Dextroamphetamine Saccharate, Amphetamine Aspartate Monohydrate, Dextroamphetamine Sulfate and Amphetamine Sulfate (Mixed Salts of A Single-Entity Amphetamine Product) Extended-Release Capsules, 10 mg, 100-count bottle, Rx Only, Mfd. for: Amerigen Pharmaceuticals, Inc. Lyndhurst, NJ 07071 NDC 43975-278-10     ","13536 bottles","Labeling: Incorrect expiration date.  Product dated with 24-month expiration date instead of 18-months.","10/09/2020","10/21/2020","01/19/2022","10/28/2020","Lot: 19S10 Exp. Sept. 2021, 19S11 Exp. Oct. 2021"
"Drugs","No","","86584","Terminated","ANI Pharmaceuticals, Inc.","455 Idc Rd Sw","N/A","Baudette","MN","	56623-2467","United States","Voluntary: Firm initiated","Letter","Distributed Nationwide in the USA","D-0045-2021","Class III","Dextroamphetamine Saccharate, Amphetamine Aspartate Monohydrate, Dextroamphetamine Sulfate and Amphetamine Sulfate (Mixed Salts of A Single-Entity Amphetamine Product) Extended-Release Capsules, 15 mg, 100-count bottle, Rx Only, Mfd. for: Amerigen Pharmaceuticals, Inc. Lyndhurst, NJ 07071 NDC 43975-279-10       ","13248 bottles","Labeling: Incorrect expiration date.  Product dated with 24-month expiration date instead of 18-months.","10/09/2020","10/21/2020","01/19/2022","10/28/2020","Lot: 19T14 Exp. Dec. 2021, 20D06 Exp. Apr. 2022"
"Drugs","No","","86584","Terminated","ANI Pharmaceuticals, Inc.","455 Idc Rd Sw","N/A","Baudette","MN","	56623-2467","United States","Voluntary: Firm initiated","Letter","Distributed Nationwide in the USA","D-0046-2021","Class III","Dextroamphetamine Saccharate, Amphetamine Aspartate Monohydrate, Dextroamphetamine Sulfate and Amphetamine Sulfate (Mixed Salts of A Single-Entity Amphetamine Product) Extended-Release Capsules, 20 mg, 100-count bottle, Rx Only, Mfd. for: Amerigen Pharmaceuticals, Inc. Lyndhurst, NJ 07071 NDC 43975-280-10   ","24972 bottles","Labeling: Incorrect expiration date.  Product dated with 24-month expiration date instead of 18-months.","10/09/2020","10/21/2020","01/19/2022","10/28/2020","Lot: 19T15 Exp. Dec. 2021, 20D02, 20D03 Exp. Mar. 2022"
"Drugs","No","","86584","Terminated","ANI Pharmaceuticals, Inc.","455 Idc Rd Sw","N/A","Baudette","MN","	56623-2467","United States","Voluntary: Firm initiated","Letter","Distributed Nationwide in the USA","D-0047-2021","Class III","Dextroamphetamine Saccharate, Amphetamine Aspartate Monohydrate, Dextroamphetamine Sulfate and Amphetamine Sulfate (Mixed Salts of A Single-Entity Amphetamine Product) Extended-Release Capsules, 25 mg, 100-count bottle, Rx Only, Mfd. for: Amerigen Pharmaceuticals, Inc. Lyndhurst, NJ 07071 NDC 43975-281-10   ","6780 bottles","Labeling: Incorrect expiration date.  Product dated with 24-month expiration date instead of 18-months.","10/09/2020","10/21/2020","01/19/2022","10/28/2020","Lot: 19T16 Exp. Jan. 2022"
"Drugs","No","","86584","Terminated","ANI Pharmaceuticals, Inc.","455 Idc Rd Sw","N/A","Baudette","MN","	56623-2467","United States","Voluntary: Firm initiated","Letter","Distributed Nationwide in the USA","D-0048-2021","Class III","Dextroamphetamine Saccharate, Amphetamine Aspartate Monohydrate, Dextroamphetamine Sulfate and Amphetamine Sulfate (Mixed Salts of A Single-Entity Amphetamine Product) Extended-Release Capsules, 30 mg, 100-count bottle, Rx Only, Mfd. for: Amerigen Pharmaceuticals, Inc. Lyndhurst, NJ 07071 NDC 43975-282-10   ","34968 bottles","Labeling: Incorrect expiration date.  Product dated with 24-month expiration date instead of 18-months.","10/09/2020","10/21/2020","01/19/2022","10/28/2020","Lot: 19T17 Exp. Dec. 2021, 19T18, 19T19, Exp. Jan. 2022; 20D05 Exp. Apr. 2022; 20D21, Exp. May 2022"
"Drugs","No","","86593","Ongoing","Denton Pharma, Inc.","119 Creamery Rd","N/A","North Blenheim","NY","	12131-1613","United States","Voluntary: Firm initiated","Letter","Indiana - Nationwide.","D-0056-2021","Class II","Metformin Hydrochloride Extended-Release Tablets USP 750 mg, 30 Tablets bottle, Rx Only, Time-Cap Labs, Inc., Repackaged By: Northwind Pharmaceuticals North Blenheim NY 12131  NDC 70934-334-30  ","N/A","CGMP Deviations: detection of N-Nitrosodimethylamine (NDMA) impurity above the acceptable intake level (per manufacturer)","10/08/2020","11/02/2020","N/A","11/11/2020","N107411901, N107411903, N107411904, N107411905, N107411906, exp 11/30/2020;   N107411907, N107412001, exp 4/30/2021;   N107412002, N107412004, exp 11/30/2021;   N107412003, exp 7/31/2021"
"Drugs","No","","86593","Ongoing","Denton Pharma, Inc.","119 Creamery Rd","N/A","North Blenheim","NY","	12131-1613","United States","Voluntary: Firm initiated","Letter","Indiana - Nationwide.","D-0057-2021","Class II","Metformin Hydrochloride Extended-Release Tablets, USP 500 mg, a) 30 count (NDC 70934-309-30); b) 60 count (NDC 70934-309-60); c) 90 count (70934-309-90); d) 120 count (NDC 70934-309-98) bottles, Rx Only, Time-Cap Labs Inc. Repackaged by Northwind Pharmaceuticals North Blenheim, NY 12131","a) 684; b) 432; c) 3668; d) 2029 bottles","CGMP Deviations: detection of N-Nitrosodimethylamine (NDMA) impurity above the acceptable intake level (per manufacturer)","10/08/2020","11/02/2020","N/A","11/11/2020","a) 30 count:   N107051905, exp 10/31/2020; N107052002, N107052005, exp 9/30/2021    b) 60 count:  N107051907, exp 10/31/2020; N107052001 6/30/2021; N107052010, N107052008, N107052004, exp 9/30/2021;     c) 90 count:  C107051908, exp 10/31/2020,   C107052002, C107051909 exp 6/30/2021,   C107052001, exp 12/31/2020,   C107052004, N107052006, N107052007, N107052009, N107052011, N107052012 exp  9/30/2021;    d) 120 count:  C107051907, N107051904, N107051906  exp 10/31/2020   C107051910, exp 6/30/2021;  C107052003, C107052005, N107052003 exp 9/30/2021"
"Drugs","No","","86600","Terminated","PD-Rx Pharmaceuticals, Inc.","727 N Ann Arbor Ave","N/A","Oklahoma City","OK","	73127-5822","United States","Voluntary: Firm initiated","Letter","AK, AZ, CA, CO, FL, GA, ID, IL, IN, KY, MN, NC, NY, OK, OR, WI","D-0059-2021","Class II","metformin HCL ER 500 mg, a) 30 tablets NDC: 72789-009-30; b) 60 tablets NDC: 72789-009-60; c) 90 tablets NDC: 72789-009-90; d) 180 tablets NDC: 72789-009-93 bottles, Rx only, Pkg By: PD-Rx Pharmaceuticals Incorporated Oklahoma City, OK 73127","1683 bottles","CGMP Deviations: detection of N-Nitrosodimethylamine (NDMA) impurity above the acceptable intake level (per manufacturer)","10/06/2020","11/02/2020","10/22/2021","11/11/2020","Lots:   a) B20D23, B20D67 Exp. 07/31/21, C20D55 Exp. 12/31/21;   b) A20D92, A20F59, B20C16 Exp. 07/31/21, C20D63, D20A45, D20C80 Exp. 12/31/21, G20D46, I20C57 Exp. 04/30/22;  c) A20D90, A20E77, A20F69, B20F43 Exp. 07/31/21, C20B14, D20A41 Exp. 12/31/21, I20D94, I20E56, J20A28 Exp. 04/30/22;  d) B20B96 Exp. 07/31/21, C20C28, C20E58, D20B17 Exp. 12/31/21, G20D91 Exp. 04/30/22"
"Drugs","No","","86601","Terminated","Direct Rx","94 Worldwide Dr","N/A","Dawsonville","GA","	30534-6828","United States","Voluntary: Firm initiated","Letter","FL","D-0058-2021","Class II","Metformin HCL E/R 500 mg, 90 Tabs, Packaged and Distributed By: Direct Rx Dawsonville, GA 30534  NDC 72189-064-90","88 bottles","CGMP Deviations: detection of N-Nitrosodimethylamine (NDMA) impurity above the acceptable intake level (per manufacturer)","10/12/2020","11/02/2020","09/22/2021","11/11/2020","Lot: 04DE1902, 11DE1908 Exp. 06/30/2021"
"Drugs","No","","86600","Terminated","PD-Rx Pharmaceuticals, Inc.","727 N Ann Arbor Ave","N/A","Oklahoma City","OK","	73127-5822","United States","Voluntary: Firm initiated","Letter","AK, AZ, CA, CO, FL, GA, ID, IL, IN, KY, MN, NC, NY, OK, OR, WI","D-0060-2021","Class II","metformin HCL ER 750 mg Rx only Pkg By: PD-Rx Pharmaceuticals Incorporated Oklahoma City, OK 73127 a) 30 tablets NDC: 43063-902-30; b) 60 tablets NDC: 43063-902-60","125 bottles","CGMP Deviations: detection of N-Nitrosodimethylamine (NDMA) impurity above the acceptable intake level (per manufacturer)","10/06/2020","11/02/2020","10/22/2021","11/11/2020","Lots:   a) A20A97, B20D25 Exp. 04/30/21, B20D69, C20B95, C20D60, E20A50 Exp. 07/31/21, E20D37, E20D73 Exp. 03/31/22, J19F04 Exp. 01/31/21;   b) C20C15 Exp. 07/31/21, F20A14 Exp. 03/31/22, L19C15 Exp. 04/30/21"
"Drugs","No","","86617","Terminated","Jarrow Formulas Inc","1824 S Robertson Blvd","N/A","Los Angeles","CA","	90035-4317","United States","Voluntary: Firm initiated","Two or more of the following: Email, Fax, Letter, Press Release, Telephone, Visit","Nationwide.","D-0302-2021","Class II","N-A-C (N-Acetyl-L-Cysteine, 500 mg, 100 capsules;  Veggie Caps, white HDPE bottle with RED label  Product # 107002  UPC: 790011070023","533 units","Mislabeling of SUS (N-A-C Sustain 600 mg 100 tab) with N-A-C N-Acetyl-L-Cysteine 500 mg, 100 cap.","10/09/2020","10/29/2020","04/09/2021","11/04/2020","Lot 65323G20; Expiration: 7/22"
"Drugs","No","","86624","Terminated","RemedyRepack Inc.","625 Kolter Dr Ste 4","N/A","Indiana","PA","	15701-3571","United States","Voluntary: Firm initiated","Letter","Product was distributed to one customer in PA.","D-0050-2021","Class II","Metformin Hydrochloride Extended Release 750 mg, 30 count blister cards, Rx only, Repackaged by: RemedyRepack Inc., Indiana, PA  NDC 70518-2480-00","79/30 count blister cards","CGMP Deviations: detection of N-Nitrosodimethylamine (NDMA) impurity above the acceptable intake level (per manufacturer)","10/11/2020","10/26/2020","02/24/2021","11/04/2020","Lot Numbers:  J0423350-121219 exp. date 12/31/2020  J0434828-020320 exp. date 02/28/2021  J0442511-031220 exp. date 03/31/2021  J0448429-040920 exp. date 04/30/2021  J0472499-081020, J0472532-081020 exp. date 08/31/2021"
"Drugs","No","","86567","Terminated","Aurobindo Pharma USA Inc.","279 Princeton Hightstown Rd","N/A","East Windsor","NJ","	08520-1401","United States","Voluntary: Firm initiated","Letter","NJ","D-0065-2021","Class III","Fluent Children's Fever + Pain IBUPROFEN Oral Suspension USP 100 mg per 5 mL Pain Reliever/Fever Reducer, 4 fl oz (120 mL), Berry Flavor, Distributed by Chalkboard Health Inc. Princeton, NJ 08540 getfluenthealth.com Made in India. NDC 79395-003-92","7440 bottles","Labeling Not Elsewhere Classified: Ibuprofen Oral Suspension  is missing dosing cups.","10/22/2020","11/05/2020","04/04/2023","11/11/2020","Lot # BO1020080AA3, EXP 7/2023"
"Drugs","No","10/26/2020","86527","Terminated","Boehringer Ingelheim Pharmaceuticals, Inc.","900 Ridgebury Rd","N/A","Ridgefield","CT","	06877-1058","United States","Voluntary: Firm initiated","Letter","Distributed Nationwide in the USA and Puerto Rico","D-0052-2021","Class II","Catapres (clonidine hydrochloride, USP)  0.2 mg, tablet, 100-count bottle, Rx only, Dist. by: Boehringer Ingelheim Pharmaceuticals, Inc. Ridgefield, CT 06877, Made in Germany, NDC, 0597-0007-01    ","N/A","An extraneous peak was observed for dissolution testing.","10/05/2020","10/26/2020","09/29/2021","11/04/2020","Lot # 861135, C34139, EXP Nov 2021"
"Drugs","No","10/26/2020","86527","Terminated","Boehringer Ingelheim Pharmaceuticals, Inc.","900 Ridgebury Rd","N/A","Ridgefield","CT","	06877-1058","United States","Voluntary: Firm initiated","Letter","Distributed Nationwide in the USA and Puerto Rico","D-0053-2021","Class II","Catapres (clonidine hydrochloride, USP)  0.3 mg, tablet, 100-count bottle, Rx only, Dist. by: Boehringer Ingelheim Pharmaceuticals, Inc. Ridgefield, CT 06877, Made in Germany, NDC, 0597-0011-01","N/A","An extraneous peak was observed for dissolution testing.","10/05/2020","10/26/2020","09/29/2021","11/04/2020","Lot # 954953, EXP Jan 2022"
"Drugs","No","","86653","Ongoing","Nostrum Laboratories Inc","1800 N Topping Ave","N/A","Kansas City","MO","	64120-1228","United States","Voluntary: Firm initiated","Letter","Nationwide","D-0067-2021","Class II","Metformin Hydrochloride Extended-Release Tablets, USP 750 mg, 100 count bottles, Rx Only. Manufactured by: Nostrum Laboratories, Inc. Kansas City, MO 64120. NDC 29033-056-01","12,967 bottles","CGMP Deviations: detection of N-Nitrosodimethylamine (NDMA) impurity above the acceptable intake level","10/23/2020","11/05/2020","N/A","11/11/2020","MET200101, MET200301 EXP 05/2022"
"Drugs","No","","86658","Terminated","Jubilant Cadista Pharmaceuticals, Inc.","207 Kiley Dr","N/A","Salisbury","MD","	21801-2249","United States","Voluntary: Firm initiated","Letter","Product was distributed nationwide","D-0066-2021","Class III","Olanzapine Orally Disintegrating Tablets, 5 mg, 30 count (3x10 unit dose) blister pack, Rx only, Manufactured by: Jubilant Generics, Ltd., Roorkee, India, Marketed by: Jubilant Cardista Pharmaceuticals, Inc., Salisbury, MD  NDC 59746-0306-32","23,616 blister packs","Subpotent","10/26/2020","11/05/2020","08/11/2021","11/11/2020","Lot # AE119001A, exp. date 01/2021"
"Drugs","No","","86659","Terminated","Heritage Pharmaceuticals Inc","1 Tower Center Blvd Ste 1700","N/A","East Brunswick","NJ","	08816-1145","United States","Voluntary: Firm initiated","Letter","USA Nationwide","D-0108-2021","Class III","Felodipine Extended Release Tablets, USP 10 mg,100-count bottle, Rx only, Distributed by: Heritage Pharmaceuticals Inc. East Brunswick, NJ 08816 Made in India, NDC 23155-050-01","7176 bottles","Failed impurities/ degradation specifications: Out of specification impurity results were observed during routine testing of stability samples for the impurity Felodipine Related compound A","10/23/2020","11/25/2020","01/28/2022","12/02/2020","Lot #: 18029979, Exp 1/2021"
"Drugs","No","11/10/2020","86663","Terminated","Zydus Pharmaceuticals (USA) Inc","73 Route 31 N","N/A","Pennington","NJ","	08534-3601","United States","Voluntary: Firm initiated","Letter","Distributed Nationwide in the USA","D-0074-2021","Class II","Lansoprazole Delayed-Release Orally Disintegrating Tablets 15 mg, 100-count carton (10 x10 unit-dose), Rx only, Manufactured by: Cadila Healthcare Ltd. Ahmedabad, India, Distributed by: Zydus Pharmaceuticals USA Inc. Pennington, NJ 08534, NDC 68382-771-77  ","6,840 units","Failed Dissolution Specification","10/27/2020","11/10/2020","12/20/2022","11/11/2020","Lot # M005681, EXP 3/2022"
"Drugs","No","11/10/2020","86663","Terminated","Zydus Pharmaceuticals (USA) Inc","73 Route 31 N","N/A","Pennington","NJ","	08534-3601","United States","Voluntary: Firm initiated","Letter","Distributed Nationwide in the USA","D-0075-2021","Class II","Lansoprazole Delayed-Release Orally Disintegrating Tablets 30 mg, 100-count carton (10 x10 unit-dose), Rx only, Manufactured by: Cadila Healthcare Ltd. Ahmedabad, India, Distributed by: Zydus Pharmaceuticals USA Inc. Pennington, NJ 08534, NDC 68382-772-77        ","7,908 units","Failed Dissolution Specification","10/27/2020","11/10/2020","12/20/2022","11/11/2020","Lot # M005682, EXP 3/2022"
"Drugs","No","","86665","Terminated","Ascent Pharmaceuticals, Inc.","400 S Technology Dr","N/A","Central Islip","NY","	11722-4402","United States","Voluntary: Firm initiated","Letter","Nationwide within the United States","D-0097-2021","Class II","Hydrocodone Bitartrate and Acetaminophen Tablets, USP 10 mg/325mg 100-count bottles, Rx Only, Manufactured for : Camber Pharmaceuticals, Inc. Piscataway, NJ 08854, Manufactured by: Ascent Pharmaceuticals, Inc. Central Islip, NY 11722, NDC 31722-943-01","9768 Bottles","Presence of Foreign Tablet/Capsule: One bottle of Hydrocodone Bitartrate and Acetaminophen Tablets USP 10mg/325 mg contains one Losartan Potassium Tablets, USP 100 mg.","10/26/2020","11/17/2020","02/17/2023","11/25/2020","Lot #: 20070518, Exp. Date June 2022"
"Drugs","No","","86667","Terminated","Teva Pharmaceuticals USA","400 Interpace Pkwy","N/A","Parsippany","NJ","	07054-1120","United States","Voluntary: Firm initiated","Letter","Nationwide in the U.S. and PR","D-0069-2021","Class II","Mesalamine Delayed-Release Tablets, USP 1.2 gram, 120 tablets per bottle, Rx Only, Manufactured by: Actavis Laboratories, FL, Inc., Fort Lauderdale, FL 33314, Distributed by: Actavis Pharma Inc., Parsippany, NJ 07054, NDC 0591-2245-22.  ","133,829 bottles","Failed Dissolution Specifications: Out-of-specification dissolution results were obtained during stability testing.","10/28/2020","11/06/2020","08/26/2021","11/18/2020","Lot #s: 1342498A, Exp. 12/2020; 1342499A, Exp. 01/2021; 1354638A, Exp. 03/2021; 1354639A, 1358274A, 1358448A, 1364618A, 1369884A, Exp. 05/2021; 1366195A, 1369885A, 1373570A, Exp. 06/2021; 1373571A, Exp. 07/2021; 1388571A, Exp. 01/2022; 1395725A, 1396585A, 1397550A, 1399389A, Exp. 04/2022; 1403885A, 1403886A, Exp. 06/2022."
"Drugs","No","","86579","Terminated","Milbar Laboratories, Inc.","20 Commerce St","N/A","East Haven","CT","	06512-4145","United States","Voluntary: Firm initiated","Letter","Product was distributed throughout the United States, including Puerto Rico and internationally.","D-0094-2021","Class II","DCL Alpha Beta Gel Toner (1.95% Salicylic Acid) 200 mL/6.7 fl. oz, Dermatologic Cosmetic Laboratories, East Haven, CT 06512 USA","2,335 bottles","GMP Deviations","10/09/2020","11/17/2020","01/04/2023","11/25/2020","Lot # HV093-6, exp. date Aug-21"
"Drugs","No","","86579","Terminated","Milbar Laboratories, Inc.","20 Commerce St","N/A","East Haven","CT","	06512-4145","United States","Voluntary: Firm initiated","Letter","Product was distributed throughout the United States, including Puerto Rico and internationally.","D-0095-2021","Class II","DCL Clear Skin Anti-Blemish Hydrator (2% Salicylic Acid), 50ml/1.7 fl. oz, Dermatologic Cosmetic Laboratories, East Haven, CT 06512 USA","927 tubes","GMP Deviations","10/09/2020","11/17/2020","01/04/2023","11/25/2020","Lot #: FX432-5, Exp. Date June-21"
"Drugs","No","","86579","Terminated","Milbar Laboratories, Inc.","20 Commerce St","N/A","East Haven","CT","	06512-4145","United States","Voluntary: Firm initiated","Letter","Product was distributed throughout the United States, including Puerto Rico and internationally.","D-0096-2021","Class II","Salicylic Acid Shampoo 3%, Bulk Product, 360 Therapeutics","198.8 kg","GMP Deviations","10/09/2020","11/17/2020","01/04/2023","11/25/2020","Lot #: HV349"
"Drugs","No","","86653","Ongoing","Nostrum Laboratories Inc","1800 N Topping Ave","N/A","Kansas City","MO","	64120-1228","United States","Voluntary: Firm initiated","Letter","Nationwide","D-0068-2021","Class II","Metformin Hydrochloride Extended-Release Tablets, USP 500 mg, 100 count bottles, Rx Only. Manufactured by: Nostrum Laboratories, Inc. Kansas City, MO 64120. NDC 29033-055-01","20,872 bottles","CGMP Deviations: detection of N-Nitrosodimethylamine (NDMA) impurity above the acceptable intake level","10/23/2020","11/05/2020","N/A","11/11/2020","MET100201, MET100401 EXP 05/2022"
"Drugs","No","11/20/2020","86685","Terminated","Hikma Pharmaceuticals USA Inc.","2 Esterbrook Ln","N/A","Cherry Hill","NJ","	08003-4002","United States","Voluntary: Firm initiated","Letter","Nationwide in the U.S.","D-0101-2021","Class II","Sodium Chloride Injection, USP, 0.9%, 0.308 mOsmol/mL, 2mL Single Dose Vial, Preservative Free, For use as a sterile diluent, Rx Only, Mfd. by. West-ward Eatontown, NJ 07724 USA, a) Vial NDC 0641-0497-17, b) Carton of 25 vials NDC 0641-0497-25.  ","2,100,646 Vials","Failed pH Specifications: Out of Specification pH Test Results were found in Sodium Chloride Injection USP 0.9% 2 mL vial.","11/03/2020","11/20/2020","11/17/2022","11/25/2020","a) Vial Lot #s: 078338 Exp. 7/2021; Lot 088391, Exp. 08/2021; 098340, Exp. 09/2021; 108325 Exp. 10/2021; 010018 Exp. 1/2023; b) Carton Lot #: 068322, Exp. 06/2021."
"Drugs","No","11/19/2020","86690","Terminated","Grato Holdings, Inc.","201 Apple Blvd","N/A","Woodbine","IA","	51579-1503","United States","Voluntary: Firm initiated","Two or more of the following: Email, Fax, Letter, Press Release, Telephone, Visit","UT","D-0099-2021","Class III","Homeopathic Energy Catalyst, 1 fl oz (30 mL) Distributed by: Deseret Biologicals, Inc. 469 W. Parkland Drive Sandy, UT 84070. NDC 43742-0756-1.","399 bottles","Labeling: Product Contains Undeclared API; Incorrect formulation","09/17/2020","11/19/2020","10/18/2022","11/25/2020","Lot #s: Z60852, Z60012"
"Drugs","No","","86695","Terminated","AVKARE Inc.","615 N 1st St","N/A","Pulaski","TN","	38478-2403","United States","Voluntary: Firm initiated","Letter","Nationwide","D-0070-2021","Class II","Mesalamine Delayed-Release Tablets, USP 1.2 gram (Once-Daily), 120 Tablets bottle, Rx Only Manufactured for: AvKARE, Inc. Pulaski, TN 38478  NDC 42291-564-12","15,678 bottles","Failed Dissolution Specifications","10/30/2020","11/06/2020","06/02/2023","11/18/2020","Lots: 26085 Exp. 07/2021, 26426 Exp. 01/2022, 26983 Exp. 04/2022, 28647 Exp. 06/2022"
"Drugs","No","","86696","Terminated","Preferred Pharmaceuticals, Inc.","1250 N Lakeview Ave Ste O","N/A","Anaheim","CA","	92807-1801","United States","Voluntary: Firm initiated","Letter","Distributed to two physician's offices located in FL.","D-0077-2021","Class II","Metformin HCl Extended Release Tablets USP 500 mg, Generic for : Glucophage XR, Pkg Size 100, Mfg: Time-Cap Labs, Inc.; Farmingdale, NY, NDC #: 68788-6932-1, Preferred Pharmaceuticals, Inc.","99 bottles (9990 Extended Release Tablets)","CGMP Deviations: FDA analysis detected N-Nitrosodimethylamine (NDMA) levels in excess of the Acceptable Daily Intake Limit.","11/01/2020","11/14/2020","05/20/2024","11/25/2020","E0620F, Exp.12/31/2021; G2020M Exp., 04/30/2022"
"Drugs","No","","86698","Terminated","Jubilant Cadista Pharmaceuticals, Inc.","207 Kiley Dr","N/A","Salisbury","MD","	21801-2249","United States","Voluntary: Firm initiated","Letter","Product was distributed nationwide.","D-0104-2021","Class II","clomiPRAMINE Hydrochloride Capsules USP, 50 mg, 30-count bottle, Rx Only, Manufactured by: Jubilant Cadista Pharmaceuticals Inc., Salisbury, MD  NDC 59746-711-30  ","4,416 bottles","Failed Tablet/Capsule Specification","11/06/2020","11/24/2020","03/23/2022","12/02/2020","Lot# 20P0141, exp. date 02/2022"
"Drugs","No","","86705","Terminated","Teligent Pharma, Inc.","105 Lincoln Avenue","N/A","Buena","NJ","	08310","United States","Voluntary: Firm initiated","Letter","Distributed Nationwide in the USA","D-0110-2021","Class III","Triamcinolone Acetonide Lotion USP, 0.025%, 60 mL (60 grams) bottle, Rx Only, Teligent Pharma, Inc. Buena, New Jersey 08310, NDC 52565-010-59","4008 units","Subpotent Drug: One lot of Triamcinolone Acetonide Lotion, 0.025% 60 mL.does not meet assay results.","11/03/2020","11/25/2020","12/21/2023","12/02/2020","Lot #: 14481 Exp 10/31/2021"
"Drugs","No","","86712","Terminated","H & H Remedies, LLC","1219 S Broadway St","N/A","New Philadelphia","OH","	44663-9565","United States","Voluntary: Firm initiated","Press Release","Nationwide in the United States","D-0071-2021","Class II","Union (black) salve packaged in a) 1/8 oz; b) 2 oz.; c) 4 oz.; d) 8 oz.; e) 16 oz.; and f) 32 oz. jars. Mfg & Sold by: H & H Remedies, LLC c/o David A. Cox, 1219 South Broadway, New Philadelphia, OH 44663","939 jars","CGMP Deviations","10/21/2020","11/09/2020","05/12/2024","11/18/2020","Lot #: H20-01S thru H20-12S"
"Drugs","No","","86712","Terminated","H & H Remedies, LLC","1219 S Broadway St","N/A","New Philadelphia","OH","	44663-9565","United States","Voluntary: Firm initiated","Press Release","Nationwide in the United States","D-0072-2021","Class II","White Liniment packaged in a) 1 oz; b) 4 oz.; and c) 6 oz bottles. Mfg & Sold by: H & H Remedies, LLC c/o David A. Cox, 1219 South Broadway, New Philadelphia, OH 44663","365 bottles","CGMP Deviations","10/21/2020","11/09/2020","05/12/2024","11/18/2020","Lot #: H20-01W thru H20-84W"
"Drugs","No","","86712","Terminated","H & H Remedies, LLC","1219 S Broadway St","N/A","New Philadelphia","OH","	44663-9565","United States","Voluntary: Firm initiated","Press Release","Nationwide in the United States","D-0073-2021","Class II","Vapor Ointment packaged in a) 1/8 oz; b) 2 oz.; c) 4 oz.; and d) 8 oz jars. Mfg & Sold by: H & H Remedies, LLC c/o David A. Cox, 1219 South Broadway, New Philadelphia, OH 44663","252 jars","CGMP Deviations","10/21/2020","11/09/2020","05/12/2024","11/18/2020","Lot #: H20-01V thru H20-10V"
"Drugs","No","11/24/2020","86736","Terminated","Apotex Corp.","2400 N Commerce Pkwy Ste 400","N/A","Weston","FL","	33326-3253","United States","Voluntary: Firm initiated","Letter","Distributed Nationwide in the USA","D-0106-2021","Class II","Aripiprazole Tablets, USP 15 mg tablets, packaged in a) 1000 count bottle, NDC 60505-2675-8; b) 30 count bottle, NDC 60505-2675-3; Rx Only, Manufactured by: Apotex Inc. Toronto, Ontario Canada M9L 1T9 Manufactured for: Apotex Corp. Weston, Florida 33326","a)552 bottles; b) 3192 bottles","Failed Dissolution Specifications: Out of specification for dissolution.","11/11/2020","11/24/2020","08/11/2021","11/25/2020","a) PZ6716 Exp. 02/2021; b) PZ6715 Exp. 02/2021"
"Drugs","No","11/20/2020","86738","Terminated","Teva Pharmaceuticals USA","400 Interpace Pkwy","N/A","Parsippany","NJ","	07054-1120","United States","Voluntary: Firm initiated","Letter","Product was distributed Nationwide in the USA.","D-0100-2021","Class III","Testosterone Gel 1%, 2.5 grams per unit dose, packaged in 2.5 gram Unit-Dose Packets (NDC 0591-3216-17); 30 Unit-Dose Packets per carton (NDC 0591-3216-30), Rx only, Manufactured by: Actavis Laboratories UT, Inc., Salt Lake City, UT  84108; Distributed by: Actavis Pharma, Inc., Parsippany, NJ  07054.","12,088 cartons","Superpotent Drug: High out-of-specification assay results were obtained during stability testing.","11/11/2020","11/20/2020","06/24/2021","11/25/2020","Lot Number: 1351104, Exp 08/2021"
"Drugs","No","","86740","Terminated","EYWA PHARMA INC","2 Research Way","Floor 3","Princeton","NJ","	08540-6628","United States","Voluntary: Firm initiated","Letter","USA Nationwide","D-0109-2021","Class II","Levetiracetam Tablets, USP 500 mg, packaged in 120-count bottle, Rx only, Manufactured by: VKT Pharma Private Limited Srikakulam, India - 532 409, Manufactured for: Eywa Pharma Inc. 2 Research Way, Floor 3 Princeton, NJ 08540, NDC 71930-063-52","5451 bottles","Presence of foreign tablet/capsule: A 1000 mg Levetiracetam Tablet was found in 500 gram bottle of Levetiracetam Tablets.","11/10/2020","11/25/2020","10/16/2024","12/02/2020","Lot #: LEV5019021A, Exp 10/2021"
"Drugs","No","","86765","Terminated","Fresenius Kabi USA, LLC","3 Corporate Dr","N/A","Lake Zurich","IL","	60047-8930","United States","Voluntary: Firm initiated","Letter","Nationwide USA and Puerto Rico","D-0105-2021","Class III","DOXOrubicin Hydrochloride Injection, USP, 10 mg / 5 mL (2 mg / mL), 5 mL fill in a 6 mL vial, Single Dose Vial, Rx only, Sterile, Fresenius Kabi, Lake Zurich, IL 60047.  NDC: 63323-883-05","16,986 vials","Cross Contamination with Other Products: trace amounts of octreotide found during testing","11/17/2020","11/24/2020","08/25/2022","12/02/2020","Batch: 6120525, exp 11/2020"
"Drugs","No","","86786","Terminated","Golden State Medical Supply Inc.","5187 Camino Ruiz","N/A","Camarillo","CA","	93012-8601","United States","Voluntary: Firm initiated","Letter","Distributed Nationwide in the USA","D-0112-2021","Class II","ARIPIPRAZOLE TABLETS, 15 mg, 30-count. bottles, Rx Only, GSMS Incorporated, Manufactured by: Apotex Inc. Toronto, Ontario, Canada, Packaged by GSMS, Incorporated, Camarillo, CA 93012 USA, NDC #60429-449-30","11,922 bottles","FAILED DISSOLUTION SPECIFICATIONS: Possibility of out-of-specification (OOS) dissolution limits for the remaining shelf life of the Aripiprazole Tablets","11/17/2020","11/30/2020","07/22/2022","12/09/2020","Lot #: GS026353, GS027150, GS027653, GS028044, Exp. Date: 02/2021"
"Drugs","No","","86834","Terminated","Fusion Health and Vitality LLC","1360 Union Hill Rd","11B","Alpharetta","GA","	30004-8433","United States","Voluntary: Firm initiated","Letter","Nationwide in the U.S.","D-0107-2021","Class II","Immune Boost with natural strawberry flavor, 8,000 IU, Supports a Healthy and Balanced Immune System, 60 mL bottle, Manufactured by: Fusion Health and Vitality, LLC. 1360 Union Hill Road, Suite 11B Alpharetta, GA 30004.","5000 bottles","Marketed without an Approved NDA/ANDA: Product marketed with drug claims.","11/18/2020","11/25/2020","06/02/2023","12/02/2020","Lot #s: 200407, 200413, 200420, 200602, 200608."





