Product Type,Recently Updated Record,Last Modified Date,Event ID,Status,Recalling Firm,Address1,Address2,City,State/Province,Postal Code,Country,Voluntary/Mandated,Initial Firm Notification of Consignee or Public,Distribution Pattern,Recall Number,Classification,Product Description,Product Quantity,Reason for Recall,Recall Initiation Date,Center Classification Date,Termination Date,Report Date,Code Info
"Drugs","No","","97821","Ongoing","Advanced Pharmaceutical Technology, Inc.","132 S Central Ave","N/A","Elmsford","NY","	10523-3509","United States","Voluntary: Firm initiated","Letter","GA, NY, TX, Puerto Rico, United Kingdom, Malta, Greece","D-0258-2026","Class II","TESTO-100 CIII (testosterone 100 mg), 10 Sterile Pellets per carton, Rx only, Manufactured by: Advanced Pharmaceutical Technology, 132 South Central Avenue, Elmsford, NY 10523, NDC# 57377-100-01","22,843 pellets","Lack of Assurance of Sterility: Potential microbial contamination of subcutaneous pellets.","10/03/2025","01/14/2026","N/A","01/21/2026","Lot #: P-22-3, Exp 06-2027"
"Drugs","No","","98011","Ongoing","Agebox","108 W 13th St","N/A","Wilmington","DE","	19801-1145","United States","Voluntary: Firm initiated","E-Mail","The product was distributed nationwide in the U.S. Agebox sells its U.S. products through Agebox.com (using Shopify) and Amazon.com. All orders are shipped to customers by Agebox itself; other parties are not involved in the distribution of the physical product.","D-0344-2026","Class II","Agebox iKids-Growth (Day Formula) capsules, 60-count bottles, Manufactured Exclusively For: AGEBOX Inc., Wilmington, DE 19801 USA, UPC 8 50065 59701 0","665 bottles","Marketed Without an Approved NDA/ANDA: presence of undeclared ibutamoren","10/28/2025","02/25/2026","N/A","03/04/2026","Lot # 23101201 exp 09/2026, 24080801 exp 07/2027, and 25020701 exp 01/2028"
"Drugs","No","","98011","Ongoing","Agebox","108 W 13th St","N/A","Wilmington","DE","	19801-1145","United States","Voluntary: Firm initiated","E-Mail","The product was distributed nationwide in the U.S. Agebox sells its U.S. products through Agebox.com (using Shopify) and Amazon.com. All orders are shipped to customers by Agebox itself; other parties are not involved in the distribution of the physical product.","D-0345-2026","Class II","Agebox iKids-Growth (Night Formula), 60-count bottles, Manufactured Exclusively For: AGEBOX Inc., Wilmington, DE 19801 USA, UPC 850065597027","N/A","Marketed Without an Approved NDA/ANDA: presence of undeclared ibutamoren","10/28/2025","02/25/2026","N/A","03/04/2026","Lot # 23101202 exp 09/2026, 24080802 exp 07/2027, and 25020702 exp 01/2028"
"Drugs","No","","98062","Ongoing","SUN PHARMACEUTICAL INDUSTRIES INC","2 Independence Way","N/A","Princeton","NJ","	08540-6620","United States","Voluntary: Firm initiated","Letter","Nationwide in the USA.","D-0257-2026","Class III","Clindamycin Phosphate USP, 1% (10 mg/mL), Topical Solution, 60 mL per applicator bottle, Rx only, Mfd. by: Taro Pharmaceutical Industries Ltd., Haifa Bay, Israel; Dist. by: Taro Pharmaceuticals USA, Inc., Hawthorne, NY 10532, NDC# 51672-4081-4","N/A","Failed Impurities/Degradation: Out of Specification results for Total Impurities and for Assay.","11/26/2025","01/14/2026","N/A","01/21/2026","Lot#:  AD30154, AD31143, AD31145, Exp 11/30/2025"
"Drugs","No","","98119","Ongoing","Alembic Pharmaceuticals Limited","Formulation Division, Village Panelav, P.O. Tajpura, Near Baska, Taluka Halol","N/A","Panchmahal","N/A","	N/A","India","Voluntary: Firm initiated","N/A","US Nationwide and PR.","D-0248-2026","Class III","Fesoterodine Fumarate, Extended-release Tablets, 8 mg, 30 Tablets, Rx only, Manufactured by: Alembic Pharmaceuticals Limited, Panelav 389350, Gujarat, India, Manufactured for: Alembic Pharmaceuticals, Inc., Bedminster, NJ 07921, USA, NDC 62332-176-30","N/A","Failed Impurities/Degradation Specifications: Due to levels of 'Diester Impurity' exceeding the specification limit.","12/16/2025","01/02/2026","N/A","01/14/2026","Lot# 2405003360, Exp Date: Jan 31, 2026"
"Drugs","No","","98131","Ongoing","Signature Formulations, LLC","5446 W Roosevelt St Ste 101","N/A","Phoenix","AZ","	85043-2729","United States","Voluntary: Firm initiated","E-Mail","AZ only","D-0252-2026","Class II","ORL Kids Mouthwash, Bubblegum Flavor, 16.9 oz. (500ml) per bottle, ORL Labs, LLC, Scottsdale, Arizona USA","570 bottles","cGMP Deviations","12/08/2025","01/05/2026","N/A","01/14/2026","Lot #: 250505P9, Exp. Date 05/27"
"Drugs","No","","98131","Ongoing","Signature Formulations, LLC","5446 W Roosevelt St Ste 101","N/A","Phoenix","AZ","	85043-2729","United States","Voluntary: Firm initiated","E-Mail","AZ only","D-0253-2026","Class II","ORL Kids Natural Toothpaste, Bubblegum Flavor, 4 oz (120ml), ORL Labs, LLC, Scottsdale, Arizona USA","1,458 containers","cGMP Deviations","12/08/2025","01/05/2026","N/A","01/14/2026","Lot #: 250520P4, Exp. Date 05/27"
"Drugs","No","","98136","Ongoing","SpecGx, LLC","385 Marshall Ave","N/A","Webster Groves","MO","	63119-1831","United States","Voluntary: Firm initiated","E-Mail","Nationwide","D-0254-2026","Class II","Oxycodone and Acetaminophen CII Tablets USP, 10mg/325 mg, 100 tablets, Rx only, SpecGx LLC, Webster Groves, MO 63119, NDC 0406-0523-01. ","287,988 Bottles.","Failed Tablet/Capsule Specification: There is a potential for the imprint to be missing on tablets.","12/16/2025","01/07/2026","N/A","01/14/2026","Lot: 0523J23904, expires: 05/2027; 0523J24426, 0523J24427, expires: 06/2027."
"Drugs","No","","98156","Ongoing","NOVADOZ PHARMACEUTICALS LLC","20 Duke Rd Ste A","N/A","Piscataway","NJ","	08854-3714","United States","Voluntary: Firm initiated","Letter","US Nationwide.","D-0300-2026","Class III","Glycopyrrolate Oral Solution, 1 mg/5 mL, 16 oz. (473 mL), Rx only, Manufactured by: MSN Pharmaceuticals Inc., Piscataway, NJ 08854, Distributed by: Novadoz Pharmaceuticals LLC, Piscataway, NJ 08854, NDC 72205-070-72","N/A","Failed Impurities/Degradation Specifications","12/15/2025","01/28/2026","N/A","02/04/2026","Lot # CB2505159A, CB2505160A, Exp Date: 04/2027; Lot # CB2505161A, Exp Date: 05/2027"
"Drugs","No","","98136","Ongoing","SpecGx, LLC","385 Marshall Ave","N/A","Webster Groves","MO","	63119-1831","United States","Voluntary: Firm initiated","E-Mail","Nationwide","D-0255-2026","Class II","Oxycodone and Acetaminophen CII Tablets USP, 7.5 mg/325 mg, 100 tablets, Rx only, SpecGx LLC, Webster Groves, MO 63119, NDC 0406-0522-01.  Case label: SpecGx LLC, NDC 0406052201, Exp. 2027/03, Lot: 0522J23493","74,544 bottles","Failed Tablet/Capsule Specification: There is a potential for the imprint to be missing on tablets.","12/16/2025","01/07/2026","N/A","01/14/2026","Lot: 0522J23493, expires: 03/2027."
"Drugs","No","","98178","Ongoing","Baxter Healthcare Corporation","1 Baxter Pkwy","N/A","Deerfield","IL","	60015-4625","United States","Voluntary: Firm initiated","Letter","Nationwide","D-0296-2026","Class II","Sterile Water for Irrigation, 250 mL, Single-Dose Plastic Bottle, Rx Only, Baxter Healthcare Corporation Deerfield, IL 60015 NDC: 0338-0004-02.  ","125,496 bottles","Presence of particulate matter: plastic particles from the bottle rim were observed floating into the solution","12/22/2025","01/23/2026","N/A","02/04/2026","Lot #: G171359, expiry: 05/31/2027"
"Drugs","No","","98181","Ongoing","Imprimis NJOF, LLC","1705 Route 46 Ste 6B","N/A","Ledgewood","NJ","	07852-9720","United States","Voluntary: Firm initiated","Letter","U.S Nationwide","D-0249-2026","Class II","Dexamethasone   Moxifloxacin, 1 mg/mL and 5 mg/mL, 1 mL Intraocular Injection, Rx only, Imprimis NJOF, LLC, Ledgewood, NJ 07852, NDC 71384-512-0.1","778 boxes of 15,540 pre-filled syringes","Presence of particulate matter - Glass like particles.","12/18/2025","01/02/2026","N/A","01/14/2026","Lot: 25MAY051, Expires: 06/26/2026; 25AUG003, Expires:08/07/2026"
"Drugs","No","","98181","Ongoing","Imprimis NJOF, LLC","1705 Route 46 Ste 6B","N/A","Ledgewood","NJ","	07852-9720","United States","Voluntary: Firm initiated","Letter","U.S Nationwide","D-0250-2026","Class II","Dexamethasone  Moxifloxacin  Ketorolac, 1 mg/mL, 0.5 mg/mL, 0.4 mg/mL) Single-Use Intraocular Injection, Imprimis NJOF, LLC., 1705 Route 46 West, Unit 6B, Ledgewood, NJ 07852, NDC 71384-513-01.","596 boxes of 11,920 pre-filled syringes","Presence of particulate matter - Glass like particles.","12/18/2025","01/02/2026","N/A","01/14/2026","Lot: 25APR001A, 25APR001B, Expires: 04/03/2026."
"Drugs","No","","98181","Ongoing","Imprimis NJOF, LLC","1705 Route 46 Ste 6B","N/A","Ledgewood","NJ","	07852-9720","United States","Voluntary: Firm initiated","Letter","U.S Nationwide","D-0251-2026","Class II","Tri-Moxi+¿  (Triamcinolone 9mg/0.6mL, Moxifloxacin 0.6 mg/ 0.6 mL) Single-Use Intraocular Injection, Imprimis NJOF, LLC., 1705 Route 46 West, Unit 6B, Ledgewood, NJ 07852. NDC 71384-746-06.","314 boxes of 6,280 pre-filled syringes","Presence of particulate matter - Glass like particles.","12/18/2025","01/02/2026","N/A","01/14/2026","Lot: 25JAN033A, 25JAN033B, Expires: 02/12/2026."
"Drugs","No","","98193","Ongoing","Cipla USA, Inc.","10 Independence Blvd","N/A","Warren","NJ","	07059-2730","United States","Voluntary: Firm initiated","Letter","Nationwide in the USA","D-0291-2026","Class III","Diclofenac Sodium Topical Gel, 1%, NET WT 100 g (3.53 oz), Manufactured by: DPT Laboratories, Ltd., 307 E Josephine Street, San Antonio, TX 78215.  NDC: 76282-103-39","92,376 tubes","Failed PH Specifications","12/22/2025","01/20/2026","N/A","01/28/2026","Batch XHBG; Exp. 08/31/2027"
"Drugs","No","","98198","Ongoing","Haleon US Holdings LLC","184 Liberty Corner Rd Ste 200","N/A","Warren","NJ","	07059-6870","United States","Voluntary: Firm initiated","Letter","Nationwide in the USA","D-0297-2026","Class III","parodontax (cetylpyridinium chloride)ACTIVE GUM HEALTH, Mouthwash, Mint. Net Wt 16.9 FL OZ (500 mL), Distributed by Haleon, Warren, NJ 07059. NDC 0135-0651-02  ","84,764 bottles","Labeling: Incorrect or Missing Lot and/or Exp Date: Potential for missing or illegible lot and expiration date coding on the bottles.","12/26/2025","01/26/2026","N/A","02/04/2026","Lot #: 0665363, Exp 08/31/2027. Lot number and Exp Date may not appear on the 500 mL bottle."
"Drugs","No","","98216","Ongoing","Sato Pharmaceutical Co., Ltd","Ahc Building 1-5-27","N/A","Tokyo","N/A","	N/A","Japan","Voluntary: Firm initiated","Letter","CA and HI","D-0298-2026","Class II","INON ACE Antacid tablets (magnesium aluminosilicate, magnesium hydroxide and simethicone), 75-count bottle, Manufactured by: Sato Pharmaceutical Co., Ltd., NDC 49873-402-01","3,640 bottles","Failed Disintegration Specifications: above the time expected.","12/19/2025","01/27/2026","N/A","02/04/2026","Lot#: PWXT, Exp 1/31/2027"
"Drugs","No","","98225","Ongoing","Alvogen, Inc","44 Whippany Rd Ste 300","N/A","Morristown","NJ","	07960-4558","United States","Voluntary: Firm initiated","Letter","US Nationwide.","D-0259-2026","Class II","Levothyroxine Sodium Tablets, USP, Thyro-Tabs, 150mcg, 1000 Tablets, Rx only, Manufactured by: LLOYD, Inc., Shenandoah, IA, 51601 USA, Distributed by: Alvogen, Inc., Pine Brook, NJ 07058 USA, NDC: 47781-662-10.","N/A","Product Mix-Up: A single bottle of this lot was reported by a pharmacy to contain 88 mcg tablets instead of 150 mcg tablets.","12/31/2025","01/14/2026","N/A","01/21/2026","Lot # MHA21825, Exp Date: December 31, 2027"
"Drugs","No","04/22/2026","98227","Ongoing","Zydus Pharmaceuticals (USA) Inc","73 Route 31 N","N/A","Pennington","NJ","	08534-3601","United States","Voluntary: Firm initiated","Letter","US Nationwide.","D-0295-2026","Class II","Icosapent Ethyl capsules, 1 gram, 120-count bottles, Rx only, Manufactured by: Softgel Healthcare Pvt. Ltd., India, Distributed by: Zydus Pharmaceuticals (USA) Inc., Pennington, NJ 08534, NDC 70710-1592-07","22,896 bottles","Subpotent Drug: Due to oxidation caused by leakage of the contents of the capsules","12/30/2025","01/22/2026","N/A","01/28/2026","Lot # S2520304, S2520333, Exp 2/28/2027; S2540186, Exp 4/30/2027"
"Drugs","No","","98239","Ongoing","GOLD STAR DISTRIBUTION INC","1000 Humboldt Ave N","N/A","Minneapolis","MN","	55411-3964","United States","Voluntary: Firm initiated","Two or more of the following: Email, Fax, Letter, Press Release, Telephone, Visit","US Nationwide.","D-0261-2026","Class II","Advil a) Ibuprofen, Dispenser Pack, 2 tablet packets in box containing 50 individual packets, UPC: 305730154895; b) PM, Ibuprofen, Dispenser Pack, 2 Caplet packets in box containing 50 packets, UPC: 305730164559","Unkown","CGMP Deviations: Insanitary conditions including rodent exposure/activity in their distribution center.","12/26/2025","01/14/2026","N/A","01/21/2026","All lots within expiry distributed by Gold Star Distribution."
"Drugs","No","","98239","Ongoing","GOLD STAR DISTRIBUTION INC","1000 Humboldt Ave N","N/A","Minneapolis","MN","	55411-3964","United States","Voluntary: Firm initiated","Two or more of the following: Email, Fax, Letter, Press Release, Telephone, Visit","US Nationwide.","D-0262-2026","Class II","Aleve 1's, 60 CT","N/A","CGMP Deviations: Insanitary conditions including rodent exposure/activity in their distribution center.","12/26/2025","01/14/2026","N/A","01/21/2026","All lots within expiry distributed by Gold Star Distribution."
"Drugs","No","","98239","Ongoing","GOLD STAR DISTRIBUTION INC","1000 Humboldt Ave N","N/A","Minneapolis","MN","	55411-3964","United States","Voluntary: Firm initiated","Two or more of the following: Email, Fax, Letter, Press Release, Telephone, Visit","US Nationwide.","D-0263-2026","Class II","Alka Seltzer, a) Original, 2 tablets per packet in 58 count box, UPC: 815556020033, 016500514473, b) Plus Cold & Flu, 2 tablets per packet  in 36 count box, UPC: 016500594932  ","Unknown","CGMP Deviations: Insanitary conditions including rodent exposure/activity in their distribution center.","12/26/2025","01/14/2026","N/A","01/21/2026","All lots within expiry distributed by Gold Star Distribution."
"Drugs","No","","98239","Ongoing","GOLD STAR DISTRIBUTION INC","1000 Humboldt Ave N","N/A","Minneapolis","MN","	55411-3964","United States","Voluntary: Firm initiated","Two or more of the following: Email, Fax, Letter, Press Release, Telephone, Visit","US Nationwide.","D-0264-2026","Class II","Benadryl, 25'S 2PK Box, UPC 815556020316 ","N/A","CGMP Deviations: Insanitary conditions including rodent exposure/activity in their distribution center.","12/26/2025","01/14/2026","N/A","01/21/2026","All lots within expiry distributed by Gold Star Distribution."
"Drugs","No","","98239","Ongoing","GOLD STAR DISTRIBUTION INC","1000 Humboldt Ave N","N/A","Minneapolis","MN","	55411-3964","United States","Voluntary: Firm initiated","Two or more of the following: Email, Fax, Letter, Press Release, Telephone, Visit","US Nationwide.","D-0265-2026","Class II","Bayer 2Pk- 25 CT","N/A","CGMP Deviations: Insanitary conditions including rodent exposure/activity in their distribution center.","12/26/2025","01/14/2026","N/A","01/21/2026","All lots within expiry distributed by Gold Star Distribution."
"Drugs","No","","98239","Ongoing","GOLD STAR DISTRIBUTION INC","1000 Humboldt Ave N","N/A","Minneapolis","MN","	55411-3964","United States","Voluntary: Firm initiated","Two or more of the following: Email, Fax, Letter, Press Release, Telephone, Visit","US Nationwide.","D-0266-2026","Class II","Claritin, 20 Count, UPC: 655708016305 ","Unknown","CGMP Deviations: Insanitary conditions including rodent exposure/activity in their distribution center.","12/26/2025","01/14/2026","N/A","01/21/2026","All lots within expiry distributed by Gold Star Distribution."
"Drugs","No","","98239","Ongoing","GOLD STAR DISTRIBUTION INC","1000 Humboldt Ave N","N/A","Minneapolis","MN","	55411-3964","United States","Voluntary: Firm initiated","Two or more of the following: Email, Fax, Letter, Press Release, Telephone, Visit","US Nationwide.","D-0267-2026","Class II","DAYQUIL COLD & FLU, 32CT/2PK","Unknown","CGMP Deviations: Insanitary conditions including rodent exposure/activity in their distribution center.","12/26/2025","01/14/2026","N/A","01/21/2026","All lots within expiry distributed by Gold Star Distribution."
"Drugs","No","","98239","Ongoing","GOLD STAR DISTRIBUTION INC","1000 Humboldt Ave N","N/A","Minneapolis","MN","	55411-3964","United States","Voluntary: Firm initiated","Two or more of the following: Email, Fax, Letter, Press Release, Telephone, Visit","US Nationwide.","D-0268-2026","Class II","LIQUID DAYQUIL 12/8oz","N/A","CGMP Deviations: Insanitary conditions including rodent exposure/activity in their distribution center.","12/26/2025","01/14/2026","N/A","01/21/2026","All lots within expiry distributed by Gold Star Distribution."
"Drugs","No","","98239","Ongoing","GOLD STAR DISTRIBUTION INC","1000 Humboldt Ave N","N/A","Minneapolis","MN","	55411-3964","United States","Voluntary: Firm initiated","Two or more of the following: Email, Fax, Letter, Press Release, Telephone, Visit","US Nationwide.","D-0269-2026","Class II","EXCEDRIN 2'S DISP.- 30 CT","N/A","CGMP Deviations: Insanitary conditions including rodent exposure/activity in their distribution center.","12/26/2025","01/14/2026","N/A","01/21/2026","All lots within expiry distributed by Gold Star Distribution."
"Drugs","No","","98239","Ongoing","GOLD STAR DISTRIBUTION INC","1000 Humboldt Ave N","N/A","Minneapolis","MN","	55411-3964","United States","Voluntary: Firm initiated","Two or more of the following: Email, Fax, Letter, Press Release, Telephone, Visit","US Nationwide.","D-0270-2026","Class II","EXCEDRIN MIGRAINE 2'S- 25 CT","N/A","CGMP Deviations: Insanitary conditions including rodent exposure/activity in their distribution center.","12/26/2025","01/14/2026","N/A","01/21/2026","All lots within expiry distributed by Gold Star Distribution."
"Drugs","No","","98239","Ongoing","GOLD STAR DISTRIBUTION INC","1000 Humboldt Ave N","N/A","Minneapolis","MN","	55411-3964","United States","Voluntary: Firm initiated","Two or more of the following: Email, Fax, Letter, Press Release, Telephone, Visit","US Nationwide.","D-0271-2026","Class II","MOTRIN 2'S DISP.- 50CT","N/A","CGMP Deviations: Insanitary conditions including rodent exposure/activity in their distribution center.","12/26/2025","01/14/2026","N/A","01/21/2026","All lots within expiry distributed by Gold Star Distribution."
"Drugs","No","","98239","Ongoing","GOLD STAR DISTRIBUTION INC","1000 Humboldt Ave N","N/A","Minneapolis","MN","	55411-3964","United States","Voluntary: Firm initiated","Two or more of the following: Email, Fax, Letter, Press Release, Telephone, Visit","US Nationwide.","D-0272-2026","Class II","LIQUID NYQUIL a) regular, 12/8oz; b) cherry, 12/8oz","N/A","CGMP Deviations: Insanitary conditions including rodent exposure/activity in their distribution center.","12/26/2025","01/14/2026","N/A","01/21/2026","All lots within expiry distributed by Gold Star Distribution."
"Drugs","No","","98239","Ongoing","GOLD STAR DISTRIBUTION INC","1000 Humboldt Ave N","N/A","Minneapolis","MN","	55411-3964","United States","Voluntary: Firm initiated","Two or more of the following: Email, Fax, Letter, Press Release, Telephone, Visit","US Nationwide.","D-0273-2026","Class II","NYQUIL COLD & FLU -32CT/2PK","N/A","CGMP Deviations: Insanitary conditions including rodent exposure/activity in their distribution center.","12/26/2025","01/14/2026","N/A","01/21/2026","All lots within expiry distributed by Gold Star Distribution."
"Drugs","No","","98239","Ongoing","GOLD STAR DISTRIBUTION INC","1000 Humboldt Ave N","N/A","Minneapolis","MN","	55411-3964","United States","Voluntary: Firm initiated","Two or more of the following: Email, Fax, Letter, Press Release, Telephone, Visit","US Nationwide.","D-0274-2026","Class II","CHILDREN NYQUIL, COLD&FLU, BERRY, 8oz, 12ct","N/A","CGMP Deviations: Insanitary conditions including rodent exposure/activity in their distribution center.","12/26/2025","01/14/2026","N/A","01/21/2026","All lots within expiry distributed by Gold Star Distribution."
"Drugs","No","","98239","Ongoing","GOLD STAR DISTRIBUTION INC","1000 Humboldt Ave N","N/A","Minneapolis","MN","	55411-3964","United States","Voluntary: Firm initiated","Two or more of the following: Email, Fax, Letter, Press Release, Telephone, Visit","US Nationwide.","D-0275-2026","Class II","PEPTO BISMOL 32CT","N/A","CGMP Deviations: Insanitary conditions including rodent exposure/activity in their distribution center.","12/26/2025","01/14/2026","N/A","01/21/2026","All lots within expiry distributed by Gold Star Distribution."
"Drugs","No","","98239","Ongoing","GOLD STAR DISTRIBUTION INC","1000 Humboldt Ave N","N/A","Minneapolis","MN","	55411-3964","United States","Voluntary: Firm initiated","Two or more of the following: Email, Fax, Letter, Press Release, Telephone, Visit","US Nationwide.","D-0276-2026","Class II","PEPCID COMPLETE - 25CT","N/A","CGMP Deviations: Insanitary conditions including rodent exposure/activity in their distribution center.","12/26/2025","01/14/2026","N/A","01/21/2026","All lots within expiry distributed by Gold Star Distribution."
"Drugs","No","","98239","Ongoing","GOLD STAR DISTRIBUTION INC","1000 Humboldt Ave N","N/A","Minneapolis","MN","	55411-3964","United States","Voluntary: Firm initiated","Two or more of the following: Email, Fax, Letter, Press Release, Telephone, Visit","US Nationwide.","D-0277-2026","Class II","TYLENOL a) 500 MG., 2'S DISPLAY, 50CT; b) COLD & FLU, 25CT/2S; c) COLD & FLU SEVERE, 2PK, 50CT; d) PM, 50CT; e) SINUS SEVERE, 2PK, 50CT","N/A","CGMP Deviations: Insanitary conditions including rodent exposure/activity in their distribution center.","12/26/2025","01/14/2026","N/A","01/21/2026","All lots within expiry distributed by Gold Star Distribution."
"Drugs","No","","98239","Ongoing","GOLD STAR DISTRIBUTION INC","1000 Humboldt Ave N","N/A","Minneapolis","MN","	55411-3964","United States","Voluntary: Firm initiated","Two or more of the following: Email, Fax, Letter, Press Release, Telephone, Visit","US Nationwide.","D-0278-2026","Class II","Halls Cough Drops a) BAGS, MENTHOL, 12CT; b) BAGS, HONEY LEM, 12CT; c) BAGS, DEFENSE CITRUS, 12CT; d) BAGS, CHERRY, 12CT; e) M. CHERRY, 20 STK; f) BRAZIL, Cherry, 21CT/27.5G; f) LEMON. HONEY, 20CT #1180E; g) LIME FRESH, 20CT, #1182; h) MENTHOL BLUE, 20CT, #1180A; i) BRAZIL, Menthol, 21CT/27.5G, j) M . STRAWBERRY, 20 STK; k) DEFENSE, VITAMIN C, 20CT, #1181","N/A","CGMP Deviations: Insanitary conditions including rodent exposure/activity in their distribution center.","12/26/2025","01/14/2026","N/A","01/21/2026","All lots within expiry distributed by Gold Star Distribution."
"Drugs","No","","98239","Ongoing","GOLD STAR DISTRIBUTION INC","1000 Humboldt Ave N","N/A","Minneapolis","MN","	55411-3964","United States","Voluntary: Firm initiated","Two or more of the following: Email, Fax, Letter, Press Release, Telephone, Visit","US Nationwide.","D-0279-2026","Class II","TUMS a) Assorted, 12 Ct.; b) Extra Strength (EX) Assorted Berries, 12-count #1194A *05/27; c)Extra Strength (EX) Assorted Fruit, 12-count, #1194C *03/27","N/A","CGMP Deviations: Insanitary conditions including rodent exposure/activity in their distribution center.","12/26/2025","01/14/2026","N/A","01/21/2026","All lots within expiry distributed by Gold Star Distribution."
"Drugs","No","","98241","Ongoing","SUN PHARMACEUTICAL INDUSTRIES INC","2 Independence Way","N/A","Princeton","NJ","	08540-6620","United States","Voluntary: Firm initiated","Letter","Nationwide within the USA","D-0256-2026","Class III","Fluocinolone Acetonide Solution Topical Solution USP, 0.01%, 60-mL bottles, Rx only, Dist. by: Taro Pharmaceuticals Inc., Hawthorn, NY 10532. NDC 51672-1365-4","24,624 bottles","Failed Impurities/Degradation Specifications: Out of specification result was obtained for the known impurity D.","12/30/2025","01/13/2026","N/A","01/21/2026","Lot #: AD81290, AD81291, AD81292 and AD81293, Exp. Date 1/31/2027"
"Drugs","No","01/20/2026","98246","Ongoing","AvKARE","615 N 1st St","N/A","Pulaski","TN","	38478-2403","United States","Voluntary: Firm initiated","Letter","Nationwide in the USA","D-0292-2026","Class II","Rosuvastatin Tablets, USP, 10 mg, Rx Only, 50 Tablets (5 x 10) Unit Dose per carton, Manufactured for: AvKARE, Pulaski, TN 38478.  NDC:  50268-709-15","7,991 5x10 cartons","Out of specification for dissolution.","12/31/2025","01/20/2026","N/A","01/14/2026","Lot #49124, Exp Date 12/31/2026"
"Drugs","No","","98247","Ongoing","Cipla USA, Inc.","10 Independence Blvd","N/A","Warren","NJ","	07059-2730","United States","Voluntary: Firm initiated","N/A","Nationwide in the USA","D-0290-2026","Class II","Lanreotide Injection, 120 mg/0.5 mL, 0.5 mL per pre-filled syringe, For deep subcutaneous injection, Rx Only, Manufactured for: Cipla USA, Inc., 10 Independence Boulevard, Suite 300, Warren, NJ 07059.  NDC:  69097-870-67","15,221 syringes","Presence of Particulate Matter.","01/02/2026","01/15/2026","N/A","01/21/2026","Lot, expiry:   4301954IR1 , exp  31/10/2026 ;  4301994IR1 , exp  31/10/2026 ;  4301995IR1 , exp  31/10/2026 ;  4301996IR1 , exp  31/10/2026 ;  4400005IR1 , exp  30/11/2026 ;  4400006IR1 , exp  30/11/2026 ;  4400007IR1 , exp  30/11/2026 ;  4400124IR1 , exp  30/11/2026 ;  4400154IR1 , exp  30/11/2026 ;  4400155IR1 , exp  30/11/2026 ;  4400156IR1 , exp  30/11/2026 ;  4400373IR1 , exp  31/12/2026 ;  4400374IR1 , exp  31/12/2026 ;  4400375IR1 , exp  31/12/2026 ;  4400455IR1 , exp  31/1/2027 ;  4400456IR1 , exp  31/1/2027 ;  4400457IR1 , exp  31/1/2027 ;  4400544IR1 , exp  28/2/2027 ;  4400606IR1 , exp  28/2/2027 ;  4400607IR1 , exp  28/2/2027 ;  4400696IR1 , exp  28/2/2027 ;  4400697IR1 , exp  28/2/2027 ;  4400779IR1 , exp  28/2/2027 ;  4400780IR1 , exp  28/2/2027 ;  4400781IR1 , exp  28/2/2027 ;  4400844IR1 , exp  31/3/2027 ;  4400845IR1 , exp  31/3/2027 ;  4400849IR1 , exp  31/3/2027 ;  4400984IR1 , exp  31/3/2027 ;  4400985RIR , exp  31/3/2027 ;  4400986IR1 , exp  31/3/2027 ;  4401023IR1 , exp  31/3/2027 ;"
"Drugs","No","","98253","Ongoing","Wizcure Pharmaa Private Limited","H - 881","N/A","Bhiwadi","N/A","	N/A","India","Voluntary: Firm initiated","Letter","Distributed Nationwide in the USA","D-0346-2026","Class II","Vista Tears Polyethylene Glycol 400 0.4% w/v, Propylene Glycol 0.3% w/v Eye Drops, Dry Eye Relief, Lubricant Drops, Sterile 10 ml (1/3 fl. oz.), Manufactured by: RA/Drugs/ MFG/2019/196283, Omni Lens Pvt. Ltd. 5, Samrudhhi, Opposite:Sakar-III, Navrangpura, Ahmedabad-380014, INDIA. Manufactured for and distributed by hi-health, 15207 N. 75th Street, Suite #104, Scottsdale, AZ, 85260. NDC 77790-001-10.","5,760 cartons","Lack of Assurance of Sterility: Products have not been manufactured in conformance with current good manufacturing practices.","12/31/2025","02/25/2026","N/A","03/04/2026","All lots"
"Drugs","No","","98253","Ongoing","Wizcure Pharmaa Private Limited","H - 881","N/A","Bhiwadi","N/A","	N/A","India","Voluntary: Firm initiated","Letter","Distributed Nationwide in the USA","D-0347-2026","Class II","Vista Gel Hypromellose USP 0.3% w/v, Eye Drops Dry Eye Relief Lubricating Gel, 10 ml. (1/3 fl. oz), Wizcure Pharmaa PVT. LTD, H-881, Phase-3, RIICO Industrial Area, Bhiwadi-301019, India, Manufactured for and distributed by: hi-health, 15207 N. 75th Street, Suite #104, Scottsdale, AZ, 85260, NDC 77790-002-10.","17,280 cartons","Lack of Assurance of Sterility: Products have not been manufactured in conformance with current good manufacturing practices.","12/31/2025","02/25/2026","N/A","03/04/2026","All lots"
"Drugs","No","","98253","Ongoing","Wizcure Pharmaa Private Limited","H - 881","N/A","Bhiwadi","N/A","	N/A","India","Voluntary: Firm initiated","Letter","Distributed Nationwide in the USA","D-0348-2026","Class II","Vista Meibo Tears Propylene Glycol 0.6% w/v Eye Drops Advanced Dry Eye Relief Revitalizing Formula, 10 ml (1/3 fl.oz.), Wizcure Pharmaa PVT. LTD., H-881, Phase 3, RIICO Industrial Area, Bhiwadi-301019, India, Manufactured for and distributed by: hi-health, 15207 N. 75th Street, Suite #104, Scottsdale, AZ 85260, NDC 77790-003-10.    ","11,520 cartons","Lack of Assurance of Sterility: Products have not been manufactured in conformance with current good manufacturing practices.","12/31/2025","02/25/2026","N/A","03/04/2026","All lots"
"Drugs","No","","98253","Ongoing","Wizcure Pharmaa Private Limited","H - 881","N/A","Bhiwadi","N/A","	N/A","India","Voluntary: Firm initiated","Letter","Distributed Nationwide in the USA","D-0349-2026","Class II","Vista Gonio Eye Lubricant, Hypromellose Ophthalmic Solution USP (Sterile Drops. Dry Eye Relief, 15 ml. (1/2 fl. oz.), Wizcure Pharmaa Pvt. Ltd., H-881, Phase-3, RIICO Industrial Area, Bhiwadi-901019, INDIA, Manufactured for and distributed by: hi-health, 15207 N. 75th Street, Suite #104, Scottsdale, AZ, 85260, NDC 77790-022-15.   ","139,104 cartons","Lack of Assurance of Sterility: Products have not been manufactured in conformance with current good manufacturing practices.","12/31/2025","02/25/2026","N/A","03/04/2026","All lots"
"Drugs","No","","98253","Ongoing","Wizcure Pharmaa Private Limited","H - 881","N/A","Bhiwadi","N/A","	N/A","India","Voluntary: Firm initiated","Letter","Distributed Nationwide in the USA","D-0350-2026","Class II","CHNaO Fluorescein Sodium Ophthalmic Strips, USP 1mg, packaged as a) 100-count box, NDC 83851-100-10; b) 300-count box, NDC 83851-100-30.  Manufactured by Wizcure Pharmaa PVT. LTD, H-681, Phase 3, RIICO Industrial Area, Bhiwadi- 301019 INDIA, Vistamerica USA, 20 Perkins Dr. Prescott, AZ 86301, Vistamerica USA, Made in India,","10,080 boxes","Lack of Assurance of Sterility: Products have not been manufactured in conformance with current good manufacturing practices.","12/31/2025","02/25/2026","N/A","03/04/2026","All lots"
"Drugs","No","","98262","Ongoing","Encon Safety Products Co","6825 W Sam Houston Pkwy N","N/A","Houston","TX","	77041-4026","United States","Voluntary: Firm initiated","Letter","Nationwide within the United States","D-0260-2026","Class II","AQ 120 GFEW, Aquarion Preserved Cartridges (2) 3.7 Gallons each","7677 bags","cGMP deviations.","01/06/2026","01/14/2026","N/A","01/21/2026","Lot #: 239066, Exp. Date 1/24/2027; 378106, Exp. Date 3/8/2026; 379202, Exp. Date 3/29/2026; 379750, Exp. Date 4/24/2026; 380983, Exp. Date 5/24/2026; 382901, Exp. Date 7/11/2026; 384682, Exp. Date 8/16/2026; 386189, Exp. Date 9/20/2026; 387559, Exp. Date 10/11/2026; 388381, Exp. Date 11/2/2026; 398066, Exp. Date 1/24/2027; 389477, Exp. Date 2/21/2027; 392491, Exp. Date 3/13/2027; 393724, Exp. Date 4/3/2027, 394683, Exp. Date 4/29/2027; 395094, Exp. Date 5/29/2027; 395231, Exp. Date 6/18/2027; 395368, Exp. Date 7/17/2027, 397971, Exp. Date 11/8/2027; 398930, Exp. Date 8/28/2027; 399204, Exp. Date 9/25/2027; 400300, Exp. Date 10/16/2027; 403177, Exp. Date 11/8/2027; 403314, Exp. Date 11/25/2027; 405095, Exp. Date 1/24/2028; 406328, Exp. Date 2/14/2028; 407700, Exp. Date 4/3/2028; 407974, Exp. Date 4/17/2028; ; 410166, Exp. Date 6/13/2028; 410988, Exp. Date 7/1/2028."
"Drugs","No","","98275","Ongoing","Teva Pharmaceuticals USA, Inc","400 Interpace Pkwy Bldg A","N/A","Parsippany","NJ","	07054-1120","United States","Voluntary: Firm initiated","Letter","FL, OH, PR & MS  ","D-0445-2026","Class II","Isotretinoin Capsules, USP, 30 mg, Rx Only, 10 count Prescription Pack, Manufactured for: Teva Pharmaceuticals USA, Inc., Parsippany, NJ 07054, NDC 0591-2435-15 (carton), NDC 0591-2435-45 (blister pack).","21984 packages","Superpotent and Subpotent","01/12/2026","04/08/2026","N/A","04/15/2026","Lots 100055426, Exp. date 02/2026,  100071518, Exp. date 04/2027 & 100072450, Exp. Date 07/2027"
"Drugs","No","","98278","Ongoing","Greenstone Llc","100 Route 206 North","N/A","Peapack","NJ","	07977","United States","Voluntary: Firm initiated","Letter","Nationwide within the United States","D-0299-2026","Class II","methylprednisolone tablets, USP Dosepak, 4 mg, 1 Blister Card per Carton containing 21 Tablets, Rx only, Distributed by: Greenstone LLC, Peapack, NJ 07977. NDC 59762-4440-2","3456 cartons","Labeling: Not Elsewhere Classified. Incorrect orientation of the blister foil applied to the blister cavities, which results in incorrect dosing information when following the directions on the foil.","01/15/2026","01/28/2026","N/A","02/04/2026","Lot # LG7675, Exp. Date Nov 2026"
"Drugs","No","","98239","Ongoing","GOLD STAR DISTRIBUTION INC","1000 Humboldt Ave N","N/A","Minneapolis","MN","	55411-3964","United States","Voluntary: Firm initiated","Two or more of the following: Email, Fax, Letter, Press Release, Telephone, Visit","US Nationwide.","D-0280-2026","Class II","Swan, White Clear Alcohol, 50%, 16oz, 12 count ","Unknown","CGMP Deviations: Insanitary conditions including rodent exposure/activity in their distribution center.","12/26/2025","01/14/2026","N/A","01/21/2026","All lots within expiry distributed by Gold Star Distribution."
"Drugs","No","","98239","Ongoing","GOLD STAR DISTRIBUTION INC","1000 Humboldt Ave N","N/A","Minneapolis","MN","	55411-3964","United States","Voluntary: Firm initiated","Two or more of the following: Email, Fax, Letter, Press Release, Telephone, Visit","US Nationwide.","D-0281-2026","Class II","Personal Care, Ice Gel, 8oz, 12 count, UPC 048155903463","Unknown","CGMP Deviations: Insanitary conditions including rodent exposure/activity in their distribution center.","12/26/2025","01/14/2026","N/A","01/21/2026","All lots within expiry distributed by Gold Star Distribution."
"Drugs","No","","98239","Ongoing","GOLD STAR DISTRIBUTION INC","1000 Humboldt Ave N","N/A","Minneapolis","MN","	55411-3964","United States","Voluntary: Firm initiated","Two or more of the following: Email, Fax, Letter, Press Release, Telephone, Visit","US Nationwide.","D-0282-2026","Class II","Carmex a) jar, 12 count, UPC: 083078123154, 083078113155; b) Tube, PEG, 12 count, UPC: 083078123147, 083078113148  ","Unknown","CGMP Deviations: Insanitary conditions including rodent exposure/activity in their distribution center.","12/26/2025","01/14/2026","N/A","01/21/2026","All lots within expiry distributed by Gold Star Distribution."
"Drugs","No","","98239","Ongoing","GOLD STAR DISTRIBUTION INC","1000 Humboldt Ave N","N/A","Minneapolis","MN","	55411-3964","United States","Voluntary: Firm initiated","Two or more of the following: Email, Fax, Letter, Press Release, Telephone, Visit","US Nationwide.","D-0283-2026","Class II","Personal Care, Vaporizing Chest Rub, 4 oz, 12 count, UPC 048155903319 ","Unknown","CGMP Deviations: Insanitary conditions including rodent exposure/activity in their distribution center.","12/26/2025","01/14/2026","N/A","01/21/2026","All lots within expiry distributed by Gold Star Distribution."
"Drugs","No","","98239","Ongoing","GOLD STAR DISTRIBUTION INC","1000 Humboldt Ave N","N/A","Minneapolis","MN","	55411-3964","United States","Voluntary: Firm initiated","Two or more of the following: Email, Fax, Letter, Press Release, Telephone, Visit","US Nationwide.","D-0284-2026","Class II","LUCKY ICE, Cool Mouthwash, Alcohol Free, 16.9oz, 12CT, UPC: 808829108989  ","Unknown","CGMP Deviations: Insanitary conditions including rodent exposure/activity in their distribution center.","12/26/2025","01/14/2026","N/A","01/21/2026","All lots within expiry distributed by Gold Star Distribution."
"Drugs","No","","98239","Ongoing","GOLD STAR DISTRIBUTION INC","1000 Humboldt Ave N","N/A","Minneapolis","MN","	55411-3964","United States","Voluntary: Firm initiated","Two or more of the following: Email, Fax, Letter, Press Release, Telephone, Visit","US Nationwide.","D-0285-2026","Class II","Petroleum jelly: a) Vaseline Petroleum Jelly, 1.75, 12CT, UPC: 6001085120946; b) Vaseline Men Cooling Petroleum Jelly, 100ML, 12CT, UPC: 60022141; c) Vaseline Vitamin E, Petroleum Jelly, 100ML, 12CT, UPC: 6001085121028; MEN FRESH PETROLEUM JELLY, 100ML, 12CT, UPC: 60022127; d) Lucky Petroleum Jelly, 6 OZ, 12 PK, UPC: 808829081466;048155903562; e) Lucky Petroleum Jelly, COCOA, 6oz, 12ct, UPC: 808829081572, 048155922150; f) Personal Care, CREAMY PETROLEUM JELLY, 4.5oz, 12CT, UPC: 048155908642; g) Personal Care, CREAMY COCOA PETROLEUM JELLY, 4.5oz, 12CT, UPC: 048155922242; h) SOFTEE, PETROLEUM JELLY, 5oz, 12CT, UPC: 096002007208           ","Unknown","CGMP Deviations: Insanitary conditions including rodent exposure/activity in their distribution center.","12/26/2025","01/14/2026","N/A","01/21/2026","All lots within expiry distributed by Gold Star Distribution."
"Drugs","No","","98239","Ongoing","GOLD STAR DISTRIBUTION INC","1000 Humboldt Ave N","N/A","Minneapolis","MN","	55411-3964","United States","Voluntary: Firm initiated","Two or more of the following: Email, Fax, Letter, Press Release, Telephone, Visit","US Nationwide.","D-0286-2026","Class II","Deodorant: a) Axe, Body Spray, Wild Spice, 6CT, 150ML, UPC: 600108736469; b) LUCKY MENS STICK DEODORANT, SPRING FRESH, 24CT, 2.5 OZ, UPC: 808829111668; c) LUCKY MENS STICK DEODORANT, FRESH COMFORT, 24CT, 1.6 OZ, UPC: 808829089103; d) LADY  DEODORANT, CHERRY BLOSSOSM, 24CT, 1.8oz, UPC: 048155921092; e) AXE, BODY SPRAY, APOLLO, 6CT, 150ML; f) AXE, BODY SPRAY, BLACK, 6CT, 150ML; g) AXE, BODY SPRAY, DARK TEMPTATION, 6CT, 150ML; h) AXE, BODY SPRAY, GOLD, 6CT, 150ML; i) AXE, BODY SPRAY, EXCITE, 6CT, 150ML; j) AXE, BODY SPRAY, ICE CHILL, 6CT, 150ML; k) AXE, BODY SPRAY, MUSK, 6CT, 150ML; l) AXE, DEODORANT SPRAY, ADRENALIN, 6CT, 150ML            ","N/A","CGMP Deviations: Insanitary conditions including rodent exposure/activity in their distribution center.","12/26/2025","01/14/2026","N/A","01/21/2026","All lots within expiry distributed by Gold Star Distribution."
"Drugs","No","","98239","Ongoing","GOLD STAR DISTRIBUTION INC","1000 Humboldt Ave N","N/A","Minneapolis","MN","	55411-3964","United States","Voluntary: Firm initiated","Two or more of the following: Email, Fax, Letter, Press Release, Telephone, Visit","US Nationwide.","D-0287-2026","Class II","Toothpaste: a) COLGATE, TOOTHPASTE, WHITENING, 2.5oz, 24ct; UPC: 035000511065; b) COLGATE, TOOTHPASTE, Regular, 2.5oz, 24ct, UPC: 035000511058; c) COLGATE, TOOTHPASTE, TRIPLE, 2.5oz, 24ct, UPC: 035000512109; d) COLGATE, TOOTHPASTE, MINT ZING, 24CT, 2.5oz, UPC: 035000744609; COLGATE, MAXFRESH, SPICY FRESH, RED TOOTH PASTE, 72CT, 150G; e) CREST, TOOTHPASTE, 40CT, 8.2OZ, UPC: 037000247081       ","N/A","CGMP Deviations: Insanitary conditions including rodent exposure/activity in their distribution center.","12/26/2025","01/14/2026","N/A","01/21/2026","All lots within expiry distributed by Gold Star Distribution."
"Drugs","No","","98289","Ongoing","Graviti Pharmaceuticals Private Limited","E & 621 Patancheru Mandal","Isnapur Village Rd; Survey No 621","Hyderabad","N/A","	N/A","India","Voluntary: Firm initiated","Letter","U.S. Nationwide","D-0293-2026","Class II","Furosemide Tablets, USP 40 mg, 1,000 Tablets, Rx Only, Manufactured for: Rising Pharmaceuticals Inc., East Brunswick, NJ 08816, Manufactured by: Graviti Pharmaceuticals Pvt. Ltd. Telangana - 502307, India, NDC 64980-563-10. ","4212 bottles","Presence of Foreign Substance","01/10/2026","01/21/2026","N/A","01/28/2026","Lot# FUB125042G; Exp. 05/13/2027"
"Drugs","No","","98275","Ongoing","Teva Pharmaceuticals USA, Inc","400 Interpace Pkwy Bldg A","N/A","Parsippany","NJ","	07054-1120","United States","Voluntary: Firm initiated","Letter","FL, OH, PR & MS  ","D-0446-2026","Class II","Isotretinoin Capsules, USP, 40 mg, 10 count Prescription Pacs, Rx only, Manufactured for: Teva Pharmaceuticals USA, Inc., Parsippany, NJ 07054, NDC 0591-2436-15 (carton), NDC 0591-2436-45 (blister pack).","8376 packages","Superpotent and Subpotent","01/12/2026","04/08/2026","N/A","04/15/2026","Lots 100075305  Exp date 06/2027, 100075512, Exp date 07/2027 & 100076103, Exp date 07/2027 ."
"Drugs","No","","98253","Ongoing","Wizcure Pharmaa Private Limited","H - 881","N/A","Bhiwadi","N/A","	N/A","India","Voluntary: Firm initiated","Letter","Distributed Nationwide in the USA","D-0351-2026","Class II","Bio Glo Fluorescein Sodium Ophthalmic Strips USP, 300 diagnostic strips, Manufactured Omni Lens Pvt Ltd 5 - Samruddhi, Opp. Sakar - III,  Navrangpura, Ahmedabad - 380014, India, Email:info@omnilens.in, Manufactured for & distributed by: HUB Pharmaceuticals, LLC, 8767 E Via de Ventura #175, Scottsdale, AZ, 85258, NDC 17238-900-30.","50,400 Boxes","Lack of Assurance of Sterility: Products have not been manufactured in conformance with current good manufacturing practices.","12/31/2025","02/25/2026","N/A","03/04/2026","All lots"
"Drugs","No","","98253","Ongoing","Wizcure Pharmaa Private Limited","H - 881","N/A","Bhiwadi","N/A","	N/A","India","Voluntary: Firm initiated","Letter","Distributed Nationwide in the USA","D-0352-2026","Class II","BioGlo Fluorescein Sodium Ophthalmic Strips USP, 100 diagnostic strips, Manufactured by Omni Lens PVT. Ltd., 5 - Samrudhhi, Opp. Sakar-III, Navrangpura, Ahmedabad, Gujarat, India - 380014, Email:info@omnilens.in, Manufactured for & disibruted by: HUB Pharmaceuticals, LLC, 8767 E Via de Ventura #175, Scottsdale, AZ, 85258, NDC 17238-900-11.","184,320 containers","Lack of Assurance of Sterility: Products have not been manufactured in conformance with current good manufacturing practices.","12/31/2025","02/25/2026","N/A","03/04/2026","All lots"
"Drugs","No","","98307","Ongoing","Specialty Process Labs LLC","2001 W Lone Cactus Dr Ste B","N/A","Phoenix","AZ","	85027-2648","United States","Voluntary: Firm initiated","Letter","U.S. Nationwide","D-0294-2026","Class II","Thyroid, USP, Rx only, Net Wt: 0.50kg, For Manufacturing, Processing or Repackaging Use Only, Specialty Process Labs, Phoenix, AZ 85034, NDC 81305-100-02","58 gms","Subpotent Drug ","01/16/2026","01/21/2026","N/A","01/28/2026","Lot #H22254-1XV; Exp. 01/31/2027"
"Drugs","No","04/22/2026","98308","Ongoing","Amerisource Health Services LLC","2550 John Glenn Ave Ste A","N/A","Columbus","OH","	43217-1188","United States","Voluntary: Firm initiated","Letter","Nationwide in the USA","D-0338-2026","Class II","Oxycodone Hydrochloride Tablets, USP (CII), 5 mg,  100-Count (10 x 10) blister cards per carton,  Rx Only, The drug product contained in this package is from NDC # 10702-018, KVK-Tech Inc.  Distributed by: American Health Packaging, Columbus, Ohio 43217, Carton NDC 68084-354-01; Blister NDC 68084-354-11","31,676 packages","Defective container: card seal defects (weak/non-existent seals), leading to the tablets falling out of their cavities.","01/14/2026","02/13/2026","N/A","02/18/2026","Lots #: 1027932, Exp Date 06/30/2027, 1028360, Exp Date 08/31/2027"
"Drugs","No","","98321","Ongoing","Unichem Pharmaceuticals USA Inc.","1 Tower Center Blvd Ste 2200","N/A","East Brunswick","NJ","	08816-1145","United States","Voluntary: Firm initiated","Letter","Nationwide","D-0306-2026","Class III","Doxazosin Tablets, USP, 4 mg, 1000 tablets per bottle, Rx only, distributed by Unichem Pharmaceuticals (USA), Inc., 1 Tower Center Boulevard, Suite 2200, East Brunswick, NJ 08816 USA, manufactured by Unichem Laboratories Limited, Plot Number 15 to 18, Pilerne Industrial Estate, Pilerne, Bardez, Goa (India) 403511, NDC 29300-353-10.","60,000 tablets","Tablets/Capsules Imprinted with Wrong ID","01/21/2026","02/11/2026","N/A","02/18/2026","Lot # GDSH25006, Exp Date: 08/2027"
"Drugs","No","","98323","Ongoing","Unichem Pharmaceuticals USA Inc.","1 Tower Center Blvd Ste 2200","N/A","East Brunswick","NJ","	08816-1145","United States","Voluntary: Firm initiated","Letter","US Nationwide and PR.","D-0301-2026","Class II","Bisoprolol Fumarate and Hydrochlorothiazide tablets, USP, 2.5 mg/6.25 mg, 100-count bottle, Rx Only, Manufactured by: UNICHEM LABORATORIS LTD., Pilerne Ind. Estate, Pilerne, Bardez, Goa 403 511, India, Manufactured for: UNICHEM PHARMACEUTICALS (USA), INC., East Brunswick, NJ 08816, NDC 29300-187-01","N/A","cGMP Deviations: recall due to not meeting the N-Nitroso Bisoprolol impurity specification limits.","01/21/2026","01/30/2026","N/A","02/11/2026","Lot # GBHL24005A, Exp Date: 09/2026"
"Drugs","No","","98291","Ongoing","ACME UNITED CORPORATION","1 Waterview Dr Ste 200","N/A","Shelton","CT","	06484-4368","United States","Voluntary: Firm initiated","Letter","Nationwide within the United States","D-0358-2026","Class II","First Aid Only BZK Antiseptic Towelettes (Benzalkonium Chloride 0.13%) 100 Wipes, NDC 0924-7116-04","212,607,900 containers","CGMP Deviations","01/20/2026","03/02/2026","N/A","03/11/2026","Lot #: MN26222, MN34722, MN25922, Exp. Date Nov 2027; MN00523, MN00523, Exp. Date Dec 2027."
"Drugs","No","","98344","Ongoing","F.H. INVESTMENTS, Inc. (dba Asteria Health)","432 Industrial Ln","N/A","Birmingham","AL","	35211-4465","United States","Voluntary: Firm initiated","Letter","Nationwide in the USA","D-0307-2026","Class II","ESTRADIOL, 6 mg, 1 Sterile Pellet, Asteria Health 432 Industrial Ln, Birmingham, AL 35211, NDC: 79559-3006-32.","50,990 pellets","Presence of Foreign substance - potential presence of metal particulate matter","01/26/2026","02/11/2026","N/A","02/18/2026","Lot#: 253000127, Exp. 06/09/2026; 253000133, Exp. 06/17/2026; 253000138, Exp. 07/14/2026; 253000141, Exp. 07/21/2026; 253000144, Exp. 07/28/2026; 253000147, Exp. 08/05/2026; 253000148, Exp. 08/07/2026; 253000149, Exp. 08/08/2026; 253000152,  253000153, Exp. 08/22/2026; 253000156, Exp. 09/03/2026; 253000157, Exp. 09/04/2026; 253000159, Exp. 09/05/2026; 253000164, Exp. 09/16/2026; 253000165, Exp. 09/19/2026; 253000170, Exp. 10/03/2026."
"Drugs","No","","98344","Ongoing","F.H. INVESTMENTS, Inc. (dba Asteria Health)","432 Industrial Ln","N/A","Birmingham","AL","	35211-4465","United States","Voluntary: Firm initiated","Letter","Nationwide in the USA","D-0308-2026","Class II","ESTRADIOL, 10 mg, 1 Sterile Pellet, Asteria Health 432 Industrial Ln, Birmingham, AL 35211, NDC: 79559-3010-32.","24,099 pellets","Presence of Foreign substance - potential presence of metal particulate matter","01/26/2026","02/11/2026","N/A","02/18/2026","Lot#:  253000132, Exp. 06/16/2026; 253000139, 253000140, Exp. 07/21/2026; 253000150, Exp. 08/08/2026; 253000151, Exp. 08/16/2026; 253000161, 253000162, Exp. 09/12/2026."
"Drugs","No","","98344","Ongoing","F.H. INVESTMENTS, Inc. (dba Asteria Health)","432 Industrial Ln","N/A","Birmingham","AL","	35211-4465","United States","Voluntary: Firm initiated","Letter","Nationwide in the USA","D-0309-2026","Class II","ESTRADIOL, 12.5 mg, 1 Sterile Pellet, Asteria Health 432 Industrial Ln, Birmingham, AL 35211, NDC: 79599-3012-32.","22,478 pellets.","Presence of Foreign substance - potential presence of metal particulate matter","01/26/2026","02/11/2026","N/A","02/18/2026","Lot#: 253000117, Exp. 02/21/2026; 253000129, Exp. 06/12/2026; 253000130, Exp. 06/16/2026; 253000154, 253000155, Exp. 08/29/2026; 253000160, Exp. 09/10/2026."
"Drugs","No","","98344","Ongoing","F.H. INVESTMENTS, Inc. (dba Asteria Health)","432 Industrial Ln","N/A","Birmingham","AL","	35211-4465","United States","Voluntary: Firm initiated","Letter","Nationwide in the USA","D-0310-2026","Class II","ESTRADIOL,15 mg, 1 Sterile Pellet, Asteria Health 432 Industrial Ln, Birmingham, AL 35211, NDC: 79559-3015-32.","14,848 pellets","Presence of Foreign substance - potential presence of metal particulate matter","01/26/2026","02/11/2026","N/A","02/18/2026","Lot#:  253000118, Exp. 02/21/2026; 253000145, Exp. 08/02/2026; 253000146, Exp. 06/30/2026, 253000167, Exp. 09/23/2026."
"Drugs","No","","98344","Ongoing","F.H. INVESTMENTS, Inc. (dba Asteria Health)","432 Industrial Ln","N/A","Birmingham","AL","	35211-4465","United States","Voluntary: Firm initiated","Letter","Nationwide in the USA","D-0311-2026","Class II","ESTRADIOL, 18 mg, 1 Sterile Pellet, Asteria Health 432 Industrial Ln, Birmingham, AL 3521, NDC: 79559-3018-32.","1,699 pellets","Presence of Foreign substance - potential presence of metal particulate matter","01/26/2026","02/11/2026","N/A","02/18/2026","Lot#:  253000123, Exp. 06/02/2026."
"Drugs","No","","98344","Ongoing","F.H. INVESTMENTS, Inc. (dba Asteria Health)","432 Industrial Ln","N/A","Birmingham","AL","	35211-4465","United States","Voluntary: Firm initiated","Letter","Nationwide in the USA","D-0312-2026","Class II","ESTRADIOL, 20 mg, 1 Sterile Pellet, Asteria Health 432 Industrial Ln, Birmingham, AL 35211, NDC: 79559-3020-32.","1,475 pellets","Presence of Foreign substance - potential presence of metal particulate matter","01/26/2026","02/11/2026","N/A","02/18/2026","Lot#:  253000124, Exp. 06/02/2026."
"Drugs","No","","98344","Ongoing","F.H. INVESTMENTS, Inc. (dba Asteria Health)","432 Industrial Ln","N/A","Birmingham","AL","	35211-4465","United States","Voluntary: Firm initiated","Letter","Nationwide in the USA","D-0313-2026","Class II","ESTRADIOL, 22 mg, 1 Sterile Pellet, Asteria Health 432 Industrial Ln, Birmingham, AL 35211, NDC: 79559-3022-32.","133 pellets","Presence of Foreign substance - potential presence of metal particulate matter","01/26/2026","02/11/2026","N/A","02/18/2026","Lot#: 253000126, Exp. 06/09/2026."
"Drugs","No","","98344","Ongoing","F.H. INVESTMENTS, Inc. (dba Asteria Health)","432 Industrial Ln","N/A","Birmingham","AL","	35211-4465","United States","Voluntary: Firm initiated","Letter","Nationwide in the USA","D-0314-2026","Class II","ESTRADIOL, 25 mg, 1 Sterile Pellet, Asteria Health 432 Industrial Ln, Birmingham, AL 35211, NDC: 79559-3025-32.","2,442 pellets.","Presence of Foreign substance - potential presence of metal particulate matter","01/26/2026","02/11/2026","N/A","02/18/2026","Lot#: 253000136, Exp. 07/01/2026."
"Drugs","No","","98344","Ongoing","F.H. INVESTMENTS, Inc. (dba Asteria Health)","432 Industrial Ln","N/A","Birmingham","AL","	35211-4465","United States","Voluntary: Firm initiated","Letter","Nationwide in the USA","D-0315-2026","Class II","ESTRADIOL, 37.5 mg, 1 Sterile Pellet, Asteria Health 432 Industrial Ln, Birmingham, AL 35211, NDC: 79559-3037-32.","715 pellets","Presence of Foreign substance - potential presence of metal particulate matter","01/26/2026","02/11/2026","N/A","02/18/2026","Lot#: 253000125, Exp. 06/09/2026."
"Drugs","No","","98344","Ongoing","F.H. INVESTMENTS, Inc. (dba Asteria Health)","432 Industrial Ln","N/A","Birmingham","AL","	35211-4465","United States","Voluntary: Firm initiated","Letter","Nationwide in the USA","D-0316-2026","Class II","Testosterone, 12.5 mg, 1 Sterile Pellet, Asteria Health 432 Industrial Ln, Birmingham, AL 35211, NDC: 79559-1012-32.","3,871 pellets","Presence of Foreign substance - potential presence of metal particulate matter","01/26/2026","02/11/2026","N/A","02/18/2026","Lot#: 251000143, Exp. 07/07/2026; 251000160, Exp. 08/16/2026."
"Drugs","No","02/11/2026","98345","Ongoing","Granules Pharmaceuticals Inc.","3701 Concorde Pkwy","N/A","Chantilly","VA","	20151-1126","United States","Voluntary: Firm initiated","N/A","US Nationwide.","D-0305-2026","Class II","Trazodone Hydrochloride, USP, 50 mg, 100-Count Bottle, Rx only, Manufactured by: Granules India Limited, Hyderabad, 500 081, India, Manufactured for: Granules Pharmaceuticals Inc., Chantilly, VA 20151, NDC 70010-231-01.","71424 bottles.","Presence of Foreign Tablets/Capsules","01/26/2026","02/11/2026","N/A","02/11/2026","Batch # 6160008A, Exp Date: 12/31/2026"
"Drugs","No","","98344","Ongoing","F.H. INVESTMENTS, Inc. (dba Asteria Health)","432 Industrial Ln","N/A","Birmingham","AL","	35211-4465","United States","Voluntary: Firm initiated","Letter","Nationwide in the USA","D-0317-2026","Class II","Testosterone, 18.0 mg, 1 Sterile Pellet, Asteria Health 432 Industrial Ln, Birmingham, AL 35211, NDC: 79559-1018-32.","146 pellets","Presence of Foreign substance - potential presence of metal particulate matter","01/26/2026","02/11/2026","N/A","02/18/2026","Lot#: 251000126, Exp. 06/03/2026."
"Drugs","No","","98344","Ongoing","F.H. INVESTMENTS, Inc. (dba Asteria Health)","432 Industrial Ln","N/A","Birmingham","AL","	35211-4465","United States","Voluntary: Firm initiated","Letter","Nationwide in the USA","D-0318-2026","Class II","Testosterone, 25.0 mg, 1 Sterile Pellet, Asteria Health 432 Industrial Ln, Birmingham, AL 35211, NDC: 79559-1025-32.","89,074 pellets","Presence of Foreign substance - potential presence of metal particulate matter","01/26/2026","02/11/2026","N/A","02/18/2026","Lot#: 251000130, Exp. 06/02/2026; 251000137,  06/19/2026; 251000152, Exp. 08/02/2026; 251000168, Exp. 08/29/2026; 251000170, Exp. 09/03/2026"
"Drugs","No","","98344","Ongoing","F.H. INVESTMENTS, Inc. (dba Asteria Health)","432 Industrial Ln","N/A","Birmingham","AL","	35211-4465","United States","Voluntary: Firm initiated","Letter","Nationwide in the USA","D-0319-2026","Class II","Testosterone, 37.5 mg, 1 Sterile Pellet, Asteria Health 432 Industrial Ln, Birmingham, AL 35211, NDC: 79559-1037-32.","60,868 pellets.","Presence of Foreign substance - potential presence of metal particulate matter","01/26/2026","02/11/2026","N/A","02/18/2026","Lot#: 251000131, Exp. 06/16/2026; 251000136, Exp. 08/02/2026; 251000150, Exp. 08/12/2026; 251000158, Exp. 08/14/2026; 251000159, Exp. 06/16/2026."
"Drugs","No","","98344","Ongoing","F.H. INVESTMENTS, Inc. (dba Asteria Health)","432 Industrial Ln","N/A","Birmingham","AL","	35211-4465","United States","Voluntary: Firm initiated","Letter","Nationwide in the USA","D-0320-2026","Class II","Testosterone, 50.0 mg, 1 Sterile Pellet, Asteria Health 432 Industrial Ln, Birmingham, AL 35211, NDC: 79559-1050-32.","70,959 pellets.","Presence of Foreign substance - potential presence of metal particulate matter","01/26/2026","02/11/2026","N/A","02/18/2026","Lot#: 251000122, Exp. 04/01/2026; 251000151, Exp. 08/02/2026; 251000155, Exp. 08/08/2026; 251000173, Exp. 09/05/2026."
"Drugs","No","","98344","Ongoing","F.H. INVESTMENTS, Inc. (dba Asteria Health)","432 Industrial Ln","N/A","Birmingham","AL","	35211-4465","United States","Voluntary: Firm initiated","Letter","Nationwide in the USA","D-0321-2026","Class II","Testosterone, 62.5 mg, 1 Sterile Pellet, Asteria Health 432 Industrial Ln, Birmingham, AL 35211, NDC: 79559-1062-32.","1,758 pellets.","Presence of Foreign substance - potential presence of metal particulate matter","01/26/2026","02/11/2026","N/A","02/18/2026","Lot#: 251000125, Exp. 06/02/2026."
"Drugs","No","","98344","Ongoing","F.H. INVESTMENTS, Inc. (dba Asteria Health)","432 Industrial Ln","N/A","Birmingham","AL","	35211-4465","United States","Voluntary: Firm initiated","Letter","Nationwide in the USA","D-0322-2026","Class II","Testosterone, 87.5 mg, 1 Sterile Pellet, Asteria Health 432 Industrial Ln, Birmingham, AL 35211, NDC: 79559-1087-32.","62,581 pellets.","Presence of Foreign substance - potential presence of metal particulate matter","01/26/2026","02/11/2026","N/A","02/18/2026","Lot#: 251000145, Exp. 07/14/2026; 251000161, Exp. 08/16/2026; 251000175, Exp. 09/08/2026. ."
"Drugs","No","","98344","Ongoing","F.H. INVESTMENTS, Inc. (dba Asteria Health)","432 Industrial Ln","N/A","Birmingham","AL","	35211-4465","United States","Voluntary: Firm initiated","Letter","Nationwide in the USA","D-0323-2026","Class II","Testosterone, 100 mg, 1 Sterile Pellet, Asteria Health 432 Industrial Ln, Birmingham, AL 35211, NDC:79559-1100-32.","153,498 pellets","Presence of Foreign substance - potential presence of metal particulate matter","01/26/2026","02/11/2026","N/A","02/18/2026","Lot#: 251000132, Exp. 06/16/2026; 251000142, Exp. 06/30/2026; 251000144, Exp. 07/14/2026; 251000146, Exp. 07/21/2026; 251000162, 251000163, Exp. 08/16/2026; 251000167, Exp. 08/22/2026; 251000177, Exp. 09/12/2026."
"Drugs","No","","98344","Ongoing","F.H. INVESTMENTS, Inc. (dba Asteria Health)","432 Industrial Ln","N/A","Birmingham","AL","	35211-4465","United States","Voluntary: Firm initiated","Letter","Nationwide in the USA","D-0324-2026","Class II","Testosterone, 200 mg, 1 Sterile Pellet, Asteria Health 432 Industrial Ln, Birmingham, AL 35211, NDC: 79559-1200-43.","194,336 pellets","Presence of Foreign substance - potential presence of metal particulate matter","01/26/2026","02/11/2026","N/A","02/18/2026","Lot#: 251000127, Exp. 06/03/2026; 251000128, Exp. 06/05/2026; 251000133, 251000134, 251000135, Exp. 06/16/2026; 251000138, 251000139, 251000140, 251000141, Exp. 06/25/2026; 251000147, 251000148, 251000149, Exp. 07/28/2026; 251000156, 251000157, Exp. 08/08/2026; 251000164, 251000165, 251000166, Exp. 08/22/2026; 251000169, Exp. 08/29/2026; 251000171, 251000172, Exp. 09/03/2026; 251000180, Exp. 09/19/2026."
"Drugs","No","","98344","Ongoing","F.H. INVESTMENTS, Inc. (dba Asteria Health)","432 Industrial Ln","N/A","Birmingham","AL","	35211-4465","United States","Voluntary: Firm initiated","Letter","Nationwide in the USA","D-0325-2026","Class II","Testosterone, 303 mg, 1 Sterile Pellet, Asteria Health 432 Industrial Ln, Birmingham, AL 35211, NDC: 79559-1303-01.","1,015 pellets","Presence of Foreign substance - potential presence of metal particulate matter","01/26/2026","02/11/2026","N/A","02/18/2026","Lot#: 251000124, Exp. 06/02/2026."
"Drugs","No","","98344","Ongoing","F.H. INVESTMENTS, Inc. (dba Asteria Health)","432 Industrial Ln","N/A","Birmingham","AL","	35211-4465","United States","Voluntary: Firm initiated","Letter","Nationwide in the USA","D-0326-2026","Class II","Testosterone 100mg, Anastrozole 4mg (4.5), 1 Sterile Pellet, Asteria Health 432 Industrial Ln, Birmingham, AL 35211, NDC: 79559-4104-01.","100 pellets","Presence of Foreign substance - potential presence of metal particulate matter","01/26/2026","02/11/2026","N/A","02/18/2026","Lot#:  254000104, Exp. 05/27/2026"
"Drugs","No","","98344","Ongoing","F.H. INVESTMENTS, Inc. (dba Asteria Health)","432 Industrial Ln","N/A","Birmingham","AL","	35211-4465","United States","Voluntary: Firm initiated","Letter","Nationwide in the USA","D-0327-2026","Class II","Testosterone 75mg, Anastrozole 4mg, 1 Sterile Pellet, Asteria Health 432 Industrial Ln, Birmingham, AL 35211, NDC: 79559-4079-32.","670 pellets","Presence of Foreign substance - potential presence of metal particulate matter","01/26/2026","02/11/2026","N/A","02/18/2026","Lot#: 254000107, Exp. 06/30/2026; 254000111, Exp. 08/07/2026. ."
"Drugs","No","","98344","Ongoing","F.H. INVESTMENTS, Inc. (dba Asteria Health)","432 Industrial Ln","N/A","Birmingham","AL","	35211-4465","United States","Voluntary: Firm initiated","Letter","Nationwide in the USA","D-0328-2026","Class II","Testosterone 100mg, Triamcinolone Acetonide 20mcg, 1 Sterile Pellet, Asteria Health 432 Industrial Ln, Birmingham, AL 35211, NDC:79559-6100-32.","4,599 pellets","Presence of Foreign substance - potential presence of metal particulate matter","01/26/2026","02/11/2026","N/A","02/18/2026","Lot#: 256000104, Exp. 07/30/2026. ."
"Drugs","No","","98344","Ongoing","F.H. INVESTMENTS, Inc. (dba Asteria Health)","432 Industrial Ln","N/A","Birmingham","AL","	35211-4465","United States","Voluntary: Firm initiated","Letter","Nationwide in the USA","D-0329-2026","Class II","Testosterone 200mg, Triamcinolone Acetonide 40mcg, 1 Sterile Pellet, Asteria Health 432 Industrial Ln, Birmingham, AL 35211, NDC: 79559-6200-43.","7,840 pellets","Presence of Foreign substance - potential presence of metal particulate matter","01/26/2026","02/11/2026","N/A","02/18/2026","Lot#: 256000105, Exp. 09/19/2026."
"Drugs","No","","98344","Ongoing","F.H. INVESTMENTS, Inc. (dba Asteria Health)","432 Industrial Ln","N/A","Birmingham","AL","	35211-4465","United States","Voluntary: Firm initiated","Letter","Nationwide in the USA","D-0330-2026","Class II","Testosterone 87.5mg, Triamcinolone Acetonide17.5 mcg, 1 Sterile Pellet, Asteria Health 432 Industrial Ln, Birmingham, AL 35211, NDC: 79559-6087-32.","1,631 pellets","Presence of Foreign substance - potential presence of metal particulate matter","01/26/2026","02/11/2026","N/A","02/18/2026","Lot#: 256000103, Exp. 07/28/2026."
"Drugs","No","","98348","Ongoing","Teva Pharmaceuticals USA, Inc","400 Interpace Pkwy Bldg A","N/A","Parsippany","NJ","	07054-1120","United States","Voluntary: Firm initiated","Letter","Nationwide","D-0354-2026","Class II","Metoprolol Succinate Extended-Release Tablets, 25 mg, 100 tablets bottles (NDC: 45963-709-11) and 1,000 tablets bottles (NDC: 45963-709-96), Rx Only, Teva Pharmaceuticals, Parsippany, NJ 07054","18,780 bottles","Failed Dissolution Specifications","01/29/2026","02/27/2026","N/A","03/11/2026","Lot#: a) 0715J251, Exp.: 12/2026; 0716J251, Exp.: 01/2027; 0717J251, Exp.: 01/2027; b) 0715J252, Exp.: 12/2026; 0716J252, Exp.: 01/2027, 0717J252, Exp.: 01/2027."
"Drugs","No","","98348","Ongoing","Teva Pharmaceuticals USA, Inc","400 Interpace Pkwy Bldg A","N/A","Parsippany","NJ","	07054-1120","United States","Voluntary: Firm initiated","Letter","Nationwide","D-0355-2026","Class II","Metoprolol Succinate Extended-Release Tablets, 50 mg, 100 tablets bottles (NDC: 45963-676-11) and 1,000 tablets bottles (NDC: 45963-676-96), Rx Only, Teva Pharmaceuticals, Parsippany, NJ 07054","67,043 bottles","Failed Dissolution Specifications","01/29/2026","02/27/2026","N/A","03/11/2026","Lot#: a) 0486G251, 0487G251, 0488G251, Exp.: 01/2027; b) 0486G252, 0487G253, 0488G252, Exp.: 01/2027."
"Drugs","No","","98348","Ongoing","Teva Pharmaceuticals USA, Inc","400 Interpace Pkwy Bldg A","N/A","Parsippany","NJ","	07054-1120","United States","Voluntary: Firm initiated","Letter","Nationwide","D-0356-2026","Class II","Metoprolol Succinate Extended-Release Tablets, Rx Only, 100 mg, 100 tablets bottles (NDC: 45963-677-11) and 1,000 tablets bottles (NDC: 45963-677-96), Teva Pharmaceuticals, Parsippany, NJ 07054.","7,448 bottles","Failed Dissolution Specifications","01/29/2026","02/27/2026","N/A","03/11/2026","Lot#: a) 0718J251, 0729J251, 0730J251, Exp.: 12/2026; b) 0718J252, 0729J252, 0730J252, Exp.: 12/2026."
"Drugs","No","","98348","Ongoing","Teva Pharmaceuticals USA, Inc","400 Interpace Pkwy Bldg A","N/A","Parsippany","NJ","	07054-1120","United States","Voluntary: Firm initiated","Letter","Nationwide","D-0357-2026","Class II","Metoprolol Succinate Extended-Release Tablets, 200 mg, 100 tablets bottles, Rx Only, Teva Pharmaceuticals, Parsippany, NJ 07054, NDC: 45963-678-11  ","19,056 bottles","Failed Dissolution Specifications","01/29/2026","02/27/2026","N/A","03/11/2026","Lot#: a) 0686H251, 0687H251, 10688H251, Exp.: 02/2027. ."
"Drugs","No","02/23/2026","98351","Ongoing","SUN PHARMACEUTICAL INDUSTRIES INC","2 Independence Way","N/A","Princeton","NJ","	08540-6620","United States","Voluntary: Firm initiated","Letter","US Nationwide.","D-0342-2026","Class II","Diclofenac Sodium, Topical Gel, 3%, 100 g tube, Rx only, Mfd. by: Taro Pharmaceuticals Inc., Brampton, Ontario, Canada L6T 1C1, Dist. by Taro Pharmaceuticals U.S.A., Inc., Hawthorne, NY 10532, NDC 51672-1363-7","N/A","Failed Viscosity Specifications: Out of Specification (OOS) [slightly lower than the limit] result in viscosity for Diclofenac Sodium Gel, 3%.","01/27/2026","02/23/2026","N/A","02/11/2026","Lot # AD92721, Exp Date: 3/31/2027."
"Drugs","No","","98361","Ongoing","Pro Numb Tattoo Numbing Spray LLC","3778 Dixie Hwy Ne Ste C","N/A","Palm Bay","FL","	32905-2727","United States","Voluntary: Firm initiated","Letter","Nationwide in the USA","D-0302-2026","Class II","Pro Numb Tattoo Numbing Spray, 5% Lidocaine, [1 FL OZ/28.4 ML or 4 oz/120 mL] per bottle, Distributed by: Pro Numb Tattoo numbing spray LLC, Melbourne, FL 32907, NDC 83389-111-11","N/A","cGMP deviations","02/02/2026","02/09/2026","N/A","02/18/2026","Lot Numbers J01 through J14, J55 through J69"
"Drugs","No","03/02/2026","98386","Ongoing","Meitheal Pharmaceuticals, Inc","8700 W Bryn Mawr Ave Ste 600s","N/A","Chicago","IL","	60631-3529","United States","Voluntary: Firm initiated","Letter","U.S. Nationwide","D-0340-2026","Class II","Cetrorelix Acetate for Injection (Kit), 0.25 mg per vial, Single-Dose Kit, Rx Only, Mfd. for: Meitheal Pharmaceuticals, Chicago, IL  NDC 71288-558-90.   ","16,477 kits","Defective Delivery System: Missing or duplicated needles within the injection kit","02/09/2026","02/23/2026","N/A","02/18/2026","Lot Q4E0112A, Exp.: 30 Apr 2027"
"Drugs","No","","98388","Ongoing","SOMERSET THERAPEUTICS LLC","300 Franklin Square Dr","N/A","Somerset","NJ","	08873-4187","United States","Voluntary: Firm initiated","Letter","Nationwide in the USA","D-0398-2026","Class II","Dexamethasone Sodium Phosphate Injection, USP, 100 mg/ 10 mL, (10 mg/mL), 10x10 mL Multiple Dose Vials, Rx only, Manufactured for: Somerset Therapeutics, LLC., Somerset, NJ 08873, NDC carton: 70069-025-10; NDC vial: 70069-025-01","62190 vials","Failed Impurities/Degradation Specifications - OOS impurities result observed during long term stability testing at product expiry (24 months) were above specs for these impurities: Dexamethasone Sodium Phosphate EP impurity G (Impurity RU 49336) and dexamethasone formate.","02/04/2026","03/18/2026","N/A","03/25/2026","Lot #: A240421, Exp 07/31/2026"
"Drugs","No","","98291","Ongoing","ACME UNITED CORPORATION","1 Waterview Dr Ste 200","N/A","Shelton","CT","	06484-4368","United States","Voluntary: Firm initiated","Letter","Nationwide within the United States","D-0359-2026","Class II","First Aid Only BZK Antiseptic Towelettes (Benzalkonium Chloride 0.13%), 50 Wipes, NDC 0924-7116-03.","N/A","CGMP Deviations","01/20/2026","03/02/2026","N/A","03/11/2026","Lot #: MN34722, MN34722, Exp. Date Nov 2027; MN34722B, Exp. Date Aug 2027."
"Drugs","No","","98291","Ongoing","ACME UNITED CORPORATION","1 Waterview Dr Ste 200","N/A","Shelton","CT","	06484-4368","United States","Voluntary: Firm initiated","Letter","Nationwide within the United States","D-0360-2026","Class II","Dukal BZK Antiseptic Towelette (Benzalkonium Chloride 0.13%) 1000 Packs per case, Manufactured For: Dukal, LLC, Ronkonkoma, NY 11779, Made in USA, NDC 65517-0004-1","N/A","CGMP Deviations","01/20/2026","03/02/2026","N/A","03/11/2026","Lot #: MN31621, Exp. Date Oct 2026; MN14522, MN15522, Exp. Date Apr 2027;  MN28122,  MN31522, Exp. Date Sept 2027; MN04223, MN06023, Exp. Date Feb 2028; MN17223, Exp. Date May 2028; MN25123, Exp Date Aug 2028; MN33123, MN33523, Exp. Date Nov 2028."
"Drugs","No","","98291","Ongoing","ACME UNITED CORPORATION","1 Waterview Dr Ste 200","N/A","Shelton","CT","	06484-4368","United States","Voluntary: Firm initiated","Letter","Nationwide within the United States","D-0361-2026","Class II","First Aid Only BZK Antiseptic Towelette (Benzalkonium Chloride 0.13%), 5x7, bulk, Acme United Corporation, 2280 Tanner Road, Rocky Mount, NC, 27801 Made in USA, NDC 0924-7116-00.","N/A","CGMP Deviations","01/20/2026","03/02/2026","N/A","03/11/2026","Lot #: MN12121, MN13521, Exp. Date Apr 2026; MN15221, MN16721, MN16921, MN17021, MN17021B, Exp. Date May 2026; MN18521, MN18621, MN18621B, Exp. Date Jun 2026; MN24721, MN25021, Exp. Date Aug 2026; MN01123, Exp. Date Dec 2027; MN27421, MN27721, Exp. Date Sep 2026; MN31321, MN31421, Exp. Date Oct 2026; MN34321, MN34521, MN34721, Exp. Date Nov 2026; MN02022, MN03022, Exp. Date Dec 2026; MN03522, MN04622, Exp. Date Jan 2027; MN06022, MN06122, Exp. Date Feb 2027; MN12322, MN12422, MN14422, Exp. Date Apr 2027; MN15322, Exp. May 2027; MN22022, Exp. Date Jul 2027; MN25222, MN25322,  MN26422, Exp. Date Aug 2027; MN27822, Exp. Date Sep 2027; MN15322, Exp. Date Nov 2027;  MN06123, Exp. Date Aug 2027; MN06423, MN06523, Exp. Date Feb 2028; MN09423, MN09523,  MN09723, MN10223 Exp Date Mar 2028; MN12623, MN13323, Exp. Date Apr 2028; MN15322,     MN16523, Exp. Date May 2028; MN18623, MN19323, MN19423, MN20223, Exp. Date Jun 2028; MN24323, MN24423 Exp. Date Jul 2028; MN34523, Exp. Date Nov 2028; 301424, 301524, 301624, 301724, 303124, Exp. Date Dec 2028."
"Drugs","No","","98291","Ongoing","ACME UNITED CORPORATION","1 Waterview Dr Ste 200","N/A","Shelton","CT","	06484-4368","United States","Voluntary: Firm initiated","Letter","Nationwide within the United States","D-0362-2026","Class II","1) BZK Antiseptic Towelettes  (Benzalkonium Chloride 0.13%) 5""x7"" Piedmont Sanitizing Hand Wipes, 1,000 ea Bulk, Made in USA for: Food Service Resources, Flowery Branch, GA 30542, NDC 0924-7130-00.  2) BZK Antiseptic Towelettes  (Benzalkonium Chloride 0.13%) 5"" x 7"" Touchpoint, 1000 ea Bulk, Made in USA for : Food Service Resources, Flowery Branch, GA 30542. NDC 0924-7130-00.  3) BZK Antiseptic Towelettes  (Benzalkonium Chloride 0.13%) 5"" x 7"" Wellstar Cobb Hand Wipes, 1000 ea Bulk, Made in the USA for Food Service Resources, Flowery Branch, GA 30542, NDC 0924-7130-00.  4) BZK Antiseptic Towelettes (Benzalkonium Chloride 0.13%)  5"" x 7"" FSR Sanitizing Hand Wipes, 1000 ea Bulk, Made in USA for Food Service Resources, Flowery Branch, GA 30542, NDC 0924-7130-00.   Inner Packaging - Instant Hand Sanitizing Wipes  5) BZK Antiseptic Towelettes (Benzalkonium Chloride 0.13%)  5"" x7"" Children's 1000 ea Bulk, Made in USA for: Food Service Resources, Flowery Branch, GA 30542 NDC 0924-713-00. Inner packaging -Children's Healthcare of Atlanta","N/A","CGMP Deviations","01/20/2026","03/02/2026","N/A","03/11/2026","1) Lot #: MN22222, Exp. Date Jul 2027; MN05523, Exp. Date Jan 2028;  MN32023, Exp. Date Oct 2028;  MN15523, Exp. Date May 2028.  2) Lots MN11422B, MN11422, Exp. Date Mar 2027; MN03823, Exp. Date Jan 2028; MN09223 Exp. Date Mar 2028; MN32123, Exp. Date Oct 2028; MN20323, Exp. Date Jun 2028; MN30822 Exp. Date Oct 2027; MN304024, Exp. Date Dec 2028; MN13023, Exp. Date Apr 2028; MN12222 Exp. Date Apr 2027-Apr; MN16023, Exp. Date May 2028; MN27423, Exp. Date Aug 2028.  3) Lot #: MN304024, Exp. Date Dec 2028; MN13023, Exp. Date Apr 2028; MN12222, Exp. Date Apr 2027; MN16023, Exp. Date May 2028; MN27423, Exp. Date Aug2028.  4) Lot#:  MN04423, Exp. Date Jan 2028; MN10022, Exp. Date Jul 2027; MN30722, Exp. Date Oct 2027; MN03523, Exp. Date Jan 2028; MN09323, Exp. Date Mar 2028; MN20223, Exp. Date July 2028; MN32223, Exp. Date Oct 2028  5) Lots MN12122 2027-Apr, MN27523 2028-Aug & MN30922 2027-Oct."
"Drugs","No","","98291","Ongoing","ACME UNITED CORPORATION","1 Waterview Dr Ste 200","N/A","Shelton","CT","	06484-4368","United States","Voluntary: Firm initiated","Letter","Nationwide within the United States","D-0363-2026","Class II","Max Packaging Antibacterial Towelette (Benzalkonium Chloride 0.13%), 1 towelette, 4x7, Max Packaging, Made in the USA, NDC 59647-750-01","N/A","CGMP Deviations","01/20/2026","03/02/2026","N/A","03/11/2026","Lot #: MN24523, Exp. Date July 2028; MN27123, Exp. Date Aug 2028; MN28223, Exp. Date Sep  2028."
"Drugs","No","","98291","Ongoing","ACME UNITED CORPORATION","1 Waterview Dr Ste 200","N/A","Shelton","CT","	06484-4368","United States","Voluntary: Firm initiated","Letter","Nationwide within the United States","D-0364-2026","Class II","Savannah Antibacterial Towelettes (Benzalkonium Chloride 0.13%), 1 towelette, 4 x 7, R&R Enterprise, NDC 59647-749-02","N/A","CGMP Deviations","01/20/2026","03/02/2026","N/A","03/11/2026","Lot #: MN24623, Exp. Date Jul 2028; MN27023, Exp. Date Aug 2028; MN32423, Exp. Oct 2028;  MN300724, Exp. Date Dec 2028."
"Drugs","No","","98291","Ongoing","ACME UNITED CORPORATION","1 Waterview Dr Ste 200","N/A","Shelton","CT","	06484-4368","United States","Voluntary: Firm initiated","Letter","Nationwide within the United States","D-0365-2026","Class II","Medi-First Antiseptic Wipes (BZK)(Benzalkonium Chloride 0.13%), 100 wipes per box, Manufactured for Medique Products, Fort Meyers, FL, 33967, NDC 47682-122-33.","N/A","CGMP Deviations","01/20/2026","03/02/2026","N/A","03/11/2026","Lot #: MN15922, Exp. Date Apr 2027; MN31022, Exp. Date Oct 2027; MN27223, Exp. Date  2028-Aug."
"Drugs","No","","98291","Ongoing","ACME UNITED CORPORATION","1 Waterview Dr Ste 200","N/A","Shelton","CT","	06484-4368","United States","Voluntary: Firm initiated","Letter","Nationwide within the United States","D-0366-2026","Class II","Med Nap BZK Antiseptic Towelettes (Benzalkonium Chloride 0.13%), 100 Towelettes, Manufactured by: Acme United Corporation, 1 Waterview Dr, Shelton, CT 06481, NDC 0924-0246-01.","N/A","CGMP Deviations","01/20/2026","03/02/2026","N/A","03/11/2026","Lot #: MN09322, Exp. Date Mar 2027; MN15222, Exp. Date May 2027; MN21622, Exp. Date Jul 2027; MN31822, Exp. Date Oct 2027; MN06223, MN06323, Exp. Date Feb 2028; MN12523, Exp. Date Apr 2028; MN16123, Exp. Date May 2028; MN20523, MN20623, MN20723, Exp. Date Jun 2028; MN23223, Exp. Date Jul 2028; MN31123, Exp. Date Oct 2028; MN300524, MN300624   MN302624, MN302724, MN303324, Exp. Date Dec 2028."
"Drugs","No","","98291","Ongoing","ACME UNITED CORPORATION","1 Waterview Dr Ste 200","N/A","Shelton","CT","	06484-4368","United States","Voluntary: Firm initiated","Letter","Nationwide within the United States","D-0367-2026","Class II","BZK Antiseptic Towelettes (Benzalkonium Chloride 0.13%), 5"" x7"", 1000 ea Bulk, Med-Nap, Brooksville, FL 34601, Made in USA, NDC 0924-0246-02.","N/A","CGMP Deviations","01/20/2026","03/02/2026","N/A","03/11/2026","Lot #  MN23323, Exp. Date Jul 2028; MN31323, Exp. Date Oct 2028; MN21622, Exp. Date Jul  2027; MN13123, Exp. Date Apr 2028."
"Drugs","No","","98291","Ongoing","ACME UNITED CORPORATION","1 Waterview Dr Ste 200","N/A","Shelton","CT","	06484-4368","United States","Voluntary: Firm initiated","Letter","Nationwide within the United States","D-0368-2026","Class II","Wipes Plus, Hand Sanitizing Alcohol Free BZK Wipes (Benzalkonium Chloride 0.13%), Manufactured for: CFS Brands DBA WipesPlus, 4711 E. Heiner Rd. Oklahoma City, OK 73331, NDC 67151-333-01.","N/A","CGMP Deviations","01/20/2026","03/02/2026","N/A","03/11/2026","Lot #: MN16022, Exp. Date Aug 2027; MN33922, MN31222, Exp. Date Apr 2027; MN16522, Exp. Date Oct 2027; MN17022, Exp. Date Apr 2027; MN03323, Exp. Date Jan 2028; MN34622, Exp. Date Oct 2027."
"Drugs","No","","98291","Ongoing","ACME UNITED CORPORATION","1 Waterview Dr Ste 200","N/A","Shelton","CT","	06484-4368","United States","Voluntary: Firm initiated","Letter","Nationwide within the United States","D-0369-2026","Class II","Dynarex Obstetrical Towelettes Cleanser (Benzalkonium Chloride 0.13%), 100 packets, 5"" x 7"", Manufactured for Dynarex Corporation, 10 Glenshaw Street, Orangeburg, NY 10962, USA Made in USA, NDC 67777-244-02","N/A","CGMP Deviations","01/20/2026","03/02/2026","N/A","03/11/2026","Lot #: 52347-R, 52348-R, 52349-R, 52350-R, 52351-R, 52352-R, 53518, 53519, Exp. Date Mar          2027."
"Drugs","No","","98291","Ongoing","ACME UNITED CORPORATION","1 Waterview Dr Ste 200","N/A","Shelton","CT","	06484-4368","United States","Voluntary: Firm initiated","Letter","Nationwide within the United States","D-0370-2026","Class II","Cleansing Towelette (Benzalkonium Chloride 0.13%), 5""x 7"", 1,000 case/Bulk, Med-Nap, Brooksville, FL 34601, Made in USA, NDC 0924-0243-00.","N/A","CGMP Deviations","01/20/2026","03/02/2026","N/A","03/11/2026","Lot #: MN15923, Exp. Date May 2028; MN25822, Exp. Date Aug 2027."
"Drugs","No","","98291","Ongoing","ACME UNITED CORPORATION","1 Waterview Dr Ste 200","N/A","Shelton","CT","	06484-4368","United States","Voluntary: Firm initiated","Letter","Nationwide within the United States","D-0371-2026","Class II","Med-Nap Cleansing Towelettes (Benzalkonium Chloride 0.13%), 100 Towelettes, Manufactured by: Acme United Corporation, 1 Waterview Dr., Stelton, CT 06484, NDC 0924-0243-01.","N/A","CGMP Deviations","01/20/2026","03/02/2026","N/A","03/11/2026","Lot #: 52347, 52348, 52349, 52350, 52351, Exp. Date Mar 2027."
"Drugs","No","","98291","Ongoing","ACME UNITED CORPORATION","1 Waterview Dr Ste 200","N/A","Shelton","CT","	06484-4368","United States","Voluntary: Firm initiated","Letter","Nationwide within the United States","D-0372-2026","Class II","WP WipesPlus Hand Sanitizing Wipes (Benzalkonium Chloride 0.13%), 5x7, 100 CT, Progressive Products, 211 S. Ridge Street, Rye Brook, NY 10573. NDC 67151-727-01.","N/A","CGMP Deviations","01/20/2026","03/02/2026","N/A","03/11/2026","Lot #: MN27922, MN21722, MN21822, Exp. Date Jul 2027; MN27422, MN27522, Exp. Date Sep 2027; MN25422, Exp. Date Aug 2027; MN27922, MN27922, Exp. Date Sep 2027."
"Drugs","No","","98291","Ongoing","ACME UNITED CORPORATION","1 Waterview Dr Ste 200","N/A","Shelton","CT","	06484-4368","United States","Voluntary: Firm initiated","Letter","Nationwide within the United States","D-0373-2026","Class II","Hand Sanitizing Wipes (Benzalkonium Chloride 0.13%), 1000 per case, Acme United Corporation, 2280 Tanner Road, Rocky Mount, NC 27801, NDC 0924-0301-00 ","N/A","CGMP Deviations","01/20/2026","03/02/2026","N/A","03/11/2026","Lot #:  MN24922, Exp. Date Aug 2027; MN31122, Exp. Date Oct 2027."
"Drugs","No","02/13/2026","98391","Ongoing","Fresenius Kabi Compounding, LLC","20 Dan Rd","N/A","Canton","MA","	02021-2809","United States","Voluntary: Firm initiated","Letter","US Nationwide.","D-0333-2026","Class II","acyclovir sodium, 200 mg, 200mg added to 100 mL, 0.9% Sodium Chloride Injection, USP, For Intravenous Use, Single-Use Bag, Fagron Sterile Services, 20 Dan Road, Canton, MA 02021, NDC 71506-035-56","1057 bags","Lack of Assurance of Sterility","02/05/2026","02/13/2026","N/A","02/18/2026","Lot # C274-000049124, Exp Date: 28-Feb-26."
"Drugs","No","02/13/2026","98391","Ongoing","Fresenius Kabi Compounding, LLC","20 Dan Rd","N/A","Canton","MA","	02021-2809","United States","Voluntary: Firm initiated","Letter","US Nationwide.","D-0334-2026","Class II","ketamine HCl, 1,000 mg, 1,000 mg per 100 mL (10 mg per mL) in Sodium Chloride Injection, Fagron Sterile Services, 20 Dan Road, Canton, MA 02021, NDC 71506-050-56","1410 bags","Lack of Assurance of Sterility","02/05/2026","02/13/2026","N/A","02/18/2026","Lot # C274-000047883, Exp Date: 17-Feb-26; Lot # C274-000048515, Exp Date: 22-Mar-26; Lot # C274-000048679, Exp Date: 31-Mar-26; Lot # C274-000049119, Exp Date: 19-Apr-26; Lot # C274-000049282, Exp Date: 27-Apr-26"
"Drugs","No","02/13/2026","98391","Ongoing","Fresenius Kabi Compounding, LLC","20 Dan Rd","N/A","Canton","MA","	02021-2809","United States","Voluntary: Firm initiated","Letter","US Nationwide.","D-0335-2026","Class II","thiamine HCl, 500 mg, 500 mg added to 100 mL, 0.9% Sodium Chloride Injection, USP, Fagron Sterile Services, 20 Dan Road, Canton, MA 02021, NDC 71506-079-56.","10,548 bags","Lack of Assurance of Sterility","02/05/2026","02/13/2026","N/A","02/18/2026","Lot # C274-000047651, Exp Date: 7-Feb-26; Lot # C274-000048671, Exp Date: 30-Mar-26; Lot #  C274-000048828, Exp Date: 7-Apr-26; Lot # C274-000049121, Exp Date: 19-Apr-26; Lot # C274-000049127, Exp Date: 21-Apr-26; Lot # C274-000049252, Exp Date: 26-Apr-26; Lot # C274-000049260, Exp Date: 28-Apr-26; Lot # C274-000049401, Exp Date: 3-May-26; Lot # C274-000049413, Exp Date: 5-May-26; Lot # C274-000049571, Exp Date: 10-May-26; Lot # C274-000049581, Exp Date: 12-May-26; Lot # C274-000049584, Exp Date: 13-May-26; Lot # C274-000049717, Exp Date: 17-May-26; Lot # C274-000049727, Exp Date: 18-May-26."
"Drugs","No","02/13/2026","98391","Ongoing","Fresenius Kabi Compounding, LLC","20 Dan Rd","N/A","Canton","MA","	02021-2809","United States","Voluntary: Firm initiated","Letter","US Nationwide.","D-0336-2026","Class II","vancomycin HCl, 1.5 grams, 1.5 grams added to 500 mL, 0.9% Sodium Chloride Injection, USP, Fagron Sterile Services, 20 Dan Road, Canton, MA 02021, NDC 71506-016-59","1578 bags","Lack of Assurance of Sterility","02/05/2026","02/13/2026","N/A","02/18/2026","Lot # C274-000049628, Exp Date: 3-May-26."
"Drugs","No","02/13/2026","98391","Ongoing","Fresenius Kabi Compounding, LLC","20 Dan Rd","N/A","Canton","MA","	02021-2809","United States","Voluntary: Firm initiated","Letter","US Nationwide.","D-0337-2026","Class II","vancomycin HCl, 2 grams, 2 grams added to 500 mL, 0.9% Sodium Chloride Injection, USP, Fagron Sterile Services, 20 Dan Road, Canton, MA 02021, NDC 71506-019-59.","N/A","Lack of Assurance of Sterility","02/05/2026","02/13/2026","N/A","02/18/2026","Lot # C274-000047611, Exp Date: 10-Feb-26; Lot # C274-000049633, Exp Date: 12-May-26."
"Drugs","No","","98401","Ongoing","LEO PHARMA INC","7 Giralda Farms","N/A","Madison","NJ","	07940-1051","United States","Voluntary: Firm initiated","E-Mail","Nationwide in the USA","D-0339-2026","Class II","Adbry, (tralokinumab-ldrm) injection, 300 mg/2mL, Packaged as a) 1 x Single dose Autoinjector, SAMPLE NOT FOR SALE, NDC 50222-350-91; b) 2 x Single dose Autoinjectors,  NDC 50222-350-02; Rx only, Manufactured by: LEO Pharma A/S. Industriparken 55, DK-2750 Ballerup, Denmark, Distributed by: LEO Pharma Inc., Madison, NJ 07940, USA,     ","11,407 units","Lack of Assurance of Sterility: due to the presence of particulate matter in one unit from the lot, which lab tests have identified as wool fiber.","02/10/2026","02/23/2026","N/A","03/04/2026","Lot: a) 003E24C, Exp 04/30/2027; b) 003E24A, Exp 04/30/2027."
"Drugs","No","","98361","Ongoing","Pro Numb Tattoo Numbing Spray LLC","3778 Dixie Hwy Ne Ste C","N/A","Palm Bay","FL","	32905-2727","United States","Voluntary: Firm initiated","Letter","Nationwide in the USA","D-0303-2026","Class II","Pro Numb Tattoo Numbing Spray, For Sensitive Skin, 4% Lidocaine, [1FL OZ/28.4 ML or 4 oz/120 mL] per bottle, Distributed by: Pro Numb Tattoo numbing spray LLC, Melbourne, FL 32907, NDC 83389-112-11","N/A","cGMP deviations","02/02/2026","02/09/2026","N/A","02/18/2026","Lot Number J15"
"Drugs","No","","98416","Ongoing","Slate Run Pharmaceuticals","277 W Nationwide Blvd Ste 260","N/A","Columbus","OH","	43215-0169","United States","Voluntary: Firm initiated","Letter","Nationwide within the USA.","D-0343-2026","Class III","Eptifibatide Injection, 75 mg/100 mL vial for weight-adjusted bolus dosing, 1x100 mL Single-dose Vial, For Intravenous Use Only, Rx Only, Manufactured by: Hainan Poly Pharm. Co., Ltd., Guilinyang Economic Development Area, Haikou, Hainan Province, China 571127; Distributed by: Slate Run Pharmaceuticals, LLC, Columbus, Ohio 43215.  NDC Slate Run Carton Label: 70436-027-80; NDC ProRx Carton Label: 70436-163-80","N/A","Labeling: Not Elsewhere Classified. The carton for Eptifibatide Injection 75 mg/100 mL states 75 mg/100 mL vial for weight-adjusted bolus dosing. The approved statement is 75 mg/100 mL vial for weight-adjusted infusion.  ","02/12/2026","02/23/2026","N/A","03/04/2026","All lots within expiry"
"Drugs","No","","98344","Ongoing","F.H. INVESTMENTS, Inc. (dba Asteria Health)","432 Industrial Ln","N/A","Birmingham","AL","	35211-4465","United States","Voluntary: Firm initiated","Letter","Nationwide in the USA","D-0331-2026","Class II","Testosterone 100mg Anastrozole 4mg , 1 Sterile Pellet, Asteria Health 432 Industrial Ln, Birmingham, AL 35211, NDC: 79559-4104-32","1,464 pellets.","Presence of Foreign substance - potential presence of metal particulate matter","01/26/2026","02/11/2026","N/A","02/18/2026","Lot#:  254000105, Exp. 05/28/2026, 254000110, Exp. 08/07/2026; 254000112, 254000113, Exp. 09/26/2026."
"Drugs","No","","98291","Ongoing","ACME UNITED CORPORATION","1 Waterview Dr Ste 200","N/A","Shelton","CT","	06484-4368","United States","Voluntary: Firm initiated","Letter","Nationwide within the United States","D-0374-2026","Class II","Green Guard Antiseptic Wipes (Benzalkonium Chloride 0.13%), 25 wipes per box, Distributed by Green Guard, St. Louis, MO 63045, NDC 47682-056-73","N/A","CGMP Deviations","01/20/2026","03/02/2026","N/A","03/11/2026","Lot #: MN15922, Exp. Date Apr 2027; MN18223, Exp. Date May 2028; MN10123, Exp. Date Mar 2028; MN27223, Exp. Date Aug 2028; MN01023, Exp. Date Dec 2027."
"Drugs","No","","98291","Ongoing","ACME UNITED CORPORATION","1 Waterview Dr Ste 200","N/A","Shelton","CT","	06484-4368","United States","Voluntary: Firm initiated","Letter","Nationwide within the United States","D-0375-2026","Class II","Dynarex, BZK Antiseptic Towelettes (Benzalkonium Chloride 0.13%), 100 packets, 5x7, Manufactured for Dynarex Corporation, 10 Glenshaw Street, Orangeburg, NY 10962,USA, NDC 67777-245-01","N/A","CGMP Deviations","01/20/2026","03/02/2026","N/A","03/11/2026","Lot #:  52347-R, 52348-R, 52349-R, 52350, 52351-R, 52352, Exp. Date Mar 2027; 53518, Exp. Date Jun 2027."
"Drugs","No","","98291","Ongoing","ACME UNITED CORPORATION","1 Waterview Dr Ste 200","N/A","Shelton","CT","	06484-4368","United States","Voluntary: Firm initiated","Letter","Nationwide within the United States","D-0376-2026","Class II","Dynarex, BZK Antiseptic Towelettes (Benzalkonium Chloride 0.13%), 5x7, 1000 packets, 5x7, Manufactured for Dynarex Corporation, 10 Glenshaw Street, Orangeburg, NY 10962,USA, NDC 67777-245-04.","N/A","CGMP Deviations","01/20/2026","03/02/2026","N/A","03/11/2026","Lot #: 53518, 53519, Exp. Date Jun 2027."
"Drugs","No","","98291","Ongoing","ACME UNITED CORPORATION","1 Waterview Dr Ste 200","N/A","Shelton","CT","	06484-4368","United States","Voluntary: Firm initiated","Letter","Nationwide within the United States","D-0377-2026","Class II","Children's Healthcare of Atlanta, Instant Hand Sanitizing Wipe(Benzalkonium Chloride 0.13%), 1000 per case, Made in USA for Food Service Resources, Flowery Branch, GA 30542, NDC 0924-7130-00","N/A","CGMP Deviations","01/20/2026","03/02/2026","N/A","03/11/2026","Lot #: MN12122, Exp. Date Apr 2027; MN27523, Exp. Date Aug 2028; MN30922, Exp. Date Oct 2027."
"Drugs","No","","98291","Ongoing","ACME UNITED CORPORATION","1 Waterview Dr Ste 200","N/A","Shelton","CT","	06484-4368","United States","Voluntary: Firm initiated","Letter","Nationwide within the United States","D-0378-2026","Class II","Antimicrobial Alcohol Hand Wipe, Isopropyl Alcohol 70%, Manufactured for : Custom Packaging Co., Inc, Louisville, KY 4023, NDC 0924-251-00.","N/A","CGMP Deviations","01/20/2026","03/02/2026","N/A","03/11/2026","Lot #: MN15423 , MN16422, Exp. Date Apr 2027-Apr; MN26322, MN26322, Exp. Date Aug 2027; MN03423, MN03423, Exp. Date Jan 2028;  MN09722, Exp. Date Mar 2027; MN31722, Exp. Date Oct 2027; MN15722, MN13722 Exp. Date Apr 2027; MN31722, Exp. Date  Oct 2027; MN09722, Exp. Date Mar 2027."
"Drugs","No","","98438","Ongoing","Harbin Jixianglong Biotech Co., Ltd.","North Of Baoan Road, East Of Changqing Street","Hulan District","Haerbin","N/A","	N/A","China","Voluntary: Firm initiated","E-Mail","Nationwide within the United States","D-0379-2026","Class II","Semaglutide, For Rx compounding use only, packaged in a) 1g, NDC 84385-106-01; b) 5g, NDC 84385-106-02; c) 10g, NDC 84385-106-06; d) 25g, NDC 84385-106-03; d) 50g, NDC 84385-106-04 Manufacturer: Harbin Jixianglong Biotech Co., Ltd., North of Baoan Road, East of Changqing Street, Limin Development Zone, Harbin, China","N/A","CGMP Deviations This recall has been initiated due to failing to complete process validation and bacterial endotoxin method validation before distribution","02/13/2026","03/02/2026","N/A","03/11/2026","Lot #: CP-030-20250711, Exp. Date Jul. 24th, 2027"
"Drugs","No","","98438","Ongoing","Harbin Jixianglong Biotech Co., Ltd.","North Of Baoan Road, East Of Changqing Street","Hulan District","Haerbin","N/A","	N/A","China","Voluntary: Firm initiated","E-Mail","Nationwide within the United States","D-0380-2026","Class II","Semaglutide,  For Rx compounding use only, packaged in a) 1g, NDC 84385-106-01; b) 5g, NDC 84385-106-02; c) 10g, NDC 84385-106-06; d) 25g, NDC 84385-106-03; d) 50g, NDC 84385-106-04; e) 100g, NDC 84385-106-05Manufacturer: Harbin Jixianglong Biotech Co., Ltd., North of Baoan Road, East of Changqing Street, Limin Development Zone, Harbin, China.","N/A","CGMP Deviations This recall has been initiated due to failing to complete process validation and bacterial endotoxin method validation before distribution","02/13/2026","03/02/2026","N/A","03/11/2026","Batch # CP-030-20250911, Mfg Date: Sep. 25th, 2025, Retest Date: Sep. 24th, 2027."
"Drugs","No","","98449","Ongoing","AvKARE","615 N 1st St","N/A","Pulaski","TN","	38478-2403","United States","Voluntary: Firm initiated","Letter","Nationwide in the USA.","D-0341-2026","Class II","Amantadine HCl, Capsules, UPS, 100 mg, 50 Capsules (5 x 10) unit dose, Rx Only, Manufactured for: AvKARE, Pulaski, TN 38478, www.avkare.com, NDC 50268-069-15.","N/A","Failed Dissolution Specifications: This recall has been initiated due to an Out of Specification finding in dissolution.","02/13/2026","02/23/2026","N/A","03/04/2026","Lot # 49261, Exp: 04/30/27"
"Drugs","No","","98452","Ongoing","Cipla USA, Inc.","10 Independence Blvd","N/A","Warren","NJ","	07059-2730","United States","Voluntary: Firm initiated","Letter","U.S.A. Nationwide","D-0381-2026","Class III","Nilotinib Capsules, 150 mg per capsule, packaged in cartons, Rx only, Manufactured by: Cipla Ltd., Verna, Goa, India, Manufactured for: Cipla USA, Inc., 10 Independence Boulevard, Suite 300, Warren, NJ 07059, Outer carton: 112 capsules (4 individual packs containing 28 capsules each) NDC 69097-031-74; Inner carton: 28 capsules (4 blisters of 7 capsules) NDC 69097-031-56; Foil blister: NDC 69097-031-17","271 cartons - Ex: 84 outer cartons x 4 inner cartons x 4 blisters x 7 capsules","Failed Tablet/Capsule Specifications: Observed OOS results at 6-months long-term stability condition for Description test and Appearance by Visual Inspection test.","02/18/2026","03/03/2026","N/A","03/11/2026","Lot #: 5GJ0220, 5GJ0221, 5GJ0222, Exp 04/30/2027"
"Drugs","No","","98456","Ongoing","The Harvard Drug Group LLC","7000 Cardinal Pl","N/A","Dublin","OH","	43017-1091","United States","Voluntary: Firm initiated","Letter","Nationwide US.","D-0383-2026","Class II","Midodrine Hydrochloride Tablets, USP, 5 mg, 50 Tablets (5 x 10 blister packs), Rx only, Packaged and Distributed by: Major Pharmaceuticals, Indianapolis, IN 46268 USA, NDC 0904-6818-06.","8892 cartons","Defective container; inadequately sealed blister packaging.","02/17/2026","03/03/2026","N/A","03/11/2026","Lot # N02640, Exp Date: 08/2027"
"Drugs","No","","98452","Ongoing","Cipla USA, Inc.","10 Independence Blvd","N/A","Warren","NJ","	07059-2730","United States","Voluntary: Firm initiated","Letter","U.S.A. Nationwide","D-0382-2026","Class III","Nilotinib Capsules, 200 mg per capsule, packaged in cartons, Rx only, Manufactured for: Cipla USA, Inc., 10 Independence Boulevard, Suite 300, Warren, NJ 07059, Outer carton: 112 capsules (4 individual packs containing 28 capsules each), NDC 69097-032-74; Inner carton: 28 capsules (4 blisters of 7 capsules), NDC 69097-032-56; Foil blister: NDC 69097-032-17","164 cartons","Failed Tablet/Capsule Specifications: Observed OOS results at 6-months long-term stability condition for Description test and Appearance by Visual Inspection test.","02/18/2026","03/03/2026","N/A","03/11/2026","Lot #: 5GJ0223, Exp 04/30/2027"
"Drugs","No","03/13/2026","98470","Ongoing","Radnostix","4137 Commerce Cir","N/A","Idaho Falls","ID","	83401-1205","United States","Voluntary: Firm initiated","Letter","Nationwide in the USA and Puerto Rico","D-0389-2026","Class II","Sodium Iodide (I-131) Solution, Therapeutic Oral, packaged as a) 1 ml V-vial, NDC 69208-003-15; Order 49317, 49323, 49325, 49329, 49333, 49339, 49341,49355, 49364, 49380, 49392.  (b) 2 ml V-Vial, NDC 69208-003-25; Order 49353,49457, 49477.  (c) 3 ml V-vial, NDC 69208-003-35; Order 49454,49406. Rx Only, Manufactured by: International Isotopes Inc., Idaho Falls, ID.","16 units","Presence of Particulate Matter: Due to production issues","01/26/2026","03/13/2026","N/A","03/11/2026","Batch I012626R-01, Exp 02/09/2026"
"Drugs","No","03/31/2026","98477","Ongoing","MYLAN PHARMACEUTICALS INC","1311 Pineview Dr","N/A","Morgantown","WV","	26505-3276","United States","Voluntary: Firm initiated","Letter","Nationwide within the United States","D-0399-2026","Class II","Amnesteem (Isotretinoin) Capsules, USP 40 mg, packaged in 3 x 10-Count Prescription Packs, Rx Only, Manufactured for: Mylan Pharmaceuticals Inc., Morgantown, WV, 26505 USA, Made in France, NDC 0378-6614-93.","34850 blister packs","Failed Dissolution Specifications","02/24/2026","03/19/2026","N/A","03/11/2026","Lot #: 3116110, 3116130, Exp. Date 07/2026"
"Drugs","No","","98492","Ongoing","Radnostix","4137 Commerce Cir","N/A","Idaho Falls","ID","	83401-1205","United States","Voluntary: Firm initiated","Letter","Nationwide in the US, including Puerto Rico","D-0401-2026","Class III","Gelatin Capsule Pack for use with the Sodium Iodide I-131 Kit (containing 5 empty capsules and 5 Dibasic Sodium Phosphate Capsules 300 mg, International Isotopes Inc., Idaho Falls, ID 83401.  NDC: 69208-003-15; 69208-003-25; 69208-003-35","2,699 blister cartons","Failed Tablet/Capsule Specifications","02/19/2026","03/20/2026","N/A","04/01/2026","Lot, expiry: Lot 3666245, exp: 02/28/2026; Lot 4546213, exp: 02/28/2026 and Lot 4951280, exp 09/30/2027"
"Drugs","No","03/05/2026","98494","Ongoing","HTO Nevada Inc. dba Kirkman","6400 Rosewood St","N/A","Lake Oswego","OR","	97035-5392","United States","Voluntary: Firm initiated","E-Mail","Nationwide within the U.S","D-0385-2026","Class II","FIVE-STAR, VASOCAINE Spray, (Lidocaine HCl 4%, Racepinephrine HCl 0.01%), 4oz bottles, Distributed By: Dermal Source, Portland, OR 97232, NDC 80069-016.","27,380 bottles.","Stability Data Does Not Support Expiry Date.","02/18/2026","03/05/2026","N/A","03/11/2026","Lot #: 839CP-0016, Exp. Date 03/31/2026; 839CP-0017, Exp. Date 06/30/2026; 839CP-0018, Exp. Date 08/31/2026; 839CP-0019, Exp. Date 10/31/2026; 839CP-0020, Exp. Date 03/31/2027; 839CP-0021, Exp. Date 07/31/2027; 839CP-0022, Exp.Date 11/30/2027; 839CP-0023, Exp. Date 02/29/2028; 839CP-0024, Exp. Date 07/31/2028."
"Drugs","No","03/05/2026","98494","Ongoing","HTO Nevada Inc. dba Kirkman","6400 Rosewood St","N/A","Lake Oswego","OR","	97035-5392","United States","Voluntary: Firm initiated","E-Mail","Nationwide within the U.S","D-0386-2026","Class II","MAXIMUM, ZONE 1, 4% Lidocaine Cream, 1/2 oz bottles, Distributed By: Dermal Source, Portland, OR 97232, NDC 80069-014.","178 bottles","Stability Data Does Not Support Expiry Date.","02/18/2026","03/05/2026","N/A","03/11/2026","Lot #: 807CP-0003, Exp. Date 07/31/2026."
"Drugs","No","03/05/2026","98494","Ongoing","HTO Nevada Inc. dba Kirkman","6400 Rosewood St","N/A","Lake Oswego","OR","	97035-5392","United States","Voluntary: Firm initiated","E-Mail","Nationwide within the U.S","D-0387-2026","Class II","MAXIMUM, ZONE 2, 4% Lidocaine Cream, (Lidocaine 4% and Epinephrine 0.01%),  1 oz bottles, Distributed By: Dermal Source, Portland, OR 97232, NDC 80069-015.","243 bottles","Stability Data Does Not Support Expiry Date.","02/18/2026","03/05/2026","N/A","03/11/2026","Lot #: 795CP-0005, Exp. Date 06/30/2026"
"Drugs","No","03/17/2026","98496","Ongoing","New Life Pharma LLC","265 Livingston St","N/A","Northvale","NJ","	07647-1901","United States","Voluntary: Firm initiated","Letter","OH","D-0392-2026","Class II","Semaglutide Inj, 2mg x 10, Sterile Multi-Dose Vial, Rx only, Nomida, 25055 W Valley Pkwy, Suite 106, Olathe, KS 66061, NDC 84223-001-07.","820 vials","Lack of Assurance of Sterility","02/26/2026","03/17/2026","N/A","03/11/2026","Lot 241113, Exp Date 11/30/2026 & Lot 250103, Exp Date 1/31/2027"
"Drugs","No","03/17/2026","98496","Ongoing","New Life Pharma LLC","265 Livingston St","N/A","Northvale","NJ","	07647-1901","United States","Voluntary: Firm initiated","Letter","OH","D-0393-2026","Class II","Semaglutide Inj., 2 mg x 5, Sterile Multi-Dose Vial, Rx only, Nomida, 25055 W Valley Pkwy, Suite 106, Olathe, KS 66061, NDC 84223-001-06","2 vials","Lack of Assurance of Sterility","02/26/2026","03/17/2026","N/A","03/11/2026","Lot 240903, exp 9/30/2026"
"Drugs","No","","98508","Ongoing","STRIDES PHARMA INC","200 Crossing Blvd Ste 110","N/A","Bridgewater","NJ","	08807-2861","United States","Voluntary: Firm initiated","Letter","U.S.A. Nationwide","D-0390-2026","Class II","Children's Ibuprofen Oral Suspension, USP, 100 mg per 5mL, 4 FL OZ (120 mL) bottle, Manufactured for: Taro Pharmaceuticals U.S.A., Inc., Hawthorne, NY 10532, Made in India, NDC 51672-5321-8.","89592 bottles","Presence of foreign substance: the firm received complaints for a gel-like mass and black particles in the product.","03/02/2026","03/16/2026","N/A","03/25/2026","Lot: 7261973A, 7261974A, Exp 01/31/2027"
"Drugs","No","","98510","Ongoing","MACLEODS PHARMA USA, INC","103 College Rd E Fl 2","N/A","Princeton","NJ","	08540-6611","United States","Voluntary: Firm initiated","Letter","Nationwide","D-0403-2026","Class II","Levothyroxine Sodium Tablets USP 150 mcg, 1000 Tablets bottle, Rx Only, Manufactured for: Macleods Pharma USA, Inc., Princeton, NJ, Manufactured by: Macleods Pharmaceuticals Ltd., Sarigam, Valsad, Guajarat, INDIA NDC 33342-401-44","1315 bottles","Subpotent Drug","02/26/2026","03/24/2026","N/A","04/01/2026","Lot 16240062A, exp date 3/2026"
"Drugs","No","03/10/2026","98523","Ongoing","Rising Pharma Holding, Inc.","2 Tower Center Blvd Ste 1401","N/A","East Brunswick","NJ","	08816-1149","United States","Voluntary: Firm initiated","Letter","Nationwide within the U.S","D-0384-2026","Class II","Product label: Temozolomide Capsules, 5mg, packaged in 5-capsule bottles, Rx only, Manufactured for: Rising Pharmaceuticals, Inc., Allendale, NJ 07401, Country of origin: Taiwan, NDC 16571-816-51.","1200 bottles","Failed Impurities/Degradation Specifications: An out-of-specification result observed during 9th-month long term stability testing","03/03/2026","03/04/2026","N/A","03/11/2026","Lot #: 1TM0524003A, Exp. Date 09/2026."
"Drugs","No","04/01/2026","98526","Ongoing","Amerisource Health Services LLC","2550 John Glenn Ave Ste A","N/A","Columbus","OH","	43217-1188","United States","Voluntary: Firm initiated","Letter","U.S. Nationwide","D-0418-2026","Class II","Meclizine Hydrochloride Tablets, USP 12.5 mg, (a) 50 Tablets [5 x 10] (NDC 60687-775-65) (b) 12.5 mg Individual Dose ( NDC 60687-775-11), Rx Only, Distributed by: American Health Packaging, Columbus, Ohio, 43217.","697 cartons","Failed tablet specifications.","03/16/2026","03/31/2026","N/A","04/01/2026","Lot #1024852; Exp 9/30/2026"
"Drugs","No","","98533","Ongoing","K.C. Pharmaceuticals, Inc","3420 Pomona Blvd","N/A","Pomona","CA","	91768-3236","United States","Voluntary: Firm initiated","E-Mail","Nationwide in the US","D-0409-2026","Class II","Sterile EYE DROPS AC (tetrahydrozoline HCl 0.05%, zinc sulfate 0.25%), 0.5 fl. oz. (15 mL) bottles; a) Best Choice, PROUDLY DISTRIBUTED BY: VALU MERCHANDISERS, CO., 5000 KANSAS AVE, KANSAS CITY, KS 66106, UPC 0 70038 47010 6; b) QC-Quality Choice, Sterile Eye drops Irritation Relief, Distributed by: CDMA, Inc., Novi, MI 48375, NDC 83324-190-14; c) Discount drug mart, Eye Drops A.C., Discount Drug Mart Food Fair, Medina, OH 44256, UPC 0 93351 01158 0; d) Good Sense Sterile Eye Drops, Distributed By: Perrigo Direct, Inc., Peachtree City, GA 30269, www.PerrigoDirect.com, NDC 50804-160-01; e) Walgreens, Eye Drops, DISTRIBUTED BY: WALGREEN CO., DEERFIELD, IL 60015, UPC 3 11917 17954 4; f) CAREONE, Itchy relief Eye drops, DISTRIBUTED BY: FOODHOLD U.S.A, LLC., LANDOVER, MD 20785;  g) Equaline, DISTRIBUTED BY: UNFI, PROVIDENCE, RI 02908 UPC 0 41163 25114 4; h) TopCare health TM, DISTRIBUTED BY: TOPCO ASSOCIATES LLC, ELK GROVE VILLAGE, IL 60007, UPC 0 36800 03640 6; i) meijer, DIST. BY MEIJER DISTRIBUTION, INC., GRAND RAPIDS, MI 49544, www.meijer.com, NDC 41250-598-01; j) H.E.B A.C. Eye Drops, MADE WITH PRIDE & CARE FOR H-E-B, SAN ANTONIO, TX 78204, UPC 0 41220 43746 7","182,424 bottles","Lack of Assurance of Sterility","03/03/2026","03/31/2026","N/A","04/08/2026","Lot: a) AC24E01, Exp.: 05/31/26; b) AC24E01, Exp.: 05/31/26; c) AC24E01, Exp.: 05/31/26; d) AC24E01, Exp.: 05/31/26; e) AC24E01, Exp.: 05/31/26; f) AC24E01, Exp.: 05/31/26; g) AC24E01, Exp.: 05/31/26; h)AC24E01, Exp.: 05/31/26; i) AC24E01, Exp.: 05/31/26; j) AC24E01, Exp.: 05/31/26;"
"Drugs","No","04/01/2026","98536","Ongoing","Apotex Corp.","2400 N Commerce Pkwy Ste 400","N/A","Weston","FL","	33326-3253","United States","Voluntary: Firm initiated","Letter","U.S. Nationwide","D-0407-2026","Class II","Brimonidine Tartrate/Timolol Maleate Ophthalmic Solution 0.2%/0.5%*, 5 mL, Rx Only, Sterile, Apotex Corp. Manufactured for: Apotex Corp., Weston, FL 33326, NDC 60505-0589-1.","107,136 vials","Lack of Assurance of Sterility","03/05/2026","03/27/2026","N/A","03/25/2026","Lots VJ8599, Exp Date 09/30/2026 & VL1668, Exp Date 01/31/2027"
"Drugs","No","","98533","Ongoing","K.C. Pharmaceuticals, Inc","3420 Pomona Blvd","N/A","Pomona","CA","	91768-3236","United States","Voluntary: Firm initiated","E-Mail","Nationwide in the US","D-0410-2026","Class II","EYE DROPS Advanced Relief, (dextran 70 0.1%, polyethylene glycol 400 1% and tetrahydrozoline HCl 0.05%), 0.5 FL OZ (15 mL) bottles, Sterile;  a) Walgreens, DISTRIBUTED BY: WALGREEN CO.,  DEERFIELD, IL 60015; UPC 3 11917 20074 3; b) Kroger, DISTRIBUTED BY THE KROGER CO., CINCINNATI, OHIO 45202; c) CVS Health, Distributed by :CVS Pharmacy, Inc., Woonsocket, RI 02895, UPC 0 50428 43544 1; d) QC-Quality Choice, Distributed by: CDMA, Inc., Novi, MI 48375, NDC 83324-191-14; e) Discount drug mart, Discount Drug Mart Food Fair, Medina, OH 44256, UPC 0 93351 01155 9; f) Foster & Thrive,  Distributed by: McKesson Corp., via SSSL, Memphis, TN 38141, NDC 70677-1158-1; g) GoodSense, Distributed By: Perrigo Direct Inc., Peachtree City, GA 30269, www.PerrigoDirect.com, NDC 50804-130-01; h) TopCare health, DISTRIBUTED BY TOPCO ASSOCIATES LLC, ELKGROVE VILLAGE, IL 60007, UPC 0 36800 03641 3; I) DG health Sterile, DISTRIBUTED BY OLD EAST MAIN CO., 100 MISSION RIDGE, GOODLETTSVILLE, TN 37072, UPC 0 95072 02556 3; j) Fast Acting, CODE RED Eye Drops, Sterile, Distributed by: 4 Trees, LLC, NDC 83817-963-01.","303,216 bottles","Lack of Assurance of Sterility","03/03/2026","03/31/2026","N/A","04/08/2026","Lot: a) AR24D01, Exp.: 04/30/26; AR24G01, AR24G02, Exp.: 07/31/26; AR24M01, Exp.: 10/31/26; b) AR24D01, Exp.: 04/30/26; AR24G01, Exp.: 07/31/26; AR24M01, Exp.: 10/31/26; c) AR24D01, Exp.: 04/30/26; AR24G02, Exp.: 07/31/26; AR24M01, Exp.: 10/31/26; d) AR24G02, Exp.: 07/31/26; e) AR24G02, Exp.: 07/31/26; f)  AR24G02, Exp.: 07/31/26; g) AR24M01, Exp.: 10/31/26, h) AR24G01, Exp.: 07/31/26; AR24M01, Exp.:10/31/26; I) AR24M01, Exp.:10/31/26; j)  AR24D01, Exp.: 04/30/26."
"Drugs","No","03/17/2026","98496","Ongoing","New Life Pharma LLC","265 Livingston St","N/A","Northvale","NJ","	07647-1901","United States","Voluntary: Firm initiated","Letter","OH","D-0394-2026","Class II","Tirzepatide Inj, 10mg, Sterile Multi-Dose Vial, Rx only, Nomida, 25055 W Valley Pkwy, Suite 106, Olathe, KS 66061, NDC 84223-002-03. ","23 vials","Lack of Assurance of Sterility","02/26/2026","03/17/2026","N/A","03/11/2026","Lot 240709, exp 7/31/2026"
"Drugs","No","03/17/2026","98496","Ongoing","New Life Pharma LLC","265 Livingston St","N/A","Northvale","NJ","	07647-1901","United States","Voluntary: Firm initiated","Letter","OH","D-0395-2026","Class II","Tirzepatide Inj, 15mg x 4, Sterile Multi-Dose Vial, Rx only, Nomida, 25055 W Valley Pkwy, Suite 106, Olathe, KS 66061, NDC 84223-002-04.  ","45 vials","Lack of Assurance of Sterility","02/26/2026","03/17/2026","N/A","03/11/2026","Lot 240709, exp 7/31/2026"
"Drugs","No","","98533","Ongoing","K.C. Pharmaceuticals, Inc","3420 Pomona Blvd","N/A","Pomona","CA","	91768-3236","United States","Voluntary: Firm initiated","E-Mail","Nationwide in the US","D-0411-2026","Class II","Dry Eye Relief Eye Drops, (glycerin 0.2%, hypromellose 0.2% and polyethylene glycol 400 1%) 0.5 FL OZ (15 mL) bottles; a) GERI CARE, Distributed by:  Gericare Pharmaceuticals Corp., Lakewood, NJ 08701, NDC 57896-181-05; b) TopCare health, DISTRIBUTED BY TOPCO ASSOCIATES LLC, ELKGROVE VILLAGE, IL 60007, UPC 0 36800 36100 3; c) Rite Aid, DISTRIBUTEDBY: RITE AID, Camp Hill, PA 17011, NDC 11822-1067-2; d) LEADER  DISTRIBUTED BY CARDINAL HEALTH, DUBLIN, OHIO 43017,  www.myleader.com, NDC 70000-0502-1; e)  Discount drug mart, Discount Drug Mart Food Fair, Medina, OH 44256, UPC 0 93351 01156 6; f)  H-E-B, MADE WITH PRIDE & CARE FOR H-E-B, SAN ANTONIO, TX 78204, UPC 0 41220 43741 2; g) Foster & Thrive, Distributed by: McKesson Corp., via Strategic Sourcing Services LLC, Memphis, TN 38141, www.fosterandthrive.com, NDC 70677-1158-1; h) meijer, DIST. BY MEIJER DISTRIBUTION, INC., GRAND RAPIDS, MI 49544, www.meijer.com, NDC 41250-718-01; i) DG health Sterile, DISTRIBUTED BY OLD EAST MAIN CO., GOODLETTSVILLE, TN 37072, UPC 0 95072 02656 0; j) Harris Teeter, Eye Drops, Artificial Tears, PROUDLY DISTRIBUTED BY: HARRIS TEETER, LLC, MATHEWS, NC 28105, UPC 0 72036 71303 2; k) exchange select, Manufactured for your Military Exchanges by: KC Pharmaceuticals, Inc., Pomona, CA 91768, UPC 6 14299 05620 6; l) Good Neighbor Pharmacy, Distributed By AmerisourceBergen, Conshohocken, PA 19428, NDC 46122-605-05  ","1,023,096 bottles","Lack of Assurance of Sterility","03/03/2026","03/31/2026","N/A","04/08/2026","Lot: a) LT24E01, LT24E02, LT24E03, Exp.: 05/31/26; LT24F01, Exp.: 06/30/26; LT24G01, Exp.: 07/31/26; LT24M01, LT24M02, Exp.: 10/31/26; b) LT24E03, Exp.: 05/31/26; LT24F01, Exp.:06/30/26; LT24G01, Exp.:07/31/26; LT24M02, Exp.: 10/31/26; c) LT24F01, Exp.: 06/30/26; d) LT24F01, Exp.: 06/30/26; LT24G01, Exp.: 07/31/26; e)  LT24F01, Exp.: 06/30/26; f) LT24F01, Exp.: 06/30/26; LT24G01, Exp.: 07/31/26; g) LT24F01, Exp.: 06/30/26; LT24G01, Exp.: 07/31/26; h)  LT24F01, Exp.: 06/30/26; i) LT24F01, Exp.: 06/30/26; LT24G01, Exp.: 07/31/26; j) LT24F01, Exp.: 06/30/26; k)  LT24G01, Exp.: 07/31/26; L)  LT24F01, Exp.: 06/30/26; m)"
"Drugs","No","","98543","Ongoing","Annora Pharma Private Limited","Sy. No.261, Plot No. 13 And 14, Annaram Village, Gummadidal Mandal","Jinnaram Mandal, Sangareddy District, Medak","Hyderabad","N/A","	N/A","India","Voluntary: Firm initiated","Letter","TN","D-0391-2026","Class III","Pitavastatin Tablets, 2 mg, packaged in 90-count bottles, Rx only, Manufactured for: Northstar Rx LLC, Memphis, TN 38141, Manufactured by: Annora Pharma Pvt. LTd., Sengareddy - 502313, Telengana, India, NDC 72603-479-01.","770 bottles","Presence of foreign tablets/capsules: one Pitavastatin tablet 1mg found in bottle of Pitavastatin tablets 2mg","02/03/2026","03/16/2026","N/A","03/25/2026","Lot #: A252487, Exp 05/31/2027"
"Drugs","No","","98533","Ongoing","K.C. Pharmaceuticals, Inc","3420 Pomona Blvd","N/A","Pomona","CA","	91768-3236","United States","Voluntary: Firm initiated","E-Mail","Nationwide in the US","D-0412-2026","Class II","Ultra Lubricating Eye Drops (polyethylene 400 0.4%, propylene glycol 0.3%), Sterile, 0.5 FL OZ (15mL) bottles; a) LEADER, DISTRIBUTED BY CARDINAL HEALTH, DUBLIN, OHIO 43017, www.myleader.com, NDC 70000-0457-1; b) Harris Teeter, Eye Drops, Ultra Lubricant, PROUDLY DISTRIBUTED BY: HARRIS TEETER, LLC, MATHEWS, NC 28105, UPC 0 72036 73588 1; c) Foster & Thrive, Lubricating Eye Drops, Distributed by: McKesson Corp., via Strategic Sourcing Services LLC, Memphis, TN 38141, www.fosterandthrive.com, NDC 70677-1160-1; d) Walgreens Lubricant Eye Drops, DISTRIBUTED BY: WALGREEN CO., DEERFIELD, IL 60015, UPC 3 11917 20167 2; e) P high performance Eye drops, DISTRIBUTED BY PUBLIX SUPER MARKETS, INC, LAKELAND, FL 33811, UPC 0 41415 09876 3; f) Kroger high performance lubricant eye drops, DISTRIBUTED BY THE KROGER CO., CINCINNATI, OHIO 45202; g) Good Sense Ultra Lubricant Eye Drops, Distributed By: Perrigo Direct, Inc., Peachtree City, GA 30269, www.PerrigoDirect.com, NDC 50804-160-01; h) meijer Ultra Lubricant, DIST. BY MEIJER DISTRIBUTION, INC., GRAND RAPIDS, MI 49544, www.meijer.com, NDC 41250-937-01; i) CVS Health, Fast Acting Lubricant Eye Drops, Distributed by: CVS Pharmacy, Inc., Woonsocket, RI 02895, UPC 0 50428 39690 2; j) CVS Health, Fast Acting Lubricant Eye Drops, Twin pack, Distributed by: CVS Pharmacy, Inc., One CVS Drive, Woonsocket, RI 02895, UPC 0 50428 44738 3; k) QC-Quality Choice, Lubricant Eye Drops, Distributed by: CDMA, Inc., Novi, MI 48375, NDC 83324-029-15; l) AVENOVA LUBRICANT EYE DROPS, Twin pack, Distributed by: NovaBay Pharmaceuticals, Inc., CA 94608, UPC 8 57005 00411 9.      ","245,184 bottles","Lack of Assurance of Sterility","03/03/2026","03/31/2026","N/A","04/08/2026","Lot: a) SU24E01, SU24E02, Exp.: 5/31/26; SU24K01, Exp.: 9/30/26; b) SU24E01, Exp.: 5/31/26; c) SU24E01, SU24E02, Exp.: 5/31/26; SU24K01, Exp.: 9/30/26; d) SU24E01, SU24E02, Exp.: 5/31/26; e) SU24E01, SU24E02, Exp.: 5/31/26; SU24K01, Exp.: 9/30/26; f) SU24E01, SU24E02, Exp.: 5/31/26; SU24K01, Exp.: 9/30/26; g) SU24E01, SU24E02, SU24E03, Exp.: 5/31/26; h) SU24E01, Exp.: 5/31/26; i) SU24E01, SU24E02, SU24E03, Exp.: 5/31/26; j) SU24E03, Exp.: 5/31/26; k) SU24E02, Exp.: 5/31/26; SU24K01, Exp.: 9/30/26; L) SU24K01, Exp.: 9/30/26."
"Drugs","No","","98533","Ongoing","K.C. Pharmaceuticals, Inc","3420 Pomona Blvd","N/A","Pomona","CA","	91768-3236","United States","Voluntary: Firm initiated","E-Mail","Nationwide in the US","D-0413-2026","Class II","Sterile Eye Drops ORIGINAL FORMULA (tetrahydrozoline HCl 0.05%), 0.5 FL OZ (15mL) bottles; a) Good Sense Sterile Eye Drops, Distributed By: Perrigo Direct, Inc., Peachtree City, GA 30269, www.PerrigoDirect.com, NDC 50804-141-01; b) Walgreens, Eye Drops, Original Formula, DISTRIBUTED BY: WALGREEN CO., DEERFIELD, IL 60015, UPC 3 11917 20073 6; c) Walgreens, Eye Drops, Original Formula, 2 Bottles, DISTRIBUTED BY: WALGREEN CO., DEERFIELD, IL 60015, UPC 3 11917 20076 7; d) Kroger Sterile  eye drops,  Original, DISTRIBUTED BY THE KROGER CO., CINCINNATI, OHIO 45202, UPC 0 1110 38597 0; e) Sterile eye drops, Regular formula, Product manufactured for: Lil' Drug Store Products, Inc., Cedar Rapids, IA 52404, UPC 3 66715 68324 3; f) CVP Sterile EYE DROPS, Distributed by: Salado Sales. Inc., Temple, TX 76503; UPC 7 61606 16500 3; g) Harris Teeter, Eye Drops, Original, PROUDLY DISTRIBUTED BY: HARRIS TEETER, LLC, MATHEWS, NC 28105, UPC 0 72036 71302 5; h) H.E.B Original Eye Drops, MADE WITH PRIDE & CARE FOR H-E-B, SAN ANTONIO, TX 78204, UPC 0 41220 43747 4; i) Rugby tetrahydrozoline ophthalmic Solution, Distributed by: RUGBY LABORATORIES, IN 46268, NDC 0536-1217-94, j) Equaline, DISTRIBUTED BY UNFI, PROVIDENCE, RI 02908, UPC 0 41163 25110 6; k) Discount drug mart, EyeDrops  ORIGINAL, Discount Drug Mart Food Fair, 211 Commerce Drive, Medina, OH 44256, UPC 0 93351 01156 3; L) LEADER Original Eye Drops, DISTRIBUTED BY CARDINAL HEALTH, DUBLIN, OHIO 43017, www.myleader.com, NDC 70000-0454-1; m) CAREone, DISTRIBUTED BY FOODHOLD U.S.A, LLC, LANDOVER, MD 20785, NDC 41520-431-05; n) Circle K sterile eye drops, Product manufactured for: Lil' Drug Store Products, Inc., Cedar Rapids, IA 52404, Proudly distributed by Circle K Stores Inc., UPC 1 94283 65185 8; o) DG health Original Formula, DISTRIBUTED BY OLD EAST MAIN CO., GOODLETTSVILLE, TN 37072, UPC 0 95072 00556 5; p) Good Neighbor Pharmacy Eye Drops, Original Formula, Distributed By AmerisourceBergen, Conshohocken, PA 19428, NDC 24385-075-05; q) TopCare health, Original Eye Drops, DISTRIBUTED BY TOPCO ASSOCIATES LLC, ELKGROVE VILLAGE, IL 60007, UPC 0 36800 03639 0; r) Best Choice, Eye Drops, ORIGINAL, PROUDLY DISTRIBUTED BY: VALU MERCHANDISERS, CO., KANSAS CITY, KS 66106, UPC 0 70038 47011 3      ","378,144 bottles","Lack of Assurance of Sterility","03/03/2026","03/31/2026","N/A","04/08/2026","Lot: a) RG24E01, Exp.: 05/31/26; RG24G02, Exp.: 07/31/26; b) RG24E01, Exp.: 05/31/26; RG24G02, Exp.: 07/31/26; c) RG24G02, Exp.: 07/31/26; d) RG24E01, Exp.: 05/31/26; RG24G01, RG24G02; Exp.: 07/31/26; e) RG24E01, Exp.: 05/31/26; RG24G01, Exp.: 07/31/26; f) RG24E01, Exp.: 05/31/26; RG24G02; Exp.: 07/31/26; g) RG24E01, Exp.: 05/31/26; h) RG24E01, Exp.: 05/31/26; RG24G02, Exp.: 07/31/26; i) RG24E01, Exp.: 05/31/26; j) RG24E01, Exp.: 05/31/26; k) RG24E01, Exp.: 05/31/26; L) RG24E01, Exp.: 05/31/26; m)  RG24E01, Exp.: 05/31/26; n) RG24G01, Exp.: 07/31/26; o) RG24G01, Exp.: 07/31/26; p) RG24G02, Exp.: 07/31/26; q)RG24E01, Exp.: 05/31/26; RG24G02, Exp.: 07/31/26; r) RG24G02, Exp.: 07/31/26"
"Drugs","No","","98533","Ongoing","K.C. Pharmaceuticals, Inc","3420 Pomona Blvd","N/A","Pomona","CA","	91768-3236","United States","Voluntary: Firm initiated","E-Mail","Nationwide in the US","D-0414-2026","Class II","Sterile EYE DROPS REDNESS LUBRICANT (glycerin 0.25% and naphazoline HCl 0.012%), 0.5 fl oz (15 mL) bottles; a) Industrial Eye Relief, Distributed by: Cintas Corp., Mason, OH 45040, UPC 130209; b) Good Neighbor Pharmacy Eye Drops, Redness & Dry Eye Relief, Distributed By AmerisourceBergen, Conshohocken, PA 19428, NDC 46122-606-05; c) Colirio Ojo De Aguila Eye Drops, Distributed by: Grandall Distributing Co., Inc., Glendale, CA 91204-2707, UPC 3 48201 01615 5; d) Colirio OFTAL-MYCIN, Distributed by: Grandall Distributing Co., Inc., Glendale, CA 91204-2707, UPC 3 48201 01613 1; e) LEADER Redness Relief, DISTRIBUTED BY CARDINAL HEALTH, DUBLIN, OHIO 43017, www.myleader.com, NDC 70000-0010-1; f) Equaline, sterile redness relief, DISTRIBUTED BY UNFI, PROVIDENCE, RI 02908, UPC 0 41163 46151 2; g) Walgreens, Redness Relief Eye Drops, DISTRIBUTED BY: WALGREEN CO., DEERFIELD, IL 60015, UPC 3 11917 17741 0; h) Foster & Thrive, Redness Relief Eye Drops, Sterile, Distributed by: McKesson Corp., via SSSL, Memphis, TN 38141, www.fosterandthrive.com, NDC 70677-1161-1; i) LUBRICANT EYE DROPS, Redness Relief, DISTRIBUTEDBY: RITE AID, 30 HUNTER LANE, CAMP HILL, PA 17011, NDC 11822-6453-4; j) Discount drug mart, Eye Drops Redness Relief, Distributed by: Discount Drug Mart, Medina, OH 44256, UPC 0 93351 03411 4    ","315,144 bottles","Lack of Assurance of Sterility","03/03/2026","03/31/2026","N/A","04/08/2026","Lot: a) RL24D01, Exp.: 04/30/26; RL24F01, RL24F02, Exp.:06/30/26; b) RL24F01, RL24F02, Exp.:06/30/26; c) RL24F01, Exp.:06/30/26; d) RL24F02, Exp.:06/30/26; e) RL24F01, RL24F02, Exp.:06/30/26; f) RL24F01, RL24F02, Exp.:06/30/26; g) RL24F01, RL24F02, Exp.:06/30/26; h) RL24F01, Exp.:06/30/26; i) RL24F01, Exp.:06/30/26; j) RL24F02, Exp.:06/30/26; k)"
"Drugs","No","","98533","Ongoing","K.C. Pharmaceuticals, Inc","3420 Pomona Blvd","N/A","Pomona","CA","	91768-3236","United States","Voluntary: Firm initiated","E-Mail","Nationwide in the US","D-0415-2026","Class II","STERILE EYE DROPS SOOTHING TEARS (polyethylene glycol 400 0.4% and propylene glycol 0.3%),  0.5 OZ 0.5 fl oz (15 mL) bottles; a) Rugby LUBRICATING EYE DROPS, Distributed by: Rugby Laboratories, Livonia, MI 48152, NDC 0536-1219-94; b) Walgreens, Lubricant Eye Drops, DISTRIBUTED BY: WALGREEN CO., DEERFIELD, IL 60015, UPC 3 11917 20300 3    ","74,016 bottles","Lack of Assurance of Sterility","03/03/2026","03/31/2026","N/A","04/08/2026","Lot: a) SY24K01, SY24K02, Exp.: 09/30/26; b) SY24K01, SY24K02, Exp.: 09/30/26."
"Drugs","No","","98533","Ongoing","K.C. Pharmaceuticals, Inc","3420 Pomona Blvd","N/A","Pomona","CA","	91768-3236","United States","Voluntary: Firm initiated","E-Mail","Nationwide in the US","D-0416-2026","Class II","Artificial Tears Sterile Lubricant Eye Drops (polyvinyl alcohol 0.5%, povidone 0.6%), 0.5 FL OZ (15 mL) bottles; a) LEADER, DISTRIBUTED BY CARDINAL HEALTH, DUBLIN, OHIO 43017, www.myleader.com, NDC 70000-0011-1; b) Good Sense, Distributed By: Perrigo Direct, Inc., Peachtree City, GA 30269, www.PerrigoDirect.com, NDC 50804-110-01; c) Good Neighbor Pharmacy, Distributed By AmerisourceBergen, Conshohocken, PA 19428, NDC 24385-006-05; d) TopCare health, DISTRIBUTED BY TOPCO ASSOCIATES LLC, ELKGROVE VILLAGE, IL 60007, UPC 0 36800 09331 7; e) Best Choice, PROUDLY DISTRIBUTED BY: VALU MERCHANDISERS, CO., KANSAS CITY, KS 66106, UPC 0 70038 47008 3; f) Kroger, DISTRIBUTED BY THE KROGER CO., CINCINNATI, OHIO 45202, UPC 0 11110 38600 7; g) P, DISTRIBUTED BY PUBLIX SUPER MARKETS, INC, LAKELAND, FL 33811, UPC 0 41415 00976 9; h) Quality Choice, Distributed by CDMA Inc, Novi, MI NDC 83324-189-14    ","589,848 bottles","Lack of Assurance of Sterility","03/03/2026","03/31/2026","N/A","04/08/2026","Lot: a) AT24D01, Exp.: 04/30/26; AT24E01, Exp.: 05/31/26; AT24G01, Exp.: 07/31/26; b) AT24D01, Exp.: 04/30/26; AT24E01, AT24E02, Exp.: 05/31/26; AT24G01, Exp.: 07/31/26; c) AT24D01, Exp.: 04/30/26; AT24E01, Exp.: 05/31/26; AT24G01, Exp.: 07/31/26; d) AT24D01, Exp.: 04/30/26; AT24E01, AT24E02, Exp.: 05/31/26; AT24G01, Exp.: 07/31/26; e) AT24E01, Exp.: 05/31/26; AT24G01, Exp.: 07/31/26; f) AT24E01, AT24E02, Exp.: 05/31/26; AT24G01, Exp.: 07/31/26; g) AT24E02, Exp.: 05/31/26."
"Drugs","No","03/20/2026","98560","Ongoing","Zydus Pharmaceuticals (USA) Inc","73 Route 31 N","N/A","Pennington","NJ","	08534-3601","United States","Voluntary: Firm initiated","Letter","Nationwide in the USA","D-0400-2026","Class II","Icosapent Ethyl Capsules, 1 gram, 120 Capsules per bottle, Rx only, Manufactured by: Softgel Healthcare Pvt. Ltd., India; Distributed by: Zydus Pharmaceuticals (USA) Inc., Pennington, NJ 08534.  NDC: 70710-1592-7","60,541 bottles","Failed Tablet/Capsule specifications: Red dots inside capsule and melted capsule caused by oxidized Icosapent ethyl, the active ingredient.","03/09/2026","03/20/2026","N/A","03/18/2026","Lot #: S2520249, S2520250, S2520267, Exp. Date 2027/Jan; S2520303, S2520305, S2520332, Exp. Date 2027/Feb; S2540208, S2540209, Exp. Date 2027/Apr"
"Drugs","No","04/09/2026","98575","Ongoing","Cipla USA, Inc.","10 Independence Blvd","N/A","Warren","NJ","	07059-2730","United States","Voluntary: Firm initiated","Letter","Nationwide in the USA","D-0422-2026","Class II","Lanreotide Injection, 120 mg*/0.5 mL, Box contains 1 Pre-filled syringe and 1 safety needle, Single dose only, Rx Only, Manufactured by: Pharmathen International, S.A., Rodopi, Greece.  Manufactured for: Cipla USA, Inc., 10 Independence Boulevard, Suite 300, Warren, NJ 07059.  NDC:  69097-870-67","54,583 syringes","Lack of Assurance of Sterility: Due to an FDA observation at the contract manufacturing site for deficiencies in their visual inspection procedure.","03/13/2026","04/03/2026","N/A","04/15/2026","Lot, expiry:  4401666IR1, Exp 8/31/2027; 4401703IR1, Exp 9/30/2027; 4401703IR2, EXP 9/30/2027; 4401704IR1, Exp 9/30/2027; 4401705IR1, Exp 9/30/2027; 4401706IR1, Exp 9/30/2027; 4401720IR1, Exp 9/30/2027; 4401721IR1, Exp 9/30/2027; 4401733IR1, Exp 9/30/2027; 4401770IR1, Exp 9/30/2027; 4401777IR1, Exp 9/30/2027; 4401788IR1, Exp 10/31/2027; 4401804IR1, Exp 10/31/2027; 4401805IR1, Exp 10/31/2027; 4401824IR1, Exp 10/31/2027; 4401860IR1, Exp 10/31/2027; 4500019IR1, Exp 11/30/2027; 4500035IR1, Exp 11/30/2027; 4500036IR1, Exp 11/30/2027; 4500078IR1, Exp 11/30/2027; 4500079IR1, Exp 11/30/2027; 4500102IR1, Exp 12/31/2027; 4500119IR1, Exp 12/31/2027; 4500120IR1, Exp 12/31/2027; 4500121IR1, Exp 12/31/2027; 4500268IR1, Exp 1/31/2028; 4500269IR1, Exp 1/31/2028; 4500272IR1, Exp 1/31/2028; 4500314IR2, EXP 1/31/2028; 4500314RIR, EXP 1/31/2028; 4500315IR1, Exp 2/28/2028; 4500352IR1, Exp 2/28/2028; 4500353IR1, Exp 2/28/2028; 4500354IR1, Exp 2/28/2028; 4500355IR1, Exp 2/28/2028; 4500408IR1, Exp 2/28/2028; 4500409IR1, Exp 3/31/2028; 4500410IR1, Exp 3/31/2028; 4500480IR1, Exp 3/31/2028; 4500481IR1, Exp 3/31/2028; 4500545IR1, Exp 3/31/2028; 4500546IR1, Exp 3/31/2028; 4500588IR1, Exp 4/30/2028; 4500589IR1, Exp 4/30/2028; 4500635IR1, Exp 4/30/2028; 4500636IR1, Exp 4/30/2028; 4500687IR1, Exp 4/30/2028; 4500688IR1, Exp 4/30/2028; 4500758IR1, Exp 4/30/2028; 4500759IR1, Exp 5/31/2028; 4500788IR1, Exp 5/31/2028; 4500789IR1, Exp 5/31/2028; 4500819IR1, Exp 5/31/2028; 4500846IR1, Exp 5/31/2028; 4500849IR1, Exp 6/30/2028; 4500850IR1, Exp 7/31/2028; 4500907IR1, Exp 7/31/2028; 4501108IR1, Exp 7/31/2028; 4501109IR1, Exp 7/31/2028; 4501110IR1, Exp 7/31/2028; 4501111IR1, Exp 7/31/2028; 4501166IR1, Exp 7/31/2028; 4501386IR1, Exp 8/31/2028; 4501387IR1, Exp 8/31/2028;"
"Drugs","No","","98581","Ongoing","Fresenius Kabi USA, LLC","3 Corporate Dr","N/A","Lake Zurich","IL","	60047-8930","United States","Voluntary: Firm initiated","Letter","US Nationwide , Alaska, and Puerto Rico.","D-0424-2026","Class II","0.45% Sodium Chloride Injection, USP, 1.125 grams per 250 mL (4.5 mg per mL), 250 mL in a 250 mL freeflex bag, Rx only, Fresenius Kabi USA, LLC (""Fresenius Kabi""), Lake Zurich, IL 60047, Unit of Use NDC: 63323-626-03, Unit of Sale NDC Number: 63323-626-25 (30 bags in 1 case).  ","N/A","Lack of Assurance of Sterility","03/11/2026","04/03/2026","N/A","04/15/2026","Batch # 6402413, Exp Date: 02/29/2028"
"Drugs","No","","98581","Ongoing","Fresenius Kabi USA, LLC","3 Corporate Dr","N/A","Lake Zurich","IL","	60047-8930","United States","Voluntary: Firm initiated","Letter","US Nationwide , Alaska, and Puerto Rico.","D-0425-2026","Class II","0.9% Sodium Chloride Injection, USP 0.9% (450 mg per 50 mL) (9 mg per mL) 50 mL, Rx only, Fresenius Kabi USA, LLC (""Fresenius Kabi""), Lake Zurich, IL 60047, Unit of Use NDC: 65219-466-05, Unit of Sale NDC Number: 65219-466-60.","N/A","Lack of Assurance of Sterility","03/11/2026","04/03/2026","N/A","04/15/2026","Batch# 6402372, 6402374, Exp Date: 08/31/2026; Batch# 6402437, Exp Date: 10/31/2026."
"Drugs","No","","98581","Ongoing","Fresenius Kabi USA, LLC","3 Corporate Dr","N/A","Lake Zurich","IL","	60047-8930","United States","Voluntary: Firm initiated","Letter","US Nationwide , Alaska, and Puerto Rico.","D-0426-2026","Class II","0.9% Sodium Chloride Injection, USP, 0.9% (900 mg per 100 mL) (9 mg per mL) 100 mL in a 100 mL freeflex bag, Rx only, Fresenius Kabi USA, LLC (""Fresenius Kabi""), Lake Zurich, IL 600047, Unit of Use NDC: 65219-468-05, Unit of Sale NDC Number: 65219-468-50.","N/A","Lack of Assurance of Sterility","03/11/2026","04/03/2026","N/A","04/15/2026","Batch# 6402299, 6402300, 6402301, 6402302, 6402303, Exp Date: 01/31/2027; Batch# 6402305, 6402398, Exp Date: 02/28/2027; Batch# 6402467, Exp Date: 04/30/2027; Batch# 6402577, 6402578, Exp Date: 06/30/2027."
"Drugs","No","","98581","Ongoing","Fresenius Kabi USA, LLC","3 Corporate Dr","N/A","Lake Zurich","IL","	60047-8930","United States","Voluntary: Firm initiated","Letter","US Nationwide , Alaska, and Puerto Rico.","D-0427-2026","Class II","0.9% Sodium Chloride Injection, USP, (2,250 mg per 250 mL) (9 mg per mL) 250 mL in a 250 mL freeflex bag, Rx only, Fresenius Kabi USA, LLC (""Fresenius Kabi""), Lake Zurich, IL 60047, Unit of Use NDC: 65219-470-05, Unit of Sale NDC Number: 65219-470-30.","N/A","Lack of Assurance of Sterility","03/11/2026","04/03/2026","N/A","04/15/2026","Batch# 23SU10008, Exp Date: 12/31/2026; Batch# 24JU10003, Exp Date: 07/31/2027; Batch# 24LU10011, 24LU10012, Exp Date: 9/30/2027; Batch# 6402273, 6402275, Exp Date: 01/31/2028; Batch# 6402420, 6402421, 6402422, 6402423, Exp Date: 03/31/2028; Batch# 6402473, 6402474, 6402475, 6402476, 6402485, Exp Date: 04/30/2028; Batch# 6402516, Exp Date: 05/31/2028."
"Drugs","No","","98581","Ongoing","Fresenius Kabi USA, LLC","3 Corporate Dr","N/A","Lake Zurich","IL","	60047-8930","United States","Voluntary: Firm initiated","Letter","US Nationwide , Alaska, and Puerto Rico.","D-0428-2026","Class II","0.9% Sodium Chloride Injection, USP, (4,500 mg per 500 mL) (9 mg per mL) 500 mL in a 500 mL freeflex bag, Rx only, Fresenius Kabi USA, LLC (""Fresenius Kabi""), Lake Zurich, IL 60047, Unit of Use NDC: 65219-472-05, Unit of Sale NDC Number: 65219-472-20.","N/A","Lack of Assurance of Sterility","03/11/2026","04/03/2026","N/A","04/15/2026","Batch# 24LU10013, 24LU10014, Exp Date: 09/30/2027; Batch# 24NU10001, 24NU10002, Exp Date: 10/31/2027."
"Drugs","No","","98581","Ongoing","Fresenius Kabi USA, LLC","3 Corporate Dr","N/A","Lake Zurich","IL","	60047-8930","United States","Voluntary: Firm initiated","Letter","US Nationwide , Alaska, and Puerto Rico.","D-0429-2026","Class II","0.9% Sodium Chloride Injection, USP, 50 mL x60, Becton, Dickson and Company, 1 Beckton Drive, Franklin Lakes, NJ 07417 USA, Distributed by BD, Manufactured by Fresenius Kabi USA, LLC (""Fresenius Kabi""), Unit of Sale NDC Number: 17271-701-02.","N/A","Lack of Assurance of Sterility","03/11/2026","04/03/2026","N/A","04/15/2026","Batch# 6402428, Exp Date: 10/31/2026; Batch# 6402481, 6402482, Exp Date: 11/30/2026."
"Drugs","No","","98581","Ongoing","Fresenius Kabi USA, LLC","3 Corporate Dr","N/A","Lake Zurich","IL","	60047-8930","United States","Voluntary: Firm initiated","Letter","US Nationwide , Alaska, and Puerto Rico.","D-0430-2026","Class II","0.9% Sodium Chloride Injection, USP, 900 mg per 100 mL (9 mg per mL) 100 mL in a Single Dose freeflex bag, Rx only, BD Beckton, Dickson and Company, 1 Beckton Drive, Franklin Lakes, NJ 07417 USA, Distributed by BD, Manufactured by: Fresenius Kabi USA, LLC (""Fresenius Kabi""), Unit of Sale NDC Number: 17271-701-03.","N/A","Lack of Assurance of Sterility","03/11/2026","04/03/2026","N/A","04/15/2026","Batch# 6402153, Exp Date: 11/30/2026; Batch# 6402297, 6402298, Exp Date: 01/31/2027; Batch# 6402377, 6402378, 6402379, Exp Date: 02/28/2027; Batch # 6402429, 6402430, 6402431, 6402432, 6402433, Exp Date: 03/31/2027; Batch# 6402434, Exp Date: 04/30/2027; Batch# 6402512, Exp Date: 05/2027; Batch# 6402574, 6402576, Exp Date: 06/30/2027."
"Drugs","No","","98581","Ongoing","Fresenius Kabi USA, LLC","3 Corporate Dr","N/A","Lake Zurich","IL","	60047-8930","United States","Voluntary: Firm initiated","Letter","US Nationwide , Alaska, and Puerto Rico.","D-0431-2026","Class II","0.9% Sodium Chloride Injection, USP, 900 mg per 100 mL (9 mg per mL) 250 mL in a Single Dose freeflex bag, Rx only, BD Becton, Dickson and Company, 1 Beckton Drive, Franklin Lakes, NJ 07417, Distributed by BD, Manufactured by: Fresenius Kabi USA, LLC (""Fresenius Kabi""), Unit of Sale NDC Number: 17271-701-05.","N/A","Lack of Assurance of Sterility","03/11/2026","04/03/2026","N/A","04/15/2026","Batch# 6402290, 6402291, Exp Date: 01/31/2028; Batch# 6402411, Exp Date: 02/29/2028; Batch# 6402412, 6402419, 6402424, 6402425, 6402426, 6402427, Exp Date: 03/31/2028; Batch# 6402479, 6402480, 6402517, 6402571, Exp Date: 05/31/2028; Batch# 6402518, Exp Date: 06/30/2028."
"Drugs","No","","98581","Ongoing","Fresenius Kabi USA, LLC","3 Corporate Dr","N/A","Lake Zurich","IL","	60047-8930","United States","Voluntary: Firm initiated","Letter","US Nationwide , Alaska, and Puerto Rico.","D-0432-2026","Class II","0.9% Sodium Chloride Injection, USP 900 mg per 100 mL (9 mg per mL) 500 mL in a Single Dose freeflex bag, 500 mL x 20, Manufactured for: Fresenius Kabi USA, LLC (""Fresenius Kabi""), IL 60047, Unit of Use NDC: 65219-432-20, Unit of Sale NDC Number: 65219-432-85.","N/A","Lack of Assurance of Sterility","03/11/2026","04/03/2026","N/A","04/15/2026","Batch# 23DU10004, Exp Date: 04/30/2026; Batch# 23HU10006, Exp Date: 06/30/2026."
"Drugs","No","","98581","Ongoing","Fresenius Kabi USA, LLC","3 Corporate Dr","N/A","Lake Zurich","IL","	60047-8930","United States","Voluntary: Firm initiated","Letter","US Nationwide , Alaska, and Puerto Rico.","D-0433-2026","Class II","0.9% Sodium Chloride Injection, USP, 900 mg per 100 mL (9 mg per mL) 1,000 mL in a Single Dose freeflex bag, 1,000 mLx10, Fresenius Medical Care, Waltham, MA 02451, Distributed by: Fresenius Medical Care RTG, LLC, Manufactured by: Fresenius Kabi, Unit of Use NDC: 65219-282-01, Unit of Sale NDC Number: 65219-282-10.","N/A","Lack of Assurance of Sterility","03/11/2026","04/03/2026","N/A","04/15/2026","Batch# 23SU10001, Exp Date: 12/31/2026; Batch# 24AU10003, 24AU10004, 24AU10005, 24AU10008, Exp Date: 01/31/2027; Batch # 24EU10001, 24EU10002, Exp Date: 05/31/2027; Batch# 24PU10002, Exp Date: 11/30/2027; Batch# 25BU10003, Exp Date: 02/29/2028; Batch# 25EU10005, Exp Date: 05/31/2028."
"Drugs","No","","98581","Ongoing","Fresenius Kabi USA, LLC","3 Corporate Dr","N/A","Lake Zurich","IL","	60047-8930","United States","Voluntary: Firm initiated","Letter","US Nationwide , Alaska, and Puerto Rico.","D-0434-2026","Class II","0.9% Sodium Chloride Injection, USP 900 mg per 100 mL (9 mg per mL), 1,000 mL in a Single Dose freeflex bag, Rx only, BD Becton, Dickson and Company, 1 Becton Drive, Franklin Lakes, NJ 07417, Distributed by BD, Manufactured by Fresenius Kabi, Unit of Sale NDC Number: 17271-701-07.","N/A","Lack of Assurance of Sterility","03/11/2026","04/03/2026","N/A","04/15/2026","Batch# 24EU10010, Exp Date: 05/31/2027."
"Drugs","No","","98581","Ongoing","Fresenius Kabi USA, LLC","3 Corporate Dr","N/A","Lake Zurich","IL","	60047-8930","United States","Voluntary: Firm initiated","Letter","US Nationwide , Alaska, and Puerto Rico.","D-0435-2026","Class II","5% Dextrose Injection, USP 2.5 g per 50 mL (50 mg per mL) 50 mL in a 100 mL freeflex bag, Fresenius Kabi USA, LLC (""Fresenius Kabi""), Unit of Use NDC: 65219-456-05, Unit of Sale NDC Number: 65219-456-60.","N/A","Lack of Assurance of Sterility","03/11/2026","04/03/2026","N/A","04/15/2026","Batch# 6402296, Exp Date: 07/31/2026."
"Drugs","No","","98581","Ongoing","Fresenius Kabi USA, LLC","3 Corporate Dr","N/A","Lake Zurich","IL","	60047-8930","United States","Voluntary: Firm initiated","Letter","US Nationwide , Alaska, and Puerto Rico.","D-0436-2026","Class II","5% Dextrose Injection, USP 5 g per 100 mL (50 mg per mL) 100 mL in a 100 mL freeflex bag, Fresenius Kabi USA, LLC (""Fresenius Kabi""), Unit of Use NDC: 65219-464-05, Unit of Sale NDC Number: 65219-464-50.","N/A","Lack of Assurance of Sterility","03/11/2026","04/03/2026","N/A","04/15/2026","Batch# 6402399, 6402400, 6402401, Exp Date: 02/28/2027."
"Drugs","No","","98581","Ongoing","Fresenius Kabi USA, LLC","3 Corporate Dr","N/A","Lake Zurich","IL","	60047-8930","United States","Voluntary: Firm initiated","Letter","US Nationwide , Alaska, and Puerto Rico.","D-0437-2026","Class II","5% Dextrose Injection, USP 12.5 g per 250 mL (50 mg per mL) 250 mL in a 250 mL freeflex bag, Fresenius Kabi USA, LLC (""Fresenius Kabi""), Unit of Use NDC: 65219-458-05, Unit of Sale NDC Number: 65219-458-30.","N/A","Lack of Assurance of Sterility","03/11/2026","04/03/2026","N/A","04/15/2026","Batch# 6402165, Exp Date: 05/30/2028."
"Drugs","No","","98593","Ongoing","Chiesi USA, Inc.","175 Regency Woods Pl Ste 600","N/A","Cary","NC","	27518-6007","United States","Voluntary: Firm initiated","Letter","Nationwide within the United States","D-0402-2026","Class II","CUROSURF (poractant alfa), 240 mg, Intratracheal Suspension, 3L Single-dose-Vial, Rx only, Chiesi USA, Inc, Cary, NC 27518, NDC 10122-510-03.","7,235 vials","Lack of Assurance of Sterility","03/17/2026","03/20/2026","N/A","04/01/2026","Lot #: 1213748, Exp. Date 09/2026; 1215076, 1215077, Exp. Date 10/26."
"Drugs","No","","98596","Ongoing","Nephron SC, LLC","4500 12th Street Ext","N/A","West Columbia","SC","	29172-3025","United States","Voluntary: Firm initiated","N/A","Nationwide within the United States","D-0479-2026","Class II","Albuterol Sulfate Inhalation Solution, 0.5%, 25 mg/5 mL (5 mg/mL*), 30x5 mL Sterile Unit-Dose Vials, Rx only, nephron 503B Outsourcing facility, 4600 12th Street Extension, West Columbia, SC 29172, NDC 69374-330-05.","146,280 vials","Labelling: Illegible label","03/17/2026","04/14/2026","N/A","04/22/2026","Lot AB6001, exp date 1/15/2027"
"Drugs","No","05/05/2026","98609","Ongoing","Teva Pharmaceuticals USA, Inc","400 Interpace Pkwy Bldg A","N/A","Parsippany","NJ","	07054-1120","United States","Voluntary: Firm initiated","Letter","Nationwide in the USA","D-0404-2026","Class II","Octreotide Acetate for Injectable Suspension, for gluteal intramuscular use, 10 mg, Single-dose 8 mL vial in Kit, Rx only, Manufactured in Greece BY: Pharmathen International S.A, Rodopi, 693 00 Greece, Manufactured For: TEVA Pharmaceuticals, Parsippany, NJ 07054, NDC 0480-9257-08.","1,897 Cartons","Lack of Assurance of Sterility: Quality system deficiencies identified during a routine U.S Food and Drug Administration (FDA) inspection at the contract manufacturer.","03/17/2026","03/27/2026","N/A","04/01/2026","Lot: 4401619, Exp.: 09/30/2026; 4501005, 03/31/2027."
"Drugs","No","05/05/2026","98609","Ongoing","Teva Pharmaceuticals USA, Inc","400 Interpace Pkwy Bldg A","N/A","Parsippany","NJ","	07054-1120","United States","Voluntary: Firm initiated","Letter","Nationwide in the USA","D-0405-2026","Class II","Octreotide Acetate for Injectable Suspension, for gluteal intramuscular use, 20 mg, Single-dose 8 mL vial in Kit, Rx only, Manufactured in Greece BY: Pharmathen International S.A, Rodopi, 693 00 Greece, Manufactured For: TEVA Pharmaceuticals, Parsippany, NJ 07054, NDC 0480-9259-08.","19,869 Cartons","Lack of Assurance of Sterility: Quality system deficiencies identified during a routine U.S Food and Drug Administration (FDA) inspection at the contract manufacturer.","03/17/2026","03/27/2026","N/A","04/01/2026","Lot: 4401491, 4401600, 4401603, 4401629, Exp.: 9/31/2026; 4500594, 4500786, 4500920, 4501007, 4501462, Exp.: 3/31/2027."
"Drugs","No","05/05/2026","98609","Ongoing","Teva Pharmaceuticals USA, Inc","400 Interpace Pkwy Bldg A","N/A","Parsippany","NJ","	07054-1120","United States","Voluntary: Firm initiated","Letter","Nationwide in the USA","D-0406-2026","Class II","Octreotide Acetate for Injectable Suspension, for gluteal intramuscular use, 30 mg, Single-dose 8 mL vial in Kit, Rx only, Manufactured in Greece BY: Pharmathen International S.A, Rodopi, 693 00 Greece, Manufactured For: TEVA Pharmaceuticals, Parsippany, NJ 07054, NDC 0480-9262-08.","21,930 Cartons","Lack of Assurance of Sterility: Quality system deficiencies identified during a routine U.S Food and Drug Administration (FDA) inspection at the contract manufacturer.","03/17/2026","03/27/2026","N/A","04/01/2026","Lot:4400401, Exp.: 6/30/2026; 4401393, 4401494, 4401604, Exp.: 9/31/2026; 4500564, 4500601, 4500707, 4500796, 4500859, 4500918, 4500919, 4501006, Exp.: 3/31/2027."
"Drugs","No","06/18/2026","98610","Ongoing","ENDO USA, Inc.","870 Parkdale Rd","N/A","Rochester","MI","	48307-1740","United States","Voluntary: Firm initiated","Letter","USA Nationwide","D-0527-2026","Class II","Buprenorphine Hydrochloride, Injection, 0.3mg/mL, 5x1 mL Single Dose Vials, Rx only, Manufactured for: Endo USA, Malvern, PA 19855, NDC 42023-179-05.","34,293 vials","Crystallization; identified as Buprenorphine free base","03/13/2026","05/11/2026","N/A","05/20/2026","Lot #: 84132, Exp 02/28/2027; 87693, Exp 03/31/2027"
"Drugs","No","","98613","Ongoing","Viatris, Inc.","1000 Mylan Blvd","N/A","Canonsburg","PA","	15317-5853","United States","Voluntary: Firm initiated","Letter","US Nationwide.","D-0444-2026","Class II","Xanax XR, alprazolam, extended-release tablets, 3 mg, 60 Tablets bottles, Rx only, Distributed by: Viatris Specialty LLC, Morgantown, WV 06506, U.S.A, Made in Ireland, NDC 58151-506-91","N/A","Failed Dissolution Specifications","03/17/2026","04/08/2026","N/A","04/15/2026","Lot# 8177156, Exp Date: 02/28/2027"
"Drugs","No","04/14/2026","98614","Ongoing","Teva Pharmaceuticals USA, Inc","400 Interpace Pkwy Bldg A","N/A","Parsippany","NJ","	07054-1120","United States","Voluntary: Firm initiated","Letter","Within U.S","D-0472-2026","Class II","Clonidine Transdermal System, USP, 0.1 mg/day, supplied in cartons of 4 Systems and 4 Adhesive Covers, Rx Only, Manufactured by: Actavis Laboratories UT Inc., Salt Lake City, UT 84108, Distributed by: Actavis Pharma, Inc, Parsippany, NJ, NDC 0591-3508-04 carton, NDC 0591-3508-54 pouch","124,054 Cartons","CGMP Deviations: use of an unapproved raw material","03/19/2026","04/13/2026","N/A","04/15/2026","Lot: 100060315, Exp.: 04/2026; 100068644, Exp.: 01/2027."
"Drugs","No","04/14/2026","98614","Ongoing","Teva Pharmaceuticals USA, Inc","400 Interpace Pkwy Bldg A","N/A","Parsippany","NJ","	07054-1120","United States","Voluntary: Firm initiated","Letter","Within U.S","D-0473-2026","Class II","Clonidine Transdermal System, USP, 0.2 mg/day, supplied in cartons of 4 Systems and 4 Adhesive Covers, Rx only, Manufactured by: Actavis Laboratories UT Inc., Salt Lake City, UT 84108, Distributed by: Actavis Pharma, Inc, Parsippany, NJ, NDC 0591-3509-04 carton, NDC 0591-3509-54 pouch","62,136 Cartons","CGMP Deviations: use of an unapproved raw material","03/19/2026","04/13/2026","N/A","04/15/2026","Lot: 100060002, Exp.: 07/2026; 100066802, Exp.: 05/2027"
"Drugs","No","04/14/2026","98614","Ongoing","Teva Pharmaceuticals USA, Inc","400 Interpace Pkwy Bldg A","N/A","Parsippany","NJ","	07054-1120","United States","Voluntary: Firm initiated","Letter","Within U.S","D-0474-2026","Class II","Clonidine Transdermal System, USP, 0.3 mg/day, supplied in cartons of 4 Systems and 4 Adhesive Covers, Rx only, Manufactured by: Actavis Laboratories UT Inc., Salt Lake City, UT 84108, Distributed by: Actavis Pharma, Inc, Parsippany, NJ, NDC 0591-3510-04 carton, NDC 0591-3510-54 pouch","113,943 Cartons","CGMP Deviations: use of an unapproved raw material","03/19/2026","04/13/2026","N/A","04/15/2026","Lot: 100053892, Exp.: 04/2026; 100057899, Exp.: 05/2026; 100062704, Exp.: 02/2027."
"Drugs","No","","98623","Ongoing","Amneal Pharmaceuticals, LLC","400 Crossing Blvd Fl 3","N/A","Bridgewater","NJ","	08807-2863","United States","Voluntary: Firm initiated","N/A","Nationwide within the USA","D-0408-2026","Class II","traMADol Hydrochloride Tablets, USP, 50 mg, 500-count bottles,  Rx only, Manufactured by: Amneal Pharmaceuticals Pvt. Ltd., Ahmedabad 382220, India, Distributed by: Amneal Pharmaceuticals LLC, Glasgow, KY 42141, NDC 60219-2348-5.","29,542 bottles","Failed Impurities/Degradation Specifications: N-nitroso-desmethyl-tramadol impurity (NDSRI) was found out of the specification at 24-month stability interval during Long term stability (25¿C/60%RH).","03/19/2026","03/30/2026","N/A","04/08/2026","Lot #: AM230987, Exp. Date 05/2026; AR232387, Exp. Date 12/2026."
"Drugs","No","","98624","Terminated","Island Kinetics, Inc. d.b.a. CoValence Laboratories","460 S Benson Ln Ste 1-3","N/A","Chandler","AZ","	85224-5663","United States","Voluntary: Firm initiated","Letter","U.S. Nationwide","D-0480-2026","Class III","Remedy Gel, hydrocortisone 1%, 30 mL/ 1 fl oz per bottle, Distributed By: glo Skin Beauty, Denver, CO 80216.  NDC 66915-531-12; 66915-531-13","1060 bottles","Subpotent Drug","03/18/2026","04/14/2026","06/17/2026","04/22/2026","Lot 4155D2, 4155D3; Exp. 05/15/2026"
"Drugs","No","","98624","Terminated","Island Kinetics, Inc. d.b.a. CoValence Laboratories","460 S Benson Ln Ste 1-3","N/A","Chandler","AZ","	85224-5663","United States","Voluntary: Firm initiated","Letter","U.S. Nationwide","D-0481-2026","Class III","Skin Rehab, Calming Skin Gel, Hydrocortisone Balm, hydrocortisone 1%, .53oz net wt. (15.3g) per bottle, Distributed By: A.C.E. Inc., DFW Intl. Airport, Texas 75261, www.RHONDAALLISON.COM.  NDC 66915-531-04","2895 bottles","Subpotent Drug","03/18/2026","04/14/2026","06/17/2026","04/22/2026","Lot 4212D2; Exp. 07/03/2026"
"Drugs","No","","98624","Terminated","Island Kinetics, Inc. d.b.a. CoValence Laboratories","460 S Benson Ln Ste 1-3","N/A","Chandler","AZ","	85224-5663","United States","Voluntary: Firm initiated","Letter","U.S. Nationwide","D-0482-2026","Class III","Essential Calming Skin Gel, hydrocortisone 1%, 120mL/4oz net wt. (113g) per jar, Distributed By: A.C.E. Inc., DFW Intl. Airport, Texas 75261, www.RHONDAALLISON.COM,  NDC  66915-531-05","299 bottles","Subpotent Drug","03/18/2026","04/14/2026","06/17/2026","04/22/2026","Lot 4212D4; Exp. 07/31/2026"
"Drugs","No","","98628","Ongoing","Leading Pharma, LLC","3 Oak Rd","N/A","Fairfield","NJ","	07004-2903","United States","Voluntary: Firm initiated","Letter","US Nationwide.","D-0486-2026","Class II","Furosemide Tablets, USP, 80 mg, 100 Tablets bottles, Rx only, Manufactured by: Leading Pharma, LLC, Fairfield, NJ 07004, NDC 69315-118-01","9384 bottles","CGMP Deviations; presence of N-nitroso-Furosemide (NNF) above the recommended intake limit.","03/20/2026","04/21/2026","N/A","04/29/2026","Lots# H03125, H03225, H03325, Exp Date: 2027/08"
"Drugs","No","","98636","Ongoing","Fagron Compounding Services","8710 E 34th St N","N/A","Wichita","KS","	67226-2636","United States","Voluntary: Firm initiated","Letter","Nationwide in the U.S.A.","D-0438-2026","Class II","norepinephrine Bitartrate,16mg per 250mL 0.9% Sodium Chloride Injection USP, Fagron Sterile Services, 8710 34th St. N. Wichita, KS 67226, NDC 71266-5026-02","25,260 bags","Lack of Assurance of Sterility; blue Break-Off-Part could detach from the administration port","03/20/2026","04/07/2026","N/A","04/15/2026","Lot: C274-000049934, Exp.: 4/23/2026; C274-000049963, Exp.:4/24/2026; C274-000050074, Exp.: 4/30/2026; C274-000050123, Exp.:5/1/2026; C274-000050296, Exp.: 5/9/2026; C274-000050420, Exp.: 5/16/2026; C274-000050774, Exp.:6/5/2026; C274-000050924, 6/7/2026; C274-000050961, Exp.: 6/11/2026; C274-000050991, Exp.: 6/12/2026; C274-000051139, Exp.:6/19/2026; C274-000051166, Exp.:6/20/2026; C274-000051198, Exp.:6/21/2026; C274-000051343, Exp.:6/28/2026."
"Drugs","No","","98636","Ongoing","Fagron Compounding Services","8710 E 34th St N","N/A","Wichita","KS","	67226-2636","United States","Voluntary: Firm initiated","Letter","Nationwide in the U.S.A.","D-0439-2026","Class II","norepinephrine Bitartrate, 32mg per 250mL 0.9% Sodium Chloride Injection USP, Fagron Sterile Services, 8710 34th St. N. Wichita, KS 67226, NDC 71266-5027-02","5140 bags","Lack of Assurance of Sterility; blue Break-Off-Part could detach from the administration port","03/20/2026","04/07/2026","N/A","04/15/2026","Lot: C274-000050004, Exp.: 4/24/2026; C274-000050295, Exp.:5/8/2026; C274-000050773, Exp.:  6/4/2026; C274-000051219, Exp.:  6/21/2026; C274-000051318, Exp.: 6/27/2026; C274-000051602, Exp.: 7/12/2026."
"Drugs","No","","98636","Ongoing","Fagron Compounding Services","8710 E 34th St N","N/A","Wichita","KS","	67226-2636","United States","Voluntary: Firm initiated","Letter","Nationwide in the U.S.A.","D-0440-2026","Class II","Vancomycin HCI, 1.25 grams added to 250 mL, 0.9% Sodium Chloride Injection USP, Fagron Sterile Services, 8710 34th St. N. Wichita, KS 67226, NDC 71266-5083-01","34,260 bags","Lack of Assurance of Sterility; blue Break-Off-Part could detach from the administration port","03/20/2026","04/07/2026","N/A","04/15/2026","Lot: C274-000050857, Exp.:7/6/2026; C274-000049316, Exp.:  4/26/2026; C274-000049367, Exp.: 4/28/2026; C274-000049496, Exp.: 5/3/2026; C274-000049518, Exp.: 5/4/2026; C274-000049535, Exp.: 5/5/2026; C274-000049653, Exp.: 5/11/2026; C274-000049654, Exp.:  5/11/2026; C274-000049745, Exp.: 5/16/2026; C274-000050128, Exp.: 5/31/2026; C274-000050151, Exp.: 6/1/2026; C274-000050184, Exp.: 6/6/2026;  C274-000050504, Exp.:  6/15/2026; C274-000050662, Exp.: 6/21/2026; C274-000050836, Exp.: 7/5/2026; C274-000051014, Exp.: 7/13/2026; C274-000051057, Exp.: 7/18/2026; C274-000051240, Exp.:  7/25/2026."
"Drugs","No","","98636","Ongoing","Fagron Compounding Services","8710 E 34th St N","N/A","Wichita","KS","	67226-2636","United States","Voluntary: Firm initiated","Letter","Nationwide in the U.S.A.","D-0441-2026","Class II","Vancomycin HCI, 1.5 grams added to 250 mL, 0.9% Sodium Chloride Injection USP, Fagron Sterile Services, 8710 34th St. N. Wichita, KS 67226, NDC 71266-5085-01","16,130 bags","Lack of Assurance of Sterility; blue Break-Off-Part could detach from the administration port","03/20/2026","04/07/2026","N/A","04/15/2026","Lot: C274-000050858, Exp.:7/6/2026; C274-000051018, Exp.: 7/13/2026; C274-000049194, Exp.: 4/20/2026; C274-000049591, Exp.: 5/9/2026; C274-000049592, Exp.: 5/9/2026;  C274-000049823, Exp.:  5/18/2026; C274-000050301, Exp.: 6/8/2026; C274-000050411, Exp.:  6/13/2026; C274-000051056, Exp.:7/18/2026."
"Drugs","No","","98636","Ongoing","Fagron Compounding Services","8710 E 34th St N","N/A","Wichita","KS","	67226-2636","United States","Voluntary: Firm initiated","Letter","Nationwide in the U.S.A.","D-0442-2026","Class II","Vancomycin HCL, 1 gram added to 250 mL, 0.9% Sodium Chloride Injection USP, Fagron Sterile Services, 8710 34th St. N. Wichita, KS 67226, NDC 71266-5082-01","11,680 bags","Lack of Assurance of Sterility; blue Break-Off-Part could detach from the administration port","03/20/2026","04/07/2026","N/A","04/15/2026","Lot: C274-000050987, Exp.:7/12/2026; C274-000049425, Exp.: 5/2/2026; C274-000050069, Exp.: 5/30/2026; C274-000050346, Exp.: 6/10/2026; C274-000050698, Exp.: 6/27/2026;  C274-000050699, Exp.:6/27/2026; C274-000050775, Exp.:7/4/2026."
"Drugs","No","","98646","Ongoing","PAYLESS COMPOUNDERS, LLC","8505 Sw Creekside Pl Ste 110","N/A","Beaverton","OR","	97008-7128","United States","Voluntary: Firm initiated","Letter","OR","D-0471-2026","Class II","Semaglutide-Glycine-Cyanocobalamin Injectable, 2.5 mg, 5 mg, 1 MG/ML, 0.5 mL vials, Rx only, Northwest Compounders, Beaverton, OR   ","91 vials","Lack of Assurance of Sterility","03/06/2026","04/13/2026","N/A","04/22/2026","Lot Number 01-27-2026@14S.5"
"Drugs","No","","98647","Ongoing","ALEMBIC PHARMACEUTICALS, INC.","550 Hills Dr Ste 104b","N/A","Bedminster","NJ","	07921-1537","United States","Voluntary: Firm initiated","Letter","Nationwide in the USA","N/A","Class II","Bromfenac Ophthalmic Solution 0.07%, 3 ml, Rx only, Sterile, Manufactured for: Alembic Pharmaceuticals, Inc., Bedminster, NJ 07921, USA, Made in India, Manufactured by: Alembic Pharmaceuticals Limited, Karakhadi- 391 450, Gujarat, India NDC 62332-583-03.","N/A","Failed Impurities/Degradation Specifications: out of specification at the time of testing i.e. 20th month stability testing.","03/18/2026","03/31/2026","N/A","04/08/2026","Lot # 7240184, 7240185, 7240186, 7240187, Exp Date: 3/31/2026; Lot # 7240278, Exp Date: 5/31/2026."
"Drugs","No","","98648","Ongoing","Xiamen Kang Zhongyuan Biotechnology Co., Ltd.","No. 2018","2 Jietou Road","Xiamen","N/A","	N/A","China","Voluntary: Firm initiated","Letter","US Nationwide.","D-0456-2026","Class II","exchange select, Menthol -Cough Suppressant Oral Anesthetic, Honey Lemon Flavor Cough Drops, 30-count bag, Manufactured for Your Military Exchanges By: Medical Group Care, LLC., 1035 Collier Center Way, STE 5, Naples, FL, Made in China, NDC 83698-580-30, UPC: 614299398870.","N/A","This recall is being initiated following FDA's recommendation based on certain observations noted during an August 15, 2025, inspection of the manufacturing facility that may bear on product quality.","03/20/2026","04/10/2026","N/A","04/22/2026","Lot # 20241030, Exp Date: 10/30/2026"
"Drugs","No","","98648","Ongoing","Xiamen Kang Zhongyuan Biotechnology Co., Ltd.","No. 2018","2 Jietou Road","Xiamen","N/A","	N/A","China","Voluntary: Firm initiated","Letter","US Nationwide.","D-0457-2026","Class II","exchange select, Menthol- Cough Suppressant Oral Anesthetic, Cough Drops, Menthol Flavor, 30-count bag, Manufactured for Your Military Exchanges By: Medical Group Care, LLC, 1035 Collier Center Way, STE 5, Naples, FL, Made in China, NDC: 83698-581-30, UPC: 614299398887.","N/A","This recall is being initiated following FDA's recommendation based on certain observations noted during an August 15, 2025, inspection of the manufacturing facility that may bear on product quality.","03/20/2026","04/10/2026","N/A","04/22/2026","Lot # 20241030, Exp Date: 10/30/2026"
"Drugs","No","","98648","Ongoing","Xiamen Kang Zhongyuan Biotechnology Co., Ltd.","No. 2018","2 Jietou Road","Xiamen","N/A","	N/A","China","Voluntary: Firm initiated","Letter","US Nationwide.","D-0458-2026","Class II","caring mill, Menthol Cough Suppressant Oral Anesthetic, Cough Drops, Cherry, 90-count bag, Distributed by: FSA Store Inc., 5473 Blair Rd, Suite 100, PMB 24308, Dallas TX 75231, Made in China, NDC: 83698-421-90, UPC: 810025928407.","N/A","This recall is being initiated following FDA's recommendation based on certain observations noted during an August 15, 2025, inspection of the manufacturing facility that may bear on product quality.","03/20/2026","04/10/2026","N/A","04/22/2026","Lot # 20241030, Exp Date: 10/30/2026"
"Drugs","No","","98648","Ongoing","Xiamen Kang Zhongyuan Biotechnology Co., Ltd.","No. 2018","2 Jietou Road","Xiamen","N/A","	N/A","China","Voluntary: Firm initiated","Letter","US Nationwide.","D-0459-2026","Class II","Discount Drug Mart Food Market, Cough Drops, Menthol- Cough Suppressant Anesthetic, Honey Lemon, 30-count bag, Distributed By: Drug Mart-Food Fair, Medina, Ohio, 44256, Made in China, NDC: 83698-150-30, UPC: 093351037092.","N/A","This recall is being initiated following FDA's recommendation based on certain observations noted during an August 15, 2025, inspection of the manufacturing facility that may bear on product quality.","03/20/2026","04/10/2026","N/A","04/22/2026","Lot # 20241030, Exp Date: 10/30/2026"
"Drugs","No","","98648","Ongoing","Xiamen Kang Zhongyuan Biotechnology Co., Ltd.","No. 2018","2 Jietou Road","Xiamen","N/A","	N/A","China","Voluntary: Firm initiated","Letter","US Nationwide.","D-0460-2026","Class II","Discount Drug Mart Food Market, Cough Drops, Menthol -Cough Suppressant Anesthetic, 30-count bag, Distributed By: Drug Mart-Food Fair, Medina, Ohio 44256, Made in China, NDC: 83698-102-30, UPC: 093351037085.","N/A","This recall is being initiated following FDA's recommendation based on certain observations noted during an August 15, 2025, inspection of the manufacturing facility that may bear on product quality.","03/20/2026","04/10/2026","N/A","04/22/2026","Lot # 20241030, Exp Date: 10/30/2026"
"Drugs","No","","98648","Ongoing","Xiamen Kang Zhongyuan Biotechnology Co., Ltd.","No. 2018","2 Jietou Road","Xiamen","N/A","	N/A","China","Voluntary: Firm initiated","Letter","US Nationwide.","D-0461-2026","Class II","MGC Health, Menthol- Cough Suppressant, Oral Anesthetic, Cough Drops, Sugar Free, Honey Lemon, 25-count bag, Distributed By: Medical Group Care, LLC, 1035 Collier Center Way, STE 5, Naples, FL 34110, NDC: 83698-125-25, UPC: 383173000085","N/A","This recall is being initiated following FDA's recommendation based on certain observations noted during an August 15, 2025, inspection of the manufacturing facility that may bear on product quality.","03/20/2026","04/10/2026","N/A","04/22/2026","Lot# 20240524, Exp Date: 05/24/2026; Lot# 20240720, Exp Date: 07/20/2026; Lot# 20240730, Exp Date: 07/30/2026."
"Drugs","No","","98656","Ongoing","GE Healthcare Ireland Limited","Ida Business Park","N/A","Carrigtwohill","N/A","	N/A","Ireland","Voluntary: Firm initiated","N/A","U.S. Nationwide.","D-0447-2026","Class II","GE Healthcare Omnipaque (iohexol) Injection, 300 mg/mL (64.7%), Rx Only, Distributed by: GE Healthcare Inc., Marlborough, MA 01752 USA, NDC 0407-1413-63.","866,570 vials","Presence of particulate matter","03/24/2026","04/09/2026","N/A","04/15/2026","Lot# 17225029; Exp. September 3, 2028 Lot# 17265376; Exp. October 3, 2028 Lot# 17270885; Exp. September 10, 2028 Lot# 17292246; Exp. October 4, 2028 Lot# 17301805; Exp. October 18, 2028 Lot# 17301807; Exp. September 7, 2028 Lot# 17301810; Exp. October 20, 2028 Lot# 17304992; Exp. October 5, 2028 Lot# 17304993; Exp. October 19, 2028 Lot# 17304996; Exp. November 25, 2028 Lot# 17321225; Exp. September 8, 2028 Lot# 17333589; Exp. November 24, 2028 Lot# 17333611; Exp. November 26. 2028 Lot# 17333613; Exp. November 23. 2028 Lot# 17357000; Exp. December 5, 2028 Lot# 17366399; Exp. December 14, 2028 Lot# 17376486; Exp. December 14, 2028 Lot# 17404114; Exp. December 6, 2028"
"Drugs","No","","98656","Ongoing","GE Healthcare Ireland Limited","Ida Business Park","N/A","Carrigtwohill","N/A","	N/A","Ireland","Voluntary: Firm initiated","N/A","U.S. Nationwide.","D-0448-2026","Class II","GE Healthcare Omnipaque (iohexol) Injection, 350 mg/mL (64.7%), Rx Only, Distributed by: GE Healthcare Inc., Marlborough, MA 01752 USA, NDC 0407-1414-91.","306,810 vials","Presence of particulate matter","03/24/2026","04/09/2026","N/A","04/15/2026","Lot# 17333197; Exp. December 10, 2028 Lot# 17333198; Exp. November 17, 2028 Lot# 17396945; Exp. December 18, 2028 Lot# 17396948; Exp. December 22, 2028 Lot# 17396953; Exp. January 11, 2029 Lot# 17396956; Exp. January 9, 2029 Lot# 17423503; Exp. January 1, 2029 Lot# 17423525; Exp. January 3, 2029 Lot# 17426429; Exp. January 1, 2029 Lot# 17426440; Exp. January 4, 2029 Lot# 17431310; Exp. January 11, 2029"
"Drugs","No","","98658","Ongoing","Appco Pharma LLC","262 Old New Brunswick Rd Ste N","N/A","Piscataway","NJ","	08854-3888","United States","Voluntary: Firm initiated","E-Mail","U.S.A. Nationwide","D-0419-2026","Class II","Prazosin Hydrochloride Capsules, USP, 1mg, 100-count bottle, Rx Only, Manufactured for: Biocon Pharma Inc., Iselin, NJ, Manufactured by: Appco Pharma LLC, Piscataway, NJ, NDC 70377-066-11.","88,008 bottles- 100's count","cGMP deviation: detection of Nitrosamine Drug Substance-Related Impurities, N-nitroso-prazosin impurity C (NNP) above acceptable limits.","03/27/2026","03/31/2026","N/A","04/08/2026","Lot:2404160C, Exp.:2026/MAR; 2406253C, Exp.:2026/MAY; 2407311C, Exp.: 2026/JUL; 2407312C, Exp.:2026/JUL; 2408350C, Exp.:2026/JUL; 2505172C, Exp.:2027/MAY; 2506191C, Exp.: 2027/JUN."
"Drugs","No","","98658","Ongoing","Appco Pharma LLC","262 Old New Brunswick Rd Ste N","N/A","Piscataway","NJ","	08854-3888","United States","Voluntary: Firm initiated","E-Mail","U.S.A. Nationwide","D-0420-2026","Class II","Prazosin Hydrochloride Capsules, USP, 2mg, 100-count bottle,  Rx Only, Manufactured for: Biocon Pharma Inc., Iselin, NJ, Manufactured by: Appco Pharma LLC, Piscataway, NJ, NDC 70377-067-11.","58,896 bottles- 100's count","cGMP deviation: detection of Nitrosamine Drug Substance-Related Impurities, N-nitroso-prazosin impurity C (NNP) above acceptable limits.","03/27/2026","03/31/2026","N/A","04/08/2026","Lot:2404153UC, Exp.: 2026/MAR; 2404154UC, Exp.:2026/MAR; 2502055UC, Exp.: 2027/JAN; 2505173UC, Exp.: 2027/MAY; 2505175UC, Exp.: 2027/MAY."
"Drugs","No","","98658","Ongoing","Appco Pharma LLC","262 Old New Brunswick Rd Ste N","N/A","Piscataway","NJ","	08854-3888","United States","Voluntary: Firm initiated","E-Mail","U.S.A. Nationwide","D-0421-2026","Class II","Prazosin Hydrochloride Capsules, USP, 5mg, 100-count bottle, Rx Only, Manufactured for: Biocon Pharma Inc., Iselin, NJ, Manufactured by: Appco Pharma LLC, Piscataway, NJ, NDC 70377-068-11.","28,157 bottles- 100's count","cGMP deviation: detection of Nitrosamine Drug Substance-Related Impurities, N-nitroso-prazosin impurity C (NNP) above acceptable limits.","03/27/2026","03/31/2026","N/A","04/08/2026","Lot:2406255UC, Exp.: 2026/MAY; 2406256UC, Exp.: 2026/JUL; 2407313UC Exp.: 2026/JUL; 2408351UC, Exp.: 2026/JUL; 2408352UC , Exp.: 2026/JUL; 2509311UC, Exp.: 2027/SEP. ."
"Drugs","No","","98671","Ongoing","Hetero Labs Limited (Unit V)","Unit V, Sy. No.: 439,440,441&458","Tsiic Formulation Sez, Polepally Village","Mahabubnagar","N/A","	N/A","India","Voluntary: Firm initiated","N/A","Nationwide in the USA.","D-0484-2026","Class II","Pantoprazole Sodium, Delayed-Release Tablets, USP, 40 mg, 1000-count bottle, Rx only, Manufactured for: Camber Pharmaceuticals, Inc., Piscataway, NJ 08854, By: Hetero, Hetero Labs Limited, Unit V, Polepally, Jadcherta, Mahabubager-509 301, India, NDC 31722-713-10","4,740 1,000-count bottles.","Discoloration: Firm received five (5) complaints stating that, ""Tablets discolored darker than normal and have lighter-colored spots.""","03/26/2026","04/17/2026","N/A","04/29/2026","Batch # FD253967, Exp Date: 06/26/2027"
"Drugs","No","04/17/2026","98672","Ongoing","The Harvard Drug Group LLC","7000 Cardinal Pl","N/A","Dublin","OH","	43017-1091","United States","Voluntary: Firm initiated","Letter","US Nationwide.","D-0485-2026","Class II","Memantine Hydrochloride Extended-Release, Capsules, 7 mg, 100 Capsules (10 x 10 blister packs), Rx only, Packaged and Distributed by: Major Pharmaceuticals, Indianapolis, IN 46268, NDC  0904-6734-61","N/A","Failed Dissolution Specifications","03/24/2026","04/17/2026","N/A","04/22/2026","Lot # N02425, Exp Date: 05/31/2027."
"Drugs","No","","98670","Ongoing","Cipla USA, Inc.","10 Independence Blvd","N/A","Warren","NJ","	07059-2730","United States","Voluntary: Firm initiated","Letter","Nationwide in the USA","D-0449-2026","Class II","Cinacalcet Hydrochloride Tablets, 30 mg, 30 Tablets per bottle, Rx Only, Manufactured by: Cipla Ltd., MIDC, Patalganga, India; Manufactured for: Cipla USA, Inc., 10 Independence Boulevard, Suite 300, Warren, NJ 07059.  NDC:  69097-410-02","113,336 bottles","CGMP Deviations; presence N-Nitroso Cinacalcet above the acceptable daily intake limit","03/16/2026","04/10/2026","N/A","04/22/2026","Lot, expiry: Lot 4PB0526, 4PB0527, 4PB0528, exp September-2026; Lot 5PB0173, exp January-2027"
"Drugs","No","","98670","Ongoing","Cipla USA, Inc.","10 Independence Blvd","N/A","Warren","NJ","	07059-2730","United States","Voluntary: Firm initiated","Letter","Nationwide in the USA","D-0450-2026","Class II","Cinacalcet Hydrochloride Tablets, 60 mg, 30 Tablets per bottle, Rx Only, Manufactured by: Cipla Ltd., MIDC, Patalganga, India; Manufactured for: Cipla USA, Inc., 10 Independence Boulevard, Suite 300, Warren, NJ 07059.  NDC:  69097-411-02","96,096 bottles","CGMP Deviations; presence N-Nitroso Cinacalcet above the acceptable daily intake limit","03/16/2026","04/10/2026","N/A","04/22/2026","Lot, expiry:  4PB0215, 4PB0216, exp March-2026;  4PB0515, 4PB0516, exp September-2026;  4PB0517, exp September-2026;  5PB0167, exp January-2027"
"Drugs","No","","98670","Ongoing","Cipla USA, Inc.","10 Independence Blvd","N/A","Warren","NJ","	07059-2730","United States","Voluntary: Firm initiated","Letter","Nationwide in the USA","D-0451-2026","Class II","Cinacalcet Hydrochloride Tablets, 90 mg, 30 Tablets per bottle, Rx Only, Manufactured by: Cipla Ltd., MIDC, Patalganga, India; Manufactured for: Cipla USA, Inc., 10 Independence Boulevard, Suite 300, Warren, NJ 07059.  NDC:  69097-412-02","63,192 bottles","CGMP Deviations; presence N-Nitroso Cinacalcet above the acceptable daily intake limit","03/16/2026","04/10/2026","N/A","04/22/2026","Lot, expiry:  4PB0224, exp March-2026; 4PB0505, 4PB0506, 4PB0507, exp September-2026;  5PB0564, exp April-2027"
"Drugs","No","","98677","Ongoing","SUN PHARMACEUTICAL INDUSTRIES INC","2 Independence Way","N/A","Princeton","NJ","	08540-6620","United States","Voluntary: Firm initiated","Letter","Nationwide in the USA.","D-0475-2026","Class II","Fluocinonide, USP, 0.05% Cream, 15g tube, Rx only, Mfd by: Taro Pharmaceuticals Inc., Brampton, Ontario, Canada L6T 1C1, Dist. by: Taro Pharmaceuticals U.S.A., Inc., Hawthorne, NY 10532, NDC 51672-1386-1","24,672 15 g tubes","Failed Viscosity Specifications:  Out of Specification results, above the specification limit, in viscosity, noted during stability testing.","03/25/2026","04/13/2026","N/A","04/22/2026","Lot# AD76252, Exp Date: 6/30/2026."
"Drugs","No","","98677","Ongoing","SUN PHARMACEUTICAL INDUSTRIES INC","2 Independence Way","N/A","Princeton","NJ","	08540-6620","United States","Voluntary: Firm initiated","Letter","Nationwide in the USA.","D-0476-2026","Class II","Fluocinonide, USP, 0.05% Cream, 30g tube, Rx only, Mfd by: Taro Pharmaceuticals Inc., Brampton, Ontario, Canada L6T 1C1, Dist. by: Taro Pharmaceuticals U.S.A., Inc., Hawthorne, NY 10532, NDC 51672-1386-2.","41,712 30g tubes","Failed Viscosity Specifications:  Out of Specification results, above the specification limit, in viscosity, noted during stability testing.","03/25/2026","04/13/2026","N/A","04/22/2026","Lot# AD76251, Exp Date: 6/30/2026."
"Drugs","No","","98677","Ongoing","SUN PHARMACEUTICAL INDUSTRIES INC","2 Independence Way","N/A","Princeton","NJ","	08540-6620","United States","Voluntary: Firm initiated","Letter","Nationwide in the USA.","D-0477-2026","Class II","Fluocinonide, USP, 0.05% Cream, 60g tube, Rx only, Mfd by: Taro Pharmaceuticals Inc., Brampton, Ontario, Canada L6T 1C1, Dist. by: Taro Pharmaceuticals U.S.A., Inc., Hawthorne, NY 10532, NDC 51672-1386-3.","2,640 60g tubes","Failed Viscosity Specifications:  Out of Specification results, above the specification limit, in viscosity, noted during stability testing.","03/25/2026","04/13/2026","N/A","04/22/2026","Lot# AD76250, Exp Date: 6/30/2026."
"Drugs","No","","98683","Ongoing","Owen Biosciences Inc.","7053 Revenue Dr","N/A","Baton Rouge","LA","	70809-4918","United States","Voluntary: Firm initiated","Letter","U.S. Nationwide","D-0452-2026","Class II","FHF Farmhouse Fresh, Midnight Clearing, NIGHT LOTION, 2.5% BENZOYL PEROXIDE ACNE TREATMENT, OTC a) 0.5 fl. oz./15ml; and b)1 fl. oz./30ml tubes; Made in the USA for FarmHouse Fresh, 8797 CR 858 McKinney, Texas","7,975 tubes","Chemical contamination: Presence of benzene","03/03/2026","04/10/2026","N/A","04/22/2026","Lot #2595500, Exp.10/2/2026 Lot #2549700, Exp.6/12/2026  Lot #2638200, Exp.4/30/2027"
"Drugs","No","","98683","Ongoing","Owen Biosciences Inc.","7053 Revenue Dr","N/A","Baton Rouge","LA","	70809-4918","United States","Voluntary: Firm initiated","Letter","U.S. Nationwide","D-0453-2026","Class II","HydroPeptide CLEAR ALLIANCE SERUM, 2.5% BENZOYL PEROXIDE, a)1 FL OZ/30ml; b) 2 FL OZ/60ml spray bottle; DIST BY HYDROPEPTIDE LLC, ISSAQUAH, WA 98027","9,850 bottles","Chemical contamination: Presence of benzene","03/03/2026","04/10/2026","N/A","04/22/2026","Lot# 2518800, Exp.: 4/30/2027 Lot# 2518900, Exp.: 4/1/2027"
"Drugs","No","","98683","Ongoing","Owen Biosciences Inc.","7053 Revenue Dr","N/A","Baton Rouge","LA","	70809-4918","United States","Voluntary: Firm initiated","Letter","U.S. Nationwide","D-0454-2026","Class II","SLMD BP Acne Spot Treatment, 10% Benzoyl Peroxide, 0.5 fl. oz - 15 mL bottles, Sandra Lee MD, Distributed by Skin PS Brands, Culver City, CA90232.","2269 bottles","Chemical contamination: Presence of benzene","03/03/2026","04/10/2026","N/A","04/22/2026","Lot# 2567200, Exp.8/1/26 Lot# 2691600, Exp.10/30/2027"
"Drugs","No","","98687","Ongoing","Preferred Pharmaceuticals, Inc.","1250 N Lakeview Ave Ste O","N/A","Anaheim","CA","	92807-1801","United States","Voluntary: Firm initiated","N/A","Nationwide within the United States","D-0443-2026","Class II","Artificial Tears Lubricant Eye Drops (glycerin 0.2%, hypromellose 0.2%, polyethylene glycol 400 1%), 0.5 oz bottles, Mfg: Geri-Care; Brooklyn, New York NDC 68788-7266-0","720 bottles","Lack of Assurance of Sterility","03/25/2026","04/07/2026","N/A","04/15/2026","Lot #: F1924R, F2024G, F2424E, G2424M, G2624P, J2424M"
"Drugs","No","04/22/2026","98689","Ongoing","Avantor Performance Materials LLC","7001 Martin Luther King Jr Blvd","N/A","Paris","KY","	40361-2147","United States","Voluntary: Firm initiated","Letter","Nationwide in the USA, Belgium and France","D-0488-2026","Class III","Magnesium Chloride, 6-Hydrate, Crystal, 500G per bottle, Bulk active pharmaceutical ingredient (API), Avantor Performance Materials, LLC, 100 Matsonford Road, Suite 200, Radnor, PA 19087, NDC 10106-2448-1","36 bottles","Subpotent drug","03/31/2026","04/22/2026","N/A","04/22/2026","Lot 23G3161005, Exp 9/21/2027"
"Drugs","No","","98690","Ongoing","International Medication Systems Ltd.","1886 Santa Anita Ave","N/A","South El Monte","CA","	91733-3414","United States","Voluntary: Firm initiated","Letter","U.S. Nationwide","D-0483-2026","Class II","EPINEPHRINE Injection, USP, 1 mg/10mL (0.1 mg/mL), Rx only, INTERNATIONAL MEDICATION SYSTEMS, LIMITED, So. EL Monte, CA 91733, An Amphastar Pharmaceutical Company, NDC 76329-3318-1","81,520 units","Lack of Assurance of Sterility","04/01/2026","04/14/2026","N/A","04/22/2026","Lot Number: EA038A5, Expiration Date: 08/2026."
"Drugs","No","","98683","Ongoing","Owen Biosciences Inc.","7053 Revenue Dr","N/A","Baton Rouge","LA","	70809-4918","United States","Voluntary: Firm initiated","Letter","U.S. Nationwide","D-0455-2026","Class II","SLMD Benzoyl Peroxide Acne Lotion, Benzoyl Peroxide 2.5%, a) 0.7 fl. oz - 21 mL and b) 1.5 fl. oz. - 44mL bottles, SANDRA LEE MD., Distributed by Skin PS Brands, Culver City, CA 90232.","2,500 bottles","Chemical contamination: Presence of benzene","03/03/2026","04/10/2026","N/A","04/22/2026","Lot# 2691700, Exp.10/31/2027 Lot# 2691800, Exp. 11/4/2027"
"Drugs","No","","98694","Ongoing","Wells Pharma of Houston LLC","9265 Kirby Dr","N/A","Houston","TX","	77054-2520","United States","Voluntary: Firm initiated","Letter","U.S. Nationwide.","D-0502-2026","Class II","Phenylephrine Hydrochloride Injectable Solution, 40mg, 250*mL Bag, wells pharma of Houston, NDC 73702-122-03","13,070 IV Bags","cGMP deviations.","04/01/2026","04/28/2026","N/A","05/06/2026","120325122032719, Exp Date 04/03/2026,  120425122032734 Exp Date 04/04/2026, 120425122032735, Exp Date 04/04/2026,  120925122032781, Exp Date 04/10/2026,  010626122030010, Exp Date, 05/08/2026,  010626122030009, Exp Date 05/08/2026,  010826122030031, Exp Date 05/13/2026,  010826122030032, Exp Date 05/13/2026,  011326122030072, Exp Date 05/15/2026,  011326122030071, Exp Date 05/15/2026,  011626122030107, Exp Date 05/20/2026,  011626122030106, Exp Date 05/20/2026,   011926122030118, Exp. Date, 05/21/2026,  011926122030119, Exp Date, 05/21/2026,  012726122030171, Exp Date, 05/29/2026,  012726122030170, Exp Date 05/29/2026,  012826122030181, Exp Date 05/30/2026,  012826122030182, Exp Date 05/30/2026,  020226122030201, Exp Date 06/04/2026,  020326122030217, Exp Date 06/05/2026,  020426122030235, Exp Date 06/06/2026,  020426122030242, Exp Date 06/06/2026,  020426122030241, Exp Date 06/06/2026,  020626122030260, Exp Date 06/09/2026,  020626122030256, Exp Date 06/09/2026,  020926122030303, Exp Date 06/11/2026,  021026122030308, Exp Date, 06/12/2026,  021126122030321, Exp Date 06/13/2026,  021126122030316, Exp Date 06/13/2026,  021226122030326, Exp Date 06/16/2026,  021326122030341, Exp Date 06/17/2026,  021726122030366, Exp Date 06/19/2026,  021726122030369, Exp Date 06/19/2026,  021826122030388, Exp Date 06/20/2026,  022026122030421, Exp Date 06/24/2026,  022026122030420, Exp Date 06/24/2026,  022326122030435, Exp Date, 06/25/2026,  031026122030552, Exp Date 07/10/2026,  031026122030553, Exp Date 07/10/2026"
"Drugs","No","","98694","Ongoing","Wells Pharma of Houston LLC","9265 Kirby Dr","N/A","Houston","TX","	77054-2520","United States","Voluntary: Firm initiated","Letter","U.S. Nationwide.","D-0503-2026","Class II","fentaNYL Citrate Injectable Solution, NARCOTIC, Cii, 1000 mcg/100 mL (10 mcg per mL), 100 mL bag, Wells Pharma in Houston, NDC 73702-202-02.  ","4,030 IV Bags","cGMP deviations.","04/01/2026","04/28/2026","N/A","05/06/2026","120925202022769, Expiration Date 04/09/2026,  123125202022883, Expiration Date 05/05/2026,  123125202022884, Expiration Date 05/05/2026 011226202020057, Expiration Date 05/14/2026, 011226202020058, Expiration Date 05/14/2026, 011626202020110, Expiration Date 05/20/2026 012726202020156, Expiration Date  05/28/2026. 012726202020161, Expiration Date 05/28/2026 020226202020195, Expiration Date 06/04/2026 021826202020386, Expiration Date 06/20/2026 022026202020417, Expiration Date 06/24/2026   022026202020424 Expiration Date 06/24/2026"
"Drugs","No","","98694","Ongoing","Wells Pharma of Houston LLC","9265 Kirby Dr","N/A","Houston","TX","	77054-2520","United States","Voluntary: Firm initiated","Letter","U.S. Nationwide.","D-0504-2026","Class II","fentaNYL Citrate injectable Solution in 0.9% Sodium Chloride, Narcotic, (2500 mcg/ 250 mL) (10 mcg per mL), 250 mL bag, wells pharma of Houston, NDC 73702-202-03.","2940 IV Bags","cGMP deviations.","04/01/2026","04/28/2026","N/A","05/06/2026","120125202032701, Exp Date 04/01/2026;  122625202032857, Exp Date 04/25/2026;  122625202032862, Exp Date 04/28/2026,  122625202032863. Exp Date 04/28/2026;  122625202032864, Exp Date 04/28/2026;  122625202032865, Exp Date 04/28/2026,  011226202030062, Exp Date 05/14/2026,  011326202030776, Exp Date 05/15/2026;  011326202030077, Exp Date 05/15/2026,  011626202030111, Exp Date 05/20/2026,  011926202030122, Exp Date 05/21/2026;   011926202030123, Exp Date 05/21/2026,  012726202030159, Exp Date 05/28/2026,  020226202030200, Exp Date 06/04/2026,  020326202030216, Exp Date 06/05/2026,  020426202030234, Exp Date 06/06/2026,  02182202030398,   Exp Date 06/20/2026."
"Drugs","No","","98694","Ongoing","Wells Pharma of Houston LLC","9265 Kirby Dr","N/A","Houston","TX","	77054-2520","United States","Voluntary: Firm initiated","Letter","U.S. Nationwide.","D-0505-2026","Class II","fentaNYL Citrate Injectable Solution, Narcotic, CII, 1250 mcg/25mL (50 mcg per mL), 25 mL, wells pharma of Houston, NDC 73702-204-25.","50  syringes","cGMP deviations.","04/01/2026","04/28/2026","N/A","05/06/2026","Lot 011226204250063, Exp Date 05/14/2026"
"Drugs","No","","98694","Ongoing","Wells Pharma of Houston LLC","9265 Kirby Dr","N/A","Houston","TX","	77054-2520","United States","Voluntary: Firm initiated","Letter","U.S. Nationwide.","D-0506-2026","Class II","fentaNYL Citrate Injectable Solution in 0.9% Sodium Chloride, 1000 mcg/50mL (20 mcg per mL), well pharma of Houston, NDC  73702-203-65.","150 syringes","cGMP deviations.","04/01/2026","04/28/2026","N/A","05/06/2026","Lot 022326203650432; Exp Date 06/25/2026"
"Drugs","No","","98648","Ongoing","Xiamen Kang Zhongyuan Biotechnology Co., Ltd.","No. 2018","2 Jietou Road","Xiamen","N/A","	N/A","China","Voluntary: Firm initiated","Letter","US Nationwide.","D-0462-2026","Class II","MGC Health, Menthol- Cough Suppressant, Oral Anesthetic, Cough Drops, Honey Lemon, 30-count bag, Distributed By: Medical Group Care, LLC, 1035 Collier Center Way, STE 5, Naples, FL 34110, NDC: 83698-114-30, UPC: 383173000047.","N/A","This recall is being initiated following FDA's recommendation based on certain observations noted during an August 15, 2025, inspection of the manufacturing facility that may bear on product quality.","03/20/2026","04/10/2026","N/A","04/22/2026","Lot# 20240524, Exp Date: 05/24/2026."
"Drugs","No","","98648","Ongoing","Xiamen Kang Zhongyuan Biotechnology Co., Ltd.","No. 2018","2 Jietou Road","Xiamen","N/A","	N/A","China","Voluntary: Firm initiated","Letter","US Nationwide.","D-0463-2026","Class II","MGC Health, Menthol- Cough Suppressant, Oral Anesthetic, Cough Drops, Honey Lemon, 80-count bag, Distributed By: Medical Group Care, LLC, 1035 Collier Center Way, STE 5, Naples, FL 34110, NDC: 83698-114-80, UPC: 383173000030.","N/A","This recall is being initiated following FDA's recommendation based on certain observations noted during an August 15, 2025, inspection of the manufacturing facility that may bear on product quality.","03/20/2026","04/10/2026","N/A","04/22/2026","Lot# 20240730, Exp Date: 07/30/2026."
"Drugs","No","","98648","Ongoing","Xiamen Kang Zhongyuan Biotechnology Co., Ltd.","No. 2018","2 Jietou Road","Xiamen","N/A","	N/A","China","Voluntary: Firm initiated","Letter","US Nationwide.","D-0464-2026","Class II","QC Quality Choice, Menthol- Cough Suppressant Oral Anesthetic, Cough Drops, Sugar Free, Black Cherry Flavor, 25-count bag, Distributed By: CDMA, Inc., Novi MI 48375, Made in China, NDC: 83698-616-25, UPC: 635515993372.","N/A","This recall is being initiated following FDA's recommendation based on certain observations noted during an August 15, 2025, inspection of the manufacturing facility that may bear on product quality.","03/20/2026","04/10/2026","N/A","04/22/2026","Lot# 20240720, Exp Date: 07/20/2026."
"Drugs","No","","98648","Ongoing","Xiamen Kang Zhongyuan Biotechnology Co., Ltd.","No. 2018","2 Jietou Road","Xiamen","N/A","	N/A","China","Voluntary: Firm initiated","Letter","US Nationwide.","D-0465-2026","Class II","QC Quality Choice, Menthol- Cough Suppressant Oral Anesthetic, Cough Drops, Cherry Flavor, 30-count bag, Distributed By: CDMA, Inc., Novi MI 48375, Made in China, NDC: 83698-616-25, UPC: 635515993372.","N/A","This recall is being initiated following FDA's recommendation based on certain observations noted during an August 15, 2025, inspection of the manufacturing facility that may bear on product quality.","03/20/2026","04/10/2026","N/A","04/22/2026","Lot # 20240524, Exp Date: 05/24/2026; Lot # 20240720, Exp Date: 07/20/2026."
"Drugs","No","","98648","Ongoing","Xiamen Kang Zhongyuan Biotechnology Co., Ltd.","No. 2018","2 Jietou Road","Xiamen","N/A","	N/A","China","Voluntary: Firm initiated","Letter","US Nationwide.","D-0466-2026","Class II","QC Quality Choice, Menthol-Cough Suppressant Oral Anesthetic, Cough Drops, Sugar Free, Honey Lemon Flavor, 25-count bag, Distributed By: CDMA, Inc., Novi, MI 48375, Made in China, NDC: 83698-616-25, UPC: 635515993372.","N/A","This recall is being initiated following FDA's recommendation based on certain observations noted during an August 15, 2025, inspection of the manufacturing facility that may bear on product quality.","03/20/2026","04/10/2026","N/A","04/22/2026","Lot # 20240720, Exp Date: 07/20/2026, Lot # 20241030, Exp Date: 10/30/2026."
"Drugs","No","","98648","Ongoing","Xiamen Kang Zhongyuan Biotechnology Co., Ltd.","No. 2018","2 Jietou Road","Xiamen","N/A","	N/A","China","Voluntary: Firm initiated","Letter","US Nationwide.","D-0467-2026","Class II","QC Quality Choice, Pectin Oral Demulcent, Throat Soothing Drops, Creamy Strawberry Flavor, 30-count bag, Distributed By: CDMA, Inc., Novi, MI 48375, Made in China, NDC: 83698-625-30, UPC: 635515999398.","N/A","This recall is being initiated following FDA's recommendation based on certain observations noted during an August 15, 2025, inspection of the manufacturing facility that may bear on product quality.","03/20/2026","04/10/2026","N/A","04/22/2026","Lot # 20240720, Exp Date: 07/20/2026."
"Drugs","No","","98648","Ongoing","Xiamen Kang Zhongyuan Biotechnology Co., Ltd.","No. 2018","2 Jietou Road","Xiamen","N/A","	N/A","China","Voluntary: Firm initiated","Letter","US Nationwide.","D-0468-2026","Class II","QC Quality Choice, Menthol-Cough Suppressant Oral Anesthetic, Cough Drops, Honey Lemon Flavor, 30-count bag, Distributed By: CDMA Inc., Novi, MI 48375, Made in China, NDC: 83698-617-30, UPC: 63551598673.","N/A","This recall is being initiated following FDA's recommendation based on certain observations noted during an August 15, 2025, inspection of the manufacturing facility that may bear on product quality.","03/20/2026","04/10/2026","N/A","04/22/2026","Lot # 20240720, Exp Date: 07/20/2026."
"Drugs","No","","98648","Ongoing","Xiamen Kang Zhongyuan Biotechnology Co., Ltd.","No. 2018","2 Jietou Road","Xiamen","N/A","	N/A","China","Voluntary: Firm initiated","Letter","US Nationwide.","D-0469-2026","Class II","QC Quality Choice, Menthol-Cough Suppressant Oral Anesthetic, Cough Drops, Menthol Flavor, 30-count bag, Distributed By: CDMA Inc., Novi, MI 48375, Made in China, NDC: 83698-675-30, UPC: 635515986718.","N/A","This recall is being initiated following FDA's recommendation based on certain observations noted during an August 15, 2025, inspection of the manufacturing facility that may bear on product quality.","03/20/2026","04/10/2026","N/A","04/22/2026","Lot # 20240720, Exp Date: 07/20/2026; Lot # 20240524, Exp Date: 05/24/2026."
"Drugs","No","","98648","Ongoing","Xiamen Kang Zhongyuan Biotechnology Co., Ltd.","No. 2018","2 Jietou Road","Xiamen","N/A","	N/A","China","Voluntary: Firm initiated","Letter","US Nationwide.","D-0470-2026","Class II","QC Quality Choice, Menthol-Cough Suppressant Oral Anesthetic, Cough Drops, Vanilla Honey Flavor, 30-count bag, Distributed By: CDMA Inc., Novi, MI 48375, Made in China, NDC: 83698-620-30, UPC: 635515999411.","N/A","This recall is being initiated following FDA's recommendation based on certain observations noted during an August 15, 2025, inspection of the manufacturing facility that may bear on product quality.","03/20/2026","04/10/2026","N/A","04/22/2026","Lot # 20240720, Exp Date: 07/20/2026."
"Drugs","No","","98575","Ongoing","Cipla USA, Inc.","10 Independence Blvd","N/A","Warren","NJ","	07059-2730","United States","Voluntary: Firm initiated","Letter","Nationwide in the USA","D-0423-2026","Class II","Lanreotide Injection, 120 mg/0.5 mL, Box contains 1 Pre-filled syringe, Single dose only, Rx Only, Manufactured by: Pharmathen International, S.A., Rodopi, Greece.  Manufactured for: Cipla USA, Inc., 10 Independence Boulevard, Suite 300, Warren, NJ 07059. NDC 69097-906-67","N/A","Lack of Assurance of Sterility: Due to an FDA observation at the contract manufacturing site for deficiencies in their visual inspection procedure.","03/13/2026","04/03/2026","N/A","04/15/2026","Lot, expiry: 4401699IR1, Exp.  5/31/2026; 4401699IR2, Exp.  5/31/2026; 4401700IR1, Exp.  5/31/2026; 4401701IR1, Exp.  5/31/2026; 4401702IR1, Exp.  5/31/2026; 4401722IR1, Exp.  5/31/2026; 4401723IR1, Exp.  5/31/2026; 4401724IR1, Exp.  5/31/2026; 4401725IR1, Exp.  5/31/2026; 4401732IR1, Exp.  5/31/2026; 4401768IR1, Exp.  6/30/2026 4401769IR1, Exp.  11/30/2026; 4401787IR1, Exp.  11/30/2026; 4401815IR1, Exp.  11/30/2026; 4401816IR1, Exp.  11/30/2026; 4401834IR1, Exp.  11/30/2026; 4401835IR1, Exp.  11/30/2026; 4401846IR1, Exp.  11/30/2026; 4401851IR1, Exp.  11/30/2026; 4500017IR1, Exp.  12/31/2026; 4500031IR1, Exp.  12/31/2026; 4500032IR1, Exp.  12/31/2026; 4500033IR1, Exp.  12/31/2026; 4500076IR1, Exp.  1/31/2027; 4500117IR1, Exp.  2/28/2027; 4500118IR1, Exp.  2/28/2027; 4500173IR1, Exp.  4/31/2027; 4500270IR1, Exp.  2/28/2027; 4500271IR1, Exp.  2/28/2027; 4500273IR1, Exp.  2/28/2027; 4500312IR1, Exp.  2/28/2027; 4500313IR1, Exp.  3/31/2027; 4500350IR1, Exp.  3/31/2027; 4500351IR1, Exp.  3/31/2027; 4500383IR1, Exp.  3/31/2027; 4500404IR1, Exp.  3/31/2027; 4500436RI1, Exp.  3/31/2027; 4500482IR1, Exp.  4/30/2027; 4500543IR1, Exp.  4/30/2027; 4500544IR1, Exp.  4/30/2027; 4500586IR1, Exp.  5/31/2027; 4500587IR1, Exp.  5/31/2027; 4500633IR1, Exp.  5/31/2027; 4500634IR1, Exp.  5/31/2027; 4500686IR1, Exp.  5/31/2027; 4500695IR1, Exp.  5/31/2027; 4500696IR1, Exp.  5/31/2027; 4500756IR1, Exp.  6/30/2027; 4500757IR1, Exp.  6/30/2027; 4500790IR1, Exp.  6/30/2027; 4500820IR1, Exp.  6/30/2027; 4500843IR1, Exp.  6/30/2027; 4500845IR1, Exp.  6/30/2027; 4500854IR1, Exp.  6/30/2027; 4500898IR1, Exp.  6/30/2027; 4500899IR1, Exp.  6/30/2027; 4500900IR1, Exp.  7/31/2027; 4500941IR1, Exp.  6/30/2027; 4500942IR1, Exp.  6/30/2027; 4500954IR1, Exp.  6/30/2027; 4500955IR1, Exp.  8/31/2027; 4500956IR1, Exp.  8/31/2027; 4500960IR1, Exp.  7/31/2027; 4501104IR1, Exp.  8/31/2027; 4501105IR1, Exp.  8/31/2027; 4501107IR1, Exp.  8/31/2027; 4501163IR1, Exp.  8/31/2027; 4501168IR1, Exp.  8/31/2027; 4501169IR1, Exp.  8/31/2027; 4501216IR1, Exp.  8/31/2027; 4501280IR1, Exp.  9/30/2027; 4501493IR1, Exp.  9/30/2027; 4501381IR1, Exp.  9/30/2027; 4501279IR1, Exp.  9/30/2027; 4501380IR1, Exp.  9/30/2027;"
"Drugs","No","04/22/2026","98705","Ongoing","Island Kinetics, Inc. d.b.a. CoValence Laboratories","460 S Benson Ln Ste 1-3","N/A","Chandler","AZ","	85224-5663","United States","Voluntary: Firm initiated","Letter","U.S. Nationwide","D-0487-2026","Class II","Blemish Spot Treatment (Salicylic Acid) 1%, .5 fl oz (15 ml) bottles, Skin Script, Chandler, AZ 85226, UPC 6 10563 13873 9.","28,163 bottles","Failed Stability Specifications","04/01/2026","04/22/2026","N/A","04/22/2026","Lot#: 4228D2, 4229D1, Exp.: 07/31/2026  Lot#: 5147D2, Exp.: 04/30/2027"
"Drugs","No","05/15/2026","98724","Ongoing","Huons Co., Ltd.","100 Bio-Valley-Ro","N/A","Jecheon","N/A","	N/A","Korea (the Republic of)","Voluntary: Firm initiated","N/A","USA Nationwide.","D-0529-2026","Class II","Lidocaine HCl injection, USP, 1% 50mg/5mL (10 mg/mL), 5 mL Single Dose Vials, Rx only, Manufactured by: Huons Co, Ltd, Chungcheongbuk-do, Korea NDC 73293-0001-1 (vial), NDC 73293-0001-2 (10 count carton); Distributed by: McKesson Corporation, dba Sky Packaging, NDC 63739-170-13 (vials), NDC 63739-170-24 (10 count cartons) and NDC 63739-170-27 (25 count cartons); Distributed by: Brookefield Pharmaceuticals, LLC, Brookefield, WI, Manufactured by: Huons Co., Ltd., 100 Bio valley-ro, Jecheon-si, Chungchengbuk-do, Korea, NDC 71351-021-05 (vials), NDC 71351-021-10 (10 count cartons), NDC 71351-021-25 (25 count cartons); Distributed by Novagenix Labs LLC, Morrisville, NC NDC 84769-0001-1 (vials), NDC 84769-0001-2 (10 count carton)  ","33,599,925 ampules and 23658125 vials","Lack of Assurance of Sterility","04/02/2026","05/15/2026","N/A","04/22/2026","All lots within expiry"
"Drugs","No","05/15/2026","98724","Ongoing","Huons Co., Ltd.","100 Bio-Valley-Ro","N/A","Jecheon","N/A","	N/A","Korea (the Republic of)","Voluntary: Firm initiated","N/A","USA Nationwide.","D-0530-2026","Class II","Bupivacaine Hydrochloride 0.75% in 8.25% Dextrose Injection, USP (15 mg/2 mL) (7.5 mg/mL) ampules, Rx only, Manufactured by: Houns Co., Ltd, 100, Bio valley, Je-cheor-Si, Chungcheongbuk-dc, Korea, NDC 73293-0002-1 (2 mL ampule),  NDC 73293-0002-2 (50 x 2 Single-dose ampules); Distributed: Brookfield Pharmaceuticals, LLC, Brookfield, WI 53005, Made in S. Korea, NDC 71351-022-02 (ampule), NDC 71351-022-10 (10 count ampules), NDC 71351-022-50 (50 count ampules)   ","3,260,170 ampules","Lack of Assurance of Sterility","04/02/2026","05/15/2026","N/A","04/22/2026","All lots within expiry"
"Drugs","No","05/15/2026","98724","Ongoing","Huons Co., Ltd.","100 Bio-Valley-Ro","N/A","Jecheon","N/A","	N/A","Korea (the Republic of)","Voluntary: Firm initiated","N/A","USA Nationwide.","D-0531-2026","Class II","0.9% Sodium Chloride Injection, USP, 10 mL Ampules, Rx only, Single Dose, Preservative Free, Manufactured for: Spectra Medical Devices, LLC, Wilmington, MA, 01887, By: Houns Co., Ltd, Jecheon, Korea, 27159, NDC 65282-1510-1.","7,120,750 ampules","Lack of Assurance of Sterility","04/02/2026","05/15/2026","N/A","04/22/2026","All lots within expiry"
"Drugs","No","04/28/2026","98693","Ongoing","B BRAUN MEDICAL INC","861 Marcon Blvd","N/A","Allentown","PA","	18109-9577","United States","Voluntary: Firm initiated","Letter","US Nationwide.","D-0495-2026","Class II","Sterile Water for Injection USP, 3000 mL bags, Rx only, Pharmacy Bulk Package, B. Braun Medical Inc., Bethlehem, PA 18018-3524, NDC: 0264-7385-60.","24,928 bags","Lack of Assurance of Sterility; potential for leakage from the diaphragm port once the foil is removed.","04/02/2026","04/28/2026","N/A","04/29/2026","Lot # J5H165, Exp Date: 31 May2028; Lot # J5E237, Exp Date: 30APR2028."
"Drugs","No","04/28/2026","98693","Ongoing","B BRAUN MEDICAL INC","861 Marcon Blvd","N/A","Allentown","PA","	18109-9577","United States","Voluntary: Firm initiated","Letter","US Nationwide.","D-0496-2026","Class II","DEXTROSE INJECTION USP, 70%, 2000 mL bags, Rx only, Sterile, B. Braun Medical Inc., Bethlehem, PA 18018-3524, USA, NDC: 0264-7387-50.","17,124 bags","Lack of Assurance of Sterility; potential for leakage from the diaphragm port once the foil is removed.","04/02/2026","04/28/2026","N/A","04/29/2026","Lot # J5H166, J5H167, Exp Date: 30NOV2026."
"Drugs","No","04/28/2026","98693","Ongoing","B BRAUN MEDICAL INC","861 Marcon Blvd","N/A","Allentown","PA","	18109-9577","United States","Voluntary: Firm initiated","Letter","US Nationwide.","D-0497-2026","Class II","0.9 % SODIUM CHLORIDE IRRIGATION, USP, 3000 mL bags, Rx only, Sterile, B. Braun Medical Inc., Bethlehem, PA 18018-3524, USA, NDC: 0264-7388-60.","124,244 bags","Lack of Assurance of Sterility; potential for leakage from the diaphragm port once the foil is removed.","04/02/2026","04/28/2026","N/A","04/29/2026","Lot # J5E226, J5E227, J5E228, J5E229, J5E230, J5E231, J5E232, J5E233, J5E238, J5E239, Exp Date: 30Apr2028, Lot # J5E240, J5E241, J5E242, J5E243, J5E244, J5E245, J5E247, J5E248, Exp Date: 30Apr2028, Lot # J5H151, J5H152, J5H153, J5H154, J5H155, Exp Date: 31 May2028."
"Drugs","No","","98728","Ongoing","Unichem Pharmaceuticals USA Inc.","1 Tower Center Blvd Ste 2200","N/A","East Brunswick","NJ","	08816-1145","United States","Voluntary: Firm initiated","Letter","USA Nationwide","D-0511-2026","Class III","busPIRone Hydrochloride Tablets, USP, 5 mg, 500-count bottle, Rx Only, Manufactured by Unichem Laboratories LTD., Ind, Area, Meerut Road, Ghazibad - 201 003, India Manufactured for: Unichem Pharmaceuticals (USA), Inc. East Brunswick, NJ 08816, NDC 29300-244-05.","10,875 Bottles","Subpotent drug","04/13/2026","05/01/2026","N/A","05/13/2026","Lot: ZBUL25001, Exp 12/31/2027"
"Drugs","No","05/06/2026","98730","Ongoing","Teva Pharmaceuticals USA, Inc","400 Interpace Pkwy Bldg A","N/A","Parsippany","NJ","	07054-1120","United States","Voluntary: Firm initiated","Letter","Nationwide in the USA, Puerto Rico and Virgin Islands","D-0521-2026","Class II","Claravis (isotretinoin capsule, USP), 10 mg, Packaged as a) 100-count carton, NDC 0555-1054-56, with 10x10 blister packs NDC 0555-1054-60; b) 30-count carton, NDC 0555-1054-86, with 3X10 blister pack NDC 0555-1054-60; Rx only, Teva Pharmaceuticals USA, Inc., North Wales, PA 19454.","5,101 cartons","Failed Impurities/Degradation Specifications: Out of specification for specific impurity Tretinoin","04/06/2026","05/06/2026","N/A","04/29/2026","Lots#: 100067507, 100067508, Exp 07/31/2026"
"Drugs","Yes","07/16/2026","98731","Ongoing","Blaine Labs Inc","11037 Lockport Pl","N/A","Santa Fe Springs","CA","	90670-4634","United States","Voluntary: Firm initiated","Press Release","Nationwide in the USA","D-0693-2026","Class II","TRIFLUENT PHARMA TRIDERGEL Wound Care Gel, (Benzalkonium Chloride 0.1%), 1.0 fl oz, (29.6 mL) bottle with long pointy cap, Manufactured for: Trifluent Pharma, LLC. San Antonio, TX 78213. NDC 73352-520-01.","519 - 1 oz bottles","CGMP Deviations: product manufactured in the same facility under the same conditions as the product found to be contaminated","04/08/2026","07/16/2026","N/A","07/08/2026","Lot #: BL3435, Exp. 11/06/26"
"Drugs","No","05/01/2026","98736","Ongoing","Apotex Corp.","2400 N Commerce Pkwy Ste 400","N/A","Weston","FL","	33326-3253","United States","Voluntary: Firm initiated","E-Mail","U.S.A. Nationwide","D-0510-2026","Class II","Desmopressin Nasal Spray, USP, 10 mcg/0.1 mL, 5 mL bottle (50 doses), Rx only, Mfg by: Apotek inc., Toronto, Ontario, Canada, M9L 1T9, Mfg for: Apotek Corp., Weston, FL 33326, NDC 60505-0815-0","N/A","Defective container: defect in a batch of bottle caps, specifically involving dislodged or missing cap liners.","04/08/2026","05/01/2026","N/A","04/22/2026","Lot #: VM4231, Exp 06/30/2027"
"Drugs","No","","98737","Ongoing","Water-Jel Technologies, LLC","13359 Reese Blvd East","N/A","Huntersville","NC","	28078","United States","Voluntary: Firm initiated","Letter","Nationwide in the USA","D-0509-2026","Class III","Lidocaine Wound Gel (Benzalkonium Chloride, 0.13% and Lidocaine Hydrochloride, 2%), NET WT 0.5 OZ (14 g), Distributed by: CVS PHarmacy, INc., One CVS Drive, Woonsocket, RI 02895. NDC 59898-950","31,488 tubes","Failed PH Specifications","04/07/2026","04/30/2026","N/A","05/06/2026","Lots: A5014, A5018, A5019"
"Drugs","No","05/08/2026","98744","Ongoing","Hikma Pharmaceuticals USA INC","1809 Wilson Rd","N/A","Columbus","OH","	43228-9579","United States","Voluntary: Firm initiated","Letter","US Nationwide.","D-0526-2026","Class II","Alendronate Sodium Oral Solution, 70 mg/75 mL, 75 mL, Rx only, 4 x 75 mL Single Dose Bottles, Distr. by: Hikma Pharmaceuticals USA Inc., Berkeley Heights, NJ 07922, NDC 0054-0282-59.","4 single dose 75 ml bottles","This recall is being conducted due to out of specification assay results in a limited number of bottles that were stored on side.","04/07/2026","05/08/2026","N/A","05/06/2026","Lot # AC2040A, Exp Date: 04/2026"
"Drugs","No","04/28/2026","98693","Ongoing","B BRAUN MEDICAL INC","861 Marcon Blvd","N/A","Allentown","PA","	18109-9577","United States","Voluntary: Firm initiated","Letter","US Nationwide.","D-0498-2026","Class II","LACTATED RINGER'S IRRIGATION, 3000 mL bags, Sterile, Ex only, B. Braun Medical Inc., Bethlehem, PA 18018-3524, USA, NDC: 0264-7389-60.","54,540 bags","Lack of Assurance of Sterility; potential for leakage from the diaphragm port once the foil is removed.","04/02/2026","04/28/2026","N/A","04/29/2026","Lot # J5E234, J5E236, Exp Date: 30APR2028; Lot # J5H158, J5H159, J5H160, J5H161,  J5H162, J5H163, J5H174, J5H175, Exp Date: 31MAY2028."
"Drugs","No","","98694","Ongoing","Wells Pharma of Houston LLC","9265 Kirby Dr","N/A","Houston","TX","	77054-2520","United States","Voluntary: Firm initiated","Letter","U.S. Nationwide.","D-0507-2026","Class II","Ketamine Hydrochloride Injectable Solution, 50mg/ml, (50 mg per mL) Volume: 1 mL, 5265 Kitty Drive, Houston, TX  77054, NDC 73702-302-31.","4975 syringes","cGMP deviations.","04/01/2026","04/28/2026","N/A","05/06/2026","120925302312764, Exp Date 04/09/2026, 123125302312879  Exp Date, 05/05/2026, 123125302312880, Exp Date 05/05/2026, 010226302310003, Exp Date 05/06/2026, 010626302310007, Exp Date 05/08/2026, 010626302310008, Exp Date 05/08/2026  020426302310243, Exp Date 06/06/2026."
"Drugs","No","04/24/2026","98763","Ongoing","The Harvard Drug Group LLC","7000 Cardinal Pl","N/A","Dublin","OH","	43017-1091","United States","Voluntary: Firm initiated","Letter","Nationwide in the USA","D-0493-2026","Class II","Omega-3-Acid, Ethyl Esters, Capsules, USP, 1 gram, 50 capsules (5 x 10 unit dose blister cards) per carton, Rx only, Packaged and Distributed by: Major Pharmaceuticals, Indianapolis, IN 46288.  NDC: 0904-7495-06","2,238 5 x 10 unit dose cartons","Failed Capsule Specifications: Out of specification results obtained during routine stability testing for Loss on Drying of Capsule Shells.","04/09/2026","04/24/2026","N/A","04/29/2026","Lot#: Lot N02406, Exp 10/31/2026; Lot N02845, Exp 12/31/2026"
"Drugs","No","","98766","Ongoing","Harrow Eye LLC","1a Burton Hills Blvd Ste 200","N/A","Nashville","TN","	37215-6187","United States","Voluntary: Firm initiated","Letter","Nationwide within the United States","D-0489-2026","Class II","FRESHKOTE LUBRICANT EYEDROPS, Sterile, 0.33 FL OZ (10mL), Harrow Eye LLC, Nashville, TN USA.","50,900 units","Lack of Assurance of Sterility","04/17/2026","04/23/2026","N/A","04/29/2026","Lot #: 1X68, 1X69, Exp. Date 05/31/2027."
"Drugs","No","","98694","Ongoing","Wells Pharma of Houston LLC","9265 Kirby Dr","N/A","Houston","TX","	77054-2520","United States","Voluntary: Firm initiated","Letter","U.S. Nationwide.","D-0508-2026","Class II","fentaNYL Citrate Injectable Solution in 0.9% Sodium Chloride, 50 mcg/5mL)(10 mcg per mL), wells pharma, NDC 73702-202-15.","50 syringes","cGMP deviations.","04/01/2026","04/28/2026","N/A","05/06/2026","Lot 020226202150202, Exp Date 05/05/2026."
"Drugs","No","04/24/2026","98775","Ongoing","Premier Dental Products Co","1710 Romano Dr","N/A","Plymouth Meeting","PA","	19462-2822","United States","Voluntary: Firm initiated","E-Mail","Nationwide within the United States","D-0490-2026","Class III","Premier, Monsel's, Ferric Subsulfate Solution, 8 mL bottles, Rx only, Manufacturer: Premier Medical Products, 1710 Romano Drive, Plymouth Meeting, PA 19462, NDC 48783-112-08.","573 cartons","Labeling: Incorrect or Missing Lot and/or Exp Date:The expiration date has an extra digit and is printed as 2709114 instead of the correct 270914 (2027-09-14). It is important to note that this error is limited to the vial itself; the saleable unit of the box of 12 bottles has the correct expiration date printed.","04/14/2026","04/24/2026","N/A","04/29/2026","Lot #: 640911253, Exp Date. 09/14/2027."
"Drugs","No","","98781","Ongoing","Acella Pharmaceuticals, LLC","1880 Mcfarland Pkwy Ste 110","N/A","Alpharetta","GA","	30005-1795","United States","Voluntary: Firm initiated","Letter","Nationwide","D-0523-2026","Class II","NAPROXEN ORAL SUSPENSION, USP, 125 mg/5mL, Rx only, 16fl oz (473 mL) bottles, Distributed by: Acella Pharmaceuticals, LLC, Alpharetta, GA 30005, Made in Canada  NDC 42192-619-16","6,336 bottles","Chemical contamination; presence of lead and lithium above specification","04/20/2026","05/06/2026","N/A","05/13/2026","Lot: 23F02, Expires: 05/2026; 25A37, Expires: 01/2028."
"Drugs","No","","98785","Ongoing","Ajanta Pharma Ltd.","B-4/5/6 MIDC Industrial Area","Paithan","Aurangabad","N/A","	N/A","India","Voluntary: Firm initiated","Letter","Nationwide within U.S","D-0514-2026","Class II","Duloxetine Delayed-Release Capsules, 30 mg, Rx Only, a) 90 Capsules, NDC 27241-098-09, b) 30 capsules, NDC 27241-098-03, c) 1000 Capsules, NDC 27241-098-10, Marketed by: Ajanta Pharma USA Inc., Bridgewater, NJ 08807, Made in India","312,894 packs","CGMP Deviations: Presence of N-nitroso-Duloxetine impurity above FDA recommended limit of 0.83 ppm, identified at the 12-month and 18-month long-term stability intervals.","04/29/2026","05/04/2026","N/A","05/13/2026","Lot#: a) PA10774, Exp. May 2026; b) PA10794, PA12174, Exp. Jun 2026; c) PA10804, Exp. Jun-26."
"Drugs","No","","98785","Ongoing","Ajanta Pharma Ltd.","B-4/5/6 MIDC Industrial Area","Paithan","Aurangabad","N/A","	N/A","India","Voluntary: Firm initiated","Letter","Nationwide within U.S","D-0515-2026","Class II","Duloxetine Delayed-Release Capsules, 60 mg, Rx Only, 30 capsules, Marketed by: Ajanta Pharma USA Inc., Bridgewater, NJ 08807, Made in India, NDC 27241-099-03","77,376 packs.","CGMP Deviations: Presence of N-nitroso-Duloxetine impurity above FDA recommended limit of 0.83 ppm, identified at the 12-month and 18-month long-term stability intervals.","04/29/2026","05/04/2026","N/A","05/13/2026","Lot#: PA07434, Exp. May 2026."
"Drugs","No","","98787","Ongoing","American Regent, Inc.","6610 New Albany Rd E","N/A","New Albany","OH","	43054-8730","United States","Voluntary: Firm initiated","Letter","U.S. Nationwide","D-0494-2026","Class III","Levocarnitine Injection, USP, 1 g/5 mL (200 mg/mL), 5 mL Single-Dose Vial, For intravenous use, Rx Only, American Regent, Inc., Shirley, NY 11967.  NDC: 0517-1045-01","74,040 Single Dose Vials","Labeling: Missing Label","04/16/2026","04/28/2026","N/A","05/06/2026","Lot 24159N0C0, Exp. June 30, 2026 Lot 25193N0C0, Exp. July 31,  2027"
"Drugs","No","","98790","Ongoing","CareFusion 213, LLC","1550 Northwestern Dr","N/A","El Paso","TX","	79912-8000","United States","Voluntary: Firm initiated","Letter","Nationwide in the USA","D-0517-2026","Class II","BD PurPrep, Povidone-iodine 8.3% w/w (0.83% available iodine) with isopropyl alcohol 72.5% w/w Sterile Solution, 25x26mL Applicators per carton. Carefusion 213 LLC, El Paso, TX 79912, NDC 54365-014-42.","N/A","Lack of assurance of Sterility: potential product contamination","04/22/2026","05/05/2026","N/A","05/13/2026","Lot# 4258309,  4260329,  4256875, Exp. Date, 08-31-2026; 4296453, 4317319, 4290654,   Exp. Date 09-30-2026; 4322449, 4323861, 4318679, Exp Date 10-31- Exp."
"Drugs","No","","98791","Ongoing","Lannett Company Inc.","1101 C Ave W","N/A","Seymour","IN","	47274-3342","United States","Voluntary: Firm initiated","Letter","USA Nationwide","D-0533-2026","Class III","Primidone Tablets USP, 250mg, 100-count bottle, Rx only, Distributed by: Lannett Company, Inc., Philadelphia, PA 19136, NDC 0527-1231-01.","44865 bottles","Cross contamination with other products: API contaminated with trace amounts of Acemetacin API.","04/24/2026","05/18/2026","N/A","05/27/2026","Lot#: 25283038A, Exp 1/31/2028; 25283564A, 25283565A, Exp 3/31/2028; 25285712A Exp 08/31/2028; 25284105A, Exp 4/30/2028; 25284874A, 25284875A, Exp 08/31/2028."
"Drugs","No","","98792","Ongoing","Thea Pharma, Inc.","303 Wyman St","N/A","Waltham","MA","	02451-1208","United States","Voluntary: Firm initiated","Letter","Nationwide within the United States","D-0500-2026","Class II","iVIZIA, Sterile Lubricant Eye Drops (Povidone 0.5%), 0.33 Fl oz (10 mL), Made in France, Distributed by: Thea Pharma Inc., Waltham, MA 02451, NDC 82584-700-11","N/A","Lack of Assurance of Sterility: This recall has been initiated due to CGMP deviations found by the FDA during an inspection of the manufacturer.","04/23/2026","04/28/2026","N/A","05/06/2026","Lot#: 3T36B, Exp. Date October 31, 2026."
"Drugs","No","","98792","Ongoing","Thea Pharma, Inc.","303 Wyman St","N/A","Waltham","MA","	02451-1208","United States","Voluntary: Firm initiated","Letter","Nationwide within the United States","D-0501-2026","Class II","Similasan, iVIZIA, Sterile Lubricant Eye Drops (Povidone 0.5%), 0.33 Fl oz (10 mL), Made in France, Distributed by: Thea Pharma Inc., Waltham, MA 02451, NDC 59262-700-11","N/A","Lack of Assurance of Sterility: This recall has been initiated due to CGMP deviations found by the FDA during an inspection of the manufacturer.","04/23/2026","04/28/2026","N/A","05/06/2026","Lot# 5S30B, 5S30C, Exp Date: April 30, 2026; Lot# 5S31B, 6S57B, Exp Date: May 31, 2026."
"Drugs","No","","98794","Ongoing","JB Chemicals and Pharmaceuticals Ltd","Neelam Centre A Wing A B Wing","4th Floor; Hind Cycle Road","Mumbai","N/A","	N/A","India","Voluntary: Firm initiated","Letter","Nationwide in the USA","D-0520-2026","Class II","Enalapril Maleate Tablets, USP, 20 mg, 1,000-count bottle, Rx only, Manufactured by: Unique Pharmaceutical Laboratories (A Div. of J.B. Chemicals & Pharmaceuticals Ltd.), Mumbai 400 030, India, Distributed by: Rising Pharma Holdings, Inc., East Brunswick, NJ 08816, NDC 64980-688-10.","675 bottles","Failed Impurities/Degradation Specifications:Out of specification result occurred in Organic Impurities Test","04/23/2026","05/05/2026","N/A","05/13/2026","Lot #: GEH25023, Expires: 6/30/2027"
"Drugs","No","","98803","Ongoing","Breckenridge Pharmaceutical, Inc.","200 Connell Dr Ste 4200","N/A","Berkeley Heights","NJ","	07922-2805","United States","Voluntary: Firm initiated","Letter","Nationwide in the USA","D-0522-2026","Class II","Duloxetine Delayed-Release Capsules USP, 60mg, Rx Only, 90-count  bottle, Mfr. by Towa Pharmaceutical Eurpoe S.L., Martorelles, (Barcelona), Spain, Dist. by. Breckenridge Pharmaceutical, Inc., Berkely Heights, NJ 07922, NDC 51991-748-90.","165,761 90-count bottles","CGMP Deviations; presence of N-nitroso-duloxetine impurity above the FDA recommended limit","04/21/2026","05/06/2026","N/A","05/13/2026","Lot: 241069C, Exp 05/31/2027"
"Drugs","No","","98802","Ongoing","SCOPE HEALTH","79 Madison Avenue","27 E 28th St","New York","NY","	10016-7921","United States","Voluntary: Firm initiated","Letter","Nationwide within the United States","D-0499-2026","Class II","Optase Dry Eye Intense Drops (Glycerin 0.2%), packaged in 0.33 fl oz, Sterile, Manufactured for Scope Health Inc., 79 Madison Ave., 8th Floor, New York, NY 10016, USA, NDC 72972-002-01.","N/A","Lack of Assurance of Sterility","04/20/2026","04/28/2026","N/A","05/06/2026","Lot#: 8T98, 9T31, 9T32, Exp. Date: 30/04/26; 2V13, 2V14, 2V15, Exp. Date 30/06/26; 3V35, Exp. Date 31/08/26;3V36, 3V37, Exp. Date 30/09/26;  5V45, 5V46, 9V12, Exp. Date 31/03/27; 1X57, 1X70, 1X84, Exp. Date 31/05/27."
"Drugs","No","","98809","Ongoing","Lupin Pharmaceuticals Inc.","5801 Pelican Bay Blvd Ste 500","N/A","Naples","FL","	34108-2734","United States","Voluntary: Firm initiated","Letter","Nationwide within U.S","D-0541-2026","Class II","Liraglutide Injection, 18 mg/3 mL (6 mg/mL), Rx only, Manufactured for: Lupin Pharmaceuticals, Inc., Naples, FL 34108, Manufactured by: Lupin Limited, Nagpur 441108, INDIA, a) 2 Pens- NDC 70748-346-02; b) 3 Pens - NDC 70748-346-03.","217,621 pen injectors","Presence of particulate matter: a white thread-like structure in the cartridge","04/24/2026","05/19/2026","N/A","05/27/2026","Lots: a) WB00097, WB00094, WB00088, Expires: Jul. 2027; WB00103, Expires: Oct. 2027; WC00016, Expires: Dec. 2027; b) WB00098, WB00092, WB00093, Expires: Jul. 2027; WB00104, WB00106, WB00105, Expires: Oct. 2027."
"Drugs","No","","98810","Ongoing","Teva Pharmaceuticals USA, Inc","400 Interpace Pkwy Bldg A","N/A","Parsippany","NJ","	07054-1120","United States","Voluntary: Firm initiated","Letter","Nationwide in the USA","D-0519-2026","Class II","Octreotide Acetate for Injectable Suspension, for gluteal intramuscular use, 30 mg, In Single-Dose kits containing: 8-mL vial of 30 mg strength, a pre-filled syringe containing 2 mL of diluent, one vial adapter, and one sterile 1¿  19-gauge safety injection needle, Rx only, Manufactured in Greece BY: Pharmathen International S.A, Rodopi, 69300 Greece, Manufactured For: TEVA Pharmaceuticals, Parsippany, NJ 07054. NDC Kit Carton: 0480-9262-08; Vial Label: 0480-9260-01; Tray Label: 0480-9262-08; Diluent Label: 0480-9263-21.   ","2,200 kits","Lack of Assurance of Sterility: Quality system deficiencies identified during a routine U.S Food and Drug Administration (FDA) inspection at the contract manufacturer.","04/24/2026","05/05/2026","N/A","05/13/2026","Lot: 45011002, Exp. 03/31/2027"
"Drugs","No","","98815","Ongoing","Alcon Research LLC","6201 South Fwy","N/A","Fort Worth","TX","	76134-2099","United States","Voluntary: Firm initiated","Letter","Nationwide within the United States","D-0491-2026","Class II","Systane, Lubricant Eye Gel, Night Gel, Sterile, 10g (0.35 oz), Processed in France for: Alcon Laboratiroes, Inc., Fort Worth, TX 76134, USA, NDC 0065-0474-01","N/A","Lack of Assurance of Sterility: Due to FDA inspection observations that it believes may impact product quality.","04/21/2026","04/24/2026","N/A","05/06/2026","Lot#: 9T21, Exp Date: 4/30/2026; Lot# 1U63, 2U47, Exp Date: 5/31/2026; Lot# 6V00, 6V12, 8V54, Exp Date: 1/31/2027; Lot# 9V55, 8V58, 9V39, 9V97, Exp Date: 2/28/2027; Lot# 1W39, 1W40, Exp Date: 3/31/2027; Lot# 1X76, Exp Date: 4/30/2027."
"Drugs","No","05/04/2026","98815","Ongoing","Alcon Research LLC","6201 South Fwy","N/A","Fort Worth","TX","	76134-2099","United States","Voluntary: Firm initiated","Letter","Nationwide within the United States","D-0492-2026","Class II","GenTeal Tears, Lubricant Eye Gel, Sterile, 10g (0.34 Fl oz), Distributed by: Alcon Laboratories, Inc., Fort Worth, Texas 76134, USA, NDC: 0065-8064-01.","N/A","Lack of Assurance of Sterility: Due to FDA inspection observations that it believes may impact product quality.","04/21/2026","04/24/2026","N/A","05/06/2026","Lot #: 9T20, 9T50, 9T59, 1U30, 1U48, Exp Date: 4/30/2026; 4V15, Exp Date: 8/31/2026;  7V61, Exp Date: 12/31/2026; 1W47, 1W49, 1X14, Exp Date: 3/31/2027."
"Drugs","No","","98790","Ongoing","CareFusion 213, LLC","1550 Northwestern Dr","N/A","El Paso","TX","	79912-8000","United States","Voluntary: Firm initiated","Letter","Nationwide in the USA","D-0518-2026","Class II","BD PurPrep, Povidone-iodine 8.3% w/w (0.83% available iodine) with isopropyl alcohol 72.5% w/w Sterile Solution, 0.36 fl. oz. (10.5 mL) x 25 applicators per box. Carefusion 213, LLC, El Paso, TX 79912, subsidary of Becton Dickinson and Co. NDC 54365-014-41","N/A","Lack of assurance of Sterility: potential product contamination","04/22/2026","05/05/2026","N/A","05/13/2026","Lots#  4263873, Exp. Date 08-31-2026, 4320590, Exp. Date 09-30-2026, 4320591, Exp. Date 10-31-2026."
"Drugs","No","05/20/2026","98821","Ongoing","Ascend Laboratories, LLC","135 Us Highway 202 206 Ste 15","N/A","Bedminster","NJ","	07921-2608","United States","Voluntary: Firm initiated","Letter","U.S. Nationwide","D-0547-2026","Class II","Ascend Laboratories, LLC, Metoprolol Succinate Extended-Release Tablets, USP, 25 mg* Rx Only, Manufactured by: Alkem Laboratories Ltd., India, Distributed by: Ascend Laboratories, LLC, Parsippany, NJ 07054, NDC 67877-590-01.","17,304 100-count bottles","Failed Dissolution Specifications","04/27/2026","05/20/2026","N/A","05/20/2026","Lot # 25140859; Exp. Date: Jan 2027"
"Drugs","No","","98829","Ongoing","Fresenius Medical Care Holdings, Inc.","920 Winter St Bld 920","N/A","Waltham","MA","	02451-1521","United States","Voluntary: Firm initiated","Letter","Nationwide in the USA","D-0512-2026","Class II","DELFLEX, Dextrose Peritoneal Dialysis Solution with attached stay-safe Exchange Set for Intraperitoneal Dialysis Only,  1.5% DEX. LM/LC, 2L 5PK, Part Number 054-20221, Fresenius Medical Care North America, 920 Winter Street, Waltham, MA 02451.","37,215 bags","Lack of Assurance of Sterility: Potential leaks from perforations in bags.","04/06/2026","05/04/2026","N/A","05/13/2026","Lot #: 25CU02007, 25CU02008, 25CU02009"
"Drugs","No","","98829","Ongoing","Fresenius Medical Care Holdings, Inc.","920 Winter St Bld 920","N/A","Waltham","MA","	02451-1521","United States","Voluntary: Firm initiated","Letter","Nationwide in the USA","D-0513-2026","Class II","DELFLEX, Dextrose Peritoneal Dialysis Solution with attached stay-safe Exchange Set for Intraperitoneal Dialysis Only, 2.5% DEX. LM/LC, 2L 5PK, Part Number 054-20222, Fresenius Medical Care North America, 920 Winter Street, Waltham, MA 02451.    ","43,225 bags","Lack of Assurance of Sterility: Potential leaks from perforations in bags.","04/06/2026","05/04/2026","N/A","05/13/2026","Lots 25CU02002,  25CU02011, 25CU02012, 25CU02013"
"Drugs","No","","98831","Ongoing","Central Admixture Pharmacy Services, Inc (CAPS)  Los Angeles","13128 Imperial Hwy","N/A","Santa Fe Springs","CA","	90670-4817","United States","Voluntary: Firm initiated","Telephone","CA","D-0524-2026","Class II","TPN bag (patient specific), Rx# 11-4909703-0-1, Compound Volume 1660 mL per bag, Rx only, Single Dose Injection, Refrigerated Injection, Central Admixture Pharmacy Services, Los Angeles, 13128 Imperial Hwy, Santa Fe Spr., CA 90670","1 bag","Incorrect Product Formulation: product did not contain insulin as listed in the label.","12/27/2025","05/07/2026","N/A","05/13/2026","Lot #: 11-4909703-0-1, Exp 12/28/2025"
"Drugs","No","","98856","Ongoing","Golden State Medical Supply Inc.","5187 Camino Ruiz","N/A","Camarillo","CA","	93012-8601","United States","Voluntary: Firm initiated","Letter","USA Nationwide","D-0534-2026","Class III","Primidone Tablets, USP, 50 mg, 50-count bottle, RX only, Manufactured by: Lannett Company, Inc., Marketed by: GSMS, Incorporated, Camarillo, CA 93012.  NDC 51407-637-05","8,526 bottles","Cross contamination with other products: API contaminated with trace amounts of Acemetacin API.","04/27/2026","05/18/2026","N/A","05/27/2026","Lot#:  GS066750, GS067084, GS067710, GS067873, Exp 3/31/2028; GS068339, GS068897, Exp 8/31/2028"
"Drugs","No","","98856","Ongoing","Golden State Medical Supply Inc.","5187 Camino Ruiz","N/A","Camarillo","CA","	93012-8601","United States","Voluntary: Firm initiated","Letter","USA Nationwide","D-0535-2026","Class III","Primidone Tablets, USP, 250 mg, 100-count bottle, RX only, Manufactured by: Lannett Company, Inc., Marketed by: GSMS, Incorporated, Camarillo, CA 93012.  NDC 51407-638-01","1,620 bottles","Cross contamination with other products: API contaminated with trace amounts of Acemetacin API.","04/27/2026","05/18/2026","N/A","05/27/2026","Lot #: GS067909, Exp 4/30/2028; GS068646, Exp 8/31/2026"
"Drugs","No","","98785","Ongoing","Ajanta Pharma Ltd.","B-4/5/6 MIDC Industrial Area","Paithan","Aurangabad","N/A","	N/A","India","Voluntary: Firm initiated","Letter","Nationwide within U.S","D-0516-2026","Class II","Duloxetine Delayed-Release Capsules, 20 mg, Rx Only, 60 capsules, Marketed by: Ajanta Pharma USA Inc., Bridgewater, NJ 08807, Made in India, NDC 27241-097-06.","117,168 packs","CGMP Deviations: Presence of N-nitroso-Duloxetine impurity above FDA recommended limit of 0.83 ppm, identified at the 12-month and 18-month long-term stability intervals.","04/29/2026","05/04/2026","N/A","05/13/2026","Lot#: PA10734, Exp. Jun 2026."
"Drugs","No","","98870","Ongoing","Zydus Pharmaceuticals (USA) Inc","73 Route 31 N","N/A","Pennington","NJ","	08534-3601","United States","Voluntary: Firm initiated","Letter","Nationwide within the U.S","D-0544-2026","Class II","Erythromycin Tablets, USP, 250 mg, 30 tablets per bottle, Rx only, Manufactured by: Zydus Lifesciences Ltd., Ahmedabad, India, Distributed by: Zydus Pharmaceuticals (USA) Inc., Pennington, NJ 08534; a) 30 count bottles (NDC 70710-1047-3); b) 100 count bottles (NDC 70710-1047-1).","23,880 bottles","CGMP Deviations; presence of N-Nitroso-Desmethyl-Erythromycin above the recommended acceptable intake limit","04/29/2026","05/20/2026","N/A","05/27/2026","Lots: a) M411146, Expires: 08/2026; M502098, M502097, Expires: 01/2027; b) M411145, Expires: 08/2026."
"Drugs","No","","98874","Ongoing","Ascend Laboratories, LLC","135 Us Highway 202 206 Ste 15","N/A","Bedminster","NJ","	07921-2608","United States","Voluntary: Firm initiated","Letter","U.S.A. Nationwide","D-0556-2026","Class II","Amlodipine and Olmesartan Medoxomil Tablets, 5mg/40mg, Rx Only, 30-count bottle, Manufactured by: Alkem Laboratories Ltd., India, Distributed by: Ascend Laboratories, LLC., Parsippany, NJ 07054, NDC 67877-501-30.","15,696 x 30's bottles","Failed Dissolution Specifications: Olmesartan Medoxomil content below specifications","05/05/2026","06/02/2026","N/A","06/10/2026","Lot: 24123460, Expires: October 31, 2027."
"Drugs","No","","98870","Ongoing","Zydus Pharmaceuticals (USA) Inc","73 Route 31 N","N/A","Pennington","NJ","	08534-3601","United States","Voluntary: Firm initiated","Letter","Nationwide within the U.S","D-0545-2026","Class II","Erythromycin Tablets, USP, 500 mg, 30 tablets per bottle, Rx only, Manufactured by: Zydus Lifesciences Ltd., Ahmedabad, India, Distributed by: Zydus Pharmaceuticals (USA) Inc., Pennington, NJ 08534; (NDC 70710-1048-3).","10,992 bottles","CGMP Deviations; presence of N-Nitroso-Desmethyl-Erythromycin above the recommended acceptable intake limit","04/29/2026","05/20/2026","N/A","05/27/2026","Lots: a) M411147, Expires: 08/2026; M502100, M502099, Expires: 01/2027."
"Drugs","No","","98883","Ongoing","Sagent Pharmaceuticals","1515 E Woodfield Rd Ste 1100","N/A","Schaumburg","IL","	60173-6067","United States","Voluntary: Firm initiated","Letter","Nationwide within the United States","D-0539-2026","Class III","Busulfan Injection, 60 mg per 10 mL (6 mg per mL), 8x10 mL Single-Dose Vials, Rx only, Mfd. for Sagent Pharmaceuticals, Schaumburg, IL 60195, Made in Canada, NDC 25021-241-10.","Lot 656412: 6,200 vials. Lot 659646: 3,328 vials.","Failed Impurities/Degradation Specifications","05/04/2026","05/18/2026","N/A","05/27/2026","Lot #: 656412, Exp. Date 08/31/2026; 659646, Exp. Date 03/31/2027."
"Drugs","No","","98884","Ongoing","Amerisource Health Services LLC","2550 John Glenn Ave Ste A","N/A","Columbus","OH","	43217-1188","United States","Voluntary: Firm initiated","Letter","USA Nationwide","D-0536-2026","Class III","Primidone Tablets, USP, 250 mg, 100 Tablets (10 x 10 unit dose blister) per carton, Rx only, Distributed by: American Health Packaging, Columbus, Ohio 43217.  Carton NDC: 68084-203-01; Individual Dose NDC: 68084-203-11","63,500 tablets","Cross contamination with other products: API contaminated with trace amounts of Acemetacin API.","05/01/2026","05/18/2026","N/A","05/27/2026","Lot#: 1027583, Exp 09/30/2027"
"Drugs","No","","98884","Ongoing","Amerisource Health Services LLC","2550 John Glenn Ave Ste A","N/A","Columbus","OH","	43217-1188","United States","Voluntary: Firm initiated","Letter","USA Nationwide","D-0537-2026","Class III","Primidone Tablets, USP, 50 mg, 100 Tablets (10 x 10 unit dose blister) per carton, Rx only, Distributed by: American Health Packaging, Columbus, Ohio 43217.   Carton NDC: 68084-202-01; Individual Dose NDC: 68084-202-11","225,000 tablets","Cross contamination with other products: API contaminated with trace amounts of Acemetacin API.","05/01/2026","05/18/2026","N/A","05/27/2026","Lot 1028739, exp 12/31/2027; Lot 1025622, exp 06/30/2027"
"Drugs","No","","98885","Ongoing","Safecor Health, LLC","4060 Business Park Dr Ste B","N/A","Columbus","OH","	43204-5047","United States","Voluntary: Firm initiated","E-Mail","TX only","D-0538-2026","Class II","Atomoxetine Capsules HCL, 10 mg Capsules in unit dose foil strip, strips are packed in cartons of 100, Rx Only, Pkg by: Safecor, Columbus, OH 43204.  NDC: 64380-474-01","149 capsules","Labeling: Label Mix-Up: Atomoxetine HCl 25mg Capsule incorrectly labeled as Atomoxetine HCl 10mg Capsule.","04/30/2026","05/18/2026","N/A","05/27/2026","Lot #: 25530722"
"Drugs","No","","98897","Ongoing","Oasis Medical, Inc.","510 S Vermont Ave # 528","N/A","Glendora","CA","	91741-6205","United States","Voluntary: Firm initiated","Letter","Nationwide within the United States","D-0525-2026","Class II","Oasis Tears PF, Preservative-Free Lubricant Eye Drops, 10mL/0.34 Fl OZ Bottle, Sterile, Manufactured for: OASIS Medical, Inc., 514 S. Vermont Ave., Glendora, CA 91741, USA, Made in France, NDC 42126-6400-1.","N/A","Lack of Assurance of Sterility: The recall is being initiated out of an abundance of caution following FDA observations noted during a recent inspection of Excelvision.","04/27/2026","05/08/2026","N/A","05/20/2026","Lot # 1V59, Exp Date: 05/31/26; Lot # 3V12, 3V69, Exp Date: 08/31/26."
"Drugs","No","","98899","Ongoing","Safecor Health, LLC","4060 Business Park Dr Ste B","N/A","Columbus","OH","	43204-5047","United States","Voluntary: Firm initiated","Letter","OH","D-0549-2026","Class II","Vitamin B-Complex, Vitamin C & Folic Acid Dietary Supplement Oral Liquid, Contains: Folic Acid 799 mcg/5mL, Delivers 5 mL per oral syringe, (Nephronex), Mfg By: LLORENS; Pkg by: Safecor, Columbus, OH.  NDC  54859-0516-08","520 syringes","Presence of a Foreign Substance; black particles observed in liquid","05/01/2026","05/21/2026","N/A","05/27/2026","Lot, expiry: Lots 26110722, 26110743, exp 9/8/2026; Lot 26111218, exp 9/9/2026"
"Drugs","No","","98910","Ongoing","Haleon US Holdings LLC","184 Liberty Corner Rd Ste 200","N/A","Warren","NJ","	07059-6870","United States","Voluntary: Firm initiated","Letter","U.S. Nationwide.","D-0542-2026","Class II","Gas-X, Simethicone 125 mg/ ANTIGAS, 120 SoftGels, Distributed by: Haleon, Warren, NJ 07059, UPC: 3 00674 35041 9.","285,330 blister cards","Labeling: Not Elsewhere Classified- Incomplete inactive ingredient information on the carton labeling.","05/11/2026","05/19/2026","N/A","05/27/2026","Lot: KB5Y, Expires: 04/2028; MP4B, Expires: 05/2028; SS4F, Expires: 09/2028."
"Drugs","No","","98947","Ongoing","ANI Pharmaceuticals, Inc.","210 W Main St","N/A","Baudette","MN","	56623-2467","United States","Voluntary: Firm initiated","Letter","Nationwide in the USA","D-0543-2026","Class II","Estradiol Gel, 0.1%, 0.25 mg, 0.25 g per packet, 30 packets per carton, Rx only, Distributed by: ANI Pharmaceuticals, Inc., Baudette, MN 56623.  NDC 70954-531-20","3964 Cartons","Defective Container; packets were found to be either empty or partially full.","05/12/2026","05/20/2026","N/A","05/27/2026","Lot M251109, exp Nov 2027"
"Drugs","No","","98915","Ongoing","UCB Biosciences Inc.","1950 Lake Park Dr SE","N/A","Smyrna","GA","	30080-7648","United States","Voluntary: Firm initiated","Letter","US Nationwide.","D-0546-2026","Class II","cimzia (certolizumab pegol), 2x200mg/mL PREFILLED SYRINGES (2 single-dose), Rx ONLY, Manufactured by: UCB Inc., Smyrna, GA 30080, a) NDC 50474-710-79, b) Professional sample, NDC 50474-710-80; c) 3 cartons, STARTER KIT, NDC 50474-710-81.","141,708 cartons","Lack of Assurance of Sterility","05/08/2026","05/20/2026","N/A","05/27/2026","Lot: CVZFW, Exp.:2026-JUL-04;          CVZYG, Exp.: 2026-AUG-19;          CWSYT, Exp.: 2026-OCT-22;          CWDZY, Exp.:2026-NOV-20;          CWTSD, Exp.:2026-DEC-11;          CVTFK, Exp.:2026-JUL-04;          CVTSN, Exp.: 2026-AUG-19;          CWVGP. Exp.:2026-DEC-11;          CVWXT, CVWXV, CVWXW, Exp.:2026-JUL-04;          CWHFF, Exp.: 2026-OCT-22;          CWNDS, Exp.: 2026-DEC-11."
"Drugs","No","","98972","Ongoing","AVEVA Drug Delivery Systems, Inc.","3250 Commerce Pkwy","N/A","Miramar","FL","	33025-3907","United States","Voluntary: Firm initiated","Letter","Nationwide within the U.S","D-0550-2026","Class III","Nicotine Transdermal System Patch, 14 mg, 14 patches per box, Aveva, Distributed by: RUGBY LABORATORIES, Indianapolis, IN 46268, www.majorpharmaceuticals.com, NDC 0536-5895-88.","59,808 pouches (4,272 Individual Folding Carton (IFC))","Failed Impurities/Degradation Specifications: Elevated levels of oxidative-related impurities, exceeding shelf-life specifications during stability testing of individual units.","05/14/2026","05/26/2026","N/A","06/03/2026","Lot #: 56841, Expires: 03/2028"
"Drugs","No","","98976","Ongoing","Spectra Medical Devices, Llc","299 Ballardvale St","Ste 1","Wilmington","MA","	01887-1066","United States","Voluntary: Firm initiated","Letter","USA Nationwide","D-0554-2026","Class II","Lidocaine HCl Injection USP, 25x5 mL, Single-Dose Ampules, Rx Only, Distributed by: Spectra Medical Devices, LLC, Wilmington, Made in S. Korea, NDC 65282-1605-1.","210625 ampules","Lack of Assurance of Sterility","05/12/2026","06/02/2026","N/A","06/10/2026","Lot#: AE4013, Exp 1/31/2027; AE5032 & AE5039, Exp 3/31/2028; AE5104, Exp 8/31/2028."
"Drugs","No","","98991","Ongoing","IntegraDose Compounding Services LLC","3650 Victoria St N Ste 900","N/A","Shoreview","MN","	55126-2906","United States","Voluntary: Firm initiated","N/A","Nationwide.","D-0548-2026","Class II","fentaNYL Citrate, Sterile CADD for Injection, 2,2500 mcg/50mL in Sterile Water, IntegraDose Compounding Services LLC, 3650 Victorie St N, Suite 900, Shoreview, MN, NDC  71139-6030-1.","376 cassettes","Subpotent Drug","05/12/2026","05/21/2026","N/A","05/27/2026","Lot#: 20260310FEN-1, Exp. Date: 09/06/2026"
"Drugs","No","","98724","Ongoing","Huons Co., Ltd.","100 Bio-Valley-Ro","N/A","Jecheon","N/A","	N/A","Korea (the Republic of)","Voluntary: Firm initiated","N/A","USA Nationwide.","D-0532-2026","Class II","Lidocaine HCl Injection, USP, 2%, 100 mg/5mL (20 mg/mL), 5 mL Single-Dose Vials, Rx only, Manufactured by: Huons Co., Ltd., 100 Bio valley-ro, Jecheon-si, Chungchengbuk-do, Korea, NDC 73293-0003-1 (vial), NDC 73293-0003-2 (10 count carton); Distributed by: Brookefield Pharmaceuticals, LLC, Brookefield, WI, NDC 71351-023-05 (vials), NDC 71351-023-10 (10 count cartons), NDC 71351-023-25 (25 count cartons); Manufactured for: Precision Dose Inc, South Beloit IL NDC 68094-081-01 (vial), NDC 68094-081-25 (25 count carton); Distributed by Novagenix Labs LLC, Morrisville, NC NDC 84769-0002-1 (vials), NDC 84769-0002-2 (10 count carton)","N/A","Lack of Assurance of Sterility","04/02/2026","05/15/2026","N/A","04/22/2026","All lots within expiry"
"Drugs","No","06/17/2026","98997","Ongoing","Fresenius Kabi USA, LLC","3 Corporate Dr","N/A","Lake Zurich","IL","	60047-8930","United States","Voluntary: Firm initiated","Letter","US Nationwide.","D-0581-2026","Class III","Epinephrine Injection, USP, 1mg/mL, 1 mL single-dose vial, Rx only, Fresenius Kabi, Lake Zurich, IL 60047, NDC 63323-696-02 (vial), NDC 63323-696-25 (carton)","898,050 vials","Failed Impurities/Degradations Specifications","05/14/2026","06/05/2026","N/A","06/17/2026","Batch # 6133313, 6133314, Exp Date: 06/2026; Batch # 6133315, Exp Date: 07/2026; Batch # 6133682, Exp Date: 09/2026; Batch # 6134812, 6134813, Exp Date: 04/2027."
"Drugs","No","","99000","Ongoing","PAI Holdings LLC","1700 Perimeter Rd","N/A","Greenville","SC","	29605-5252","United States","Voluntary: Firm initiated","Letter","U.S.A. Nationwide","D-0589-2026","Class II","VistaPharm, KERR INSTA-CHAR IN AN AQUEOUS BASE WITH CHERRY FLAVOR, 25 Grams Activated Charcoal in 120 ml (4 fl oz), distributed by: VistaPharm, Inc., Largo. FL 33771, NDC 66689-202-04.","N/A","Does Not Meet USP or OTC Monograph: Product did not meet the Over-the-Counter (OTC) Monograph M023","05/15/2026","06/12/2026","N/A","06/24/2026","Lot #: AE001, expires: 5/31/2026."
"Drugs","No","","99000","Ongoing","PAI Holdings LLC","1700 Perimeter Rd","N/A","Greenville","SC","	29605-5252","United States","Voluntary: Firm initiated","Letter","U.S.A. Nationwide","D-0590-2026","Class II","VistaPharm, KERR INSTA-CHAR IN AN AQUEOUS BASE WITH CHERRY FLAVOR, 50 Grams Activated Charcoal in 240 ml (8 fl oz), distributed by: VistaPharm, Inc., Largo. FL 33771, NDC 66689-202-08.","N/A","Does Not Meet USP or OTC Monograph: Product did not meet the Over-the-Counter (OTC) Monograph M023","05/15/2026","06/12/2026","N/A","06/24/2026","Lot #: AE001, expires: 5/31/2026."
"Drugs","No","","99000","Ongoing","PAI Holdings LLC","1700 Perimeter Rd","N/A","Greenville","SC","	29605-5252","United States","Voluntary: Firm initiated","Letter","U.S.A. Nationwide","D-0591-2026","Class II","VistaPharm, KERR INSTA-CHAR IN AN SORBITOL BASE WITH CHERRY FLAVOR, 25 Grams Activated Charcoal in 26 Grams Sorbitol in 120 mL (4 fl oz), distributed by: VistaPharm, Inc., Largo. FL 33771, NDC 66689-203-04.","N/A","Does Not Meet USP or OTC Monograph: Product did not meet the Over-the-Counter (OTC) Monograph M023","05/15/2026","06/12/2026","N/A","06/24/2026","Lot #: AE006, expires: 5/31/2026"
"Drugs","No","","99000","Ongoing","PAI Holdings LLC","1700 Perimeter Rd","N/A","Greenville","SC","	29605-5252","United States","Voluntary: Firm initiated","Letter","U.S.A. Nationwide","D-0592-2026","Class II","VistaPharm, KERR INSTA-CHAR IN AN SORBITOL BASE WITH CHERRY FLAVOR, 50 Grams Activated Charcoal in 52 Grams Sorbitol in 240 mL (8 fl oz), distributed by: VistaPharm, Inc., Largo. FL 33771, NDC 66689-203-08.","N/A","Does Not Meet USP or OTC Monograph: Product did not meet the Over-the-Counter (OTC) Monograph M023","05/15/2026","06/12/2026","N/A","06/24/2026","Lot #: AH001, expires: 8/31/2026"
"Drugs","No","","99008","Ongoing","AbbVie Inc.","1 N Waukegan Rd","N/A","North Chicago","IL","	60064-1802","United States","Voluntary: Firm initiated","Letter","US Nationwide.","D-0551-2026","Class III","PRED MILD, prednisolone acetate ophthalmic suspension, USP, 0.12%, 10 mL, Sterile, Rx only, Allergen, Inc., an AbbVie company, North Chicago, IL 60064, Product of France, NDC 11980-174-10.","2,736 bottles","Failed Stability Specifications","05/18/2026","05/27/2026","N/A","06/03/2026","Lot # 402805, 407596, Exp Date: 08/2026."
"Drugs","No","","99014","Ongoing","IntegraDose Compounding Services LLC","3650 Victoria St N Ste 900","N/A","Shoreview","MN","	55126-2906","United States","Voluntary: Firm initiated","Letter","U.S.A. Nationwide","D-0593-2026","Class II","Vasopressin 2 Units/2 mL in 0.9% Sodium Chloride, syringe, IntegraDose Compounding Services, LLC. 3650 Victoria St N, Suite 900, Shoreview, MN, NDC 71139-0190-1.","287 units","Subpotent Drug","05/18/2026","06/12/2026","N/A","06/24/2026","Lot#: 20260327VAS-3, BUD: 05/26/2026; 20260320VAS-3, BUD: 05/19/2026."
"Drugs","No","","99019","Ongoing","Asclemed USA Inc.","379 Van Ness Ave Ste 1403","N/A","Torrance","CA","	90501-7211","United States","Voluntary: Firm initiated","Letter","US Nationwide.","D-0555-2026","Class II","Duloxetine DR Capsules, 30 mg, 30 count bottles, Rx, Relabeled by: Enovachem Pharmaceuticals, Torrance, CA 90501, NDC 76420-634-30, Marketed by: Ajanta Pharma USA Inc.","50 bottles","CGMP Deviations; presence of Nitrosamine Drug Substance Related Impurity (NDSRI), N-nitroso-duloxetine, above the FDA acceptable intake limit.","05/14/2026","06/02/2026","N/A","06/10/2026","Lot # 050725G-30 & 050725F-30, Exp Date: 06/30/2026"
"Drugs","No","","99024","Ongoing","Eugia US LLC","279 Princeton Hightstown Rd","N/A","East Windsor","NJ","	08520-1401","United States","Voluntary: Firm initiated","Letter","US Nationwide.","D-0552-2026","Class III","Lidocaine HCl Injection, USP 2%, 40 mg/2 mL (20 mg/mL), 2 mL per Single-Dose Vial, Rx Only, Mfd. in India for: Eugia US LLC, E. Windsor, NJ 08520.  NDC: 55150-164-02","168,300 vials","Labeling: Not Elsewhere Classified: The label wrap covers the barcode, making it hard to scan","05/18/2026","05/29/2026","N/A","06/10/2026","Lot, expiry:  Lot 3LC26029A, exp Feb-2029; Lot 3LC26031A, exp Mar-2029"
"Drugs","No","","99032","Ongoing","PReye LLC","4855 Ward Rd","N/A","Wheat Ridge","CO","	80033-1951","United States","Voluntary: Firm initiated","N/A","CO","D-0621-2026","Class II","PReye Vitamin See Antioxidant Preservative Free Eye Drops, Distributed by: PReye, LLC, Golden, CO","approximate 50 to 60 bottles","Lack of Assurance of Sterility","05/18/2026","06/24/2026","N/A","07/01/2026","All lots within expiry"
"Drugs","No","06/16/2026","99046","Ongoing","Ajanta Pharma USA Inc","400 Crossing Blvd Ste 102","N/A","Bridgewater","NJ","	08807-2863","United States","Voluntary: Firm initiated","Letter","U.S. Nationwide","D-0594-2026","Class II","Aripiprazole Tablets USP, Rx only, 30 mg, 30 tablets, Marketed by: Ajanta Pharma USA Inc., Bridgewater, NJ 08807, Made in India, NDC 27241-056-03.","6,143 bottles","Product Mix-Up:  A bottle containing Voriconazole Tablets 50 mg was labelled and distributed as Aripiprazole Tablets USP 30 mg.","05/27/2026","06/16/2026","N/A","06/24/2026","Lot: PA00805, expires: 01/31/2029"
"Drugs","Yes","07/16/2026","98731","Ongoing","Blaine Labs Inc","11037 Lockport Pl","N/A","Santa Fe Springs","CA","	90670-4634","United States","Voluntary: Firm initiated","Press Release","Nationwide in the USA","D-0694-2026","Class II","TRIPENICOL S Antifungal Solution (Undecylenic Acid 25%), 1.25 FL OZ (37.5 mL) bottle, Manufactured For: Trifluent Pharma, LLC, San Antonio, TX 78213,  NDC 73352-550-01.  ","144 bottles","CGMP Deviations; the firm discontinued required stability testing for products on the market still within expiry","04/08/2026","07/16/2026","N/A","07/08/2026","Lot #BL3411R, Exp 6/8/2027"
"Drugs","Yes","07/16/2026","98731","Ongoing","Blaine Labs Inc","11037 Lockport Pl","N/A","Santa Fe Springs","CA","	90670-4634","United States","Voluntary: Firm initiated","Press Release","Nationwide in the USA","D-0695-2026","Class II","TERPENICOL Antifungal Cream (Undecylenic Acid 13%), 1.0 oz (28 g) bottles, Manufactured By: Blaine Labs, Inc., 11037 Lockport Place, Sante Fe Springs, CA 90670, NDC 63347-601-01. ","22,143 bottles","CGMP Deviations; the firm discontinued required stability testing for products on the market still within expiry","04/08/2026","07/16/2026","N/A","07/08/2026","Lots BL3431R, Exp Date 10/13/26 & BL3528, Exp Date 08/30/2027."
"Drugs","Yes","07/16/2026","98731","Ongoing","Blaine Labs Inc","11037 Lockport Pl","N/A","Santa Fe Springs","CA","	90670-4634","United States","Voluntary: Firm initiated","Press Release","Nationwide in the USA","D-0696-2026","Class II","vite20 Antifungal Cream, (10% Undecylenic Acid), 0.54 OZ (15 g) bottle, Manufactured By: Blaine Labs, Inc., 11037 Lockport Place, Sante Fe Springs, CA 90670, UPC 6 16728 00039 2. ","26,475 bottles","CGMP Deviations; the firm discontinued required stability testing for products on the market still within expiry","04/08/2026","07/16/2026","N/A","07/08/2026","Lot BL3462, Exp. 2/7/2027"
"Drugs","No","06/18/2026","99066","Ongoing","SUN PHARMACEUTICAL INDUSTRIES INC","2 Independence Way","N/A","Princeton","NJ","	08540-6620","United States","Voluntary: Firm initiated","Letter","Nationwide within the United States","D-0598-2026","Class II","Xyvona (levorphanol tartrate tablets), 2mg, 100 Tablets, Rx only, Forte BioPharma, Manufactured by: Ohm Laboratories Inc., New Brunswick, NJ 08901, Distributed by: Fort Bio-Pharma, LLC., Las Vegas, NV 89113, NDC 72245-762-10","N/A","Labeling: Not Elsewhere Classified. This recall has been initiated in response to the denial by FDA of marketing the product under the proprietary name Xyvona","05/22/2026","06/18/2026","N/A","06/10/2026","Lot #: AD93852, Exp Date: 06/2027."
"Drugs","No","06/18/2026","99066","Ongoing","SUN PHARMACEUTICAL INDUSTRIES INC","2 Independence Way","N/A","Princeton","NJ","	08540-6620","United States","Voluntary: Firm initiated","Letter","Nationwide within the United States","D-0599-2026","Class II","Xyvona (levorphanol tartrate tablets), 3mg, 100 Tablets, Rx only, Forte BioPharma, Manufactured by: Ohm Laboratories Inc., New Brunswick, NJ 08901, Distributed by: Fort Bio-Pharma, LLC., Las Vegas, NV 89113, NDC 72245-058-10","N/A","Labeling: Not Elsewhere Classified. This recall has been initiated in response to the denial by FDA of marketing the product under the proprietary name Xyvona","05/22/2026","06/18/2026","N/A","06/10/2026","Lot #: AE11393, Exp Date: 10/2027."
"Drugs","No","","99076","Ongoing","Keystone Industries","480 S Democrat Rd","N/A","Gibbstown","NJ","	08027-1239","United States","Voluntary: Firm initiated","Letter","Nationwide in the USA","D-0600-2026","Class II","Pearson Quality Topical Anesthetic Gel (20% Benzocaine), Mint Flavor, Net Contents: 1 oz (3o g), Manufactured for: Pearson Dental Supply Inc., Sylmar, CA 91342 USA, NDC 43305-0009-3.","900 units","Defective container:may contain bottles with incomplete seals","05/21/2026","06/18/2026","N/A","06/24/2026","BNZ-001917, Exp 04/01/2029"
"Drugs","No","","99076","Ongoing","Keystone Industries","480 S Democrat Rd","N/A","Gibbstown","NJ","	08027-1239","United States","Voluntary: Firm initiated","Letter","Nationwide in the USA","D-0601-2026","Class II","Quala Dental Products, Topical Anesthetic Gel, 20 % Benzocaine, Strawberry Flavor Net Contents: 1 oz (30 g), Quala Dental Products, Made in USA for NDC Inc., 407 Sanford Road, Le Vergne, TN 37086, NDC 43128-034-30.","150 units","Defective container:may contain bottles with incomplete seals","05/21/2026","06/18/2026","N/A","06/24/2026","BNZ-001921, EXP 04/15/2029"
"Drugs","No","","99077","Ongoing","Amgen, Inc.","1 Amgen Center Dr","N/A","Thousand Oaks","CA","	91320-1730","United States","Voluntary: Firm initiated","Letter","Nationwide within the United States","D-0612-2026","Class II","Corlanor (ivabradine) tablets, 5 mg, packaged in a) 14 tablets bottles (NDC 55513-800-99), and b) 60 tablet bottles (NDC 55513-800-60), Rx Only, Amgen Inc., Thousand Oaks, CA 92130 Made In Italy.   ","934577 bottles","Presence of Foreign Substance.","06/04/2026","06/23/2026","N/A","07/01/2026","a) Lot # 1138901, Exp. Date 08/31/2026; 1149846, Exp. Date 04/30/2027 b) Lot #1138201, 1138202,  08/31/2026, 1138900, 1141143, Exp. Date 08/31/2026; 1140280, 1140281, 1142063, Exp. Date 10/31/2026; 1142062, 1142942, 1142943, Exp. Date 11/30/2026; 1144081, 1144104, Exp. Date 12/31/2026; 1146373, 1146374, Exp. Date 01/31/2027; 1147491, 1147492, 1149843, Exp. Date 03/31/2027; 1151113, 1151890, 1153401, Exp. Date 07/31/2027; 1151114, 1151115, Exp. Date 09/30/2027; 1152412, 1153399, 1153400, Exp. Date 06/30/2027; 1155834, 1155835, Exp. Date 04/30/2027; 1155836, Exp. Date 09/30/2027; 1158480, 1158481, 1158482, Exp. Date 10/31/2027; 1160354, 1160355, Exp. Date 03/31/2028; 1161593, 1161594, 1161595, Exp. Date 04/30/2028; 1164097, 1164098, 1164099, Exp. Date 06/30/2028; 1165078, 1165079, Exp Date 07/31/2028; 1165080, Exp. Date 02/29/2028;1168005, 1168006, 1168007, Exp. Date 09/30/2028; 1169288, 1169289, Exp. Date 10/31/2028; 1172885, Exp. Date 12/31/2028."
"Drugs","No","","99077","Ongoing","Amgen, Inc.","1 Amgen Center Dr","N/A","Thousand Oaks","CA","	91320-1730","United States","Voluntary: Firm initiated","Letter","Nationwide within the United States","D-0613-2026","Class II","Sensipar (cinacalcet) Tablets, 30mg, 30-count bottles, Rx Only, Distributed by: Amge, One Amgen Center Drive, Thousand Oaks ,CA 91320-1799, Made in Japan. NDC 55513-073-30  ","9565 bottles","CGMP Deviations","06/04/2026","06/23/2026","N/A","07/01/2026","Lot#: 1156858, Exp. Date 12/31/2027."
"Drugs","No","","99098","Ongoing","Guardian Drug Co. Inc.","2 Charles Ct","N/A","Dayton","NJ","	08810-1508","United States","Voluntary: Firm initiated","Letter","U.S.A. Nationwide","D-0557-2026","Class II","KIRKLAND Signature, ULTRA STRENGTH ANTACID, Calcium Carbonate, 1000 mg, 265-count bottle, MANUFACTURED BY: GUARDIAN DRUG COMPANY, INC., 2 CHARLES COURT/DAYTON, NJ 08810, FOR: Costco Wholesale Corporation, 999 Lake Drive, Issaquah, WA 98027, NDC 63981-171-80","N/A","Presence of foreign substance: small metallic particles in chewable tablets.","05/28/2026","06/03/2026","N/A","06/10/2026","Lot#: 1716059, 1716060, 1716061, 1716062, 1716063, 1716218, 1716219, 1716228, 1716229, 1716238, Exp 2/28/2029; 1716258, Exp 3/31/2029."
"Drugs","No","","99098","Ongoing","Guardian Drug Co. Inc.","2 Charles Ct","N/A","Dayton","NJ","	08810-1508","United States","Voluntary: Firm initiated","Letter","U.S.A. Nationwide","D-0558-2026","Class II","HALEON CALCIUM CARBONATE TUMS ANTACID, Assorted Fruit Tablets, 1000 mg, 160-count bottle, Haleon, Warren, NJ 07059, UPC 3 07660 74610 2.","N/A","Presence of foreign substance: small metallic particles in chewable tablets.","05/28/2026","06/03/2026","N/A","06/10/2026","Lot #: 1096075, 1096076, 1096077, 1096078, Exp 1/31/2029."
"Drugs","No","","99098","Ongoing","Guardian Drug Co. Inc.","2 Charles Ct","N/A","Dayton","NJ","	08810-1508","United States","Voluntary: Firm initiated","Letter","U.S.A. Nationwide","D-0559-2026","Class II","HALEON CALCIUM CARBONATE TUMS ANTACID, Assorted Fruit Tablets, 750 mg, 330-count bottle, Haleon, Warren, NJ 07059, UPC 3 0766  3072 10 9.","N/A","Presence of foreign substance: small metallic particles in chewable tablets.","05/28/2026","06/03/2026","N/A","06/10/2026","Lot #: 1076169, Exp 2/28/2029."
"Drugs","No","","99098","Ongoing","Guardian Drug Co. Inc.","2 Charles Ct","N/A","Dayton","NJ","	08810-1508","United States","Voluntary: Firm initiated","Letter","U.S.A. Nationwide","D-0560-2026","Class II","Good Neighbor Pharmacy, extra strength Antacid Calcium Carbonate 750 mg, chewable, 96-count bottle, Distributed by: Amerisourcebergen, 1 West First Avenue, Conshohocken, PA, 19428, NDC 24385-106-80.","N/A","Presence of foreign substance: small metallic particles in chewable tablets.","05/28/2026","06/03/2026","N/A","06/10/2026","Lot #: 1276118, Exp 1/31/2029."
"Drugs","No","","99098","Ongoing","Guardian Drug Co. Inc.","2 Charles Ct","N/A","Dayton","NJ","	08810-1508","United States","Voluntary: Firm initiated","Letter","U.S.A. Nationwide","D-0561-2026","Class II","Good Neighbor Pharmacy, extra strength Antacid Calcium Carbonate 1000 mg, 72 chewable tablets, Distributed by: Amerisourcebergen, 1 West First Avenue, Conshohocken, PA, 19428, NDC 24385-595-23.","N/A","Presence of foreign substance: small metallic particles in chewable tablets.","05/28/2026","06/03/2026","N/A","06/10/2026","Lot #: 1716089, Exp 1/31/2029."
"Drugs","No","","99098","Ongoing","Guardian Drug Co. Inc.","2 Charles Ct","N/A","Dayton","NJ","	08810-1508","United States","Voluntary: Firm initiated","Letter","U.S.A. Nationwide","D-0562-2026","Class II","Extra strength Antacid Calcium Carbonate 750 mg, chewable tablets, 96-count bottle, DISTRIBUTED BY CASEY'S MARKETING COMPANY, ANKENY, IA 50521, UPC: 0 98437 24361 9.","N/A","Presence of foreign substance: small metallic particles in chewable tablets.","05/28/2026","06/03/2026","N/A","06/10/2026","Lot #: 1276118, Exp 1/31/2029."
"Drugs","No","","99098","Ongoing","Guardian Drug Co. Inc.","2 Charles Ct","N/A","Dayton","NJ","	08810-1508","United States","Voluntary: Firm initiated","Letter","U.S.A. Nationwide","D-0563-2026","Class II","24/7 life BY 7-ELEVEN, Extra strength Antacid Tablets, Calcium Carbonate 750 mg, 96 chewable tablets, DISTRIBUTED BY 7-ELEVEN, IRVING, TX 75063, UPC 0 5254863573 2.","N/A","Presence of foreign substance: small metallic particles in chewable tablets.","05/28/2026","06/03/2026","N/A","06/10/2026","Lot #: 1276119, Exp 1/31/2029."
"Drugs","No","","99098","Ongoing","Guardian Drug Co. Inc.","2 Charles Ct","N/A","Dayton","NJ","	08810-1508","United States","Voluntary: Firm initiated","Letter","U.S.A. Nationwide","D-0564-2026","Class II","MARKET BASKET ANTACID Calcium Carbonate 1000 mg, ULTRA STRENGTH, 72 Tablets, Distributed by: De Moules Supermarkets, Inc.,Tewksbury, Mass 01875,  UPC 0 49705 83149 6.","N/A","Presence of foreign substance: small metallic particles in chewable tablets.","05/28/2026","06/03/2026","N/A","06/10/2026","Lot #: 1716089, expires: JAN 2029."
"Drugs","No","","99098","Ongoing","Guardian Drug Co. Inc.","2 Charles Ct","N/A","Dayton","NJ","	08810-1508","United States","Voluntary: Firm initiated","Letter","U.S.A. Nationwide","D-0565-2026","Class II","CAREone, EXTRA STRENGTH CALCIUM ANTACID, Calcium Carbonate 750 mg, 96 chewable Tablets, Distributed by: FOODHOLD U.S.A, LLC, LANDOVER, MD 20785, NDC 72476-127-80.","N/A","Presence of foreign substance: small metallic particles in chewable tablets.","05/28/2026","06/03/2026","N/A","06/10/2026","Lot #: 1276118, 1276119, expires: JAN 2029."
"Drugs","No","","99098","Ongoing","Guardian Drug Co. Inc.","2 Charles Ct","N/A","Dayton","NJ","	08810-1508","United States","Voluntary: Firm initiated","Letter","U.S.A. Nationwide","D-0566-2026","Class II","CAREone, ULTRA STRENGTH CALCIUM ANTACID, Calcium Carbonate 1000 mg, 72 chewable Tablets, Distributed by: FOODHOLD U.S.A, LLC, LANDOVER, MD 20785, NDC 72476-178-23.","N/A","Presence of foreign substance: small metallic particles in chewable tablets.","05/28/2026","06/03/2026","N/A","06/10/2026","Lot #: 1716259, Exp 3/31/2029."
"Drugs","No","","99098","Ongoing","Guardian Drug Co. Inc.","2 Charles Ct","N/A","Dayton","NJ","	08810-1508","United States","Voluntary: Firm initiated","Letter","U.S.A. Nationwide","D-0567-2026","Class II","DISCOUNT drug mart, EXTRA STRENGTH, ANTACID TABLETS, Calcium Carbonate 750 mg, 96 Tablets, Distributed by: Drug Mart- Food Fair Medina, OH 44256, UPC: 0 93351 03992 8.","N/A","Presence of foreign substance: small metallic particles in chewable tablets.","05/28/2026","06/03/2026","N/A","06/10/2026","Lot #: 1276118, Exp 1/31/2029."
"Drugs","No","","99098","Ongoing","Guardian Drug Co. Inc.","2 Charles Ct","N/A","Dayton","NJ","	08810-1508","United States","Voluntary: Firm initiated","Letter","U.S.A. Nationwide","D-0568-2026","Class II","FAMILY WELLNESS, ULTRA STRENGT, ANTACID TABLETS, Calcium Carbonate 1000 mg, 72 CHEWABLE TABLETS, DISTRIBUTED BY: MIDWOOD BRANDS, LLC, 500 VOLVO PKWY, CHESAPEAKE, VA 23320 USA., NDC 55319-171-68.","N/A","Presence of foreign substance: small metallic particles in chewable tablets.","05/28/2026","06/03/2026","N/A","06/10/2026","Lot #: 1716089, expires: JAN 2029."
"Drugs","No","","99098","Ongoing","Guardian Drug Co. Inc.","2 Charles Ct","N/A","Dayton","NJ","	08810-1508","United States","Voluntary: Firm initiated","Letter","U.S.A. Nationwide","D-0569-2026","Class II","FAMILY WELLNESS, ULTRA STRENGT, ANTACID TABLETS, Calcium Carbonate 1000 mg, 72 CHEWABLE TABLETS, DISTRIBUTED BY: MIDWOOD BRANDS, LLC, 500 VOLVO PKWY, CHESAPEAKE, VA 23320 USA., UP: 0 32251-92282-4.","N/A","Presence of foreign substance: small metallic particles in chewable tablets.","05/28/2026","06/03/2026","N/A","06/10/2026","Lot #: 1716259, expires: MAR 2029."
"Drugs","No","","99098","Ongoing","Guardian Drug Co. Inc.","2 Charles Ct","N/A","Dayton","NJ","	08810-1508","United States","Voluntary: Firm initiated","Letter","U.S.A. Nationwide","D-0570-2026","Class II","Harris Teeter, ULTRA STRENGTH ANTACID, Calcium Carbonate 1000 mg, 72 CHEWABLE TABLETS, Distributed by: Harris Teeter, LLC.,MATTHEWS, NC 28105, UPC: 0 72036-73108-1.","N/A","Presence of foreign substance: small metallic particles in chewable tablets.","05/28/2026","06/03/2026","N/A","06/10/2026","Lot #: 1716089, expires: JAN 2029."
"Drugs","No","","99098","Ongoing","Guardian Drug Co. Inc.","2 Charles Ct","N/A","Dayton","NJ","	08810-1508","United States","Voluntary: Firm initiated","Letter","U.S.A. Nationwide","D-0571-2026","Class II","HyVee, Extra Strength Antacid, Calcium Carbonate 750 mg, 96 CHEWABLE TABLETS, DISTRIBUTED BY: HY-VEE INC., Inc., WEST DES MOINES, IA 50266, UPC: 0 75450 82497 1.","N/A","Presence of foreign substance: small metallic particles in chewable tablets.","05/28/2026","06/03/2026","N/A","06/10/2026","Lot #: 1276119, expires: Jan 2029."
"Drugs","No","","99098","Ongoing","Guardian Drug Co. Inc.","2 Charles Ct","N/A","Dayton","NJ","	08810-1508","United States","Voluntary: Firm initiated","Letter","U.S.A. Nationwide","D-0572-2026","Class II","HyVee, Ultra Strength Antacid, Calcium Carbonate 1000 mg, 72 CHEWABLE TABLETS, DISTRIBUTED BY: HY-VEE INC., Inc., WEST DES MOINES, IA 50266, UPC: 0 75450 82514 5.","N/A","Presence of foreign substance: small metallic particles in chewable tablets.","05/28/2026","06/03/2026","N/A","06/10/2026","Lot #: 1716089, expires: JAN 2029."
"Drugs","No","","99101","Ongoing","Glenmark Pharmaceuticals Inc., USA","619 River Dr","N/A","Elmwood Park","NJ","	07407-1317","United States","Voluntary: Firm initiated","Letter","USA Nationwide.","D-0588-2026","Class II","Alyacen 7/7/7, Norethindrone and Ethinyl Estradiol Tablets USP, 0.5mg/0.035mg, 0.75mg/0.035mg, 1 mg/0.0.35mg, 3 Blister Cards each containing 28 tablets, 28 day regimen, Rx only, Manufactured by: Glenmark Pharmaceuticals Ltd., Colvale-Bardez, Goa 403 513, India, Manufactured for: Glenmark Pharmaceuticals Inc., Mahwah, NJ 07430, NDC 68462-556-29","N/A","Failed Impurities/Degradation Specifications: This recall is being initiated due to out-of-specification results total impurities.","05/27/2026","06/12/2026","N/A","06/24/2026","Lot #: 20240411, Exp: 6/30/2026; 20250252, Exp: 3/31/2027"
"Drugs","No","06/10/2026","99107","Ongoing","Lannett Company Inc.","1101 C Ave W","N/A","Seymour","IN","	47274-3342","United States","Voluntary: Firm initiated","Letter","Nationwide within the United States","D-0584-2026","Class II","Niacin Extended-release Tablets, USP, 1,000 mg, 90-count bottles, Rx Only, Distributed by: Lannett Company, Inc., Philadelphia, PA 19136, NDC 62175-322-46.","3984 bottles","Failed Dissolution Specifications: during 12M LT stability testing OOS low for Stage 3 dissolution at the 24-hour timepoint.","05/27/2026","06/10/2026","N/A","06/10/2026","Lot #: 25282724A, Exp. Date 2027/01"
"Drugs","No","","99108","Ongoing","Breckenridge Pharmaceutical, Inc.","200 Connell Dr Ste 4200","N/A","Berkeley Heights","NJ","	07922-2805","United States","Voluntary: Firm initiated","Letter","Nationwide within the United States","D-0582-2026","Class II","Duloxetine Delayed-Release Capsules, USP, 30mg, 1000 Capsule bottles, Rx only, Manufactured. by: Towa Pharmaceutical Europe, S.L. Martorelles, (Barcelona), Spain, Distributed by: Breckenridge Pharmaceuticals, Inc., Berkeley Heights, NJ 07922. NDC 51991-747-10","14,729 bottles.","CGMP Deviations: Presence of N-nitroso-duloxetine impurity above FDA recommended interim limit","06/04/2026","06/08/2026","N/A","06/17/2026","Lot: 241180C, Exp. Date April 2027."
"Drugs","No","","99110","Ongoing","SUN PHARMACEUTICAL INDUSTRIES INC","2 Independence Way","N/A","Princeton","NJ","	08540-6620","United States","Voluntary: Firm initiated","Letter","U.S. Nationwide","D-0654-2026","Class III","Fexofenadine Hydrochloride Tablets, USP 180 mg, Antihistamine, 150 Tablets per bottle, Distributed by: Ohm Laboratories, Inc., New Brunswick, NJ 08901. NDC 66336-561-30","9,048 bottles","Failed Impurities/Degradation Specifications","06/01/2026","06/30/2026","N/A","07/08/2026","Lot, expiry:  Lot DNG0283A, exp 03/31/2027; Lots DNF0922A and DNF0923B, exp 10/31/2026"
"Drugs","No","","99112","Ongoing","Zep Inc","350 Joe Frank Harris Pkwy","N/A","Emerson","GA","	30137","United States","Voluntary: Firm initiated","Letter","US Nationwide.","D-0586-2026","Class II","Zep, Alcohol Sanitizer Spray, Ethanol 70%, Net Contents 55 Gallons 208 Liters, Made in USA, A Zep Inc. Brand, Distributed by: Zap Inc., 350 Joe Frank Harris Parkway, SE, Emerson, GA 30137, NDC 66949-133-85.","5 drums","Microbial contamination of sterile products","05/22/2026","06/10/2026","N/A","06/17/2026","Batch # E2612116, Exp Date: April 2029."
"Drugs","No","06/18/2026","99113","Ongoing","SUN PHARMACEUTICAL INDUSTRIES INC","2 Independence Way","N/A","Princeton","NJ","	08540-6620","United States","Voluntary: Firm initiated","Letter","Nationwide within the United States","D-0607-2026","Class II","Budesonide Inhalation Suspension, 1mg/2mL, 30 x 2 mL Sterile Single-Dose Ampules (5 Single-Dose Ampules per pouch, 6 pouches per carton, Distributed by: Sun Pharmaceutical Industries, Inc., Cranbury, NJ 08512, Manufactured by: Sun Pharmaceutical Industries Limited, Baska Ujeti Road, Ujeti Halol-289350, Gujarat, India, NDC 47335-633-49.","N/A","Presence of Foreign Substance:This recall has been initiated in response to a product quality complaint reported for black/brown specs and particles within the ampoule solution","05/29/2026","06/18/2026","N/A","06/17/2026","Lot #: BAG0074A, Exp. Date: 1/31/2027."
"Drugs","No","","99114","Ongoing","CareFusion 213, LLC","1550 Northwestern Dr","N/A","El Paso","TX","	79912-8000","United States","Voluntary: Firm initiated","Letter","Nationwide inthe USA, as well as other foreign distribution.","D-0622-2026","Class II","BD ChloraPrep Clear, (2% w/v chlorhexidine gluconate (CHG) and 70% v/v isopropyl alcohol (IPA) 1 mL Applicator, 60 Applicators, Sterile Solution, Care Fusion 213, LLC, El Paso, TX 79912, subsidiary of Beckton, Dickinson and Co., NDC 54365-400-31.","N/A","Lack of Assurance of Sterility: Due to wrinkles in the paper lidding which may breach the seal   area.","05/28/2026","06/25/2026","N/A","07/01/2026","Lot # 3201277, Exp Date: 06/30/2026; Lot # 3213912, 3214206, 3214914, 3215710, 3227485, Exp Date: 07/31/2026; Lot # 3234036, 3234037, 3236460, 3237244, 3243095, 3263576, 3263580, 3264318, Exp Date: 08/31/2026; Lot # 3266655, 3266657, 3270586, 3278714, 3279949, 3282215, 3282956, Exp Date: 09/30/2026; Lot #  3299094, 3299684, 3302529, 3301463, 3309836, 3310556, 3312230, 3314562, Exp Date: 10/31/2026; Lot # 3321426, Exp Date: 11/30/2026; Lot # 3350974, 3352268, 3354120, 3354127, 3356911, 4003299, 4013168, Exp Date: 12/31/2026; Lot # 4023898, 4024208, 4024754, 4030686, 4031689, 4032182, 4032183, 4038825, 4038826, 4043641, 4045863, 4046559, Exp Date: 1/31/2027; Lot # 4049128, 4060484, 4061622, 4062534, Exp Date: 02/28/2027; Lot # 4072323, 4081465, 4092172, 4092053, 4092057, 4093448, 4096267, 4099351, Exp Date: 03/31/2027; Lot # 4106830, 4106833, 4106834, 4123769, 4123637, 4124547, 4123599, 4131749, Exp Date: 04/30/2027; Lot # 4137704, 4139447, Exp Date: 05/31/2027"
"Drugs","No","","99114","Ongoing","CareFusion 213, LLC","1550 Northwestern Dr","N/A","El Paso","TX","	79912-8000","United States","Voluntary: Firm initiated","Letter","Nationwide inthe USA, as well as other foreign distribution.","D-0623-2026","Class II","BD ChloraPrep FREPP Clear, (2% w/v chlorhexidine gluconate (CHG) and 70% v/v isopropyl alcohol (IPA)  1.5 mL Applicator, 20 Applicators, Sterile Solution, Care Fusion 213, LLC, El Paso, TX 79912, subsidiary of Beckton, Dickinson and Co., NDC 54365-400-30.","N/A","Lack of Assurance of Sterility: Due to wrinkles in the paper lidding which may breach the seal   area.","05/28/2026","06/25/2026","N/A","07/01/2026","Lot # 3143780, 3151595, 3152898, 3152906, 3157235, 3158139, 3159803, 3166919, 3167620, 3191056, Exp Date: 05/31/2026; Lot # 3171115, 3172853, 3177820, 3193968, 3194750, 3199123, 3201195, 3206618, 3212202, 3213819, 3214876, Exp Date: 06/30/2026; Lot # 3222170, 3226846, 3228153, 3229867, 3228293, 3243337, Exp Date: 07/31/2026; Lot # 3230424, 3234042, 3240990, 3244469, 3249346, 3251278, 3254346, 3255678, 3258407, Exp Date: 08/31/2026; Lot # 3261058, 3263492, 3264573, 3268341, 3270418, 3275533, 3276460, 3278683, 3283037, 3284107, 3292960, 3292965, Exp Date: 09/30/2026; Lot # 3286221, 3290240, 3293922, 3297295, 3298930, 3299555, 3299562, 3301403, 3304245, 3306751, 3307190, 3310919, 3310926, 3314371, Exp Date: 10/31/2026; Lot # 3319520, 3321408, 3321409, 3324363, 3324369, 3332082, 3334305, 3335243, 3336896, 3337416, 3337417, 3340134, 3343540, 3346461, Exp Date: 11/30/2026; Lot # 3347121, 3350902, 3353143, 4004043, 4008394, 4009336, 4011488, 4012213, Exp Date: 12/31/2026; Lot # 4017668, 4019659, 4024538, 4025597, 4028103, 4030830, 4031885, 4032130, 4034194, 4037955, 4039988, 4039341, 4042520, 4045073, Exp Date: 01/31/2027; Lot # 4045127, 4050288, 4053896, 4058398, 4060624, 4062561, 4066133, 4068918, 4070112, 4074981, 4075814, 4078276, Exp Date: 02/28/2027; Lot # 4072390, 4073005, 4079088, 4080879, 4081625, 4086628, 4087806, 4096981, 4100347, 4100349, 4103385, 4103386, 4110975, 4113747, 4131843, Exp Date: 03/31/2027; Lot # 4121050, 4123171, 4123172, 4128501, 4128502, 4130512, 4135272, Exp Date: 04/30/2027; Lot # 4141597, 4150024, 4149611, 4150025, 4152202, 4157691, 4159978, 4160566, 4163121, Exp Date: 05/31/2027; Lot # 4173445, 4173447, 4178299, 4178303, 4180764, 4193574, 4197392, 4200111, 4204425, Exp Date: 06/30/2027; Lot # 4205156, 4206764, 4206766, 4207230, 4213335, 4211319, 4215668, 4218795, 4220980, 4242090, Exp Date: 07/31/2027; Lot # 4226396, 4227235, 4229934, 4232786, 4236636, 4236982, 4236489, 4242092, 4242505, 4248359, 4250795, 4254763, Exp Date: 08/31/2027; Lot # 4256132, 4260191, 4261289, 4261760, 4262812, 4269519, 4270776, 4271977, 4274445, 4276054, 4282861, Exp Date: 09/30/2027; Lot # 4284334, 4290362, 4291615, 4297871, 4299657, 4300686, 4302997, 4303204, 4305323, 4305318, 4310195, 4311615, 4312855, 4313930, Exp Date: 10/31/2027."
"Drugs","No","","99098","Ongoing","Guardian Drug Co. Inc.","2 Charles Ct","N/A","Dayton","NJ","	08810-1508","United States","Voluntary: Firm initiated","Letter","U.S.A. Nationwide","D-0573-2026","Class II","H.E.B Extra Strength Calcium Carbonate Antacid Tablets, Calcium Carbonate 750 mg, 96 Chewable Tablets, MADE WITH PRIDE & CARE FOR H.E.B, 646 S. FLORES ST, SAN ANTONIO, TX, NDC 37808-136-22.","N/A","Presence of foreign substance: small metallic particles in chewable tablets.","05/28/2026","06/03/2026","N/A","06/10/2026","Lot #: 1276118, expires: JAN 2029."
"Drugs","No","","99098","Ongoing","Guardian Drug Co. Inc.","2 Charles Ct","N/A","Dayton","NJ","	08810-1508","United States","Voluntary: Firm initiated","Letter","U.S.A. Nationwide","D-0574-2026","Class II","GOODSENSE Extra Strength, Antacid TABLETS, Calcium Carbonate 750 mg, 96 Chewable Tablets, Distributed by: Geiss, Destin & Dunn, inc., Peachtree City, GA, NDC 50804-129-22.","N/A","Presence of foreign substance: small metallic particles in chewable tablets.","05/28/2026","06/03/2026","N/A","06/10/2026","Lot #: 1276118, expires: JAN- 2029."
"Drugs","No","06/22/2026","99121","Ongoing","Sandoz Inc","100 College Rd W","N/A","Princeton","NJ","	08540-6604","United States","Voluntary: Firm initiated","Letter","U.S. Nationwide","D-0608-2026","Class III","Focalin XR (dexmethylphenidate HCl) 5 mg, 30 extended-release capsules per bottle, Rx only, Manufactured by Societal CDMO Gainesville, LLC, Gainesville, GA 30504.  NDC: 66758-235-31","7,803 bottles","Labeling: Incorrect or Missing Lot and/or Exp Date","06/01/2026","06/22/2026","N/A","06/24/2026","Lot VA0099422; Exp. Date June 30, 2028"
"Drugs","No","","99098","Ongoing","Guardian Drug Co. Inc.","2 Charles Ct","N/A","Dayton","NJ","	08810-1508","United States","Voluntary: Firm initiated","Letter","U.S.A. Nationwide","D-0575-2026","Class II","GOODSENSE Ultra Strength, Antacid TABLETS, Calcium Carbonate 1000 mg, 72 Chewable Tablets, Distributed by: Geiss, Destin & Dunn, inc., Peachtree City, GA, NDC 50804-171-68.","N/A","Presence of foreign substance: small metallic particles in chewable tablets.","05/28/2026","06/03/2026","N/A","06/10/2026","Lot #: 1716089, expires: JAN- 2029."
"Drugs","No","","99098","Ongoing","Guardian Drug Co. Inc.","2 Charles Ct","N/A","Dayton","NJ","	08810-1508","United States","Voluntary: Firm initiated","Letter","U.S.A. Nationwide","D-0576-2026","Class II","EQUALINE extra strength, antacid tablets, calcium carbonate 750mg, 96 chewable tablets, DISTRIBUTED BY SUPERVALU INC.,EDEN PRARIE, MN 55344 USA, NDC 41163-129-22.","N/A","Presence of foreign substance: small metallic particles in chewable tablets.","05/28/2026","06/03/2026","N/A","06/10/2026","Lot #: 1276118, expires: JAN- 2029."
"Drugs","No","","99098","Ongoing","Guardian Drug Co. Inc.","2 Charles Ct","N/A","Dayton","NJ","	08810-1508","United States","Voluntary: Firm initiated","Letter","U.S.A. Nationwide","D-0577-2026","Class II","EQUALINE ultra strength, antacid tablets, calcium carbonate 1000mg, 72 chewable tablets, DISTRIBUTED BY SUPERVALU INC.,EDEN PRARIE, MN 55344 USA, NDC 41163-171-68.","N/A","Presence of foreign substance: small metallic particles in chewable tablets.","05/28/2026","06/03/2026","N/A","06/10/2026","Lot #: 1716089, expires: JAN- 2029."
"Drugs","No","","99098","Ongoing","Guardian Drug Co. Inc.","2 Charles Ct","N/A","Dayton","NJ","	08810-1508","United States","Voluntary: Firm initiated","Letter","U.S.A. Nationwide","D-0578-2026","Class II","TopCare health, EXTRA STRENGTH, Antacid Tablets, CALCIUM CARBONATE 750mg, 96 CHEWABLE TABLETS, DISTRIBUTED BY TOPCO ASSOCIATES LLC.,ELK GROVE VILLAGE, IL 60007, NDC 76162-128-22.","N/A","Presence of foreign substance: small metallic particles in chewable tablets.","05/28/2026","06/03/2026","N/A","06/10/2026","Lot #: 1276119, expires: JAN- 2029."
"Drugs","No","","99098","Ongoing","Guardian Drug Co. Inc.","2 Charles Ct","N/A","Dayton","NJ","	08810-1508","United States","Voluntary: Firm initiated","Letter","U.S.A. Nationwide","D-0579-2026","Class II","TopCare health, ULTRA STRENGTH, Antacid Tablets, CALCIUM CARBONATE 1000mg, 72 CHEWABLE TABLETS, DISTRIBUTED BY TOPCO ASSOCIATES LLC.,ELK GROVE VILLAGE, IL 60007, NDC 76162-129-68.","N/A","Presence of foreign substance: small metallic particles in chewable tablets.","05/28/2026","06/03/2026","N/A","06/10/2026","Lot #: 1716089, expires: JAN- 2029."
"Drugs","No","","99076","Ongoing","Keystone Industries","480 S Democrat Rd","N/A","Gibbstown","NJ","	08027-1239","United States","Voluntary: Firm initiated","Letter","Nationwide in the USA","D-0602-2026","Class II","DHP Topical Anesthetic Gel, Benzocaine 20%, Strawberry Flavor, 1 oz. (30 g), Manufactured for and Distributed by Dental Health Products, Inc, 2614 North Sugar Bush Road, New Franken, WI 54229. NDC 69634-020-30","150 units","Defective container:may contain bottles with incomplete seals","05/21/2026","06/18/2026","N/A","06/24/2026","BNZ-001921, EXP 04/15/2029"
"Drugs","No","","99076","Ongoing","Keystone Industries","480 S Democrat Rd","N/A","Gibbstown","NJ","	08027-1239","United States","Voluntary: Firm initiated","Letter","Nationwide in the USA","D-0603-2026","Class II","Burkhart topical anesthetic gel, benzocaine 20 %, Strawberry Flavor, 1 oz (30 mL), Manufactured for Burkhart Dental Supply, Tacoma, Washington, 98409. NDC: 43498-310-30","150 units","Defective container:may contain bottles with incomplete seals","05/21/2026","06/18/2026","N/A","06/24/2026","BNZ-001917, Exp 04/15/2029"
"Drugs","No","","99076","Ongoing","Keystone Industries","480 S Democrat Rd","N/A","Gibbstown","NJ","	08027-1239","United States","Voluntary: Firm initiated","Letter","Nationwide in the USA","D-0604-2026","Class II","Dental City TOPICAL ANESTHETIC GEL,  BENZOCAINE 20%, Strawberry Flavor, 1 OZ (30 g), Distributed by Dental City, 3205 Yeager Dr., Green Bay, WI 54311. NDC 69483-001-30","450 units","Defective container:may contain bottles with incomplete seals","05/21/2026","06/18/2026","N/A","06/24/2026","BNZ-001921, Exp 04/15/2029"
"Drugs","No","","99076","Ongoing","Keystone Industries","480 S Democrat Rd","N/A","Gibbstown","NJ","	08027-1239","United States","Voluntary: Firm initiated","Letter","Nationwide in the USA","D-0605-2026","Class II","PureLife, TOPICAL ANESTHETIC GEL,  BENZOCAINE 20%, 1 oz (30mL), Strawberry Flavor, Manufactured for Pure Life, LLC,  Manufactured for PureLife LLC., Carson, CA 90810. NDC 68987-001-30","450 units","Defective container:may contain bottles with incomplete seals","05/21/2026","06/18/2026","N/A","06/24/2026","BNZ-001921, EXP 04/15/2029"
"Drugs","No","","99076","Ongoing","Keystone Industries","480 S Democrat Rd","N/A","Gibbstown","NJ","	08027-1239","United States","Voluntary: Firm initiated","Letter","Nationwide in the USA","D-0606-2026","Class II","safco SensiCaine-Ultra (20% Benzocaine), Topical Anesthetic Gel, Strawberry Flavor, 1 oz. (29.6mL),   Distributed by: Safco Dental Supply Co., Buffalo Grove, IL 60099, Made in USA, NDC 67239-0223-1.","150 units","Defective container:may contain bottles with incomplete seals","05/21/2026","06/18/2026","N/A","06/24/2026","BNZ-001921, Exp 04/15/2029"
"Drugs","No","06/12/2026","99127","Ongoing","Golden State Medical Supply Inc.","5187 Camino Ruiz","N/A","Camarillo","CA","	93012-8601","United States","Voluntary: Firm initiated","E-Mail","Within the U.S Market.","D-0587-2026","Class II","GSMS Incorporated, NIACIN EXTENDED-RELEASE TABLETS, USP, 1,000 MG, 90 tablets, Rx only, Manufactured by Kremers Urban Pharmaceuticals Inc., a subsidiary of Lannett, Inc., Seymour, IN 47274, Packaged by GSMS Incorporated, Camarillo, CA 93012. NDC 51407-268-90.","2,961 bottles","Failed Dissolution Specifications: During 12-month long-term stability testing, subject lot was out of specification (low) for stage 3 dissolution at the 24-hour timepoint.","05/29/2026","06/11/2026","N/A","06/17/2026","Lots: GS065128, GS065844, GS066695, GS067432, GS067993, expires: 01/31/2027."
"Drugs","No","06/17/2026","99129","Ongoing","Ascend Laboratories, LLC","135 Us Highway 202 206 Ste 15","N/A","Bedminster","NJ","	07921-2608","United States","Voluntary: Firm initiated","Letter","Nationwide in the USA","D-0597-2026","Class II","Minocycline Hydrochloride Extended-Release Tablets, USP, 115 mg, 30-count bottle, Rx Only, Manufactured by: Alkem Laboratories Ltd., INDIA. Distributed by: Ascend Laboratories, LLC, Parsippany, NJ 07054.  NDC: 67877-644-30","360 30-count bottles","Failed Dissolution Specifications: An out-of-specification (OOS) result was observed during the 9th month of dissolution test analysis","06/01/2026","06/17/2026","N/A","06/17/2026","Lot#  25141635, Exp 4/30/2028"
"Drugs","No","","99130","Ongoing","Ajanta Pharma USA Inc","400 Crossing Blvd Ste 102","N/A","Bridgewater","NJ","	08807-2863","United States","Voluntary: Firm initiated","N/A","U.S. Nationwide","D-0611-2026","Class II","Fenofibrate Capsules, USP 200 mg, Rx only, 100 Capsules, Manufactured by: Ajanta Pharma Limited, India, Marketed by: Ajanta Pharma USA Inc. Bridgewater, NJ 08807, NDC 27241-120-04.","3648 bottles","CGMP Deviations","05/28/2026","06/22/2026","N/A","07/01/2026","Lot # PA02216; Exp. 12/2029"
"Drugs","No","","99131","Ongoing","ANI Pharmaceuticals, Inc.","210 W Main St","N/A","Baudette","MN","	56623-2467","United States","Voluntary: Firm initiated","Letter","Nationwide in the USA","D-0619-2026","Class III","hydrOXYzine Hydrochloride Oral Solution, USP, 10 mg/5 mL, 473 mL (1 Pint), Rx only, Distributed by: ANI Pharmaceuticals, Inc., Baudette, MN 56623.  NDC: 70954-912-10","6564 bottles","Presence of foreign substance","06/02/2026","06/24/2026","N/A","07/01/2026","Lot S25133A"
"Drugs","No","06/22/2026","99136","Ongoing","Inventia Healthcare Limited","Additional Ambernath Midc","Ambernath East; F1-F1/1-F75/1","Kalyan","N/A","	N/A","India","Voluntary: Firm initiated","Letter","U.S. Nationwide.","D-0610-2026","Class II","Chlorthalidone Tablets, USP, 25 mg, [100 or 1000] Tablets pr bottle, Rx only, Manufactured by: Inventia Healthcare Limited, Additional Ambernath, M.I.D.C., Ambernath (East) - 421506, INDIA.  Distributed by: Risiong Pharma Holdings, Inc., East Brunswick, NJ 08816.  NDC 100-tablet bottle: 64980-599-01; NDC 1000-tablet bottle: 64980-599-10","11,460 bottles","Failed Dissolution Specifications","06/05/2026","06/22/2026","N/A","06/24/2026","[100 tablet bottle] Batch RISA24001; [1000 tablet bottle]  Batch RISB24002; Exp. 04/2027"
"Drugs","No","06/26/2026","99137","Ongoing","Dabur India Limited","225 - 4 - 1 Saily Village","Survey No","Dadra And Nagar Haveli","N/A","	N/A","India","Voluntary: Firm initiated","E-Mail","US Nationwide.","D-0629-2026","Class II","Lucky Super Soft, Antifungal Athlete's Foot Cream, Clotrimazole 1% Cream, Net Wt. 1.5 oz (42.5g) Tubes, Manufactured for Delta Brands Inc., 580 White Plains Rd., Tarrytown, NY 10591 USA, Made in India, UPC 8 08829 10461 5.","1102 tubes","CGMP Deviations; deficiencies observed during FDA inspection","06/02/2026","06/26/2026","N/A","06/24/2026","Lot# 0001, 0002, within expiry"
"Drugs","No","06/26/2026","99137","Ongoing","Dabur India Limited","225 - 4 - 1 Saily Village","Survey No","Dadra And Nagar Haveli","N/A","	N/A","India","Voluntary: Firm initiated","E-Mail","US Nationwide.","D-0630-2026","Class II","Lucky Super Soft, First Aid Triple Antibiotic Ointment, Bacitracin zinc 400 units, neomycin sulphate 3.5 mg, polymyxin B sulphate 5000 units, Net Wt. 0.5 oz (14g) tubes, Manufactured for Delta Brands Inc., 580 White Plains Rd., Tarrytown, NY 10591 USA, Made in India, UPC 8 08829 10372 4.","2503 tubes","CGMP Deviations; deficiencies observed during FDA inspection","06/02/2026","06/26/2026","N/A","06/24/2026","Lot# 0002, Lot# 0003, within expiry"
"Drugs","No","06/26/2026","99137","Ongoing","Dabur India Limited","225 - 4 - 1 Saily Village","Survey No","Dadra And Nagar Haveli","N/A","	N/A","India","Voluntary: Firm initiated","E-Mail","US Nationwide.","D-0631-2026","Class II","Circle K, triple antibiotic ointment, Bacitracin Zinc (400 units), Neomycin Sulfate (3.5 mg), Polymyxin-B Sulfate (5000 units), net wt. 0.5 oz (14.2g) tubes, Product manufactured for Lil' Drug Store Products, Inc., 9300 Earhart Lane SW, Cedar Rapids, IA 52404, Made in India, UPC 1 94283 65181 0.","2420 tubes","CGMP Deviations; deficiencies observed during FDA inspection","06/02/2026","06/26/2026","N/A","06/24/2026","Lot# 0001, and Lot# 0005, within expiry"
"Drugs","No","06/26/2026","99137","Ongoing","Dabur India Limited","225 - 4 - 1 Saily Village","Survey No","Dadra And Nagar Haveli","N/A","	N/A","India","Voluntary: Firm initiated","E-Mail","US Nationwide.","D-0632-2026","Class II","Lil Drug Store, Triple Antibiotic Ointment, Bacitracin Zinc (400 units), Neomycin Sulfate (3.5 mg), Polymyxin-B Sulfate (5000 units), net wt. 0.5 oz (14.2g), Product distributed by: Lil' Drug Store Products, Inc., 9300 Earhart Lane SW, Cedar Rapids, IA 52404, Made in India, UPC 3 66715 97310 8.","1225 tubes","CGMP Deviations; deficiencies observed during FDA inspection","06/02/2026","06/26/2026","N/A","06/24/2026","Lot# 0005, within expiry"
"Drugs","No","06/26/2026","99137","Ongoing","Dabur India Limited","225 - 4 - 1 Saily Village","Survey No","Dadra And Nagar Haveli","N/A","	N/A","India","Voluntary: Firm initiated","E-Mail","US Nationwide.","D-0633-2026","Class II","Rapidol, Triple Antibiotic First Aid Ointment, Bacitracin Zinc 400 units, Neomycin Sulfate 3.5 mg, Polymyxin-B Sulfate 5,000 units, net wt. 2oz (57g) tubes, Distributed by/por: Pharmadel LLC, New Castle, DE 19720, Made in India, UPC 8 10096 77162 9.","84 tubes","CGMP Deviations; deficiencies observed during FDA inspection","06/02/2026","06/26/2026","N/A","06/24/2026","Lot# 0004, within expiry"
"Drugs","No","06/26/2026","99137","Ongoing","Dabur India Limited","225 - 4 - 1 Saily Village","Survey No","Dadra And Nagar Haveli","N/A","	N/A","India","Voluntary: Firm initiated","E-Mail","US Nationwide.","D-0634-2026","Class II","Cura Hongos, Crema Antifungica, Clotrimazole 1%, 2oz (57g) tubes, Dist by/por: Pharmadel LLC, New Castle, DE 19720, Made in India, UPC 8 52924 00683 1.","84 tubes","CGMP Deviations; deficiencies observed during FDA inspection","06/02/2026","06/26/2026","N/A","06/24/2026","Lot# 0003, within expiry"
"Drugs","No","","99138","Ongoing","Gasco Industrial Corp.","Calle A Lote 3 Rincon Indus Park","N/A","Gurabo","PR","	00778-2037","United States","Voluntary: Firm initiated","N/A","Nationwide within the US","D-0665-2026","Class II","Gasco Isopropyl Alcohol 70%, Net Contents: 16 Oz. (474 mL). Manufactured by: Gasco Industrial Corp., PO Box 1360 Gurabo PR 00778 Made in USA UPC 7 87302 13044 3","N/A","Subpotent drug","05/29/2026","07/08/2026","N/A","07/15/2026","Lot 250306B3, within expiry"
"Drugs","No","","99138","Ongoing","Gasco Industrial Corp.","Calle A Lote 3 Rincon Indus Park","N/A","Gurabo","PR","	00778-2037","United States","Voluntary: Firm initiated","N/A","Nationwide within the US","D-0666-2026","Class II","Gasco Isopropyl Alcohol 70%, Net Contents: 1 US Gallon (3.78 L), Manufactured by: Gasco Industrial Corp., PO Box 1360, Gurabo, PR 00778, Made in USA","N/A","Subpotent drug","05/29/2026","07/08/2026","N/A","07/15/2026","Lots 250108A2, 250109A1, 250115A1, 250124A1, 250213A1, 250220Z3, 250221A3, 250221A4, 250224A1, 250303A3, 250306A1, 250307A1, within expiry"
"Drugs","No","","99138","Ongoing","Gasco Industrial Corp.","Calle A Lote 3 Rincon Indus Park","N/A","Gurabo","PR","	00778-2037","United States","Voluntary: Firm initiated","N/A","Nationwide within the US","D-0667-2026","Class II","Gasco Isopropyl Alcohol 70%, 32 oz (946 mL) Gasco Industrial Corp., PO Box 1360, Gurabo PR 00778, UPC 7 87302 12363 6.","N/A","Subpotent drug","05/29/2026","07/08/2026","N/A","07/15/2026","Lot 250218B3, within expiry"
"Drugs","No","","99138","Ongoing","Gasco Industrial Corp.","Calle A Lote 3 Rincon Indus Park","N/A","Gurabo","PR","	00778-2037","United States","Voluntary: Firm initiated","N/A","Nationwide within the US","D-0668-2026","Class II","Drogueria San Juan Puerto Rico Isopropyl Alcohol 70%, 1 gallon (3.78 liter), Distributed by: Drogueria San Juan, Calle De Diego 590, Sabana LLana Rio Piedras, PR 00924","N/A","Subpotent drug","05/29/2026","07/08/2026","N/A","07/15/2026","Lots 250221A5, 250224A2 within expiry"
"Drugs","No","","99138","Ongoing","Gasco Industrial Corp.","Calle A Lote 3 Rincon Indus Park","N/A","Gurabo","PR","	00778-2037","United States","Voluntary: Firm initiated","N/A","Nationwide within the US","D-0669-2026","Class II","Drogueria San Juan Puerto Rico Isopropyl Alcohol 70%, 16 oz, 474 mL, Distributed by: Drogueria San Juan, Calle De Diego 590, Sabana LLana Rio Piedras, PR 00924, UPC 69685696529","N/A","Subpotent drug","05/29/2026","07/08/2026","N/A","07/15/2026","Lots 250109B1, 250110B1, 250228B1, 250303B1, 250304B1, 250305B1, 250306B1, 250306B2 within expiry"
"Drugs","No","","99138","Ongoing","Gasco Industrial Corp.","Calle A Lote 3 Rincon Indus Park","N/A","Gurabo","PR","	00778-2037","United States","Voluntary: Firm initiated","N/A","Nationwide within the US","D-0670-2026","Class II","Drogueria San Juan Puerto Rico Isopropyl Alcohol 70%, 32 oz., 946 mL, Distributed by: Drogueria San Juan, Calle De Diego 590, Sabana Llana Rio Piedras, PR 00924, UPC 659685696567.","N/A","Subpotent drug","05/29/2026","07/08/2026","N/A","07/15/2026","Lots 250206B1, 250218B2, 250507B1, within expiry"
"Drugs","No","","99144","Ongoing","Lupin Pharmaceuticals Inc.","5801 Pelican Bay Blvd Ste 500","N/A","Naples","FL","	34108-2734","United States","Voluntary: Firm initiated","Letter","U.S. Nationwide","D-0655-2026","Class II","prednisoLONE Acetate Ophthalmic Suspension, USP, 1%, Rx only, Sterile, a) 5 mL (NDC 70748-332-02); b) 10 mL (NDC 70748-332-03), c) 15 mL (70748-332-04), Manufactured by: Lupin Limited, Pithampur (M.P) 454 775, INDIA","2,530,182 bottles","Presence of Foreign Substance","06/04/2026","06/30/2026","N/A","07/08/2026","Lots: a) HA00937, HA00939, HA00941, HA00971, H00973,  HA00975, Expires: 7/31/2026; HA00987, HA00989, HA00991, HA01010, HA01012, HA01014, HA01016, HA01048, Expires: 8/31/2026; HA01120, HA01137, HA01129, HA01138, HA01133, Expires: 9/30/2026; HA01148, HA01196, HA01198, HA01200, HA01206, HA01208, HA01210, HA01212, HA01214, HA01216, HA01218, HA01220, Expires: 10/31/2026; HA01236, HA01238, HA01240, HA01244, HA01246, HA01248, HA01261, HA01263, HA01265, HA01267, HA01278, HA01280, HA01282, HA01284, HA01288, HA01290, HA01292, HA01298, Expires: 11/30/2026; HB00002, HB00004, HB00006, HB00017, HB00019, HB00021, HB00023, HB00025, HB00031, HB00033, HB00035, HB00037, HB00039, HB00041, HB00043, Expires: 12/31/2026; HB00049, HB00051,  HB00076, HB00078, HB00080, HB00082, HB00084, Expires: 1/31/2027; HB00128, HB00130, HB00132, HB00134, HB00157, HB00159, HB00161, HB00196, HB00198, HB00200, Expires: 2/28/2027; HB00224, HB00226, HB00228, HB00230, HB00240, HB00242, Expires: 3/31/2027; HB00416, HB00417, HB00419, HB00439, HB00441, HB00443, HB00463, HB00465, Expires: 5/31/2027; HB00561, Expires: 6/30/2027; HB00569, HB00657, HB00659, HB00663, HB00671, HB00673, HB00675, HB00677, HB00679, Expires: 10/31/2027; HB00747, HB00749, HB00751, HB00753, Expires: 11/30/2027; HB00761, HB00763, HB00765, HB00783, HB00785, HC00002, HC00004, HC00006, HC00018, HC00020, HC00028, Expires: 12/31/2027; HC00030, HC00032, Expires: 1/31/2028; HC00056, HC00058, HC00062, HC00064, HC00073, HC00075, HC00079, HC00081, HC00083, Expires: 2/29/2028;  HC00091, Expires: 3/31/2028;  b) HA00945, HA00947, HA00949, Expires: 7/31/2026; HA01160, HA01162, HA01164, Expires: 10/31/2026; HA01234, HA01300, HA01302, Expires: 11/30/2026; HB00053, HB00055, HB00057, Expires: 1/31/2027; HB00107, HB00109, HB00111, HB00151, HB00153, HB00155, Expires: 2/28/2027; HB00386, HB00388, HB00390, HB00445, HB00447, Expires: 5/31/2027; HB00549, HB00551, HB00553, HB00555, Expires: 6/30/2027; HB00700, HB00702, Expires: 10/31/2027; HB00771, Expires: 11/30/2027; HC00008, HC00010, Expires: 12/31/2027; HC00034, HC00038, HC00054, HC00060, Expires: 1/31/2028;  c) HA00951, HA00953, HA00955, Expires: 7/31/2026; HA01188, HA01190, HA01192, Expires: 10/31/2026; HA01304, Expires: 11/30/2026; HB00113, HB00115, Expires: 1/31/2027; HB00166, HB00168, Expires: 2/28/2027; HB00392, HB00394, HB00396, Expires:5/31/2027; HB00545, HB00547, Expires: 6/30/2027; HB00704, Expires: 10/31/2027; HB00773, Expires: 11/30/2027; HC00012, HC00014, Expires: 12/31/2027; HC00066, HC00068, Expires: 2/29/2028."
"Drugs","No","","99146","Ongoing","Amneal Pharmaceuticals, LLC","400 Crossing Blvd Fl 3","N/A","Bridgewater","NJ","	08807-2863","United States","Voluntary: Firm initiated","Letter","Nationwide within the USA.","D-0585-2026","Class III","Primidone Tablets, USP, 50 mg, 100 Tablets per Bottle, Rx only, Manufactured by: Amneal Pharmaceuticals Pvt. Ltd., Oral Solid Dosage Unit, Ahmedabad 382213, INDIA.  Distributed by: Amneal Pharmaceuticals LLC, Bridgewater, NJ 08807.  NDC: 53746-544-01","27,936 100-count bottles","Cross Contamination with Other Products: due to a potential for cross-contamination with Acemetacin API due to an issue at the API manufacturer.","06/03/2026","06/10/2026","N/A","06/17/2026","Lot AM251676, EXP 11/31/2028"
"Drugs","No","06/26/2026","99137","Ongoing","Dabur India Limited","225 - 4 - 1 Saily Village","Survey No","Dadra And Nagar Haveli","N/A","	N/A","India","Voluntary: Firm initiated","E-Mail","US Nationwide.","D-0635-2026","Class II","Med Pride, Bacitracin Zinc Ointment, 500 units, 0.9g packets Net Wt 130g, 144 count box, Manufactured for: Shield Line LLC, 59 Hook Road, Bayonne, NJ 07002 USA, Made in India, UPC 3 52410 30352 4.","1087 tubes","CGMP Deviations; deficiencies observed during FDA inspection","06/02/2026","06/26/2026","N/A","06/24/2026","Lot# 007, 008, 009, 015, 016, Within Expiry."
"Drugs","No","06/26/2026","99137","Ongoing","Dabur India Limited","225 - 4 - 1 Saily Village","Survey No","Dadra And Nagar Haveli","N/A","	N/A","India","Voluntary: Firm initiated","E-Mail","US Nationwide.","D-0636-2026","Class II","Med Pride, Bacitracin Zinc Ointment, 500 units, 1oz (28.3g) tubes, Manufactured for: Shield Line LLC, 59 Hook Road, Bayonne, NJ 07002 USA, Made in India, UPC 3 52410 30354 8.","4374 tubes","CGMP Deviations; deficiencies observed during FDA inspection","06/02/2026","06/26/2026","N/A","06/24/2026","Lot# 001, 002, 003, 004, 005, 006, 010, 011, 012, 013, 014, 016, 017, 018, 019, 020, Within Expiry."
"Drugs","No","06/26/2026","99137","Ongoing","Dabur India Limited","225 - 4 - 1 Saily Village","Survey No","Dadra And Nagar Haveli","N/A","	N/A","India","Voluntary: Firm initiated","E-Mail","US Nationwide.","D-0637-2026","Class II","Med Pride, Bacitracin Zinc Ointment, 1oz (28.3g) per tube, 72 tubes per case, Manufactured for: Shield Line LLC, 59 Hook Road, Bayonne, NJ 07002 USA, Made in India, UPC X004WB4LKT.","1185 tubes","CGMP Deviations; deficiencies observed during FDA inspection","06/02/2026","06/26/2026","N/A","06/24/2026","Lot# 022, 023 ,024, Within Expiry."
"Drugs","No","06/26/2026","99137","Ongoing","Dabur India Limited","225 - 4 - 1 Saily Village","Survey No","Dadra And Nagar Haveli","N/A","	N/A","India","Voluntary: Firm initiated","E-Mail","US Nationwide.","D-0638-2026","Class II","Med Pride, 1% Clotrimazole Antifungal Cream, Net Wt. 1oz (28.3g), Manufactured for: Shield Line LLC, 59 Hook Road, Bayonne, NJ 07002 USA, Made in India, UPC 3 524103 0244 2.","5755 tubes","CGMP Deviations; deficiencies observed during FDA inspection","06/02/2026","06/26/2026","N/A","06/24/2026","Lot# 001, 002, 003, 004, 005, 006, 007, 008, 009, 010, 011, 012, 013, Within Expiry."
"Drugs","No","06/26/2026","99137","Ongoing","Dabur India Limited","225 - 4 - 1 Saily Village","Survey No","Dadra And Nagar Haveli","N/A","	N/A","India","Voluntary: Firm initiated","E-Mail","US Nationwide.","D-0639-2026","Class II","Med Pride, HYDROCORTISONE CREAM 1%, Net Wt. 16oz (454g) tubes, Manufactured for: Shield Line LLC, 59 Hook Road, Bayonne, NJ 07002 USA, Made in India, UPC 3 52410 305061.","4,738 tubes","CGMP Deviations; deficiencies observed during FDA inspection","06/02/2026","06/26/2026","N/A","06/24/2026","Lot# 003, 004, 005, 006, 007, 008, 009, 010, 011, 012, 014, 015, 017, 018, 019, 020, 021, 022, 023, 024, 025, 026, 027, 028, 029, 030, 034, 035, 036, 037, 038, 039, 041, 042, 043, 044, 048, 049, 050, 051, 052, 053, 054, 055, 056, 057, 058, 059, 060, 061, 062, 063, 064, Within Expiry."
"Drugs","No","06/26/2026","99137","Ongoing","Dabur India Limited","225 - 4 - 1 Saily Village","Survey No","Dadra And Nagar Haveli","N/A","	N/A","India","Voluntary: Firm initiated","E-Mail","US Nationwide.","D-0640-2026","Class II","Med Pride, HYDROCORTISONE CREAM 1%, Net Wt. 1 oz (28.3g) tubes, Manufactured for: Shield Line LLC, 59 Hook Road, Bayonne, NJ 07002 USA, Made in India, UPC 3 52410 30503 0.","4,944 tubes","CGMP Deviations; deficiencies observed during FDA inspection","06/02/2026","06/26/2026","N/A","06/24/2026","Lot# 001, 002, 013, 016, 031, 032, 033, 045, 046, 047, Within Expiry."
"Drugs","No","06/26/2026","99137","Ongoing","Dabur India Limited","225 - 4 - 1 Saily Village","Survey No","Dadra And Nagar Haveli","N/A","	N/A","India","Voluntary: Firm initiated","E-Mail","US Nationwide.","D-0641-2026","Class II","Med Pride, Triple Antibiotic Ointment, Bacitracin Zinc (equivalent to 400 units), Neomycin Sulfate 5 mg, Polymixin B 5000 units, 0.9g packets, 144 packets per box, 130g, Manufactured for: Shield Line LLC, 59 Hook Road, Bayonne, NJ 07002 USA, Made in India, UPC 1 03 52410 30253 1.","3006 tubes","CGMP Deviations; deficiencies observed during FDA inspection","06/02/2026","06/26/2026","N/A","06/24/2026","Lot# 011, 014, 015, 016, 017, 018, 019, 020, 021, 022, 026, Within Expiry."
"Drugs","No","06/26/2026","99137","Ongoing","Dabur India Limited","225 - 4 - 1 Saily Village","Survey No","Dadra And Nagar Haveli","N/A","	N/A","India","Voluntary: Firm initiated","E-Mail","US Nationwide.","D-0642-2026","Class II","Med Pride, Triple Antibiotic Ointment, Bacitracin Zinc 400 units, Neomycin Sulfate 5 mg, Polymyxin B 5000 units, 1oz (28.3g) tubes, Manufactured for: Shield Line LLC, 59 Hook Road, Bayonne, NJ 07002 USA, Made in India, UPC 3 52410 30255 8.","8996 tubes","CGMP Deviations; deficiencies observed during FDA inspection","06/02/2026","06/26/2026","N/A","06/24/2026","Lot# 001, 002, 003, 004, 005, 006, 007, 008, 009, 010, 012, 013, 023, 024, 025, 027, 028, 029, 031, 032, 033, 034, 035, Within Expiry."
"Drugs","No","","99108","Ongoing","Breckenridge Pharmaceutical, Inc.","200 Connell Dr Ste 4200","N/A","Berkeley Heights","NJ","	07922-2805","United States","Voluntary: Firm initiated","Letter","Nationwide within the United States","D-0583-2026","Class II","Duloxetine Delayed-Release Capsules, USP, 60mg, packaged in a) 90 Capsules (NDC 51991-748-90); b) 1000 Capsules (51991-748-10), Rx Only, Mfr. by: Towa Pharmaceutical Europe, S.L. Martorelles, (Barcelona), Spain, Dist. by: Breckenridge Pharmaceuticals, Inc., Berkeley Heights, NJ 07922.","359,676 bottles","CGMP Deviations: Presence of N-nitroso-duloxetine impurity above FDA recommended interim limit","06/04/2026","06/08/2026","N/A","06/17/2026","Lot: a) 241074C, Exp. Date May 2027; 240317, 240318, 240315C, 240373C, 240370C, 240375C, 240413C, Exp. Date February 2027; 240316,Exp. Date January 2027; 232311, Exp. Date November 2026; b) 240978C, 241052C, Exp. Date April 2027."
"Drugs","No","","99191","Ongoing","Elevate Oral Care","346 Pike Rd Ste 5","Suite 1, 5, 13, & 23","West Palm Beach","FL","	33411-3819","United States","Voluntary: Firm initiated","Letter","Nationwide","D-0627-2026","Class II","Povi-One, 10% Povidone-Iodine Oral Antiseptic, Packaged by Elevate Oral Care, LLC, 346 Pike Road, Suite 6, West Palm Beach, FL 33411, NDC 57511-0611-1.","8132 6-packs & 2262 2-packs","sub potency","06/04/2026","06/25/2026","N/A","07/01/2026","Lots PO062402, Exp Date 6/30/2026, PO072401, Exp Date 7/30/2026, PO092401,    Exp Date 9/30/2026, PO102401,    Exp Date 10/31/2026 & PO102402, Exp Date 10/31/2026."
"Drugs","No","","99194","Ongoing","ACCORD HEALTHCARE, INC.","8041 Arco Corporate Dr Ste 200","N/A","Raleigh","NC","	27617-2010","United States","Voluntary: Firm initiated","Letter","US Nationwide.","D-0656-2026","Class II","Levothyroxine Sodium Tablets, USP, 300 mcg (0.3mg), 90 Tablets bottles, Rx only, Manufactured for: Accord Healthcare, Inc., Raleigh, NC 27617, Manufactured by: lntas Pharmaceuticals Limited, Camp Road, Selaqui, Dehradun-248 197, INDIA, NDC 16729-458-15.","6432 bottles","Subpotent Drug","06/08/2026","06/30/2026","N/A","07/08/2026","Lot # D2401522, Exp Date: 06/2026."
"Drugs","No","06/25/2026","99200","Ongoing","Annora Pharma Private Limited","Sy. No.261, Plot No. 13 And 14, Annaram Village, Gummadidal Mandal","Jinnaram Mandal, Sangareddy District, Medak","Hyderabad","N/A","	N/A","India","Voluntary: Firm initiated","E-Mail","Nationwide in the USA","D-0626-2026","Class II","Lacosamide Tablets, USP, C V, 100mg, Rx only, 60-count bottle, By: Annora Pharma Pvt., Ltd, Sangareddy -502313, Telangana, India, Manufactured for: Camber Pharmaceuticals, Inc., Piscataway, NJ 08854, NDC 31722-813-60.","31,392 60-count bottles","Presence of a Foreign Tablets: Complaint received, possible mix-up of Selexipag 1000 mcg tablet in a bottle of Lacosamide Tablets USP, 100mg.","06/04/2026","06/25/2026","N/A","07/01/2026","Lot: A253999, A254000, Expires: 09/30/2027."
"Drugs","No","","99204","Ongoing","Asclemed USA Inc.","379 Van Ness Ave Ste 1403","N/A","Torrance","CA","	90501-7211","United States","Voluntary: Firm initiated","Two or more of the following: Email, Fax, Letter, Press Release, Telephone, Visit","USA Nationwide","D-0658-2026","Class II","Accucaine, Kit contains: Lidocaine HCl Injection USP, 1% (10 mg/mL), 5 mL single dose ampule, Rx Only, Distributed by Enovachem Pharmaceuticals, Torrance, CA 90501, NDC: 76420-715-01.","N/A","Lack of Assurance of Sterility","06/08/2026","07/02/2026","N/A","07/08/2026","Lot #: AE3102, 121924X2, 022525X4, 033125X1, 030426X2, 033125X2, 041725X3, 061225X1, 072225X3, 080525X6, 080525X7, 080525X8, 091225X1, 100225X2, 100625X1, 122225X4, 010626X3, 041326X4, Exp 11/30/2026; AE5052, 041426X2, 041726X1, 051826X2, Exp 04/30/2028."
"Drugs","No","","99204","Ongoing","Asclemed USA Inc.","379 Van Ness Ave Ste 1403","N/A","Torrance","CA","	90501-7211","United States","Voluntary: Firm initiated","Two or more of the following: Email, Fax, Letter, Press Release, Telephone, Visit","USA Nationwide","D-0659-2026","Class II","Lidocaine HCl Injection USP, 1% (10 mg/mL), 5 mL single dose ampule, Rx Only, Distributed by Enovachem Pharmaceuticals, Torrance, CA 90501, NDC: 85766-187-01.","N/A","Lack of Assurance of Sterility","06/08/2026","07/02/2026","N/A","07/08/2026","Lot #: AE3102, 031926L01, 032026A01, Exp 11/30/2026; AE5052, 052026G01, Exp 04/30/2028."
"Drugs","No","","99216","Ongoing","ACCORD BIOPHARMA INC","8041 Arco Corporate Dr Ste 200","N/A","Raleigh","NC","	27617-2091","United States","Voluntary: Firm initiated","Letter","US Nationwide.","D-0653-2026","Class II","IMULDOSA, (ustekinumab-srlf) Injection, 130 mg/26 mL (5mg/mL), Rx only, Single dose vial, Manufactured by Accord BioPharma Inc., 8041 Arco corporate Drive, Suite 200, Raleigh, NC 27617, USA, Manufactured at: Catalent Indiana, LLC, 1300 S. Patterson Drive, Bloomington, IN 47403, USA, NDC 69448-019-26.","326 vials","Lack of assurance of Sterility:","06/10/2026","06/29/2026","N/A","07/08/2026","Lot # 004L24A, Exp Date: 02/19/2027."
"Drugs","No","","99217","Ongoing","CareFusion 213, LLC","1550 Northwestern Dr","N/A","El Paso","TX","	79912-8000","United States","Voluntary: Firm initiated","Letter","Distributed Nationwide in the USA","D-0643-2026","Class II","BD ChloraPrep Hi-Lite Orange, (2% w/v chlorhexidine gluconate (CHG) and 70% v/v isopropyl alcohol (IPA)), packaged as a) 100 x 10.5 mL applicators/case, NDC 54365-400-35, Catalog Number: 930715NS; b) 100 x 10.5 mL applicators/case, Catalog Number bulk 930715NSB, NDC 54365-400-35; STERILE SOLUTION, CAREFUSION 213, LLC, EL PASO, TX 79912, subsidiary of Beckton, Dickson and Co.   ","1,800 units","Lack of assurance of sterility: Unsterilized ChloraPrep & PurPrep Applicators, intended for further processing and sterilization were instead distributed to customers outside of the intended distribution channel","06/11/2026","06/29/2026","N/A","07/08/2026","Lot: a) 3362296, expires: 12/31/2026, 4066870, expires: 02/28/2027, 4104107, expires: 03/31/2027, 4276125, expires: 09/30/2027; b) 4080695, expires: 03/31/2027, 4233300 expires: 08/31/2027."
"Drugs","No","","99220","Ongoing","ONESOURCE SPECIALTY PHARMA LIMITED","Plot No.: 2-D1, Obadenahalli Industrial Area, Doddaballapura","3rd Phase; Kasa, Doddaballapura Taluk","Bengaluru","N/A","	N/A","India","Voluntary: Firm initiated","Letter","Nationwide within the United States","D-0662-2026","Class II","Methohexital Sodium for Injection, USP 500 mg Multiple Dose Vial, Rx Only, Manufactured by: OneSource Specialty, Pharma Limited, Bengaluru - 561 203, India, Manufactured for: Avet Pharmaceuticals Inc., East Brunswick, NJ 08816, NDC 23155-893-31","4284 vials","Failed Impurities/Degradation Specifications","06/07/2026","07/07/2026","N/A","07/15/2026","Lot #: 7000612A, Exp. Date 1/2028"
"Drugs","No","","99217","Ongoing","CareFusion 213, LLC","1550 Northwestern Dr","N/A","El Paso","TX","	79912-8000","United States","Voluntary: Firm initiated","Letter","Distributed Nationwide in the USA","D-0644-2026","Class II","BD PurPrep,  (Povidone-iodine 8.3% w/w (0.83% available iodine) with isopropyl alcohol 72.5% w/w), 50 x 26 mL Applicator/case, STERILE SOLUTION, CAREFUSION 213, LLC, EL PASO, TX 79912, subsidiary of Beckton, Dickson and Co, Catalog Number 960120NSB; NDC 54365-014-42.    ","N/A","Lack of assurance of sterility: Unsterilized ChloraPrep & PurPrep Applicators, intended for further processing and sterilization were instead distributed to customers outside of the intended distribution channel","06/11/2026","06/29/2026","N/A","07/08/2026","Lot: 4298581, expires: 09/30/2026."
"Drugs","No","","99217","Ongoing","CareFusion 213, LLC","1550 Northwestern Dr","N/A","El Paso","TX","	79912-8000","United States","Voluntary: Firm initiated","Letter","Distributed Nationwide in the USA","D-0645-2026","Class II","BD ChloraPrep Clear, (2% w/v chlorhexidine gluconate (CHG), and 70% v/v isopropyl alcohol (IPA), Packaged as a) 100 x 3ml applicators/case, NDC 54365-400-32, catalog 930400NS; b) 250 x 3ml applicators/case, NDC 54365-400-32, bulk Catalog 930500NSB, Sterile Solution, CareFusion 123, LLC, El Paso, TX, subsidiary of Beckton, Dickson and Co.     ","146,600 units","Lack of assurance of sterility: Unsterilized ChloraPrep & PurPrep Applicators, intended for further processing and sterilization were instead distributed to customers outside of the intended distribution channel","06/11/2026","06/29/2026","N/A","07/08/2026","Lot: (a) 3214024, 3199359, 3200136, Exp 6/30/2026, 3212372, Exp. 7/31/2026, 3237018,   3243267, 3264290, Exp. 8/31/2026, 3313291, Exp. 10/31/2026, 3334121, Exp.  11/30/2026, 4030693, 4033380, Exp 1/31/2027, 4058103, 4065931, Exp. 2/28/2027, 4093245, 4094302, Exp. 3/31/2027, 4145548, 4146564, Exp. 5/31/2027, 4191049, Exp 6/30/2027, 4214794, 4218807, Exp. 7/31/2027, 4249036, Exp. 8/31/2027, 4254217, 4330005, 4277387, 4275877, 4276225, 4276231, Exp. 9/30/2027, 4304554, 4304577, 4305852, Exp. 10/31/2027, 4332555, Exp. 11/30/2027, 4348701, 4366429, Exp. 12/31/2027, 5016607, 5016609, 5017377, 5018775, Exp. 1/31/2028, 5050801, 5050107, Exp. 2/29/2028, 5076869, 5077722, 5079413, Exp. 3/31/2028, 5112405, 5106576, 5111556, 5118607, 5119243, 5119244, 5127658, Exp. 4/30/2028, 5139589, 5154809, 5157377, Exp. 5/31/2028, 5160633, 5160695, 5177477, Exp.6/30/2028, 5195773, 5195785, 5210771, 5210773, 5210784, 5219294, Exp. 7/31/2028, 5233581, 5247554, 5247987, Exp. 8/31/2028, 5310578, Exp.10/31/2028, 5338383, Exp.11/30/2028, 5343740, 6008264, Exp. 12/31/2028, 6009889, 6031246, 6033968, Exp. 1/31/2029, 6041203, 6059301, 6061876, Exp. 2/28/2029,   (b)  3293904, Exp. 10/31/2026, 3333265, Exp. 11/30/2026, 4031672, 1/31/2027, 4061583, 4068589, Exp. 2/28/2027, 4081770, Exp. 3/31/2027, 4154588, 4166005, Exp. 5/31/2027, 4213945, 4215736, Exp. 7/31/2027, 4241055, Exp. 8/31/2027, 4262802, 4270628, Exp. 9/30/2027, 4309640, Exp. 10/31/2027, 5114931, Exp. 4/30/2028, 5135055, 5136752, 5143453, Exp. 5/31/2028, 5165652, Exp. 6/30/2028."
"Drugs","No","","99217","Ongoing","CareFusion 213, LLC","1550 Northwestern Dr","N/A","El Paso","TX","	79912-8000","United States","Voluntary: Firm initiated","Letter","Distributed Nationwide in the USA","D-0646-2026","Class II","ChloraPrep FREPP, Clear, (2% w/v chlorhexidine gluconate (CHG) and 70% v/v isopropyl alcohol) 500 x 1.5 mL applicators/case, STERILE SOLUTION, CareFusion 123, LLC, El Paso, TX, subsidiary of Beckton, Dickson and Co. NDC 54365-400-30, Catalog number 930599NSB  ","10,500 units","Lack of assurance of sterility: Unsterilized ChloraPrep & PurPrep Applicators, intended for further processing and sterilization were instead distributed to customers outside of the intended distribution channel","06/11/2026","06/29/2026","N/A","07/08/2026","Lot: 3279063, Exp. 9/30/2026, 3319524, 3324094, 3343541, Exp. 11/30/2026, 3357638, 4010202,Exp. 12/31/2026, 4206771, Exp. 7/31/2027, 4267824, 4270191, 4282285, Exp.9/30/2027, 4338352, Exp. 11/30/2027, 5053657, Exp. 2/29/2028, 5121340, Exp. 4/30/2028."
"Drugs","No","","99217","Ongoing","CareFusion 213, LLC","1550 Northwestern Dr","N/A","El Paso","TX","	79912-8000","United States","Voluntary: Firm initiated","Letter","Distributed Nationwide in the USA","D-0647-2026","Class II","BD ChloraPrep Hi-Lite Orange, (2% w/v chlorhexidine gluconate (CHG) and 70% v/v isopropyl alcohol) packaged as a) 100 x 3 mL applicators/case, NDC 54365-400-33, calatog 930415NS: b) 250 x 3mL applicators/case, bulk catalog number 930415NSB; STERILE SOLUTION, CareFusion 123, LLC, El Paso, TX, subsidiary of Beckton, Dickson and Co.    ","7,650 units","Lack of assurance of sterility: Unsterilized ChloraPrep & PurPrep Applicators, intended for further processing and sterilization were instead distributed to customers outside of the intended distribution channel","06/11/2026","06/29/2026","N/A","07/08/2026","Lot: a) 3194046, Exp. 06/30/2026, 3217036, Exp 07/31/2026, 3279434, Exp 09/30/2026,  3286268, 3304460, Exp 10/31/2026, 3346277, Exp 11/30/2026, 4031686, 4039656, Exp 01/31/2027, 4048949, 4060437, 4067207, Exp 02/28/2027, 4092773, 4094978, 4106623, Exp 03/31/2027, 4120371, 4129596, Exp 04/30/2027, 4144918, Exp 05/31/2027, 4193623   4200771, Exp 06/30/2027, 4227747, 4250845, Exp 08/31/2027, 50872610, 5093809, Exp 03/31/2028, 5121323, Exp 04/30/2028.  b) 3331331, Exp 11/30/2026, 4284935, Exp 10/31/2027, 4344682, Exp 11/30/2027, 5015852, Exp 01/31/2028, 5086227, Exp 03/31/2028."
"Drugs","No","","99217","Ongoing","CareFusion 213, LLC","1550 Northwestern Dr","N/A","El Paso","TX","	79912-8000","United States","Voluntary: Firm initiated","Letter","Distributed Nationwide in the USA","D-0648-2026","Class II","BD ChloraPrep Hi-Lite Orange, (2% w/v chlorhexidine gluconate (CHG) and 70% v/v isopropyl alcohol) packaged as: a) 25 x 26 mL applicators/case, NDC 54365-400-38, calatog number 930815NS: b) 50 x 26 mL appliactors/case, bulk catalog number 930815NSB; STERILE SOLUTION, CareFusion 123, LLC, El Paso, TX, subsidiary of Beckton, Dickson and Co.     ","400 units","Lack of assurance of sterility: Unsterilized ChloraPrep & PurPrep Applicators, intended for further processing and sterilization were instead distributed to customers outside of the intended distribution channel","06/11/2026","06/29/2026","N/A","07/08/2026","Lot: a) 3291614, Exp 10/31/2026, 4034080, 4036599, Exp 01/31/2027, 4081350, Exp 03/31/2027, 5008234, Exp 12/31/2027.  b) 2320053, Exp 11/30/2025, 4151258, Exp 05/31/2027. 5084224, Exp 03/31/2028."
"Drugs","No","","99217","Ongoing","CareFusion 213, LLC","1550 Northwestern Dr","N/A","El Paso","TX","	79912-8000","United States","Voluntary: Firm initiated","Letter","Distributed Nationwide in the USA","D-0649-2026","Class II","BD ChloraPrep Scrub Teal, (2% w/v chlorhexidine gluconate (CHG) and 70% v/v isopropyl alcohol) packaged as a) 100 x 10.5 mL Applicators/case, NDC 54365-400-36, catalog number 930725NS; b) 100 x 10.5 mL Applicators/case, bulk catalog number 930725NSB; STERILE SOLUTION, CareFusion 123, LLC, El Paso, TX, subsidiary of Beckton, Dickson and Co. ","1,200 units","Lack of assurance of sterility: Unsterilized ChloraPrep & PurPrep Applicators, intended for further processing and sterilization were instead distributed to customers outside of the intended distribution channel","06/11/2026","06/29/2026","N/A","07/08/2026","Lot: a) 4157798, Exp 05/31/2027, 5016842, Exp 12/31/2027, 5112542, Exp 04/30/2028   b) 3330777, Exp 10/31/2026, 3345111, Exp 12/31/2026, 4037991, Exp 01/31/2027, 4114505, Exp 04/30/2027, 4156664, Exp 05/31/2027, 4270441, Exp 09/30/2027, 5078395, Exp 03/31/2028"
"Drugs","No","","99217","Ongoing","CareFusion 213, LLC","1550 Northwestern Dr","N/A","El Paso","TX","	79912-8000","United States","Voluntary: Firm initiated","Letter","Distributed Nationwide in the USA","D-0650-2026","Class II","BD ChloraPrep Scrub Teal, (2% w/v chlorhexidine gluconate (CHG) and 70% v/v isopropyl alcohol) packaged as a) 25 x 26 mL applicators/case, NDC 54365-400-39, catalog number 930825NS, b)  50 x 26 mL applicators/case, NDC 54365-400-39, bulk catalog number 930825NSB; STERILE SOLUTION, CareFusion 123, LLC, El Paso, TX, subsidiary of Beckton, Dickson and Co.  ","125 units","Lack of assurance of sterility: Unsterilized ChloraPrep & PurPrep Applicators, intended for further processing and sterilization were instead distributed to customers outside of the intended distribution channel","06/11/2026","06/29/2026","N/A","07/08/2026","Lot: a) 3352149, Exp 12/31/2026 b) 5028798, Exp 01/31/2028, 5069651, Exp 03/31/2028."
"Drugs","No","","99217","Ongoing","CareFusion 213, LLC","1550 Northwestern Dr","N/A","El Paso","TX","	79912-8000","United States","Voluntary: Firm initiated","Letter","Distributed Nationwide in the USA","D-0651-2026","Class II","BD ChloraPrep CLear, (2% w/v chlorhexidine gluconate (CHG) and 70% v/v isopropyl alcohol),500 x 1 mL applicators/case,  STERILE SOLUTION, CareFusion 123, LLC, El Paso, TX, subsidiary of Beckton, Dickson and Co. NDC 54365-400-31, bulk catalog number 930480NSB    ","18,000 units","Lack of assurance of sterility: Unsterilized ChloraPrep & PurPrep Applicators, intended for further processing and sterilization were instead distributed to customers outside of the intended distribution channel","06/11/2026","06/29/2026","N/A","07/08/2026","Lot: 4088933, Exp 03/31/2027, 4177711, 4195438, Exp 06/30/2027, 5051114, Exp 02/29/2028, 5070540, Exp 03/31/2028, 5106254, Exp 04/30/2028, 5141607, Exp 05/31/2028, 5196494, Exp 07/31/2028."
"Drugs","No","","99217","Ongoing","CareFusion 213, LLC","1550 Northwestern Dr","N/A","El Paso","TX","	79912-8000","United States","Voluntary: Firm initiated","Letter","Distributed Nationwide in the USA","D-0652-2026","Class II","BD ChloraPrep CLear, (2% w/v chlorhexidine gluconate (CHG) and 70% v/v isopropyl alcohol) 100 x 10.5 mL Applicators/case, STERILE SOLUTION, CareFusion 123, LLC, El Paso, TX, subsidiary of Beckton, Dickson and Co. NDC 54365-400-34, catalog number 930700NS.    ","100 units","Lack of assurance of sterility: Unsterilized ChloraPrep & PurPrep Applicators, intended for further processing and sterilization were instead distributed to customers outside of the intended distribution channel","06/11/2026","06/29/2026","N/A","07/08/2026","Lot: 4190081, Exp 06/30/2027"
"Drugs","No","","99232","Ongoing","Shimoga Chemicals","W57 A Shimoga Chemicals, Kupwad Midc","N/A","Sangli","N/A","	N/A","India","Voluntary: Firm initiated","Letter","CA & FL only","D-0691-2026","Class II","Clomiphene Citrate USP Active Pharmaceutical Ingredient (CAS : 50-41-9), Net Weight a)1 KG (NDC 84849-000-01), b) 500 g (NDC 84849-000-02), (c) 100 g (NDC 84849-000-03), Rx Only, Shimoga Chemicals Address -W-57A, MIDC Kupwad Samgli, Maharashtra, 416436, India.     ","N/A","cGMP deviations","05/19/2026","07/15/2026","N/A","07/15/2026","Lot #: a) CC/004/24-25, Exp Date September 2029; CC0032526, Exp. Date August 2030 b) CC0442526, Exp. Date Aug 2030; CC/005/24-25, Exp. Date November 2029 c) CC0032526, Exp. Date August 2030; CC/009/24-25, Exp. Date January 2030;CC/005/24-25, Exp. Date November 2029."
"Drugs","No","","99233","Ongoing","Boehringer Ingelheim Pharmaceuticals, Inc.","900 Ridgebury Rd","N/A","Ridgefield","CT","	06877-1058","United States","Voluntary: Firm initiated","Letter","OH","D-0657-2026","Class II","Synjardy XR Tablets (empagliflozin and metformin hydrochloride extended-release tablets), 12.5/1000 mg, 60 Tablets per Bottle, Rx only, Distributed by: Boehringer Ingelheim Pharmaceuticals, Inc., Ridgefield, CT 06877 USA.  NDC: 00597-0300-45","560 bottles","CGMP Deviations: An incorrect detergent was used and the required swab sampling was not performed on a production hopper that had previously been used for a different product.","06/12/2026","06/30/2026","N/A","07/08/2026","Lot 3244413; Exp. 12/31/2028"
"Drugs","No","07/08/2026","99234","Ongoing","BioMed Laboratories, LLC.","8181 Eastpoint Dr Ste 100-500","N/A","Dallas","TX","	75227-2074","United States","Voluntary: Firm initiated","Letter","Nationwide in the US","D-0663-2026","Class II","Medline Remedy Specialized Silicone Cream (Hydraguard-D ),Manufactured for Medline Industries, LP, Three Lakes Drive, Northfield, IL 80090  2 FL OZ (59 mL) NDC  53329-159-13   4 FL OZ (118 mL)  NDC 53329-159-04","509,652 tubes","Failed Impurities/Degradation Specifications; Formaldehyde levels exceeded specification.","06/11/2026","07/07/2026","N/A","07/15/2026","Lots 0001882643,    0001887165,     0001888441,    0001900835,    0001931329 &      0001951664 May 2026  Lots 0001882644,  0001899186,  0001903516,  0001905970,  0001911902,  0001917707 & 0001920638 June 2026  Lot 0001927080 Oct 2026  Lots 0001937896,   0001952194 & 0001962232, Jan-2027  Lots 0001981964,   0001981965, 0001994680 & 002012768, May 2027  Lot 0001998027, Jun 2027  Lot 002012787, Aug 2027"
"Drugs","No","","99237","Ongoing","Par Health USA, LLC","870 Parkdale Rd","N/A","Rochester","MI","	48307-1740","United States","Voluntary: Firm initiated","Letter","Nationwide in the USA.","D-0596-2026","Class II","Buprenorphine HCl, CIII, Injection, 0.3 mg/mL, 5 x 1 mL Single Dose Vials per Carton, Rx Only, For Intramuscular or Intravenous use, Manufactured for: Endo USA, Malvern, PA 19355,  NDC 42023-179-05","46,334 units","Crystallization; identified as Buprenorphine free base","06/12/2026","06/17/2026","N/A","06/24/2026","Lot #:  82886, exp 09/30/2026; 89646, exp 05/31/2027"
"Drugs","Yes","07/16/2026","98731","Ongoing","Blaine Labs Inc","11037 Lockport Pl","N/A","Santa Fe Springs","CA","	90670-4634","United States","Voluntary: Firm initiated","Press Release","Nationwide in the USA","D-0697-2026","Class II","TERPENICOL Antifungal Solution, (Undecylenic (10-Undecenoic) acid 25%), 1.0 Fl Oz (29.6 mL), Manufactured By: Blaine Labs, Inc., 11037 Lockport Place, Santa Fe Springs, CA 90670. NDC 63347-600-01","5,801 bottles","CGMP Deviations; the firm discontinued required stability testing for products on the market still within expiry","04/08/2026","07/16/2026","N/A","07/08/2026","Lots BL3411R, Exp Date 06/08/2027, BL3468, Exp Date 03/07/2027, & BL3535, Exp Date 09/25/2027."
"Drugs","No","","99240","Ongoing","The Harvard Drug Group LLC","7000 Cardinal Pl","N/A","Dublin","OH","	43017-1091","United States","Voluntary: Firm initiated","Letter","U.S. Nationwide.","D-0609-2026","Class II","Carton Label: MAJOR, Methylergonovine Maleate Tablets, USP, 0.2 mg, 20 TABLETS (2 x 10), Rx only, Packaged and Distributed by: MAJOR PHARMACEUTICALS, Indianapolis, in 46268, NDC 0904-7282-10.  Blister Label: Methylergonovine Maleate Tablets, 0.2 mg, USP, One Tablet, Major Pharm/Indianapolis, IN 46268, NDC 0904-7282-10. ","790 Cartons.","Subpotent Drug","06/16/2026","06/22/2026","N/A","07/01/2026","Lots: N02327, expires: 09/2026; N02740, expires: 12/2026; N03069, expires: 08/2027."
"Drugs","No","","99077","Ongoing","Amgen, Inc.","1 Amgen Center Dr","N/A","Thousand Oaks","CA","	91320-1730","United States","Voluntary: Firm initiated","Letter","Nationwide within the United States","D-0614-2026","Class II","Sensipar (cinacalcet) Tablets, 60mg, 30-count bottles, Rx Only, Distributed by: Amge, One Amgen Center Drive, Thousand Oaks ,CA 91320-1799, Made in Japan. NDC 55513-074-30   ","N/A","CGMP Deviations","06/04/2026","06/23/2026","N/A","07/01/2026","Lot #: 1157055, Exp. Date 1/31/2028"
"Drugs","No","","99077","Ongoing","Amgen, Inc.","1 Amgen Center Dr","N/A","Thousand Oaks","CA","	91320-1730","United States","Voluntary: Firm initiated","Letter","Nationwide within the United States","D-0615-2026","Class II","Corlanor (ivabradine) tablets, 7.5mg, 60-count bottles, Rx Only, Amgen Inc., Thousand Oaks, CA 92130 Made In Italy. NDC 55513-810-60","N/A","Presence of Foreign Substance.","06/04/2026","06/23/2026","N/A","07/01/2026","Lot #: 1138203, 1142065, Exp. Date 07/31/2026; 1145151, 1145152, 1145153, Exp. Date 2/28/2027; 1148908, 1148909, Exp. Date 05/31/2027; 1162845, 1162846, Exp. Date 11/30/2027; 1166471, 1166472, 1166473, Exp. Date 05/31/2028; 1170615, Exp. Date 08/31/2028"
"Drugs","No","","99077","Ongoing","Amgen, Inc.","1 Amgen Center Dr","N/A","Thousand Oaks","CA","	91320-1730","United States","Voluntary: Firm initiated","Letter","Nationwide within the United States","D-0616-2026","Class II","Sensipar (cinacalcet) Tablets, 90mg, 30-count bottles, Rx Only, Distributed by: Amge, One Amgen Center Drive, Thousand Oaks, CA 91320-1799, Made in Japan. NDC 55513-075-30 ","N/A","CGMP Deviations","06/04/2026","06/23/2026","N/A","07/01/2026","Lot #: 1157056, Exp. Date 02/29/2028"
"Drugs","Yes","07/16/2026","98731","Ongoing","Blaine Labs Inc","11037 Lockport Pl","N/A","Santa Fe Springs","CA","	90670-4634","United States","Voluntary: Firm initiated","Press Release","Nationwide in the USA","D-0698-2026","Class II","Fungal Fusion ERADICATION Solution, Antifungal & Antimicrobial Kit. Contains, 1x2 oz bottle Fungal Fusion Antifungal (Miconazole Nitrate) Cream, 1x2oz  bottle Fungal Fusion Antifungal Solution (25% Undecylenic Acid) and 1x1oz bottle of Fungal Fusion Eradication Antimicrobial Show Spray (isopropyl Alcohol, D-Limonene, Undecylenic Acid).  Manufactured By: Blaine Labs, Inc., 11037 Lockport Place, Santa Fe Springs, CA 90670, Manufactured for Doctor's Inc  ","1,500 bottles","CGMP Deviations; the firm discontinued required stability testing for products on the market still within expiry","04/08/2026","07/16/2026","N/A","07/08/2026","Lot BL3572, Exp 04/16/2028"
"Drugs","No","06/26/2026","99256","Ongoing","SUN PHARMACEUTICAL INDUSTRIES INC","2 Independence Way","N/A","Princeton","NJ","	08540-6620","United States","Voluntary: Firm initiated","Letter","Nationwide in the USA","D-0628-2026","Class II","Perampanel CIII Tablets, 6mg, Rx only, 30 Tablets, Mfd.by: Taro Pharmaceutical Industries Ltd., Haifa Bay, Israel 2624761, Dist. by: Sun Pharmaceutical Industries, Inc., Cranbury, NJ 08512, NDC 51672-4206-6","3,456 30-count bottles","Labeling: Label Mix-up: 10mg Perampanel CIII tablet was found in a Perampanel CIII bottle labeled Perampanel 6 mg tablets.","06/17/2026","06/26/2026","N/A","07/01/2026","Lot AE01763, Expires 9/30/2027."
"Drugs","No","","99265","Ongoing","Central Admixture Pharmacy Services, Inc.","55 6th Rd","N/A","Woburn","MA","	01801-1767","United States","Voluntary: Firm initiated","N/A","MA","D-0618-2026","Class II","Total Parental Nutrition - Pediatric PN Patient-Specific TPN Bag, (patient specific), Rx# 24-1269856-0-1Compound Volume 1295 mL per bag, Rx only, Single Dose Injection, Refrigerated Injection, Central Admixture Pharmacy Services, Boston, 55 6th Rd Woburn, Massachusetts 01801-1767.","One (1) patient-specific TPN prescription.","Incorrect product formulation: bag did not contain copper and famotidine per label.","06/02/2026","06/24/2026","N/A","07/01/2026","24-1269856-0-1"
"Drugs","No","","99269","Ongoing","Direct Rx","94 Worldwide Dr","N/A","Dawsonville","GA","	30534-6828","United States","Voluntary: Firm initiated","Letter","U.S. Nationwide","D-0617-2026","Class II","DULOXETINE D/R, a) 30 mg (NDC 61919-482-30), 30 Caps; b) 30 mg (NDC 61919-482-60), 60 Caps; CYMBALTA, Packaged and Distributed by Direct Rx.","263 Bottles","CGMP Deviations: Presence of N-nitroso-duloxetine impurity above FDA recommended interim limit","06/22/2026","06/23/2026","N/A","07/01/2026","Lot: a) 09JA2530, 31JA2507, expires: 04/30/2027; b) Lot: 09DE2412, 09JA2528, 29JA2511, expires: 04/30/2027."
"Drugs","Yes","07/16/2026","98731","Ongoing","Blaine Labs Inc","11037 Lockport Pl","N/A","Santa Fe Springs","CA","	90670-4634","United States","Voluntary: Firm initiated","Press Release","Nationwide in the USA","D-0699-2026","Class II","Revitaderm Wound Care, First Aid Antiseptic Gel, Benzalkonium Chloride 0.1%) packaged as (a) 1.0 Fl OZ (16 mL) bottle, long pointy cap, NDC 63347-120-02; (b) 3.0 Fl OZ (85 g) tube, with short twist cap, NDC 63347-120-01; Manufactured By: Blaine Labs, Inc. 11037 Lockport Place, Santa Fe Springs, CA 90670,  ","5,555 bottles and tubes","CGMP Deviations; product manufactured in the same facility under the same conditions as the product found to be contaminated","04/08/2026","07/16/2026","N/A","07/08/2026","Lots: (a) 1 oz - BL3435, Exp 11/06/26; BL3525, Exp 08/07/27. (b) 3 oz- Lots # BL3435, 11/06/26 & BL3525, 08/07/27"
"Drugs","No","","99278","Ongoing","Bell Pharmaceuticals, Inc","200 W Beaver St","N/A","Belle Plaine","MN","	56011-1894","United States","Voluntary: Firm initiated","Letter","U.S Nationwide","D-0678-2026","Class II","CVS Health, Carbamide Peroxide, 6.5%, 0.5 FL Oz (15 mL), a) Bottle (NDC 51316-822-00.); b) Kit (1 BULB, Syringe & Drops- NDC 51316-823-00.), Distributed by: CVS Pharmacy., Inc. One CVS Drive, Woonsocket, RI 02895,","106,301 units","SubPotent Drug: low pH and significantly reduced assay (~0.6% vs expected ~6 7%).","06/25/2026","07/14/2026","N/A","07/22/2026","Lot: a) 1505121, 1504242, exp 2027-03; 1505132, 1505182, 1505191, 1505291, 1505331, exp 2027-04; b) 1504231, 1504311, exp 2027-03; 1505312, 1505321, exp 2027-04."
"Drugs","No","","99283","Ongoing","Padagis US LLC","3940 Quebec Ave N","N/A","Minneapolis","MN","	55427-1244","United States","Voluntary: Firm initiated","Letter","USA Nationwide","D-0677-2026","Class II","Nystatin Cream USP, (100,000 USP Nystatin Units), NET WT 15 g, Rx only, 15 g tube, Manufactured by Padagis, Yeruham, Israel, NDC 45802-059-35","180,936 tubes","Subpotent Drug: Low out of specification assay results performed during long-term stability testing.","06/23/2026","07/13/2026","N/A","07/22/2026","Lot #: 205060, Exp 09/30/2027"
"Drugs","No","","99278","Ongoing","Bell Pharmaceuticals, Inc","200 W Beaver St","N/A","Belle Plaine","MN","	56011-1894","United States","Voluntary: Firm initiated","Letter","U.S Nationwide","D-0679-2026","Class II","Clinere, Carbamide Peroxide, a) 2 bottles of Clinere Carbamide Peroxide (2 x 0.50 mL) 6.5%, 0.5 fl. oz. (15 mL); b) 1 bottle of Clinere Carbamide Peroxide (0,50 fl. oz. (15 mL), Dist. by: Quest Products LLC, Pleasant Prairie, WI 53158, NDC 68229-102-01.","29, 474 units","SubPotent Drug: low pH and significantly reduced assay (~0.6% vs expected ~6 7%).","06/25/2026","07/14/2026","N/A","07/22/2026","Lot: a) 1504241, exp 2027-03; b) 1504291, 1504301, exp 2027-03."
"Drugs","No","","99278","Ongoing","Bell Pharmaceuticals, Inc","200 W Beaver St","N/A","Belle Plaine","MN","	56011-1894","United States","Voluntary: Firm initiated","Letter","U.S Nationwide","D-0680-2026","Class II","QC Quality Choice, Carbamide Peroxide, 6.5%, 0.5 FL. OZ. (15 mL) a) Washer Bulb included (NDC 63868-026-15); b) 1 bottle (NDC 63868-027-16), Distributed by C.D.M.A., Inc., 43157 W. Nine Mile, Novi, MI 48376.","15, 843 units","SubPotent Drug: low pH and significantly reduced assay (~0.6% vs expected ~6 7%).","06/25/2026","07/14/2026","N/A","07/22/2026","Lot: a) 1505121, 1505342, exp 2027-04; b) 1505381, exp 2027-04."
"Drugs","No","","99278","Ongoing","Bell Pharmaceuticals, Inc","200 W Beaver St","N/A","Belle Plaine","MN","	56011-1894","United States","Voluntary: Firm initiated","Letter","U.S Nationwide","D-0681-2026","Class II","TopCare Health, CARBAMIDE PEROXIDE 6.5%, 0.5 FL OZ (15 mL) a) Kit - WASHER BULB & DROPS INCLUDED (NDC 36800-835-33); b) 1 bottle (NDC 36800-835-34), DISTRIBUTED BY TOPCO ASSOCIATES LLC, ELK GROVE VILLAGE, IL 60007.","16,156 units","SubPotent Drug: low pH and significantly reduced assay (~0.6% vs expected ~6 7%).","06/25/2026","07/14/2026","N/A","07/22/2026","Lot: a) 1505122, 1505343, expires: 2027-04; b) 1505142, 1505341, expires: 2027-04."
"Drugs","No","","99278","Ongoing","Bell Pharmaceuticals, Inc","200 W Beaver St","N/A","Belle Plaine","MN","	56011-1894","United States","Voluntary: Firm initiated","Letter","U.S Nationwide","D-0682-2026","Class II","AUDIOLOGIST'S CHOICE, Carbamide Peroxide 6.5%, 0.5 Fl Oz (15 mL) a) Kit - Washer Bulb Included (NDC 59256-001-02); b) 1 bottle (NDC  59256-836-34), Distributed By: Oaktree Products Inc., St. Louis. MO 63005.","5,762 units","SubPotent Drug: low pH and significantly reduced assay (~0.6% vs expected ~6 7%).","06/25/2026","07/14/2026","N/A","07/22/2026","Lot: a)1505123, expires: 2027-04; b) 1505131, expires: 2027-04."
"Drugs","No","","99311","Ongoing","QuVa Pharma, Inc.","1075 W Park One Dr Ste 100","N/A","Sugar Land","TX","	77478-2576","United States","Voluntary: Firm initiated","Two or more of the following: Email, Fax, Letter, Press Release, Telephone, Visit","Nationwide within the United States","D-0664-2026","Class II","Methohexital Sodium, 100 mg/10 mL (10 mg/mL), Total Volume: 10 mL, Rx only, Compounded drug, QuVa Pharma, 1075 W Park One Dr, Suite 100, Sugar Land, TX 77478, Product code: 70092-1310-46.","N/A","Failed Impurities/Degradation Specifications","06/24/2026","07/07/2026","N/A","07/15/2026","Lot #: 10162261, 10162262, 10162279, 10162280, Exp. Date 07/21/2026; 10162314, 10162315, Exp. Date 07/22/2026; 10162465, 10162466, 10162491, 10162492, Exp. Date 07/26/2026; 10162542, 10162543, Exp. Date 07/27/2026; 10162559, 10162560, Exp. Date 07/28/2026; 10162623, 10162624, Exp. Date 07/29/2026; 10162693, 10162694, Exp. Date 07/30/2026;  10162735, 10162736, 10162753, 10162754, Exp. Date 07/31/2026; 10162772, 10162773, 10162791, 10162792, 10162810, 10162811, Exp. Date 08/02/2026; 10162820, Exp. Date 08/03/2026; 10162853, 10162854, Exp. Date 08/04/2026; 10163046, Exp. Date 08/09/2026; 10163156, 10163157, Exp. Date 08/10/2026."
"Drugs","No","07/09/2026","99312","Ongoing","Reliance Life Sciences Private Limited","Ttc Area Of Midc","R - 282 Dhirubhai Ambani Life Sciences Centre; Thane Belapur Road","Navi Mumbai","N/A","	N/A","India","Voluntary: Firm initiated","Letter","Nationwide in the USA","D-0671-2026","Class II","Pemetrexed for Injection 100mg/Vial, 1 10 mL Single-Dose Vial per carton, For intravenous use only, Rx only,  Manufactured for: Somerset Therapeutics, LLC., Somerset, NJ 08873 NDC: 70069-0834-01","12,000 vials","Lack of Sterility Assurance","06/24/2026","07/08/2026","N/A","07/15/2026","Lot, expiry:     RPTL0325A Dec 31, 2027;   RPTL0425A Dec 31, 2027;   RPTL0624B Nov 30,2027;   RPTL0625A Mar 31, 2028"
"Drugs","No","","99278","Ongoing","Bell Pharmaceuticals, Inc","200 W Beaver St","N/A","Belle Plaine","MN","	56011-1894","United States","Voluntary: Firm initiated","Letter","U.S Nationwide","D-0683-2026","Class II","FAMILY Wellness, Carbamide Peroxide 6.5%, 0.5 Fl Oz (15 mL), Kit - Washer Bulb Included, (NDC 55319-835-01), DISTRIBUTED BY: MIDWOOD BRANDS LLC, 500 VOLVO PKWY, CHESAPEAKE, VA 23320.","11, 977 units","SubPotent Drug: low pH and significantly reduced assay (~0.6% vs expected ~6 7%).","06/25/2026","07/14/2026","N/A","07/22/2026","Lot: 1505124, 1505311, 1505332, expires: 2027-04."
"Drugs","No","07/09/2026","99312","Ongoing","Reliance Life Sciences Private Limited","Ttc Area Of Midc","R - 282 Dhirubhai Ambani Life Sciences Centre; Thane Belapur Road","Navi Mumbai","N/A","	N/A","India","Voluntary: Firm initiated","Letter","Nationwide in the USA","D-0672-2026","Class II","Pemetrexed for Injection 500mg/Vial, 1 50 mL Single-Dose Vial per carton, For intravenous use only, Rx only,  Manufactured for: Somerset Therapeutics, LLC., Somerset, NJ 08873 NDC: 70069-0835-01","5,020 vials","Lack of Sterility Assurance","06/24/2026","07/08/2026","N/A","07/15/2026","Lot, expiry:            RPTH0125A Jan 31, 2028;   RPTH0225A Jan 31, 2028;   RPTH0325A Jan 31, 2028;   RPTH0725A Apr 30, 2028;"
"Drugs","No","07/09/2026","99312","Ongoing","Reliance Life Sciences Private Limited","Ttc Area Of Midc","R - 282 Dhirubhai Ambani Life Sciences Centre; Thane Belapur Road","Navi Mumbai","N/A","	N/A","India","Voluntary: Firm initiated","Letter","Nationwide in the USA","D-0673-2026","Class II","Bortezomib for Injection 3.5mg/Vial, 10 mL per Single-Dose Vial, For Intravenous or Subcutaneous Use, Manufactured for: Somerset Therapeutics, LLC., Somerset, NJ 08873. NDC: 70069-0836-01","11,400 vials","Lack of Sterility Assurance","06/24/2026","07/08/2026","N/A","07/15/2026","Lot, expiry:     RBIH0125A Jan 31, 2028; RBIH0225A Feb 29, 2028; RBIH0325A Feb 29, 2028; RBIH0525A Mar 31, 2028"
"Drugs","No","07/09/2026","99312","Ongoing","Reliance Life Sciences Private Limited","Ttc Area Of Midc","R - 282 Dhirubhai Ambani Life Sciences Centre; Thane Belapur Road","Navi Mumbai","N/A","	N/A","India","Voluntary: Firm initiated","Letter","Nationwide in the USA","D-0674-2026","Class II","Azacitidine for Injection 100mg/Vial, 1 10 mL Single-Dose Vial per carton, For Subcutaneous  and Intravenous Use, Rx only,  Manufactured for: Somerset Therapeutics, LLC., Somerset, NJ 08873 NDC: 70069-0857-01","8,001 vials","Lack of Sterility Assurance","06/24/2026","07/08/2026","N/A","07/15/2026","Lot, expiry:            RAZM0425A  Jun 30, 2027;   RAZM0525A Jun 30, 2027;   RAZM0725A Jun 30, 2027;   RAZM0825A Jun 30, 2027;   RAZM0925A Jul 31, 2027;   RAZM1125A Jul 31, 2027;   RAZM1225A Jul 31, 2027;   RAZM1425A Jul 31, 2027;   RAZM1525A Jul 31, 2027;   RAZM1625A Aug 31, 2027;   RAZM1725A Aug 31, 2027;   RAZM2025A Sep 30, 2027"
"Drugs","No","","99278","Ongoing","Bell Pharmaceuticals, Inc","200 W Beaver St","N/A","Belle Plaine","MN","	56011-1894","United States","Voluntary: Firm initiated","Letter","U.S Nationwide","D-0684-2026","Class II","GOOD NEIGHBOR PHARMACY, Carbamide Peroxide 6.5%, 0.5 Fl Oz (15 mL), a) Kit - Washer Bulb Included, (NDC 46122-556-05); b) 1 bottle (NDC 46122-557-05), Distributed by: AmerisourceBergen, 1 West First Avenue, Conshohocken, PA 19428.","20, 160 units","SubPotent Drug: low pH and significantly reduced assay (~0.6% vs expected ~6 7%).","06/25/2026","07/14/2026","N/A","07/22/2026","Lot: a) 1505334, expires: 2027-04; b) 1505143, 1505151, expires: 2027-04"
"Drugs","No","","99278","Ongoing","Bell Pharmaceuticals, Inc","200 W Beaver St","N/A","Belle Plaine","MN","	56011-1894","United States","Voluntary: Firm initiated","Letter","U.S Nationwide","D-0685-2026","Class II","LEADER, Carbamide Peroxide 6.5%, 0.5 Fl Oz (15 mL), a) Kit -1 RUBBER BULB SYRINGE, 0.5 FL OZ DROPS, (NDC 70000-0689-1); b) 1 bottle (NDC 70000-0688-1), DIST. BY CARDINAL HEALTH, DUBLIN, OH 43017.","5, 471 units","SubPotent Drug: low pH and significantly reduced assay (~0.6% vs expected ~6 7%).","06/25/2026","07/14/2026","N/A","07/22/2026","Lot: a) 1505333, expires: 2027-04; b) 1505144, 1505302, expires: 2027-04."
"Drugs","No","","99278","Ongoing","Bell Pharmaceuticals, Inc","200 W Beaver St","N/A","Belle Plaine","MN","	56011-1894","United States","Voluntary: Firm initiated","Letter","U.S Nationwide","D-0686-2026","Class II","Foster & Thrive, Carbamide Peroxide 6.5%, 0.5 FL OZ (15 mL), NDC 70677-1154-01, Distributed by: McKesson Corp., via SSSL, Memphis, TN 38141.","31,094 units","SubPotent Drug: low pH and significantly reduced assay (~0.6% vs expected ~6 7%).","06/25/2026","07/14/2026","N/A","07/22/2026","Lot:1505161, 1505181, 1505301, 1505382, exp 2027-04."
"Drugs","No","","99278","Ongoing","Bell Pharmaceuticals, Inc","200 W Beaver St","N/A","Belle Plaine","MN","	56011-1894","United States","Voluntary: Firm initiated","Letter","U.S Nationwide","D-0687-2026","Class II","meijer, Carbamide Peroxide 6.5%, 0.5 FL OZ (15 mL), Washer Bulb included, NDC 41250-835-33, DIST. BY MEIJER DISTRIBUTION, INC., GRAND RAPIDS, MI 49544.","993 units","SubPotent Drug: low pH and significantly reduced assay (~0.6% vs expected ~6 7%).","06/25/2026","07/14/2026","N/A","07/22/2026","Lot:1505344, exp 2027-04."
"Drugs","No","","99319","Ongoing","Lannett Company Inc.","1101 C Ave W","N/A","Seymour","IN","	47274-3342","United States","Voluntary: Firm initiated","Letter","US Nationwide.","D-0660-2026","Class II","Dextroamphetamine Saccharate, Amphetamine Aspartate Monohydrate, Dextroamphetamine Sulfate and Amphetamine Sulfate Extended-Release Capsules, 5 mg, Rx Only, 100 capsules, Distributed by: Lannett Company, Inc., Philadelphia, PA 19136, NDC: 0527-0790-37.","1392 bottles","Labeling: Label Mix-up: Capsules contain only immediate-release (IR) pellets while labeled as ER capsules.","06/26/2026","07/02/2026","N/A","07/08/2026","Lot#: 25285401A, Exp. Date: 04/2027"
"Drugs","No","","99278","Ongoing","Bell Pharmaceuticals, Inc","200 W Beaver St","N/A","Belle Plaine","MN","	56011-1894","United States","Voluntary: Firm initiated","Letter","U.S Nationwide","D-0688-2026","Class II","CAREone, Carbamide Peroxide 6.5%, 0.5 FL OZ (15 mL), Bottle, NDC 72476-838-34, DISTRIBUTED BY: FOODHOLD U.S.A, LLC, LANDOVER, MD 20785.","1,201 units","SubPotent Drug: low pH and significantly reduced assay (~0.6% vs expected ~6 7%).","06/25/2026","07/14/2026","N/A","07/22/2026","Lot:1505141, exp 2027-04."
"Drugs","No","07/09/2026","99350","Ongoing","Cipla USA, Inc.","10 Independence Blvd","N/A","Warren","NJ","	07059-2730","United States","Voluntary: Firm initiated","Letter","USA Nationwide","D-0661-2026","Class II","Cinacalcet Hydrochloride Tablets, 30 mg, 30-count bottle, Rx Only, Manufactured by: Cipla Ltd., MIDC, Patalganga, India; Manufactured for: Cipla USA, Inc., 10 Independence Boulevard, Suite 300, Warren, NJ 07059, NDC 69097-410-02","31,824 bottles","cGMP Deviations: presence of N-nitroso-cinacalcet, above the acceptable daily intake (ADI).","06/29/2026","07/09/2026","N/A","07/08/2026","Lot #: 5PB0465, 5PB0466, 5PB0557, Exp 4/30/2027; 5PB0629, 5PB0630, 5PB0633, 5PB0637, 5PB0638, Exp 6/30/2027"
"Drugs","No","","99376","Ongoing","Chiesi USA, Inc.","175 Regency Woods Pl Ste 600","N/A","Cary","NC","	27518-6007","United States","Voluntary: Firm initiated","Letter","Nationwide within the United States","D-0689-2026","Class II","CLEVIPREX (clevidipine injectable emulsion) 50 mg/100 mL (0.5 mg/mL), 10 Single Use Vials, Rx Only, Manufactured for: Chiesi USA, Inc., Cary, NC 27518, by Fresenius Kabi, Graz, Austria, NDC 10122-611-10.","44280 vials","Lack of Assurance of Sterility  ","07/06/2026","07/14/2026","N/A","07/22/2026","Lot #: 1239521, 1237454, Exp. Date 10/2027"
"Drugs","No","","99377","Ongoing","CareFusion 213, LLC","1550 Northwestern Dr","N/A","El Paso","TX","	79912-8000","United States","Voluntary: Firm initiated","Letter","U.S.A. Nationwide","D-0690-2026","Class II","BD ChloraPrep Clear, (2% w/v chlorhexidine gluconate (CHG) and 70% v/v isopropyl alcohol), 60 x 1 mL applicators/carton, 0.03fl oz (1 mL) each, STERILE SOLUTION, CareFusion 123, LLC, El Paso, TX, subsidiary of Beckton, Dickson and Co. NDC 54365-400-31","43,066,599 units","Lack of Assurance of Sterility: Affected product may exhibit an open or incomplete seal on the packaging of the applicator","07/09/2026","07/15/2026","N/A","07/22/2026","Lots: 4062535, 4065201, 4066446, Exp. 2/28/2027; 4141090, Exp. 5/31/2027; 4180288, 4197695, 4197697, 4180291, Exp. 6/30/2027; 4219454, 4221945, 4221966, 4222853, 4224361, Exp. 7/31/2027; 4228482, 4248656, 4249026, 4248961, 4249818, 4250729, Exp. 8/31/2027; 5124984, 5127231, 5129058, 5126398, 5129488, Exp. 4/30/2028; 5130576, 5142947, 5147432, 5154673, 5154671, 5156442, 5157968, 5158031, 5150160, 5155824, Exp. 5/31/2028; 5176326, 5181676, 5181074, 5182660, 5188102, 5188103, Exp. 6/30/2028;  5195818, 5199118, 5209474, 5210853, 5211985, 5211907, 5211212, Exp. 7/31/2028;  5226576, 5227151, 5230531, 5241733, 5242057, 5243430, 5246952, 5248375, 5248189, Exp. 8/31/2028; 5254509, 5274692, 5276968, 5279226, 5280240, Exp. 9/30/2028; 5305661, 5307185, 5309623, 5310701, Exp. 10/31/2028; 5346128, 5350797, Exp. 12/31/2028; 6031034, 6031234, 6037918, Exp. 1/31/2029; 6051588, 6054213, 6062168, 6063361, Exp. 2/28/2029; 6069891, Exp. 3/31/2029; 6111107, Exp. 4/30/2029."
"Drugs","Yes","07/20/2026","99385","Ongoing","Ascend Laboratories, LLC","135 Us Highway 202 206 Ste 15","N/A","Bedminster","NJ","	07921-2608","United States","Voluntary: Firm initiated","Letter","Nationwide in the USA","D-0712-2026","Class II","Amlodipine and Olmesartan Medoxomil Tablets, 10 mg/20 mg, 30 Tablets per bottle, Rx Only, Manufactured by: Alkem Laboratories Ltd., INDIA; Distributed by: Ascend Laboratories, LLC., Parsnippany, NJ 07054.  NDC: 67877-500-30","6,192 bottles","Failed Dissolution Specifications; Olmesartan Medoxomil content below specifications","07/08/2026","07/20/2026","N/A","07/29/2026","Lot 25121311, expiry 3/31/2028"
"Drugs","No","","99350","Ongoing","Cipla USA, Inc.","10 Independence Blvd","N/A","Warren","NJ","	07059-2730","United States","Voluntary: Firm initiated","Letter","USA Nationwide","D-0675-2026","Class II","Cinacalcet Hydrochloride Tablets, 60 mg, 30-count bottle, Rx Only, Manufactured by: Cipla Ltd., MIDC, Patalganga, India; Manufactured for: Cipla USA, Inc., 10 Independence Boulevard, Suite 300, Warren, NJ 07059, NDC 69097-411-02","N/A","cGMP Deviations: presence of N-nitroso-cinacalcet, above the acceptable daily intake (ADI).","06/29/2026","07/09/2026","N/A","07/08/2026","Lot #: 5PB0165, 5PB0166, Exp 1/31/2027; 5PB0552, Exp 4/30/2027; 5PB0642, 5PB0643, 5PB0644, Exp 6/30/2027"
"Drugs","No","","99350","Ongoing","Cipla USA, Inc.","10 Independence Blvd","N/A","Warren","NJ","	07059-2730","United States","Voluntary: Firm initiated","Letter","USA Nationwide","D-0676-2026","Class II","Cinacalcet Hydrochloride Tablets, 90 mg, 30-count bottle, Rx Only, Manufactured by: Cipla Ltd., MIDC, Patalganga, India; Manufactured for: Cipla USA, Inc., 10 Independence Boulevard, Suite 300, Warren, NJ 07059, NDC 69097-412-02","N/A","cGMP Deviations: presence of N-nitroso-cinacalcet, above the acceptable daily intake (ADI).","06/29/2026","07/09/2026","N/A","07/08/2026","Lot #: 5PB0563, Exp 4/30/2027"
"Drugs","No","","99399","Ongoing","Major Pharmaceuticals","7000 Cardinal Pl","N/A","Dublin","OH","	43017-1091","United States","Voluntary: Firm initiated","Letter","Nationwide in the USA.","D-0700-2026","Class II","Levothyroxine Sodium Tablets, USP, 25 mcg (0.025 mg), 100 Tablets (10 x 10 unit dose blisters) per carton, Rx only, Packaged and Distributed by: MAJOR PHARMACEUTICALS, Indianapolis, IN 46268 USA.  NDC: 0904-6949-61","N/A","Subpotent Drug","07/13/2026","07/17/2026","N/A","07/29/2026","Lot#: N02212, Exp. Date 07/2026"
"Drugs","No","","99399","Ongoing","Major Pharmaceuticals","7000 Cardinal Pl","N/A","Dublin","OH","	43017-1091","United States","Voluntary: Firm initiated","Letter","Nationwide in the USA.","D-0701-2026","Class II","Levothyroxine Sodium Tablets, USP, 50 mcg (0.050 mg), 100 Tablets (10 x 10 unit dose blisters) per carton, Rx only, Packaged and Distributed by: MAJOR PHARMACEUTICALS, Indianapolis, IN 46268 USA.  NDC: 0904-6950-61","N/A","Subpotent Drug","07/13/2026","07/17/2026","N/A","07/29/2026","Lot #: N02200, Exp. Date 10/2026"
"Drugs","No","","99399","Ongoing","Major Pharmaceuticals","7000 Cardinal Pl","N/A","Dublin","OH","	43017-1091","United States","Voluntary: Firm initiated","Letter","Nationwide in the USA.","D-0702-2026","Class II","Levothyroxine Sodium Tablets, USP, 75 mcg (0.075 mg), 100 Tablets (10 x 10 unit dose blisters) per carton, Rx only, Packaged and Distributed by: MAJOR PHARMACEUTICALS, Indianapolis, IN 46268 USA.  NDC: 0904-6951-61","N/A","Subpotent Drug","07/13/2026","07/17/2026","N/A","07/29/2026","Lot# N02172, exp 07/2026; N02296, N02288, Exp. Date 12/2026"
"Drugs","No","","99399","Ongoing","Major Pharmaceuticals","7000 Cardinal Pl","N/A","Dublin","OH","	43017-1091","United States","Voluntary: Firm initiated","Letter","Nationwide in the USA.","D-0703-2026","Class II","Levothyroxine Sodium Tablets, USP, 88 mcg (0.088 mg), 100 Tablets (10 x 10 unit dose blisters) per carton, Rx only, Packaged and Distributed by: MAJOR PHARMACEUTICALS, Indianapolis, IN 46268 USA.  NDC: 0904-6952-61","N/A","Subpotent Drug","07/13/2026","07/17/2026","N/A","07/29/2026","Lot #: N02310, Exp. Date 01/2027"
"Drugs","No","","99399","Ongoing","Major Pharmaceuticals","7000 Cardinal Pl","N/A","Dublin","OH","	43017-1091","United States","Voluntary: Firm initiated","Letter","Nationwide in the USA.","D-0704-2026","Class II","Levothyroxine Sodium Tablets, USP, 112 mcg (0.0112 mg), 100 Tablets (10 x 10 unit dose blisters) per carton, Rx only, Packaged and Distributed by: MAJOR PHARMACEUTICALS, Indianapolis, IN 46268 USA.  NDC: 0904-6954-61","N/A","Subpotent Drug","07/13/2026","07/17/2026","N/A","07/29/2026","Lot #: N02203, Exp. Date 09/2026"
"Drugs","No","","99399","Ongoing","Major Pharmaceuticals","7000 Cardinal Pl","N/A","Dublin","OH","	43017-1091","United States","Voluntary: Firm initiated","Letter","Nationwide in the USA.","D-0705-2026","Class II","Levothyroxine Sodium Tablets, USP, 125 mcg (0.0125 mg), 100 Tablets (10 x 10 unit dose blisters) per carton, Rx only, Packaged and Distributed by: MAJOR PHARMACEUTICALS, Indianapolis, IN 46268 USA.  NDC: 0904-6955-61","N/A","Subpotent Drug","07/13/2026","07/17/2026","N/A","07/29/2026","Lot #: N02266, Exp. Date 11/2026"
"Drugs","No","","99399","Ongoing","Major Pharmaceuticals","7000 Cardinal Pl","N/A","Dublin","OH","	43017-1091","United States","Voluntary: Firm initiated","Letter","Nationwide in the USA.","D-0706-2026","Class II","Levothyroxine Sodium Tablets, USP, 150 mcg (0.0150 mg), 100 Tablets (10 x 10 unit dose blisters) per carton, Rx only, Packaged and Distributed by: MAJOR PHARMACEUTICALS, Indianapolis, IN 46268 USA.  NDC: 0904-6956-61","N/A","Subpotent Drug","07/13/2026","07/17/2026","N/A","07/29/2026","Lot #: N02167, Exp. Date 07/2026"
"Drugs","No","","99399","Ongoing","Major Pharmaceuticals","7000 Cardinal Pl","N/A","Dublin","OH","	43017-1091","United States","Voluntary: Firm initiated","Letter","Nationwide in the USA.","D-0707-2026","Class II","Levothyroxine Sodium Tablets, USP, 25 mcg (0.025 mg), 10 Tablets (10 x 1) unit dose blisters per carton, Rx only, Packaged and Distributed by: MAJOR PHARMACEUTICALS, Indianapolis, IN 46268 USA. Distributed by Cardinal Health, Dublin, OH 43017. NDC Carton: 55154-3558-0; NDC Blister: 0904-6949-61 ","N/A","Subpotent Drug","07/13/2026","07/17/2026","N/A","07/29/2026","Bag lot #: N02212A, N02212B, Exp. Date 07/2026; Blister lot #: N02212, Exp. Date 07/2026"
"Drugs","No","","99399","Ongoing","Major Pharmaceuticals","7000 Cardinal Pl","N/A","Dublin","OH","	43017-1091","United States","Voluntary: Firm initiated","Letter","Nationwide in the USA.","D-0708-2026","Class II","Levothyroxine Sodium Tablets, USP, 50 mcg (0.050 mg), 10 Tablets (10 x 1) unit dose blisters per carton, Rx only, Packaged and Distributed by: MAJOR PHARMACEUTICALS, Indianapolis, IN 46268 USA. Distributed by Cardinal Health, Dublin, OH 43017. NDC Bag: 55154-3559-0; NDC Blister: 0904-6950-61 ","N/A","Subpotent Drug","07/13/2026","07/17/2026","N/A","07/29/2026","Bag lot #: N02200A, N02200B, Exp. Date 10/2026; Blister lot #: N02200, Exp. Date 10/2026"
"Drugs","No","","99399","Ongoing","Major Pharmaceuticals","7000 Cardinal Pl","N/A","Dublin","OH","	43017-1091","United States","Voluntary: Firm initiated","Letter","Nationwide in the USA.","D-0709-2026","Class II","Levothyroxine Sodium Tablets, USP, 75 mcg (0.075 mg), 10 Tablets (10 x 1) unit dose blisters per carton, Rx only, Packaged and Distributed by: MAJOR PHARMACEUTICALS, Indianapolis, IN 46268 USA. Distributed by Cardinal Health, Dublin, OH 43017. NDC Bag: 55154-3560-0; NDC Blister: 0904-6951-61 ","N/A","Subpotent Drug","07/13/2026","07/17/2026","N/A","07/29/2026","Bag lot #: N02172A, N02172B, Exp. Date 07/2026; N02288A, N02288B, Exp. Date 12/2026;  Blister lot #: N02172, Exp. Date 07/2026; N02288, Exp. Date 12/2026"
"Drugs","No","","99399","Ongoing","Major Pharmaceuticals","7000 Cardinal Pl","N/A","Dublin","OH","	43017-1091","United States","Voluntary: Firm initiated","Letter","Nationwide in the USA.","D-0710-2026","Class II","Levothyroxine Sodium Tablets, USP, 125 mcg (0.0125 mg), 10 Tablets (10 x 1) unit dose blisters per carton, Rx only, Packaged and Distributed by: MAJOR PHARMACEUTICALS, Indianapolis, IN 46268 USA. Distributed by Cardinal Health, Dublin, OH 43017. NDC Bag: 55154-3562-0; NDC Blister: 0904-6951-61 ","N/A","Subpotent Drug","07/13/2026","07/17/2026","N/A","07/29/2026","Bag lot #: N02266A, N02266B, Exp. Date 11/2026; Blister lot #: N02266, Exp. Date 11/2026"
"Drugs","No","","99399","Ongoing","Major Pharmaceuticals","7000 Cardinal Pl","N/A","Dublin","OH","	43017-1091","United States","Voluntary: Firm initiated","Letter","Nationwide in the USA.","D-0711-2026","Class II","Levothyroxine Sodium Tablets, USP, 150 mcg (0.0150 mg), 10 Tablets (10 x 1) unit dose blisters per carton, Rx only, Packaged and Distributed by: MAJOR PHARMACEUTICALS, Indianapolis, IN 46268 USA. Distributed by Cardinal Health, Dublin, OH 43017. NDC Bag: 55154-3563-0; NDC Blister: 0904-6956-61 ","N/A","Subpotent Drug","07/13/2026","07/17/2026","N/A","07/29/2026","Bag lot #: N02167A, Exp. Date 07/2026; Blister lot # N02167, Exp. Date 07/2026"
"Drugs","No","","99408","Ongoing","Asclemed USA Inc.","379 Van Ness Ave Ste 1403","N/A","Torrance","CA","	90501-7211","United States","Voluntary: Firm initiated","E-Mail","Within U.S. - Tennessee","D-0713-2026","Class III","Lidolog Kit, Kit Contains: Lidocaine HCL injection, USP, 2% (2mL), 1 Dose, Single use Only, Rx Only, Distributed by: Enovachem Pharmaceuticals, Torrance, CA 90501, NDC: 76420-760-01.","18 kits","Labeling: Not Elsewhere Classified: The label wrap covers the barcode, making it hard to scan","07/15/2026","07/20/2026","N/A","07/29/2026","Lot: 070126X1, Exp. 12/31/2027."





