Product Type,Recently Updated Record,Last Modified Date,Event ID,Status,Recalling Firm,Address1,Address2,City,State/Province,Postal Code,Country,Voluntary/Mandated,Initial Firm Notification of Consignee or Public,Distribution Pattern,Recall Number,Classification,Product Description,Product Quantity,Reason for Recall,Recall Initiation Date,Center Classification Date,Termination Date,Report Date,Code Info
"Drugs","No","","82827","Terminated","Zydus Pharmaceuticals USA Inc","73 Route 31 N","N/A","Pennington","NJ","	08534-3601","United States","Voluntary: Firm initiated","Letter","Nationwide in the USA","D-1440-2019","Class II","ANASTROZOLE Tablets, 1 mg, Rx Only, 30-count bottle, Manufactured by: Cadila Healthcare Ltd. Ahmedabad, India. Distributed by: Zydus Pharmaceuticals (USA) Inc. Pennington, NJ 08534 NDC 68382-209-06  ","1,425,264 30-count bottles","CGMP Deviations: Cross Contamination with other products due to CGMP cleaning failure.","05/06/2019","07/01/2019","09/16/2021","06/26/2019","Lot: M706674, M706676, M707685 EXP Jun-19; M711219, M711220, M711221, M711222, M711269, EXP Sep-19; M801027, EXP Dec-19; M801028, M801029, M801030, EXP Jan-20; M802206, EXP Feb-20, M805195, M805196, M805197, EXP Mar-20; M805199, M805202, M805944, M805945, M805948, M805951, M805953, M805956, M805957, M805958, M805959 Apr-20; M812457, EXP Jul-20, M812458, M812459, M813912, M813913, M813914, M813915, M813916, EXP Aug-20; M815768, M815769, M818274, EXP Oct-20; M818119, M818120, M818121, M818635, EXP Nov-20; M819270, M819861, M819862, EXP Dec-20; M900921, M900922, M900923, M900924, M900925, EXP Jan-21; M902634, M902635, EXP Feb-21."
"Drugs","No","","82827","Terminated","Zydus Pharmaceuticals USA Inc","73 Route 31 N","N/A","Pennington","NJ","	08534-3601","United States","Voluntary: Firm initiated","Letter","Nationwide in the USA","D-1441-2019","Class II","Anastrozole Tablets, USP, 1 mg, 1,000-count bottle, Rx only,  Manufactured by: Cadila Healthcare Ltd. Ahmedabad, India  Distributed by: Zydus Pharmaceuticals (USA) Inc. Pennington, NJ 08534. NDC 68382-209-10  ","768 1000-count bottles","CGMP Deviations: Cross Contamination with other products due to CGMP cleaning failure.","05/06/2019","07/01/2019","09/16/2021","06/26/2019","Lot EXP Date: M708570 Jun-19, M711270 Sep-19, M802207 Feb-20, M812460 Aug-20"
"Drugs","No","","82827","Terminated","Zydus Pharmaceuticals USA Inc","73 Route 31 N","N/A","Pennington","NJ","	08534-3601","United States","Voluntary: Firm initiated","Letter","Nationwide in the USA","D-1442-2019","Class II","Pramipexole Dihydrochloride Tablets 0.125 mg, 1,000-count bottle, Rx only, Manufactured by: Cadila Healthcare Ltd Ahmedabad, India, Distributed by: Zydus Pharmaceuticals USA Inc. Pennington, NJ 08534. NDC 68382-196-10","204  1000-count bottles","CGMP Deviations: Cross Contamination with other products due to CGMP cleaning failure.","05/06/2019","07/01/2019","09/16/2021","06/26/2019","Lot: M714919, EXP Dec-19, M815081, EXP Aug-20, M900475, EXP Dec-20"
"Drugs","No","","82827","Terminated","Zydus Pharmaceuticals USA Inc","73 Route 31 N","N/A","Pennington","NJ","	08534-3601","United States","Voluntary: Firm initiated","Letter","Nationwide in the USA","D-1443-2019","Class II","Pramipexole DihydrochlorideTablets 0.125 mg, 90-count bottle, Rx Only, Manufactured by: Cadila Healthcare Ltd Ahmedabad, India. Distributed by: Zydus Pharmaceuticals USA Inc. Pennington, NJ 08534. NDC 68382-196-16","143,184 90-count bottles","CGMP Deviations: Cross Contamination with other products due to CGMP cleaning failure.","05/06/2019","07/01/2019","09/16/2021","06/26/2019","Lot: M714176, M714177, EXP Oct-19; M714917, EXP Nov-19; M714918, M715594, M715595, EXP Dec-19; M802190, EXP Jan-20; M802191, EXP Feb-20, M808673, EXP May-20; M811125, M811126, M811127, M811128, M811129, EXP Jun-20; M815082, M815083, M815084, M815085, M815086 EXP Aug-20; M900476, M900477, M900478, M900479, M900481, Dec-20;"
"Drugs","No","","82827","Terminated","Zydus Pharmaceuticals USA Inc","73 Route 31 N","N/A","Pennington","NJ","	08534-3601","United States","Voluntary: Firm initiated","Letter","Nationwide in the USA","D-1444-2019","Class II","Pramipexole Dihydrochoride Tablets 0.25 mg, 90-count bottle, Rx Only, Manufactured by: Cadila Healthcare Ltd Ahmedabad, India Distributed by: Zydus Pharmaceuticals USA Inc. Pennington, NJ 08534. NDC 68382-197-16","215,760 90-count bottles","CGMP Deviations: Cross Contamination with other products due to CGMP cleaning failure.","05/06/2019","07/01/2019","09/16/2021","06/26/2019","Lots: M706802, M706804, M706907, M706909, M707028, EXP May-19; M714180, M714181, EXP Oct-19; M717063, M717064, M801705, M801706, M801707, M801708, M714923, M714924, M714925 EXP Dec-19; M808307, M808308, M808309, M808310, EXP May-20; M812479, M812481, M812482, M812483, EXP Jul-20; M815787 M815789, M815790, M815791, M815788, EXP Sep-20; M820266, M820267, M820268, M820269, M820265 EXP Nov-20; M903040, M903041, M903042 EXP Jan-21."
"Drugs","No","","82827","Terminated","Zydus Pharmaceuticals USA Inc","73 Route 31 N","N/A","Pennington","NJ","	08534-3601","United States","Voluntary: Firm initiated","Letter","Nationwide in the USA","D-1445-2019","Class II","Pramipexole Dihydrochloride Tablets 0.25 mg, 1000-count bottle, Rx only, Manufactured by: Cadila Healthcare Ltd. Ahmedabad, India. NDC 68382-197-10","3,156 1000-count bottles","CGMP Deviations: Cross Contamination with other products due to CGMP cleaning failure.","05/06/2019","07/01/2019","09/16/2021","06/26/2019","Lots: M706803, EXP Jun-19; M713438, EXP Oct-19; M801704, EXP Jan-20; M808306, EXP Jun-20; M812484, EXP Aug-20;  M820264, EXP Dec-20"
"Drugs","No","","82827","Terminated","Zydus Pharmaceuticals USA Inc","73 Route 31 N","N/A","Pennington","NJ","	08534-3601","United States","Voluntary: Firm initiated","Letter","Nationwide in the USA","D-1446-2019","Class II","Pramipexole Dihydrochloride Tablets 0.5 mg, 90-count bottle, Rx only, Manufactured by: Cadila Healthcare Ltd. Ahmedabad, India Distributed by: Zydus Pharmaceuticals USA Inc. Pennington, NJ 08534. NDC 68382-198-16","168,330 90-count bottles","CGMP Deviations: Cross Contamination with other products due to CGMP cleaning failure.","05/06/2019","07/01/2019","09/16/2021","06/26/2019","Lots:M713431, M713432, M714172, EXP Sep-19; M714173, Oct-19; M800552, M800553, M800554, M800555 M800556 EXP Dec-19; M811135 M812818 M812819 M812820 M812821 EXP Jun-20, M815777 M815778 M815779 M815780 M815781 EXP Aug-20; M901927 M901929 M901931 M901933 M902089 EXP Jan-21"
"Drugs","No","","82827","Terminated","Zydus Pharmaceuticals USA Inc","73 Route 31 N","N/A","Pennington","NJ","	08534-3601","United States","Voluntary: Firm initiated","Letter","Nationwide in the USA","D-1447-2019","Class II","Pramipexole Dihydrochloride Tablets 1 mg, 90-count bottle, Rx only, Manufactured by: Cadila Healthcare Ltd Ahmedabad, India Distributed by: Zydus Pharmaceuticals USA Inc. Pennington, NJ 08534. NDC 68382-199-16","113,304 90-count bottles","CGMP Deviations: Cross Contamination with other products due to CGMP cleaning failure.","05/06/2019","07/01/2019","09/16/2021","06/26/2019","Lots: M714186 M714187 M714188 EXP Oct-19; M714903 M714904 M714905 M715586 M715587 EXP Nov-19; M801441 M801442 M801443 M801444 M801445 EXP Dec-19; M811152 M811153 M811154 M811155 M811156 M814298 EXP Jul-20; M814299 M814300 M814301 M814302 EXP Aug-20; M818136 M818137 M818138 M818139 M818140 EXP Nov-20"
"Drugs","No","","82827","Terminated","Zydus Pharmaceuticals USA Inc","73 Route 31 N","N/A","Pennington","NJ","	08534-3601","United States","Voluntary: Firm initiated","Letter","Nationwide in the USA","D-1448-2019","Class II","MethylPREDNISolone Tablets, USP, 4 mg, 100 tablets, Rx only, Manufactured by: Cadila Healthcare Ltd Ahmedabad, India NDC 68382-916-01","34521 100-count bottles","CGMP Deviations: Cross Contamination with other products due to CGMP cleaning failure.","05/06/2019","07/01/2019","09/16/2021","06/26/2019","Lots: M800144, M800145, EXP, Feb-20; M808193, EXP Jun-20; M811096, EXPJul-20"
"Drugs","No","","82827","Terminated","Zydus Pharmaceuticals USA Inc","73 Route 31 N","N/A","Pennington","NJ","	08534-3601","United States","Voluntary: Firm initiated","Letter","Nationwide in the USA","D-1449-2019","Class II","MethylPREDNISolone Tablets, USP 4 mg per tablet, 21 Tablets dosepack, Rx Only,  Made in India Distributed by: Zydus Pharmaceuticals USA Inc. Pennington, NJ 08534. NDC 68382-916-34","N/A","CGMP Deviations: Cross Contamination with other products due to CGMP cleaning failure.","05/06/2019","07/01/2019","09/16/2021","06/26/2019","Lots: M800150 Feb-20; M803930, M806006, M806007, M806008, M806009, M806010, M806011, EXP Mar-20; M807299, M807300, M807301, M807302, M807303, M807304, M807305, M807306, M807307, M807308, EXP May-20; M807779, M807780, M808194, M808195, M808196, M808197, M808198, EXP Jun-20; M811092, M811093, M811094, M811097, M811665, M811666, M811667, M813781, EXP Jul-20; M816286, M816288, M816289, M816290, M817612, EXP OCT-20;  M817613, M817614, M817615, M817616, M818315, EXP Nov-20; M820619, M820620, M820621, M901594, M901595, M901596, M901597, M903484, EXP Mar-21"
"Drugs","No","","82827","Terminated","Zydus Pharmaceuticals USA Inc","73 Route 31 N","N/A","Pennington","NJ","	08534-3601","United States","Voluntary: Firm initiated","Letter","Nationwide in the USA","D-1450-2019","Class II","MethylPREDNISolone Tablets, USP 16 mg, 50 tablets, Rx only, Manufactured by: Cadila Healthcare Ltd. Ahmedabad, India  NDC 68382-918-18","N/A","CGMP Deviations: Cross Contamination with other products due to CGMP cleaning failure.","05/06/2019","07/01/2019","09/16/2021","06/26/2019","lots: M713034, M713035, M713036, EXP Nov-19; M814747 Sep-20; M819266, EXP Dec-20"
"Drugs","No","","82827","Terminated","Zydus Pharmaceuticals USA Inc","73 Route 31 N","N/A","Pennington","NJ","	08534-3601","United States","Voluntary: Firm initiated","Letter","Nationwide in the USA","D-1451-2019","Class II","MethylPREDNISolone Tablets, USP 32 mg, 25 tablets, Rx Only, Manufactured by: Cadila Healthcare Ltd. Ahmedabad, India  NDC 68382-919-11","13,564 25-count bottles","CGMP Deviations: Cross Contamination with other products due to CGMP cleaning failure.","05/06/2019","07/01/2019","09/16/2021","06/26/2019","Lots: M713043, M713047, EXP Dec-19; M713045, EXP Nov- 19; M816143, EXP Oct-20."
"Drugs","No","07/31/2019","82857","Terminated","La Fresh Group, Inc.","4651 Schaefer Ave","N/A","Chino","CA","	91710-5542","United States","Voluntary: Firm initiated","Two or more of the following: Email, Fax, Letter, Press Release, Telephone, Visit","Firm's website sales and www.Amazon.com","D-1566-2019","Class II","LA FRESH travel lite Sunnyside Lotion Wipe silky, non-greasy formula smooth, soft & moisturizing featuring titanium dioxide, 1 wipe individually wrapped packet, 4.75"" x 5.75"" (12.0 cm x 14.6 cm) Ingredients: Water, Dimethicone, Dimethiconol, Titanium Dioxide, Benzophenone-3, Octinoxate, Ethylhexylglycerine, Phenoxyethanol, Distributed by La Fresh Group, Inc. Chino, CA 91710 www.LaFreshGroup.com","83,050 packets","Marketed without an Approved NDA/ANDA: The product may be construed a sunscreen due to labeling of the product and comments about the product found on e-commerce websites.","07/15/2019","07/31/2019","04/09/2021","07/31/2019","All lots beginning with 453091"
"Drugs","No","","82827","Terminated","Zydus Pharmaceuticals USA Inc","73 Route 31 N","N/A","Pennington","NJ","	08534-3601","United States","Voluntary: Firm initiated","Letter","Nationwide in the USA","D-1452-2019","Class II","Pramipexole Dihydrochloride Tablets 1.5 mg 90-count bottle, Rx only Manufactured by: Cadila Healthcare Ltd. Ahmedabad, India   Distributed by: Zydus Pharmaceuticals USA Inc. Pennington, NJ NDC 68382-200-16","47,664 90-count bottles","CGMP Deviations: Cross Contamination with other products due to CGMP cleaning failure.","05/06/2019","07/01/2019","09/16/2021","06/26/2019","Lots: M713435 M713436 EXP Sep-19; M714191 EXP Oct-19; M808185 M808184 M808186 EXP May-20; M817634 M817635 EXP Nov-20"
"Drugs","No","","82827","Terminated","Zydus Pharmaceuticals USA Inc","73 Route 31 N","N/A","Pennington","NJ","	08534-3601","United States","Voluntary: Firm initiated","Letter","Nationwide in the USA","D-1453-2019","Class II","MethylPREDNISolone Tablets, USP 8 mg, 25 tablets, Rx Only, Manufactured by: Cadila Healthcare Ltd. Ahmedabad, India  NDC 68382-917-11","40872 25-count bottles","CGMP Deviations: Cross Contamination with other products due to CGMP cleaning failure.","05/06/2019","07/01/2019","09/16/2021","06/26/2019","Lots: M713224, M713225, M713226, EXP Nov-19; M814746 EXP Sep-20; M816148 EXP Oct-20;  M901600, M901601 EXP Feb-21"
"Drugs","No","","83018","Terminated","NingBo Huize Commodity Co.,Ltd.","14 Lizhou Road","N/A","Yuyao","N/A","	N/A","China","Voluntary: Firm initiated","Telephone","Foreign manufacturer located in China and distributed to seven consignees located in China.","D-1529-2019","Class III","Accent Care of New York Home Care Nursing Personal Care Hand Sanitizer (Ethyl Alcohol 62%), 0.33 oz/10 mL, OTC, Made in China","35,500","CGMP deviations: Stability testing was not conducted on manufactured sunscreen and hand sanitizer OTC products.","04/01/2019","07/27/2019","06/06/2023","08/07/2019","Lot #: 20170619, Exp 6/18/2019; 20170620, Exp 6/19/2019; 20170621, Exp 6/20/2019"
"Drugs","No","","83018","Terminated","NingBo Huize Commodity Co.,Ltd.","14 Lizhou Road","N/A","Yuyao","N/A","	N/A","China","Voluntary: Firm initiated","Telephone","Foreign manufacturer located in China and distributed to seven consignees located in China.","D-1530-2019","Class III","Good to Go Hand Sanitizer (Ethyl Alcohol 62%), 1 FL OZ (30 mL), OTC, Made in China for Cashco Distributors Inc. 6430 N. E. Columbia Blvd Portland OR 97218","52,160","CGMP deviations: Stability testing was not conducted on manufactured sunscreen and hand sanitizer OTC products.","04/01/2019","07/27/2019","06/06/2023","08/07/2019","Lot #: 20180601 Exp 5/31/2020, 20180604 Exp  6/3/2020, 20180820 Exp 8/19/2020, 20180821 Exp 8/20/2020, 20180822 Exp 8/21/2020"
"Drugs","No","","83018","Terminated","NingBo Huize Commodity Co.,Ltd.","14 Lizhou Road","N/A","Yuyao","N/A","	N/A","China","Voluntary: Firm initiated","Telephone","Foreign manufacturer located in China and distributed to seven consignees located in China.","D-1531-2019","Class III","Tootsie Roll POP GRAPE SCENTED ANTIBACTERIAL HAND GEL (Ethyl Alcohol 62%), 1.35 fl oz / 40 mL, OTC, Distributed By: JFL Enterprises, Inc. Cleveland, Ohio 44102, Made in China","5112","CGMP deviations: Stability testing was not conducted on manufactured sunscreen and hand sanitizer OTC products.","04/01/2019","07/27/2019","06/06/2023","08/07/2019","Lot #: 20181018, Exp 10/17/2020"
"Drugs","No","","83018","Terminated","NingBo Huize Commodity Co.,Ltd.","14 Lizhou Road","N/A","Yuyao","N/A","	N/A","China","Voluntary: Firm initiated","Telephone","Foreign manufacturer located in China and distributed to seven consignees located in China.","D-1532-2019","Class III","SPF 30 SUNSCREEN LOTION Active Ingredients Octinoxate 7.5%, Octisalate 2.0%, Oxybenzone 4.0% Titanium Dioxide 2.5% Sunscreen, 53mL/1.8fl.oz., OTC, Distributed by: EVANS, Made in China","10, 000","CGMP deviations: Stability testing was not conducted on manufactured sunscreen and hand sanitizer OTC products.","04/01/2019","07/27/2019","06/06/2023","08/07/2019","Lot #: 20180709, Exp 07/08/2020; 20180710, Exp 07/09/2020"
"Drugs","No","","83018","Terminated","NingBo Huize Commodity Co.,Ltd.","14 Lizhou Road","N/A","Yuyao","N/A","	N/A","China","Voluntary: Firm initiated","Telephone","Foreign manufacturer located in China and distributed to seven consignees located in China.","D-1533-2019","Class III","festpak clearly fun SPF30 sunscreen lotion SPF 30 SUNSCREEN LOTION Active Ingredients Octinoxate 7.5%, Octisalate 2.0%, Oxybenzone 4.0% Titanium Dioxide 2.5% Sunscreen Distributed by: festpak - Austin, TX 78732 Made in China","20, 000","CGMP deviations: Stability testing was not conducted on manufactured sunscreen and hand sanitizer OTC products.","04/01/2019","07/27/2019","06/06/2023","08/07/2019","Lot #: 20181008, Exp 10/07/2020; 20181009, Exp 10/08/2020"
"Drugs","No","10/07/2019","83050","Ongoing","Teva Pharmaceuticals USA","400 Interpace Pkwy","N/A","Parsippany","NJ","	07054-1120","United States","Voluntary: Firm initiated","E-Mail","Nationwide by 4 major distributors.","D-1455-2019","Class II","LOSARTAN POTASSIUM 50 mg TABLET BULK  90 count bottles and 1000 count bottles, NDC 00591-3746-00","2,924,000 tablets","CGMP Deviations: impurity for N-Nitroso-N-methyl-4-aminobutyric acid (NMBA) detected in the active pharmaceutical ingredient (API) used to manufacture finished products.","06/06/2019","07/09/2019","N/A","07/17/2019","Arrow Malta (Teva) Bulk Product Lot #  1169752A, exp. date 01/2020, 1000 tablets/bottle  1169753A, exp. date 01/2020, 90 tablets/bottle    Golden State Medical Finished Product Lot #  GS017387, exp. date 01/2020  GS017651, exp. date 01/2020  GS017479, exp. date 01/2020"
"Drugs","No","10/07/2019","83050","Ongoing","Teva Pharmaceuticals USA","400 Interpace Pkwy","N/A","Parsippany","NJ","	07054-1120","United States","Voluntary: Firm initiated","E-Mail","Nationwide by 4 major distributors.","D-1456-2019","Class II","LOSARTAN POTASSIUM 100 mg TABLET BULK  90 count bottles, NDC 00591-3747-00","2,943,000 tablets","CGMP Deviations: impurity for N-Nitroso-N-methyl-4-aminobutyric acid (NMBA) detected in the active pharmaceutical ingredient (API) used to manufacture finished products.","06/06/2019","07/09/2019","N/A","07/17/2019","Arrow Malta (Teva) Bulk Product Lot #  1163892A, exp. date 01/2020  1163893A, exp. date 01/2020  1163894A, exp. date 01/2020  1163895A, exp. date 01/2020    Golden State Medical Finished Product Lot #    GS017042, exp. date 01/2020  GS017043, exp. date 01/2020  GS017044, exp. date 01/2020  GS017541, exp. date 01/2020"
"Drugs","No","","83074","Terminated","RXQ Compounding LLC","340 W State St Unit 9","N/A","Athens","OH","	45701-1564","United States","Voluntary: Firm initiated","Press Release","Nationwide USA","D-1634-2019","Class II","Ascorbic Acid 500 MG/ML (Non-Corn) Injection (PFV), 50 mL per vial, RXQ Compounding, 340 West State Street, Unit 9, Athens, OH 45701.  NDC: 70731-0173-10","N/A","Crystallization","06/19/2019","08/08/2019","09/16/2022","08/14/2019","All lots within expiry"
"Drugs","No","","83117","Terminated","InvaGen Pharmaceuticals, Inc.","550 S Research Pl","N/A","Central Islip","NY","	11722-4415","United States","Voluntary: Firm initiated","Letter","Nationwide","D-1454-2019","Class III","Testosterone Topical Solution 30mg of testosterone per pump actuation * each actuation delivers 1.5 mL of solution Total contents: 110 mL to deliver 90 mL, Manufactured by: Cipla Ltd, Verna Goa, India Manufactured for: Cipla USA, Inc., Sunrise, FL 33323 NDC 69097-363-44","1776 bottles","Defective Container; actuator may improperly function and affect dose delivery.","06/12/2019","07/03/2019","01/28/2021","07/10/2019","Lot GH80480 and GH80481, exp 3/2020"
"Drugs","No","","83136","Terminated","Infusion Options, Inc.","5924 13th Ave","N/A","Brooklyn","NY","	11219-4934","United States","Voluntary: Firm initiated","Letter","NY only","D-1744-2019","Class II","Oxytocin 60 units/1000 mL Lactated Ringers Intravenous Solution, Rx Only, Infusion Options, Inc. 5924 13the Ave, Brooklyn, NY 11219-4934, 718-283-7233","820 60 units/bag","Lack of Assurance of Sterility","06/12/2019","08/15/2019","03/21/2025","08/21/2019","All lots within expiry"
"Drugs","No","","83137","Terminated","Amneal Pharmaceuticals, Inc.","50 Horseblock Rd","N/A","Brookhaven","NY","	11719-9509","United States","Voluntary: Firm initiated","Letter","Nationwide within the United States","D-1438-2019","Class III","Esterified Estrogens & Methyltestosterone Tablets, USP  0.625 mg/1.25 mg, 100-count bottles, Rx Only, Manufactured by: Ammeal Pharmaceuticals of NY Hauppauge, NY 11788 Distributed by: Seton Pharmaceuticals Manasquan, NJ 08736, NDC 13925-171-01     ","19104 units","Subpotent Drug: Out of specification assay result in Esterified Estrogen and Methyltestosterone tablets.","09/25/2017","07/01/2019","08/08/2019","07/10/2019","Lot #: HL05715, HL05815, Exp. 11/2017"
"Drugs","No","","83137","Terminated","Amneal Pharmaceuticals, Inc.","50 Horseblock Rd","N/A","Brookhaven","NY","	11719-9509","United States","Voluntary: Firm initiated","Letter","Nationwide within the United States","D-1439-2019","Class III","Esterified Estrogens & Methyltestosterone Tablets, USP  1.25 mg/2.5 mg, 100-count bottles, Rx Only, Manufactured by: Ammeal Pharmaceuticals of NY Hauppauge, NY 11788 Distributed by: Seton Pharmaceuticals Manasquan, NJ 08736, NDC 13925-172-01     ","19176 units","Subpotent Drug: Out of specification assay result in Esterified Estrogen and Methyltestosterone tablets.","09/25/2017","07/01/2019","08/08/2019","07/10/2019","Lot #: HL06015, HL06115, Exp. 10/2017"
"Drugs","No","","83018","Terminated","NingBo Huize Commodity Co.,Ltd.","14 Lizhou Road","N/A","Yuyao","N/A","	N/A","China","Voluntary: Firm initiated","Telephone","Foreign manufacturer located in China and distributed to seven consignees located in China.","D-1534-2019","Class III","Texas Home Health Home Care Hospice Personal Care Hand Sanitizer (Ethyl Alcohol 62%), 0.33 oz/10 mL, OTC, Made in China","50,000","CGMP deviations: Stability testing was not conducted on manufactured sunscreen and hand sanitizer OTC products.","04/01/2019","07/27/2019","06/06/2023","08/07/2019","Lot #: 20180410, Exp 4/9/2020; 20180411, Exp 4/10/2020; 20180830, Exp 8/29/2020; 20180831, Exp 8/30/2020"
"Drugs","No","","83018","Terminated","NingBo Huize Commodity Co.,Ltd.","14 Lizhou Road","N/A","Yuyao","N/A","	N/A","China","Voluntary: Firm initiated","Telephone","Foreign manufacturer located in China and distributed to seven consignees located in China.","D-1535-2019","Class III","Tootsie Roll POP ORANGE SCENTED ANTIBACTERIAL HAND GEL (Ethyl Alcohol 62%), 1.35 fl oz / 40 mL, OTC, Distributed by: JFL Enterprises, Inc. Cleveland, Ohio 44102.","5112","CGMP deviations: Stability testing was not conducted on manufactured sunscreen and hand sanitizer OTC products.","04/01/2019","07/27/2019","06/06/2023","08/07/2019","Lot #: 20181015, Exp 10/14/2020"
"Drugs","No","","83018","Terminated","NingBo Huize Commodity Co.,Ltd.","14 Lizhou Road","N/A","Yuyao","N/A","	N/A","China","Voluntary: Firm initiated","Telephone","Foreign manufacturer located in China and distributed to seven consignees located in China.","D-1536-2019","Class III","Tootsie Roll POP CHOCOLATE SCENTED ANTIBACTERIAL HAND GEL (Ethyl Alcohol 62%), 1.35 fl oz / 40 mL, OTC, Distributed by: JFL Enterprises, Inc. Cleveland, Ohio 44102.","5112","CGMP deviations: Stability testing was not conducted on manufactured sunscreen and hand sanitizer OTC products.","04/01/2019","07/27/2019","06/06/2023","08/07/2019","Lot #: 20181016, Exp 10/15/2020"
"Drugs","No","","83018","Terminated","NingBo Huize Commodity Co.,Ltd.","14 Lizhou Road","N/A","Yuyao","N/A","	N/A","China","Voluntary: Firm initiated","Telephone","Foreign manufacturer located in China and distributed to seven consignees located in China.","D-1537-2019","Class III","Tootsie Roll POP RASPBERRY SCENTED ANTIBACTERIAL HAND GEL (Ethyl Alcohol 62%), 1.35 fl oz / 40 mL, OTC, Distributed by: JFL Enterprises, Inc. Cleveland, Ohio 44102.","5112","CGMP deviations: Stability testing was not conducted on manufactured sunscreen and hand sanitizer OTC products.","04/01/2019","07/27/2019","06/06/2023","08/07/2019","Lot #: 20181017, Exp 10/16/2020"
"Drugs","No","","83018","Terminated","NingBo Huize Commodity Co.,Ltd.","14 Lizhou Road","N/A","Yuyao","N/A","	N/A","China","Voluntary: Firm initiated","Telephone","Foreign manufacturer located in China and distributed to seven consignees located in China.","D-1538-2019","Class III","DOTS SCENTED ANTIBACTERIAL HAND GEL ORANGE (Ethyl Alcohol 62%), 1.35 fl oz / 40 mL, OTC, Distributed by: JFL Enterprises, Inc. Cleveland, Ohio 44102.","3852","CGMP deviations: Stability testing was not conducted on manufactured sunscreen and hand sanitizer OTC products.","04/01/2019","07/27/2019","06/06/2023","08/07/2019","Lot #: 20181019, Exp 10/18/2020"
"Drugs","No","","83018","Terminated","NingBo Huize Commodity Co.,Ltd.","14 Lizhou Road","N/A","Yuyao","N/A","	N/A","China","Voluntary: Firm initiated","Telephone","Foreign manufacturer located in China and distributed to seven consignees located in China.","D-1539-2019","Class III","DOTS SCENTED ANTIBACTERIAL HAND GEL LIME (Ethyl Alcohol 62%), 1.35 fl oz / 40 mL, OTC, Distributed by: JFL Enterprises, Inc. Cleveland, Ohio 44102.","3852","CGMP deviations: Stability testing was not conducted on manufactured sunscreen and hand sanitizer OTC products.","04/01/2019","07/27/2019","06/06/2023","08/07/2019","Lot #: 20181022, Exp 10/21/2020"
"Drugs","No","","83018","Terminated","NingBo Huize Commodity Co.,Ltd.","14 Lizhou Road","N/A","Yuyao","N/A","	N/A","China","Voluntary: Firm initiated","Telephone","Foreign manufacturer located in China and distributed to seven consignees located in China.","D-1540-2019","Class III","DOTS SCENTED ANTIBACTERIAL HAND GEL STRAWBRRY (Ethyl Alcohol 62%), 1.35 fl oz / 40 mL, OTC, Distributed by: JFL Enterprises, Inc. Cleveland, Ohio 44102.","3852","CGMP deviations: Stability testing was not conducted on manufactured sunscreen and hand sanitizer OTC products.","04/01/2019","07/27/2019","06/06/2023","08/07/2019","Lot #: 20181023, Exp 10/22/2020"
"Drugs","No","","83018","Terminated","NingBo Huize Commodity Co.,Ltd.","14 Lizhou Road","N/A","Yuyao","N/A","	N/A","China","Voluntary: Firm initiated","Telephone","Foreign manufacturer located in China and distributed to seven consignees located in China.","D-1541-2019","Class III","DOTS SCENTED ANTIBACTERIAL HAND GEL LEMON (Ethyl Alcohol 62%), 1.35 fl oz / 40 mL, OTC, Distributed by: JFL Enterprises, Inc. Cleveland, Ohio 44102.","3852","CGMP deviations: Stability testing was not conducted on manufactured sunscreen and hand sanitizer OTC products.","04/01/2019","07/27/2019","06/06/2023","08/07/2019","Lot #: 20181024, Exp 10/23/2020"
"Drugs","No","","83018","Terminated","NingBo Huize Commodity Co.,Ltd.","14 Lizhou Road","N/A","Yuyao","N/A","	N/A","China","Voluntary: Firm initiated","Telephone","Foreign manufacturer located in China and distributed to seven consignees located in China.","D-1542-2019","Class III","CHARMS BLOW POP CHERRY SCENTED ANTIBACTERIAL HAND GEL (Ethyl Alcohol 62%), 1.35 fl oz / 40 mL, OTC, Distributed by: JFL Enterprises, Inc. Cleveland, Ohio 44102.","18036","CGMP deviations: Stability testing was not conducted on manufactured sunscreen and hand sanitizer OTC products.","04/01/2019","07/27/2019","06/06/2023","08/07/2019","Lot #: 20181025, Exp 10/24/2020; 20181026, Exp 10/25/2020"
"Drugs","No","","83018","Terminated","NingBo Huize Commodity Co.,Ltd.","14 Lizhou Road","N/A","Yuyao","N/A","	N/A","China","Voluntary: Firm initiated","Telephone","Foreign manufacturer located in China and distributed to seven consignees located in China.","D-1543-2019","Class III","CHARMS BLOW POP WATERMELON SCENTED ANTIBACTERIAL HAND GEL (Ethyl Alcohol 62%), 1.35 fl oz / 40 mL, OTC, Distributed by: JFL Enterprises, Inc. Cleveland, Ohio 44102.","18036","CGMP deviations: Stability testing was not conducted on manufactured sunscreen and hand sanitizer OTC products.","04/01/2019","07/27/2019","06/06/2023","08/07/2019","Lot #: 20181029, Exp 10/28/2020; 20181030, Exp 10/29/2020"
"Drugs","No","","83018","Terminated","NingBo Huize Commodity Co.,Ltd.","14 Lizhou Road","N/A","Yuyao","N/A","	N/A","China","Voluntary: Firm initiated","Telephone","Foreign manufacturer located in China and distributed to seven consignees located in China.","D-1544-2019","Class III","CHARMS BLOW POP BLUE RAZZ BERRY SCENTED ANTIBACTERIAL HAND GEL (Ethyl Alcohol 62%), 1.35 fl oz / 40 mL, OTC, Distributed by: JFL Enterprises, Inc. Cleveland, Ohio 44102.","18036","CGMP deviations: Stability testing was not conducted on manufactured sunscreen and hand sanitizer OTC products.","04/01/2019","07/27/2019","06/06/2023","08/07/2019","Lot #: 20181031, Exp 10/28/2020; 20181101, Exp 10/31/2020"
"Drugs","No","","83018","Terminated","NingBo Huize Commodity Co.,Ltd.","14 Lizhou Road","N/A","Yuyao","N/A","	N/A","China","Voluntary: Firm initiated","Telephone","Foreign manufacturer located in China and distributed to seven consignees located in China.","D-1545-2019","Class III","CHARMS BLOW POP SOUR APPLE SCENTED ANTIBACTERIAL HAND GEL (Ethyl Alcohol 62%), 1.35 fl oz / 40 mL, OTC, Distributed by: JFL Enterprises, Inc. Cleveland, Ohio 44102.","18036","CGMP deviations: Stability testing was not conducted on manufactured sunscreen and hand sanitizer OTC products.","04/01/2019","07/27/2019","06/06/2023","08/07/2019","Lot #: 20181102, Exp 11/1/2020; 20181105, Exp 11/4/2020"
"Drugs","No","","83018","Terminated","NingBo Huize Commodity Co.,Ltd.","14 Lizhou Road","N/A","Yuyao","N/A","	N/A","China","Voluntary: Firm initiated","Telephone","Foreign manufacturer located in China and distributed to seven consignees located in China.","D-1546-2019","Class III","AMERICA'S ORIGINAL DUBBLE BUBBLE SCENTED ANTIBACTERIAL HAND GEL (Ethyl Alcohol 62%), 1.35 fl oz / 40 mL, OTC, Distributed by: JFL Enterprises, Inc. Cleveland, Ohio 44102.","20160","CGMP deviations: Stability testing was not conducted on manufactured sunscreen and hand sanitizer OTC products.","04/01/2019","07/27/2019","06/06/2023","08/07/2019","Lot #: 20181106, Exp 11/5/2020; 20181107, Exp 11/6/2020"
"Drugs","No","","83018","Terminated","NingBo Huize Commodity Co.,Ltd.","14 Lizhou Road","N/A","Yuyao","N/A","	N/A","China","Voluntary: Firm initiated","Telephone","Foreign manufacturer located in China and distributed to seven consignees located in China.","D-1547-2019","Class III","AMERICA'S ORIGINAL DUBBLE BUBBLE Pink Lemonade SCENTED ANTIBACTERIAL HAND GEL (Ethyl Alcohol 62%), 1.35 fl oz / 40 mL, OTC, Distributed by: JFL Enterprises, Inc. Cleveland, Ohio 44102.","20,160","CGMP deviations: Stability testing was not conducted on manufactured sunscreen and hand sanitizer OTC products.","04/01/2019","07/27/2019","06/06/2023","08/07/2019","Lot #: 20181108, Exp 11/7/2020; 20181109, Exp 11/8/2020"
"Drugs","No","","83018","Terminated","NingBo Huize Commodity Co.,Ltd.","14 Lizhou Road","N/A","Yuyao","N/A","	N/A","China","Voluntary: Firm initiated","Telephone","Foreign manufacturer located in China and distributed to seven consignees located in China.","D-1548-2019","Class III","TOOTSIE ROLL FRUIT CHEWS LEMON SCENTED ANTIBACTERIAL HAND GEL (Ethyl Alcohol 62%), 1.35 fl oz / 40 mL, OTC, Distributed by: JFL Enterprises, Inc. Cleveland, Ohio 44102.","8,856","CGMP deviations: Stability testing was not conducted on manufactured sunscreen and hand sanitizer OTC products.","04/01/2019","07/27/2019","06/06/2023","08/07/2019","Lot #: 20181112, Exp 11/11/2020"
"Drugs","No","","83018","Terminated","NingBo Huize Commodity Co.,Ltd.","14 Lizhou Road","N/A","Yuyao","N/A","	N/A","China","Voluntary: Firm initiated","Telephone","Foreign manufacturer located in China and distributed to seven consignees located in China.","D-1549-2019","Class III","TOOTSIE ROLL FRUIT CHEWS VANILLA SCENTED ANTIBACTERIAL HAND GEL (Ethyl Alcohol 62%), 1.35 fl oz / 40 mL, OTC, Distributed by: JFL Enterprises, Inc. Cleveland, Ohio 44102.","8,856","CGMP deviations: Stability testing was not conducted on manufactured sunscreen and hand sanitizer OTC products.","04/01/2019","07/27/2019","06/06/2023","08/07/2019","Lot #: 20181113, Exp 11/12/2020"
"Drugs","No","","83018","Terminated","NingBo Huize Commodity Co.,Ltd.","14 Lizhou Road","N/A","Yuyao","N/A","	N/A","China","Voluntary: Firm initiated","Telephone","Foreign manufacturer located in China and distributed to seven consignees located in China.","D-1550-2019","Class III","TOOTSIE ROLL FRUIT CHEWS LIME SCENTED ANTIBACTERIAL HAND GEL (Ethyl Alcohol 62%), 1.35 fl oz / 40 mL, OTC, Distributed by: JFL Enterprises, Inc. Cleveland, Ohio 44102.","8,856","CGMP deviations: Stability testing was not conducted on manufactured sunscreen and hand sanitizer OTC products.","04/01/2019","07/27/2019","06/06/2023","08/07/2019","Lot #: 20181114, Exp 11/13/2020"
"Drugs","No","","83018","Terminated","NingBo Huize Commodity Co.,Ltd.","14 Lizhou Road","N/A","Yuyao","N/A","	N/A","China","Voluntary: Firm initiated","Telephone","Foreign manufacturer located in China and distributed to seven consignees located in China.","D-1551-2019","Class III","TOOTSIE ROLL SCENTED ANTIBACTERIAL HAND GEL (Ethyl Alcohol 62%), 1.35 fl oz / 40 mL, OTC, Distributed by: JFL Enterprises, Inc. Cleveland, Ohio 44102.","8,856","CGMP deviations: Stability testing was not conducted on manufactured sunscreen and hand sanitizer OTC products.","04/01/2019","07/27/2019","06/06/2023","08/07/2019","Lot #: 20181115, Exp 11/14/2020"
"Drugs","No","","83018","Terminated","NingBo Huize Commodity Co.,Ltd.","14 Lizhou Road","N/A","Yuyao","N/A","	N/A","China","Voluntary: Firm initiated","Telephone","Foreign manufacturer located in China and distributed to seven consignees located in China.","D-1552-2019","Class III","AIR HEADS STRAWBERRY SCENTED ANTIBACTERIAL HAND GEL (Ethyl Alcohol 62%), 1.35 fl oz / 40 mL, OTC, Distributed by: JFL Enterprises, Inc. Cleveland, Ohio 44102.","13,068","CGMP deviations: Stability testing was not conducted on manufactured sunscreen and hand sanitizer OTC products.","04/01/2019","07/27/2019","06/06/2023","08/07/2019","Lot #: 20181116, Exp 11/15/2020; 20181119, Exp 11/18/2020"
"Drugs","No","","83018","Terminated","NingBo Huize Commodity Co.,Ltd.","14 Lizhou Road","N/A","Yuyao","N/A","	N/A","China","Voluntary: Firm initiated","Telephone","Foreign manufacturer located in China and distributed to seven consignees located in China.","D-1553-2019","Class III","AIR HEADS BLUE RASPBERRY SCENTED ANTIBACTERIAL HAND GEL (Ethyl Alcohol 62%), 1.35 fl oz / 40 mL, OTC, Distributed by: JFL Enterprises, Inc. Cleveland, Ohio 44102.","13,068","CGMP deviations: Stability testing was not conducted on manufactured sunscreen and hand sanitizer OTC products.","04/01/2019","07/27/2019","06/06/2023","08/07/2019","Lot #: 20181120, Exp 11/19/2020; 20181121, Exp 11/20/2020"
"Drugs","No","","83018","Terminated","NingBo Huize Commodity Co.,Ltd.","14 Lizhou Road","N/A","Yuyao","N/A","	N/A","China","Voluntary: Firm initiated","Telephone","Foreign manufacturer located in China and distributed to seven consignees located in China.","D-1554-2019","Class III","AIR HEADS PINK LEMONADE SCENTED ANTIBACTERIAL HAND GEL (Ethyl Alcohol 62%), 1.35 fl oz / 40 mL, OTC, Distributed by: JFL Enterprises, Inc. Cleveland, Ohio 44102.","13,068","CGMP deviations: Stability testing was not conducted on manufactured sunscreen and hand sanitizer OTC products.","04/01/2019","07/27/2019","06/06/2023","08/07/2019","Lot #: 20181122, Exp 11/21/2020; 20181123, Exp 11/22/2020"
"Drugs","No","","83018","Terminated","NingBo Huize Commodity Co.,Ltd.","14 Lizhou Road","N/A","Yuyao","N/A","	N/A","China","Voluntary: Firm initiated","Telephone","Foreign manufacturer located in China and distributed to seven consignees located in China.","D-1555-2019","Class III","AIR HEADS ORANGE SCENTED ANTIBACTERIAL HAND GEL (Ethyl Alcohol 62%), 1.35 fl oz / 40 mL, OTC, Distributed by: JFL Enterprises, Inc. Cleveland, Ohio 44102.","13,068","CGMP deviations: Stability testing was not conducted on manufactured sunscreen and hand sanitizer OTC products.","04/01/2019","07/27/2019","06/06/2023","08/07/2019","Lot #: 20181126, Exp 11/25/2020; 20181127, Exp 11/26/2020"
"Drugs","No","","83018","Terminated","NingBo Huize Commodity Co.,Ltd.","14 Lizhou Road","N/A","Yuyao","N/A","	N/A","China","Voluntary: Firm initiated","Telephone","Foreign manufacturer located in China and distributed to seven consignees located in China.","D-1556-2019","Class III","ICEE LEMON LIME SCENTED ANTIBACTERIAL HAND GEL (Ethyl Alcohol 62%), 1.35 fl oz / 40 mL, OTC, Distributed by: JFL Enterprises, Inc. Cleveland, Ohio 44102.","13,068","CGMP deviations: Stability testing was not conducted on manufactured sunscreen and hand sanitizer OTC products.","04/01/2019","07/27/2019","06/06/2023","08/07/2019","Lot #: 20181128, Exp 11/27/2020; 20181129, Exp 11/28/2020"
"Drugs","No","","83018","Terminated","NingBo Huize Commodity Co.,Ltd.","14 Lizhou Road","N/A","Yuyao","N/A","	N/A","China","Voluntary: Firm initiated","Telephone","Foreign manufacturer located in China and distributed to seven consignees located in China.","D-1557-2019","Class III","ICEE PEACH SCENTED ANTIBACTERIAL HAND GEL (Ethyl Alcohol 62%), 1.35 fl oz / 40 mL, OTC, Distributed by: JFL Enterprises, Inc. Cleveland, Ohio 44102.","13,068","CGMP deviations: Stability testing was not conducted on manufactured sunscreen and hand sanitizer OTC products.","04/01/2019","07/27/2019","06/06/2023","08/07/2019","Lot #: 20181130, Exp 11/29/2020; 20181203, Exp 12/2/2020"
"Drugs","No","","83018","Terminated","NingBo Huize Commodity Co.,Ltd.","14 Lizhou Road","N/A","Yuyao","N/A","	N/A","China","Voluntary: Firm initiated","Telephone","Foreign manufacturer located in China and distributed to seven consignees located in China.","D-1558-2019","Class III","ICEE CHERRY SCENTED ANTIBACTERIAL HAND GEL (Ethyl Alcohol 62%), 1.35 fl oz / 40 mL, OTC, Distributed by: JFL Enterprises, Inc. Cleveland, Ohio 44102.","13,068","CGMP deviations: Stability testing was not conducted on manufactured sunscreen and hand sanitizer OTC products.","04/01/2019","07/27/2019","06/06/2023","08/07/2019","Lot #: 20181204, Exp 12/3/2020; 20181205, Exp 12/4/2020"
"Drugs","No","","83018","Terminated","NingBo Huize Commodity Co.,Ltd.","14 Lizhou Road","N/A","Yuyao","N/A","	N/A","China","Voluntary: Firm initiated","Telephone","Foreign manufacturer located in China and distributed to seven consignees located in China.","D-1559-2019","Class III","ICEE BLUE RASPBERRY SCENTED ANTIBACTERIAL HAND GEL (Ethyl Alcohol 62%), 1.35 fl oz / 40 mL, OTC, Distributed by: JFL Enterprises, Inc. Cleveland, Ohio 44102.","13,068","CGMP deviations: Stability testing was not conducted on manufactured sunscreen and hand sanitizer OTC products.","04/01/2019","07/27/2019","06/06/2023","08/07/2019","Lot #: 20181206, Exp 12/5/2020; 20181207, Exp 12/6/2020"
"Drugs","No","","83018","Terminated","NingBo Huize Commodity Co.,Ltd.","14 Lizhou Road","N/A","Yuyao","N/A","	N/A","China","Voluntary: Firm initiated","Telephone","Foreign manufacturer located in China and distributed to seven consignees located in China.","D-1560-2019","Class III","DIPPIN' DOTS SCENTED BANANA SPLIT ANTIBACTERIAL HAND GEL (Ethyl Alcohol 62%), 1.35 fl oz / 40 mL, OTC, Distributed by: JFL Enterprises, Inc. Cleveland, Ohio 44102.","13,068","CGMP deviations: Stability testing was not conducted on manufactured sunscreen and hand sanitizer OTC products.","04/01/2019","07/27/2019","06/06/2023","08/07/2019","Lot #: 20181210, Exp 12/09/2020"
"Drugs","No","","83018","Terminated","NingBo Huize Commodity Co.,Ltd.","14 Lizhou Road","N/A","Yuyao","N/A","	N/A","China","Voluntary: Firm initiated","Telephone","Foreign manufacturer located in China and distributed to seven consignees located in China.","D-1561-2019","Class III","DIPPIN' DOTS SCENTED BIRTHDAY CAKE ANTIBACTERIAL HAND GEL (Ethyl Alcohol 62%), 1.35 fl oz / 40 mL, OTC, Distributed by: JFL Enterprises, Inc. Cleveland, Ohio 44102.","13,068","CGMP deviations: Stability testing was not conducted on manufactured sunscreen and hand sanitizer OTC products.","04/01/2019","07/27/2019","06/06/2023","08/07/2019","Lot #: 20181211, Exp 12/10/2020"
"Drugs","No","","83018","Terminated","NingBo Huize Commodity Co.,Ltd.","14 Lizhou Road","N/A","Yuyao","N/A","	N/A","China","Voluntary: Firm initiated","Telephone","Foreign manufacturer located in China and distributed to seven consignees located in China.","D-1562-2019","Class III","DIPPIN' DOTS SCENTED COOKIES 'N CREAM ANTIBACTERIAL HAND GEL (Ethyl Alcohol 62%), 1.35 fl oz / 40 mL, OTC, Distributed by: JFL Enterprises, Inc. Cleveland, Ohio 44102.","13,068","CGMP deviations: Stability testing was not conducted on manufactured sunscreen and hand sanitizer OTC products.","04/01/2019","07/27/2019","06/06/2023","08/07/2019","Lot #: 20181212, Exp 12/11/2020"
"Drugs","No","","83018","Terminated","NingBo Huize Commodity Co.,Ltd.","14 Lizhou Road","N/A","Yuyao","N/A","	N/A","China","Voluntary: Firm initiated","Telephone","Foreign manufacturer located in China and distributed to seven consignees located in China.","D-1563-2019","Class III","DIPPIN' DOTS SCENTED COTTON CANDY ANTIBACTERIAL HAND GEL (Ethyl Alcohol 62%), 1.35 fl oz / 40 mL, OTC, Distributed by: JFL Enterprises, Inc. Cleveland, Ohio 44102.","13,068","CGMP deviations: Stability testing was not conducted on manufactured sunscreen and hand sanitizer OTC products.","04/01/2019","07/27/2019","06/06/2023","08/07/2019","Lot #: 20181213, Exp 12/12/2020"
"Drugs","No","","83018","Terminated","NingBo Huize Commodity Co.,Ltd.","14 Lizhou Road","N/A","Yuyao","N/A","	N/A","China","Voluntary: Firm initiated","Telephone","Foreign manufacturer located in China and distributed to seven consignees located in China.","D-1564-2019","Class III","Lemon Hand Sanitizer (Alcohol 62%), 30 mL / 1.0 fl.oz, OTC, Made in China.","126,500","CGMP deviations: Stability testing was not conducted on manufactured sunscreen and hand sanitizer OTC products.","04/01/2019","07/27/2019","06/06/2023","08/07/2019","Lot #: 20170410, Exp 04/09/2019; 20170515, Exp 05/14/2019; 20170516, Exp 05/15/2019; 20170517, Exp 05/16/2019; 20170518, Exp 05/17/2019; 20170519, Exp 05/18/2019; 20170522, Exp 05/21/2019; 20170523, Exp 05/22/2019: 20170524, Exp 05/23/2019; 20170525, Exp 05/24/2019; 20170526, Exp 05/25/2019; 20180615, Exp 06/14/2020"
"Drugs","No","","83151","Terminated","Macleods Pharma Usa Inc","666 Plainsboro Rd Bldg 200 Ste 230","N/A","Plainsboro","NJ","	08536-0009","United States","Voluntary: Firm initiated","Letter","Nationwide","D-1457-2019","Class II","Losartan Potassium Tablets, USP 50 mg 90 tablets Rx Only Manufactured for: Macleods Pharma USA inc. Plainsboro, NJ 08536   Manufactured by: Macleods Pharmaceuticals, Ltd. Baddi, Himachal Pradesh, INDIA   NDC 33342-045-10","47520 bottles (4,276,800 tablets)","CGMP Deviations: impurity for N-Nitroso-N-methyl-4-aminobutyric acid (NMBA) detected in the active pharmaceutical ingredient (API) used to manufacture finished products.","06/20/2019","07/09/2019","10/26/2021","07/17/2019","BLI711A Nov 2019"
"Drugs","No","","83151","Terminated","Macleods Pharma Usa Inc","666 Plainsboro Rd Bldg 200 Ste 230","N/A","Plainsboro","NJ","	08536-0009","United States","Voluntary: Firm initiated","Letter","Nationwide","D-1458-2019","Class II","Losartan Potassium Tablets 50 mg 1000 Tablets, USP Rx Only  Manufactured for: Macleods Pharma USA inc. Plainsboro, NJ 08536   Manufactured by: Macleods Pharmaceuticals, Ltd. Baddi, Himachal Pradesh, INDIA   NDC 33342-045-44","4277 bottles (4,277,000 tablets)","CGMP Deviations: impurity for N-Nitroso-N-methyl-4-aminobutyric acid (NMBA) detected in the active pharmaceutical ingredient (API) used to manufacture finished products.","06/20/2019","07/09/2019","10/26/2021","07/17/2019","BLI710A Nov 2019"
"Drugs","No","08/07/2019","83151","Terminated","Macleods Pharma Usa Inc","666 Plainsboro Rd Bldg 200 Ste 230","N/A","Plainsboro","NJ","	08536-0009","United States","Voluntary: Firm initiated","Letter","Nationwide","D-1459-2019","Class II","Losartan Potassium and Hydrochlorothiazide Tablets, USP 50 mg/12.5 mg 90 Tablets, USP  Manufactured for: Macleods Pharma USA inc. Plainsboro, NJ 08536   Manufactured by: Macleods Pharmaceuticals, Ltd. Baddi, Himachal Pradesh, INDIA   NDC 33342-050-10","142626 bottles (12,836,340 tablets)","CGMP Deviations: impurity for N-Nitroso-N-methyl-4-aminobutyric acid (NMBA) detected in the active pharmaceutical ingredient (API) used to manufacture finished products.","06/20/2019","07/09/2019","10/26/2021","07/17/2019","BLK719A Sep-19  BLK720A Sep-19  BLK721A Sep-19  BLK722A Sep-19  BLK723A Sep-19  BLK724A Sep-19  BLK725A Oct-19  BLK726A Oct-19  BLK804A Jan-20  BLK806A Jan-20  BLK825A Oct-21  BLK826A Oct-21"
"Drugs","No","08/07/2019","83151","Terminated","Macleods Pharma Usa Inc","666 Plainsboro Rd Bldg 200 Ste 230","N/A","Plainsboro","NJ","	08536-0009","United States","Voluntary: Firm initiated","Letter","Nationwide","D-1460-2019","Class II","Losartan Potassium and Hydrochlorothiazide Tablets, USP 100 mg/12.5 mg 90 Tablets, USP  Manufactured for: Macleods Pharma USA inc. Plainsboro, NJ 08536   Manufactured by: Macleods Pharmaceuticals, Ltd. Baddi, Himachal Pradesh, INDIA     NDC 33342-051-10","29106 bottles (2,619,540 tablets)","CGMP Deviations: impurity for N-Nitroso-N-methyl-4-aminobutyric acid (NMBA) detected in the active pharmaceutical ingredient (API) used to manufacture finished products.","06/20/2019","07/09/2019","10/26/2021","07/17/2019","BLL801A Dec-19  BLL802A Dec-19  BLL803A Dec-19"
"Drugs","No","08/07/2019","83151","Terminated","Macleods Pharma Usa Inc","666 Plainsboro Rd Bldg 200 Ste 230","N/A","Plainsboro","NJ","	08536-0009","United States","Voluntary: Firm initiated","Letter","Nationwide","D-1461-2019","Class II","Losartan Potassium andHydrochlorothiazide Tablets 100 mg/25 mg 90 tablets, USP Rx Only,  Manufactured for: Macleods Pharma USA inc. Plainsboro, NJ 08536   Manufactured by: Macleods Pharmaceuticals, Ltd. Baddi, Himachal Pradesh, INDIA   NDC 33342-052-10","145162 bottles (13,064,580 tablets)","CGMP Deviations: impurity for N-Nitroso-N-methyl-4-aminobutyric acid (NMBA) detected in the active pharmaceutical ingredient (API) used to manufacture finished products.","06/20/2019","07/09/2019","10/26/2021","07/17/2019","BLM716A  Jul-19  BLM717A Jul-19  BLM719A Aug-19  BLM720A  Aug-19  BLM721A  Sep-19  BLM722A Sep-19  BLM723A Oct-19  BLM724A  Oct-19  BLM725A  Oct-19  BLM726A  Nov-19  BLM802A  Dec-19  BLM803A  Dec-19  BLM825A  Sep-21  BLM826A Sep-21  BLM827A Sep-21"
"Drugs","No","","83161","Terminated","Golden State Medical Supply Inc.","5187 Camino Ruiz","N/A","Camarillo","CA","	93012-8601","United States","Voluntary: Firm initiated","N/A","US Nationwide One (1) US government account. No foreign accounts.","D-1462-2019","Class II","Losartan Potassium, 50 mg tablets, 30 count bottle, NDC 60429-317-30","4,037 bottles (121,110 tablets)","CGMP Deviations: impurity for N-Nitroso-N-methyl-4-aminobutyric acid (NMBA) detected in the active pharmaceutical ingredient (API) used to manufacture finished products.","06/14/2019","07/09/2019","02/19/2020","07/17/2019","Lot #: GS017479, Expiration 01/2020"
"Drugs","No","","83161","Terminated","Golden State Medical Supply Inc.","5187 Camino Ruiz","N/A","Camarillo","CA","	93012-8601","United States","Voluntary: Firm initiated","N/A","US Nationwide One (1) US government account. No foreign accounts.","D-1463-2019","Class II","Losartan Potassium, 50 mg tablets, 90 count bottle, NDC 60429-317-90","14,955 bottles (1,345,950 tablets)","CGMP Deviations: impurity for N-Nitroso-N-methyl-4-aminobutyric acid (NMBA) detected in the active pharmaceutical ingredient (API) used to manufacture finished products.","06/14/2019","07/09/2019","02/19/2020","07/17/2019","Lot #: GS017651, Expiration 01/2020"
"Drugs","No","","83161","Terminated","Golden State Medical Supply Inc.","5187 Camino Ruiz","N/A","Camarillo","CA","	93012-8601","United States","Voluntary: Firm initiated","N/A","US Nationwide One (1) US government account. No foreign accounts.","D-1464-2019","Class II","Losartan Potassium, 50 mg tablets, 1000 count bottle, NDC 60429-317-10","1,470 bottles (1,470,000 tablets)","CGMP Deviations: impurity for N-Nitroso-N-methyl-4-aminobutyric acid (NMBA) detected in the active pharmaceutical ingredient (API) used to manufacture finished products.","06/14/2019","07/09/2019","02/19/2020","07/17/2019","Lot #: GS017387, Expiration 01/2020"
"Drugs","No","","83161","Terminated","Golden State Medical Supply Inc.","5187 Camino Ruiz","N/A","Camarillo","CA","	93012-8601","United States","Voluntary: Firm initiated","N/A","US Nationwide One (1) US government account. No foreign accounts.","D-1465-2019","Class II","Losartan Potassium, 100 mg tablets, 90 count bottle, NDC 60429-318-90","32,835 bottles (2,955,150 tablets)","CGMP Deviations: impurity for N-Nitroso-N-methyl-4-aminobutyric acid (NMBA) detected in the active pharmaceutical ingredient (API) used to manufacture finished products.","06/14/2019","07/09/2019","02/19/2020","07/17/2019","Lot #: GS017042, Expiration 01/2020; GS017043, Expiration 01/2020; GS017044, Expiration 01/2020; GS017541, Expiration 01/2020"
"Drugs","No","07/31/2019","83190","Terminated","Pharma-Natural Inc.","14500 Nw 60th Ave Bldg 7f","N/A","Miami Lakes","FL","	33014","United States","Voluntary: Firm initiated","Letter","Consignees in FL and TX who may have further distributed Nationwide in the USA and Puerto Rico.","D-1492-2019","Class II","Oliver's Harvest CBD+Capsaicin 0.2% Pain Relief (Capsaicin 0.2%) Topical Analgesic Cream, 4 OZ (113.4 g) bottle with pump, Distributed by: Coast to Coast Natural, Inc., Wellington, FL 33414, NDC 63788-120-04.","998 bottles","CGMP Deviations: products were manufactured with lack of process validation, cleaning validation, stability studies, and other current good manufacturing practice violations.","06/21/2019","07/23/2019","10/27/2021","07/31/2019","All lots remaining within expiry."
"Drugs","No","","83074","Terminated","RXQ Compounding LLC","340 W State St Unit 9","N/A","Athens","OH","	45701-1564","United States","Voluntary: Firm initiated","Press Release","Nationwide USA","D-1635-2019","Class II","Ascorbic Acid 400 MG/ML (Non-Corn) Injection Solution, 65 mL per vial, RXQ Compounding, 340 West State Street, Unit 9, Athens, OH 45701.  NDC: 70731-0914-65","N/A","Crystallization","06/19/2019","08/08/2019","09/16/2022","08/14/2019","All lots within expiry"
"Drugs","No","","83074","Terminated","RXQ Compounding LLC","340 W State St Unit 9","N/A","Athens","OH","	45701-1564","United States","Voluntary: Firm initiated","Press Release","Nationwide USA","D-1636-2019","Class II","Ascorbic Acid 500 MG/ML (Non-Corn) INJ (MDV), 50 mL per vial, RXQ Compounding, 340 West State Street, Unit 9, Athens, OH 45701.  NDC: 70731-0975-50","N/A","Crystallization","06/19/2019","08/08/2019","09/16/2022","08/14/2019","All lots within expiry"
"Drugs","No","","83074","Terminated","RXQ Compounding LLC","340 W State St Unit 9","N/A","Athens","OH","	45701-1564","United States","Voluntary: Firm initiated","Press Release","Nationwide USA","D-1637-2019","Class II","Avastin, 25MG/ML Syringe, [a) 0.1 mL NDC 70731-0197-91; b) 0.12 mL NDC 70731-0197-92; c) 0.15 mL NDC 70731-0197-93] per vial, RXQ Compounding, 340 West State Street, Unit 9, Athens, OH 45701.","N/A","Lack of Assurance of Sterility","06/19/2019","08/08/2019","09/16/2022","08/14/2019","All lots within expiry"
"Drugs","No","","83074","Terminated","RXQ Compounding LLC","340 W State St Unit 9","N/A","Athens","OH","	45701-1564","United States","Voluntary: Firm initiated","Press Release","Nationwide USA","D-1638-2019","Class II","BUFFERED LIDOCAINE 1%+EPI 1:100,000 INJ SOL, [3ML NDC:  70731-0137-03 and 30ML NDC: 70731-0137-30] per syringe, RXQ Compounding, 340 West State Street, Unit 9, Athens, OH 45701.  NDC: 70731-0137-03","N/A","Lack of Assurance of Sterility","06/19/2019","08/08/2019","09/16/2022","08/14/2019","All lots within expiry"
"Drugs","No","","83074","Terminated","RXQ Compounding LLC","340 W State St Unit 9","N/A","Athens","OH","	45701-1564","United States","Voluntary: Firm initiated","Press Release","Nationwide USA","D-1639-2019","Class II","BUFFERED LIDOCAINE HCL 1% INJECTION SOLUTION (PF), 10ML per vial, RXQ Compounding, 340 West State Street, Unit 9, Athens, OH 45701.  NDC: 70731-0139-10","N/A","Lack of Assurance of Sterility","06/19/2019","08/08/2019","09/16/2022","08/14/2019","All lots within expiry"
"Drugs","No","","83200","Terminated","Geritrex, LLC","40 Commercial Ave","N/A","Middletown","NY","	10941-1444","United States","Voluntary: Firm initiated","Letter","U.S.A. Nationwide","D-1520-2019","Class II","Diphenhydramine Oral Liquid Alcohol Free, 12.5 mg/5 mL, 4 fl oz (118 mL), RIJ Pharmaceutical Corporation 40 Commercial Avenue Middletown, NY 10941, NDC 53807-204-04","8645 bottles","cGMP Deviations: Products may have microbial contamination.","05/31/2019","07/25/2019","02/02/2024","07/31/2019","Lot #: 70606, Exp 6/19"
"Drugs","No","","83200","Terminated","Geritrex, LLC","40 Commercial Ave","N/A","Middletown","NY","	10941-1444","United States","Voluntary: Firm initiated","Letter","U.S.A. Nationwide","D-1521-2019","Class II","Ritussin DM Children & Adults, 4 Fl. Oz. (118 mL), RIJ Pharmaceutical Corporation 40 Commercial Avenue Middletown, NY 10941, NDC 53807-409-04","5107 bottles","cGMP Deviations: Products may have microbial contamination.","05/31/2019","07/25/2019","02/02/2024","07/31/2019","Lot #: 70602, Exp 6/19"
"Drugs","No","","83200","Terminated","Geritrex, LLC","40 Commercial Ave","N/A","Middletown","NY","	10941-1444","United States","Voluntary: Firm initiated","Letter","U.S.A. Nationwide","D-1522-2019","Class II","Gericare Diocto Liquid Docusate Sodium Stool Softener, 50 mg/5mL, 16 FL OZ (473 ml), Dist. BY: Gericare Pharmaceuticals corp. 1650 63rd Street Brooklyn, NY 11204, NDC 57896-403-16","6165 bottles","cGMP Deviations: Products may have microbial contamination.","05/31/2019","07/25/2019","02/02/2024","07/31/2019","Lot #: 70612, Exp 6/19"
"Drugs","No","","83200","Terminated","Geritrex, LLC","40 Commercial Ave","N/A","Middletown","NY","	10941-1444","United States","Voluntary: Firm initiated","Letter","U.S.A. Nationwide","D-1523-2019","Class II","Gericare Iron Supplement Elixir Ferrous Sulfate, 220 mg, 16 fl oz. (473 mL), Distributed by: Geri-care Pharmaceuticals Corp. 1650 63rd Street Brooklyn, NY 11204, NDC 57896-709-16","3789 bottles","cGMP Deviations: Products may have microbial contamination.","05/31/2019","07/25/2019","02/02/2024","07/31/2019","Lot #: 70601, Exp 6/19"
"Drugs","No","","83074","Terminated","RXQ Compounding LLC","340 W State St Unit 9","N/A","Athens","OH","	45701-1564","United States","Voluntary: Firm initiated","Press Release","Nationwide USA","D-1640-2019","Class II","BUFFERED LIDOCAINE HCL 1% INJECTION SOL (PF) SYR, 0.5 ML per vial, RXQ Compounding, 340 West State Street, Unit 9, Athens, OH 45701.  NDC: 70731-0139-84","N/A","Lack of Assurance of Sterility","06/19/2019","08/08/2019","09/16/2022","08/14/2019","All lots within expiry"
"Drugs","No","","83074","Terminated","RXQ Compounding LLC","340 W State St Unit 9","N/A","Athens","OH","	45701-1564","United States","Voluntary: Firm initiated","Press Release","Nationwide USA","D-1641-2019","Class II","CALCIUM CHLORIDE 100MG/ML (PFV) INJ SOLN, 10 ML per vial, RXQ Compounding, 340 West State Street, Unit 9, Athens, OH 45701.  NDC: 70731-0920-10","N/A","Lack of Assurance of Sterility","06/19/2019","08/08/2019","09/16/2022","08/14/2019","All lots within expiry"
"Drugs","No","","83074","Terminated","RXQ Compounding LLC","340 W State St Unit 9","N/A","Athens","OH","	45701-1564","United States","Voluntary: Firm initiated","Press Release","Nationwide USA","D-1642-2019","Class II","CALCIUM GLUCONATE 5% INJECTION SOLUTION (MDV), 20 ML per vial, RXQ Compounding, 340 West State Street, Unit 9, Athens, OH 45701.  NDC: 70731-0903-20","N/A","Lack of Assurance of Sterility","06/19/2019","08/08/2019","09/16/2022","08/14/2019","All lots within expiry"
"Drugs","No","","83074","Terminated","RXQ Compounding LLC","340 W State St Unit 9","N/A","Athens","OH","	45701-1564","United States","Voluntary: Firm initiated","Press Release","Nationwide USA","D-1643-2019","Class II","Copper 0.4MG/ML (PVF) INJECTION SOLUTION, 10 ML per vial, RXQ Compounding, 340 West State Street, Unit 9, Athens, OH 45701.  NDC: 70731-0925-10","N/A","Lack of Assurance of Sterility","06/19/2019","08/08/2019","09/16/2022","08/14/2019","All lots within expiry"
"Drugs","No","","83074","Terminated","RXQ Compounding LLC","340 W State St Unit 9","N/A","Athens","OH","	45701-1564","United States","Voluntary: Firm initiated","Press Release","Nationwide USA","D-1644-2019","Class II","CYANCOBALAMIN 1200MCG/ML MDV INJECTION, 30 ML per vial, RXQ Compounding, 340 West State Street, Unit 9, Athens, OH 45701.  NDC: 70731-0946-30","N/A","Lack of Assurance of Sterility","06/19/2019","08/08/2019","09/16/2022","08/14/2019","All lots within expiry"
"Drugs","No","","83074","Terminated","RXQ Compounding LLC","340 W State St Unit 9","N/A","Athens","OH","	45701-1564","United States","Voluntary: Firm initiated","Press Release","Nationwide USA","D-1645-2019","Class II","DEXPANTHENOL 250MG/ML (MDV) INJECTION SOLN, 30ML per vial, RXQ Compounding, 340 West State Street, Unit 9, Athens, OH 45701.  NDC: 70731-0932-30","N/A","Lack of Assurance of Sterility","06/19/2019","08/08/2019","09/16/2022","08/14/2019","All lots within expiry"
"Drugs","No","","83074","Terminated","RXQ Compounding LLC","340 W State St Unit 9","N/A","Athens","OH","	45701-1564","United States","Voluntary: Firm initiated","Press Release","Nationwide USA","D-1646-2019","Class II","DEXTROSE 50% INJECTION SOLUTION (PF) SYRINGE, 50 ML per syringe, RXQ Compounding, 340 West State Street, Unit 9, Athens, OH 45701.  NDC: 70731-0969-89","N/A","Lack of Assurance of Sterility","06/19/2019","08/08/2019","09/16/2022","08/14/2019","All lots within expiry"
"Drugs","No","","83206","Terminated","Amneal Pharmaceuticals, Inc.","50 Horseblock Rd","N/A","Brookhaven","NY","	11719-9509","United States","Voluntary: Firm initiated","Letter","Product was distributed to three major distributors who may have further distributed the product nationwide.","D-1516-2019","Class III","Methylergonovine Maleate USP 0.2 mg Tablets  a) 12 count (NDC 69238-1605-02) and b) 28 count bottles (NDC 69238-1605-08)","a) 2,256 bottles; b) 240 bottles","Presence of Foreign Tablet/Capsule; one Promethazine tablet was found in a bottle of Methylergonovine Maleate tablets","07/18/2019","07/24/2019","04/22/2020","07/31/2019","a) Lot # BA10619A, b) Lot # BA10619B, exp. date 07/2020"
"Drugs","No","","83208","Terminated","MAJOR PHARMACEUTICALS","17177 N Laurel Park Dr","N/A","Livonia","MI","	48152-2693","United States","N/A","N/A","Nationwide.","D-1466-2019","Class II","Losartan Potassium Tablets, USP. 50 mg. NDC# 0904-6390-61. Rx only. 100 count Unit Dose Cartons. Manufactured by Major Pharmaceuticals 17177 N. Laurel Park Drive Suite 233, Livonia, MI 48152.","3,102 Cartons (310,200 tablets)","CGMP Deviations: FDA lab confirmed presence of an impurity, N-Methylnitrosobutyric acid (NMBA) in the finished product above the interim acceptable daily intake level at the manufacturer","01/10/2019","07/09/2019","02/19/2023","07/17/2019","Major Label Unit Does 10 x 10 Cartons, Major Item # 301835. Lot Number: R-00474. Expiration date: 07/2019."
"Drugs","No","","83210","Terminated","AAA Pharmaceutical, Inc.","681 Main St","N/A","Lumberton","NJ","	08048-5013","United States","Voluntary: Firm initiated","Letter","KS","D-1585-2019","Class III","Smart Sense Regular Strength Aspirin Tablets, 325 mg packed in a) 100 count UPC 8-8397-38781-6 and b) 500 count UPC 8-83967-38786-1 bottles, Distributed by: Kmart Corporation Hoffman Estates, IL 60179","a) 288 bottles b) 48 bottles","Labeling; Incorrect or Missing Lot Number and/or Exp Date; Product has an incorrect expiration date of 9/2022 applied to the labeling, where the actual expiration date is 10/2021.","06/25/2019","08/02/2019","12/16/2020","08/14/2019","a) P136370, exp 9/2022  b) P136366, exp 9/2022"
"Drugs","No","","83074","Terminated","RXQ Compounding LLC","340 W State St Unit 9","N/A","Athens","OH","	45701-1564","United States","Voluntary: Firm initiated","Press Release","Nationwide USA","D-1647-2019","Class II","DEXTROSE 50% INJECTION SOLUTION (PF) VIAL, 50 ML per vial, RXQ Compounding, 340 West State Street, Unit 9, Athens, OH 45701.  NDC: 70731-0969-89","N/A","Lack of Assurance of Sterility","06/19/2019","08/08/2019","09/16/2022","08/14/2019","All lots within expiry"
"Drugs","No","","83074","Terminated","RXQ Compounding LLC","340 W State St Unit 9","N/A","Athens","OH","	45701-1564","United States","Voluntary: Firm initiated","Press Release","Nationwide USA","D-1648-2019","Class II","diazePAM 5 MG/ML INJECTION SOLUTION (C-IV) SYR, 2 ML per syringe, RXQ Compounding, 340 West State Street, Unit 9, Athens, OH 45701.  NDC: 70731-0929-02","N/A","Lack of Assurance of Sterility","06/19/2019","08/08/2019","09/16/2022","08/14/2019","All lots within expiry"
"Drugs","No","","83074","Terminated","RXQ Compounding LLC","340 W State St Unit 9","N/A","Athens","OH","	45701-1564","United States","Voluntary: Firm initiated","Press Release","Nationwide USA","D-1649-2019","Class II","DIMERCAPTO-PROPANESULFONIC 5% (DMPS)( (PFV) INJ SOL, 5 ML per vial, RXQ Compounding, 340 West State Street, Unit 9, Athens, OH 45701.  NDC: 70731-0904-05","N/A","Lack of Assurance of Sterility","06/19/2019","08/08/2019","09/16/2022","08/14/2019","All lots within expiry"
"Drugs","No","","83074","Terminated","RXQ Compounding LLC","340 W State St Unit 9","N/A","Athens","OH","	45701-1564","United States","Voluntary: Firm initiated","Press Release","Nationwide USA","D-1650-2019","Class II","EDETATE CALCIUM DISODIUM 150MG/ML INJECTABLE, 100 ML per vial, RXQ Compounding, 340 West State Street, Unit 9, Athens, OH 45701.  NDC: 70731-0934-11","N/A","Lack of Assurance of Sterility","06/19/2019","08/08/2019","09/16/2022","08/14/2019","All lots within expiry"
"Drugs","No","","83074","Terminated","RXQ Compounding LLC","340 W State St Unit 9","N/A","Athens","OH","	45701-1564","United States","Voluntary: Firm initiated","Press Release","Nationwide USA","D-1651-2019","Class II","EDETATE DISODIUM 30% INJECTABLE, 100 ML per vial, RXQ Compounding, 340 West State Street, Unit 9, Athens, OH 45701. NDC: 70731-0931-11","N/A","Lack of Assurance of Sterility","06/19/2019","08/08/2019","09/16/2022","08/14/2019","All lots within expiry"
"Drugs","No","","83074","Terminated","RXQ Compounding LLC","340 W State St Unit 9","N/A","Athens","OH","	45701-1564","United States","Voluntary: Firm initiated","Press Release","Nationwide USA","D-1652-2019","Class II","EDETATE DISODIUM 15% INJECTABLE, 30 ML per vial, RXQ Compounding, 340 West State Street, Unit 9, Athens, OH 45701. NDC: 70731-0922-30","N/A","Lack of Assurance of Sterility","06/19/2019","08/08/2019","09/16/2022","08/14/2019","All lots within expiry"
"Drugs","No","","83200","Terminated","Geritrex, LLC","40 Commercial Ave","N/A","Middletown","NY","	10941-1444","United States","Voluntary: Firm initiated","Letter","U.S.A. Nationwide","D-1524-2019","Class II","Preferred Plus Pharmacy Iron Elixir Ferrous Sulfate, 220 mg, 16 fl oz. (473 mL), Distributed by: Geri-care Pharmaceuticals Corp. 1650 63rd Street Brooklyn, NY 11204, NDC 52807-177-16","3864 bottles","cGMP Deviations: Products may have microbial contamination.","05/31/2019","07/25/2019","02/02/2024","07/31/2019","Lot #: 70601, Exp 6/19"
"Drugs","No","","83200","Terminated","Geritrex, LLC","40 Commercial Ave","N/A","Middletown","NY","	10941-1444","United States","Voluntary: Firm initiated","Letter","U.S.A. Nationwide","D-1525-2019","Class II","Ritussin DM Double Strength, 4 FL. OZ. (118 mL), RIJ Pharmaceutical Corporation 40 Commercial Avenue Middletown, NY 10941","7653 bottles","cGMP Deviations: Products may have microbial contamination.","05/31/2019","07/25/2019","02/02/2024","07/31/2019","Lot #: 70611, Exp 6/19"
"Drugs","No","","83074","Terminated","RXQ Compounding LLC","340 W State St Unit 9","N/A","Athens","OH","	45701-1564","United States","Voluntary: Firm initiated","Press Release","Nationwide USA","D-1653-2019","Class II","EDETATE DISODIUM 15% INJECTABLE, 100 ML per vial, RXQ Compounding, 340 West State Street, Unit 9, Athens, OH 45701. NDC: 70731-0922-11","N/A","Lack of Assurance of Sterility","06/19/2019","08/08/2019","09/16/2022","08/14/2019","All lots within expiry"
"Drugs","No","","83074","Terminated","RXQ Compounding LLC","340 W State St Unit 9","N/A","Athens","OH","	45701-1564","United States","Voluntary: Firm initiated","Press Release","Nationwide USA","D-1654-2019","Class II","Edetate Disodium150mg/mL PFV, 10 ML per Vial, RXQ Compounding, 340 West State Street, Unit 9, Athens, OH 45701.  NDC 70731-0934-11","N/A","Lack of Assurance of Sterility","06/19/2019","08/08/2019","09/16/2022","08/14/2019","All lots within expiry"
"Drugs","No","","83074","Terminated","RXQ Compounding LLC","340 W State St Unit 9","N/A","Athens","OH","	45701-1564","United States","Voluntary: Firm initiated","Press Release","Nationwide USA","D-1655-2019","Class II","EPHEDRINE 5MG/ML (PF) SYRINGE, 5 ML per syringe, RXQ Compounding, 340 West State Street, Unit 9, Athens, OH 45701. NDC: 70731-0201-85","N/A","Lack of Assurance of Sterility","06/19/2019","08/08/2019","09/16/2022","08/14/2019","All lots within expiry"
"Drugs","No","","83200","Terminated","Geritrex, LLC","40 Commercial Ave","N/A","Middletown","NY","	10941-1444","United States","Voluntary: Firm initiated","Letter","U.S.A. Nationwide","D-1526-2019","Class II","Gericare Geri-Tussin DM, 16 FL OZ (473 mL), Geri-care Phamaceuticals Corp. 1650 63rd Street  Brooklyn, NY, NDC 57896-660-16","6213 bottles","cGMP Deviations: Products may have microbial contamination.","05/31/2019","07/25/2019","02/02/2024","07/31/2019","Lot #: 70602, Exp 6/19"
"Drugs","No","","83074","Terminated","RXQ Compounding LLC","340 W State St Unit 9","N/A","Athens","OH","	45701-1564","United States","Voluntary: Firm initiated","Press Release","Nationwide USA","D-1656-2019","Class II","EPINEPHrine 4MG ADDED TO D5W 5%, 250 ML per bag, RXQ Compounding, 340 West State Street, Unit 9, Athens, OH 45701. NDC: 70731-0113-22","N/A","Lack of Assurance of Sterility","06/19/2019","08/08/2019","09/16/2022","08/14/2019","All lots within expiry"
"Drugs","No","","83074","Terminated","RXQ Compounding LLC","340 W State St Unit 9","N/A","Athens","OH","	45701-1564","United States","Voluntary: Firm initiated","Press Release","Nationwide USA","D-1657-2019","Class II","EPINEPHrine 1:1000 INJECTION SOLUTION (PF) Syringe, 1 ML per syringe, RXQ Compounding, 340 West State Street, Unit 9, Athens, OH 45701. NDC: 70731-0947-01","N/A","Lack of Assurance of Sterility","06/19/2019","08/08/2019","09/16/2022","08/14/2019","All lots within expiry"
"Drugs","No","","83074","Terminated","RXQ Compounding LLC","340 W State St Unit 9","N/A","Athens","OH","	45701-1564","United States","Voluntary: Firm initiated","Press Release","Nationwide USA","D-1658-2019","Class II","fentaNYL 0.05MG/ML INJ SOL (PF), 55ML per syringe (C-II) RXQ Compounding, 340 West State Street, Unit 9, Athens, OH 45701. NDC: 70731-0118-55","N/A","Lack of Assurance of Sterility","06/19/2019","08/08/2019","09/16/2022","08/14/2019","All lots within expiry"
"Drugs","No","","83074","Terminated","RXQ Compounding LLC","340 W State St Unit 9","N/A","Athens","OH","	45701-1564","United States","Voluntary: Firm initiated","Press Release","Nationwide USA","D-1659-2019","Class II","FENTANYL 2MCG/ML BUPIVACAINE 0.125% IN NACL 0.9% SRY C-II, 50ML per syringe (C-II) RXQ Compounding, 340 West State Street, Unit 9, Athens, OH 45701. NDC: 70731-0207-89","N/A","Lack of Assurance of Sterility","06/19/2019","08/08/2019","09/16/2022","08/14/2019","All lots within expiry"
"Drugs","No","","83074","Terminated","RXQ Compounding LLC","340 W State St Unit 9","N/A","Athens","OH","	45701-1564","United States","Voluntary: Firm initiated","Press Release","Nationwide USA","D-1660-2019","Class II","FOLIC ACID 10MG/ML INJECTION SOLUTION (MDV), 5 ML per vial, RXQ Compounding, 340 West State Street, Unit 9, Athens, OH 45701. NDC: 70731-0921-05","N/A","Lack of Assurance of Sterility","06/19/2019","08/08/2019","09/16/2022","08/14/2019","All lots within expiry"
"Drugs","No","","83074","Terminated","RXQ Compounding LLC","340 W State St Unit 9","N/A","Athens","OH","	45701-1564","United States","Voluntary: Firm initiated","Press Release","Nationwide USA","D-1661-2019","Class II","FOLIC ACID 5MG/ML INJECTION SOLUTION (MDV), 10 ML per vial, RXQ Compounding, 340 West State Street, Unit 9, Athens, OH 45701. NDC: 70731-0924-10","N/A","Lack of Assurance of Sterility","06/19/2019","08/08/2019","09/16/2022","08/14/2019","All lots within expiry"
"Drugs","No","","83074","Terminated","RXQ Compounding LLC","340 W State St Unit 9","N/A","Athens","OH","	45701-1564","United States","Voluntary: Firm initiated","Press Release","Nationwide USA","D-1662-2019","Class II","GLUTATHIONE 200MG/ML (PFV) INJECTION SOLN, 10 ML per vial, RXQ Compounding, 340 West State Street, Unit 9, Athens, OH 45701. NDC: 70731-0971-81","N/A","Lack of Assurance of Sterility","06/19/2019","08/08/2019","09/16/2022","08/14/2019","All lots within expiry"
"Drugs","No","","83074","Terminated","RXQ Compounding LLC","340 W State St Unit 9","N/A","Athens","OH","	45701-1564","United States","Voluntary: Firm initiated","Press Release","Nationwide USA","D-1663-2019","Class II","GLUTATHIONE 200MG/ML (MDV) INJECTION SOLN, 30 ML per vial, RXQ Compounding, 340 West State Street, Unit 9, Athens, OH 45701. NDC: 70731-0906-30","N/A","Lack of Assurance of Sterility","06/19/2019","08/08/2019","09/16/2022","08/14/2019","All lots within expiry"
"Drugs","No","","83074","Terminated","RXQ Compounding LLC","340 W State St Unit 9","N/A","Athens","OH","	45701-1564","United States","Voluntary: Firm initiated","Press Release","Nationwide USA","D-1664-2019","Class II","HYDROGEN PEROXIDE 3% INJECTABLE PFV, 30 ML per vial, RXQ Compounding, 340 West State Street, Unit 9, Athens, OH 45701. NDC: 70731-0907-30","N/A","Lack of Assurance of Sterility","06/19/2019","08/08/2019","09/16/2022","08/14/2019","All lots within expiry"
"Drugs","No","","83074","Terminated","RXQ Compounding LLC","340 W State St Unit 9","N/A","Athens","OH","	45701-1564","United States","Voluntary: Firm initiated","Press Release","Nationwide USA","D-1665-2019","Class II","HYDROMORPHONE 0.2MG/ML IN NACL 0.9% SYR (C-II) , [a) 50 ML NDC 70731-0114-89; b) 55 ML NDC 70731-0114-95] per syringe, RXQ Compounding, 340 West State Street, Unit 9, Athens, OH 45701.","N/A","Lack of Assurance of Sterility","06/19/2019","08/08/2019","09/16/2022","08/14/2019","All lots within expiry"
"Drugs","No","","83253","Terminated","First Pharma Associates LLC dba Riverpoint Pharmacy","1802 N Monroe St","N/A","Spokane","WA","	99205-4528","United States","Voluntary: Firm initiated","Telephone","ID, WA only","D-1468-2019","Class II","Testosterone Cypionate 100 mg/mL Sesame Oil Injection, 12mL vial,  Rx only, First Pharma Associates dba Riverpoint Pharmacy, Spokane, WA 99205, (509) 343-6252","24 mL","Lack of Assurance of Sterility.","06/26/2019","07/11/2019","06/06/2023","07/17/2019","Lot #: 04192019@1, Exp. 07/21/2019;  05312019@4, Exp. 09/03/2019"
"Drugs","No","","83253","Terminated","First Pharma Associates LLC dba Riverpoint Pharmacy","1802 N Monroe St","N/A","Spokane","WA","	99205-4528","United States","Voluntary: Firm initiated","Telephone","ID, WA only","D-1469-2019","Class II","Testosterone Cypionate 150 mg/mL Sesame Oil Injection, 12 mL vial,  Rx only, First Pharma Associates dba Riverpoint Pharmacy, Spokane, WA 99205, (509) 343- 6252.","12 mL","Lack of Assurance of Sterility.","06/26/2019","07/11/2019","06/06/2023","07/17/2019","Lot #: 04202019@1, Exp. 07/21/2019"
"Drugs","No","","83253","Terminated","First Pharma Associates LLC dba Riverpoint Pharmacy","1802 N Monroe St","N/A","Spokane","WA","	99205-4528","United States","Voluntary: Firm initiated","Telephone","ID, WA only","D-1470-2019","Class II","Testosterone Cypionate 200 mg/mL Sesame Oil Injection, packaged in a) 9 mL, b) 12 mL vials, Rx only, First Pharma Associates dba Riverpoint Pharmacy, Spokane, WA 99205, (509) 343- 6252","a) 18 mL b) 12mL","Lack of Assurance of Sterility.","06/26/2019","07/11/2019","06/06/2023","07/17/2019","Lot #: a) 05022019@31, Exp. 08/4/2019; 05152019@18, Exp. 08/13/2019; b)  05292019@4, Exp. 08/28/2019."
"Drugs","No","","83253","Terminated","First Pharma Associates LLC dba Riverpoint Pharmacy","1802 N Monroe St","N/A","Spokane","WA","	99205-4528","United States","Voluntary: Firm initiated","Telephone","ID, WA only","D-1471-2019","Class II","Testosterone Cypionate 200 mg/mL Ethyl Oleate Injection, packaged in a) 7.2 mL. b) 9.6 mL, c) 10.8mL vial, Rx only, First Pharma Associates dba Riverpoint Pharmacy, Spokane, WA 99205, (509) 343-6252.","a) 14.4 mL, b) 9.6 mL, c) 10.8 mL","Lack of Assurance of Sterility.","06/26/2019","07/11/2019","06/06/2023","07/17/2019","Lot #: a) 05032019@18, Exp. 08/04/2019; b) 05062019@20, Exp. 08/06/2019; c) 05132019@1, Exp. 08/13/2019."
"Drugs","No","","83253","Terminated","First Pharma Associates LLC dba Riverpoint Pharmacy","1802 N Monroe St","N/A","Spokane","WA","	99205-4528","United States","Voluntary: Firm initiated","Telephone","ID, WA only","D-1472-2019","Class II","Testosterone Cypionate 100 mg/mLOil Injection Injection, 12 mL vial, Rx only,  First Pharma Associates dba Riverpoint Pharmacy, Spokane, WA 99205, (509) 343-6252.","12 mL","Lack of Assurance of Sterility.","06/26/2019","07/11/2019","06/06/2023","07/17/2019","Lot #: 05152019@36, Exp. 09/09/2019"
"Drugs","No","","83253","Terminated","First Pharma Associates LLC dba Riverpoint Pharmacy","1802 N Monroe St","N/A","Spokane","WA","	99205-4528","United States","Voluntary: Firm initiated","Telephone","ID, WA only","D-1473-2019","Class II","Testosterone Cyp/Estradiol Cyp 50 mg/2.5 mg/mL Injection, 3mL vial, Rx only, First Pharma Associates dba Riverpoint Pharmacy, Spokane, WA 99205, (509) 343-6252.","3 mL","Lack of Assurance of Sterility.","06/26/2019","07/11/2019","06/06/2023","07/17/2019","Lot #: 06102019@31, Exp. 09/09/2019"
"Drugs","No","","83253","Terminated","First Pharma Associates LLC dba Riverpoint Pharmacy","1802 N Monroe St","N/A","Spokane","WA","	99205-4528","United States","Voluntary: Firm initiated","Telephone","ID, WA only","D-1474-2019","Class II","Hydroxyprogesterone Caproate 250 mg/mL Sesame Oil Injection, 5 mL vial, Rx only, First Pharma Associates dba Riverpoint Pharmacy, Spokane, WA 99205, (509) 343-6252","50 mL","Lack of Assurance of Sterility.","06/26/2019","07/11/2019","06/06/2023","07/17/2019","Lot #: 05152019@17, Exp. 08/13/2019"
"Drugs","No","","83253","Terminated","First Pharma Associates LLC dba Riverpoint Pharmacy","1802 N Monroe St","N/A","Spokane","WA","	99205-4528","United States","Voluntary: Firm initiated","Telephone","ID, WA only","D-1475-2019","Class II","Prostaglandin 20 mcg/mL/Procaine 0.1% Injection, packaged in a) 2.5mL and b)10 mL vial, Rx only, First Pharma Associates dba Riverpoint Pharmacy, Spokane, WA 99205 (509) 343-6252","a) 2.5 mL b) 10 mL","Lack of Assurance of Sterility.","06/26/2019","07/11/2019","06/06/2023","07/17/2019","Lot #: a) 06182019@16, Exp. 08/04/2019  b) 06032019@8, Exp. 07/18/2019"
"Drugs","No","","83253","Terminated","First Pharma Associates LLC dba Riverpoint Pharmacy","1802 N Monroe St","N/A","Spokane","WA","	99205-4528","United States","Voluntary: Firm initiated","Telephone","ID, WA only","D-1476-2019","Class II","Hydroxocobalamin 10 mg/mL Injection (ALT) Solution, 30 mL vial, Rx only, First Pharma Associates dba Riverpoint Pharmacy, Spokane, WA 99205, (509) 343-6252","60 mL","Lack of Assurance of Sterility.","06/26/2019","07/11/2019","06/06/2023","07/17/2019","Lot #: 05282019@53, Exp. 08/26/2019 and Exp. 08/28/2019"
"Drugs","No","","83253","Terminated","First Pharma Associates LLC dba Riverpoint Pharmacy","1802 N Monroe St","N/A","Spokane","WA","	99205-4528","United States","Voluntary: Firm initiated","Telephone","ID, WA only","D-1477-2019","Class II","Methylcobalamin 1 mg/mL Injection, 8 mL vial,  Rx only, First Pharma Associates dba Riverpoint Pharmacy, Spokane, WA 99205, (509) 343-6252","8 mL","Lack of Assurance of Sterility.","06/26/2019","07/11/2019","06/06/2023","07/17/2019","Lot #: 06102019@6, Exp. 08/09/2019"
"Drugs","No","","83253","Terminated","First Pharma Associates LLC dba Riverpoint Pharmacy","1802 N Monroe St","N/A","Spokane","WA","	99205-4528","United States","Voluntary: Firm initiated","Telephone","ID, WA only","D-1478-2019","Class II","Methylcobalamin 10 mg/mL Injection, 5.4 mL vial, Rx only,  First Pharma Associates dba Riverpoint Pharmacy, Spokane, WA 99205, (509) 343-6252.","5.4 mL","Lack of Assurance of Sterility.","06/26/2019","07/11/2019","06/06/2023","07/17/2019","Lot #: 06202019@29, Exp. 08/19/2019"
"Drugs","No","","83253","Terminated","First Pharma Associates LLC dba Riverpoint Pharmacy","1802 N Monroe St","N/A","Spokane","WA","	99205-4528","United States","Voluntary: Firm initiated","Telephone","ID, WA only","D-1479-2019","Class II","PAP/PHEN/PGE1 22 mg/0.8mg/8mcg/mL Injection, 5mL vial, Rx only, First Pharma Associates dba Riverpoint Pharmacy, Spokane, WA 99205, (509) 343-6252","5 mL","Lack of Assurance of Sterility.","06/26/2019","07/11/2019","06/06/2023","07/17/2019","Lot #: 06112019@32, Exp. 07/27/2019"
"Drugs","No","","83253","Terminated","First Pharma Associates LLC dba Riverpoint Pharmacy","1802 N Monroe St","N/A","Spokane","WA","	99205-4528","United States","Voluntary: Firm initiated","Telephone","ID, WA only","D-1480-2019","Class II","PAP/PHEN/PGE1 30 mg/2mg/20mcg/mL Injection, 10mL vial,  Rx only, First Pharma Associates dba Riverpoint Pharmacy, Spokane, WA 99205, (509) 343-6252","10 mL","Lack of Assurance of Sterility.","06/26/2019","07/11/2019","06/06/2023","07/17/2019","Lot #: 06122019@16, Exp. 07/27/2019"
"Drugs","No","","83253","Terminated","First Pharma Associates LLC dba Riverpoint Pharmacy","1802 N Monroe St","N/A","Spokane","WA","	99205-4528","United States","Voluntary: Firm initiated","Telephone","ID, WA only","D-1481-2019","Class II","PAP/PHEN/PGE1 30 mg/0.83mg/10mcg/mL Injection, 5 mL, Rx only, First Pharma Associates dba Riverpoint Pharmacy, Spokane, WA 99205, (509) 343-6252","5 mL","Lack of Assurance of Sterility.","06/26/2019","07/11/2019","06/06/2023","07/17/2019","Lot #: 06122019@9, Exp. 07/28/2019"
"Drugs","No","","83253","Terminated","First Pharma Associates LLC dba Riverpoint Pharmacy","1802 N Monroe St","N/A","Spokane","WA","	99205-4528","United States","Voluntary: Firm initiated","Telephone","ID, WA only","D-1482-2019","Class II","PAP/PHEN/PGE1 18 mg/0.6mg/5.88mcg/mL Injection, 5 mL vial, Rx only, First Pharma Associates dba Riverpoint Pharmacy, Spokane, WA 99205, (509) 343-6252","5 mL","Lack of Assurance of Sterility.","06/26/2019","07/11/2019","06/06/2023","07/17/2019","Lot #: 06152019@1, Exp. 08/2/2019"
"Drugs","No","","83253","Terminated","First Pharma Associates LLC dba Riverpoint Pharmacy","1802 N Monroe St","N/A","Spokane","WA","	99205-4528","United States","Voluntary: Firm initiated","Telephone","ID, WA only","D-1483-2019","Class II","Chorionic Gonadotropin 2,000U/mL PF Injection, 8 mL vial, Rx only, First Pharma Associates dba Riverpoint Pharmacy, Spokane, WA 99205, (509) 343-6252","8 mL","Lack of Assurance of Sterility.","06/26/2019","07/11/2019","06/06/2023","07/17/2019","Lot #: 06212019@15, Exp. 07/24/2019"
"Drugs","No","","83253","Terminated","First Pharma Associates LLC dba Riverpoint Pharmacy","1802 N Monroe St","N/A","Spokane","WA","	99205-4528","United States","Voluntary: Firm initiated","Telephone","ID, WA only","D-1484-2019","Class II","Glutathione 100 mg/mL Inhalation Solution (PF), 45 mL vial,  Rx only, First Pharma Associates dba Riverpoint Pharmacy, Spokane, WA 99205, (509) 343-6252","45 mL","Lack of Assurance of Sterility.","06/26/2019","07/11/2019","06/06/2023","07/17/2019","Lot #: 06172019@3, Exp. 08/18/2019"
"Drugs","No","07/31/2019","83190","Terminated","Pharma-Natural Inc.","14500 Nw 60th Ave Bldg 7f","N/A","Miami Lakes","FL","	33014","United States","Voluntary: Firm initiated","Letter","Consignees in FL and TX who may have further distributed Nationwide in the USA and Puerto Rico.","D-1493-2019","Class II","AbeeMed cream (Menthol 1.48% and Histamine DHCL 0.05%), 2 OZ jar, Manufactured exclusively for: Cas, P.O. Box 520248, Miami, FL  33152, UPC 8 50993 00402 4.","19422 jars","CGMP Deviations: products were manufactured with lack of process validation, cleaning validation, stability studies, and other current good manufacturing practice violations.","06/21/2019","07/23/2019","10/27/2021","07/31/2019","All lots remaining within expiry."
"Drugs","No","07/31/2019","83190","Terminated","Pharma-Natural Inc.","14500 Nw 60th Ave Bldg 7f","N/A","Miami Lakes","FL","	33014","United States","Voluntary: Firm initiated","Letter","Consignees in FL and TX who may have further distributed Nationwide in the USA and Puerto Rico.","D-1494-2019","Class II","ARMY HEALTH With CURCUMIN (Menthol 3.00%) Pain Reliever Roll-On, 2.5 FL OZ (73ML) roll on bottle, Manufactured exclusively for: Crossover Telecom, LLC., P.O. Box 520248, Miami, FL 33122, UPC 8 50993 00408 6.","4981 roll on bottles","CGMP Deviations: products were manufactured with lack of process validation, cleaning validation, stability studies, and other current good manufacturing practice violations.","06/21/2019","07/23/2019","10/27/2021","07/31/2019","All lots remaining within expiry."
"Drugs","No","07/31/2019","83190","Terminated","Pharma-Natural Inc.","14500 Nw 60th Ave Bldg 7f","N/A","Miami Lakes","FL","	33014","United States","Voluntary: Firm initiated","Letter","Consignees in FL and TX who may have further distributed Nationwide in the USA and Puerto Rico.","D-1495-2019","Class II","Oliver's Harvest CBD+Lidocaine HCL 4% Pain Relief (Lidocaine HCL 4%) Topical Analgesic Cream, 4 OZ (113.4 g) bottle with pump, Distributed by: Coast to Coast Natural, Inc., Wellington, FL 33414, NDC 63766-119-04.","1000 bottles","CGMP Deviations: products were manufactured with lack of process validation, cleaning validation, stability studies, and other current good manufacturing practice violations.","06/21/2019","07/23/2019","10/27/2021","07/31/2019","All lots remaining within expiry."
"Drugs","No","07/31/2019","83190","Terminated","Pharma-Natural Inc.","14500 Nw 60th Ave Bldg 7f","N/A","Miami Lakes","FL","	33014","United States","Voluntary: Firm initiated","Letter","Consignees in FL and TX who may have further distributed Nationwide in the USA and Puerto Rico.","D-1496-2019","Class II","ARMY HEALTH Pain Reliever Gel With CURCUMIN (Menthol 3.00%), 0.5 OZ jar, Manufactured exclusively for: Manufactured exclusively for: Crossover Telecom, LLC., P.O. Box 520248, Miami, FL 33122, UPC 8 50993 00461 1.","1508 jars","CGMP Deviations: products were manufactured with lack of process validation, cleaning validation, stability studies, and other current good manufacturing practice violations.","06/21/2019","07/23/2019","10/27/2021","07/31/2019","All lots remaining within expiry."
"Drugs","No","07/31/2019","83190","Terminated","Pharma-Natural Inc.","14500 Nw 60th Ave Bldg 7f","N/A","Miami Lakes","FL","	33014","United States","Voluntary: Firm initiated","Letter","Consignees in FL and TX who may have further distributed Nationwide in the USA and Puerto Rico.","D-1497-2019","Class II","GENCONTUSS (Chlorpheniramine Maleate, 2mg; Dextromethorphan HBr, 10 mg; Phenylephrine HCl, 5 mg) in each 5 mL tsp, Cherry Flavor, 16 fl oz (474 mL) bottle, Manufactured in the USA for Kramer Novis, San Juan, PR 00917, NDC 52083-650-16.","3000 bottles","CGMP Deviations: products were manufactured with lack of process validation, cleaning validation, stability studies, and other current good manufacturing practice violations.","06/21/2019","07/23/2019","10/27/2021","07/31/2019","All lots remaining within expiry."
"Drugs","No","07/31/2019","83190","Terminated","Pharma-Natural Inc.","14500 Nw 60th Ave Bldg 7f","N/A","Miami Lakes","FL","	33014","United States","Voluntary: Firm initiated","Letter","Consignees in FL and TX who may have further distributed Nationwide in the USA and Puerto Rico.","D-1498-2019","Class II","DOUBLE TUSSIN DM (Dextromethorphan Hbr 20 mg, Guaifenesin 300 mg) in each 5ml teaspoon, 4 FL OZ (120 mL) bottle, Distributed by: Pamby Dist., Miami, FL 33414, NDC 63708-121-04.","500 bottles","CGMP Deviations: products were manufactured with lack of process validation, cleaning validation, stability studies, and other current good manufacturing practice violations.","06/21/2019","07/23/2019","10/27/2021","07/31/2019","All lots remaining within expiry."
"Drugs","No","07/31/2019","83190","Terminated","Pharma-Natural Inc.","14500 Nw 60th Ave Bldg 7f","N/A","Miami Lakes","FL","	33014","United States","Voluntary: Firm initiated","Letter","Consignees in FL and TX who may have further distributed Nationwide in the USA and Puerto Rico.","D-1499-2019","Class II","LidoAID (Lidocaine HCL 4%) portable pain relieving TOPICAL ANALGESIC GEL, 0.17 Oz (4 g) roll on bottle, Distributed by: Diabetic Supply of Suncoast, Inc., dba Advocate Diabetes, PO Box 2102, Vega Alta, PR 00692, NDC 63788-114-04.","2000 roll on bottles","CGMP Deviations: products were manufactured with lack of process validation, cleaning validation, stability studies, and other current good manufacturing practice violations.","06/21/2019","07/23/2019","10/27/2021","07/31/2019","All lots remaining within expiry."
"Drugs","No","07/31/2019","83190","Terminated","Pharma-Natural Inc.","14500 Nw 60th Ave Bldg 7f","N/A","Miami Lakes","FL","	33014","United States","Voluntary: Firm initiated","Letter","Consignees in FL and TX who may have further distributed Nationwide in the USA and Puerto Rico.","D-1500-2019","Class II","Dermanak original crema blanqueador (Hydroquinone 2%) Skin Fade Cream, 2 OZ. (56.7 g) jar, Manufactured by: Pamby Distributors, Inc., Miami, FL 33126, NDC 63788-108-02.","1032 jars","CGMP Deviations: products were manufactured with lack of process validation, cleaning validation, stability studies, and other current good manufacturing practice violations.","06/21/2019","07/23/2019","10/27/2021","07/31/2019","All lots remaining within expiry."
"Drugs","No","07/31/2019","83190","Terminated","Pharma-Natural Inc.","14500 Nw 60th Ave Bldg 7f","N/A","Miami Lakes","FL","	33014","United States","Voluntary: Firm initiated","Letter","Consignees in FL and TX who may have further distributed Nationwide in the USA and Puerto Rico.","D-1501-2019","Class II","Lido E.R. (Lidocaine HCL 4%) Pain Relieving Topical Analgesic Cream, 4 oz (113 g) jar, Distributed by Diabetic Supply of Suncoast, Inc., P.O. Box 2102, Vega Alta, PR 00692, NDC 63788-115-04.","1070 jars","CGMP Deviations: products were manufactured with lack of process validation, cleaning validation, stability studies, and other current good manufacturing practice violations.","06/21/2019","07/23/2019","10/27/2021","07/31/2019","All lots remaining within expiry."
"Drugs","No","07/31/2019","83190","Terminated","Pharma-Natural Inc.","14500 Nw 60th Ave Bldg 7f","N/A","Miami Lakes","FL","	33014","United States","Voluntary: Firm initiated","Letter","Consignees in FL and TX who may have further distributed Nationwide in the USA and Puerto Rico.","D-1502-2019","Class II","Lid O Creme (Lidocaine HCL 4% and Menthol 1%) Topical Analgesic Cream, 2.5 Oz (71 g) roll on bottle, Manufactured & Distributed by: Pharma Natural, Inc. Hialeah, FL 33016, NDC 63788-111-25.","310 roll on bottles","CGMP Deviations: products were manufactured with lack of process validation, cleaning validation, stability studies, and other current good manufacturing practice violations.","06/21/2019","07/23/2019","10/27/2021","07/31/2019","All lots remaining within expiry."
"Drugs","No","07/31/2019","83190","Terminated","Pharma-Natural Inc.","14500 Nw 60th Ave Bldg 7f","N/A","Miami Lakes","FL","	33014","United States","Voluntary: Firm initiated","Letter","Consignees in FL and TX who may have further distributed Nationwide in the USA and Puerto Rico.","D-1503-2019","Class II","Dayma SUPER FORTE XL10 (Camphor 0.5%, Menthol 2%, Methyl Salicylate 2%) Pain Relieving Topical Analgesic Gel, 4 Oz (113.4 g) jar, Distributed by: Biosfera International Distribution, LLC., Miami Lakes, FL 33016, NDC 63788-118-04.","1000 jars","CGMP Deviations: products were manufactured with lack of process validation, cleaning validation, stability studies, and other current good manufacturing practice violations.","06/21/2019","07/23/2019","10/27/2021","07/31/2019","All lots remaining within expiry."
"Drugs","No","07/31/2019","83190","Terminated","Pharma-Natural Inc.","14500 Nw 60th Ave Bldg 7f","N/A","Miami Lakes","FL","	33014","United States","Voluntary: Firm initiated","Letter","Consignees in FL and TX who may have further distributed Nationwide in the USA and Puerto Rico.","D-1504-2019","Class II","TUSSLIN (Dextromethorphan HBr, 28 mg; Guaifenesin, 388 mg; Phenylephrine HCl, 10 mg) in each 5 mL tsp, Grape Flavor, 16 Fl.oz. (474 mL) bottle, Kramer Novis, San Juan, PR 00917, NDC 52083-622-16.","8340 bottles","CGMP Deviations: products were manufactured with lack of process validation, cleaning validation, stability studies, and other current good manufacturing practice violations.","06/21/2019","07/23/2019","10/27/2021","07/31/2019","All lots remaining within expiry."
"Drugs","No","07/31/2019","83190","Terminated","Pharma-Natural Inc.","14500 Nw 60th Ave Bldg 7f","N/A","Miami Lakes","FL","	33014","United States","Voluntary: Firm initiated","Letter","Consignees in FL and TX who may have further distributed Nationwide in the USA and Puerto Rico.","D-1505-2019","Class II","SORBUGEN NR (Dextromethorphan HBr, 15 mg; Glyceryl Guaiacolate (Guaifenesin), 150 mg) in each 7.5 mL 1 1/2 tsp), GRAPE FLAVOR, 16 Fl.oz. (473 mL) bottle, Manufactured in the USA for Kramer Novis, San Juan, PR  00917, NDC 52083-660-16.","7392 bottles","CGMP Deviations: products were manufactured with lack of process validation, cleaning validation, stability studies, and other current good manufacturing practice violations.","06/21/2019","07/23/2019","10/27/2021","07/31/2019","All lots remaining within expiry."
"Drugs","No","07/31/2019","83190","Terminated","Pharma-Natural Inc.","14500 Nw 60th Ave Bldg 7f","N/A","Miami Lakes","FL","	33014","United States","Voluntary: Firm initiated","Letter","Consignees in FL and TX who may have further distributed Nationwide in the USA and Puerto Rico.","D-1506-2019","Class II","NEOGEN-D (Dextromethorphan HBr, 30 mg; Guaifenesin, 200 mg; Phenylephrine HCl, 7.5 mg) in each 5 mL tsp, Raspberry Flavor, 16 fl oz (473 mL) bottle, Manufactured in the USA for Kramer Novis, San Juan, PR  00917, NDC 52083-699-16.","2052 bottles","CGMP Deviations: products were manufactured with lack of process validation, cleaning validation, stability studies, and other current good manufacturing practice violations.","06/21/2019","07/23/2019","10/27/2021","07/31/2019","All lots remaining within expiry."
"Drugs","No","07/31/2019","83190","Terminated","Pharma-Natural Inc.","14500 Nw 60th Ave Bldg 7f","N/A","Miami Lakes","FL","	33014","United States","Voluntary: Firm initiated","Letter","Consignees in FL and TX who may have further distributed Nationwide in the USA and Puerto Rico.","D-1507-2019","Class II","Workvie Instant Pain Relieving Roll On (Lidocaine HCL 4% + Menthol 1% & Arnica), 2.5oz (71 g) roll on bottle, Exclusively Distributed by: Marketite, LLC., Coral Gables, FL 33134, NDC 72393-201-25.","5273 roll on bottles","CGMP Deviations: products were manufactured with lack of process validation, cleaning validation, stability studies, and other current good manufacturing practice violations.","06/21/2019","07/23/2019","10/27/2021","07/31/2019","All lots remaining within expiry."
"Drugs","No","","83265","Completed","Altaire Pharmaceuticals, Inc.","311 W Ln","PO Box 849","Aquebogue","NY","	11931-0849","United States","Voluntary: Firm initiated","Two or more of the following: Email, Fax, Letter, Press Release, Telephone, Visit","U.S.A. Nationwide","D-0352-2020","Class II","Perrigo Neomycin and Polymixin B Sulfates and Dexamethasone Ophthalmic Ointment, Net. Wt 3.5 gm, Sterile, Rx only, Manufactured for Perrigo Minneapolis, MN 55427, NDC 0574-4160-35","1737549 containers","Lack of Assurance of Sterility","07/02/2019","11/15/2019","N/A","11/27/2019","Lot #: RGC, Exp 7/19; RHB, RHC, Exp 8/19; RID, RIC, RIG, Exp 9/19; RKH, RKI, RKJ, RKK, RKL, Exp 11/19; RLM, Exp 12/19; SAI, Exp 1/20; SBG, SBH, Exp 2/20; SCF, Exp 3/20, SEA, Exp 5/20; SFA, SFB, Exp 6/20; SHA, Exp 8/20; SIB, Exp 9/20; SJC, Exp 10/20; TAB, TAF, Exp 1/21; TBP, TBQ, Exp 2/21; TCV, TCW, Exp 3/21"
"Drugs","No","","83265","Completed","Altaire Pharmaceuticals, Inc.","311 W Ln","PO Box 849","Aquebogue","NY","	11931-0849","United States","Voluntary: Firm initiated","Two or more of the following: Email, Fax, Letter, Press Release, Telephone, Visit","U.S.A. Nationwide","D-0353-2020","Class II","Perrigo Neo-Polycin neomycin and polymixin B sulfates and bacitracin zinc Ophthalmic Ointment Net Wt. 3.5 g, Rx only, Manufactured for Perrigo Minneapolis, MN 55427 NDC  0574-4250-35","121572 containers","Lack of Assurance of Sterility","07/02/2019","11/15/2019","N/A","11/27/2019","Lot #: SAC, Exp 1/20; SLK, Exp 12/20"
"Drugs","No","","83265","Completed","Altaire Pharmaceuticals, Inc.","311 W Ln","PO Box 849","Aquebogue","NY","	11931-0849","United States","Voluntary: Firm initiated","Two or more of the following: Email, Fax, Letter, Press Release, Telephone, Visit","U.S.A. Nationwide","D-0354-2020","Class II","Perrigo Sterile Neo-Polycin HC (neomycin and polymixin B sulfates, bacitracin zinc and hydrocortisone acetate) Ophthalmic Ointment USP, Net Wt. 3.5 g  (1/8 oz), Rx only, Mfd. For Perrigo Minneapolis, MN 55427, NDC 0574-4144-35","87922 containers","Lack of Assurance of Sterility","07/02/2019","11/15/2019","N/A","11/27/2019","Lot #: SEE, SEG, Exp 5/20; SIE, Exp 9/20; SKD, Exp 11/20"
"Drugs","No","","83265","Completed","Altaire Pharmaceuticals, Inc.","311 W Ln","PO Box 849","Aquebogue","NY","	11931-0849","United States","Voluntary: Firm initiated","Two or more of the following: Email, Fax, Letter, Press Release, Telephone, Visit","U.S.A. Nationwide","D-0355-2020","Class II","Polycin (bacitracin zinc and polymyxin B sulfate) Ophthalmic Ointment USP, Net. Wt. 3.5 g (1/8 oz.), Rx only,  Manufactured for Perrigo, Minneapolis, MN 55427, NDC 0574-4021-35","261,528 units","Lack of Assurance of Sterility","07/02/2019","11/15/2019","N/A","11/27/2019","Lot#: RGD, Exp 7/19; RHL, Exp 8/19; RHB, Exp 9/19; RJF, Exp 10/19; RJG, Exp 10/19; SAJ, Exp 1/20; SAK, Exp 1/20; SAL, Exp 1/20; SAM, Exp 1/20; SBK, Exp 2/20; SEH, Exp 5/20; TCD, Exp 1/21"
"Drugs","No","","83265","Completed","Altaire Pharmaceuticals, Inc.","311 W Ln","PO Box 849","Aquebogue","NY","	11931-0849","United States","Voluntary: Firm initiated","Two or more of the following: Email, Fax, Letter, Press Release, Telephone, Visit","U.S.A. Nationwide","D-0356-2020","Class II","Perrigo Bacitracin Ophthalmic Ointment, Net Wt. 3.5 g (1/8 oz), Rx only, Manufactured For: Perrigo Minneapolis, MN 55427, NDC 0574-4022-35","651528 units","Lack of Assurance of Sterility","07/02/2019","11/15/2019","N/A","11/27/2019","Lot #: RGA  7/19 7/31/2017; RGE 7/19 8/11/2017; RGG7/19 8/11/2017; RGH 7/19 8/17/2017; RHM 8/19 9/14/2017; RJB 10/19 10/23/2017; RJA 10/19 10/23/2017; SCA 3/20 3/22/2018; SIC 9/20 10/9/2018; TAP 1/21 2/26/2019; TDE 4/21 5/30/2019"
"Drugs","No","","83265","Completed","Altaire Pharmaceuticals, Inc.","311 W Ln","PO Box 849","Aquebogue","NY","	11931-0849","United States","Voluntary: Firm initiated","Two or more of the following: Email, Fax, Letter, Press Release, Telephone, Visit","U.S.A. Nationwide","D-0357-2020","Class II","Perrigo Sulfacetamide Sodium Ophthalmic Ointment USP, 10% Sterile, Rx only, Net Wt 3.5 g, Manufactured For: Perrigo Minneapolis, MN 55427, NDC 0574-4190-35","41148 units","Lack of Assurance of Sterility","07/02/2019","11/15/2019","N/A","11/27/2019","Lot #: RJD, Exp 10/19; SHG, Exp 8/20"
"Drugs","No","","83265","Completed","Altaire Pharmaceuticals, Inc.","311 W Ln","PO Box 849","Aquebogue","NY","	11931-0849","United States","Voluntary: Firm initiated","Two or more of the following: Email, Fax, Letter, Press Release, Telephone, Visit","U.S.A. Nationwide","D-0358-2020","Class II","Puralube Ointment Petrolatum Ophthalmic Ointment, Sterile Ocular Lubricant, Net Wt. 1 g (NDC 0574-4025-11) and Net Wt. 3.5 g (1/8 oz.) (NDC 0574-4025-35), Manufactured for Perrigo, Minneapolis, MN 55427","195,864 unts","Lack of Assurance of Sterility","07/02/2019","11/15/2019","N/A","11/27/2019","Lot #: RJH, Exp 10/19; SCC, Exp 3/21; SGA, Exp 7/21; SGH, Exp 7/21; SHH, Exp 8/21; SLL, Exp 12/21; TAC, Exp 1/22"
"Drugs","No","","83265","Completed","Altaire Pharmaceuticals, Inc.","311 W Ln","PO Box 849","Aquebogue","NY","	11931-0849","United States","Voluntary: Firm initiated","Two or more of the following: Email, Fax, Letter, Press Release, Telephone, Visit","U.S.A. Nationwide","D-0359-2020","Class II","Lubricant Eye Drops Moisturizing (Carboxymethycellulose Sodium 0.5% Eye Lubricant), 0.5 oz. (15 mL), Distributed by: Walgreens Co., 200 Wilmot Road, Deerfield, IL 60015, Item #801483","35,896 units","Lack of Assurance of Sterility","07/02/2019","11/15/2019","N/A","11/27/2019","Lot #: 19095, Exp 04/21"
"Drugs","No","","83267","Terminated","Pfizer Inc.","235 E 42nd St","N/A","New York","NY","	10017-5703","United States","Voluntary: Firm initiated","Letter","United States, PR, and Guam","D-1486-2019","Class II","Milrinone Lactate Injection 200 mcg (0.2 mg)/mL* in 5% Dextrose Injection 40 mg/200 mL, 200 mL bag, Rx Only, Hospira, Inc., Lake Forest, IL 60045 USA, NDC 0409-2776-02, Barcode (01)00304092776028.","58200 bags","Lack of Assurance of Sterility: Bags have the potential to leak.","07/09/2019","07/12/2019","10/27/2021","07/24/2019","Lot #s: 86-615-KL, Exp. 1FEB2020; 87-701-KL, Exp. 1MAR2020; 90-114-KL, Exp. 1JUN2020"
"Drugs","No","","83267","Terminated","Pfizer Inc.","235 E 42nd St","N/A","New York","NY","	10017-5703","United States","Voluntary: Firm initiated","Letter","United States, PR, and Guam","D-1487-2019","Class II","Milrinone Lactate Injection 200 mcg (0.2 mg)/mL* in 5% Dextrose Injection, 20 mg/100 mL, 100 mL bag, Rx Only, Hospira, Inc., Lake Forest, IL 60045 USA,  NDC 0409-2776-23, Barcode (01)00304092776233.","280340 bags","Lack of Assurance of Sterility: Bags have the potential to leak.","07/09/2019","07/12/2019","10/27/2021","07/24/2019","Lot #s: 85-516-KL; 85-517-KL, Exp. 1JAN2020; 86-601-KL; 86-603-KL; 86-618-KL, Exp. 1FEB2020; 87-707-KL, Exp. 1MAR2020; 91-205-KL, Exp. 1JUL2020; 92-306-KL, Exp. 1AUG2020."
"Drugs","No","","83253","Terminated","First Pharma Associates LLC dba Riverpoint Pharmacy","1802 N Monroe St","N/A","Spokane","WA","	99205-4528","United States","Voluntary: Firm initiated","Telephone","ID, WA only","D-1485-2019","Class II","Serum Tears 20% Eye Drops PF Solution, packaged in a) 15 EA, b)15 mL vials, c) 12 EA,  Rx only, First Pharma Associates dba Riverpoint Pharmacy, Spokane, WA 99205, (509) 343- 6252","a) 60 EA, b) 15mL, c)  24 EA","Lack of Assurance of Sterility.","06/26/2019","07/11/2019","06/06/2023","07/17/2019","Lot #: a) 06042019@20, Exp. 07/19/2019; 06052019@24, Exp. 07/28/2019; 06062019@10, Exp. 07/21/2019; b) 06132019@6, Exp. 07/29/2019; c) 06182019@28, Exp. 12/17/2019, 06192019@28, Exp. 12/18/2019."
"Drugs","No","08/13/2019","83280","Terminated","Piramal Critical Care, Inc.","3950 Schelden Cir","N/A","Bethlehem","PA","	18017-8936","United States","Voluntary: Firm initiated","Letter","USA Nationwide","D-1742-2019","Class II","Gablofen (baclofen injection), 50 mcg/mL, Single Use Syringe, Rx only, packaged in a box containing one 1 mL syringe, Distributed by: Primal Critical Care, Inc., 3950 Schelden Circle Bethlehem, PA, 18017, NDC 66794-151-01","Lot 2155-111 (1,418 boxes) and Lot 2155-111A (5,640 boxes)","Failed Impurities/Degradation Specification -This recall is being initiated as a precaution due to the presence of an unknown impurity observed during shelf life of the product.","07/08/2019","08/13/2019","03/09/2021","08/07/2019","Lot #: 2155-111, 2155-111A, Exp 6/20"
"Drugs","No","","83074","Terminated","RXQ Compounding LLC","340 W State St Unit 9","N/A","Athens","OH","	45701-1564","United States","Voluntary: Firm initiated","Press Release","Nationwide USA","D-1666-2019","Class II","HYDROXOCOBALAMIN 1000 MCG/ML (PFV), 10 ML per vial, RXQ Compounding, 340 West State Street, Unit 9, Athens, OH 45701. NDC:  70731-0949-10","N/A","Lack of Assurance of Sterility","06/19/2019","08/08/2019","09/16/2022","08/14/2019","All lots within expiry"
"Drugs","No","","83074","Terminated","RXQ Compounding LLC","340 W State St Unit 9","N/A","Athens","OH","	45701-1564","United States","Voluntary: Firm initiated","Press Release","Nationwide USA","D-1667-2019","Class II","HYDROXOCOBALAMIN 1000 MCG/ML (MDV), 30 ML per vial, RXQ Compounding, 340 West State Street, Unit 9, Athens, OH 45701. NDC:  70731-0926-30","N/A","Lack of Assurance of Sterility","06/19/2019","08/08/2019","09/16/2022","08/14/2019","All lots within expiry"
"Drugs","No","","83074","Terminated","RXQ Compounding LLC","340 W State St Unit 9","N/A","Athens","OH","	45701-1564","United States","Voluntary: Firm initiated","Press Release","Nationwide USA","D-1668-2019","Class II","Inositol/Choline B12:B6, 50/50/1/0.175 MG/ML INJ SOLN(Sulfa Free Lipostat), 30 ML per vial, RXQ Compounding, 340 West State Street, Unit 9, Athens, OH 45701. NDC:  70731-0999-30","N/A","Lack of Assurance of Sterility","06/19/2019","08/08/2019","09/16/2022","08/14/2019","All lots within expiry"
"Drugs","No","","83074","Terminated","RXQ Compounding LLC","340 W State St Unit 9","N/A","Athens","OH","	45701-1564","United States","Voluntary: Firm initiated","Press Release","Nationwide USA","D-1669-2019","Class II","KETAMINE 50 MG/ML (NPV) INJECTION SOLUTION (C-III), 10 ML per vial, RXQ Compounding, 340 West State Street, Unit 9, Athens, OH 45701. NDC: 70731-0173-10","N/A","Lack of Assurance of Sterility","06/19/2019","08/08/2019","09/16/2022","08/14/2019","All lots within expiry"
"Drugs","No","","83074","Terminated","RXQ Compounding LLC","340 W State St Unit 9","N/A","Athens","OH","	45701-1564","United States","Voluntary: Firm initiated","Press Release","Nationwide USA","D-1670-2019","Class II","KETAMINE 10 MG/ML INJ SOL SYR (C-III), [a) 2 ML NDC: 70731-0132-02; b) 5 ML NDC: 70731-0132-05] per syringe, RXQ Compounding, 340 West State Street, Unit 9, Athens, OH 45701.","N/A","Lack of Assurance of Sterility","06/19/2019","08/08/2019","09/16/2022","08/14/2019","All lots within expiry"
"Drugs","No","","83074","Terminated","RXQ Compounding LLC","340 W State St Unit 9","N/A","Athens","OH","	45701-1564","United States","Voluntary: Firm initiated","Press Release","Nationwide USA","D-1671-2019","Class II","LIDOCAINE HCL 1% INJECTION SOLUTION (NPV), 20ML per vial, RXQ Compounding, 340 West State Street, Unit 9, Athens, OH 45701. NDC: 70731-0174-20","N/A","Lack of Assurance of Sterility","06/19/2019","08/08/2019","09/16/2022","08/14/2019","All lots within expiry"
"Drugs","No","","83074","Terminated","RXQ Compounding LLC","340 W State St Unit 9","N/A","Athens","OH","	45701-1564","United States","Voluntary: Firm initiated","Press Release","Nationwide USA","D-1672-2019","Class II","LIDOCAINE HCL 2% INJECTION SOLUTION (NPV), 20ML per vial, RXQ Compounding, 340 West State Street, Unit 9, Athens, OH 45701. NDC: 70731-0172-20","N/A","Lack of Assurance of Sterility","06/19/2019","08/08/2019","09/16/2022","08/14/2019","All lots within expiry"
"Drugs","No","","83074","Terminated","RXQ Compounding LLC","340 W State St Unit 9","N/A","Athens","OH","	45701-1564","United States","Voluntary: Firm initiated","Press Release","Nationwide USA","D-1673-2019","Class II","MAGNESIUM 200 MG/ML/ CALCIUM GLUC 6MG/ML/ ZINC 1MG/ML, 5ML per vial, RXQ Compounding, 340 West State Street, Unit 9, Athens, OH 45701. NDC: 70731-0176-05","N/A","Lack of Assurance of Sterility","06/19/2019","08/08/2019","09/16/2022","08/14/2019","All lots within expiry"
"Drugs","No","","83284","Terminated","Lupin Pharmaceuticals Inc.","111 S Calvert St Fl 21ST","N/A","Baltimore","MD","	21202-6174","United States","Voluntary: Firm initiated","Letter","Nationwide in the USA","D-1565-2019","Class II","Kaitlib Fe norethindrone and ethinyl estradiol chewable tablets (0.8 mg/0.025 mg) and Ferrous Fumarate, Chewable Tablets, Rx Only, Distributed by: Lupin Pharmaceuticals, Inc.  Baltimore, MD - 21202 Manufactured by: Lupin Limited Pathampur -454775 India. NDC 68180-903-11 (wallet of 28 tablets) NDC 68180-903-13 (carton of 3 wallets)","12938 units","Failed Impurities/Degradation Specifications: Kaitlib Fe Tablets has an out of specification result observed in long term stability study.","07/02/2019","07/30/2019","02/16/2021","08/07/2019","Lot L800050"
"Drugs","No","","83290","Terminated","American Health Packaging","2550 John Glenn Ave Ste A","N/A","Columbus","OH","	43217-1188","United States","Voluntary: Firm initiated","Letter","Nationwide USA","D-1467-2019","Class II","Anastrozole Tablets, USP, 1 mg, a) 30-count (NDC 68001-155-04) and 1000-count (NDC 68001-155-08) bottles, Rx Only, Manufactured by:  Cadila Healthcare Ltd., Ahmedabad, India For BluePoint Laboratories","375,921 bottles","GMP Deviations: Potential cross contamination due to cleaning procedure failure.","05/09/2019","07/10/2019","09/09/2020","07/17/2019","Count, Lot, Expiry:  [30-count bottle]  Lots M711214, M711215, M711216, M711217, exp 8/31/2019; Lots M802198,   M802199, exp 1/31/2020; Lots M805203, M805204, M805207, exp 3/31/2019; Lots M812455, exp 6/30/2020; Lot M815766, exp 9/30/2020; Lots M818633,   M818634, exp 10/31/2020; Lots M819858, M819859, exp 11/30/2020      [1000-count bottle] Lot M711218, exp 8/31/2019; Lot M802197, exp 1/31/2020; Lots M805209, M805946, exp 3/31/2020; Lot M812456, exp 6/30/2020; Lots M815767, M818273, exp 9/30/2020; Lot M819857, exp 11/30/2020"
"Drugs","No","","83074","Terminated","RXQ Compounding LLC","340 W State St Unit 9","N/A","Athens","OH","	45701-1564","United States","Voluntary: Firm initiated","Press Release","Nationwide USA","D-1674-2019","Class II","MAGNESIUM CHLORIDE HEXAHYDRATE (MDV) 20% INJ SOLN, 50 ML per vial, RXQ Compounding, 340 West State Street, Unit 9, Athens, OH 45701. NDC: 70731-0977-50","N/A","Lack of Assurance of Sterility","06/19/2019","08/08/2019","09/16/2022","08/14/2019","All lots within expiry"
"Drugs","No","08/06/2019","83315","Terminated","LNK International, Inc.","55 Arkay Dr","N/A","Hauppauge","NY","	11788-3707","United States","Voluntary: Firm initiated","Letter","USA Nationwide","D-1630-2019","Class II","Equate Night-time Sleep Aide (Diphenhydramine HCl), 50 mg, Alcohol Free, Berry Flavor, 12 Fl. Oz. (354 mL), OTC, Distributed by: Walmart Stores, Inc., Bentonville, AR 72716, NDC 49035-330-02, UPC 6 8113117595 1","P300456, P300475 and P300489 (Total - 13,500 liters) and P300482 - 3,600 liter","Microbial contamination of non-sterile product","07/10/2019","08/06/2019","06/09/2023","08/07/2019","Lot #: P300456, P300475,P300482, P300489, Exp 09/30/2020"
"Drugs","No","","83074","Terminated","RXQ Compounding LLC","340 W State St Unit 9","N/A","Athens","OH","	45701-1564","United States","Voluntary: Firm initiated","Press Release","Nationwide USA","D-1675-2019","Class II","MAGNESIUM CHLORIDE HEXAHYDRATE (PFV) 20% INJ SOLN, 50 ML per vial, RXQ Compounding, 340 West State Street, Unit 9, Athens, OH 45701. NDC: 70731-0951-50","N/A","Lack of Assurance of Sterility","06/19/2019","08/08/2019","09/16/2022","08/14/2019","All lots within expiry"
"Drugs","No","","83074","Terminated","RXQ Compounding LLC","340 W State St Unit 9","N/A","Athens","OH","	45701-1564","United States","Voluntary: Firm initiated","Press Release","Nationwide USA","D-1676-2019","Class II","MANGANESE SULFATE MONOHYDRATE (PFV) 0.1MG/ML INJ, 10 ML per syringe, RXQ Compounding, 340 West State Street, Unit 9, Athens, OH 45701. NDC: 70731-0952-10","N/A","Lack of Assurance of Sterility","06/19/2019","08/08/2019","09/16/2022","08/14/2019","All lots within expiry"
"Drugs","No","","83316","Terminated","US Pharmaceuticals Inc.","681 Main St Ste 27","N/A","Belleville","NJ","	07109-3471","United States","Voluntary: Firm initiated","Letter","Distributed Nationwide in the USA","D-1724-2019","Class II","CVS Health Glycerin Suppositories, 50-count box, Distributed by: CVS Pharmacy, Inc. One CVS Drive Woonsocket, RI 02895. UPC 0 50428 33106 4","144 cases","CGMP Deviations: Out of Specification results for either total microbial count or total organic carbon in the purified water utilized in the manufacturing process.","07/11/2019","08/13/2019","06/25/2020","08/21/2019","Lot #'s 52J17, 53J17, 54J17, 55J17, 59J17, 60J17 EXP 07/2019"
"Drugs","No","","83316","Terminated","US Pharmaceuticals Inc.","681 Main St Ste 27","N/A","Belleville","NJ","	07109-3471","United States","Voluntary: Firm initiated","Letter","Distributed Nationwide in the USA","D-1725-2019","Class II","Eczema Lotion Hydrocortisone 1% / Anti-Itch Lotion, 3.5 oz (99.2 g) Distributed By: Walgreen Co. 200 Wilmot Rd. Deerfield, IL,60015. NDC 0363-0670-04, UPC 3 11917 19308 3","533 cases","CGMP Deviations: Out of Specification results for either total microbial count or total organic carbon in the purified water utilized in the manufacturing process.","07/11/2019","08/13/2019","06/25/2020","08/21/2019","Lot #36P17 EXP 11/2019"
"Drugs","No","","83316","Terminated","US Pharmaceuticals Inc.","681 Main St Ste 27","N/A","Belleville","NJ","	07109-3471","United States","Voluntary: Firm initiated","Letter","Distributed Nationwide in the USA","D-1726-2019","Class II","CVS Therapeutic Menthol Gel, 8 FL OZ (227 g) Distributed by: CVS Pharmacy, Inc. One CVS Drive Woonsocket, RI 02895. UPC 0 50428 48136 3","5017 cases","CGMP Deviations: Out of Specification results for either total microbial count or total organic carbon in the purified water utilized in the manufacturing process.","07/11/2019","08/13/2019","06/25/2020","08/21/2019","Lot #'s 28L17, 31L17, 36L17, 40L17, 44L17 EXP 09/2019; 05M17, 09M17, 12M17, 13M17, 23M17 EXP 10/2019; 69P17, 72P17 EXP 11/2019; 42S17, 46S17 EXP 12/2019; 85C18, 86C18 EXP 03/2020; 31J18, 43J18, 55J18, 58J18, 18L18 EXP 07/2020."
"Drugs","No","","83316","Terminated","US Pharmaceuticals Inc.","681 Main St Ste 27","N/A","Belleville","NJ","	07109-3471","United States","Voluntary: Firm initiated","Letter","Distributed Nationwide in the USA","D-1727-2019","Class II","Children Glycerin Suppositories Laxative for ages 2 to 5. Package Size 25-count.Distributed by Walgreen CO. 200 Wilmot Rd. Deerfield IL 60015. NDC#0363-0440-25,","76 cases","CGMP Deviations: Out of Specification results for either total microbial count or total organic carbon in the purified water utilized in the manufacturing process.","07/11/2019","08/13/2019","06/25/2020","08/21/2019","Lot #88J17 EXP 07/2019"
"Drugs","No","","83316","Terminated","US Pharmaceuticals Inc.","681 Main St Ste 27","N/A","Belleville","NJ","	07109-3471","United States","Voluntary: Firm initiated","Letter","Distributed Nationwide in the USA","D-1728-2019","Class II","Adult Glycerin Suppositories, Package Size 25-count suppositories, Distributed By: Walgreen Co. 200 Wilmot Rd. Deerfield, IL 60015. NDC#0363-0445-25,","98 cases","CGMP Deviations: Out of Specification results for either total microbial count or total organic carbon in the purified water utilized in the manufacturing process.","07/11/2019","08/13/2019","06/25/2020","08/21/2019","Lot # 01K17, 02K17 -Exp 08/2019"
"Drugs","No","","83316","Terminated","US Pharmaceuticals Inc.","681 Main St Ste 27","N/A","Belleville","NJ","	07109-3471","United States","Voluntary: Firm initiated","Letter","Distributed Nationwide in the USA","D-1729-2019","Class II","Adult Glycerin Suppositories, Package Size 50-count suppositories, Distributed By: Walgreen Co. 200 Wilmot Rd. Deerfield, IL 60015. NDC#0363-0441-50","196 cases","CGMP Deviations: Out of Specification results for either total microbial count or total organic carbon in the purified water utilized in the manufacturing process.","07/11/2019","08/13/2019","06/25/2020","08/21/2019","Lot #'s 39P17, 42P17, 43P17, 44P17, EXP 11/2019"
"Drugs","No","","83316","Terminated","US Pharmaceuticals Inc.","681 Main St Ste 27","N/A","Belleville","NJ","	07109-3471","United States","Voluntary: Firm initiated","Letter","Distributed Nationwide in the USA","D-1730-2019","Class II","Adult Glycerin Suppositories, Package Size 100-count suppositories, Distributed By: Walgreen Co. 200 Wilmot Rd. Deerfield, IL 60015. NDC#0363-0441-00","880 cases","CGMP Deviations: Out of Specification results for either total microbial count or total organic carbon in the purified water utilized in the manufacturing process.","07/11/2019","08/13/2019","06/25/2020","08/21/2019","Lot #'s 68J17, 71J17, 72J17, 73J17, 77J17, 78J17, 79J17, 81J17, 82J17 - EXP 07/2019;  27P17, 28P17, 29P17, 30P17, 31P17, 32P17, 33P17, 37P17, 38P17, EXP 11/2019."
"Drugs","No","","83316","Terminated","US Pharmaceuticals Inc.","681 Main St Ste 27","N/A","Belleville","NJ","	07109-3471","United States","Voluntary: Firm initiated","Letter","Distributed Nationwide in the USA","D-1731-2019","Class II","Hydrocortisone Cream With Aloe, Hydrocortisone 1% / Anti-Itch Cream with Aloe, 1 OZ (28 g) tube. Distributed By: Walgreen Co. 200 Wilmot Rd., Deerfield, IL 60015. NDC #0363-0620-03,  UPC 3 11917 17935 3","3114 cases","CGMP Deviations: Out of Specification results for either total microbial count or total organic carbon in the purified water utilized in the manufacturing process.","07/11/2019","08/13/2019","06/25/2020","08/21/2019","Lot #63J17 EXP 07/2019, 11P17 EXP 11/2019"
"Drugs","No","","83316","Terminated","US Pharmaceuticals Inc.","681 Main St Ste 27","N/A","Belleville","NJ","	07109-3471","United States","Voluntary: Firm initiated","Letter","Distributed Nationwide in the USA","D-1732-2019","Class II","Hydrocortisone Cream With Aloe, Hydrocortisone 1% / Anti-Itch Cream with Aloe, 2 OZ (56 g) tube. Distributed By: Walgreen Co. 200 Wilmot Rd., Deerfield, IL 60015. NDC #0363-0620-04,  UPC 3 11917 17934 6     ","1223 cases","CGMP Deviations: Out of Specification results for either total microbial count or total organic carbon in the purified water utilized in the manufacturing process.","07/11/2019","08/13/2019","06/25/2020","08/21/2019","Lot #'s 11P17, 20P17 EXP 11/2019"
"Drugs","No","","83316","Terminated","US Pharmaceuticals Inc.","681 Main St Ste 27","N/A","Belleville","NJ","	07109-3471","United States","Voluntary: Firm initiated","Letter","Distributed Nationwide in the USA","D-1733-2019","Class II","Hydrocortisone Cream, Hydrocortisone 1% / Anti-Itch Cream, 1 OZ (28 g) tube. Distributed By: Walgreen Co. 200 Wilmot Rd., Deerfield, IL 60015. NDC #0363-0638-03, UPC 3 11917 18245 2         .","305 cases","CGMP Deviations: Out of Specification results for either total microbial count or total organic carbon in the purified water utilized in the manufacturing process.","07/11/2019","08/13/2019","06/25/2020","08/21/2019","Lot #56J17 EXP 07/2019"
"Drugs","No","","83316","Terminated","US Pharmaceuticals Inc.","681 Main St Ste 27","N/A","Belleville","NJ","	07109-3471","United States","Voluntary: Firm initiated","Letter","Distributed Nationwide in the USA","D-1734-2019","Class II","Hydrocortisone Cream, Hydrocortisone 1% / Anti-Itch Cream, 2 OZ (56 g) tube. Distributed By: Walgreen Co. 200 Wilmot Rd., Deerfield, IL 60015. NDC #0363-0638-04, UPC 3 11917 18247 6       ","651 cases","CGMP Deviations: Out of Specification results for either total microbial count or total organic carbon in the purified water utilized in the manufacturing process.","07/11/2019","08/13/2019","06/25/2020","08/21/2019","Lot #56J17 EXP 07/2019"
"Drugs","No","","83316","Terminated","US Pharmaceuticals Inc.","681 Main St Ste 27","N/A","Belleville","NJ","	07109-3471","United States","Voluntary: Firm initiated","Letter","Distributed Nationwide in the USA","D-1735-2019","Class II","Soothe&Cool Protect Moisture Guard Skin Protectant, 3.5 oz. (99 g), tube, Manufactured for Medline industries, Inc., Mundelein, IL 60060. NDC 53329-303-22","830 tubes","CGMP Deviations: Out of Specification results for either total microbial count or total organic carbon in the purified water utilized in the manufacturing process.","07/11/2019","08/13/2019","06/25/2020","08/21/2019","Lot #57J17 EXP 07/2019"
"Drugs","No","","83074","Terminated","RXQ Compounding LLC","340 W State St Unit 9","N/A","Athens","OH","	45701-1564","United States","Voluntary: Firm initiated","Press Release","Nationwide USA","D-1677-2019","Class II","METHYLCOBALAMIN 10MG/ML INJECTABLE SOLUTION (MDV), 10 ML per vial, RXQ Compounding, 340 West State Street, Unit 9, Athens, OH 45701. NDC: 70731-0130-10","N/A","Lack of Assurance of Sterility","06/19/2019","08/08/2019","09/16/2022","08/14/2019","All lots within expiry"
"Drugs","No","","83074","Terminated","RXQ Compounding LLC","340 W State St Unit 9","N/A","Athens","OH","	45701-1564","United States","Voluntary: Firm initiated","Press Release","Nationwide USA","D-1678-2019","Class II","METHYLCOBALAMIN 1 MG/ML (MDV) INJECTABLE SOLUTION, 10 ML per vial, RXQ Compounding, 340 West State Street, Unit 9, Athens, OH 45701. NDC: 70731-0915-10","N/A","Lack of Assurance of Sterility","06/19/2019","08/08/2019","09/16/2022","08/14/2019","All lots within expiry"
"Drugs","No","","83074","Terminated","RXQ Compounding LLC","340 W State St Unit 9","N/A","Athens","OH","	45701-1564","United States","Voluntary: Firm initiated","Press Release","Nationwide USA","D-1679-2019","Class II","METHYLCOBALAMIN (PFV) 10 MG/ML INJECTABLE, 10 ML per vial, RXQ Compounding, 340 West State Street, Unit 9, Athens, OH 45701. NDC: 70731-0902-10","N/A","Lack of Assurance of Sterility","06/19/2019","08/08/2019","09/16/2022","08/14/2019","All lots within expiry"
"Drugs","No","","83074","Terminated","RXQ Compounding LLC","340 W State St Unit 9","N/A","Athens","OH","	45701-1564","United States","Voluntary: Firm initiated","Press Release","Nationwide USA","D-1680-2019","Class II","MIC (METHIONINE/INOSITOL/CHOLINE CHLORIDE) 25/50/50 MG/ML INJ, 30 ML per vial, RXQ Compounding, 340 West State Street, Unit 9, Athens, OH 45701. NDC: 70731-0100-30","N/A","Lack of Assurance of Sterility","06/19/2019","08/08/2019","09/16/2022","08/14/2019","All lots within expiry"
"Drugs","No","","83074","Terminated","RXQ Compounding LLC","340 W State St Unit 9","N/A","Athens","OH","	45701-1564","United States","Voluntary: Firm initiated","Press Release","Nationwide USA","D-1681-2019","Class II","MIC B12 W/B6 (LIPOSTAT PLUS) 25/50/50/1/.175 MG/ML, 30 ML per vial, RXQ Compounding, 340 West State Street, Unit 9, Athens, OH 45701. NDC: 70731-0978-30","N/A","Lack of Assurance of Sterility","06/19/2019","08/08/2019","09/16/2022","08/14/2019","All lots within expiry"
"Drugs","No","","83074","Terminated","RXQ Compounding LLC","340 W State St Unit 9","N/A","Athens","OH","	45701-1564","United States","Voluntary: Firm initiated","Press Release","Nationwide USA","D-1682-2019","Class II","MIDAZOLAM 1MG/ML IN NACL 0.9% INJ SOL SYR (C-IV), 10 ML per syringe, RXQ Compounding, 340 West State Street, Unit 9, Athens, OH 45701. NDC: 70731-0135-86","N/A","Lack of Assurance of Sterility","06/19/2019","08/08/2019","09/16/2022","08/14/2019","All lots within expiry"
"Drugs","No","","83074","Terminated","RXQ Compounding LLC","340 W State St Unit 9","N/A","Athens","OH","	45701-1564","United States","Voluntary: Firm initiated","Press Release","Nationwide USA","D-1683-2019","Class II","MIDAZOLAM 1MG/ML IN NACL 0.9% INJ SYR C-IV, 55 ML per syringe, RXQ Compounding, 340 West State Street, Unit 9, Athens, OH 45701. NDC: 70731-0135-55","N/A","Lack of Assurance of Sterility","06/19/2019","08/08/2019","09/16/2022","08/14/2019","All lots within expiry"
"Drugs","No","","83074","Terminated","RXQ Compounding LLC","340 W State St Unit 9","N/A","Athens","OH","	45701-1564","United States","Voluntary: Firm initiated","Press Release","Nationwide USA","D-1684-2019","Class II","MITOMYCIN 0.04% (PF) OPH SOLN, 1ML per syringe, RXQ Compounding, 340 West State Street, Unit 9, Athens, OH 45701. NDC: 70731-0917-01","N/A","Lack of Assurance of Sterility","06/19/2019","08/08/2019","09/16/2022","08/14/2019","All lots within expiry"
"Drugs","No","","83074","Terminated","RXQ Compounding LLC","340 W State St Unit 9","N/A","Athens","OH","	45701-1564","United States","Voluntary: Firm initiated","Press Release","Nationwide USA","D-1685-2019","Class II","MOLYBDENUM 0.025MG/ML INJECTION SOLUTION, 10ML per vial, RXQ Compounding, 340 West State Street, Unit 9, Athens, OH 45701. NDC: 70731-0964-10","N/A","Lack of Assurance of Sterility","06/19/2019","08/08/2019","09/16/2022","08/14/2019","All lots within expiry"
"Drugs","No","","83074","Terminated","RXQ Compounding LLC","340 W State St Unit 9","N/A","Athens","OH","	45701-1564","United States","Voluntary: Firm initiated","Press Release","Nationwide USA","D-1686-2019","Class II","MORPHINE 1MG/ML IN NACL 0.9% 55ML SYR (C-II), 55 ML per vial, RXQ Compounding, 340 West State Street, Unit 9, Athens, OH 45701. NDC: 70731-0138-89","N/A","Lack of Assurance of Sterility","06/19/2019","08/08/2019","09/16/2022","08/14/2019","All lots within expiry"
"Drugs","No","","83074","Terminated","RXQ Compounding LLC","340 W State St Unit 9","N/A","Athens","OH","	45701-1564","United States","Voluntary: Firm initiated","Press Release","Nationwide USA","D-1687-2019","Class II","MOXIFLOXACIN 0.5% OPHTH SOLUTION SYRINGE, 1 ML per syringe, RXQ Compounding, 340 West State Street, Unit 9, Athens, OH 45701. NDC: 70731-0973-81","N/A","Lack of Assurance of Sterility","06/19/2019","08/08/2019","09/16/2022","08/14/2019","All lots within expiry"
"Drugs","No","","83074","Terminated","RXQ Compounding LLC","340 W State St Unit 9","N/A","Athens","OH","	45701-1564","United States","Voluntary: Firm initiated","Press Release","Nationwide USA","D-1688-2019","Class II","NEOSTIGMINE METHYL SULFATE 1MG/ML INJ SOL SYR, 5 ML per syringe, RXQ Compounding, 340 West State Street, Unit 9, Athens, OH 45701. NDC: 70731-0143-05","N/A","Lack of Assurance of Sterility","06/19/2019","08/08/2019","09/16/2022","08/14/2019","All lots within expiry"
"Drugs","No","","83074","Terminated","RXQ Compounding LLC","340 W State St Unit 9","N/A","Athens","OH","	45701-1564","United States","Voluntary: Firm initiated","Press Release","Nationwide USA","D-1689-2019","Class II","NIACINAMIDE 100MG/ML, 10ML per vial, RXQ Compounding, 340 West State Street, Unit 9, Athens, OH 45701. NDC: 70731-0938-10","N/A","Lack of Assurance of Sterility","06/19/2019","08/08/2019","09/16/2022","08/14/2019","All lots within expiry"
"Drugs","No","","83074","Terminated","RXQ Compounding LLC","340 W State St Unit 9","N/A","Athens","OH","	45701-1564","United States","Voluntary: Firm initiated","Press Release","Nationwide USA","D-1690-2019","Class II","ONDANSETRON 2 MG/ML INJECTION SOLUTION (NPF), 20ML per vial, RXQ Compounding, 340 West State Street, Unit 9, Athens, OH 45701. NDC: 70731-0157-20","N/A","Lack of Assurance of Sterility","06/19/2019","08/08/2019","09/16/2022","08/14/2019","All lots within expiry"
"Drugs","No","","83074","Terminated","RXQ Compounding LLC","340 W State St Unit 9","N/A","Athens","OH","	45701-1564","United States","Voluntary: Firm initiated","Press Release","Nationwide USA","D-1691-2019","Class II","ONDANSETRON 2 MG/ML INJECTION SOLUTION (PFV), 2 ML per vial, RXQ Compounding, 340 West State Street, Unit 9, Athens, OH 45701. NDC: 70731-0158-02","N/A","Lack of Assurance of Sterility","06/19/2019","08/08/2019","09/16/2022","08/14/2019","All lots within expiry"
"Drugs","No","","83074","Terminated","RXQ Compounding LLC","340 W State St Unit 9","N/A","Athens","OH","	45701-1564","United States","Voluntary: Firm initiated","Press Release","Nationwide USA","D-1692-2019","Class II","PHENYLEPHRINE HCL 100 MCG/ML IN NACL 0.9% SYR, 10 ML per syringe, RXQ Compounding, 340 West State Street, Unit 9, Athens, OH 45701. NDC: 70731-0136-10","N/A","Lack of Assurance of Sterility","06/19/2019","08/08/2019","09/16/2022","08/14/2019","All lots within expiry"
"Drugs","No","","83074","Terminated","RXQ Compounding LLC","340 W State St Unit 9","N/A","Athens","OH","	45701-1564","United States","Voluntary: Firm initiated","Press Release","Nationwide USA","D-1693-2019","Class II","PHO-TID-CHOL 50MG/ DEOXYCHOLIC 42 MG/ML INJ, 30 ML per vial, RXQ Compounding, 340 West State Street, Unit 9, Athens, OH 45701. NDC: 70731-0953-30","N/A","Lack of Assurance of Sterility","06/19/2019","08/08/2019","09/16/2022","08/14/2019","All lots within expiry"
"Drugs","No","","83327","Terminated","Deva Holding AS - Cerkezkoy Subesi","Organize Fatih Bulvar Fatih Bulvar 32 Cerkezkoy","N/A","Cerkezkoy","N/A","	N/A","Turkey","Voluntary: Firm initiated","E-Mail","Nationwide in the USA.","D-1508-2019","Class II","Temozolomide Capsules, 5 mg, packaged in a) 5-count bottle (NDC 67877-537-07), b) 14-count bottle (NDC 67877-537-14), Rx only, Manufactured by: Deva Holding A.S., 1 Merkez Mahallesi, Istanbul, Turkey 34303, Distributed by: Ascend Laboratories, LLC, Parsippany, NJ 07054.","a) 5736 bottles; b) 8460 bottles","CGMP Deviations: product was manufactured that did not prevent possible cross contamination with beta lactam products.","07/16/2019","07/23/2019","01/06/2022","07/31/2019","Lot #: a) A062238, A062118, A062115, A062112, A062100, Exp 08/31/2019; A068946, Exp 04/30/2020; A071733, Exp 09/30/2020; b) A062194, A062181, A62275, A062218, Exp 08/31/2019; A069154, Exp 04/30/2020; A071734, A071783, A071735, Exp 09/30/2020"
"Drugs","No","","83327","Terminated","Deva Holding AS - Cerkezkoy Subesi","Organize Fatih Bulvar Fatih Bulvar 32 Cerkezkoy","N/A","Cerkezkoy","N/A","	N/A","Turkey","Voluntary: Firm initiated","E-Mail","Nationwide in the USA.","D-1509-2019","Class II","Temozolomide Capsules, 20 mg, packaged in a) 5-count bottle (NDC 67877-538-07), b) 14-count bottle (NDC 67877-538-14), Rx only, Manufactured by: Deva Holding A.S., 1 Merkez Mahallesi, Istanbul, Turkey 34303, Distributed by: Ascend Laboratories, LLC, Parsippany, NJ 07054.","a) 11376 bottles; b) 13620 bottles","CGMP Deviations: product was manufactured that did not prevent possible cross contamination with beta lactam products.","07/16/2019","07/23/2019","01/06/2022","07/31/2019","Lot #: a) A061688, A061687, A061685, Exp 07/31/2019; A068994, Exp 04/30/2020; A071853, Exp 09/30/20; b) A061794, A061833, A061822, Exp 07/31/2019; A069115, Exp 04/30/2020; A071855, A071854, Exp 09/30/2020"
"Drugs","No","","83327","Terminated","Deva Holding AS - Cerkezkoy Subesi","Organize Fatih Bulvar Fatih Bulvar 32 Cerkezkoy","N/A","Cerkezkoy","N/A","	N/A","Turkey","Voluntary: Firm initiated","E-Mail","Nationwide in the USA.","D-1510-2019","Class II","Temozolomide Capsules, 100 mg, packaged in a) 5-count bottle (NDC 67877-539-07), b) 14-count bottle (NDC 67877-539-14), Rx only, Manufactured by: Deva Holding A.S., 1 Merkez Mahallesi, Istanbul, Turkey 34303, Distributed by: Ascend Laboratories, LLC, Parsippany, NJ 07054.","a) 13752 bottles; b) 15696 bottles","CGMP Deviations: product was manufactured that did not prevent possible cross contamination with beta lactam products.","07/16/2019","07/23/2019","01/06/2022","07/31/2019","Lot #: a) A061783, A061782, A061781, Exp 07/31/2019; A069128, Exp 05/31/2020; A071923, Exp 09/30/20; b) A061874, A061861, A061896, Exp 07/31/2019; A069326, Exp 05/31/2020; A071924, A071977, A071925, Exp 09/30/2020"
"Drugs","No","","83327","Terminated","Deva Holding AS - Cerkezkoy Subesi","Organize Fatih Bulvar Fatih Bulvar 32 Cerkezkoy","N/A","Cerkezkoy","N/A","	N/A","Turkey","Voluntary: Firm initiated","E-Mail","Nationwide in the USA.","D-1511-2019","Class II","Temozolomide Capsules, 140 mg, packaged in a) 5-count bottle (NDC 67877-540-07), b) 14-count bottle (NDC 67877-540-14), Rx only, Manufactured by: Deva Holding A.S., 1 Merkez Mahallesi, Istanbul, Turkey 34303, Distributed by: Ascend Laboratories, LLC, Parsippany, NJ 07054.","a) 7380 bottles; b) 10332 bottles","CGMP Deviations: product was manufactured that did not prevent possible cross contamination with beta lactam products.","07/16/2019","07/23/2019","01/06/2022","07/31/2019","Lot #:  a) A063581, A063462, A063460, Exp 09/30/2019;  A063582, Exp 10/31/2019; A069129, Exp 05/31/2020; A071801, Exp 09/30/2020; b) A063639, A063624, A063609, Exp 09/30/2019; A063657, Exp 10/31/2019; A069366, Exp 05/31/2020; A071817, A071819, A071818, Exp 09/30/2020"
"Drugs","No","","83327","Terminated","Deva Holding AS - Cerkezkoy Subesi","Organize Fatih Bulvar Fatih Bulvar 32 Cerkezkoy","N/A","Cerkezkoy","N/A","	N/A","Turkey","Voluntary: Firm initiated","E-Mail","Nationwide in the USA.","D-1512-2019","Class II","Temozolomide Capsules, 180 mg, packaged in a) 5-count bottle (NDC 67877-541-07), b) 14-count bottle (NDC 67877-541-14), Rx only, Manufactured by: Deva Holding A.S., 1 Merkez Mahallesi, Istanbul, Turkey 34303, Distributed by: Ascend Laboratories, LLC, Parsippany, NJ 07054.","a) 5052 bottles; b) 3816 bottles","CGMP Deviations: product was manufactured that did not prevent possible cross contamination with beta lactam products.","07/16/2019","07/23/2019","01/06/2022","07/31/2019","Lot #: a) A061858, A061857, A061856, A061860, A061859, Exp 07/31/2019; A069401, A069402, Exp 05/31/2020; A071978, Exp 09/30/2020; A076736, A076735, Exp 04/30/2021; b) A062031. A062015, A062014, A062050, A062038, Exp 07/31/2019; A069521, A069470, Exp 05/31/2020; A071979, A072014, A072013, Exp 09/30/2020; A076739, A076738, A076737, Exp 04/30/2021"
"Drugs","No","","83327","Terminated","Deva Holding AS - Cerkezkoy Subesi","Organize Fatih Bulvar Fatih Bulvar 32 Cerkezkoy","N/A","Cerkezkoy","N/A","	N/A","Turkey","Voluntary: Firm initiated","E-Mail","Nationwide in the USA.","D-1513-2019","Class II","Temozolomide Capsules, 250 mg, 5-count bottle, Rx only, Manufactured by: Deva Holding A.S., 1 Merkez Mahallesi, Istanbul, Turkey 34303, Distributed by: Ascend Laboratories, LLC, Parsippany, NJ 07054, NDC 67877-542-07.","11472 bottles","CGMP Deviations: product was manufactured that did not prevent possible cross contamination with beta lactam products.","07/16/2019","07/23/2019","01/06/2022","07/31/2019","Lot #: A062228, A062227, A062226, A062295, A062294, Exp 08/31/2019; A069325, A069323, Exp 05/31/2020; A072015, Exp 10/31/2020; A076611, A076609, A076608, A076607, Exp 04/30/2021"
"Drugs","No","","83265","Completed","Altaire Pharmaceuticals, Inc.","311 W Ln","PO Box 849","Aquebogue","NY","	11931-0849","United States","Voluntary: Firm initiated","Two or more of the following: Email, Fax, Letter, Press Release, Telephone, Visit","U.S.A. Nationwide","D-0360-2020","Class II","Lubricant Eye Drops Moisturizing Twin Pack Walgreens item #: 801477, Package Size: 2 x 15 mL, NDC 0363-0185-49","N/A","Lack of Assurance of Sterility","07/02/2019","11/15/2019","N/A","11/27/2019","Lot #: 19095, Exp 04/21"
"Drugs","No","","83265","Completed","Altaire Pharmaceuticals, Inc.","311 W Ln","PO Box 849","Aquebogue","NY","	11931-0849","United States","Voluntary: Firm initiated","Two or more of the following: Email, Fax, Letter, Press Release, Telephone, Visit","U.S.A. Nationwide","D-0361-2020","Class II","Walgreens Sodium Chloride Ophthalmic Ointment, 5% Hypertonicity Eye Ointment Sterile, Net Wt. 0.125 oz (3.5 g), Distributed by Walgreen Co. 200 Wilmot Road Deerfield, IL 60015, NDC 0363-7500-50","30240 units","Lack of Assurance of Sterility","07/02/2019","11/15/2019","N/A","11/27/2019","Lot #: TCI , Exp 03/21"
"Drugs","No","","83265","Completed","Altaire Pharmaceuticals, Inc.","311 W Ln","PO Box 849","Aquebogue","NY","	11931-0849","United States","Voluntary: Firm initiated","Two or more of the following: Email, Fax, Letter, Press Release, Telephone, Visit","U.S.A. Nationwide","D-0362-2020","Class II","Walgreens Sodium Chloride Ophthalmic Solution, 5% Hypertonicity Eye Drops, 0.5 oz (15 mL), Distributed by : Walgreen Co 200 Wilmot Road Deerfield IL 60015  NDC 0363-0193-13","43008 units","Lack of Assurance of Sterility","07/02/2019","11/15/2019","N/A","11/27/2019","Lot #: 19105, Exp 04/22; 19050, Exp 02/22"
"Drugs","No","","83265","Completed","Altaire Pharmaceuticals, Inc.","311 W Ln","PO Box 849","Aquebogue","NY","	11931-0849","United States","Voluntary: Firm initiated","Two or more of the following: Email, Fax, Letter, Press Release, Telephone, Visit","U.S.A. Nationwide","D-0363-2020","Class II","Walgreen's Lubricant Eye Ointment, Mineral Oil 42.5%/White Petrolatum 57.3% /Eye Lubricant, Net Wt. 0.125 oz. (3.5g), Distributed by: Walgreen Co., 200 Wilmot Rd, Deerfield, IL 60015, Item #801486, NDC 0363-0191-50","45672 units","Lack of Assurance of Sterility","07/02/2019","11/15/2019","N/A","11/27/2019","Lot #: TDB, Exp 4/22"
"Drugs","No","","83265","Completed","Altaire Pharmaceuticals, Inc.","311 W Ln","PO Box 849","Aquebogue","NY","	11931-0849","United States","Voluntary: Firm initiated","Two or more of the following: Email, Fax, Letter, Press Release, Telephone, Visit","U.S.A. Nationwide","D-0364-2020","Class II","Equate Restore Tears Lubricant Eye Drops Twin Pack  W-M item #: 552374320, Package Size: 2 x 15 mL, Distributed by: Walmart Inc., Bentonville, AR 72716, NDC 49035-189-49","557,376 units","Lack of Assurance of Sterility","07/02/2019","11/15/2019","N/A","11/27/2019","Lot #: 17196, Exp 07/19; 17292, Exp 09/19; 17355, Exp 11/19; 19040, Exp 02/21"
"Drugs","No","","83265","Completed","Altaire Pharmaceuticals, Inc.","311 W Ln","PO Box 849","Aquebogue","NY","	11931-0849","United States","Voluntary: Firm initiated","Two or more of the following: Email, Fax, Letter, Press Release, Telephone, Visit","U.S.A. Nationwide","D-0365-2020","Class II","Equate Sterile Lubricant Stye Ointment, Net wt. 0.125 oz. (3.5g), Distributed by: Wal-Mart Stores Inc., Bentonville, AR 72716, NDC 49035-875-50","441792 units","Lack of Assurance of Sterility","07/02/2019","11/15/2019","N/A","11/27/2019","Lot #: SAJ, Exp 01/21; SFE, Exp 06/21; SIA, Exp 09/21; RIE, Exp 09/20; REH, Exp 05/20; RAD, Exp 01/20; TAH, Exp 01/22; TDD, Exp 04/22"
"Drugs","No","","83265","Completed","Altaire Pharmaceuticals, Inc.","311 W Ln","PO Box 849","Aquebogue","NY","	11931-0849","United States","Voluntary: Firm initiated","Two or more of the following: Email, Fax, Letter, Press Release, Telephone, Visit","U.S.A. Nationwide","D-0366-2020","Class II","Equate Comfort Gel Lubricant Eye Gel Twin Pack W-M item #: 552374319, Package Size: 2 x 15 mL, Distributed by: Walmart Inc., Bentonville, AR 72716, NDC 49035-197-49","469128 units","Lack of Assurance of Sterility","07/02/2019","11/15/2019","N/A","11/27/2019","Lot #: 17384, Exp 12/19; 17259, Exp 08/19; 19002, Exp 01/21; 19041, Exp 02/21; 18222, Exp 09/20; 18084, Exp 04/20"
"Drugs","No","","83265","Completed","Altaire Pharmaceuticals, Inc.","311 W Ln","PO Box 849","Aquebogue","NY","	11931-0849","United States","Voluntary: Firm initiated","Two or more of the following: Email, Fax, Letter, Press Release, Telephone, Visit","U.S.A. Nationwide","D-0367-2020","Class II","Equate Restore PM Nighttime Lubricant Eye Ointment, Sterile, Net Wt. 0.125 oz. (3.5g), Distributed by: Walmart Stores Inc., Bentonville, AR 72716, W-M item #551282425, NDC 49035-191-50","1537130 units","Lack of Assurance of Sterility","07/02/2019","11/15/2019","N/A","11/27/2019","Lot #: SKG,Exp  08/21; SHK, Exp 08/21; SHJ, Exp 08/21; SEC, Exp 05/21; SCB, Exp 03/21; SBC, Exp 02/21; RLB, Exp 12/20; RBB, Exp 02/20; RHR, Exp 08/20; RFK, Exp 06/20; RAB, Exp 01/20; TAD, Exp 01/22; TAQ, Exp 01/22; TBI, Exp 02/22; TDB, Exp 04/22; QHE, Exp 08/19; QJD, Exp 10/19; SGE, Exp 07/21"
"Drugs","No","","83265","Completed","Altaire Pharmaceuticals, Inc.","311 W Ln","PO Box 849","Aquebogue","NY","	11931-0849","United States","Voluntary: Firm initiated","Two or more of the following: Email, Fax, Letter, Press Release, Telephone, Visit","U.S.A. Nationwide","D-0368-2020","Class II","Equate Night & Day Restore Tears Lubricant Eye Pack  W-M item #: 567368000, Package Size: 3.5g and 15mL, Distributed by: Wal-Mart Stores Inc., Bentonville, AR 72716, NDC 49035-883-59","55772 units","Lack of Assurance of Sterility","07/02/2019","11/15/2019","N/A","11/27/2019","Lot #: KT19146     02/21     06/05/2019       KT18133     04/20     12/12/2018       KT18194     07/20     01/15/2019       KT18129     02/20"
"Drugs","No","","83265","Completed","Altaire Pharmaceuticals, Inc.","311 W Ln","PO Box 849","Aquebogue","NY","	11931-0849","United States","Voluntary: Firm initiated","Two or more of the following: Email, Fax, Letter, Press Release, Telephone, Visit","U.S.A. Nationwide","D-0369-2020","Class II","Equate Support Advanced Twin Pack  W-M item #: 567371433, Package Size: 2 x 15 mL, Distributed by: Wal-Mart Stores Inc., Bentonville, AR 72716, NDC 49035-885-49","259104 units","Lack of Assurance of Sterility","07/02/2019","11/15/2019","N/A","11/27/2019","Lot #: 19137     05/22            19022     01/22"
"Drugs","No","","83265","Completed","Altaire Pharmaceuticals, Inc.","311 W Ln","PO Box 849","Aquebogue","NY","	11931-0849","United States","Voluntary: Firm initiated","Two or more of the following: Email, Fax, Letter, Press Release, Telephone, Visit","U.S.A. Nationwide","D-0370-2020","Class II","Equate Support Advanced Lubricating Eye Drops, Preservative Free, Sterile, 25 Single-Use Containers, 0.02 Fl. oz. (0.6 mL), W-M item #: 563031654, Distributed by: Walmart Inc., Bentonville, AR 72716, NDC 49035-882-54","99420 units","Lack of Assurance of Sterility","07/02/2019","11/15/2019","N/A","11/27/2019","Lot #: RKP     11/19           RIN     09/19            SLC     12/20         RIF     09/19            TBE     02/21            TBI     02/21            SHB     08/20"
"Drugs","No","","83265","Completed","Altaire Pharmaceuticals, Inc.","311 W Ln","PO Box 849","Aquebogue","NY","	11931-0849","United States","Voluntary: Firm initiated","Two or more of the following: Email, Fax, Letter, Press Release, Telephone, Visit","U.S.A. Nationwide","D-0371-2020","Class II","Equate Support Advanced Lubricant Gel Drops Multi Dose Preservative Free W-M Item # 563031654, Package Size 7.5 mL, Distributed by: Walmart Inc., Bentonville, AR 72716, NDC 49035-882-54    ","50,904 units","Lack of Assurance of Sterility","07/02/2019","11/15/2019","N/A","11/27/2019","Lot #: 17290; Exp 09/19"
"Drugs","No","","83265","Completed","Altaire Pharmaceuticals, Inc.","311 W Ln","PO Box 849","Aquebogue","NY","	11931-0849","United States","Voluntary: Firm initiated","Two or more of the following: Email, Fax, Letter, Press Release, Telephone, Visit","U.S.A. Nationwide","D-0372-2020","Class II","Equate Support Harmony Lubricant Eye Drops, Restores Tears, 0.33 Fl. oz. (10 mL), Distributed by: Walmart Stores, Inc., Bentonville, AR 72716, NDC 49035-145-10  (Note: Support Harmony packaging was discontinued in January 2018.)","17,613 units","Lack of Assurance of Sterility","07/02/2019","11/15/2019","N/A","11/27/2019","Lot #: 17290, Exp 09/19; 19011, Exp 01/21; 18052, Exp 02/20; 18266, Exp 10/20; 18178, Exp07/20; 17385, Exp 12/19"
"Drugs","No","","83265","Completed","Altaire Pharmaceuticals, Inc.","311 W Ln","PO Box 849","Aquebogue","NY","	11931-0849","United States","Voluntary: Firm initiated","Two or more of the following: Email, Fax, Letter, Press Release, Telephone, Visit","U.S.A. Nationwide","D-0373-2020","Class II","CVS Health Natural Tears Lubricant Eye Drops, Preservative Free Ophthalmic Solution, Sterile, 0.02 Fl. oz., (0.6 mL) each, 32 Single Use Vials, Item #538397, Distributed by: CVS Pharmacy, Inc., One CVS Drive, Woonsocket, RI 02895   ","152,369 units","Lack of Assurance of Sterility","07/02/2019","11/15/2019","N/A","11/27/2019","Lot #: SEI  5/21  SGC 7/21  QGB 07/19  QID 09/19  RJC 10/20  RCJ 03/20  RCB 03/20  TCJ 03/22"
"Drugs","No","","83265","Completed","Altaire Pharmaceuticals, Inc.","311 W Ln","PO Box 849","Aquebogue","NY","	11931-0849","United States","Voluntary: Firm initiated","Two or more of the following: Email, Fax, Letter, Press Release, Telephone, Visit","U.S.A. Nationwide","D-0374-2020","Class II","CVS Health Lubricant Eye Drops for  Mild to Moderate Dry Eye, Sterile, 0.5 Fl. oz. (15 mL), Item #317916, Distributed by: CVS Pharmacy, Inc., One CVS Drive, Woonsocket, RI 02895    ","365,832 units","Lack of Assurance of Sterility","07/02/2019","11/15/2019","N/A","11/27/2019","Lot #: 17196 08/19  17192 09/19  17355 11/19  18024 01/20  18036 02/20  18237 09/20  18293 12/20  18105 04/20  18179 07/20  19040 2/21"
"Drugs","No","","83265","Completed","Altaire Pharmaceuticals, Inc.","311 W Ln","PO Box 849","Aquebogue","NY","	11931-0849","United States","Voluntary: Firm initiated","Two or more of the following: Email, Fax, Letter, Press Release, Telephone, Visit","U.S.A. Nationwide","D-0375-2020","Class II","CVS Health Lubricant Eye Drops for  Mild to Moderate Dry Eye, Sterile, 1 fl. oz., (30 mL), Distributed by: CVS Pharmacy, Inc., One CVS Drive, Woonsocket, RI 02895, Item #247887      ","100,680 units","Lack of Assurance of Sterility","07/02/2019","11/15/2019","N/A","11/27/2019","Lot #: 17222 07/19  17386 12/19  19018 01/21  18016 01/20  18181 07/20  18104 04/20  19018 1/21"
"Drugs","No","","83265","Completed","Altaire Pharmaceuticals, Inc.","311 W Ln","PO Box 849","Aquebogue","NY","	11931-0849","United States","Voluntary: Firm initiated","Two or more of the following: Email, Fax, Letter, Press Release, Telephone, Visit","U.S.A. Nationwide","D-0376-2020","Class II","CVS Health Dry Eye Relief Lubricant Eye Drops, Sterile, 0.5 Fl. Oz. (15 mL), Item #317914,  Distributed by: CVS Pharmacy, Inc., One CVS Drive, Woonsocket, RI 02895          ","531,936 units","Lack of Assurance of Sterility","07/02/2019","11/15/2019","N/A","11/27/2019","Lot #: 17215 07/19  17239 08/19  18081 03/21  18207 08/20  18274 11/21"
"Drugs","No","","83265","Completed","Altaire Pharmaceuticals, Inc.","311 W Ln","PO Box 849","Aquebogue","NY","	11931-0849","United States","Voluntary: Firm initiated","Two or more of the following: Email, Fax, Letter, Press Release, Telephone, Visit","U.S.A. Nationwide","D-0377-2020","Class II","CVS Health Dry Eye Relief Lubricant Eye Drops, Sterile, 1 Fl. Oz. (30 mL), Item #457802, Distributed by: CVS Pharmacy Inc., One CVS Drive, Woonsocket, RI 02895          ","101,712 units","Lack of Assurance of Sterility","07/02/2019","11/15/2019","N/A","11/27/2019","Lot #: 17277 09/19  18006 01/20  18098 04/21  18006 1/20  19057 02/22"
"Drugs","No","07/17/2019","83333","Terminated","Lupin Pharmaceuticals Inc.","111 S Calvert St Fl 21ST","N/A","Baltimore","MD","	21202-6174","United States","Voluntary: Firm initiated","Letter","Nationwide in the U.S. and PR.","D-1490-2019","Class III","Gatifloxacin Ophthalmic Solution 0.5%, For Use in the Eyes Only, Rx Only, Sterile, 2.5 mL Bottle, Manufactured for: Lupin Pharmaceuticals, Inc. Baltimore, Maryland 21202, United States, Manufactured by: Lupin Limited, Pithampur (M.P.) 454 775, India, NDC 68180-435-01.","17,238 bottles","Labeling: Missing label; Product complaints reported missing bottle label.","07/11/2019","07/17/2019","09/09/2020","07/24/2019","Lot #: H805157, Exp. 05/2020"
"Drugs","No","","83265","Completed","Altaire Pharmaceuticals, Inc.","311 W Ln","PO Box 849","Aquebogue","NY","	11931-0849","United States","Voluntary: Firm initiated","Two or more of the following: Email, Fax, Letter, Press Release, Telephone, Visit","U.S.A. Nationwide","D-0378-2020","Class II","CVS Health Preservative Free Lubricant Eye Drops (Carboxymethycellulose Sodium 0.5% Glycerin 0.9%) Sensitive Solution, Item #495334, 60 Sterile Single-Use Containers, 0.02 fl. oz. (0.6 mL) each, Distributed by: CVS Pharmacy Inc., One CVS Drive, Woonsocket, RI 02895, UPC 0 50428 31010 6            ","45,864 units","Lack of Assurance of Sterility","07/02/2019","11/15/2019","N/A","11/27/2019","Lot #: RGF 07/19  RHN 08/19  RIH 09/19  RJP 10/19  RKN 11/19  SDC 04/20  SFC 06/20  SFJ 06/20  SGI 07/20"
"Drugs","No","","83265","Completed","Altaire Pharmaceuticals, Inc.","311 W Ln","PO Box 849","Aquebogue","NY","	11931-0849","United States","Voluntary: Firm initiated","Two or more of the following: Email, Fax, Letter, Press Release, Telephone, Visit","U.S.A. Nationwide","D-0379-2020","Class II","CVS Health Preservative Free Lubricant Eye Drops (Carboxymethylcellulose Sodium 0.5% Glycerin 0.9%) Sensitive Solution, 30 Sterile Single-Use Containers, 0.02 fl. oz. (0.6 mL) each, Item #994883, Distributed by: CVS Pharmacy Inc., One CVS Drive, Woonsocket, RI 02895, UPC 0 50428 39945 3            ","114,504 units","Lack of Assurance of Sterility","07/02/2019","11/15/2019","N/A","11/27/2019","Lot #: RGF 07/19  RHN 08/19  RIH 09/19  RJP 10/19  RKN 11/19  SDC 04/20  SFC 06/20  SFJ 06/20  SGI 07/20  SKF 11/20  TAE 01/21"
"Drugs","No","","83265","Completed","Altaire Pharmaceuticals, Inc.","311 W Ln","PO Box 849","Aquebogue","NY","	11931-0849","United States","Voluntary: Firm initiated","Two or more of the following: Email, Fax, Letter, Press Release, Telephone, Visit","U.S.A. Nationwide","D-0380-2020","Class II","CVS Health Dry Eye Relief Lubricant Eye Drops, 0.5 FL OZ (15 mL), Distributed by: CVS Pharmacy, Inc. Woonsocket, RI 0805 Made in the USA  02895            ","39,288 units","Lack of Assurance of Sterility","07/02/2019","11/15/2019","N/A","11/27/2019","Lot #: 17215 07/19  17239 08/19  18081 03/21  18207 08/20  18274 11/21"
"Drugs","No","","83265","Completed","Altaire Pharmaceuticals, Inc.","311 W Ln","PO Box 849","Aquebogue","NY","	11931-0849","United States","Voluntary: Firm initiated","Two or more of the following: Email, Fax, Letter, Press Release, Telephone, Visit","U.S.A. Nationwide","D-0381-2020","Class II","CVS Health Dry Eye Relief Lubricant Eye Drops, 1 FL OZ (30 mL), Distributed by: CVS Pharmacy, Inc. Woonsocket, RI 02895 Made in the USA              ","101712 units","Lack of Assurance of Sterility","07/02/2019","11/15/2019","N/A","11/27/2019","Lot #: 17277 09/19  18006 01/20  18098 04/21  18006 1/20  19057 02/22"
"Drugs","No","","83265","Completed","Altaire Pharmaceuticals, Inc.","311 W Ln","PO Box 849","Aquebogue","NY","	11931-0849","United States","Voluntary: Firm initiated","Two or more of the following: Email, Fax, Letter, Press Release, Telephone, Visit","U.S.A. Nationwide","D-0382-2020","Class II","CVS Health Preservative Free Lubricant Eye Drops Sensitive Solution, Item#: 495334,Product Size: 0.6 mL x 60 count, Distributed by: CVS Pharmacy Inc., One CVS Drive, Woonsocket, RI 02895            ","45864 units","Lack of Assurance of Sterility","07/02/2019","11/15/2019","N/A","11/27/2019","Lot #: RGF, Exp 07/19; RHN, Exp 08/19; RIH, Exp 09/19; RJP, Exp 10/19; RKN, Exp 11/19; SDC Exp 04/20; SFC, Exp 06/20; SFJ, Exp 06/20; SGI, Exp 07/20"
"Drugs","No","","83265","Completed","Altaire Pharmaceuticals, Inc.","311 W Ln","PO Box 849","Aquebogue","NY","	11931-0849","United States","Voluntary: Firm initiated","Two or more of the following: Email, Fax, Letter, Press Release, Telephone, Visit","U.S.A. Nationwide","D-0383-2020","Class II","CVS Health Preservative Free Lubricant Eye Drops, 60 Sterile Single-Use Containers, 0.02 FL OZ (0.6 mL) EACH,  Distributed by: CVS Pharmacy, Inc. One CVS Drive, Woonsocket, RI 02895              ","39072 units","Lack of Assurance of Sterility","07/02/2019","11/15/2019","N/A","11/27/2019","Lot #: RGF 07/19  RHN 08/19  RIH 09/19  RJP 10/19  RKN 11/19  SDC 04/20  SFC 06/20  SFJ 06/20  SGI 07/20  SKF 11/20  TAE 01/21"
"Drugs","No","","83265","Completed","Altaire Pharmaceuticals, Inc.","311 W Ln","PO Box 849","Aquebogue","NY","	11931-0849","United States","Voluntary: Firm initiated","Two or more of the following: Email, Fax, Letter, Press Release, Telephone, Visit","U.S.A. Nationwide","D-0384-2020","Class II","CVS Health Overnight Lubricating Eye Ointment, Sterile, Net wt. 0.125 oz. (3.5g), Item #881532, Distributed by: CVS Pharmacy Inc., One CVS Drive, Woonsocket, RI 02895          ","284,232 units","Lack of Assurance of Sterility","07/02/2019","11/15/2019","N/A","11/27/2019","Lot #: RJK 10/19  SBJ 2/20  SFG 6/20  SHI 8/20  SLB 12/20  TCM 03/21  TDC 4/21"
"Drugs","No","","83339","Terminated","H J Harkins Company Inc dba Pharma Pac","1400 W Grand Ave Ste F","N/A","Grover Beach","CA","	93433-4221","United States","Voluntary: Firm initiated","Letter","Distributed in California","D-1580-2019","Class II","Neomycin 3.5 mg/g / Polymyxin B10000 USP Units/g / Dexamethasone 1 mg/g Ophthalmic Ointment, 3.5 g tube, Rx only, Manufactured for H.J. Harkins Company, Inc. dba Pharma Pac by Perrigo Co, Allegan, MI 49010, NDC 52959-0407-01","97 boxes","CGMPs Deviations: Insufficient Quality Assurance controls over critical systems in the manufacturing facility.","07/12/2019","07/31/2019","06/05/2023","08/07/2019","Lot #: NPD10RP, Exp 08/19; NPD11RP, Exp 09/19; NPD12RP, Exp 11/19; NPD13RP, Exp 02/20; NPD14RP, Exp 02/20; NPD15RP, Exp 05/20; NPD16RP, Exp 06/20; NPD17RP, Exp 01/21; NPD18RP, Exp 02/21"
"Drugs","No","","83340","Terminated","Baxter Healthcare Corporation","1 Baxter Pkwy","N/A","Deerfield","IL","	60015-4625","United States","Voluntary: Firm initiated","Letter","Nationwide in the United States and Puerto Rico.","D-1514-2019","Class II","0.9% Sodium Chloride Injection USP, 100 mL Viaflex Container, Rx Only, Baxter Healthcare Corporation, Deerfield, IL 60015, USA, NDC 0338-0049-38.","139,680 Containers","Lack of Assurance of Sterility: Bags have potential to leak.","07/18/2019","07/23/2019","04/19/2021","07/31/2019","Lot #s: P389684; P389742, Exp. 8/31/2020"
"Drugs","No","","83316","Terminated","US Pharmaceuticals Inc.","681 Main St Ste 27","N/A","Belleville","NJ","	07109-3471","United States","Voluntary: Firm initiated","Letter","Distributed Nationwide in the USA","D-1736-2019","Class II","CVS Health Glycerin Suppositories, 100- count box, Distributed by:Distributed by: CVS Pharmacy, Inc. One CVS Drive Woonsocket, RI 02895. UPC 0 50428 42738 5","1174 cases","CGMP Deviations: Out of Specification results for either total microbial count or total organic carbon in the purified water utilized in the manufacturing process.","07/11/2019","08/13/2019","06/25/2020","08/21/2019","Lot #'s 61J17, 62J17, 65J17, 66J17, 67J17, 83J17, 86J17, 87J17 EXP 07/2019;  Lot #'s 06P17, 08P17, 09P17, 10P17, 12P17, 13P17, 15P17, 16P17, 17P17, 18P17, 19P17, 21P17, 22P17, 23P17, 24P17 , 26P17 EXP 11/2019"
"Drugs","No","","83346","Terminated","Tris Pharma Inc.","2033 US Highway 130","N/A","Monmouth Junction","NJ","	08852-3003","United States","Voluntary: Firm initiated","Letter","Nationwide in the USA and Puerto Rico","D-1517-2019","Class II","Hydrocodone Polistirex and Chlorpheniramine Polistirex Extended-Release Suspension, (equivalent to 10 mg hydrocodone bitartrate and 8 mg chlorpheniramine maleate per 5 mL), 16 fl. oz. (473 mL) bottle, Rx only, Manufactured by: Tris Pharma, Inc., Monmouth Junction, NJ  08852, NDC 27808-086-02.","2,550 bottles","Superpotent Drug and Failed Stability Specifications: High out-of-specification results for the active ingredients, hydrocodone and chlorpheniramine, as well as high out-of-specification results for the preservatives.","07/11/2019","07/24/2019","11/02/2021","07/31/2019","Lot#: 14079, Exp 10/2021"
"Drugs","No","","83200","Terminated","Geritrex, LLC","40 Commercial Ave","N/A","Middletown","NY","	10941-1444","United States","Voluntary: Firm initiated","Letter","U.S.A. Nationwide","D-1527-2019","Class II","Preferred Plus Dioctyl Liquid Stool Softener (Docusate Sodium), 50mg/5mL, 16 FL. Oz. (1 PT.) 473 mL, Manufactured by RIJ Pharmaceutical Corp. 40 Commercial Avenue Middletown, NY 10941, Distributed by Kinray Inc. Whitestone, NY 11357, NDC 53807-216-16  ","15435 bottles","cGMP Deviations: Products may have microbial contamination.","05/31/2019","07/25/2019","02/02/2024","07/31/2019","Lot #: 70603, 70604, 70612, Exp 6/19"
"Drugs","No","07/25/2019","83350","Terminated","Lupin Pharmaceuticals Inc.","111 S Calvert St Fl 21ST","N/A","Baltimore","MD","	21202-6174","United States","Voluntary: Firm initiated","Letter","Nationwide within the United States","D-1518-2019","Class III","Nystatin and Triamcinolone Acetonide Cream USP100,000 units/g, 0.1%, 15 g tube, Rx only, Manufactured for: Lupin Pharmaceuticals, Inc. Baltimore, Maryland 21202, Manufactured by: Lupin Limited Pithampur (M.P.) 454 775 INDIA, NDC 68180-545-01","33,939 tubes","Failed Content Uniformity Specifications: Out-of-specification result observed in uniformity of containers test at 9 month long term stability condition for upright orientation.","07/17/2019","07/25/2019","09/14/2020","07/31/2019","Lot #: K800245, Exp. Dec 2019;  K900036 Exp. Sep 20; K900153, Exp. 09/2020"
"Drugs","No","","83353","Terminated","ImprimisRx NJ","1705 Us Highway 46 Ste 4","N/A","Ledgewood","NJ","	07852-9720","United States","Voluntary: Firm initiated","Two or more of the following: Email, Fax, Letter, Press Release, Telephone, Visit","Nationwide within the United States","D-1578-2019","Class II","Timolol-Latanoprost P-F (0.5/0.005%) ophthalmic drops, packaged in 5mL bottles, Rx only, ImprimisRX NJ 1705 Route 46 West, Suite 4, Ledgewood, NJ 07852 (844) 446-6979","405 bottles","Subpotent Drug","07/17/2019","07/31/2019","04/22/2020","08/07/2019","Lot #:01252019@1, Exp. 07/21/2019;  03182019@7, Exp. 09/7/2019; 05092019@2, Exp. 11/2/2019"
"Drugs","No","","83353","Terminated","ImprimisRx NJ","1705 Us Highway 46 Ste 4","N/A","Ledgewood","NJ","	07852-9720","United States","Voluntary: Firm initiated","Two or more of the following: Email, Fax, Letter, Press Release, Telephone, Visit","Nationwide within the United States","D-1579-2019","Class II","Timolol- Dorzolamide- Latanoprost P-F (0.5/2.0/0.005%) ophthalmic drops, packaged in 5mL bottles, Rx only, ImprimisRx NJ 1705 Route 46 West, Suite 4, Ledgewood, NJ 07852 (844) 446-6979","246 bottles","Subpotent Drug","07/17/2019","07/31/2019","04/22/2020","08/07/2019","Lot #: 03132019@2, Exp. 09/17/2019; 05102019@2, Exp. 11/02/2019"
"Drugs","No","","83354","Terminated","Lupin Pharmaceuticals Inc.","111 S Calvert St Fl 21ST","N/A","Baltimore","MD","	21202-6174","United States","Voluntary: Firm initiated","Letter","Product was distributed to wholesalers/distributors and supermarket and drug chains throughout the United States.","D-1720-2019","Class II","Lisinopril and Hydrochlorothiazide Tablets USP, 10 mg/12.5 mg, 100 tablet bottle, Rx only, Manufactured by for: Lupin Pharmaceuticals, Inc., Baltimore, MD, Manufactured by: Lupin Limited, Pithampur, INDIA NDC 68180-518-01","39,216 bottles","Presence of Foreign Substance; Product complaints received related to brownish/blackish stains on the tablets and brownish/blackish powder observed inside the bottles.","07/17/2019","08/09/2019","09/14/2020","08/21/2019","Batch# H900575, exp. date 01/2022"
"Drugs","No","","83356","Terminated","Bionpharma Inc.","600 Alexander Rd Ste 2-4b","N/A","Princeton","NJ","	08540-6013","United States","Voluntary: Firm initiated","Letter","Nationwide in the USA","D-1519-2019","Class II","Clobazam Oral Suspension, 2.5 mg/mL, 120 mL bottle, Rx only, Distributed by: Bionpharma Inc., 600 Alexander Road, Princeton, NJ  08540, NDC 69452-116-45.","3,020 bottles","Microbial Contamination of Non-Sterile Products: Out-of-specification results for Microbial Enumeration Tests USP <61> was observed.","07/16/2019","07/25/2019","03/05/2020","07/31/2019","Lot #: 18246, Exp 09/2020"
"Drugs","No","","83074","Terminated","RXQ Compounding LLC","340 W State St Unit 9","N/A","Athens","OH","	45701-1564","United States","Voluntary: Firm initiated","Press Release","Nationwide USA","D-1694-2019","Class II","POTASSIUM CHLORIDE 15% (2MEQ/ML) INJ SOLN, 30 ML per vial, RXQ Compounding, 340 West State Street, Unit 9, Athens, OH 45701. NDC: 70731-0954-30","N/A","Lack of Assurance of Sterility","06/19/2019","08/08/2019","09/16/2022","08/14/2019","All lots within expiry"
"Drugs","No","","83074","Terminated","RXQ Compounding LLC","340 W State St Unit 9","N/A","Athens","OH","	45701-1564","United States","Voluntary: Firm initiated","Press Release","Nationwide USA","D-1695-2019","Class II","PREDNISOLONE 1%, MOXIFLOXACIN 0.5% OPHTH SOL, 5ML per dropper bottle, RXQ Compounding, 340 West State Street, Unit 9, Athens, OH 45701. NDC: 70731-0109-05","N/A","Lack of Assurance of Sterility","06/19/2019","08/08/2019","09/16/2022","08/14/2019","All lots within expiry"
"Drugs","No","","83074","Terminated","RXQ Compounding LLC","340 W State St Unit 9","N/A","Athens","OH","	45701-1564","United States","Voluntary: Firm initiated","Press Release","Nationwide USA","D-1696-2019","Class II","PROCAINE HCL 20 MG/ML (MDV) INJECTABLE SOLUTION, 30 ML per vial.  RXQ Compounding, 340 West State Street, Unit 9, Athens, OH 45701. NDC: 70731-0987-30","N/A","Lack of Assurance of Sterility","06/19/2019","08/08/2019","09/16/2022","08/14/2019","All lots within expiry"
"Drugs","No","","83074","Terminated","RXQ Compounding LLC","340 W State St Unit 9","N/A","Athens","OH","	45701-1564","United States","Voluntary: Firm initiated","Press Release","Nationwide USA","D-1697-2019","Class II","PROCAINE HCL (PFV) 20 MG/ML INJECTABLE SOLUTION, 30 ML per vial, RXQ Compounding, 340 West State Street, Unit 9, Athens, OH 45701. NDC: 70731-0900-30","N/A","Lack of Assurance of Sterility","06/19/2019","08/08/2019","09/16/2022","08/14/2019","All lots within expiry"
"Drugs","No","","83074","Terminated","RXQ Compounding LLC","340 W State St Unit 9","N/A","Athens","OH","	45701-1564","United States","Voluntary: Firm initiated","Press Release","Nationwide USA","D-1698-2019","Class II","PROCAINE HCL 8% (PFV) INJECTABLE, 10ML PER VIAL, RXQ Compounding, 340 West State Street, Unit 9, Athens, OH 45701. NDC: 70731-0970-10","N/A","Lack of Assurance of Sterility","06/19/2019","08/08/2019","09/16/2022","08/14/2019","All lots within expiry"
"Drugs","No","","83074","Terminated","RXQ Compounding LLC","340 W State St Unit 9","N/A","Athens","OH","	45701-1564","United States","Voluntary: Firm initiated","Press Release","Nationwide USA","D-1699-2019","Class II","PYRIDOXINE (MDV) 100MG/ML, 30ML PER VIAL, RXQ Compounding, 340 West State Street, Unit 9, Athens, OH 45701. NDC: 70731-0956-30","N/A","Lack of Assurance of Sterility","06/19/2019","08/08/2019","09/16/2022","08/14/2019","All lots within expiry"
"Drugs","No","","83074","Terminated","RXQ Compounding LLC","340 W State St Unit 9","N/A","Athens","OH","	45701-1564","United States","Voluntary: Firm initiated","Press Release","Nationwide USA","D-1700-2019","Class II","PYRIDOXINE (PFV) 100MG/ML, 30ML PER VIAL. RXQ Compounding, 340 West State Street, Unit 9, Athens, OH 45701. NDC: 70731-0955-30","N/A","Lack of Assurance of Sterility","06/19/2019","08/08/2019","09/16/2022","08/14/2019","All lots within expiry"
"Drugs","No","","83074","Terminated","RXQ Compounding LLC","340 W State St Unit 9","N/A","Athens","OH","	45701-1564","United States","Voluntary: Firm initiated","Press Release","Nationwide USA","D-1701-2019","Class II","RIBOFLAVIN 0.1% OPHTHALMIC SOLUTION SYRINGE, 2 ML per syringe. RXQ Compounding, 340 West State Street, Unit 9, Athens, OH 45701. NDC: 70731-0923-02","N/A","Lack of Assurance of Sterility","06/19/2019","08/08/2019","09/16/2022","08/14/2019","All lots within expiry"
"Drugs","No","","83074","Terminated","RXQ Compounding LLC","340 W State St Unit 9","N/A","Athens","OH","	45701-1564","United States","Voluntary: Firm initiated","Press Release","Nationwide USA","D-1702-2019","Class II","ROPIVICAINE 0.2%, INJ SOLN, 550 ML ON-Q PUMP. RXQ Compounding, 340 West State Street, Unit 9, Athens, OH 45701. NDC: 70731-0238-55","N/A","Lack of Assurance of Sterility","06/19/2019","08/08/2019","09/16/2022","08/14/2019","All lots within expiry"
"Drugs","No","07/31/2019","83363","Terminated","Lupin Pharmaceuticals Inc.","111 S Calvert St Fl 21ST","N/A","Baltimore","MD","	21202-6174","United States","Voluntary: Firm initiated","Letter","Nationwide within the United States","D-1581-2019","Class II","Lisinopril and Hydrochlorothiazide Tablets USP, 20 mg/12.5 mg, 500-count bottle, Rx only, Manufactured for: Lupin Pharmaceuticals, Inc. Baltimore, Maryland 21202, Manufactured by: Lupin Limited Pithampur (M.P.) 454 775, INDIA, NDC 68180-519-02  ","11,832 bottles","Presence of Foreign Tablets/Capsules: Product complaint received of one Fenofibrate tablet 145mg observed in 500 s count product bottle.","07/19/2019","07/31/2019","09/09/2020","07/31/2019","Lot #:H801815, Exp. March 2021"
"Drugs","No","08/21/2019","83368","Terminated","Ucb, Inc","1950 Lake Park Dr Se","N/A","Smyrna","GA","	30080-7648","United States","Voluntary: Firm initiated","Telephone","TN","D-1838-2019","Class II","Keppra (levetiracetam) 1000 mg tablets, 60 tablets per bottle,  Rx only, Manufactured for UCB, Inc. Smyrna, GA 30080, NDC 50474-597-66.","2088 bottles","Failed Dissolution Specifications.","07/18/2019","08/21/2019","01/24/2020","07/31/2019","Lot: 908946 Exp. 02/2022"
"Drugs","No","","83370","Terminated","Preferred Pharmaceuticals, Inc","1250 N Lakeview Ave Ste O","N/A","Anaheim","CA","	92807-1801","United States","Voluntary: Firm initiated","E-Mail","CA, FL","D-1491-2019","Class II","Neomycin Sulfate 3.5 mg/Polymyxin B Sulfate 10,000 units/Dexamethasone  1 mg Ophthalmic Ointment, Pkg Size 3 g Tube, Generic for: Maxitrol, For External Use Only, Rx only, Mfg: Paddock Laboratories, LLC, Preferred Pharmaceuticals, Inc., The Physicians Solutions, Anaheim, CA, NDC 68788-9373-03.","171 tubes","CGMPs Deviations: Insufficient Quality Assurance controls over critical systems in the manufacturing facility.","07/18/2019","07/22/2019","04/24/2023","07/31/2019","Lot #: L2117Q, Batch: 12211717, Exp. 09/2019; F2818H, Batch: 06281808, Exp. 11/2019; B1819T, Batch: B1819T001 to B1819T048 (Inclusive), Exp. 05/2020."
"Drugs","No","","83265","Completed","Altaire Pharmaceuticals, Inc.","311 W Ln","PO Box 849","Aquebogue","NY","	11931-0849","United States","Voluntary: Firm initiated","Two or more of the following: Email, Fax, Letter, Press Release, Telephone, Visit","U.S.A. Nationwide","D-0385-2020","Class II","CVS Health Lubricant Eye Ointment, Sterile, Net Wt. 0.125 oz. (3.5 g), Item #247781, Distributed by: CVS Pharmacy Inc., One CVS Drive, Woonsocket, RI 02895          ","N/A","Lack of Assurance of Sterility","07/02/2019","11/15/2019","N/A","11/27/2019","Lot #: SAS 1/21  SIA 9/21  SFE 6/21  SAS 1/21  SFE 6/21  SIA 9/21  RIE 9/20  REH 5/20  RAD 1/20  TAH 1/22"
"Drugs","No","","83265","Completed","Altaire Pharmaceuticals, Inc.","311 W Ln","PO Box 849","Aquebogue","NY","	11931-0849","United States","Voluntary: Firm initiated","Two or more of the following: Email, Fax, Letter, Press Release, Telephone, Visit","U.S.A. Nationwide","D-0386-2020","Class II","CVS Health Extra Strength Lubricant Gel Drops (Carboxymethyl-Cellulose Sodium 1%, Dry Eye Relief, Sterile, 0.5 fl. oz. (15 mL), Item #799143, Distributed by: CVS Pharmacy Inc., One CVS Drive, Woonsocket, RI 02895    ","159,864 units","Lack of Assurance of Sterility","07/02/2019","11/15/2019","N/A","11/27/2019","Lot #: 19087 3/21  17289 9/19  19087 03/21  18122 5/20"
"Drugs","No","","83265","Completed","Altaire Pharmaceuticals, Inc.","311 W Ln","PO Box 849","Aquebogue","NY","	11931-0849","United States","Voluntary: Firm initiated","Two or more of the following: Email, Fax, Letter, Press Release, Telephone, Visit","U.S.A. Nationwide","D-0387-2020","Class II","CVS Health Fast Acting Lubricant Eye Drops (Polyethylene Glycol 400, 0.4% Propylene Glycol 0.3%) Dry Eye Therapy, Sterile, 0.5 fl. oz. (15 mL), Item #895160, Distributed by: CVS Pharmacy Inc., One CVS Drive, Woonsocket, RI 02895              ","238,968 units","Lack of Assurance of Sterility","07/02/2019","11/15/2019","N/A","11/27/2019","Lot #: 17223 07/19  17297 10/19  18017 01/20  18018 01/20  18065 03/21  18213 08/20  18247 10/21"
"Drugs","No","","83265","Completed","Altaire Pharmaceuticals, Inc.","311 W Ln","PO Box 849","Aquebogue","NY","	11931-0849","United States","Voluntary: Firm initiated","Two or more of the following: Email, Fax, Letter, Press Release, Telephone, Visit","U.S.A. Nationwide","D-0388-2020","Class II","CVS Health Preservative Free Lubricant Eye Drops Dry Eye Therapy, Twin Pack Item #994881 Product Size: 2 x 10 mL, Distributed by: CVS Pharmacy Inc., One CVS Drive, Woonsocket, RI 02895            ","39,744 units","Lack of Assurance of Sterility","07/02/2019","11/15/2019","N/A","11/27/2019","Lot #: 17296 10/19  18094 04/20  18206 08/20"
"Drugs","No","","83265","Completed","Altaire Pharmaceuticals, Inc.","311 W Ln","PO Box 849","Aquebogue","NY","	11931-0849","United States","Voluntary: Firm initiated","Two or more of the following: Email, Fax, Letter, Press Release, Telephone, Visit","U.S.A. Nationwide","D-0389-2020","Class II","CVS Health Preservative Free Lubricant Eye Drops (Carboxymethyl-Cellulose Sodium 0.5%, Sensitive Solution, 30 Sterile Single-Use Containers, 0.02 fl. oz. (0.6 mL) each,  Item #495301, NDC 50428 42216 8, Distributed by: CVS Pharmacy Inc., One CVS Drive, Woonsocket, RI 02895      ","77,760 units","Lack of Assurance of Sterility","07/02/2019","11/15/2019","N/A","11/27/2019","Lot #: QHI 08/19   QJG 10/19   RBA 02/20    RCF 03/20   RCM 03/20    RDJ 04/20   RFA 06/20   RHI 08/20   RJI 10/20   RKG 11/20   SBF 2/21   SDD 04/21"
"Drugs","No","","83265","Completed","Altaire Pharmaceuticals, Inc.","311 W Ln","PO Box 849","Aquebogue","NY","	11931-0849","United States","Voluntary: Firm initiated","Two or more of the following: Email, Fax, Letter, Press Release, Telephone, Visit","U.S.A. Nationwide","D-0390-2020","Class II","CVS Health Preservative Free Lubricant Eye Drops (Carboxymethy-Cellulose Sodium 0.5%, Sensitive Solution, 70 Sterile Single-Use Containers, 0.02 fl. oz. (0.6 mL) each,  Item #457791, NDC 50428 41429 3, Distributed by: CVS Pharmacy Inc., One CVS Drive, Woonsocket, RI 02895          ","109,020 units","Lack of Assurance of Sterility","07/02/2019","11/15/2019","N/A","11/27/2019","Lot #: QHF 08/19  QHI 08/19  QLA 12/19  RBA 02/20  RCF 03/20  RCM 03/20  RDJ 04/20  RFA 06/20  RHI 08/20  RJI 10/20  RKG 11/20  RLE 12/20  SAW 01/21  SBF 02/21"
"Drugs","No","","83378","Terminated","Ascend Laboratories LLC","339 Jefferson Rd Ste 101","N/A","Parsippany","NJ","	07054-3707","United States","Voluntary: Firm initiated","Letter","Product was shipped to wholesalers throughout the United States.","D-1515-2019","Class II","Atorvastatin Calcium Tablet USP 80 mg, a) 90 count (NDC 67877-0514-90) and b) 500 count (NDC 67877-0514-05) bottles, Rx only, Manufactured by: Alkem Laboratories, Ltd, Mumbai INDIA, Distributed by: Ascend Laboratories, LLC, Parsippany, NJ","a) 5,472 bottles and b) 5,880 bottles","Failed Dissolution Specifications","07/19/2019","07/24/2019","06/07/2021","07/31/2019","a) Lot# 19140443, exp. date 12/2020, Lot# 19140525, 19140535, exp. date 01/2021 and   b) Lot# 19140756, exp. date 12/2020, Lot# 19140757, Lot# 19140758, exp. date 01/2021, Lot# 19141696, Lot# 19141793, exp. date 03/2021"
"Drugs","No","","83397","Terminated","Wise Pharmacy","6179 S Balsam Way Ste 150","N/A","Littleton","CO","	80123-3095","United States","Voluntary: Firm initiated","Letter","CO, TX, WY","D-1567-2019","Class II","Acetylcysteine 2% Otic Drop, 15 mL bottle, Rx only, Refrigerate, Compounded by Wise Pharmacy, Littleton, CO 80123.","1 bottle","Lack of Processing Controls","07/22/2019","07/31/2019","02/03/2020","08/07/2019","Lot #: 7131N, Exp 7/11/19"
"Drugs","No","","83399","Terminated","Dercher Enterprises, Inc., DBA Gordon Laboratories","6801 Ludlow St","N/A","Upper Darby","PA","	19082-2408","United States","Voluntary: Firm initiated","Letter","Nationwide in the USA","D-1528-2019","Class II","MONSEL'S (Ferric Subsulfate) Solution, 8 mL amber glass bottle, packaged as one dozen bottles with applicators per box, Rx only, Gordon Laboratories, Upper Darby, PA 19082, NDC 10481-0112-8.","277 boxes","Microbial Contamination of Non-Sterile Products and Superpotent Drug: FDA analysis revealed microbial contamination in addition to high out of specification results for iron content.","07/19/2019","07/25/2019","08/14/2023","07/31/2019","Batch #: 579634, 579635, Exp 5/2020"
"Drugs","No","","83397","Terminated","Wise Pharmacy","6179 S Balsam Way Ste 150","N/A","Littleton","CO","	80123-3095","United States","Voluntary: Firm initiated","Letter","CO, TX, WY","D-1568-2019","Class II","Alprostadil 100 mcg/mL Injectable, 2.5 mL vial, Rx only, Compounded by Wise Pharmacy, Littleton, CO 80123.","4 vials","Lack of Processing Controls","07/22/2019","07/31/2019","02/03/2020","08/07/2019","Lot #: 6981N, Exp 10/17/2019"
"Drugs","No","","83397","Terminated","Wise Pharmacy","6179 S Balsam Way Ste 150","N/A","Littleton","CO","	80123-3095","United States","Voluntary: Firm initiated","Letter","CO, TX, WY","D-1569-2019","Class II","Dexamethasone Sodium Phosphate PF 24 mg/mL Injection, Refrigerate, Single Use Vial, 1 mL vial, Rx only, Compounded by Wise Pharmacy, Littleton, CO 80123.","27 vials","Lack of Processing Controls","07/22/2019","07/31/2019","02/03/2020","08/07/2019","Lots #: 5506N, Exp 9/21/2019; 7180N, Exp 12/29/2019"
"Drugs","No","","83397","Terminated","Wise Pharmacy","6179 S Balsam Way Ste 150","N/A","Littleton","CO","	80123-3095","United States","Voluntary: Firm initiated","Letter","CO, TX, WY","D-1570-2019","Class II","Gentamicin (GU) Irrigation 240 mg/500 mL Solution, 250 mL Container, Shake well and Refrigerate, Rx only, Compounded by Wise Pharmacy, Littleton, CO 80123.","1 container","Lack of Processing Controls","07/22/2019","07/31/2019","02/03/2020","08/07/2019","Lot #: 7179N, Exp 7/16/2019"
"Drugs","No","","83397","Terminated","Wise Pharmacy","6179 S Balsam Way Ste 150","N/A","Littleton","CO","	80123-3095","United States","Voluntary: Firm initiated","Letter","CO, TX, WY","D-1571-2019","Class II","Tobramycin Irrigation 80 mg/1000 mL Solution, 1000 mL Container, Refrigerate, Nasal,, Rx only, Compounded by Wise Pharmacy, Littleton, CO 80123.","1 container","Lack of Processing Controls","07/22/2019","07/31/2019","02/03/2020","08/07/2019","Lot #: 7270N, Exp 7/22/2019"
"Drugs","No","","83397","Terminated","Wise Pharmacy","6179 S Balsam Way Ste 150","N/A","Littleton","CO","	80123-3095","United States","Voluntary: Firm initiated","Letter","CO, TX, WY","D-1572-2019","Class II","Papaverine/Phentolamine 30 mg/1 mg/mL Injectable, 2.5 mL Vial, Rx only, Compounded by Wise Pharmacy, Littleton, CO 80123.","8 vials","Lack of Processing Controls","07/22/2019","07/31/2019","02/03/2020","08/07/2019","Lot #: 5978N, Exp 8/20/2019; 7266N, Exp 11/5/2019"
"Drugs","No","","83397","Terminated","Wise Pharmacy","6179 S Balsam Way Ste 150","N/A","Littleton","CO","	80123-3095","United States","Voluntary: Firm initiated","Letter","CO, TX, WY","D-1573-2019","Class II","Papaverine/Phentolamine/Alprostadil 30 mg/0.2 mg/10 mcg/mL Injectable, 2.5 mL Vial, Rx only, Compounded by Wise Pharmacy, Littleton, CO 80123.","84 vials","Lack of Processing Controls","07/22/2019","07/31/2019","02/03/2020","08/07/2019","Lot #: 6054N; 4796N, Exp 7/16/2019; 7049N, Exp 11/24/2019"
"Drugs","No","","83397","Terminated","Wise Pharmacy","6179 S Balsam Way Ste 150","N/A","Littleton","CO","	80123-3095","United States","Voluntary: Firm initiated","Letter","CO, TX, WY","D-1574-2019","Class II","Papaverine/Phentolamine/Alprostadil - 30 mg/1 mg/10 mcg/mL Injectable, 2.5 mL Vial, Rx only, Compounded by Wise Pharmacy, Littleton, CO 80123.","44 vials","Lack of Processing Controls","07/22/2019","07/31/2019","02/03/2020","08/07/2019","Lot #: 5333N, Exp 7/12/2019; 7000N, Exp 10/18/2019"
"Drugs","No","","83397","Terminated","Wise Pharmacy","6179 S Balsam Way Ste 150","N/A","Littleton","CO","	80123-3095","United States","Voluntary: Firm initiated","Letter","CO, TX, WY","D-1575-2019","Class II","Papaverine/Phentolamine/Alprostadil 30 mg/2 mg/30 mcg/mL Injectable, 2.5 mL Vial, Rx only, Compounded by Wise Pharmacy, Littleton, CO 80123.","97 vials","Lack of Processing Controls","07/22/2019","07/31/2019","02/03/2020","08/07/2019","Lot #: 5620N, Exp 7/16/2019; 6221N, Exp 8/31/2019; 6952N, Exp 10/16/2019"
"Drugs","No","","83397","Terminated","Wise Pharmacy","6179 S Balsam Way Ste 150","N/A","Littleton","CO","	80123-3095","United States","Voluntary: Firm initiated","Letter","CO, TX, WY","D-1576-2019","Class II","Papaverine/Phentolamine/Alprostadil 30 mg/2 mg/50 mcg/mL Injectable, 2.5 mL Vial, Rx only, Compounded by Wise Pharmacy, Littleton, CO 80123.","32 vials","Lack of Processing Controls","07/22/2019","07/31/2019","02/03/2020","08/07/2019","Lot #: 6176N, Exp 8/30/2019; 7162N, Exp 10/20/2019"
"Drugs","No","","83397","Terminated","Wise Pharmacy","6179 S Balsam Way Ste 150","N/A","Littleton","CO","	80123-3095","United States","Voluntary: Firm initiated","Letter","CO, TX, WY","D-1577-2019","Class II","Papaverine/Phentolamine/Alprostadil/Atropine 30 mg/2 mg/50 mcg/0.15 mg/mL Injectable, 2.5 mL Vial, Rx only, Compounded by Wise Pharmacy, Littleton, CO 80123.","14 vials","Lack of Processing Controls","07/22/2019","07/31/2019","02/03/2020","08/07/2019","Lot #: 6153N, Exp8/29/2019"
"Drugs","No","","83316","Terminated","US Pharmaceuticals Inc.","681 Main St Ste 27","N/A","Belleville","NJ","	07109-3471","United States","Voluntary: Firm initiated","Letter","Distributed Nationwide in the USA","D-1737-2019","Class II","CRYO-273 Cold Pain Relieving Gel Roll-On 3 FL. OZ. (89 mL) Distributed By: CRYO-273.com Tampa, FL 33629. UPC 8 15290 01529 6    ","167 cases","CGMP Deviations: Out of Specification results for either total microbial count or total organic carbon in the purified water utilized in the manufacturing process.","07/11/2019","08/13/2019","06/25/2020","08/21/2019","Lot #'s 09K17, 13K17 EXP 08/2019"
"Drugs","No","","83316","Terminated","US Pharmaceuticals Inc.","681 Main St Ste 27","N/A","Belleville","NJ","	07109-3471","United States","Voluntary: Firm initiated","Letter","Distributed Nationwide in the USA","D-1738-2019","Class II","Cool Hot Ice Analgesic Gel, 8 oz (227 g) Distributed by: Unipack Inc. Pittsburg, PA 15239, USA. UPC 7 51393 00608 6","246 cases","CGMP Deviations: Out of Specification results for either total microbial count or total organic carbon in the purified water utilized in the manufacturing process.","07/11/2019","08/13/2019","06/25/2020","08/21/2019","Lot # 14L18, EXP 09/2020"
"Drugs","No","","83316","Terminated","US Pharmaceuticals Inc.","681 Main St Ste 27","N/A","Belleville","NJ","	07109-3471","United States","Voluntary: Firm initiated","Letter","Distributed Nationwide in the USA","D-1739-2019","Class II","Kool Comfort Cooling Pain Relief,  5% Menthol, Packaged in a) 3 OZ./85 g (UPC 0 52301 35903 5); b) 4 OZ/ 113 g (UPC 0 52301 36504 3); c) 32 OZ/ 907 g (UPC 0 52301 36532 6); d) 16 OZ/ 454 g (UPC 0 52301 36516 6); e) 128 OZ/ 3629 g (UPC 0 52301 36512 8) Manufactured for: Dee Cee Laboratories, Inc. 304 Dee Cee Rd., White House, TN 37188.  ","2192 cases","CGMP Deviations: Out of Specification results for either total microbial count or total organic carbon in the purified water utilized in the manufacturing process.","07/11/2019","08/13/2019","06/25/2020","08/21/2019","Lot # 27H18, EXP 06/2021; 32H18, EXP 06/2021; 42H18, EXP 06/2021; 21J18, EXP 07/2021"
"Drugs","No","","83316","Terminated","US Pharmaceuticals Inc.","681 Main St Ste 27","N/A","Belleville","NJ","	07109-3471","United States","Voluntary: Firm initiated","Letter","Distributed Nationwide in the USA","D-1740-2019","Class II","Wonder Freeze Pain Releiving Gel with ILEX, Menthol 5%, packaged in a) 3 OZ /85 g (UPC 0 99528 35903 5); b) 4 OZ / 113 g (UPC 0 99528 31504 8); c) 16 OZ / 454 g (UPC 0 99528 31516 1); Manufactured For: Wonder Laboratories, 115 S.C.T. Ct., White House TN. 37188.   ","147 cases","CGMP Deviations: Out of Specification results for either total microbial count or total organic carbon in the purified water utilized in the manufacturing process.","07/11/2019","08/13/2019","06/25/2020","08/21/2019","Lot # a) 21J18, EXP 07/2021 b)  42H18, EXP 06/2021; c) 32H18, EXP 6/2021"
"Drugs","No","","83074","Terminated","RXQ Compounding LLC","340 W State St Unit 9","N/A","Athens","OH","	45701-1564","United States","Voluntary: Firm initiated","Press Release","Nationwide USA","D-1703-2019","Class II","RXQ CAIN (PHENYLEP 1.5%/ LIDO 1% OPHTH SOL (PF), 1 ML PER VIAL, RXQ Compounding, 340 West State Street, Unit 9, Athens, OH 45701. NDC: 70731-0918-01","N/A","Lack of Assurance of Sterility","06/19/2019","08/08/2019","09/16/2022","08/14/2019","All lots within expiry"
"Drugs","No","","83074","Terminated","RXQ Compounding LLC","340 W State St Unit 9","N/A","Athens","OH","	45701-1564","United States","Voluntary: Firm initiated","Press Release","Nationwide USA","D-1704-2019","Class II","SODIUM BICARBONATE 8.4% (1 MEQ/ML) INJ SOLN (PFV), 50 ML PER VIAL, RXQ Compounding, 340 West State Street, Unit 9, Athens, OH 45701. NDC: 70731-0957-50","N/A","Lack of Assurance of Sterility","06/19/2019","08/08/2019","09/16/2022","08/14/2019","All lots within expiry"
"Drugs","No","","83074","Terminated","RXQ Compounding LLC","340 W State St Unit 9","N/A","Athens","OH","	45701-1564","United States","Voluntary: Firm initiated","Press Release","Nationwide USA","D-1705-2019","Class II","LIDOCAINE 0.75%/Epinephrine 0.025%/BSS 0.56ML SYR, 1 ML PER Syringe, RXQ Compounding, 340 West State Street, Unit 9, Athens, OH 45701. NDC: 70731-0919-01","N/A","Lack of Assurance of Sterility","06/19/2019","08/08/2019","09/16/2022","08/14/2019","All lots within expiry"
"Drugs","No","","83074","Terminated","RXQ Compounding LLC","340 W State St Unit 9","N/A","Athens","OH","	45701-1564","United States","Voluntary: Firm initiated","Press Release","Nationwide USA","D-1706-2019","Class II","SOD-PHOS (PHOS 3MMOL/ML-SOD 4MEQ/ML)  PFV INJ SOLN, 10 ML PER VIAL, RXQ Compounding, 340 West State Street, Unit 9, Athens, OH 45701. NDC: 70731-0905-10","N/A","Lack of Assurance of Sterility","06/19/2019","08/08/2019","09/16/2022","08/14/2019","All lots within expiry"
"Drugs","No","","83413","Terminated","Glenmark Pharmaceuticals Inc., USA","750 Corporate Dr","N/A","Mahwah","NJ","	07430-2009","United States","Voluntary: Firm initiated","Letter","Nationwide within the United States","D-1586-2019","Class II","Mometasone Furoate Cream USP, 0.1%, packaged in a) 15gram tubes (NDC 68462-192-17) and b) 45 gram tubes (NDC 68462-192-55), Rx Only,  Manufactured by; Glenmark Pharmaceuticals Ltd At: Village: Kishanpura, Baddi Nalagari Road, District: Solan, Himachal Pradesh -173205, India Glenmark Pharmaceuticals Inc., USA Mahwah, NJ 07430  ","N/A","GMP Deviations: Glenmark received complaints stating that mometasone fuorate cream was gritty.","07/23/2019","08/02/2019","10/26/2021","08/14/2019","a) 05171238, 05171248, 05171249, Exp. Jul-2019; 05171582, 05171612, Exp. Aug-2019; 05171674, 05171675, 05171682, Exp. Sep 2019; 05180065, 05180066, Exp. Dec 2019; 05180264, 05180264, 05180265, 05180275, 0518276, Exp. Jan 2020; 05180411, 05180412, 05180422, Exp. Jan 2020; 05180556, 05180568 Exp..Feb-2020; 05180889, 05180890, 05180896, 05180896, 05180897 Exp. Apr 2020; 05181123, 05181129, 05181134, 05181135, Exp. May 2020; 05181415, 05181425, 05181429, 05181433, Exp. Jun 2020; 05181528, Exp. Jul 2020; 05181747, 05181748, Exp. Aug 2020.        b) 05171207, 05171212, 05171213, 05171232, 05171233, Exp. Jul-2019;   05171476, 05171478, 05171479, Exp. Aug 2019; 05171596 , 05171597,   05171602, 05171603, Exp. Aug 2019; 05171683, 05171697, 05171698,   05171703, 05171718, 05171783, 05171788, 05171789, 05171790,   05171791, Exp. Sep 2019; 05180092, 05180093, 05180119, 05180219,    05180220, Exp. Dec 2019; 05180289, 05180291,   05180434,05180435,  Exp. Jan-2020; 05180438, 05180439, 05180443,   05180444, 05180450, 05180462, 05180572, 05180646, Exp. Feb 2020  05180648, 05180649, 05180659, 05180660, 05180671, Mar 2020;   05180870, 05180871, 05180874, 05180877, 05180900, 05180901, Exp. Apr 2020; 05181073, 05181074, 05181086, 05181087, 05181091, 05181092, 05181101, 05181102, 05181111, 05181146, 05181147, 05181148, 05181240 Exp. May 2020; 05181241, 05181248, 05181252, 05181253, 05181257,   05181265, 05181266, 05181267, 05181272, 05181309, 05181316,   05181317, 05181332 Exp. Jun 2020; 05181588, 05181602, 05181603,   05181618, 05181619, 05181621, 05181622, 05181633, 05181634 Exp. Jul 2020; 05181754, 05181772, 05181773, 05181781 Exp. Aug 2020"
"Drugs","No","","83074","Terminated","RXQ Compounding LLC","340 W State St Unit 9","N/A","Athens","OH","	45701-1564","United States","Voluntary: Firm initiated","Press Release","Nationwide USA","D-1707-2019","Class II","STERILE WATER FOR INJECTION USP, [10, 30, or 50 ML] per Vial, RXQ Compounding, 340 West State Street, Unit 9, Athens, OH 45701. NDC 10 ML vial: 70731-0188-10; NDC 30 ML vial: 70731-0188-30; NDC 50 ML vial: 70731-0188-50","N/A","Lack of Assurance of Sterility","06/19/2019","08/08/2019","09/16/2022","08/14/2019","All lots within expiry"
"Drugs","No","","83074","Terminated","RXQ Compounding LLC","340 W State St Unit 9","N/A","Athens","OH","	45701-1564","United States","Voluntary: Firm initiated","Press Release","Nationwide USA","D-1708-2019","Class II","SUCCINYLCHOLINE CHLORIDE 20MG/ML INJ SOL, 10 ML per Vial, RXQ Compounding, 340 West State Street, Unit 9, Athens, OH 45701. NDC 70731-0129-10","N/A","Lack of Assurance of Sterility","06/19/2019","08/08/2019","09/16/2022","08/14/2019","All lots within expiry"
"Drugs","No","","83074","Terminated","RXQ Compounding LLC","340 W State St Unit 9","N/A","Athens","OH","	45701-1564","United States","Voluntary: Firm initiated","Press Release","Nationwide USA","D-1709-2019","Class II","TAURINE 50 MG/ML (MDV) INJECTABLE, 30 ML per Vial, RXQ Compounding, 340 West State Street, Unit 9, Athens, OH 45701. NDC 70731-0958-30","N/A","Lack of Assurance of Sterility","06/19/2019","08/08/2019","09/16/2022","08/14/2019","All lots within expiry"
"Drugs","No","","83074","Terminated","RXQ Compounding LLC","340 W State St Unit 9","N/A","Athens","OH","	45701-1564","United States","Voluntary: Firm initiated","Press Release","Nationwide USA","D-1710-2019","Class II","THIAMINE HCL 100MG/ML (MDV) INJECTION, 10 ML per Vial, RXQ Compounding, 340 West State Street, Unit 9, Athens, OH 45701. NDC 70731-0950-10","N/A","Lack of Assurance of Sterility","06/19/2019","08/08/2019","09/16/2022","08/14/2019","All lots within expiry"
"Drugs","No","","83074","Terminated","RXQ Compounding LLC","340 W State St Unit 9","N/A","Athens","OH","	45701-1564","United States","Voluntary: Firm initiated","Press Release","Nationwide USA","D-1711-2019","Class II","TRAVASOL 10% (AMINO ACID) INJECTION SOLUTION, 50 ML per Vial, RXQ Compounding, 340 West State Street, Unit 9, Athens, OH 45701. NDC 70731-0151-50","N/A","Lack of Assurance of Sterility","06/19/2019","08/08/2019","09/16/2022","08/14/2019","All lots within expiry"
"Drugs","No","","83074","Terminated","RXQ Compounding LLC","340 W State St Unit 9","N/A","Athens","OH","	45701-1564","United States","Voluntary: Firm initiated","Press Release","Nationwide USA","D-1712-2019","Class II","TURBO CAINE 2.5 (PHEN2.5/CYCLO1/ TROP1/TETRA 0.5), 0.4 ML per Syringe, RXQ Compounding, 340 West State Street, Unit 9, Athens, OH 45701. NDC 70731-0193-81","N/A","Lack of Assurance of Sterility","06/19/2019","08/08/2019","09/16/2022","08/14/2019","All lots within expiry"
"Drugs","No","","83074","Terminated","RXQ Compounding LLC","340 W State St Unit 9","N/A","Athens","OH","	45701-1564","United States","Voluntary: Firm initiated","Press Release","Nationwide USA","D-1713-2019","Class II","TURBO DROPS (PHEN 0.625%/CYCLO 0.25%/TROP 0.25%/KETO 0.125%) OPHTH SOLN, 0.4 ML per Syringe, RXQ Compounding, 340 West State Street, Unit 9, Athens, OH 45701. NDC 70731-0192-81","N/A","Lack of Assurance of Sterility","06/19/2019","08/08/2019","09/16/2022","08/14/2019","All lots within expiry"
"Drugs","No","","83074","Terminated","RXQ Compounding LLC","340 W State St Unit 9","N/A","Athens","OH","	45701-1564","United States","Voluntary: Firm initiated","Press Release","Nationwide USA","D-1714-2019","Class II","TURBO DROPS (PHEN 10% / CYCLO 1%/ TROP 1%/ KETO 0.5%) OPHTH SOLN, 5 ML per dropper bottle, RXQ Compounding, 340 West State Street, Unit 9, Athens, OH 45701. NDC 70731-0206-05","N/A","Lack of Assurance of Sterility","06/19/2019","08/08/2019","09/16/2022","08/14/2019","All lots within expiry"
"Drugs","No","","83074","Terminated","RXQ Compounding LLC","340 W State St Unit 9","N/A","Athens","OH","	45701-1564","United States","Voluntary: Firm initiated","Press Release","Nationwide USA","D-1715-2019","Class II","TURBO DROPS (PHEN 2.5% / CYCLO 1%/ TROP 1%/ KETO 0.5%) OPHTH SOLN, 5 ML per dropper bottle, RXQ Compounding, 340 West State Street, Unit 9, Athens, OH 45701. NDC 70731-0205-05","N/A","Lack of Assurance of Sterility","06/19/2019","08/08/2019","09/16/2022","08/14/2019","All lots within expiry"
"Drugs","No","","83074","Terminated","RXQ Compounding LLC","340 W State St Unit 9","N/A","Athens","OH","	45701-1564","United States","Voluntary: Firm initiated","Press Release","Nationwide USA","D-1716-2019","Class II","VITAMIN B COMPLEX 100 (MDV), 30 ML per Vial, RXQ Compounding, 340 West State Street, Unit 9, Athens, OH 45701. NDC 70731-0976-30","N/A","Lack of Assurance of Sterility","06/19/2019","08/08/2019","09/16/2022","08/14/2019","All lots within expiry"
"Drugs","No","","83074","Terminated","RXQ Compounding LLC","340 W State St Unit 9","N/A","Athens","OH","	45701-1564","United States","Voluntary: Firm initiated","Press Release","Nationwide USA","D-1717-2019","Class II","VITAMIN B COMPLEX 100 (PFV), [2 or 30 ML] per Vial, RXQ Compounding, 340 West State Street, Unit 9, Athens, OH 45701. NDC 2 ML Vial: 70731-0961-02; NDC 30 ML Vial: 70731-0961-30","N/A","Lack of Assurance of Sterility","06/19/2019","08/08/2019","09/16/2022","08/14/2019","All lots within expiry"
"Drugs","No","","83074","Terminated","RXQ Compounding LLC","340 W State St Unit 9","N/A","Athens","OH","	45701-1564","United States","Voluntary: Firm initiated","Press Release","Nationwide USA","D-1718-2019","Class II","ZINC SULFATE 1MG/ML INJECTION SOLUTION (PFV), 10ML per VIAL, RXQ Compounding, 340 West State Street, Unit 9, Athens, OH 45701. NDC 70731-0963-10","N/A","Lack of Assurance of Sterility","06/19/2019","08/08/2019","09/16/2022","08/14/2019","All lots within expiry"
"Drugs","No","","83074","Terminated","RXQ Compounding LLC","340 W State St Unit 9","N/A","Athens","OH","	45701-1564","United States","Voluntary: Firm initiated","Press Release","Nationwide USA","D-1719-2019","Class II","ZINC SULFATE 1MG/ML INJECTION SOLUTION, 30ML per VIAL, RXQ Compounding, 340 West State Street, Unit 9, Athens, OH 45701. NDC 70731-0152-30","N/A","Lack of Assurance of Sterility","06/19/2019","08/08/2019","09/16/2022","08/14/2019","All lots within expiry"
"Drugs","No","08/28/2019","83414","Terminated","Macleods Pharma Usa Inc","666 Plainsboro Rd Bldg 200 Ste 230","N/A","Plainsboro","NJ","	08536-0009","United States","Voluntary: Firm initiated","Letter","Nationwide","D-1844-2019","Class II","Tamsulosin Hydrochloride Capsules, USP 0.4 mg Rx only   a) 100 count (NDC 33342-159-11), b) 500 count (NDC 33342-159-15) and c) 1000 count (NDC 33342-159-44) bottles, Manufactured : Macleods Pharma USA, Inc Plainsboro, NJ Manufactured by: Macleods Pharmaceuticals Ltd Baddi, Himchal Pradesh, INDIA","a) 5448 bottles b) 972 bottles c) 158 bottles","Failed Dissolution Specifications","07/17/2019","08/28/2019","02/09/2021","08/21/2019","a) BTP803A, exp 08/2020;  b) BTP802A, exp 07/2020, BTP901A, exp 12/2020;  c) BTP802B, exp 07/2020"
"Drugs","No","","83417","Terminated","Medtech Products, Inc.","660 White Plains Rd Ste 250","N/A","Tarrytown","NY","	10591-5171","United States","Voluntary: Firm initiated","Letter","Nationwide in the USA and Puerto Rico, St. Michael, Barbados, Guyana, St. Johns, Antigua and Barbuda, Kingston 5, and Jamaica.","D-1822-2019","Class II","Clear eyes REDNESS RELIEF (Glycerin 0.25%, Naphazoline hydrochloride 0.012%) eye drops, packaged in a) 0.5 FL OZ (15 mL) bottle (UPC 6 78112 25415 6); b) 1 FL OZ (30 mL) bottle (UPC 6 78112 25419 4); c) 0.2 FL OZ (6 mL) bottle, Handy Pocket Pal (UPC 6 78112 25418 7); Distributed by Medtech Products Inc., Tarrytown, NY  10591; A Prestige Brands Company.","6,661,188 bottles","CGMP Deviations: concerns regarding the sufficiency of Quality Assurance controls over critical systems in the manufacturing facility that could impact the product quality of the finished products.","07/26/2019","08/16/2019","03/10/2021","08/28/2019","Lot #: a) 16195, Exp 07/19; 16211, 16216, Exp 08/19; b) 16205, Exp 07/19; 16211, Exp 08/19; c) 16192, 16203, Exp 07/19; 16242, Exp 09/19; 16280, 16285, Exp 10/19; 16300, Exp 11/19; 16336, Exp 12/19; 17002, 17012, Exp 01/20; 17051, Exp 02/20; 17130, Exp 04/20; 17147, Exp 05/20"
"Drugs","No","","83417","Terminated","Medtech Products, Inc.","660 White Plains Rd Ste 250","N/A","Tarrytown","NY","	10591-5171","United States","Voluntary: Firm initiated","Letter","Nationwide in the USA and Puerto Rico, St. Michael, Barbados, Guyana, St. Johns, Antigua and Barbuda, Kingston 5, and Jamaica.","D-1823-2019","Class II","Clear eyes REDNESS RELIEF (Glycerin 0.25%, Naphazoline hydrochloride 0.012%) eye drops, Handy Pocket Pal, 0.2 FL OZ (6 mL) bottle, Dist. by Lil' Drug Store Products Inc., 1201 Continental Place NE, Cedar Rapids, IA  52402; Medtech Products Inc., Tarrytown, NY  10591, UPC 7 92554 70103 7.","1,621,200 bottles","CGMP Deviations: concerns regarding the sufficiency of Quality Assurance controls over critical systems in the manufacturing facility that could impact the product quality of the finished products.","07/26/2019","08/16/2019","03/10/2021","08/28/2019","Lot #: 16321, Exp 11/19; 16336, Exp 12/19; 17012, Exp 01/20; 17034, 17051, Exp 02/20; 17147, Exp 05/20"
"Drugs","No","","83417","Terminated","Medtech Products, Inc.","660 White Plains Rd Ste 250","N/A","Tarrytown","NY","	10591-5171","United States","Voluntary: Firm initiated","Letter","Nationwide in the USA and Puerto Rico, St. Michael, Barbados, Guyana, St. Johns, Antigua and Barbuda, Kingston 5, and Jamaica.","D-1824-2019","Class II","Clear eyes MAXIMUM ITCHY EYE RELIEF (Glycerin 0.25%, Naphazoline hydrochloride 0.012%, Zinc Sulfate 0.25%) eye drops, 0.5 FL OZ (15 mL) bottle, Distributed by Medtech Products Inc., Tarrytown, NY  10591, A Prestige Brands Company, UPC 6 78112 65920 3.","927,108 bottles","CGMP Deviations: concerns regarding the sufficiency of Quality Assurance controls over critical systems in the manufacturing facility that could impact the product quality of the finished products.","07/26/2019","08/16/2019","03/10/2021","08/28/2019","Lot #: 16302, Exp 11/19; 16331, 16344, Exp 12/19; 17011, 17016, Exp 01/20."
"Drugs","No","","83417","Terminated","Medtech Products, Inc.","660 White Plains Rd Ste 250","N/A","Tarrytown","NY","	10591-5171","United States","Voluntary: Firm initiated","Letter","Nationwide in the USA and Puerto Rico, St. Michael, Barbados, Guyana, St. Johns, Antigua and Barbuda, Kingston 5, and Jamaica.","D-1825-2019","Class II","Clear eyes MAXIMUM REDNESS RELIEF (Glycerin 0.5%, Naphazoline hydrochloride 0.03%) eye drops, 0.5 FL OZ (15 mL) bottle, Distributed by Medtech Products Inc., Tarrytown, NY  10591, A Prestige Brands Company, UPC 6 78112 66577 8.","1,872,984 bottles","CGMP Deviations: concerns regarding the sufficiency of Quality Assurance controls over critical systems in the manufacturing facility that could impact the product quality of the finished products.","07/26/2019","08/16/2019","03/10/2021","08/28/2019","Lot #: 16234, 16247, Exp 08/19; 16286, Exp 10/19; 16314, Exp 11/19"
"Drugs","No","","83417","Terminated","Medtech Products, Inc.","660 White Plains Rd Ste 250","N/A","Tarrytown","NY","	10591-5171","United States","Voluntary: Firm initiated","Letter","Nationwide in the USA and Puerto Rico, St. Michael, Barbados, Guyana, St. Johns, Antigua and Barbuda, Kingston 5, and Jamaica.","D-1826-2019","Class II","Clear Eyes Assorted IRC Display; each display contains 6 each of a) Clear eyes REDNESS RELIEF (Glycerin 0.25%, Naphazoline hydrochloride 0.12%) eye drops, 0.5 FL OZ (15 mL) bottle (UPC 6 78112 25415 6); b) Clear eyes MAXIMUM REDNESS RELIEF (Glycerin 0.5%, Naphazoline hydrochloride 0.03%), 0.5 FL OZ (15 mL) bottle (UPC 6 78112 66577 8); and c) Clear eyes MAXIMUM ITCHY EYE RELIEF (Glycerin 0.25%, Naphazoline hydrochloride 0.012%, Zinc Sulfate 0.25%), 0.5 FL OZ (15 mL) bottle (UPC 6 78112 65920 3); Distributed by Medtech Products Inc., Tarrytown, NY  10591, A Prestige Brands Company, display UPC 6 78112 10452 9.  ","20,808 bottles","CGMP Deviations: concerns regarding the sufficiency of Quality Assurance controls over critical systems in the manufacturing facility that could impact the product quality of the finished products.","07/26/2019","08/16/2019","03/10/2021","08/28/2019","Lot #: Display 17E23A, Exp 12/19; lot and expiry for individual products within this display are captured in each individual product Code Information"
"Drugs","No","","83417","Terminated","Medtech Products, Inc.","660 White Plains Rd Ste 250","N/A","Tarrytown","NY","	10591-5171","United States","Voluntary: Firm initiated","Letter","Nationwide in the USA and Puerto Rico, St. Michael, Barbados, Guyana, St. Johns, Antigua and Barbuda, Kingston 5, and Jamaica.","D-1827-2019","Class II","Clear Eyes Maximum Redness and Itchy Eye Relief Sidekick Display; each display contains 12 each of a) Clear eyes MAXIMUM REDNESS RELIEF (Glycerin 0.5%, Naphazoline hydrochloride 0.03%) eye drops, 0.5 FL OZ (15 mL) bottle, (UPC 6 78112 66577 8); and b) Clear eyes MAXIMUM ITCHY EYE RELIEF (Glycerin 0.25%, Naphazoline hydrochloride 0.012%, Zinc Sulfate 0.25%) eye drops, 0.5 FL OZ (15 mL) bottle, (UPC 6 78112 65920 3); Distributed by Medtech Products Inc., Tarrytown, NY  10591, A Prestige Brands Company, case UPC 00678112105434.  ","66,168 bottles","CGMP Deviations: concerns regarding the sufficiency of Quality Assurance controls over critical systems in the manufacturing facility that could impact the product quality of the finished products.","07/26/2019","08/16/2019","03/10/2021","08/28/2019","Lot #: Display 17C30A, Exp 10/19; lot and expiry for individual products within this display are captured in each individual product Code Information"
"Drugs","No","","83417","Terminated","Medtech Products, Inc.","660 White Plains Rd Ste 250","N/A","Tarrytown","NY","	10591-5171","United States","Voluntary: Firm initiated","Letter","Nationwide in the USA and Puerto Rico, St. Michael, Barbados, Guyana, St. Johns, Antigua and Barbuda, Kingston 5, and Jamaica.","D-1828-2019","Class II","Clear Eyes Assorted Sidekick Floor Stand Display; each display contains 6 each of a) Clear eyes REDNESS RELIEF (Glycerin 0.25%, Naphazoline hydrochloride 0.12%) eye drops, 0.5 FL OZ (15 mL) bottle (UPC 6 78112 25415 6); b) Clear eyes MAXIMUM REDNESS RELIEF (Glycerin 0.5%, Naphazoline hydrochloride 0.03%), 0.5 FL OZ (15 mL) bottle (UPC 6 78112 66577 8); and c) Clear eyes MAXIMUM ITCHY EYE RELIEF (Glycerin 0.25%, Naphazoline hydrochloride 0.012%, Zinc Sulfate 0.25%), 0.5 FL OZ (15 mL) bottle (UPC 6 78112 65920 3); Distributed by Medtech Products Inc., Tarrytown, NY  10591, A Prestige Brands Company, case UPC 00678112106905.  ","25,992 bottles","CGMP Deviations: concerns regarding the sufficiency of Quality Assurance controls over critical systems in the manufacturing facility that could impact the product quality of the finished products.","07/26/2019","08/16/2019","03/10/2021","08/28/2019","Lot #: Display 17E12A, Exp 09/19; lot and expiry for individual products within this display are captured in each individual product Code Information"
"Drugs","No","","83417","Terminated","Medtech Products, Inc.","660 White Plains Rd Ste 250","N/A","Tarrytown","NY","	10591-5171","United States","Voluntary: Firm initiated","Letter","Nationwide in the USA and Puerto Rico, St. Michael, Barbados, Guyana, St. Johns, Antigua and Barbuda, Kingston 5, and Jamaica.","D-1829-2019","Class II","Clear Eyes Redness Relief Club Pack Display; each display contains 18 3-Pack bottles (UPC 6 78112 10552 6) of Clear eyes REDNESS RELIEF (Glycerin 0.25%, Naphazoline hydrochloride 0.12%) eye drops, 0.5 FL OZ (15 mL) bottle (individual bottle UPC 6 78112 25415 6); Distributed by Medtech Products Inc., Tarrytown, NY  10591, A Prestige Brands Company.","124,038 bottles","CGMP Deviations: concerns regarding the sufficiency of Quality Assurance controls over critical systems in the manufacturing facility that could impact the product quality of the finished products.","07/26/2019","08/16/2019","03/10/2021","08/28/2019","Lot #: 3-pack Q16299D2, Exp 07/19; Q162300D1, Q16260B1, Q16261B1, Q16263B1, Q16301D1, Q16302D1, Q16303D1, Q16308D1, Q16309D1, Q16336D1, Q16337D1, Q16340D1, Q16342D1, Q16343D1, Q16344D1, Exp 08/19;  lot and expiry for individual products within this display are captured in each individual product Code Information"
"Drugs","No","","83417","Terminated","Medtech Products, Inc.","660 White Plains Rd Ste 250","N/A","Tarrytown","NY","	10591-5171","United States","Voluntary: Firm initiated","Letter","Nationwide in the USA and Puerto Rico, St. Michael, Barbados, Guyana, St. Johns, Antigua and Barbuda, Kingston 5, and Jamaica.","D-1830-2019","Class II","Clear Eyes Maximum Itchy Eye Relief Sidekick Floor Stand Display; each display contains 12 each of Clear eyes MAXIMUM ITCHY EYE RELIEF (Glycerin 0.25%, Naphazoline hydrochloride 0.012%, Zinc Sulfate 0.25%) eye drops, 0.5 FL OZ (15 mL) bottle, (UPC 6 78112 65920 30; Distributed by Medtech Products Inc., Tarrytown, NY  10591, A Prestige Brands Company, case UPC 10678112106995.","1,752 bottles","CGMP Deviations: concerns regarding the sufficiency of Quality Assurance controls over critical systems in the manufacturing facility that could impact the product quality of the finished products.","07/26/2019","08/16/2019","03/10/2021","08/28/2019","Lot #: 16331, 16344, EXP 12/19"
"Drugs","No","","83417","Terminated","Medtech Products, Inc.","660 White Plains Rd Ste 250","N/A","Tarrytown","NY","	10591-5171","United States","Voluntary: Firm initiated","Letter","Nationwide in the USA and Puerto Rico, St. Michael, Barbados, Guyana, St. Johns, Antigua and Barbuda, Kingston 5, and Jamaica.","D-1831-2019","Class II","Clear Eyes Maximum Redness Relief Club Pack Display; each display contains 18 3-Pack bottles (UPC 6 78112 10859 6) of Clear eyes MAXIMUM REDNESS RELIEF (Glycerin 0.5%, Naphazoline hydrochloride 0.03%) eye drops, 0.5 FL OZ (15 mL) bottle, (UPC 6 78112 66577 8); Distributed by Medtech Products Inc., Tarrytown, NY  10591, A Prestige Brands Company.","17,316 bottles","CGMP Deviations: concerns regarding the sufficiency of Quality Assurance controls over critical systems in the manufacturing facility that could impact the product quality of the finished products.","07/26/2019","08/16/2019","03/10/2021","08/28/2019","Lot #: Q16322M1, Q16323M1, Q16323M2, Q16326M1, Exp 08/19; lot and expiry for individual products within this display are captured in each individual product Code Information"
"Drugs","No","","83417","Terminated","Medtech Products, Inc.","660 White Plains Rd Ste 250","N/A","Tarrytown","NY","	10591-5171","United States","Voluntary: Firm initiated","Letter","Nationwide in the USA and Puerto Rico, St. Michael, Barbados, Guyana, St. Johns, Antigua and Barbuda, Kingston 5, and Jamaica.","D-1832-2019","Class II","Clear Eyes Maximum Itchy Eye Relief Sidekick Floor Stand Display; each display (case UPC 10678112736383) contains 12 each of Clear eyes MAXIMUM ITCHY EYE RELIEF (Glycerin 0.25%, Naphazoline hydrochloride 0.012%, Zinc Sulfate 0.25%) eye drops, 0.5 FL OZ (15 mL) bottle, (UPC 6 78112 65920 3), Distributed by Medtech Products Inc., Tarrytown, NY  10591, A Prestige Brands Company.","1,836 bottles","CGMP Deviations: concerns regarding the sufficiency of Quality Assurance controls over critical systems in the manufacturing facility that could impact the product quality of the finished products.","07/26/2019","08/16/2019","03/10/2021","08/28/2019","Lot #: 16331, 16344, Exp 12/19"
"Drugs","No","","83417","Terminated","Medtech Products, Inc.","660 White Plains Rd Ste 250","N/A","Tarrytown","NY","	10591-5171","United States","Voluntary: Firm initiated","Letter","Nationwide in the USA and Puerto Rico, St. Michael, Barbados, Guyana, St. Johns, Antigua and Barbuda, Kingston 5, and Jamaica.","D-1833-2019","Class II","Clear Eyes Redness Relief Handy Pocket Pal Club Pak Display; each display (case UPC 30300742541283) contains 48 each of Clear eyes REDNESS RELIEF (Glycerin 0.25%, Naphazoline hydrochloride 0.012%) eye drops, 0.2 FL OZ (6 mL) bottle, Handy Pocket Pal (UPC 6 78112 25418 7); Distributed by Medtech Products Inc., Tarrytown, NY  10591; A Prestige Brands Company.","793,872 bottles","CGMP Deviations: concerns regarding the sufficiency of Quality Assurance controls over critical systems in the manufacturing facility that could impact the product quality of the finished products.","07/26/2019","08/16/2019","03/10/2021","08/28/2019","Lot # 16242, Exp 09/19; 16280, Exp 10/19; 17051, Exp 02/20; 17130, Exp 04/20"
"Drugs","No","","83417","Terminated","Medtech Products, Inc.","660 White Plains Rd Ste 250","N/A","Tarrytown","NY","	10591-5171","United States","Voluntary: Firm initiated","Letter","Nationwide in the USA and Puerto Rico, St. Michael, Barbados, Guyana, St. Johns, Antigua and Barbuda, Kingston 5, and Jamaica.","D-1834-2019","Class II","Clear eyes REDNESS RELIEF (Glycerin 0.25%, Naphazoline hydrochloride 0.012%) eye drops, Handy Pocket Pal, 0.2 FL OZ (6 mL) bottle, Distributed by Select Corporation, Carrolton, TX  75007; Medtech Products Inc., Tarrytown, NY  10591, A Prestige Brands Company, UPC 6 55708 01039 6.","1,030,128 bottles","CGMP Deviations: concerns regarding the sufficiency of Quality Assurance controls over critical systems in the manufacturing facility that could impact the product quality of the finished products.","07/26/2019","08/16/2019","03/10/2021","08/28/2019","Lot #: 16192, 16203, Exp 07/19; 16321, Exp 11/19; 17002, Exp 01/20; 17034, Exp 02/20"
"Drugs","No","","83427","Terminated","Colonia Care Pharmacy","515 Inman Ave Ste A","N/A","Colonia","NJ","	07067-1114","United States","Voluntary: Firm initiated","Letter","Patient Specific Prescriptions in NJ","D-0003-2020","Class II","C-ACETYLCYSTEINE OPHTH 10% SOLN, packaged in a) 5 mL and b) 10 mL droptainer bottles, Rx only, Colonia Care Pharmacy, 515 Inman Ave., Suite A, Colonia, N.J. 07067","2 droptainer bottles","Lack of Assurance of Sterility: product sterility cannot be guaranteed.","07/24/2019","10/01/2019","04/05/2023","10/09/2019","Lot #: a) 070819A, BUD 08/22/19; b) 071619F, BUD 08/30/19"
"Drugs","No","","83434","Terminated","Alvogen, Inc","10 Bloomfield Ave Bldg B Ste 2","N/A","Pine Brook","NJ","	07058-9743","United States","Voluntary: Firm initiated","Letter","Natonwide, PR","D-1722-2019","Class II","Nitrofurantoin Monohydrate/Macrycrystals Capsules, 100 mg, 100-count bottle, Rx Only, Distributed by: Alvogen, Inc. Pine Brook, NY 07058 USA, NDC 47781-303-01","2784 bottles","Failed dissolution specifications","07/24/2019","08/12/2019","08/04/2021","08/21/2019","Lot # 471976, Exp 03/2020"
"Drugs","No","","83434","Terminated","Alvogen, Inc","10 Bloomfield Ave Bldg B Ste 2","N/A","Pine Brook","NJ","	07058-9743","United States","Voluntary: Firm initiated","Letter","Natonwide, PR","D-1723-2019","Class II","Macrobid Urinary Tract Anitbacterial, 100 mg,  100-count bottle, Rx Only, Mfg. by: Norwich Pharmaceuticals, Inc. Norwich, NY 13815 USA Dist. by: Almatica Pharma, Inc. Pine Brook, NJ 07058 USA, NDC 52427-285-01","4272 bottles","Failed dissolution specifications","07/24/2019","08/12/2019","08/04/2021","08/21/2019","Lot # 472990, Exp 03/2020"
"Drugs","No","","83436","Terminated","Aurobindo Pharma USA Inc.","279 Princeton Hightstown Rd","N/A","East Windsor","NJ","	08520-1401","United States","Voluntary: Firm initiated","Letter","Product was distributed nationwide by three major distributors who may have further distributed the product.","D-1842-2019","Class III","Simvastatin Tablets, USP 40 mg. Rx Only 1000 Count Bottles Manufactured by: Aurolife Pharma LLC Dayton NJ 08810  Manufactured for: Aurobindo Pharma USA, Inc. Dayton, NJ 08810  NDC 65862-053-99","2,352/1000 count bottles","Labeling; Incorrect or Missing Lot and/or Exp Date; some bottles labeled with lot number 05318054B instead of 05318034B","07/29/2019","08/26/2019","10/28/2021","09/04/2019","05318054B, exp 3/2021"
"Drugs","No","","83265","Completed","Altaire Pharmaceuticals, Inc.","311 W Ln","PO Box 849","Aquebogue","NY","	11931-0849","United States","Voluntary: Firm initiated","Two or more of the following: Email, Fax, Letter, Press Release, Telephone, Visit","U.S.A. Nationwide","D-0391-2020","Class II","CVS Health Preservative Free Lubricant Eye Drops (Carboxymethy-Cellulose Sodium 0.5% Glycerin 1% Polysorbate 80 0.5%), Advanced Relief, 30 Sterile Single-Use Containers 0.02 fl. oz. (0.6 mL) each, Item #563442, NDC 50428 30295 8, Distributed by: CVS Pharmacy Inc., One CVS Drive, Woonsocket, RI 02895        ","48,168 units","Lack of Assurance of Sterility","07/02/2019","11/15/2019","N/A","11/27/2019","Lot #: RJM 10/19   RIA 09/19   SAN 01/20   SFF 06/20"
"Drugs","No","","83265","Completed","Altaire Pharmaceuticals, Inc.","311 W Ln","PO Box 849","Aquebogue","NY","	11931-0849","United States","Voluntary: Firm initiated","Two or more of the following: Email, Fax, Letter, Press Release, Telephone, Visit","U.S.A. Nationwide","D-0392-2020","Class II","CVS Health Maximum Redness Relief Lubricant Redness Reliever Eye Drops, Sterile, 0.5 fl. oz. (15 mL), Distributed by: CVS Pharmacy Inc., One CVS Drive, Woonsocket, RI 02895          ","483528 units","Lack of Assurance of Sterility","07/02/2019","11/15/2019","N/A","11/27/2019","Lot #: 17251 8/19  17269 9/19  17360 12/19  18012 1/20  18106 4/20  18275 11/20  18275 11/20"
"Drugs","No","","83265","Completed","Altaire Pharmaceuticals, Inc.","311 W Ln","PO Box 849","Aquebogue","NY","	11931-0849","United States","Voluntary: Firm initiated","Two or more of the following: Email, Fax, Letter, Press Release, Telephone, Visit","U.S.A. Nationwide","D-0393-2020","Class II","CVS Health Redness Relief Lubricant Redness Reliever Eye Drops, Sterile, 0.5 fl. oz. (15 mL), Item #317912, Distributed by: CVS Pharmacy Inc., One CVS Drive, Woonsocket, RI 02895        ","464424 units","Lack of Assurance of Sterility","07/02/2019","11/15/2019","N/A","11/27/2019","Lot #: 18229 9/21  18031 1/21  17131 5/20  17059 3/20  17008 1/20  19056 03/22"
"Drugs","No","","83265","Completed","Altaire Pharmaceuticals, Inc.","311 W Ln","PO Box 849","Aquebogue","NY","	11931-0849","United States","Voluntary: Firm initiated","Two or more of the following: Email, Fax, Letter, Press Release, Telephone, Visit","U.S.A. Nationwide","D-0394-2020","Class II","CVS Health Redness Relief Lubricant Redness Reliever Eye Drops, Sterile, 1 fl. oz., (30 mL), Distributed by: CVS Pharmacy Inc., One CVS Drive, Woonsocket, RI 02895          ","N/A","Lack of Assurance of Sterility","07/02/2019","11/15/2019","N/A","11/27/2019","Lot #: 18229 9/21  18229 9/21  19056 03/22"
"Drugs","No","","83265","Completed","Altaire Pharmaceuticals, Inc.","311 W Ln","PO Box 849","Aquebogue","NY","	11931-0849","United States","Voluntary: Firm initiated","Two or more of the following: Email, Fax, Letter, Press Release, Telephone, Visit","U.S.A. Nationwide","D-0395-2020","Class II","CVS Health Lubricant Eye Ointment Sensitive Formula,  Item#: 247885, 3.5 gram, Distributed by: CVS Pharmacy Inc., One CVS Drive, Woonsocket, RI 02895  ","N/A","Lack of Assurance of Sterility","07/02/2019","11/15/2019","N/A","11/27/2019","Lot #:  QHE, Exp 08/19; QJD, Exp 10/19"
"Drugs","No","","83265","Completed","Altaire Pharmaceuticals, Inc.","311 W Ln","PO Box 849","Aquebogue","NY","	11931-0849","United States","Voluntary: Firm initiated","Two or more of the following: Email, Fax, Letter, Press Release, Telephone, Visit","U.S.A. Nationwide","D-0396-2020","Class II","CVS Health Lubricant Eye Drops Multi-Symptom Eye Relief, Sterile, 0.5 fl. oz. (15 mL), Distributed by: CVS Pharmacy Inc., One CVS Drive, Woonsocket, RI 02895        ","222096 units","Lack of Assurance of Sterility","07/02/2019","11/15/2019","N/A","11/27/2019","18043 2/20  18115 5/20  18300 12/20  18300 12/20  18116 5/20  18115 5/20  18044 2/20  18043 2/20"
"Drugs","No","04/06/2020","83437","Terminated","Herbal Doctor Remedies","497 Cumbre St","N/A","Monterey Park","CA","	91754-2114","United States","Voluntary: Firm initiated","N/A","Nationwide within the United States and Brazil and on the internet","D-1587-2019","Class II","Asma Aid Distributed by Herbal Doctor Remedies Alhambra, CA 91801-7081 USA, 1(800) 600-0808","N/A","CGMP Deviations: Products were manufactured outside of the controls required by current Good Manufacturing Practices.","07/12/2019","08/02/2019","06/13/2023","08/14/2019","All lots within expiry"
"Drugs","No","04/06/2020","83437","Terminated","Herbal Doctor Remedies","497 Cumbre St","N/A","Monterey Park","CA","	91754-2114","United States","Voluntary: Firm initiated","N/A","Nationwide within the United States and Brazil and on the internet","D-1588-2019","Class II","Asthma Balm 60 gram, Distributed by Herbal Doctor Remedies Alhambra, CA 91801-7081 USA, 1(800) 600-0808","N/A","CGMP Deviations: Products were manufactured outside of the controls required by current Good Manufacturing Practices.","07/12/2019","08/02/2019","06/13/2023","08/14/2019","All lots within expiry"
"Drugs","No","04/06/2020","83437","Terminated","Herbal Doctor Remedies","497 Cumbre St","N/A","Monterey Park","CA","	91754-2114","United States","Voluntary: Firm initiated","N/A","Nationwide within the United States and Brazil and on the internet","D-1589-2019","Class II","Awake, 500 mg Capsules, 90-count bottles, Distributed by Herbal Doctor Remedies Alhambra, CA 91801-7081 USA, 1(800) 600-0808","N/A","CGMP Deviations: Products were manufactured outside of the controls required by current Good Manufacturing Practices.","07/12/2019","08/02/2019","06/13/2023","08/14/2019","All lots within expiry"
"Drugs","No","04/06/2020","83437","Terminated","Herbal Doctor Remedies","497 Cumbre St","N/A","Monterey Park","CA","	91754-2114","United States","Voluntary: Firm initiated","N/A","Nationwide within the United States and Brazil and on the internet","D-1590-2019","Class II","Baby Saver Capsules, Distributed by Herbal Doctor Remedies Alhambra, CA 91801-7081 USA, 1(800) 600-0808","N/A","CGMP Deviations: Products were manufactured outside of the controls required by current Good Manufacturing Practices.","07/12/2019","08/02/2019","06/13/2023","08/14/2019","All lots within expiry"
"Drugs","No","04/06/2020","83437","Terminated","Herbal Doctor Remedies","497 Cumbre St","N/A","Monterey Park","CA","	91754-2114","United States","Voluntary: Firm initiated","N/A","Nationwide within the United States and Brazil and on the internet","D-1591-2019","Class II","Bone Fixer, Distributed by Herbal Doctor Remedies Alhambra, CA 91801-7081 USA, 1(800) 600-0808","N/A","CGMP Deviations: Products were manufactured outside of the controls required by current Good Manufacturing Practices.","07/12/2019","08/02/2019","06/13/2023","08/14/2019","All lots within expiry"
"Drugs","No","04/06/2020","83437","Terminated","Herbal Doctor Remedies","497 Cumbre St","N/A","Monterey Park","CA","	91754-2114","United States","Voluntary: Firm initiated","N/A","Nationwide within the United States and Brazil and on the internet","D-1592-2019","Class II","Cardia Forte, 500 mg Capsules, 90-count bottles, Herbal Doctor Remedies Alhambra, CA 91801-7081 USA, 1(800) 600-0808","N/A","CGMP Deviations: Products were manufactured outside of the controls required by current Good Manufacturing Practices.","07/12/2019","08/02/2019","06/13/2023","08/14/2019","All lots within expiry"
"Drugs","No","04/06/2020","83437","Terminated","Herbal Doctor Remedies","497 Cumbre St","N/A","Monterey Park","CA","	91754-2114","United States","Voluntary: Firm initiated","N/A","Nationwide within the United States and Brazil and on the internet","D-1593-2019","Class II","Deafness Off Capsules, Distributed by Herbal Doctor Remedies Alhambra, CA 91801-7081 USA, 1(800) 600-0808","N/A","CGMP Deviations: Products were manufactured outside of the controls required by current Good Manufacturing Practices.","07/12/2019","08/02/2019","06/13/2023","08/14/2019","All lots within expiry"
"Drugs","No","04/06/2020","83437","Terminated","Herbal Doctor Remedies","497 Cumbre St","N/A","Monterey Park","CA","	91754-2114","United States","Voluntary: Firm initiated","N/A","Nationwide within the United States and Brazil and on the internet","D-1594-2019","Class II","Dragon Pain Balm, Distributed by Herbal Doctor Remedies Alhambra, CA 91801-7081 USA, 1(800) 600-0808","N/A","CGMP Deviations: Products were manufactured outside of the controls required by current Good Manufacturing Practices.","07/12/2019","08/02/2019","06/13/2023","08/14/2019","All lots within expiry"
"Drugs","No","04/06/2020","83437","Terminated","Herbal Doctor Remedies","497 Cumbre St","N/A","Monterey Park","CA","	91754-2114","United States","Voluntary: Firm initiated","N/A","Nationwide within the United States and Brazil and on the internet","D-1595-2019","Class II","Dragon Pain Oil, Distributed by Herbal Doctor Remedies Alhambra, CA 91801-7081 USA, 1(800) 600-0808","N/A","CGMP Deviations: Products were manufactured outside of the controls required by current Good Manufacturing Practices.","07/12/2019","08/02/2019","06/13/2023","08/14/2019","All lots within expiry"
"Drugs","No","04/06/2020","83437","Terminated","Herbal Doctor Remedies","497 Cumbre St","N/A","Monterey Park","CA","	91754-2114","United States","Voluntary: Firm initiated","N/A","Nationwide within the United States and Brazil and on the internet","D-1596-2019","Class II","Edema Off Capsules, Distributed by Herbal Doctor Remedies Alhambra, CA 91801-7081 USA, 1(800) 600-0808","N/A","CGMP Deviations: Products were manufactured outside of the controls required by current Good Manufacturing Practices.","07/12/2019","08/02/2019","06/13/2023","08/14/2019","All lots within expiry"
"Drugs","No","04/06/2020","83437","Terminated","Herbal Doctor Remedies","497 Cumbre St","N/A","Monterey Park","CA","	91754-2114","United States","Voluntary: Firm initiated","N/A","Nationwide within the United States and Brazil and on the internet","D-1597-2019","Class II","Fungo Balm, 30 gram, Herbal Doctor Remedies Alhambra, CA 91801-7081 USA, 1(800) 600-0808","N/A","CGMP Deviations: Products were manufactured outside of the controls required by current Good Manufacturing Practices.","07/12/2019","08/02/2019","06/13/2023","08/14/2019","All lots within expiry"
"Drugs","No","04/06/2020","83437","Terminated","Herbal Doctor Remedies","497 Cumbre St","N/A","Monterey Park","CA","	91754-2114","United States","Voluntary: Firm initiated","N/A","Nationwide within the United States and Brazil and on the internet","D-1598-2019","Class II","Glauco-Catar Capsules, Distributed by Herbal Doctor Remedies Alhambra, CA 91801-7081 USA, 1(800) 600-0808","N/A","CGMP Deviations: Products were manufactured outside of the controls required by current Good Manufacturing Practices.","07/12/2019","08/02/2019","06/13/2023","08/14/2019","All lots within expiry"
"Drugs","No","04/06/2020","83437","Terminated","Herbal Doctor Remedies","497 Cumbre St","N/A","Monterey Park","CA","	91754-2114","United States","Voluntary: Firm initiated","N/A","Nationwide within the United States and Brazil and on the internet","D-1599-2019","Class II","Hair Back, 500 mg Capsules, 90-count bottles, Herbal Doctor Remedies Alhambra, CA 91801-7081 USA, 1(800) 600-0808","N/A","CGMP Deviations: Products were manufactured outside of the controls required by current Good Manufacturing Practices.","07/12/2019","08/02/2019","06/13/2023","08/14/2019","All lots within expiry"
"Drugs","No","04/06/2020","83437","Terminated","Herbal Doctor Remedies","497 Cumbre St","N/A","Monterey Park","CA","	91754-2114","United States","Voluntary: Firm initiated","N/A","Nationwide within the United States and Brazil and on the internet","D-1600-2019","Class II","Herpes-G Capsules, Distributed by Herbal Doctor Remedies Alhambra, CA 91801-7081 USA, 1(800) 600-0808","N/A","CGMP Deviations: Products were manufactured outside of the controls required by current Good Manufacturing Practices.","07/12/2019","08/02/2019","06/13/2023","08/14/2019","All lots within expiry"
"Drugs","No","04/06/2020","83437","Terminated","Herbal Doctor Remedies","497 Cumbre St","N/A","Monterey Park","CA","	91754-2114","United States","Voluntary: Firm initiated","N/A","Nationwide within the United States and Brazil and on the internet","D-1601-2019","Class II","Herpes-P, 500 mg Capsules, 90-count bottles, Herbal Doctor Remedies Alhambra, CA 91801-7081 USA, 1(800) 600-0808","N/A","CGMP Deviations: Products were manufactured outside of the controls required by current Good Manufacturing Practices.","07/12/2019","08/02/2019","06/13/2023","08/14/2019","All lots within expiry"
"Drugs","No","04/06/2020","83437","Terminated","Herbal Doctor Remedies","497 Cumbre St","N/A","Monterey Park","CA","	91754-2114","United States","Voluntary: Firm initiated","N/A","Nationwide within the United States and Brazil and on the internet","D-1602-2019","Class II","Herpes-S, 500 mg Capsules, 90-count bottles, Herbal Doctor Remedies Alhambra, CA 91801-7081 USA, 1(800) 600-0808","N/A","CGMP Deviations: Products were manufactured outside of the controls required by current Good Manufacturing Practices.","07/12/2019","08/02/2019","06/13/2023","08/14/2019","All lots within expiry"
"Drugs","No","04/06/2020","83437","Terminated","Herbal Doctor Remedies","497 Cumbre St","N/A","Monterey Park","CA","	91754-2114","United States","Voluntary: Firm initiated","N/A","Nationwide within the United States and Brazil and on the internet","D-1603-2019","Class II","Herpes-V Balm, Distributed by Herbal Doctor Remedies Alhambra, CA 91801-7081 USA, 1(800) 600-0808  ","N/A","CGMP Deviations: Products were manufactured outside of the controls required by current Good Manufacturing Practices.","07/12/2019","08/02/2019","06/13/2023","08/14/2019","All lots within expiry"
"Drugs","No","04/06/2020","83437","Terminated","Herbal Doctor Remedies","497 Cumbre St","N/A","Monterey Park","CA","	91754-2114","United States","Voluntary: Firm initiated","N/A","Nationwide within the United States and Brazil and on the internet","D-1604-2019","Class II","Lipidtrol Capsules, Distributed by Herbal Doctor Remedies Alhambra, CA 91801-7081 USA, 1(800) 600-0808  ","N/A","CGMP Deviations: Products were manufactured outside of the controls required by current Good Manufacturing Practices.","07/12/2019","08/02/2019","06/13/2023","08/14/2019","All lots within expiry"
"Drugs","No","04/06/2020","83437","Terminated","Herbal Doctor Remedies","497 Cumbre St","N/A","Monterey Park","CA","	91754-2114","United States","Voluntary: Firm initiated","N/A","Nationwide within the United States and Brazil and on the internet","D-1605-2019","Class II","Lube Lax Capsules, Distributed by Herbal Doctor Remedies Alhambra, CA 91801-7081 USA, 1(800) 600-0808","N/A","CGMP Deviations: Products were manufactured outside of the controls required by current Good Manufacturing Practices.","07/12/2019","08/02/2019","06/13/2023","08/14/2019","All lots within expiry"
"Drugs","No","04/06/2020","83437","Terminated","Herbal Doctor Remedies","497 Cumbre St","N/A","Monterey Park","CA","	91754-2114","United States","Voluntary: Firm initiated","N/A","Nationwide within the United States and Brazil and on the internet","D-1606-2019","Class II","Lump Off Capsules, Distributed by Herbal Doctor Remedies Alhambra, CA 91801-7081 USA, 1(800) 600-0808","N/A","CGMP Deviations: Products were manufactured outside of the controls required by current Good Manufacturing Practices.","07/12/2019","08/02/2019","06/13/2023","08/14/2019","All lots within expiry"
"Drugs","No","04/06/2020","83437","Terminated","Herbal Doctor Remedies","497 Cumbre St","N/A","Monterey Park","CA","	91754-2114","United States","Voluntary: Firm initiated","N/A","Nationwide within the United States and Brazil and on the internet","D-1607-2019","Class II","Lung Fixer Capsules, Distributed by Herbal Doctor Remedies Alhambra, CA 91801-7081 USA, 1(800) 600-0808    ","N/A","CGMP Deviations: Products were manufactured outside of the controls required by current Good Manufacturing Practices.","07/12/2019","08/02/2019","06/13/2023","08/14/2019","All lots within expiry"
"Drugs","No","04/06/2020","83437","Terminated","Herbal Doctor Remedies","497 Cumbre St","N/A","Monterey Park","CA","	91754-2114","United States","Voluntary: Firm initiated","N/A","Nationwide within the United States and Brazil and on the internet","D-1608-2019","Class II","Lung Saver Capsules, Distributed by Herbal Doctor Remedies Alhambra, CA 91801-7081 USA, 1(800) 600-0808    ","N/A","CGMP Deviations: Products were manufactured outside of the controls required by current Good Manufacturing Practices.","07/12/2019","08/02/2019","06/13/2023","08/14/2019","All lots within expiry"
"Drugs","No","04/06/2020","83437","Terminated","Herbal Doctor Remedies","497 Cumbre St","N/A","Monterey Park","CA","	91754-2114","United States","Voluntary: Firm initiated","N/A","Nationwide within the United States and Brazil and on the internet","D-1609-2019","Class II","Lung Tonic EX Capsules, Distributed by Herbal Doctor Remedies Alhambra, CA 91801-7081 USA, 1(800) 600-0808  ","N/A","CGMP Deviations: Products were manufactured outside of the controls required by current Good Manufacturing Practices.","07/12/2019","08/02/2019","06/13/2023","08/14/2019","All lots within expiry"
"Drugs","No","04/06/2020","83437","Terminated","Herbal Doctor Remedies","497 Cumbre St","N/A","Monterey Park","CA","	91754-2114","United States","Voluntary: Firm initiated","N/A","Nationwide within the United States and Brazil and on the internet","D-1610-2019","Class II","Migraine Off Capsules, Distributed by Herbal Doctor Remedies Alhambra, CA 91801-7081 USA, 1(800) 600-0808  ","N/A","CGMP Deviations: Products were manufactured outside of the controls required by current Good Manufacturing Practices.","07/12/2019","08/02/2019","06/13/2023","08/14/2019","All lots within expiry"
"Drugs","No","04/06/2020","83437","Terminated","Herbal Doctor Remedies","497 Cumbre St","N/A","Monterey Park","CA","	91754-2114","United States","Voluntary: Firm initiated","N/A","Nationwide within the United States and Brazil and on the internet","D-1611-2019","Class II","Pain Away, 500 mg Capsules, 90-count bottles, Distributed by Herbal Doctor Remedies Alhambra, CA 91801-7081 USA, 1(800) 600-0808","N/A","CGMP Deviations: Products were manufactured outside of the controls required by current Good Manufacturing Practices.","07/12/2019","08/02/2019","06/13/2023","08/14/2019","All lots within expiry"
"Drugs","No","04/06/2020","83437","Terminated","Herbal Doctor Remedies","497 Cumbre St","N/A","Monterey Park","CA","	91754-2114","United States","Voluntary: Firm initiated","N/A","Nationwide within the United States and Brazil and on the internet","D-1612-2019","Class II","Pain Stopper, 500 mg Capsules, 90-count bottles, Distributed by Herbal Doctor Remedies Alhambra, CA 91801-7081 USA, 1(800) 600-0808","N/A","CGMP Deviations: Products were manufactured outside of the controls required by current Good Manufacturing Practices.","07/12/2019","08/02/2019","06/13/2023","08/14/2019","All lots within expiry"
"Drugs","No","04/06/2020","83437","Terminated","Herbal Doctor Remedies","497 Cumbre St","N/A","Monterey Park","CA","	91754-2114","United States","Voluntary: Firm initiated","N/A","Nationwide within the United States and Brazil and on the internet","D-1613-2019","Class II","Prostatin Capsules, Distributed by Herbal Doctor Remedies Alhambra, CA 91801-7081 USA, 1(800) 600-0808","N/A","CGMP Deviations: Products were manufactured outside of the controls required by current Good Manufacturing Practices.","07/12/2019","08/02/2019","06/13/2023","08/14/2019","All lots within expiry"
"Drugs","No","04/06/2020","83437","Terminated","Herbal Doctor Remedies","497 Cumbre St","N/A","Monterey Park","CA","	91754-2114","United States","Voluntary: Firm initiated","N/A","Nationwide within the United States and Brazil and on the internet","D-1614-2019","Class II","Psoriasis Balm, 60 gram, Herbal Doctor Remedies Alhambra, CA 91801-7081 USA, 1(800) 600-0808","N/A","CGMP Deviations: Products were manufactured outside of the controls required by current Good Manufacturing Practices.","07/12/2019","08/02/2019","06/13/2023","08/14/2019","All lots within expiry"
"Drugs","No","04/06/2020","83437","Terminated","Herbal Doctor Remedies","497 Cumbre St","N/A","Monterey Park","CA","	91754-2114","United States","Voluntary: Firm initiated","N/A","Nationwide within the United States and Brazil and on the internet","D-1615-2019","Class II","Sperm Booster, Distributed by Herbal Doctor Remedies Alhambra, CA 91801-7081 USA, 1(800) 600-0808    ","N/A","CGMP Deviations: Products were manufactured outside of the controls required by current Good Manufacturing Practices.","07/12/2019","08/02/2019","06/13/2023","08/14/2019","All lots within expiry"
"Drugs","No","04/06/2020","83437","Terminated","Herbal Doctor Remedies","497 Cumbre St","N/A","Monterey Park","CA","	91754-2114","United States","Voluntary: Firm initiated","N/A","Nationwide within the United States and Brazil and on the internet","D-1616-2019","Class II","Stomach Flu Capsules, Distributed by Herbal Doctor Remedies Alhambra, CA 91801-7081 USA, 1(800) 600-0808  ","N/A","CGMP Deviations: Products were manufactured outside of the controls required by current Good Manufacturing Practices.","07/12/2019","08/02/2019","06/13/2023","08/14/2019","All lots within expiry"
"Drugs","No","04/06/2020","83437","Terminated","Herbal Doctor Remedies","497 Cumbre St","N/A","Monterey Park","CA","	91754-2114","United States","Voluntary: Firm initiated","N/A","Nationwide within the United States and Brazil and on the internet","D-1617-2019","Class II","Stone Purger Capsules, Distributed by Herbal Doctor Remedies Alhambra, CA 91801-7081 USA, 1(800) 600-0808  ","N/A","CGMP Deviations: Products were manufactured outside of the controls required by current Good Manufacturing Practices.","07/12/2019","08/02/2019","06/13/2023","08/14/2019","All lots within expiry"
"Drugs","No","04/06/2020","83437","Terminated","Herbal Doctor Remedies","497 Cumbre St","N/A","Monterey Park","CA","	91754-2114","United States","Voluntary: Firm initiated","N/A","Nationwide within the United States and Brazil and on the internet","D-1618-2019","Class II","Thyro-H, 500 mg Capsules, 90-count bottles, Herbal Doctor Remedies Alhambra, CA 91801-7081 USA, 1(800) 600-0808","N/A","CGMP Deviations: Products were manufactured outside of the controls required by current Good Manufacturing Practices.","07/12/2019","08/02/2019","06/13/2023","08/14/2019","All lots within expiry"
"Drugs","No","04/06/2020","83437","Terminated","Herbal Doctor Remedies","497 Cumbre St","N/A","Monterey Park","CA","	91754-2114","United States","Voluntary: Firm initiated","N/A","Nationwide within the United States and Brazil and on the internet","D-1619-2019","Class II","Vertigo Off Capsules, Distributed by Herbal Doctor Remedies Alhambra, CA 91801-7081 USA, 1(800) 600-0808    ","N/A","CGMP Deviations: Products were manufactured outside of the controls required by current Good Manufacturing Practices.","07/12/2019","08/02/2019","06/13/2023","08/14/2019","All lots within expiry"
"Drugs","No","04/06/2020","83437","Terminated","Herbal Doctor Remedies","497 Cumbre St","N/A","Monterey Park","CA","	91754-2114","United States","Voluntary: Firm initiated","N/A","Nationwide within the United States and Brazil and on the internet","D-1620-2019","Class II","Worm Off, 500 mg Capsules, 90-count bottles, Herbal Doctor Remedies Alhambra, CA 91801-7081 USA, 1(800) 600-0808","N/A","CGMP Deviations: Products were manufactured outside of the controls required by current Good Manufacturing Practices.","07/12/2019","08/02/2019","06/13/2023","08/14/2019","All lots within expiry"
"Drugs","No","04/06/2020","83437","Terminated","Herbal Doctor Remedies","497 Cumbre St","N/A","Monterey Park","CA","	91754-2114","United States","Voluntary: Firm initiated","N/A","Nationwide within the United States and Brazil and on the internet","D-1621-2019","Class II","Yeast Douche Powder, Distributed by Herbal Doctor Remedies Alhambra, CA 91801-7081 USA, 1(800) 600-0808    ","N/A","CGMP Deviations: Products were manufactured outside of the controls required by current Good Manufacturing Practices.","07/12/2019","08/02/2019","06/13/2023","08/14/2019","All lots within expiry"
"Drugs","No","04/06/2020","83437","Terminated","Herbal Doctor Remedies","497 Cumbre St","N/A","Monterey Park","CA","	91754-2114","United States","Voluntary: Firm initiated","N/A","Nationwide within the United States and Brazil and on the internet","D-1622-2019","Class II","Detensin, 500 mg Capsules, 90-count bottles, Herbal Doctor Remedies Alhambra, CA 91801-7081 USA, 1(800) 600-0808","N/A","CGMP Deviations: Products were manufactured outside of the controls required by current Good Manufacturing Practices.","07/12/2019","08/02/2019","06/13/2023","08/14/2019","All lots within expiry"
"Drugs","No","04/06/2020","83437","Terminated","Herbal Doctor Remedies","497 Cumbre St","N/A","Monterey Park","CA","	91754-2114","United States","Voluntary: Firm initiated","N/A","Nationwide within the United States and Brazil and on the internet","D-1623-2019","Class II","Smoke End Capsules,Distributed Herbal Doctor Remedies Alhambra, CA 91801-7081 USA, 1(800) 600-0808","N/A","CGMP Deviations: Products were manufactured outside of the controls required by current Good Manufacturing Practices.","07/12/2019","08/02/2019","06/13/2023","08/14/2019","All lots within expiry"
"Drugs","No","04/06/2020","83437","Terminated","Herbal Doctor Remedies","497 Cumbre St","N/A","Monterey Park","CA","	91754-2114","United States","Voluntary: Firm initiated","N/A","Nationwide within the United States and Brazil and on the internet","D-1624-2019","Class II","Thyro-Lo, 500 mg Capsules, 90-count bottles, Herbal Doctor Remedies Alhambra, CA 91801-7081 USA, 1(800) 600-0808","N/A","CGMP Deviations: Products were manufactured outside of the controls required by current Good Manufacturing Practices.","07/12/2019","08/02/2019","06/13/2023","08/14/2019","All lots within expiry"
"Drugs","No","08/01/2019","83460","Terminated","MAJOR PHARMACEUTICALS","17177 N Laurel Park Dr","N/A","Livonia","MI","	48152-2693","United States","N/A","N/A","Nationwide in the USA","D-1583-2019","Class II","DIVALPROEX SODIUM EXTENDED-RELEASE TABLETS, USP Tablets, 250 mg, 100 count-unit dose carton, RX only, Manufactured by Dr. Reddy's Laboratories Ltd. Bachupally - 500 090 India. Distributed by: Major Pharmaceuticals 17177 N Laurel Park Dr., Suite 233 Livonia, MI 48152. NDC # 0904-6363-61.","828 100-count unit dose cartons","cGMP deviations: Product was exposed above 50% relative humidity levels during packaging operations.","04/24/2019","08/01/2019","07/16/2020","08/07/2019","Lot# M02250 EXP 10/2020."
"Drugs","No","04/06/2020","83437","Terminated","Herbal Doctor Remedies","497 Cumbre St","N/A","Monterey Park","CA","	91754-2114","United States","Voluntary: Firm initiated","N/A","Nationwide within the United States and Brazil and on the internet","D-1625-2019","Class II","Mental Tonic Capsules, Herbal Doctor Remedies, Alhambra, CA 91801-7081 USA, 1(800) 600-0808","N/A","CGMP Deviations: Products were manufactured outside of the controls required by current Good Manufacturing Practices.","07/12/2019","08/02/2019","06/13/2023","08/14/2019","All lots within expiry"
"Drugs","No","04/06/2020","83437","Terminated","Herbal Doctor Remedies","497 Cumbre St","N/A","Monterey Park","CA","	91754-2114","United States","Voluntary: Firm initiated","N/A","Nationwide within the United States and Brazil and on the internet","D-1626-2019","Class II","Appetrol Capsules, Distributed by Herbal Doctor Remedies, Alhambra, CA 91801-7081 USA, 1(800) 600-0808","N/A","CGMP Deviations: Products were manufactured outside of the controls required by current Good Manufacturing Practices.","07/12/2019","08/02/2019","06/13/2023","08/14/2019","All lots within expiry"
"Drugs","No","","83457","Terminated","Johnson Matthey Inc.","2003 Nolte Dr","N/A","West Deptford","NJ","	08066-1727","United States","Voluntary: Firm initiated","Letter","Nationwide within the United States","D-1880-2019","Class II","Fentanyl Citrate Active Pharmaceutical Ingredient, Johnson Matthey Pharmaceutical Materials 2003 Nolte Drive, West Deptford, NJ 08066-1742 (856) 384-7001.  ","52882.23 grams","cGMP Deviations: Potential glass contamination","08/29/2019","09/25/2019","01/21/2022","10/02/2019","Lot #: B0030-180101, B0030-180102, Exp. Feb 2023"
"Drugs","No","","83457","Terminated","Johnson Matthey Inc.","2003 Nolte Dr","N/A","West Deptford","NJ","	08066-1727","United States","Voluntary: Firm initiated","Letter","Nationwide within the United States","D-1881-2019","Class II","Cisplatin Active Pharmaceutical Ingredient, Johnson Matthey Pharmaceutical Materials 2003 Nolte Drive, West Deptford, NJ 08066-1742 (856) 384-7001","26625 grams","cGMP Deviations: Potential glass contamination","08/29/2019","09/25/2019","01/21/2022","10/02/2019","Lot #: B0101-161102, Exp. Dec 2021"
"Drugs","No","10/02/2019","83457","Terminated","Johnson Matthey Inc.","2003 Nolte Dr","N/A","West Deptford","NJ","	08066-1727","United States","Voluntary: Firm initiated","Letter","Nationwide within the United States","D-1882-2019","Class II","Oxaliplatin Active Pharmaceutical Ingredient, Johnson Matthey Pharmaceutical Materials 2003 Nolte Drive, West Deptford, NJ 08066-1742 (856) 384-7001, NDC 49821-0075-XX","316703.32","cGMP Deviations: Potential glass contamination","08/29/2019","09/25/2019","01/21/2022","10/02/2019","Lot #: B0126-170701; B0126-170802; Exp. Sep 2022; B0126-180401, Exp. May 2023; B0126-180702,  B0126-180803, Exp. Oct 2023"
"Drugs","No","","83466","Terminated","American Health Packaging","2550 John Glenn Ave Ste A","N/A","Columbus","OH","	43217-1188","United States","Voluntary: Firm initiated","Letter","Nationwide in the USA","D-1582-2019","Class II","Doxycycline Hyclate Tablets, USP, 100 mg, 30 Tablets per carton (3 x 10 Unit Dose Blisters), Rx Only, Distributed by:  American Health Packaging, Columbus, Ohio, 43217, NDC Carton: 62584-693-21; NDC Unit Dose: 62584-693-11","6,579 cartons","Failed Dissolution Specifications: Out of specification result for the dissolution test.","08/01/2018","07/31/2019","09/30/2020","08/07/2019","Lot 172569, Exp 7/31/2019"
"Drugs","No","04/06/2020","83437","Terminated","Herbal Doctor Remedies","497 Cumbre St","N/A","Monterey Park","CA","	91754-2114","United States","Voluntary: Firm initiated","N/A","Nationwide within the United States and Brazil and on the internet","D-1627-2019","Class II","Anemia Off, Distributed by Herbal Doctor Remedies, Alhambra, CA 91801-7081 USA, 1(800) 600-0808","N/A","CGMP Deviations: Products were manufactured outside of the controls required by current Good Manufacturing Practices.","07/12/2019","08/02/2019","06/13/2023","08/14/2019","All lots within expiry"
"Drugs","No","04/06/2020","83437","Terminated","Herbal Doctor Remedies","497 Cumbre St","N/A","Monterey Park","CA","	91754-2114","United States","Voluntary: Firm initiated","N/A","Nationwide within the United States and Brazil and on the internet","D-1628-2019","Class II","Asma Stopper Capsules, Distributed by Herbal Doctor Remedies, Alhambra, CA 91801-7081 USA, 1(800) 600-0808","N/A","CGMP Deviations: Products were manufactured outside of the controls required by current Good Manufacturing Practices.","07/12/2019","08/02/2019","06/13/2023","08/14/2019","All lots within expiry"
"Drugs","No","04/06/2020","83437","Terminated","Herbal Doctor Remedies","497 Cumbre St","N/A","Monterey Park","CA","	91754-2114","United States","Voluntary: Firm initiated","N/A","Nationwide within the United States and Brazil and on the internet","D-1629-2019","Class II","Fungo Off Capsules, Distributed by Herbal Doctor Remedies, Alhambra, CA 91801-7081 USA, 1(800) 600-0808","N/A","CGMP Deviations: Products were manufactured outside of the controls required by current Good Manufacturing Practices.","07/12/2019","08/02/2019","06/13/2023","08/14/2019","All lots within expiry"
"Drugs","No","","83471","Terminated","American Health Packaging","2550 John Glenn Ave Ste A","N/A","Columbus","OH","	43217-1188","United States","Voluntary: Firm initiated","Letter","Nationwide within the USA and Puerto Rico","D-1584-2019","Class III","Lovastatin Tablets USP, 40 mg, packaged in a) 100-count bottles (NDC 68001-316-00) and b)1000-count bottles (NDC 68001-316-08), Rx Only, Manufactured by: Lupin Limited, Goa 403 722 INDIA For BluePoint Laboratories.","14,360 bottles","CGMP Deviations: Finished product made with lovastatin drug substance that was out of specification for individual impurity results.","02/19/2019","08/02/2019","09/09/2020","08/14/2019","Lot #: a) G702705 and b) G702706, Exp. 3/31/2020"
"Drugs","No","","83316","Terminated","US Pharmaceuticals Inc.","681 Main St Ste 27","N/A","Belleville","NJ","	07109-3471","United States","Voluntary: Firm initiated","Letter","Distributed Nationwide in the USA","D-1741-2019","Class II","CRYO-273 Cold Pain Relieving Gel 128 FL. OZ.  Distributed By: CRYO-273.com Tampa, FL 33629. UPC 8 15290 01550 2","314 cases","CGMP Deviations: Out of Specification results for either total microbial count or total organic carbon in the purified water utilized in the manufacturing process.","07/11/2019","08/13/2019","06/25/2020","08/21/2019","Lot #'s 13K17 EXP 08/2019, 03L17 EXP 09/2019,  74H18 EXP 06/2020, 18J18 EXP 06/2020"
"Drugs","No","08/15/2019","83479","Terminated","American Health Packaging","2550 John Glenn Ave Ste A","N/A","Columbus","OH","	43217-1188","United States","Voluntary: Firm initiated","Letter","Nationwide USA","D-1820-2019","Class II","Aspirin and Extended-release Dipyridamole Capsules, 25 mg/200 mg, 20 capsules per carton (5 blister cards x 4 unit doses), Rx Only, Distributed by: American Health Packaging, Columbus, Ohio 43217. NDC Carton: 60687-305-32; NDC Blister Pack: 60687-305-33","13,229 cartons","Failed Impurities/Degradation Specifications; out of specification result for an unknown impurity in stability samples.","03/01/2019","08/15/2019","09/30/2020","08/21/2019","Lot, expiry: Lot 174262, exp. 03/31/2019; Lot 176469, exp. 06/30/2019;   Lot 177897, exp. 08/31/2019; Lots 178318 and 178436, exp. 09/30/2019; Lot 179547 and 179656, exp. 11/30/2019"
"Drugs","No","","83136","Terminated","Infusion Options, Inc.","5924 13th Ave","N/A","Brooklyn","NY","	11219-4934","United States","Voluntary: Firm initiated","Letter","NY only","D-1745-2019","Class II","Abraxane 170 MG / 34 ML IVPB; Abraxane 200 MG / 40 ML IVPB; Abraxane 180 MG / 36 ML IVPB, Rx Only, Infusion Options, Inc. 5924 13the Ave, Brooklyn, NY 11219-4934, 718-283-7233","N/A","Lack of Assurance of Sterility","06/12/2019","08/15/2019","03/21/2025","08/21/2019","All lots within expiry"
"Drugs","No","","83136","Terminated","Infusion Options, Inc.","5924 13th Ave","N/A","Brooklyn","NY","	11219-4934","United States","Voluntary: Firm initiated","Letter","NY only","D-1746-2019","Class II","Adcetris 96 MG/100 ML NS IVPB, Rx Only, Infusion Options, Inc. 5924 13the Ave, Brooklyn, NY 11219-4934, 718-283-7233","N/A","Lack of Assurance of Sterility","06/12/2019","08/15/2019","03/21/2025","08/21/2019","All lots within expiry"
"Drugs","No","","83136","Terminated","Infusion Options, Inc.","5924 13th Ave","N/A","Brooklyn","NY","	11219-4934","United States","Voluntary: Firm initiated","Letter","NY only","D-1747-2019","Class II","ADO-TRASTUZUMAB 210 MG/250 ml NS; ADO-TRASTUZUMAB E 213 MG / 250 ML NS; ADO-TRASTUZUMAB 242 MG/250 ml NS; ADO-TRASTUZUMAB EMT 168 mg / 250 ml NS; ADO-TRASTUZUMAB E 160 MG / 250 ML NS  ADO-TRASTUZUMAB 150 mg / 250 ml NS; ADO-TRASTUZUMAB EMT 301 mg / 250 ml NS; ADO-TRASTUZUMAB EMTANSINE 230mg/250ml NS IV  Rx Only, Infusion Options, Inc. 5924 13the Ave, Brooklyn, NY 11219-4934, 718-283-7233","N/A","Lack of Assurance of Sterility","06/12/2019","08/15/2019","03/21/2025","08/21/2019","All lots within expiry"
"Drugs","No","","83136","Terminated","Infusion Options, Inc.","5924 13th Ave","N/A","Brooklyn","NY","	11219-4934","United States","Voluntary: Firm initiated","Letter","NY only","D-1748-2019","Class II","ALIMTA 785 mg QS 100 ml 0.9% NACL IVPB; ALIMTA 1000 mg QS 100 ml 0.9% NACL IVPB; Rx Only, Infusion Options, Inc. 5924 13the Ave, Brooklyn, NY 11219-4934, 718-283-7233    ","N/A","Lack of Assurance of Sterility","06/12/2019","08/15/2019","03/21/2025","08/21/2019","All lots within expiry"
"Drugs","No","","83136","Terminated","Infusion Options, Inc.","5924 13th Ave","N/A","Brooklyn","NY","	11219-4934","United States","Voluntary: Firm initiated","Letter","NY only","D-1749-2019","Class II","ATEZOLIZUMAB 1200 MG / 250 ML 0.9% NACL, Rx Only, Infusion Options, Inc. 5924 13the Ave, Brooklyn, NY 11219-4934, 718-283-7233  ","N/A","Lack of Assurance of Sterility","06/12/2019","08/15/2019","03/21/2025","08/21/2019","All lots within expiry"
"Drugs","No","","83136","Terminated","Infusion Options, Inc.","5924 13th Ave","N/A","Brooklyn","NY","	11219-4934","United States","Voluntary: Firm initiated","Letter","NY only","D-1750-2019","Class II","AVASTIN 630 MG / 100 ML 0.9% NACL IVPB; AVASTIN 2.5 mg/ 0.1ML Syringe; AVASTIN 587.5 MG/100 ML 0.9% NACL IVPB; AVASTIN 350 MG/100 ML 0.9% NACL IVPB; AVASTIN  325 MG / 100 ML 0.9% NACL IVPB;   AVASTIN 3.75 mg/ 0.15 ML Syringe; AVASTIN 416 MG / 100 ML 0.9% NACL IVPB; AVASTIN 360 MG/100 ML 0.9% NACL IVPB; AVASTIN 250 MG / 100 ML 0.9% NACL IVPB; AVASTIN 693.125 MG/100 ML 0.9% NACL IVPB; AVASTIN 1020 MG/100 ML NS IVPB; AVASTIN 811.875 MG/100 ML 0.9% NACL IVPB; AVASTIN 1006.25 MG/100 ML NS IVPB, Rx Only, Infusion Options, Inc. 5924 13the Ave, Brooklyn, NY 11219-4934, 718-283-7233    ","N/A","Lack of Assurance of Sterility","06/12/2019","08/15/2019","03/21/2025","08/21/2019","All lots within expiry"
"Drugs","No","","83136","Terminated","Infusion Options, Inc.","5924 13th Ave","N/A","Brooklyn","NY","	11219-4934","United States","Voluntary: Firm initiated","Letter","NY only","D-1751-2019","Class II","AZACITIDINE 125 MG / 5 ML SUB-Q SYRINGE; AZACITIDINE 75 MG (3 ML) SYRINGE, AZACITIDINE 135 MG / 5.4 ML SUB-Q SYRINGE, Rx Only, Infusion Options, Inc. 5924 13the Ave, Brooklyn, NY 11219-4934, 718-283-7233      ","N/A","Lack of Assurance of Sterility","06/12/2019","08/15/2019","03/21/2025","08/21/2019","All lots within expiry"
"Drugs","No","","83136","Terminated","Infusion Options, Inc.","5924 13th Ave","N/A","Brooklyn","NY","	11219-4934","United States","Voluntary: Firm initiated","Letter","NY only","D-1752-2019","Class II","BEVACIZUMAB 784 MG / 100 ML NS IVPB; BEVACIZUMAB 350 MG/100 ml NS IVPB; BEVACIZUMAB 425 MG/ 100 ml NS IVPB; BEVACIZUMAB 420 MG/100 ml 0.9% NACL IVPB; BEVACIZUMAB 556 mg/100 ml NS IVPB  BEVACIZUMAB 330 MG / 100 ML NS IVPB; BEVACIZUMAB 790 MG / 100 ML NS IVPB; BEVACIZUMAB 470 MG / 100 ML NS IVPB; BEVACIZUMAB 758 MG / 100 ML NS IVPB; BEVACIZUMAB 690 MG / 100 ML NS IVPB  BEVACIZUMAB 599 MG/100 ml NS IVPB; BEVACIZUMAB 1113 MG / 100 ML NS IVPB; BEVACIZUMAB 660 MG /100 ml NS IVPB; BEVACIZUMAB 590 MG / 100 ML NS IVPB; BEVACIZUMAB 620 MG / 100 ML NS IVPB  BEVACIZUMAB 800 MG / 100 ML NS IVPB, Rx Only, Infusion Options, Inc. 5924 13the Ave, Brooklyn, NY 11219-4934, 718-283-7233        ","N/A","Lack of Assurance of Sterility","06/12/2019","08/15/2019","03/21/2025","08/21/2019","all lots within expiry"
"Drugs","No","","83136","Terminated","Infusion Options, Inc.","5924 13th Ave","N/A","Brooklyn","NY","	11219-4934","United States","Voluntary: Firm initiated","Letter","NY only","D-1753-2019","Class II","BLEOMYCIN 18 UNITS / 100 ML NS IVPB, Rx Only, Infusion Options, Inc. 5924 13the Ave, Brooklyn, NY 11219-4934, 718-283-7233      ","N/A","Lack of Assurance of Sterility","06/12/2019","08/15/2019","03/21/2025","08/21/2019","All lots within expiry"
"Drugs","No","","83136","Terminated","Infusion Options, Inc.","5924 13th Ave","N/A","Brooklyn","NY","	11219-4934","United States","Voluntary: Firm initiated","Letter","NY only","D-1754-2019","Class II","BORTEZOMIB 2.5 mg / 1 ML SQ SYRINGE; BORTEZOMIB 2.88 MG / 1.15 ML SQ SYRINGE; BORTEZOMIB 2.31 MG / 0.92 ml SQ SYRINGE; BORTEZOMIB 2.7 mg / 1.08 ML SQ SYRINGE; BORTEZOMIB 1.45 mg / 0.58 ml SQ SYRINGE; BORTEZOMIB 2.25 mg (0.9 ML) SQ SYRINGE; BORTEZOMIB 1.98 mg / 0.79 ml SQ SYRINGE, Rx Only, Infusion Options, Inc. 5924 13the Ave, Brooklyn, NY 11219-4934, 718-283-7233     ","N/A","Lack of Assurance of Sterility","06/12/2019","08/15/2019","03/21/2025","08/21/2019","All lots within expiry"
"Drugs","No","","83136","Terminated","Infusion Options, Inc.","5924 13th Ave","N/A","Brooklyn","NY","	11219-4934","United States","Voluntary: Firm initiated","Letter","NY only","D-1755-2019","Class II","CALCIUM GLUCONATE 1 GM /100 ML NACL 0.9% IVPB, Rx Only, Infusion Options, Inc. 5924 13the Ave, Brooklyn, NY 11219-4934, 718-283-7233   ","N/A","Lack of Assurance of Sterility","06/12/2019","08/15/2019","03/21/2025","08/21/2019","All lots within expiry"
"Drugs","No","","83136","Terminated","Infusion Options, Inc.","5924 13th Ave","N/A","Brooklyn","NY","	11219-4934","United States","Voluntary: Firm initiated","Letter","NY only","D-1756-2019","Class II","CARBOPLATIN 174 MG / 250ml NS IVPB; CARBOPLATIN 240 MG / 250 ML NS IVPB; CARBOPLATIN 750 MG / 250 ML NACL 0.9% IVPB; CARBOPLATIN 895 MG / 250 ML NACL 0.9% IVPB; CARBOPLATIN 235 MG / 250ml NS IVPB  CARBOPLATIN 716 MG / 250 ML D5W IVPB; CARBOPLATIN 400 MG / 500 ML NS IVPB; CARBOPLATIN 500 MG / 100 ML NACL 0.9% IVPB; CARBOPLATIN 575 MG / 500 ML NS IVPB; CARBOPLATIN 307 MG / 100 ML NACL 0.9% IVPB; CARBOPLATIN 766 MG / 500 ML NS IVPB; CARBOPLATIN 684 / 250 ML NACL 0.9% IVPB; CARBOPLATIN 260 MG / 100 ML D5W IVPB  CARBOPLATIN 360 MG /100 ML NACL 0.9% IVPB; CARBOPLATIN 274 MG / 250 ML D5W IVPB; CARBOPLATIN 240 MG / 100 ML D5W IVPB; CARBOPLATIN 750 MG / 250 ML NS IVPB; CARBOPLATIN 260 MG / 250 ML NS IVPB; CARBOPLATIN 460 MG / 250 ML NS IVPB; CARBOPLATIN 175 MG / 250 ML NS IVPB; CARBOPLATIN 229.4 MG / 500 ML NS IVPB  CARBOPLATIN 780 MG / 100 ML NACL 0.9% IVPB; CARBOPLATIN 140 MG / 250 ML NS IVPB; CARBOPLATIN 408 MG / 500 ML NS IVPB  CARBOPLATIN 847 MG / 250 ML D5W IVPB; CARBOPLATIN 560 MG / 250 ML D5W IVPB; CARBOPLATIN 180 MG / 250 ML NS IVPB; CARBOPLATIN 200 MG / 250 ML D5W IVPB; CARBOPLATIN 238 MG / 500 ML NS IVPB, Rx Only, Infusion Options, Inc. 5924 13the Ave, Brooklyn, NY 11219-4934, 718-283-7233       ","N/A","Lack of Assurance of Sterility","06/12/2019","08/15/2019","03/21/2025","08/21/2019","All lots within expiry"
"Drugs","No","","83136","Terminated","Infusion Options, Inc.","5924 13th Ave","N/A","Brooklyn","NY","	11219-4934","United States","Voluntary: Firm initiated","Letter","NY only","D-1757-2019","Class II","CARFILZOMIB 65 MG IN 50 ML D5W IVPB; CARFILZOMIB 75 MG IN 50 ML D5W IVPB; CARFILZOMIB 50 MG IN 50 ML D5W IVPB; CARFILZOMIB 45 MG IN 50 ML D5W IVPB; CARFILZOMIB 46.2 MG IN 50 ML D5W IVPB, Rx Only, Infusion Options, Inc. 5924 13the Ave, Brooklyn, NY 11219-4934, 718-283-7233         ","N/A","Lack of Assurance of Sterility","06/12/2019","08/15/2019","03/21/2025","08/21/2019","All lots within expiry"
"Drugs","No","","83136","Terminated","Infusion Options, Inc.","5924 13th Ave","N/A","Brooklyn","NY","	11219-4934","United States","Voluntary: Firm initiated","Letter","NY only","D-1758-2019","Class II","CETUXIMAB 335 MG / 167.5 ML IVPB, Rx Only, Infusion Options, Inc. 5924 13the Ave, Brooklyn, NY 11219-4934, 718-283-7233         ","N/A","Lack of Assurance of Sterility","06/12/2019","08/15/2019","03/21/2025","08/21/2019","All lots within expiry"
"Drugs","No","","83136","Terminated","Infusion Options, Inc.","5924 13th Ave","N/A","Brooklyn","NY","	11219-4934","United States","Voluntary: Firm initiated","Letter","NY only","D-1759-2019","Class II","Cisplatin 40 MG / 500 ml NS IVPB WITH Mannitol 40 G; Cisplatin 80 MG / 250 ml 0.9% NACL; Cisplatin 44 MG QS 500 ml NS IVPB; Cisplatin 40 MG / 500 ml 0.9% NACL; Cisplatin 36 MG / 500 ML NS IVPB; Cisplatin 73 MG QS 500 ml 0.9% NACL WITH Mannitol 12.5 G; Cisplatin 70 MG / 500 ml NS WITH Magnesium 1 G and Mannitol 12.5 G; Cisplatin 60 MG /250 ml 0.9% NACL  Cisplatin 47 MG /250 ml 0.9% NACL WITH Mannitol 12.5 G; Cisplatin 150 MG / 250 ml 0.9% NACL; Cisplatin 115 MG /250 ml NS IVPB; Cisplatin 80 MG QS 500 ml NS IVPB WITH Mannitol 12.5 G; Cisplatin 120 MG / 500 ML NS IVPB  Cisplatin 157 MG /250 ml 0.9% NACL WITH Mannitol 12.5 G; Cisplatin 43 MG QS 1000 ml 0.9% NACL WITH Mannitol 12.5 G, Rx Only, Infusion Options, Inc. 5924 13the Ave, Brooklyn, NY 11219-4934, 718-283-7233       ","N/A","Lack of Assurance of Sterility","06/12/2019","08/15/2019","03/21/2025","08/21/2019","All lots within expiry"
"Drugs","No","","83136","Terminated","Infusion Options, Inc.","5924 13th Ave","N/A","Brooklyn","NY","	11219-4934","United States","Voluntary: Firm initiated","Letter","NY only","D-1760-2019","Class II","Cisplatin 40 MG / 500 ml NS IVPB WITH Mannitol 40 G; Cisplatin 80 MG / 250 ml 0.9% NACL; Cisplatin 44 MG QS 500 ml NS IVPB; Cisplatin 40 MG / 500 ml 0.9% NACL; Cisplatin 36 MG / 500 ML NS IVPB; Cisplatin 73 MG QS 500 ml 0.9% NACL WITH Mannitol 12.5 G; Cisplatin 70 MG / 500 ml NS WITH Magnesium 1 G and Mannitol 12.5 G; Cisplatin 60 MG /250 ml 0.9% NACL  Cisplatin 47 MG /250 ml 0.9% NACL WITH Mannitol 12.5 G; Cisplatin 150 MG / 250 ml 0.9% NACL; Cisplatin 115 MG /250 ml NS IVPB; Cisplatin 80 MG QS 500 ml NS IVPB WITH Mannitol 12.5 G; Cisplatin 120 MG / 500 ML NS IVPB  Cisplatin 157 MG /250 ml 0.9% NACL WITH Mannitol 12.5 G; Cisplatin 43 MG QS 1000 ml 0.9% NACL WITH Mannitol 12.5 G, Rx Only, Infusion Options, Inc. 5924 13the Ave, Brooklyn, NY 11219-4934, 718-283-7233       ","N/A","Lack of Assurance of Sterility","06/12/2019","08/15/2019","03/21/2025","08/21/2019","All lots within expiry"
"Drugs","No","","83136","Terminated","Infusion Options, Inc.","5924 13th Ave","N/A","Brooklyn","NY","	11219-4934","United States","Voluntary: Firm initiated","Letter","NY only","D-1761-2019","Class II","Cyclophosphamide 840 MG / 250 ML NS IVPB; Cyclophosphamide 1112 MG / 250 ML NS IVPB; Cyclophosphamide 1248 MG / 50 ML NS IVPB; Cyclophosphamide 1125 MG / 100 ML NS IVPB; Cyclophosphamide 1000 MG / 500 ML NS IVPB; Cyclophosphamide 1400 MG / 100 ML NS IVPB  Cyclophosphamide 1056 MG / 250 ML NS IVPB; Cyclophosphamide 980 MG / 500 ML NS IVPB; Cyclophosphamide 580 mg / 500 ML NS IVPB; Cyclophosphamide 880 MG / 500 ML NS IVPB; Cyclophosphamide 501 MG / 250 ML NS IVPB; Cyclophosphamide 1163 MG / 50 ML NS IVPB  Cyclophosphamide 1100 MG / 500 ML NS IVPB; Cyclophosphamide 1152 MG / 250 ML NS IVPB; Cyclophosphamide 1116 MG / 250 ML NS IVPB  Cyclophosphamide 894 MG / 250 ML NS IVPB; Cyclophosphamide 1210 MG / 500 ML NS IVPB; Cyclophosphamide 1010 MG/ 500 ML NS IVPB  Cyclophosphamide 1030 MG / 500 ML NS IVPB; Cyclophosphamide 500 MG / 250 ML NS IVPB, Rx Only, Infusion Options, Inc. 5924 13the Ave, Brooklyn, NY 11219-4934, 718-283-7233       ","N/A","Lack of Assurance of Sterility","06/12/2019","08/15/2019","03/21/2025","08/21/2019","All lots within expiry"
"Drugs","No","","83136","Terminated","Infusion Options, Inc.","5924 13th Ave","N/A","Brooklyn","NY","	11219-4934","United States","Voluntary: Firm initiated","Letter","NY only","D-1762-2019","Class II","Cytarabine 128 MG/250 ML D5W IVPB; Cytarabine 20 MG / 1 ML SQ SYRINGE  Cytarabine 70 MG QS 6 ML PF NS SYRINGE; Cytarabine 100 MG QS 3 ML PF NS SYRINGE, Rx Only, Infusion Options, Inc. 5924 13the Ave, Brooklyn, NY 11219-4934, 718-283-7233   ","N/A","Lack of Assurance of Sterility","06/12/2019","08/15/2019","03/21/2025","08/21/2019","All lots within expiry"
"Drugs","No","","83136","Terminated","Infusion Options, Inc.","5924 13th Ave","N/A","Brooklyn","NY","	11219-4934","United States","Voluntary: Firm initiated","Letter","NY only","D-1763-2019","Class II","DACARBAZINE 680 MG in 250 ml NS; DACARBAZINE 675 MG in 250 ml NS, Rx Only, Infusion Options, Inc. 5924 13the Ave, Brooklyn, NY 11219-4934, 718-283-7233         ","N/A","Lack of Assurance of Sterility","06/12/2019","08/15/2019","03/21/2025","08/21/2019","All lots within expiry"
"Drugs","No","","83136","Terminated","Infusion Options, Inc.","5924 13th Ave","N/A","Brooklyn","NY","	11219-4934","United States","Voluntary: Firm initiated","Letter","NY only","D-1764-2019","Class II","DARATUMUMAB 904 MG QS 500 ML NS IVPB; DARATUMUMAB 668 MG QS 1000 ML NS IVPB, Rx Only, Infusion Options, Inc. 5924 13the Ave, Brooklyn, NY 11219-4934, 718-283-7233       ","N/A","Lack of Assurance of Sterility","06/12/2019","08/15/2019","03/21/2025","08/21/2019","All lots within expiry"
"Drugs","No","","83136","Terminated","Infusion Options, Inc.","5924 13th Ave","N/A","Brooklyn","NY","	11219-4934","United States","Voluntary: Firm initiated","Letter","NY only","D-1765-2019","Class II","DARZALEX 1008 MG / 500 ML NS IVPB, Rx Only, Infusion Options, Inc. 5924 13the Ave, Brooklyn, NY 11219-4934, 718-283-7233     ","N/A","Lack of Assurance of Sterility","06/12/2019","08/15/2019","03/21/2025","08/21/2019","All lots within expiry"
"Drugs","No","","83136","Terminated","Infusion Options, Inc.","5924 13th Ave","N/A","Brooklyn","NY","	11219-4934","United States","Voluntary: Firm initiated","Letter","NY only","D-1766-2019","Class II","DECITABINE 40 MG / 100 ml NS IVPB, Rx Only, Infusion Options, Inc. 5924 13the Ave, Brooklyn, NY 11219-4934, 718-283-7233       ","N/A","Lack of Assurance of Sterility","06/12/2019","08/15/2019","03/21/2025","08/21/2019","All lots within expiry"
"Drugs","No","","83136","Terminated","Infusion Options, Inc.","5924 13th Ave","N/A","Brooklyn","NY","	11219-4934","United States","Voluntary: Firm initiated","Letter","NY only","D-1767-2019","Class II","DEXAMETHASONE 10 MG / 50 ML NS IVPB; DEXAMETHASONE 5 MG / 50 ML NS; DEXAMETHASONE 5 MG / 50 ML NS IVPB; Rx Only, Infusion Options, Inc. 5924 13the Ave, Brooklyn, NY 11219-4934, 718-283-7233       ","N/A","Lack of Assurance of Sterility","06/12/2019","08/15/2019","03/21/2025","08/21/2019","All lots within expiry"
"Drugs","No","","83136","Terminated","Infusion Options, Inc.","5924 13th Ave","N/A","Brooklyn","NY","	11219-4934","United States","Voluntary: Firm initiated","Letter","NY only","D-1768-2019","Class II","DIPHENHYDRAMINE 25 MG/50 ML NS, Rx Only, Infusion Options, Inc. 5924 13the Ave, Brooklyn, NY 11219-4934, 718-283-7233     ","N/A","Lack of Assurance of Sterility","06/12/2019","08/15/2019","03/21/2025","08/21/2019","All lots within expiry"
"Drugs","No","","83136","Terminated","Infusion Options, Inc.","5924 13th Ave","N/A","Brooklyn","NY","	11219-4934","United States","Voluntary: Firm initiated","Letter","NY only","D-1769-2019","Class II","DOCETAXEL 60 MG / 250 ml D5W IVPB; DOCETAXEL 71 MG/ 250 ML NS IVPB; DOCETAXEL 155 MG/ 250 ml NS IVPB; DOCETAXEL 110 mg / 250 ml NS IVPB; DOCETAXEL 150 MG / 250 ml NS IVPB; DOCETAXEL 137 mg / 250 ml 0.9% NACL IVPB; DOCETAXEL 130 MG/ 250 ml NS IVPB; DOCETAXEL 140 MG/ 250 ml NS IVPB; DOCETAXEL 144 MG/ 250 ML NS IVPB; DOCETAXEL 117 MG/ 250 ML NS IVPB; DOCETAXEL 30 mg / 250 ml D5W IVPB; DOCETAXEL 125 MG/ 250 ml NS IVPB; DOCETAXEL 135 MG / 250 ml NS IVPB, Rx Only, Infusion Options, Inc. 5924 13the Ave, Brooklyn, NY 11219-4934, 718-283-7233         ","N/A","Lack of Assurance of Sterility","06/12/2019","08/15/2019","03/21/2025","08/21/2019","All lots within expiry"
"Drugs","No","","83136","Terminated","Infusion Options, Inc.","5924 13th Ave","N/A","Brooklyn","NY","	11219-4934","United States","Voluntary: Firm initiated","Letter","NY only","D-1770-2019","Class II","Doxorubicin 110 MG / 55 ML IVP SYRINGE; Doxorubicin 56 MG / 28 ML IVP SYRINGE; Doxorubicin 75 MG / 37.5 ML IVP SYRINGE; Doxorubicin 125 MG / 62.5 ML SYRINGE IVP; Doxorubicin 93 MG / 46.5 ML IV SYRINGE; Doxorubicin 112 MG / 56 ML IVP SYRINGE; Doxorubicin 50 MG / 25 ML IVP SYRINGE; Doxorubicin 120 MG / 60 ML IVP SYRINGE; Doxorubicin 106 MG / 53 ML IVP SYRINGE; Doxorubicin 90 MG / 45 ML IVP SYRINGE; Doxorubicin 14 MG/500 ML NS IV WITH Vincristine 0.7 MG and Etoposide 70 MG; Doxorubicin 100 MG / 50 ML IVP SYRINGE; Doxorubicin 16 MG/1000 ML NS IV WITH Vincristine 0.6 MG and Etoposide 78 MG; Doxorubicin 45 MG / 22.5 ML IVP SYRINGE, Rx Only, Infusion Options, Inc. 5924 13the Ave, Brooklyn, NY 11219-4934, 718-283-7233           ","N/A","Lack of Assurance of Sterility","06/12/2019","08/15/2019","03/21/2025","08/21/2019","All lots within expiry"
"Drugs","No","","83136","Terminated","Infusion Options, Inc.","5924 13th Ave","N/A","Brooklyn","NY","	11219-4934","United States","Voluntary: Firm initiated","Letter","NY only","D-1771-2019","Class II","Doxorubicin Liposomal 71 MG / 250 ML D5W IVPB; Doxorubicin Liposomal 66 MG/250 ML D5W, Rx Only, Infusion Options, Inc. 5924 13the Ave, Brooklyn, NY 11219-4934, 718-283-7233     Doxorubicin 16 MG/1000 ML NS IV WITH Vincristine 0.6 MG and Etoposide 78 MG  Doxorubicin 16 MG/1000 ML NS IV WITH Vincristine 0.6 MG and Etoposide 78 MG   Duplicate  Doxorubicin 45 MG / 22.5 ML IVP SYRINGE          ","N/A","Lack of Assurance of Sterility","06/12/2019","08/15/2019","03/21/2025","08/21/2019","All lots within expiry"
"Drugs","No","","83136","Terminated","Infusion Options, Inc.","5924 13th Ave","N/A","Brooklyn","NY","	11219-4934","United States","Voluntary: Firm initiated","Letter","NY only","D-1772-2019","Class II","Durvalumab 651 mg/ 250 ml NS IVPB; Durvalumab 650 mg/ 250 ml NS IVPB, Rx Only, Infusion Options, Inc. 5924 13the Ave, Brooklyn, NY 11219-4934, 718-283-7233             ","N/A","Lack of Assurance of Sterility","06/12/2019","08/15/2019","03/21/2025","08/21/2019","All lots within expiry"
"Drugs","No","","83136","Terminated","Infusion Options, Inc.","5924 13th Ave","N/A","Brooklyn","NY","	11219-4934","United States","Voluntary: Firm initiated","Letter","NY only","D-1773-2019","Class II","ENTYVIO 300 MG /250 ML 0.9% NACL, Rx Only, Infusion Options, Inc. 5924 13the Ave, Brooklyn, NY 11219-4934, 718-283-7233               ","N/A","Lack of Assurance of Sterility","06/12/2019","08/15/2019","03/21/2025","08/21/2019","All lots within expiry"
"Drugs","No","","83136","Terminated","Infusion Options, Inc.","5924 13th Ave","N/A","Brooklyn","NY","	11219-4934","United States","Voluntary: Firm initiated","Letter","NY only","D-1774-2019","Class II","ERBITUX  770 MG/ 385 ML IVPB; ERBITUX  440 MG/ 220 ml IVPB; ERBITUX  850 MG/ 425 ml IVPB, Rx Only, Infusion Options, Inc. 5924 13the Ave, Brooklyn, NY 11219-4934, 718-283-7233                 ","N/A","Lack of Assurance of Sterility","06/12/2019","08/15/2019","03/21/2025","08/21/2019","All lots within expiry"
"Drugs","No","","83136","Terminated","Infusion Options, Inc.","5924 13th Ave","N/A","Brooklyn","NY","	11219-4934","United States","Voluntary: Firm initiated","Letter","NY only","D-1775-2019","Class II","ERIBULIN 1.12 MG / 100 ML NS IVPB; ERIBULIN 1.87 MG / 100 ML NS IVPB;  ERIBULIN 1.89 MG / 100 ML NS IVPB, Rx Only, Infusion Options, Inc. 5924 13the Ave, Brooklyn, NY 11219-4934, 718-283-7233                   ","N/A","Lack of Assurance of Sterility","06/12/2019","08/15/2019","03/21/2025","08/21/2019","All lots within expiry"
"Drugs","No","","83136","Terminated","Infusion Options, Inc.","5924 13th Ave","N/A","Brooklyn","NY","	11219-4934","United States","Voluntary: Firm initiated","Letter","NY only","D-1776-2019","Class II","Etoposide 184 MG / 500 ml NS IVPB; Etoposide 176 MG/ 500 ml 0.9% NACL IVPB; Etoposide 170 MG / 500 ml 0.9% NACL IVPB; Etoposide 152 MG / 500 ml 0.9% NACL IVPB; Etoposide 275 MG / 500 ml NS IVPB; Etoposide 270 MG / 500 ml NS IVPB; Etoposide 90 MG / 500 ml NS IVPB; Etoposide 160 MG / 500 ml NS IVPB; Etoposide 178 MG/ 500 ml 0.9% NACL IVPB; Etoposide 214 MG / 500 ml NS IVPB; Etoposide 290 MG / 500 ml NS IVPB, Rx Only, Infusion Options, Inc. 5924 13the Ave, Brooklyn, NY 11219-4934, 718-283-7233                     ","N/A","Lack of Assurance of Sterility","06/12/2019","08/15/2019","03/21/2025","08/21/2019","All lots within expiry"
"Drugs","No","","83136","Terminated","Infusion Options, Inc.","5924 13th Ave","N/A","Brooklyn","NY","	11219-4934","United States","Voluntary: Firm initiated","Letter","NY only","D-1777-2019","Class II","Fluorouracil 560 MG / 11.2 ML IVP; Fluorouracil 3340 MG QS 92 ML 0.9% NACL; Fluorouracil 3920 MG QS 92 ML 0.9% NACL; Fluorouracil 3760 mg QS 100 ml NS CASS; Fluorouracil 4000 MG QS 92 ml 0.9% NACL; Fluorouracil 3140 MG QS 240 ML NS PUMP; Fluorouracil 2400 MG QS 96 ML 0.9% NACL  Fluorouracil 5000 MG QS 101 ml 0.9% NACL; Fluorouracil 750 MG / 15 ML IVP  Fluorouracil 4500 mg QS 100 ml NS CASS; Fluorouracil 4100 mg QS 100 ml NS CASS; Fluorouracil 690 mg / 13.8 ml IVP; Fluorouracil 2400 MG QS 96 ML NS IV; Fluorouracil 812 MG/16.24 ML IVP; Fluorouracil 4872 MG QS 240 ML NS PUMP; Fluorouracil 4200 mg QS 100 ml NS CASS; Fluorouracil 1110 MG QS 96 ml NS IVPB; Fluorouracil 370 MG/ 50 ML NS; Fluorouracil 620 MG/ 12.4 ML SYRINGE IVP; Fluorouracil 3160 MG QS 92 ML 0.9% NACL; Fluorouracil 1050 mg QS 92 ml NS IVPB; Fluorouracil 370 MG /100 ML NS IVPB; Fluorouracil 4080 MG QS  1000 ML NS IVPB; Fluorouracil 5 MG / 0.1 ML SYRINGE; Fluorouracil 5040 MG QS 101 ml NS CADD; Fluorouracil 4224 MG QS 100 ml NS CASS; Fluorouracil 700 MG / 14 ML IVP; Fluorouracil 3550 mg QS 92 ML 0.9% NACL IV; Fluorouracil 760 MG / 15.2 ML IVP; Fluorouracil 4560 MG QS 240 ML NS PUMP; Fluorouracil 796 MG / 15.92 MLIVP  Fluorouracil 4776 MG QS 240 ML NS PUMP; Fluorouracil 930 MG QS 240 ML NS PUMP; Fluorouracil 730 MG / 14.6 ML IVP SYR; Fluorouracil 4400 MG QS 100 ml NS CADD; Fluorouracil 2430 MG QS 96 ml 0.9% NACL; Fluorouracil 4728 MG QS 100 ml NS CASS; Fluorouracil 3550 MG QS 92 ML 0.9% NACL  Fluorouracil 588 MG / 11.76 ML IVP; Fluorouracil 3528 MG QS 240 ML NS PUMP; Fluorouracil 2520 mg QS 96 ml NS IVPB; Fluorouracil 790 MG / 15.8 ml IVP; Fluorouracil 4750 mg QS 97 ml 0.9% NACL IV; Fluorouracil 2660 MG QS 96 ml NS IVPB; Fluorouracil 720 MG/ 14.4 ML IVP; Fluorouracil 4370 mg QS 92 ml 0.9% NACL IV; Fluorouracil 3280 MG QS 92 ML 0.9% NACL; Fluorouracil 780 MG / 15.6 ML IVP; Fluorouracil 4660 MG QS 97 ml 0.9% NACL  Fluorouracil 3620 MG QS 100 ml NS CASS; Fluorouracil 2370 MG QS 92 ML 0.9% NACL; Fluorouracil 800 MG / 16 ML IVP; Fluorouracil 4800 MG QS 101 ml NS CADD; Fluorouracil 4000 mg QS 92 ML 0.9% NACL IV; Fluorouracil 2480 MG QS 96 ML 0.9% NACL; Fluorouracil 688 MG / 13.76 ml IVP  Fluorouracil 4128 MG QS 1000 ML D5W IVPB; Fluorouracil 6000 MG QS 250 ml NS CASS; Fluorouracil 672 MG / 13.44 ML IVP; Fluorouracil 4032 MG / 1000 ML D5W IVPB; Fluorouracil 894 MG / 17.88 ml IVP; Fluorouracil 400 MG / 50 ML NS IVPB; Fluorouracil 840 MG / 16.8 ml IVP; Fluorouracil 590 MG/ 11.8 ML IVP, Rx Only, Infusion Options, Inc. 5924 13the Ave, Brooklyn, NY 11219-4934, 718-283-7233                   ","N/A","Lack of Assurance of Sterility","06/12/2019","08/15/2019","03/21/2025","08/21/2019","All lots within expiry"
"Drugs","No","","83136","Terminated","Infusion Options, Inc.","5924 13th Ave","N/A","Brooklyn","NY","	11219-4934","United States","Voluntary: Firm initiated","Letter","NY only","D-1778-2019","Class II","FOSAPREPITANT 150 mg/150 ml NS IVPB, Rx Only, Infusion Options, Inc. 5924 13the Ave, Brooklyn, NY 11219-4934, 718-283-7233","N/A","Lack of Assurance of Sterility","06/12/2019","08/15/2019","03/21/2025","08/21/2019","All lot within expiry"
"Drugs","No","","83136","Terminated","Infusion Options, Inc.","5924 13th Ave","N/A","Brooklyn","NY","	11219-4934","United States","Voluntary: Firm initiated","Letter","NY only","D-1779-2019","Class II","Fluorouracil 560 MG / 11.2 ML IVP  Fluorouracil 3340 MG QS 92 ML 0.9% NACL  Fluorouracil 3920 MG QS 92 ML 0.9% NACL  Fluorouracil 3760 mg QS 100 ml NS CASS  Fluorouracil 4000 MG QS 92 ml 0.9% NACL  Fluorouracil 3140 MG QS 240 ML NS PUMP  Fluorouracil 2400 MG QS 96 ML 0.9% NACL  Fluorouracil 5000 MG QS 101 ml 0.9% NACL  Fluorouracil 750 MG / 15 ML IVP  Fluorouracil 4500 mg QS 100 ml NS CASS  Fluorouracil 4100 mg QS 100 ml NS CASS  Fluorouracil 690 mg / 13.8 ml IVP  Fluorouracil 2400 MG QS 96 ML NS IV  Fluorouracil 812 MG/16.24 ML IVP  Fluorouracil 4872 MG QS 240 ML NS PUMP  Fluorouracil 4200 mg QS 100 ml NS CASS  Fluorouracil 1110 MG QS 96 ml NS IVPB  Fluorouracil 370 MG/ 50 ML NS  Fluorouracil 620 MG/ 12.4 ML SYRINGE IVP  Fluorouracil 3160 MG QS 92 ML 0.9% NACL  Fluorouracil 1050 mg QS 92 ml NS IVPB  Fluorouracil 370 MG /100 ML NS IVPB  Fluorouracil 4080 MG QS  1000 ML NS IVPB  Fluorouracil 5 MG / 0.1 ML SYRINGE  Fluorouracil 5040 MG QS 101 ml NS CADD  Fluorouracil 4224 MG QS 100 ml NS CASS  Fluorouracil 700 MG / 14 ML IVP  Fluorouracil 3550 mg QS 92 ML 0.9% NACL IV  Fluorouracil 760 MG / 15.2 ML IVP  Fluorouracil 4560 MG QS 240 ML NS PUMP  Fluorouracil 796 MG / 15.92 MLIVP  Fluorouracil 4776 MG QS 240 ML NS PUMP  Fluorouracil 930 MG QS 240 ML NS PUMP  Fluorouracil 730 MG / 14.6 ML IVP SYR  Fluorouracil 4400 MG QS 100 ml NS CADD  Fluorouracil 2430 MG QS 96 ml 0.9% NACL  Fluorouracil 4728 MG QS 100 ml NS CASS  Fluorouracil 3550 MG QS 92 ML 0.9% NACL  Fluorouracil 588 MG / 11.76 ML IVP  Fluorouracil 3528 MG QS 240 ML NS PUMP  Fluorouracil 2520 mg QS 96 ml NS IVPB  Fluorouracil 790 MG / 15.8 ml IVP  Fluorouracil 4750 mg QS 97 ml 0.9% NACL IV  Fluorouracil 2660 MG QS 96 ml NS IVPB  Fluorouracil 720 MG/ 14.4 ML IVP  Fluorouracil 4370 mg QS 92 ml 0.9% NACL IV  Fluorouracil 3280 MG QS 92 ML 0.9% NACL  Fluorouracil 780 MG / 15.6 ML IVP  Fluorouracil 4660 MG QS 97 ml 0.9% NACL  Fluorouracil 3620 MG QS 100 ml NS CASS  Fluorouracil 2370 MG QS 92 ML 0.9% NACL  Fluorouracil 800 MG / 16 ML IVP  Fluorouracil 4800 MG QS 101 ml NS CADD  Fluorouracil 4000 mg QS 92 ML 0.9% NACL IV  Fluorouracil 2480 MG QS 96 ML 0.9% NACL  Fluorouracil 688 MG / 13.76 ml IVP  Fluorouracil 4128 MG QS 1000 ML D5W IVPB  Fluorouracil 6000 MG QS 250 ml NS CASS  Fluorouracil 672 MG / 13.44 ML IVP  Fluorouracil 4032 MG / 1000 ML D5W IVPB  Fluorouracil 894 MG / 17.88 ml IVP  Fluorouracil 400 MG / 50 ML NS IVPB  Fluorouracil 840 MG / 16.8 ml IVP    Fluorouracil 590 MG/ 11.8 ML IVP                      ","N/A","Lack of Assurance of Sterility","06/12/2019","08/15/2019","03/21/2025","08/21/2019","All lots within expiry"
"Drugs","No","","83492","Terminated","Unipharma, Llc.","10200 NW 67th St","N/A","Tamarac","FL","	33321-6404","United States","Voluntary: Firm initiated","Letter","Nationwide in the US.","D-1631-2019","Class II","CVS Health Children's Allergy Relief Liquid Medication Diphenhydramine HCl 12.5 mg/5 mL Oral Solution, Antihistamine, Mixed Berry Flavor, 20 Single-Use Vials per Carton, 0.17 fl. oz. (5 mL) Each, 3.4 fl. oz. (100 mL) Total Distributed by: CVS Pharmacy, Inc. One CVS Drive Woonsocket, RI 02895, NDC 69842-261-01 UPC 050428597156","48 cartons","CGMP Deviations: Recall as a precautionary measure due to potential risk of product contamination with the bacteria B. cepacia.","07/15/2019","08/08/2019","06/05/2020","08/14/2019","Lot: 80060 Exp. 11/30/20"
"Drugs","No","","83492","Terminated","Unipharma, Llc.","10200 NW 67th St","N/A","Tamarac","FL","	33321-6404","United States","Voluntary: Firm initiated","Letter","Nationwide in the US.","D-1632-2019","Class II","DrKids Children's Allergy Relief Diphenhydramine HCl 12.5 mg/5 mL Antihistamine, Mixed berry Flavor, 20 Pre-measured Single-Use vials per Carton, Manufactured in USA by: Unipharma, LLC. Tamarac, FL 33321, UPC 370302255010","432 cartons","CGMP Deviations: Recall as a precautionary measure due to potential risk of product contamination with the bacteria B. cepacia.","07/15/2019","08/08/2019","06/05/2020","08/14/2019","Lot: 90003 Exp. 01/31/21"
"Drugs","No","","83492","Terminated","Unipharma, Llc.","10200 NW 67th St","N/A","Tamarac","FL","	33321-6404","United States","Voluntary: Firm initiated","Letter","Nationwide in the US.","D-1633-2019","Class II","CVS Health Children's Nasal Saline Drops with Himalayan Salt Saline Nasal Moisturizer, 30 single-use vials per Carton,0.05 fl. oz. (1.5 mL) each 1.5 fl. oz. (45 mL) total,  Distributed by: CVS Pharmacy, Inc. One CVS Drive Woonsocket, RI 02895, UPC 050428598207","48 cartons","CGMP Deviations: Recall as a precautionary measure due to potential risk of product contamination with the bacteria B. cepacia.","07/15/2019","08/08/2019","06/05/2020","08/14/2019","Lot: 90008 Exp. 02/28/21"
"Drugs","No","","83136","Terminated","Infusion Options, Inc.","5924 13th Ave","N/A","Brooklyn","NY","	11219-4934","United States","Voluntary: Firm initiated","Letter","NY only","D-1780-2019","Class II","GAZYVA 100 MG IN 250 ML NS IVPB; GAZYVA 900 MG IN 250 ML NS IVPB, Rx Only, Infusion Options, Inc. 5924 13the Ave, Brooklyn, NY 11219-4934, 718-283-7233   ","N/A","Lack of Assurance of Sterility","06/12/2019","08/15/2019","03/21/2025","08/21/2019","All lots within expiry"
"Drugs","No","","83136","Terminated","Infusion Options, Inc.","5924 13th Ave","N/A","Brooklyn","NY","	11219-4934","United States","Voluntary: Firm initiated","Letter","NY only","D-1781-2019","Class II","Gemcitabine 1910 MG / 250 ML NS IVPB; Gemcitabine 1140 MG / 250 ML NS 0.9% IVPB; Gemcitabine 1290 MG /250 ML NS IVPB; Gemcitabine 460 MG / 250 ML NS IVPB; Gemcitabine 880 MG / 250 ML NS IVPB; Gemcitabine 810 MG / 250 ML NS IVPB; Gemcitabine 820 MG / 250 ML NS IVPB; Gemcitabine 1748 MG / 250 ML NS IVPB; Gemcitabine 890 MG /250 ML NS IVPB  Gemcitabine 2000 MG /250 ML 0.9% NACL IVPB; Gemcitabine 660 MG / 250 ML NS IVPB; Gemcitabine 1880 MG /250 ML NS IVPB; Gemcitabine 1180 MG / 250 ML NS IVPB; Gemcitabine 1400 MG / 250 ML NS IVPB  Gemcitabine 1300 MG / 250 ML NS IVPB; Gemcitabine 1406 MG /250 ML NS IVPB; Gemcitabine 1672 MG / 250 ML NS IVPB; Gemcitabine 2050 MG / 250 ML NS IVPB; Gemcitabine 1260 MG / 250 ML NS IVPB; Gemcitabine 1710 MG / 250 ML NS IVPB; Gemcitabine 1320 MG / 250 ML NS IVPB; Gemcitabine 1200 MG /250 ML NS IVPB, Rx Only, Infusion Options, Inc. 5924 13the Ave, Brooklyn, NY 11219-4934, 718-283-7233   ","N/A","Lack of Assurance of Sterility","06/12/2019","08/15/2019","03/21/2025","08/21/2019","All lots within expiry"
"Drugs","No","","83136","Terminated","Infusion Options, Inc.","5924 13th Ave","N/A","Brooklyn","NY","	11219-4934","United States","Voluntary: Firm initiated","Letter","NY only","D-1782-2019","Class II","GRANISETRON 1000 MCG / 50 ML NS, Rx Only, Infusion Options, Inc. 5924 13the Ave, Brooklyn, NY 11219-4934, 718-283-7233     ","N/A","Lack of Assurance of Sterility","06/12/2019","08/15/2019","03/21/2025","08/21/2019","All lots within expiry"
"Drugs","No","","83136","Terminated","Infusion Options, Inc.","5924 13th Ave","N/A","Brooklyn","NY","	11219-4934","United States","Voluntary: Firm initiated","Letter","NY only","D-1783-2019","Class II","HERCEPTIN 400 MG / 250 ML NS IVPB; HERCEPTIN 340 MG /250 ml 0.9% NACL IVPB; HERCEPTIN 553 MG / 250 ml NS IVPB; HERCEPTIN 305 MG / 250 ml NS IVPB; HERCEPTIN 526 MG / 250 ML NS IVPB; HERCEPTIN 162 MG / 250 ML NS IVPB; HERCEPTIN 354 MG/ 250 ml 0.9% NACL IVPB; HERCEPTIN 440 MG / 250 ML NS IVPB; HERCEPTIN 650 MG / 250 ML NS IVPB; HERCEPTIN 472 MG / 250 ML NS IVPB, Rx Only, Infusion Options, Inc. 5924 13the Ave, Brooklyn, NY 11219-4934, 718-283-7233       ","N/A","Lack of Assurance of Sterility","06/12/2019","08/15/2019","03/21/2025","08/21/2019","All lots within expiry"
"Drugs","No","","83136","Terminated","Infusion Options, Inc.","5924 13th Ave","N/A","Brooklyn","NY","	11219-4934","United States","Voluntary: Firm initiated","Letter","NY only","D-1784-2019","Class II","IFOSFAMIDE 9200 MG / 1 L NS IVPB WITH MESNA 9200 MG, Rx Only, Infusion Options, Inc. 5924 13the Ave, Brooklyn, NY 11219-4934, 718-283-7233     ","N/A","Lack of Assurance of Sterility","06/12/2019","08/15/2019","03/21/2025","08/21/2019","All lots within expiry"
"Drugs","No","","83136","Terminated","Infusion Options, Inc.","5924 13th Ave","N/A","Brooklyn","NY","	11219-4934","United States","Voluntary: Firm initiated","Letter","NY only","D-1785-2019","Class II","InFLIXimab  300 mg / 250 ml 0.9% NACL IVPB, Rx Only, Infusion Options, Inc. 5924 13the Ave, Brooklyn, NY 11219-4934, 718-283-7233   ","N/A","Lack of Assurance of Sterility","06/12/2019","08/15/2019","03/21/2025","08/21/2019","All lots within expiry"
"Drugs","No","","83136","Terminated","Infusion Options, Inc.","5924 13th Ave","N/A","Brooklyn","NY","	11219-4934","United States","Voluntary: Firm initiated","Letter","NY only","D-1786-2019","Class II","INJECTAFER 720 MG in 100 ml NS IVPB; INJECTAFER 210 MG in 100 ml NS IVPB, Rx Only, Infusion Options, Inc. 5924 13the Ave, Brooklyn, NY 11219-4934, 718-283-7233   ","N/A","Lack of Assurance of Sterility","06/12/2019","08/15/2019","03/21/2025","08/21/2019","All lots within expiry"
"Drugs","No","","83136","Terminated","Infusion Options, Inc.","5924 13th Ave","N/A","Brooklyn","NY","	11219-4934","United States","Voluntary: Firm initiated","Letter","NY only","D-1787-2019","Class II","IRINOTECAN 250 MG /500 ml D5W IVPB; IRINOTECAN 110 MG /250 ML D5W IVPB; IIRINOTECAN 250 MG/250 ML NS IVPB; IRINOTECAN 315 MG / 250 ML NS IVPB; IRINOTECAN 155 MG / 500 ml D5W IVPB; IRINOTECAN 75 MG / 250 ML NS IVPB; IRINOTECAN 140 MG / 250 ML NS IVPB; IRINOTECAN 317 MG /500 ML D5W IVPB; IRINOTECAN 135 mg / 500 ml D5W IVPB; IRINOTECAN 265 MG / 500 ML D5W IVPB; IRINOTECAN 140 MG / 500 ml D5W IVPB; IRINOTECAN 195 mg / 500 ml D5W IVPB; IRINOTECAN 245 mg / 500 ml D5W IVPB; IRINOTECAN 130 MG / 500 ML D5W IVPB, Rx Only, Infusion Options, Inc. 5924 13the Ave, Brooklyn, NY 11219-4934, 718-283-7233     ","N/A","Lack of Assurance of Sterility","06/12/2019","08/15/2019","03/21/2025","08/21/2019","All lots within expiry"
"Drugs","No","","83136","Terminated","Infusion Options, Inc.","5924 13th Ave","N/A","Brooklyn","NY","	11219-4934","United States","Voluntary: Firm initiated","Letter","NY only","D-1788-2019","Class II","IRON SUCROSE 200 mg / 100 ML NS IVPB, Rx Only, Infusion Options, Inc. 5924 13the Ave, Brooklyn, NY 11219-4934, 718-283-7233     ","N/A","Lack of Assurance of Sterility","06/12/2019","08/15/2019","03/21/2025","08/21/2019","All lots within expiry"
"Drugs","No","","83136","Terminated","Infusion Options, Inc.","5924 13th Ave","N/A","Brooklyn","NY","	11219-4934","United States","Voluntary: Firm initiated","Letter","NY only","D-1789-2019","Class II","LEUCOVORIN 560 MG / 250 ML NS IVPB; LEUCOVORIN 830 MG / 250 ml NS IVPB; LEUCOVORIN 300 MG / 50 ml D5W IVPB; LEUCOVORIN 840 MG / 250 ml NS IVPB; LEUCOVORIN 750 MG / 250 ml NS IVPB; LEUCOVORIN 690 MG / 250 ml NS IVPB; LEUCOVORIN 314 mg / 50 ml NS IVPB; LEUCOVORIN 620 MG / 250 ml D5W IVPB; LEUCOVORIN 420 MG / 50 ML D5W IVPB; LEUCOVORIN 700 MG / 250 ml D5W IVPB; LEUCOVORIN 592 mg / 250 ml D5W IVPB; LEUCOVORIN 760 mg / 250 ml D5W IVPB; LEUCOVORIN 796 MG / 250 ml D5W IVPB; LEUCOVORIN 730 MG / 250 ml D5W IVPB; LEUCOVORIN 324 mg / 50 ml NS IVPB; LEUCOVORIN 590 MG / 250 ml D5W IVPB; LEUCOVORIN 336 MG / 50 ml NS IVPB; LEUCOVORIN 398 MG/ 250 ml D5W IVPB; LEUCOVORIN 354 MG / 50 ml NS IVPB; LEUCOVORIN 720 MG / 250 ml D5W IVPB; LEUC; VORIN 328 mg / 50 ml NS IVPB; LEUCOVORIN 776 MG / 250 ml D5W IVPB; LEUCOVORIN 339 MG / 250 ml D5W IVPB; LEUCOVORIN 800 mg / 250 ml D5W IVPB; LEUCOVORIN 330 MG / 50 ml D5W IVPB; LEUCOVORIN 330 MG / 50 ml NS IVPB; LEUCOVORIN 688 MG in 250 ML D5W IVPB; LEUCOVORIN 350 MG / 250 ml NS IVPB; LEUCOVORIN 672 MG / 250 ml D5W IVPB; LEUCOVORIN 588 mg / 250 ml D5W IVPB; LEUCOVORIN 812 MG / 250 ML D5W IVPB; LEUCOVORIN 300 MG / 100 ml NS IVPB, Rx Only, Infusion Options, Inc. 5924 13the Ave, Brooklyn, NY 11219-4934, 718-283-7233   ","N/A","Lack of Assurance of Sterility","06/12/2019","08/15/2019","03/21/2025","08/21/2019","All lots within expiry"
"Drugs","No","","83136","Terminated","Infusion Options, Inc.","5924 13th Ave","N/A","Brooklyn","NY","	11219-4934","United States","Voluntary: Firm initiated","Letter","NY only","D-1790-2019","Class II","METHOTREXATE 25 MG / 1 ML IM SYR; METHOTREXATE 12 mg QS 5 ml PF 0.9% NACL; METHOTREXATE 98 MG / 3.92 ML IM SYR; METHOTREXATE 55 MG / 2.2 ML IVP; METHOTREXATE 59.5 MG / 2.38 ML IVP; METHOTREXATE 12 mg QS 6 ml 0.9% NACL; METHOTREXATE 150 MG / 50 ML NS IVPB; METHOTREXATE 112.5 MG/ 4.5 ML IM SYR, Rx Only, Infusion Options, Inc. 5924 13the Ave, Brooklyn, NY 11219-4934, 718-283-7233     ","N/A","Lack of Assurance of Sterility","06/12/2019","08/15/2019","03/21/2025","08/21/2019","All lots within expiry"
"Drugs","No","","83136","Terminated","Infusion Options, Inc.","5924 13th Ave","N/A","Brooklyn","NY","	11219-4934","United States","Voluntary: Firm initiated","Letter","NY only","D-1791-2019","Class II","METHYLPREDNISOLONE 10 MG / 0.16 ML IVP, Rx Only, Infusion Options, Inc. 5924 13the Ave, Brooklyn, NY 11219-4934, 718-283-7233   ","N/A","Lack of Assurance of Sterility","06/12/2019","08/15/2019","03/21/2025","08/21/2019","All lots within expiry"
"Drugs","No","","83136","Terminated","Infusion Options, Inc.","5924 13th Ave","N/A","Brooklyn","NY","	11219-4934","United States","Voluntary: Firm initiated","Letter","NY only","D-1792-2019","Class II","MITOMYCIN 10 MG /20 ML IVP SYRINGE, Rx Only, Infusion Options, Inc. 5924 13the Ave, Brooklyn, NY 11219-4934, 718-283-7233","N/A","Lack of Assurance of Sterility","06/12/2019","08/15/2019","03/21/2025","08/21/2019","All lots within expiry"
"Drugs","No","","83136","Terminated","Infusion Options, Inc.","5924 13th Ave","N/A","Brooklyn","NY","	11219-4934","United States","Voluntary: Firm initiated","Letter","NY only","D-1793-2019","Class II","NIVOLUMAB 480 MG / 100 ML NS IVPB; NIVOLUMAB 200 mg / 100 ML NS IVPB; NIVOLUMAB 165 mg / 100 ML NS IVPB; NIVOLUMAB 240 mg / 100 ML NS IVPB, Rx Only, Infusion Options, Inc. 5924 13the Ave, Brooklyn, NY 11219-4934, 718-283-7233   ","N/A","Lack of Assurance of Sterility","06/12/2019","08/15/2019","03/21/2025","08/21/2019","All lots within expiry"
"Drugs","No","","83136","Terminated","Infusion Options, Inc.","5924 13th Ave","N/A","Brooklyn","NY","	11219-4934","United States","Voluntary: Firm initiated","Letter","NY only","D-1794-2019","Class II","ONDANSETRON 8 MG / 50 ml NS IVPB, Rx Only, Infusion Options, Inc. 5924 13the Ave, Brooklyn, NY 11219-4934, 718-283-7233   ","N/A","Lack of Assurance of Sterility","06/12/2019","08/15/2019","03/21/2025","08/21/2019","All lots within expiry"
"Drugs","No","","83136","Terminated","Infusion Options, Inc.","5924 13th Ave","N/A","Brooklyn","NY","	11219-4934","United States","Voluntary: Firm initiated","Letter","NY only","D-1795-2019","Class II","OPDIVO 200 mg /100 ML NS VPB; OPDIVO 480 mg/100 ML NS IVPB, Rx Only, Infusion Options, Inc. 5924 13the Ave, Brooklyn, NY 11219-4934, 718-283-7233     ","N/A","Lack of Assurance of Sterility","06/12/2019","08/15/2019","03/21/2025","08/21/2019","All lots within expiry"
"Drugs","No","","83136","Terminated","Infusion Options, Inc.","5924 13th Ave","N/A","Brooklyn","NY","	11219-4934","United States","Voluntary: Firm initiated","Letter","NY only","D-1796-2019","Class II","ORENCIA 750 mg QS 100 ml 0.9% NACL IVPB, Rx Only, Infusion Options, Inc. 5924 13the Ave, Brooklyn, NY 11219-4934, 718-283-7233     ","N/A","Lack of Assurance of Sterility","06/12/2019","08/15/2019","03/21/2025","08/21/2019","All lots within expiry"
"Drugs","No","","83136","Terminated","Infusion Options, Inc.","5924 13th Ave","N/A","Brooklyn","NY","	11219-4934","United States","Voluntary: Firm initiated","Letter","NY only","D-1797-2019","Class II","OXALIPLATIN 145 MG /250 ML D5W IVPB; OXALIPLATIN 154 MG / 250 ML D5W IVPB; OXALIPLATIN 130 MG / 250 ML D5W IVPB; OXALIPLATIN 140 MG / 250 ml D5W IVPB; OXALIPLATIN 162 MG / 250 ML D5W IVPB; OXALIPLATIN 169 MG / 250 ML D5W IVPB; OXALIPLATIN 90 MG / 500 ML D5W IVPB; OXALIPLATIN 50 MG / 250 ML D5W IVPB; OXALIPLATIN 70 MG / 500 ML D5W IVPB; OXALIPLATIN 40 MG / 250 ML D5W IVPB; OXALIPLATIN 155 MG / 250 ML D5W IVPB; OXALIPLATIN 85 MG / 250 ML D5W IVPB  OXALIPLATIN 146 MG / 250 ML D5W IVPB; OXALIPLATIN 246 MG / 500 ML D5W IVPB; OXALIPLATIN 143 MG / 250 ML D5W IVPB; OXALIPLATIN 65 MG / 500 ML D5W IVPB; OXALIPLATIN 80 MG / 500 ML D5W IVPB;   OXALIPLATIN 100 MG / 250 ML D5W IVPB; OXALIPLATIN 150 MG / 250 ML D5W IVPB; OXALIPLATIN 125 MG / 250 ML D5W IVPB; OXALIPLATIN 170 MG / 250 ML D5W IVPB, Rx Only, Infusion Options, Inc. 5924 13the Ave, Brooklyn, NY 11219-4934, 718-283-7233   ","N/A","Lack of Assurance of Sterility","06/12/2019","08/15/2019","03/21/2025","08/21/2019","All lots within expiry"
"Drugs","No","","83136","Terminated","Infusion Options, Inc.","5924 13th Ave","N/A","Brooklyn","NY","	11219-4934","United States","Voluntary: Firm initiated","Letter","NY only","D-1798-2019","Class II","PACLITAXEL 258 MG / 500 ML NS IVPB; PACLITAXEL 318 MG / 500 ML NS IVPB; PACLITAXEL 385 MG / 500 ML NS IVPB; PACLITAXEL 340 MG / 500 ML NS IVPB; PACLITAXEL 332 MG / 500 ML NS IVPB; PACLITAXEL 250 MG / 500 ML NS IVPB; PACLITAXEL 117 MG / 250 ML NACL 0.9% IVPB  PACLITAXEL 90 MG / 250 ML NS IVPB; PACLITAXEL 290 MG / 500 ML NS IVPB; PACLITAXEL 168 MG / 250 ML NS IVPB; PACLITAXEL  157 MG / 250 ML NS IVPB; PACLITAXEL 350 MG / 500 ML NS IVPB; PACLITAXEL 280 mg / 500 ML NS IVPB; PACLITAXEL 282 mg / 500 ML NS IVPB; PACLITAXEL 90 MG / 250 ML D5W IVPB; PACLITAXEL 255 MG / 500 ML NS IVPB; PACLITAXEL 100 MG / 250 ML NS IVPB; PACLITAXEL 80 MG / 250 ML D5W IVPB; PACLITAXEL 117 MG / 250 ML NS IVPB; PACLITAXEL 159 MG / 250 ML NS IVPB; PACLITAXEL 330 MG / 500 ML NS IVPB; PACLITAXEL135 MG / 250 ML NS IVPB; PACLITAXEL 200 MG / 500 ML NS IVPB; PACLITAXEL 150 MG / 250 ML NS IVPB; PACLITAXEL 130 MG / 250 ML NS IVPB; PACLITAXEL 144 MG / 250 ML NS IVPB; PACLITAXEL 300 MG / 500 ML NS IVPB; PACLITAXEL 120 MG / 250 ML NS IVPB; PACLITAXEL 140 MG / 250 ML NS IVPB, Rx Only, Infusion Options, Inc. 5924 13the Ave, Brooklyn, NY 11219-4934, 718-283-7233           ","N/A","Lack of Assurance of Sterility","06/12/2019","08/15/2019","03/21/2025","08/21/2019","All lots within expiry"
"Drugs","No","","83136","Terminated","Infusion Options, Inc.","5924 13th Ave","N/A","Brooklyn","NY","	11219-4934","United States","Voluntary: Firm initiated","Letter","NY only","D-1799-2019","Class II","PACLITAXEL ALBUMIN 185 mg /100 ml NS IVPB; PACLITAXEL ALBUMIN 160 MG / 100 ml NS IVPB; PACLITAXEL ALBUMIN 145 MG / 100 ml NS IVPB  PACLITAXEL ALBUMIN 165 mg / 100 ml NS IVPB; PACLITAXEL ALBUMIN 150 mg /100 ml NS IVPB, Rx Only, Infusion Options, Inc. 5924 13the Ave, Brooklyn, NY 11219-4934, 718-283-7233             ","N/A","Lack of Assurance of Sterility","06/12/2019","08/15/2019","03/21/2025","08/21/2019","All lots within expiry"
"Drugs","No","","83136","Terminated","Infusion Options, Inc.","5924 13th Ave","N/A","Brooklyn","NY","	11219-4934","United States","Voluntary: Firm initiated","Letter","NY only","D-1800-2019","Class II","PACLITAXEL PROTEIN 175 MG/100 ML NS IVPB; PACLITAXEL PROTEIN 190 MG/100 ML NS IVPB; PACLITAXEL PROTEIN 355 MG/100 ML NS IVPB, Rx Only, Infusion Options, Inc. 5924 13the Ave, Brooklyn, NY 11219-4934, 718-283-7233               ","N/A","Lack of Assurance of Sterility","06/12/2019","08/15/2019","03/21/2025","08/21/2019","All lots within expiry"
"Drugs","No","","83136","Terminated","Infusion Options, Inc.","5924 13th Ave","N/A","Brooklyn","NY","	11219-4934","United States","Voluntary: Firm initiated","Letter","NY only","D-1801-2019","Class II","PEMBROLIZUMAB 200 MG / 100 ML NS IVPB, Rx Only, Infusion Options, Inc. 5924 13the Ave, Brooklyn, NY 11219-4934, 718-283-7233             ","N/A","Lack of Assurance of Sterility","06/12/2019","08/15/2019","03/21/2025","08/21/2019","All lots within expiry"
"Drugs","No","","83136","Terminated","Infusion Options, Inc.","5924 13th Ave","N/A","Brooklyn","NY","	11219-4934","United States","Voluntary: Firm initiated","Letter","NY only","D-1802-2019","Class II","PANITUMUMAB 400 MG / 100 ml NS IVPB, Rx Only, Infusion Options, Inc. 5924 13the Ave, Brooklyn, NY 11219-4934, 718-283-7233           ","N/A","Lack of Assurance of Sterility","06/12/2019","08/15/2019","03/21/2025","08/21/2019","All lots within expiry"
"Drugs","No","","83136","Terminated","Infusion Options, Inc.","5924 13th Ave","N/A","Brooklyn","NY","	11219-4934","United States","Voluntary: Firm initiated","Letter","NY only","D-1803-2019","Class II","PEMETREXED  910 MG QS 100 ML NS IVPB; PEMETREXED 940 mg QS 100 ml NS IVPB; PEMETREXED 1000 mg QS 100 ml 0.9% NACL IVPB; PEMETREXED 490 MG /100 ml NS IVPB; PEMETREXED 800 mg/ 100 ml NS IVPB, Rx Only, Infusion Options, Inc. 5924 13the Ave, Brooklyn, NY 11219-4934, 718-283-7233           ","N/A","Lack of Assurance of Sterility","06/12/2019","08/15/2019","03/21/2025","08/21/2019","All lots within expiry"
"Drugs","No","","83136","Terminated","Infusion Options, Inc.","5924 13th Ave","N/A","Brooklyn","NY","	11219-4934","United States","Voluntary: Firm initiated","Letter","NY only","D-1804-2019","Class II","PERJETA 420 MG/250 ml 0.9% NACL IVPB, Rx Only, Infusion Options, Inc. 5924 13the Ave, Brooklyn, NY 11219-4934, 718-283-7233           ","N/A","Lack of Assurance of Sterility","06/12/2019","08/15/2019","03/21/2025","08/21/2019","All lots within expiry"
"Drugs","No","","83136","Terminated","Infusion Options, Inc.","5924 13th Ave","N/A","Brooklyn","NY","	11219-4934","United States","Voluntary: Firm initiated","Letter","NY only","D-1805-2019","Class II","PERTUZUMAB 840 MG/250 ml0.9% NACL IVPB, Rx Only, Infusion Options, Inc. 5924 13the Ave, Brooklyn, NY 11219-4934, 718-283-7233           ","N/A","Lack of Assurance of Sterility","06/12/2019","08/15/2019","03/21/2025","08/21/2019","All lots within expiry"
"Drugs","No","","83136","Terminated","Infusion Options, Inc.","5924 13th Ave","N/A","Brooklyn","NY","	11219-4934","United States","Voluntary: Firm initiated","Letter","NY only","D-1806-2019","Class II","PRESERVATIVE FREE 0.9% NACL 5 ML SYR, Rx Only, Infusion Options, Inc. 5924 13the Ave, Brooklyn, NY 11219-4934, 718-283-7233           ","N/A","Lack of Assurance of Sterility","06/12/2019","08/15/2019","03/21/2025","08/21/2019","All lots within expiry"
"Drugs","No","","83136","Terminated","Infusion Options, Inc.","5924 13th Ave","N/A","Brooklyn","NY","	11219-4934","United States","Voluntary: Firm initiated","Letter","NY only","D-1807-2019","Class II","RAMUCIRUMAB 457 MG QS 250 ML NS IVPB; AMUCIRUMAB 1182 MG QS 250 ML NS IVPB; Rx Only, Infusion Options, Inc. 5924 13the Ave, Brooklyn, NY 11219-4934, 718-283-7233           ","N/A","Lack of Assurance of Sterility","06/12/2019","08/15/2019","03/21/2025","08/21/2019","All lots within expiry"
"Drugs","No","","83136","Terminated","Infusion Options, Inc.","5924 13th Ave","N/A","Brooklyn","NY","	11219-4934","United States","Voluntary: Firm initiated","Letter","NY only","D-1808-2019","Class II","REMICADE 680 MG QS 250 ML 0.9% NACL IVPB; REMICADE 270 MG QS 250 ML 0.9% NACL IV; REMICADE 730 MG QS 250 ML 0.9% NACL IVPB  REMICADE 330 MG QS 250 ML 0.9% NACL IVPB; REMICADE 740 MG IN 250 ML NS IVPB; REMICADE 650 MG / 250 ml 0.9% NACL; REMICADE 1200 MG/250 ml 0.9% NACL IVPB; REMICADE 800 MG/250 ml 0.9% NACL IVPB  REMICADE  600 MG / 250 ml 0.9% NACL IVPB, Rx Only, Infusion Options, Inc. 5924 13the Ave, Brooklyn, NY 11219-4934, 718-283-7233             ","N/A","Lack of Assurance of Sterility","06/12/2019","08/15/2019","03/21/2025","08/21/2019","All lots within expiry"
"Drugs","No","","83136","Terminated","Infusion Options, Inc.","5924 13th Ave","N/A","Brooklyn","NY","	11219-4934","United States","Voluntary: Firm initiated","Letter","NY only","D-1809-2019","Class II","RITUXAN  728 MG QS 728 mL 0.9% NACL IVPB; RITUXAN  560 MG / 306 ml 0.9% NACL; RITUXAN 562 MG IN 562 ml 0.9% NACL; RITUXAN  700 MG QS 700 mL 0.9% NACL IVPB; RITUXAN  1000 MG / 350 mL 0.9% NACL IVPB  RITUXAN  730 MG / 730 mL 0.9% NACL IVPB; RITUXAN 1000 MG QS 1000 ml NS; RITUXAN 1000 MG QS 200 ml 0.9% NACL; RITUXAN 500 MG / 300 ml 0.9% NACL; RITUXAN  660 MG QS 660 ml 0.9% NACL; RITUXAN  770 MG QS 770 mL 0.9% NACL IVPB, Rx Only, Infusion Options, Inc. 5924 13the Ave, Brooklyn, NY 11219-4934, 718-283-7233             ","N/A","Lack of Assurance of Sterility","06/12/2019","08/15/2019","03/21/2025","08/21/2019","All lots within expiry"
"Drugs","No","","83136","Terminated","Infusion Options, Inc.","5924 13th Ave","N/A","Brooklyn","NY","	11219-4934","United States","Voluntary: Firm initiated","Letter","NY only","D-1810-2019","Class II","RITUXIMAB 575 MG / 250 ml 0.9% NACL IVPB; RITUXIMAB 675 MG / 250 ml 0.9% NACL IVPB; RITUXIMAB  1000 MG / 1000 ml NS IVPB, Rx Only, Infusion Options, Inc. 5924 13the Ave, Brooklyn, NY 11219-4934, 718-283-7233               ","N/A","Lack of Assurance of Sterility","06/12/2019","08/15/2019","03/21/2025","08/21/2019","All lots within expiry"
"Drugs","No","","83136","Terminated","Infusion Options, Inc.","5924 13th Ave","N/A","Brooklyn","NY","	11219-4934","United States","Voluntary: Firm initiated","Letter","NY only","D-1811-2019","Class II","RomiPLOStim 700 MCG/ 1.4 ML SQ SYR, Rx Only, Infusion Options, Inc. 5924 13the Ave, Brooklyn, NY 11219-4934, 718-283-7233             ","N/A","Lack of Assurance of Sterility","06/12/2019","08/15/2019","03/21/2025","08/21/2019","All lots within expiry"
"Drugs","No","","83136","Terminated","Infusion Options, Inc.","5924 13th Ave","N/A","Brooklyn","NY","	11219-4934","United States","Voluntary: Firm initiated","Letter","NY only","D-1812-2019","Class II","Sodium Chloride 0.9% 1 LITER WITH Potassium Chloride 20 mEq, Mannitol 12.5 G, Magnesium Sulfate 2 G, Rx Only, Infusion Options, Inc. 5924 13the Ave, Brooklyn, NY 11219-4934, 718-283-7233               ","N/A","Lack of Assurance of Sterility","06/12/2019","08/15/2019","03/21/2025","08/21/2019","All lots within expiry"
"Drugs","No","","83136","Terminated","Infusion Options, Inc.","5924 13th Ave","N/A","Brooklyn","NY","	11219-4934","United States","Voluntary: Firm initiated","Letter","NY only","D-1813-2019","Class II","SOLIRIS 1200 MG QS 240 ML NACL0.9% IVPB; SOLIRIS 900 MG QS 180 ML NACL 0.9% IVPB, Rx Only, Infusion Options, Inc. 5924 13the Ave, Brooklyn, NY 11219-4934, 718-283-7233             ","N/A","Lack of Assurance of Sterility","06/12/2019","08/15/2019","03/21/2025","08/21/2019","All lots within expiry"
"Drugs","No","","83136","Terminated","Infusion Options, Inc.","5924 13th Ave","N/A","Brooklyn","NY","	11219-4934","United States","Voluntary: Firm initiated","Letter","NY only","D-1814-2019","Class II","TOPOTECAN 1.24 MG / 100 ML NS IVPB, Rx Only, Infusion Options, Inc. 5924 13the Ave, Brooklyn, NY 11219-4934, 718-283-7233           ","N/A","Lack of Assurance of Sterility","06/12/2019","08/15/2019","03/21/2025","08/21/2019","All lots within expiry"
"Drugs","No","","83136","Terminated","Infusion Options, Inc.","5924 13th Ave","N/A","Brooklyn","NY","	11219-4934","United States","Voluntary: Firm initiated","Letter","NY only","D-1815-2019","Class II","TRASTUZUMAB 427 MG / 250 ml NS IVPB; TRASTUZUMAB 531 MG / 250 ML NS IVPB; TRASTUZUMAB 276 MG / 250 ML NS IVPB; TRASTUZUMAB 360 MG / 250 ML NS IVPB; TRASTUZUMAB 757 MG / 250 ML NS IVPB  TRASTUZUMAB 450 MG / 250 ML NS IVPB; TRASTUZUMAB 120 MG / 250 ML NS IVPB; TRASTUZUMAB 164 MG / 250 ML NS IVPB; TRASTUZUMAB 444 MG / 250 ml NS IVPB; TRASTUZUMAB 634 MG / 250 ML NS IVPB; TRASTUZUMAB 330 MG / 250 ML NS IVPB; TRASTUZUMAB 781 MG / 250 ML NS IVPB; TRASTUZUMAB 376 mg / 250 ML NS IVPB; TRASTUZUMAB 114 MG / 250 ML NS IVPB; TRASTUZUMAB 266 MG / 250 ML NS IVPB   TRASTUZUMAB 323 MG / 250 ML NS IVPB; Rx Only, Infusion Options, Inc. 5924 13the Ave, Brooklyn, NY 11219-4934, 718-283-7233                 ","N/A","Lack of Assurance of Sterility","06/12/2019","08/15/2019","03/21/2025","08/21/2019","All lots within expiry"
"Drugs","No","","83136","Terminated","Infusion Options, Inc.","5924 13th Ave","N/A","Brooklyn","NY","	11219-4934","United States","Voluntary: Firm initiated","Letter","NY only","D-1816-2019","Class II","VELCADE 2.1 mg / 0.84 ml SQ SYRINGE; VELCADE 2.5 MG/ 1 ML SUB-Q SYRINGE; VELCADE 2.2 MG/ 0.88 ML SUB-Q SYRINGE; VELCADE 2.6 MG (1.04 ML) Sub Q SYRINGE; VELCADE 4 mg / 1.6 ml SQ SYRINGE; VELCADE 2.75 mg / 1.1 ml SQ SYRINGE; VELCADE 2.6 mg / 1.04 ml SQ SYRINGE  VELCADE 1.7 mg / 0.68 ml SQ SYRINGE; VELCADE 3.5 mg / 1.4 ML SQ SYRINGE; VELCADE 2.2 mg / 0.88 ml SQ SYRINGE; VELCADE 2.33 MG/ 0.93 ML SUB-Q SYRINGE; VELCADE 2.4 MG/ 0.96 ML SUB-Q SYRINGE  VELCADE 2.63 MG/ 1.052 ML SUB-Q SYRINGE, Rx Only, Infusion Options, Inc. 5924 13the Ave, Brooklyn, NY 11219-4934, 718-283-7233                 ","N/A","Lack of Assurance of Sterility","06/12/2019","08/15/2019","03/21/2025","08/21/2019","All lots within expiry"
"Drugs","No","","83136","Terminated","Infusion Options, Inc.","5924 13th Ave","N/A","Brooklyn","NY","	11219-4934","United States","Voluntary: Firm initiated","Letter","NY only","D-1817-2019","Class II","VINBLASTINE 10.9 MG / 100 ML D5W IVPB; VINBLASTINE 10.8 MG / 100 ML D5W IVPB, Rx Only, Infusion Options, Inc. 5924 13the Ave, Brooklyn, NY 11219-4934, 718-283-7233                   ","N/A","Lack of Assurance of Sterility","06/12/2019","08/15/2019","03/21/2025","08/21/2019","All lots within expiry"
"Drugs","No","","83136","Terminated","Infusion Options, Inc.","5924 13th Ave","N/A","Brooklyn","NY","	11219-4934","United States","Voluntary: Firm initiated","Letter","NY only","D-1818-2019","Class II","VINCRISTINE 1 MG /50 ML NS IVPB; VINCRISTINE 1.2 MG /50 ML NACL 0.9% IVPB; VINCRISTINE 1 MG / 1 ML IVP SYRINGE; VINCRISTINE 2 MG /100 ML D5W IVPB, Rx Only, Infusion Options, Inc. 5924 13the Ave, Brooklyn, NY 11219-4934, 718-283-7233                 ","N/A","Lack of Assurance of Sterility","06/12/2019","08/15/2019","03/21/2025","08/21/2019","All lots within expiry"
"Drugs","No","","83497","Terminated","Akorn, Inc.","1925 W Field Ct Ste 300","N/A","Lake Forest","IL","	60045-4862","United States","Voluntary: Firm initiated","Letter","Nationwide in the U.S.","D-1839-2019","Class III","Eptifibatide Injection, 75 mg/100 mL (0.75 mg/mL), 100 mL Single-use Vial, For Intravenous Use Only, Rx Only, Manufactured by: Akorn, Inc., Lake Forest, IL 60045, NDC 17478-903-90.","4085 vials","Failed Impurities/Degradation Specifications: Out of Specification (OOS) for known impurity, D-aspartic acid.","08/06/2019","08/23/2019","07/28/2022","09/04/2019","Lot #s: 091287A, 091377A, Exp. 9/19."
"Drugs","No","","83501","Terminated","Upsher Smith Laboratories, Inc.","6701 Evenstad Dr N","N/A","Maple Grove","MN","	55369-6026","United States","Voluntary: Firm initiated","Telephone","KY, OH, NJ, LA","D-1836-2019","Class II","Bexarotene Capsules, 75 mg, 100 capsules per bottle, Rx Only, Manufactured for: Upsher-Smith Laboratories, LLC, Maple Grove, MN 55369.  NDC: 0832-0285-00","166 bottles","Failed Dissolution Specifications","07/29/2019","08/19/2019","08/25/2022","08/28/2019","Lot: A2610. exp 3/2020"
"Drugs","No","","83511","Terminated","Alkermes Inc","265 Olinger Cir","N/A","Wilmington","OH","	45177-2484","United States","Voluntary: Firm initiated","Letter","Distributed Nationwide in the USA","D-1846-2019","Class II","Vivitrol (naltrexone for extended-release injectable suspension) 380 mg/vial. Each Carton Contains: 1) One vial of 380 mg of Vivitrol, 2) One vial containing 4 mL of diluent, 3) One 5-mL prepackaged syringe, 4) One 20-gauge 1-inch needle, 5) Two 20-gauge 1.5-inch safety needles, 6) Two 20-gauge 2-inch safety needles. Rx Only. Manufactured and marketed by: Alkermes, Inc. Kit NDC: 65757-300-01","6,514 kits","Labeling: Not  Elsewhere Classified. Drug product kit recalled due to 1 inch needles being placed in the 1 1/2 inch needle cardboard sleeve labelled as administration needles. The product vial is not impacted.","08/08/2019","08/29/2019","11/06/2020","09/04/2019","Lot 2018-3010T  Exp 8/2021"
"Drugs","No","","83417","Terminated","Medtech Products, Inc.","660 White Plains Rd Ste 250","N/A","Tarrytown","NY","	10591-5171","United States","Voluntary: Firm initiated","Letter","Nationwide in the USA and Puerto Rico, St. Michael, Barbados, Guyana, St. Johns, Antigua and Barbuda, Kingston 5, and Jamaica.","D-1835-2019","Class II","Clear Eyes Redness Relief Hand Pocket Pal Tray Display; each display (UPC 6 78112 25418 7) contains 48 each of Clear eyes REDNESS RELIEF (Glycerin 0.25%, Naphazoline hydrochloride 0.012%) eye drops, 0.2 FL OZ (6 mL) bottle, Handy Pocket Pal (UPC 6 78112 25418 7); Distributed by Medtech Products Inc., Tarrytown, NY  10591 A Prestige Brands Company.","314,112 bottles","CGMP Deviations: concerns regarding the sufficiency of Quality Assurance controls over critical systems in the manufacturing facility that could impact the product quality of the finished products.","07/26/2019","08/16/2019","03/10/2021","08/28/2019","Lot #: 17051, Exp 02/20; 17130, Exp 04/20; 17147, Exp 05/20"
"Drugs","No","","83526","Terminated","Glenmark Pharmaceuticals Inc., USA","750 Corporate Dr","N/A","Mahwah","NJ","	07430-2009","United States","Voluntary: Firm initiated","Letter","Nationwide with the United States","D-1743-2019","Class III","Clotrimazole and Betamethasone Dipropionate Cream USP, 1%/0.05%, 15 gram tubes, Rx only, Manufactured by: Glenmark Pharmaceuticals Ltd. Village: Kishanpura, Baddi Nalagarth Road, District: Solan, Himachal Pradesh-173205, India. Manufactured for: Glenmark Pharmaceuticals Inc., USA Mahwah, NJ 07430, NDC 68462-298-17","31,224 tubes","Temperature Abuse: Complaints received of liquidy texture.","08/07/2019","08/15/2019","11/09/2020","08/21/2019","Lot #: 05180734, Exp. 03/2020"
"Drugs","No","08/28/2019","83533","Terminated","Pfizer Inc.","235 E 42nd St","N/A","New York","NY","	10017-5703","United States","Voluntary: Firm initiated","Press Release","Nationwide in the USA and Puerto Rico.","D-1845-2019","Class II","RELPAX (eletriptan HBr) tablets, 40 mg, packaged in a) 6-count (1 card x 6 tablets) per carton, NDC 0049-2340-45; b) 12-count (2 cards x 6 tablets) per carton, NDC 0049-2340-05, Rx only, Made in Ireland, Distributed by Pfizer Roerig, Division of Pfizer Inc., NY, NY  10017.","a) 20,117 cartons; b) 2,502 cartons","Microbial Contamination of Non-Sterile Products: contamination with Burkholderia and Pseudomonas.","08/14/2019","08/28/2019","06/20/2023","09/04/2019","Lot #: a) AR5407, Exp 2022 FEB; b) CD4565, Exp 2022 FEB"
"Drugs","No","","83538","Terminated","Ridge Properties, LLC","4995 Ridge Dr NE","N/A","Salem","OR","	97301-7475","United States","Voluntary: Firm initiated","Press Release","Nationwide in the USA via internet sales through Amazon.com; ebay.com; Walmart.com; tatbalm.net; Naturallyhl.com","D-1856-2019","Class II","PRE-TAT (lidocaine) 3 in 1 Pre Tattoo Prep With Lidocaine Cream, 4%, packaged in a) 1 OZ (NDC 69804-002-05), b) 2 OZ (NDC 69804-002-02), and c) 4 OZ (NDC 69804-002-03) jars, OTC, Manufactured, packed & distributed by Pain Relief Naturally, Salem, OR 97301.","383.65 ounces total","Microbial Contamination of Non-Sterile Products: products were found to be contaminated and above specification for lidocaine assay.","08/09/2019","09/13/2019","07/12/2023","09/25/2019","Lot # 1222, Exp 06/14/2023"
"Drugs","No","","83538","Terminated","Ridge Properties, LLC","4995 Ridge Dr NE","N/A","Salem","OR","	97301-7475","United States","Voluntary: Firm initiated","Press Release","Nationwide in the USA via internet sales through Amazon.com; ebay.com; Walmart.com; tatbalm.net; Naturallyhl.com","D-1857-2019","Class II","PRE-TAT (lidocaine) 3 in 1 Pre Tattoo Prep With Lidocaine Liquid Gel, 4%, packaged in a) 1 Oz (NDC 69804-019-14), b) 2 Oz (NDC 69804-019-15), and c) 4 Oz (NDC 69804-019-16) bottles, OTC, Manufactured, packed & distributed by Pain Relief Naturally, Salem, OR 97301.","109.64 ounces total","Microbial Contamination of Non-Sterile Products: products were found to be contaminated and above specification for lidocaine assay.","08/09/2019","09/13/2019","07/12/2023","09/25/2019","Lot # 1213, Exp 06/05/2023"
"Drugs","No","","83538","Terminated","Ridge Properties, LLC","4995 Ridge Dr NE","N/A","Salem","OR","	97301-7475","United States","Voluntary: Firm initiated","Press Release","Nationwide in the USA via internet sales through Amazon.com; ebay.com; Walmart.com; tatbalm.net; Naturallyhl.com","D-1858-2019","Class II","Superior Pain & Itch Relief (lidocaine) Cream, 4%, packaged in a) 1 OZ (NDC 69804-070-05), b) 2 OZ (NDC 69804-070-02), and c) 4 OZ (NDC 69804-070-03) jars, OTC, Manufactured, packed & distributed by Pain Relief Naturally, Salem, OR 97301.","383.65 ounces total","Superpotent Drug: products were found to be contaminated and above specification for lidocaine assay.","08/09/2019","09/13/2019","07/12/2023","09/25/2019","Lot # 1222, Exp 06/14/2023"
"Drugs","No","","83538","Terminated","Ridge Properties, LLC","4995 Ridge Dr NE","N/A","Salem","OR","	97301-7475","United States","Voluntary: Firm initiated","Press Release","Nationwide in the USA via internet sales through Amazon.com; ebay.com; Walmart.com; tatbalm.net; Naturallyhl.com","D-1859-2019","Class II","Superior Pain & Itch Relief (lidocaine) Liquid Gel, 4%, packaged in a) 1 Oz (NDC 69804-073-14), b) 2 Oz (NDC 69804-073-15), and c) 4 Oz (NDC 69804-073-16) bottles, OTC, Manufactured, packed & distributed by Pain Relief Naturally, Salem, OR 97301.","109.64 ounces total","Superpotent Drug: products were found to be contaminated and above specification for lidocaine assay.","08/09/2019","09/13/2019","07/12/2023","09/25/2019","Lot # 1213, Exp 06/05/2023"
"Drugs","No","","83538","Terminated","Ridge Properties, LLC","4995 Ridge Dr NE","N/A","Salem","OR","	97301-7475","United States","Voluntary: Firm initiated","Press Release","Nationwide in the USA via internet sales through Amazon.com; ebay.com; Walmart.com; tatbalm.net; Naturallyhl.com","D-1860-2019","Class II","Soothing Sore Relief (lidocaine) Cream, 4%, packaged in a) 1 OZ (NDC 69804-074-05), b) 2 OZ (NDC 69804-074-02), and c) 4 OZ (NDC 69804-074-03) jars, OTC, Manufactured, packed & distributed by Pain Relief Naturally, Salem, OR 97301.","136 ounces","Superpotent Drug: products were found to be contaminated and above specification for lidocaine assay.","08/09/2019","09/13/2019","07/12/2023","09/25/2019","Lot # 1228, Exp 06/21/2023"
"Drugs","No","","83538","Terminated","Ridge Properties, LLC","4995 Ridge Dr NE","N/A","Salem","OR","	97301-7475","United States","Voluntary: Firm initiated","Press Release","Nationwide in the USA via internet sales through Amazon.com; ebay.com; Walmart.com; tatbalm.net; Naturallyhl.com","D-1861-2019","Class II","Soothing Sore Relief (lidocaine) Liquid Gel, 4%, packaged in a) 1 Oz (NDC 69804-077-14), b)  2 Oz (NDC 69804-077-15), and c) 4 Oz (NDC 69804-077-16) bottles, OTC, Manufactured, packed & distributed by Pain Relief Naturally, Salem, OR 97301.","104.1 ounces","Superpotent Drug: products were found to be contaminated and above specification for lidocaine assay.","08/09/2019","09/13/2019","07/12/2023","09/25/2019","Lot # 1135, Exp 12/27/2022"
"Drugs","No","","83265","Completed","Altaire Pharmaceuticals, Inc.","311 W Ln","PO Box 849","Aquebogue","NY","	11931-0849","United States","Voluntary: Firm initiated","Two or more of the following: Email, Fax, Letter, Press Release, Telephone, Visit","U.S.A. Nationwide","D-0397-2020","Class II","Ocusoft Goniosoft Hypromellose 2.5% Opthalmic Demulcent Solution, 15 mL, Manufactured for: Ocusoft, Inc., Richmond, TX 77406-0429, NDC 54799-503-15         ","N/A","Lack of Assurance of Sterility","07/02/2019","11/15/2019","N/A","11/27/2019","16260 9/19  17303 10/20  18032 2/21  18235 9/21  18285 11/21  19021 1/22"
"Drugs","No","","83265","Completed","Altaire Pharmaceuticals, Inc.","311 W Ln","PO Box 849","Aquebogue","NY","	11931-0849","United States","Voluntary: Firm initiated","Two or more of the following: Email, Fax, Letter, Press Release, Telephone, Visit","U.S.A. Nationwide","D-0398-2020","Class II","Ocusoft Tears Again Lubricant Eye Drops, 15 mL, Manufactured for: Ocusoft, Inc., Richmond, TX 77406-0429, NDC 54799-904-15        ","139572 units","Lack of Assurance of Sterility","07/02/2019","11/15/2019","N/A","11/27/2019","16250 09/19  16268 10/19  16301 11/19  17088 3/20  17109 4/20  17318 10/20  17323 10/20  18014 1/21  18045 2/21  18059 3/21  18063 3/21  18117 5/21  18134 5/21"
"Drugs","No","01/27/2020","83265","Completed","Altaire Pharmaceuticals, Inc.","311 W Ln","PO Box 849","Aquebogue","NY","	11931-0849","United States","Voluntary: Firm initiated","Two or more of the following: Email, Fax, Letter, Press Release, Telephone, Visit","U.S.A. Nationwide","D-0399-2020","Class II","Equate Eye Allergy Relief  Drops, W-M item #: 567371432    Package Size: 15 mL, Distributed by: Wal-Mart Stores, Inc., Bentonville, AR 72716, NDC  49035-874-13      ","2,042,136 units","Lack of Assurance of Sterility","07/02/2019","11/15/2019","N/A","11/27/2019","19128 05/21   19009 01/21  19003 01/21   19034 01/21    19060 02/21    19061 02/21   18252 10/20    18058 03/20   18224 09/20    18185 07/20    18152 06/20   18159 06/20   18091 04/20   18090 04/20   18069 03/20"
"Drugs","No","","83265","Completed","Altaire Pharmaceuticals, Inc.","311 W Ln","PO Box 849","Aquebogue","NY","	11931-0849","United States","Voluntary: Firm initiated","Two or more of the following: Email, Fax, Letter, Press Release, Telephone, Visit","U.S.A. Nationwide","D-0401-2020","Class II","CVS Health Lubricating Gel Drops for Anytime Use, Item#: 563420, 10 mL, Distributed by: CVS Pharmacy Inc., One CVS Drive, Woonsocket, RI 02895        ","N/A","Lack of Assurance of Sterility","07/02/2019","11/15/2019","N/A","11/27/2019","17238 08/19   18094 4/20   19058 02/21"
"Drugs","No","","83265","Completed","Altaire Pharmaceuticals, Inc.","311 W Ln","PO Box 849","Aquebogue","NY","	11931-0849","United States","Voluntary: Firm initiated","Two or more of the following: Email, Fax, Letter, Press Release, Telephone, Visit","U.S.A. Nationwide","D-0402-2020","Class II","CVS Health Extra Strength Lubricant Gel Drops, Sterile 0.5 FL OZ (15 mL), Distributed by: CVS Pharmacy, Inc. One CVS Drive, Woonsocket, RI 02895","159864 units","Lack of Assurance of Sterility","07/02/2019","11/15/2019","N/A","11/27/2019","19087 3/21   17289 9/19   19087 03/21   18122 5/20"
"Drugs","No","","83265","Completed","Altaire Pharmaceuticals, Inc.","311 W Ln","PO Box 849","Aquebogue","NY","	11931-0849","United States","Voluntary: Firm initiated","Two or more of the following: Email, Fax, Letter, Press Release, Telephone, Visit","U.S.A. Nationwide","D-0403-2020","Class II","CVS Health Fast Acting Lubricant Eye Drops Dry Eye Therapy, Twin Pack Item#: 994881, Product Size: 2 x 10 mL, Distributed by: CVS Pharmacy, Inc. One CVS Drive, Woonsocket, RI 02895     ","39,744 units","Lack of Assurance of Sterility","07/02/2019","11/15/2019","N/A","11/27/2019","17296 10/19   18094 04/20   18206 08/20"
"Drugs","No","","83265","Completed","Altaire Pharmaceuticals, Inc.","311 W Ln","PO Box 849","Aquebogue","NY","	11931-0849","United States","Voluntary: Firm initiated","Two or more of the following: Email, Fax, Letter, Press Release, Telephone, Visit","U.S.A. Nationwide","D-0404-2020","Class II","CVS Health Lubricant Eye Drops Advanced Relief, Item#: 563419, Product Size: 10 mL, Distributed by: CVS Pharmacy, Inc. One CVS Drive, Woonsocket, RI 02895    ","48,168 units","Lack of Assurance of Sterility","07/02/2019","11/15/2019","N/A","11/27/2019","17285 09/19   18067 03/20   18205 08/20   18067 3/20"
"Drugs","No","","83265","Completed","Altaire Pharmaceuticals, Inc.","311 W Ln","PO Box 849","Aquebogue","NY","	11931-0849","United States","Voluntary: Firm initiated","Two or more of the following: Email, Fax, Letter, Press Release, Telephone, Visit","U.S.A. Nationwide","D-0405-2020","Class II","CVS Health Fast Acting Lubricant Eye Drops Preservative Free, Item#: 994882, Product Size: 0.6 mL x 24 ct, Distributed by: CVS Pharmacy, Inc. One CVS Drive, Woonsocket, RI 02895  ","58,704 units","Lack of Assurance of Sterility","07/02/2019","11/15/2019","N/A","11/27/2019","RIN 09/19   RKP 11/19    SAR 01/20   SCG 03/20   SED 5/20   SLC 12/20   TBE 02/21   TBL 02/21"
"Drugs","No","","83265","Completed","Altaire Pharmaceuticals, Inc.","311 W Ln","PO Box 849","Aquebogue","NY","	11931-0849","United States","Voluntary: Firm initiated","Two or more of the following: Email, Fax, Letter, Press Release, Telephone, Visit","U.S.A. Nationwide","D-0406-2020","Class II","CVS Health Preservative Free Lubricant Eye Drops Fast Acting, Item#: 258625 Product Size: 0.6 mL x 60 ct, Distributed by: CVS Pharmacy, Inc. One CVS Drive, Woonsocket, RI 02895  ","39,072 units","Lack of Assurance of Sterility","07/02/2019","11/15/2019","N/A","11/27/2019","RHD 08/19   RIF 09/19   RIN 09/19    RKP 11/19   SAR 01/20   SCG 03/20   SED 5/20"
"Drugs","No","","83265","Completed","Altaire Pharmaceuticals, Inc.","311 W Ln","PO Box 849","Aquebogue","NY","	11931-0849","United States","Voluntary: Firm initiated","Two or more of the following: Email, Fax, Letter, Press Release, Telephone, Visit","U.S.A. Nationwide","D-0407-2020","Class II","CVS Health Lubricant Eye Drops (Propylene Glycol 0.6%) Lasting Dry Eye Relief, Sterile, 0.33 fl. oz. (10 mL), Item #968210, Distributed by: CVS Pharmacy Inc., One CVS Drive, Woonsocket, RI 02895  ","66,159 units","Lack of Assurance of Sterility","07/02/2019","11/15/2019","N/A","11/27/2019","17291 9/19   17385 12/19   18118 5/20   18266 10/20"
"Drugs","No","","83265","Completed","Altaire Pharmaceuticals, Inc.","311 W Ln","PO Box 849","Aquebogue","NY","	11931-0849","United States","Voluntary: Firm initiated","Two or more of the following: Email, Fax, Letter, Press Release, Telephone, Visit","U.S.A. Nationwide","D-0409-2020","Class II","CVS Health Lubricant Eye Drops Lasting Dry Eye Relief, Twin Pack, Item#: 495323, Product Size: 2 x 10 mL, Distributed by: CVS Pharmacy, Inc. One CVS Drive, Woonsocket, RI 02895","37656 units","Lack of Assurance of Sterility","07/02/2019","11/15/2019","N/A","11/27/2019","17291 9/19   17385 12/19   18118 5/20"
"Drugs","No","","83265","Completed","Altaire Pharmaceuticals, Inc.","311 W Ln","PO Box 849","Aquebogue","NY","	11931-0849","United States","Voluntary: Firm initiated","Two or more of the following: Email, Fax, Letter, Press Release, Telephone, Visit","U.S.A. Nationwide","D-0410-2020","Class II","CVS Health Maximum Redness Relief Lubricant Redness Reliever Eye Drops, Sterile, 0.5 fl. oz., (15 mL), Item #994880, Distributed by: CVS Pharmacy Inc., One CVS Drive, Woonsocket, RI 02895","483,528 units","Lack of Assurance of Sterility","07/02/2019","11/15/2019","N/A","11/27/2019","17251 8/19   17269 9/19   17360 12/19   18012 1/20   18106 4/20   18275 11/20   18275 11/20"
"Drugs","No","","83265","Completed","Altaire Pharmaceuticals, Inc.","311 W Ln","PO Box 849","Aquebogue","NY","	11931-0849","United States","Voluntary: Firm initiated","Two or more of the following: Email, Fax, Letter, Press Release, Telephone, Visit","U.S.A. Nationwide","D-0411-2020","Class II","CVS Health Redness Relief Lubricant Redness Reliever Eye Drops, Sterile, 0.5 fl. oz. (15 mL), Item #317912, Distributed by: CVS Pharmacy Inc., One CVS Drive, Woonsocket, RI 02895","464,424 units","Lack of Assurance of Sterility","07/02/2019","11/15/2019","N/A","11/27/2019","18229 9/21   18031 1/21   17131 5/20   17059 3/20    17008 1/20   19056 03/22"
"Drugs","No","","83265","Completed","Altaire Pharmaceuticals, Inc.","311 W Ln","PO Box 849","Aquebogue","NY","	11931-0849","United States","Voluntary: Firm initiated","Two or more of the following: Email, Fax, Letter, Press Release, Telephone, Visit","U.S.A. Nationwide","D-0412-2020","Class II","CVS Health Lubricant Eye Drops Multi-Symptom Eye Relief, Item#: 563431, 15 mL, Distributed by: CVS Pharmacy, Inc. One CVS Drive, Woonsocket, RI 02895  ","222,096 units","Lack of Assurance of Sterility","07/02/2019","11/15/2019","N/A","11/27/2019","18043 2/20  18115 5/20   18300 12/20    18300 12/20   18116 5/20   18115 5/20    18044 2/20   18043 2/20"
"Drugs","No","","83265","Completed","Altaire Pharmaceuticals, Inc.","311 W Ln","PO Box 849","Aquebogue","NY","	11931-0849","United States","Voluntary: Firm initiated","Two or more of the following: Email, Fax, Letter, Press Release, Telephone, Visit","U.S.A. Nationwide","D-0413-2020","Class II","CVS Health Lubricant Eye Ointment Sensitive Formula, Item#: 247885, 3.5 gram, Distributed by: CVS Pharmacy, Inc. One CVS Drive, Woonsocket, RI 02895  ","24,024 units","Lack of Assurance of Sterility","07/02/2019","11/15/2019","N/A","11/27/2019","QHE 08/19   QJD 10/19"
"Drugs","No","","83265","Completed","Altaire Pharmaceuticals, Inc.","311 W Ln","PO Box 849","Aquebogue","NY","	11931-0849","United States","Voluntary: Firm initiated","Two or more of the following: Email, Fax, Letter, Press Release, Telephone, Visit","U.S.A. Nationwide","D-0414-2020","Class II","iSolutions ActivEyes Nighttime Lubricant Eye Ointment Preservative Free, Sterile, Net Wt: 3.5 g (1.8 oz), Manufactured by: Altaire Pharmaceuticals, Inc. Aquebogue, NY 11931  NDC 59390-190-50  ","6,877 units","Lack of Assurance of Sterility","07/02/2019","11/15/2019","N/A","11/27/2019","SKG 11/21 12/28/2018   TAQ 01/22 04/23/2019"
"Drugs","No","","83265","Completed","Altaire Pharmaceuticals, Inc.","311 W Ln","PO Box 849","Aquebogue","NY","	11931-0849","United States","Voluntary: Firm initiated","Two or more of the following: Email, Fax, Letter, Press Release, Telephone, Visit","U.S.A. Nationwide","D-0415-2020","Class II","Altacaine (Tetracaine Hydrochloride) Ophthalmic Solution, USP, 0.5%, 15 mL, Rx only, Mfd. by: Altaire Pharmaceuticals Inc. Aquebogue, NY 111931, NDC 59390-181-13     ","306,479 units","Lack of Assurance of Sterility","07/02/2019","11/15/2019","N/A","11/27/2019","17205 07/19 08/31/2017   17206 07/19 09/13/2017   17271 09/19 11/08/2017   18003 01/20 03/06/2018   18097 04/20 05/11/2018   18166 07/20 07/26/2018   18227 09/20 10/05/2018   18246 10/20 11/16/2018   18317 12/20 12/18/2018   19080 03/21 04/22/2019   19106 04/21"
"Drugs","No","","83265","Completed","Altaire Pharmaceuticals, Inc.","311 W Ln","PO Box 849","Aquebogue","NY","	11931-0849","United States","Voluntary: Firm initiated","Two or more of the following: Email, Fax, Letter, Press Release, Telephone, Visit","U.S.A. Nationwide","D-0416-2020","Class II","ActivEyes Altachlore Sodium Chloride Hypertonicity Opthalmic Ointment, 5%, Manufactured by: Altaire Pharmaceuticals Inc.  Aquebogue, NY 11931, NDC 59390-184-50","46345 units","Lack of Assurance of Sterility","07/02/2019","11/15/2019","N/A","11/27/2019","SAP 1/20 3/16/2018   SFI 6/20 8/16/2018   SLA 12/20 1/4/2019   TBM 2/21"
"Drugs","No","","83265","Completed","Altaire Pharmaceuticals, Inc.","311 W Ln","PO Box 849","Aquebogue","NY","	11931-0849","United States","Voluntary: Firm initiated","Two or more of the following: Email, Fax, Letter, Press Release, Telephone, Visit","U.S.A. Nationwide","D-0417-2020","Class II","ActivEyes Altachlore Solution, 15 mL (1/2 FL OZ), Manufactured by Altaire Pharmaceuticals Inc., Aquebogue, NY 11931, NDC 59390-183-13   ","22494 units","Lack of Assurance of Sterility","07/02/2019","11/15/2019","N/A","11/27/2019","18008 1/20 8/13/2018   19050 2/22 3/18/2019   19105 4/22"
"Drugs","No","","83265","Completed","Altaire Pharmaceuticals, Inc.","311 W Ln","PO Box 849","Aquebogue","NY","	11931-0849","United States","Voluntary: Firm initiated","Two or more of the following: Email, Fax, Letter, Press Release, Telephone, Visit","U.S.A. Nationwide","D-0418-2020","Class II","ActivEyes Sterile Altalube Ointment, Net Wt 1/8 oz (3.5g), NDC 59390-198-50","161077 units","Lack of Assurance of Sterility","07/02/2019","11/15/2019","N/A","11/27/2019","RJH 10/20 1/10/2018   RLL 12/20 8/22/2018   SGH 07/21 8/23/2018   SIF 09/21 10/16/2018   SKC 11/21 12/12/2018   TCG 03/22"
"Drugs","No","","83265","Completed","Altaire Pharmaceuticals, Inc.","311 W Ln","PO Box 849","Aquebogue","NY","	11931-0849","United States","Voluntary: Firm initiated","Two or more of the following: Email, Fax, Letter, Press Release, Telephone, Visit","U.S.A. Nationwide","D-0419-2020","Class II","Altaire Ciprofloxacin Ophthalmic Solution, USP, 0.3%, Rx only 2.5 mL, Altaire Pharmaceuticals, Inc Aquebogue, NY 11931 NDC 59390-217-02","3060 units","Lack of Assurance of Sterility","07/02/2019","11/15/2019","N/A","11/27/2019","18164 7/20"
"Drugs","No","","83265","Completed","Altaire Pharmaceuticals, Inc.","311 W Ln","PO Box 849","Aquebogue","NY","	11931-0849","United States","Voluntary: Firm initiated","Two or more of the following: Email, Fax, Letter, Press Release, Telephone, Visit","U.S.A. Nationwide","D-0420-2020","Class II","Altaire Ciprofloxacin Ophthalmic Solution, USP,  0.3%, 10 mL,  Rx only, Altaire Pharmaceuticals, Inc. Aquebogue, NY 11931 NDC 59390-217-10","636 units","Lack of Assurance of Sterility","07/02/2019","11/15/2019","N/A","11/27/2019","18164 7/20"
"Drugs","No","","83265","Completed","Altaire Pharmaceuticals, Inc.","311 W Ln","PO Box 849","Aquebogue","NY","	11931-0849","United States","Voluntary: Firm initiated","Two or more of the following: Email, Fax, Letter, Press Release, Telephone, Visit","U.S.A. Nationwide","D-0421-2020","Class II","Altaire Diclofenac Sodium Opthalmic Solution, 0.1%, 2.5 mL, Rx only, Manufactured Altaire Pharmaceuticals, NDC 59390-149-02","390 units","Lack of Assurance of Sterility","07/02/2019","11/15/2019","N/A","11/27/2019","17247 8/19"
"Drugs","No","","83265","Completed","Altaire Pharmaceuticals, Inc.","311 W Ln","PO Box 849","Aquebogue","NY","	11931-0849","United States","Voluntary: Firm initiated","Two or more of the following: Email, Fax, Letter, Press Release, Telephone, Visit","U.S.A. Nationwide","D-0422-2020","Class II","Altaire Fluorescein Sodium with Proparacaine Hydrochloride Ophthalmic Solution, USP, 0.25%/0.5%, 5 mL (Sterile), Rx only, Manufactured by Altaire Pharmaceuticals, Inc. Aquebogue, NY 11931, NDC 59390-205-05","532,961 units","Lack of Assurance of Sterility","07/02/2019","11/15/2019","N/A","11/27/2019","17099 4/20 6/1/2017   17254 8/20 9/14/2017   17255 8/20 9/15/2017   17361 12/20 12/26/2017   17362 12/20 4/4/2018   18088 4/21 4/30/2018   18089 4/21 5/1/2018   18138 6/21 6/25/2018   18146 6/21 6/29/2018   18156 6/21 8/6/2018   18212 8/21 10/2/2018   18276 11/21 12/26/2018   19082 3/22 5/1/2019   19098 4/22 5/21/2019   16282 10/19 11/11/2016   16283 10/19"
"Drugs","No","","83265","Completed","Altaire Pharmaceuticals, Inc.","311 W Ln","PO Box 849","Aquebogue","NY","	11931-0849","United States","Voluntary: Firm initiated","Two or more of the following: Email, Fax, Letter, Press Release, Telephone, Visit","U.S.A. Nationwide","D-0423-2020","Class II","Altaire Sterile Eye Wash, 15 mL (1/2 fl oz), Altaire Pharmaceuticals, Inc. Aquebogue, NY 11931  NDC 59390-175-13   ","48,542 units","Lack of Assurance of Sterility","07/02/2019","11/15/2019","N/A","11/27/2019","17241 8/20 8/24/2017   17322 10/20 12/21/2017   18169 7/20 7/30/2018   19052 2/22"
"Drugs","No","","83136","Terminated","Infusion Options, Inc.","5924 13th Ave","N/A","Brooklyn","NY","	11219-4934","United States","Voluntary: Firm initiated","Letter","NY only","D-1819-2019","Class II","FERRIC CARBOXYMALTOSE 750mg/50ml NS IVPB, Rx Only, Infusion Options, Inc. 5924 13the Ave, Brooklyn, NY 11219-4934, 718-283-7233         ","N/A","Lack of Assurance of Sterility","06/12/2019","08/15/2019","03/21/2025","08/21/2019","All lots within expiry"
"Drugs","No","","83559","Terminated","American Health Packaging","2550 John Glenn Ave Ste A","N/A","Columbus","OH","	43217-1188","United States","Voluntary: Firm initiated","Letter","Nationwide USA","D-1821-2019","Class II","Carbamazepine, Extended-Release Tablets, USP, 400 mg, 30 Tablets (3 blister cards x 10 unit doses), Rx Only, Distributed by:  American Health Packaging, Columbus, Ohio 43217.  NDC Carton: 68084-562-21; NDC Unit Dose: 68084-562-11","457 cartons","Failed Dissolution Specifications","08/09/2019","08/15/2019","11/06/2020","08/21/2019","Lot 181677, exp 11/30/2020"
"Drugs","No","08/26/2019","83580","Terminated","SCA Pharmaceuticals, LLC","755 Rainbow Rd Ste B","N/A","Windsor","CT","	06095-1024","United States","Voluntary: Firm initiated","Letter","Nationwide in the U.S.","D-1843-2019","Class II","Ketamine 50 mg/5 mL in 0.9% Sodium Chloride Injection for IV or IM Use (concentration = 10 mg/mL), 6 mL Syringe, Rx Only, SCA Pharmaceuticals, Windsor, CT 06095, NDC 70004-0430-09.","922 syringes","Lack of Assurance of Sterility.","08/16/2019","08/26/2019","10/15/2019","08/28/2019","Lot #: 1219010961, Exp. 10/24/2019"
"Drugs","No","","83581","Terminated","Aurolife Pharma, LLC","2400 US Highway 130","N/A","Dayton","NJ","	08810-1519","United States","Voluntary: Firm initiated","Letter","Nationwide in the USA","D-1864-2019","Class II","Fexofenadine Hydrochrloride Tablets USP, 180 mg, 100-count bottle, Distributed by: Aurohealth LLC., 2572 Brunswick Pike, Lawrenceville, NJ  08648, NDC 58602-711-21","8,240 bottles","Failed Impurities/Degradation Specifications","08/23/2019","09/17/2019","08/16/2022","09/25/2019","Lot #: 067180008A, Exp 03/21"
"Drugs","No","","83581","Terminated","Aurolife Pharma, LLC","2400 US Highway 130","N/A","Dayton","NJ","	08810-1519","United States","Voluntary: Firm initiated","Letter","Nationwide in the USA","D-1865-2019","Class II","Allergy Relief (Fexofenadine Hydrochrloride) Tablets USP, 180 mg, packaged in a) 15-count cartons (NDC 60000-409-53); b) 30-count cartons (NDC 60000-409-30); c) 45-count bonus cartons (NDC 60000-409-48); d) 45-count cartons (NDC 60000-409-45); CAREone, Distributed by: Foodhold U.S.A., LLC, Landover, MD 20785.","a) 9662 cartons; b) 7382 cartons; c) 5184 cartons; d) 9842 cartons","Failed Impurities/Degradation Specifications","08/23/2019","09/17/2019","08/16/2022","09/25/2019","Lot #s: a) 067180025D1, Exp 07/21; b) 067180025B1, Exp 07/21; c) 067180025A1, Exp 07/21; d) 067180025C1, Exp 07/21"
"Drugs","No","","83581","Terminated","Aurolife Pharma, LLC","2400 US Highway 130","N/A","Dayton","NJ","	08810-1519","United States","Voluntary: Firm initiated","Letter","Nationwide in the USA","D-1866-2019","Class II","Allergy Relief (fexofenadine hydrochrloride) tablets, 180 mg, 5-count carton, Good Neighbor Pharmacy, Distributed By Amerisource Bergen, 1300 Morris Drive, Chesterbrook, PA 19087, NDC 46122-387-23.","3240 cartons","Failed Impurities/Degradation Specifications","08/23/2019","09/17/2019","08/16/2022","09/25/2019","Lot #: 067180024A1, Exp 07/21"
"Drugs","No","","83581","Terminated","Aurolife Pharma, LLC","2400 US Highway 130","N/A","Dayton","NJ","	08810-1519","United States","Voluntary: Firm initiated","Letter","Nationwide in the USA","D-1867-2019","Class II","fexofenadine hydrochloride tablets USP, 180 mg, 150-count bottle, Member's Mark, Distributed by: Sam's West, Inc., Bentonville, AR 22716, NDC 68196-976-91, UPC 0 78742 23550 9.","71,748 bottles","Failed Impurities/Degradation Specifications","08/23/2019","09/17/2019","08/16/2022","09/25/2019","Lot #'s: 067180009A, Exp 03/21; 067180013A, 067180014A, 067180015A, Exp 04/21; 067180018A, Exp 05/21; 067180020A, Exp 06/21; 067180021A1, 067180022A1, Exp 07/21; 06718028A1, 06718028B1, Exp 09/21; 06719001A3, Exp 01/22"
"Drugs","No","","83581","Terminated","Aurolife Pharma, LLC","2400 US Highway 130","N/A","Dayton","NJ","	08810-1519","United States","Voluntary: Firm initiated","Letter","Nationwide in the USA","D-1868-2019","Class II","Fexofenadine Hydrochloride Tablets USP, 180 mg, packaged in a) 30-count carton (NDC 70677-0008-2) and b) 15-count carton (NDC 70677-0008-1), sunmark, Distributed by McKesson, One Post Street, San Francisco, CA  94104.","a) 11,928 cartons; b) 288 cartons","Failed Impurities/Degradation Specifications","08/23/2019","09/17/2019","08/16/2022","09/25/2019","Lot #s: a) 067180016B, Exp 05/21 and b) 067180024F1, Exp 07/21"
"Drugs","No","","83581","Terminated","Aurolife Pharma, LLC","2400 US Highway 130","N/A","Dayton","NJ","	08810-1519","United States","Voluntary: Firm initiated","Letter","Nationwide in the USA","D-1869-2019","Class II","Allergy Relief (Fexofenadine HCl) tablets USP, 180 mg, 15-count cartons, equate, Distributed by: Wal-Mart Stores, Inc., Bentonville, AR  72716, NDC 49035-995-62.","129,600 cartons","Failed Impurities/Degradation Specifications","08/23/2019","09/17/2019","08/16/2022","09/25/2019","Lot #s: 067180010A, Exp 03/21; 067180023C1, 067180024D1, Exp 07/21"
"Drugs","No","","83597","Terminated","Macleods Pharma Usa Inc","666 Plainsboro Rd Bldg 200 Ste 230","N/A","Plainsboro","NJ","	08536-0009","United States","Voluntary: Firm initiated","Letter","Distributed Nationwide in the USA","D-1851-2019","Class III","Pramipexole Dihydrochloride Tablets 0.125 mg,90-count bottle, Rx Only, Manufactured for: Macleods Pharma USA, Inc. Plainsboro, NJ 08536,  Manufactured by: Macleods Phamaceuticals Ltd. Baddi Himachal Pradesh, India. NDC 33342-031-10","1837 90-count bottles","Subpotent Drug: Out of specification result during stability study in Pramipexole Dihydrochloride Tablets 0.125 mg","08/21/2019","09/11/2019","01/28/2021","09/18/2019","Lot #BPA801A, EXP 12/2020"
"Drugs","No","","83265","Completed","Altaire Pharmaceuticals, Inc.","311 W Ln","PO Box 849","Aquebogue","NY","	11931-0849","United States","Voluntary: Firm initiated","Two or more of the following: Email, Fax, Letter, Press Release, Telephone, Visit","U.S.A. Nationwide","D-0424-2020","Class II","Altaire Sterile Eye Wash, 30 mL (1 fl oz.), Altaire Pharmaceuticals, Inc. Aquebogue, NY 11931, NDC 59390-175-18","414,346 units","Lack of Assurance of Sterility","07/02/2019","11/15/2019","N/A","11/27/2019","17200 7/19   17322 10/20   18026 1/21   18100 4/21   18236 9/21   19052 2/22"
"Drugs","No","","83265","Completed","Altaire Pharmaceuticals, Inc.","311 W Ln","PO Box 849","Aquebogue","NY","	11931-0849","United States","Voluntary: Firm initiated","Two or more of the following: Email, Fax, Letter, Press Release, Telephone, Visit","U.S.A. Nationwide","D-0425-2020","Class II","Altaire Sterile Eye Wash, 118 mL (4 fl oz), Altaire Pharmaceuticals, Inc. Aquebogue, NY 11931, NDC 59390-175-35","809,600 units","Lack of Assurance of Sterility","07/02/2019","11/15/2019","N/A","11/27/2019","17087 3/20   17088 3/20  17109 4/20   17110 4/20  17306 10/20   17307 10/20   17318 10/20   17323 10/20   18014 1/21   18045 2/21   18059 3/21   18063 3/21   18117 5/21   18134 5/21   18228 9/21   18261 10/21   19119 4/22   16207 8/19   16233 8/19   16250 9/19   16268 10/19   16301 11/19"
"Drugs","No","","83265","Completed","Altaire Pharmaceuticals, Inc.","311 W Ln","PO Box 849","Aquebogue","NY","	11931-0849","United States","Voluntary: Firm initiated","Two or more of the following: Email, Fax, Letter, Press Release, Telephone, Visit","U.S.A. Nationwide","D-0426-2020","Class II","Altaire Goniotaire Hypromellose 2.5% Opthlamic Demulcent Solution (Sterile), 1/2 fl oz 15 mL, Mfd. by: Altaire Pharmaceuticals, Inc. Aquebogue, NY 11931, NDC 59390-182-13","202266 units","Lack of Assurance of Sterility","07/02/2019","11/15/2019","N/A","11/27/2019","17112 4/20   17303 10/20   18032 2/21   18072 3/21   18193 8/20   18235 9/21   18285 11/21   19004 1/22   19102 4/22   16260 9/19"
"Drugs","No","","83265","Completed","Altaire Pharmaceuticals, Inc.","311 W Ln","PO Box 849","Aquebogue","NY","	11931-0849","United States","Voluntary: Firm initiated","Two or more of the following: Email, Fax, Letter, Press Release, Telephone, Visit","U.S.A. Nationwide","D-0427-2020","Class II","iSolutions NanoTears HA Preservative Free Multi - Dose Lubricant Gel Drops Sterile, 0.33 FL OZ (10 mL), Manufactured by Altaire Pharmaceuticals, Inc. Aquebogue, NY 11931, NDC 59390-208-10","137 units","Lack of Assurance of Sterility","07/02/2019","11/15/2019","N/A","11/27/2019","19122 4/21"
"Drugs","No","","83265","Completed","Altaire Pharmaceuticals, Inc.","311 W Ln","PO Box 849","Aquebogue","NY","	11931-0849","United States","Voluntary: Firm initiated","Two or more of the following: Email, Fax, Letter, Press Release, Telephone, Visit","U.S.A. Nationwide","D-0428-2020","Class II","iSolutions Nano Tears MO Clear Emollient Lubricant Drops Intensive Sterile, 10 mL, Manufactured by Altaire Pharmaceuticals, Inc. Aquebogue, NY 11931, NDC 59390- 145-10     ","2,392 units","Lack of Assurance of Sterility","07/02/2019","11/15/2019","N/A","11/27/2019","18052 2/20"
"Drugs","No","","83265","Completed","Altaire Pharmaceuticals, Inc.","311 W Ln","PO Box 849","Aquebogue","NY","	11931-0849","United States","Voluntary: Firm initiated","Two or more of the following: Email, Fax, Letter, Press Release, Telephone, Visit","U.S.A. Nationwide","D-0429-2020","Class II","iSolutions Nano Tears MXP Forte Clear Emollient Lubricant Gel Drops, 10 mL, Mfd. By: by Altaire Pharmaceuticals, Inc. Aquebogue, NY 11931, NDC 59390-144-10         ","13,407 units","Lack of Assurance of Sterility","07/02/2019","11/15/2019","N/A","11/27/2019","17367 12/19   18102 4/20   18174 7/20"
"Drugs","No","","83265","Completed","Altaire Pharmaceuticals, Inc.","311 W Ln","PO Box 849","Aquebogue","NY","	11931-0849","United States","Voluntary: Firm initiated","Two or more of the following: Email, Fax, Letter, Press Release, Telephone, Visit","U.S.A. Nationwide","D-0430-2020","Class II","iSolutions Nano Tears TF Clear Emollient Lubricant Gel Drops Preservative Free Multi-Dose Mild Dry Eye Therapy, 0.25 FL OZ (7.5 mL), Mfd. By: by Altaire Pharmaceuticals, Inc. Aquebogue, NY 11931, NDC 59390-141-52                 ","24 units","Lack of Assurance of Sterility","07/02/2019","11/15/2019","N/A","11/27/2019","19123 4/21"
"Drugs","No","","83265","Completed","Altaire Pharmaceuticals, Inc.","311 W Ln","PO Box 849","Aquebogue","NY","	11931-0849","United States","Voluntary: Firm initiated","Two or more of the following: Email, Fax, Letter, Press Release, Telephone, Visit","U.S.A. Nationwide","D-0431-2020","Class II","iSolutions Nano Tears MXP Forte Clear Emollient Lubricant Gel Drops Preservative Free, Product Size: 0.6 mL x 32 ct, Mfd. By: by Altaire Pharmaceuticals, Inc. Aquebogue, NY 11931, NDC 59390-147-56            ","48,973 units","Lack of Assurance of Sterility","07/02/2019","11/15/2019","N/A","11/27/2019","RGK 7/19   SDA 4/20   SFH 6/20   TAN 1/21"
"Drugs","No","","83265","Completed","Altaire Pharmaceuticals, Inc.","311 W Ln","PO Box 849","Aquebogue","NY","	11931-0849","United States","Voluntary: Firm initiated","Two or more of the following: Email, Fax, Letter, Press Release, Telephone, Visit","U.S.A. Nationwide","D-0432-2020","Class II","Nano Tears TF Clear Emollient Lubricant Gel Drops Preservative Free, Product Size: 0.6 mL x 32 ct., Mfd. By: by Altaire Pharmaceuticals, Inc. Aquebogue, NY 11931, NDC 59390-141-56           ","13,375 units","Lack of Assurance of Sterility","07/02/2019","11/15/2019","N/A","11/27/2019","RGI 7/19   SDB 4/20   TAA 1/21"
"Drugs","No","","83265","Completed","Altaire Pharmaceuticals, Inc.","311 W Ln","PO Box 849","Aquebogue","NY","	11931-0849","United States","Voluntary: Firm initiated","Two or more of the following: Email, Fax, Letter, Press Release, Telephone, Visit","U.S.A. Nationwide","D-0433-2020","Class II","Nano Tears TF Clear Emollient Lubricant Gel Drops Twin Pack, Product Size: 2 x 15 mL, Mfd. By: by Altaire Pharmaceuticals, Inc. Aquebogue, NY 11931, NDC 59390-142-49  ","1,666 units","Lack of Assurance of Sterility","07/02/2019","11/15/2019","N/A","11/27/2019","18033 2/20"
"Drugs","No","","83265","Completed","Altaire Pharmaceuticals, Inc.","311 W Ln","PO Box 849","Aquebogue","NY","	11931-0849","United States","Voluntary: Firm initiated","Two or more of the following: Email, Fax, Letter, Press Release, Telephone, Visit","U.S.A. Nationwide","D-0434-2020","Class II","iSolutions Nano Tears TF Clear Emollient Lubricant Gel Drops Tear Film Replenishment Mild Sterile, 0.5 FL OZ (15 mL),  Manufactured by: Altaire Pharmaceuticals, Inc. Aquebogue, NY 11931, NDC  59390-142-13","4409 units","Lack of Assurance of Sterility","07/02/2019","11/15/2019","N/A","11/27/2019","Lot #: 17366, Exp 12/19"
"Drugs","No","","83265","Completed","Altaire Pharmaceuticals, Inc.","311 W Ln","PO Box 849","Aquebogue","NY","	11931-0849","United States","Voluntary: Firm initiated","Two or more of the following: Email, Fax, Letter, Press Release, Telephone, Visit","U.S.A. Nationwide","D-0435-2020","Class II","iSolutions Nano Tears XP Clear Emollient Lubricant Gel Drops Moderate Sterile, 1/3 FL OZ (10 mL), Mfd.  By: Altaire Pharmaceuticals, Inc. Aquebogue, NY 11931, NDC 59390-143-10   ","12,716 units","Lack of Assurance of Sterility","07/02/2019","11/15/2019","N/A","11/27/2019","17366 12/19   18103 /20   18173 7/20"
"Drugs","No","","83265","Completed","Altaire Pharmaceuticals, Inc.","311 W Ln","PO Box 849","Aquebogue","NY","	11931-0849","United States","Voluntary: Firm initiated","Two or more of the following: Email, Fax, Letter, Press Release, Telephone, Visit","U.S.A. Nationwide","D-0436-2020","Class II","Ofloxacin Ophthalmic Solution, USP, 0.3%, 5 mL, Rx only, Altaire Pharmaceuticals, Inc., NDC 59390-140-05","102,939 units","Lack of Assurance of Sterility","07/02/2019","11/15/2019","N/A","11/27/2019","17244 8/19   18057 3/20   518307 12/20"
"Drugs","No","","83265","Completed","Altaire Pharmaceuticals, Inc.","311 W Ln","PO Box 849","Aquebogue","NY","	11931-0849","United States","Voluntary: Firm initiated","Two or more of the following: Email, Fax, Letter, Press Release, Telephone, Visit","U.S.A. Nationwide","D-0437-2020","Class II","ActivEyes Preservative Free Multi-Dose Lubricant Gel Drops Long Lasting PF Sterile, 0.25 FL OZ (7.5 mL), Manufactured by: Altaire Pharmaceuticals, Inc. Aquebogue, NY 11931, NDC 59390-148-52  ","88 units","Lack of Assurance of Sterility","07/02/2019","11/15/2019","N/A","11/27/2019","19015 1/21"
"Drugs","No","","83265","Completed","Altaire Pharmaceuticals, Inc.","311 W Ln","PO Box 849","Aquebogue","NY","	11931-0849","United States","Voluntary: Firm initiated","Two or more of the following: Email, Fax, Letter, Press Release, Telephone, Visit","U.S.A. Nationwide","D-0438-2020","Class II","ActivEyes Preservative Free Multi-Dose Lubricant Drops Sensitive PF Sterile, 0.25 FL OZ (7.5 mL), Manufactured by: Altaire Pharmaceuticals, Inc. Aquebogue, NY 11931, NDC 59390-146-52","47 units","Lack of Assurance of Sterility","07/02/2019","11/15/2019","N/A","11/27/2019","18099 4/20"
"Drugs","No","","83265","Completed","Altaire Pharmaceuticals, Inc.","311 W Ln","PO Box 849","Aquebogue","NY","	11931-0849","United States","Voluntary: Firm initiated","Two or more of the following: Email, Fax, Letter, Press Release, Telephone, Visit","U.S.A. Nationwide","D-0439-2020","Class II","ActivEyes Lubricant Eye Ointment Preservative Free, Product Size: 3.5 gram, Manufactured by: Altaire Pharmaceuticals, Inc. Aquebogue, NY 11931,NDC 59390-189-50","48 units","Lack of Assurance of Sterility","07/02/2019","11/15/2019","N/A","11/27/2019","SFE 06/21"
"Drugs","No","","83265","Completed","Altaire Pharmaceuticals, Inc.","311 W Ln","PO Box 849","Aquebogue","NY","	11931-0849","United States","Voluntary: Firm initiated","Two or more of the following: Email, Fax, Letter, Press Release, Telephone, Visit","U.S.A. Nationwide","D-0440-2020","Class II","OCuSOFT Homatropine Hydrobromide Ophthalmic Solution, 5%, 5 mL, Rx only, Manufactured for Ocusoft, Inc, Rosenberg, TX 77471, Mfd. by Altaire Pharmaceuticals, Inc, Aquebogue, NY 11931 NDC 54799-431-05","81403 units","Lack of Assurance of Sterility","07/02/2019","11/15/2019","N/A","11/27/2019","17186    6/20        17345    11/20        19010    1/22      17041     2/2020      16217    8/19"
"Drugs","No","","83265","Completed","Altaire Pharmaceuticals, Inc.","311 W Ln","PO Box 849","Aquebogue","NY","	11931-0849","United States","Voluntary: Firm initiated","Two or more of the following: Email, Fax, Letter, Press Release, Telephone, Visit","U.S.A. Nationwide","D-0441-2020","Class II","Tetcaine (Tetracaine Hydrochloride) Ophthalmic Solution USP, 0. 5 fl oz (15 mL), Rx only, Manufactured for OCuSOFT, Inc. Rosenberg, TX 77471 USA, NDC 54799-502-15","88,008 units","Lack of Assurance of Sterility","07/02/2019","11/15/2019","N/A","11/27/2019","17205    7/19        17206    7/19        18003    1/20      18097    4/20        18166    7/20      18292    11/20        19106    4/21"
"Drugs","No","","83265","Completed","Altaire Pharmaceuticals, Inc.","311 W Ln","PO Box 849","Aquebogue","NY","	11931-0849","United States","Voluntary: Firm initiated","Two or more of the following: Email, Fax, Letter, Press Release, Telephone, Visit","U.S.A. Nationwide","D-0442-2020","Class II","OCuSOFT Goniosoft Hypromellose 2.5% Ophthalmic Demulcent Solution, Net Wt. 0.5 fl oz (15 mL), Mfd. for: OCuSOFT Inc. PO Box 429 Richmond, TX 77406-0429, NDC 54799-503-15","75996 units","Lack of Assurance of Sterility","07/02/2019","11/15/2019","N/A","11/27/2019","17303    10/20      18032    2/21        18235    9/21      18285    11/21        19021    1/22      16260    9/19"
"Drugs","No","","83265","Completed","Altaire Pharmaceuticals, Inc.","311 W Ln","PO Box 849","Aquebogue","NY","	11931-0849","United States","Voluntary: Firm initiated","Two or more of the following: Email, Fax, Letter, Press Release, Telephone, Visit","U.S.A. Nationwide","D-0443-2020","Class II","OCuSOFT Tetravisc Forte (Tetracaine HCl) 0.5% Sterile Anesthetic, 0.6 mL Single Dose (12/CT), Rx only, OCuSOFT, Inc. PO Box 492 Richmond TX 77406-0429 800-233-5469 Made in USA, Mfg. By: Altaire Pharmaceuticals, Inc. Aquebogue, NY 11931, NDC  54799-504-01","9518 units","Lack of Assurance of Sterility","07/02/2019","11/15/2019","N/A","11/27/2019","17217    7/19    11/10/2017    18256    10/20    17236 8/31/2019  17334 11 /30/2019  18015 1/31/2020"
"Drugs","No","","83265","Completed","Altaire Pharmaceuticals, Inc.","311 W Ln","PO Box 849","Aquebogue","NY","	11931-0849","United States","Voluntary: Firm initiated","Two or more of the following: Email, Fax, Letter, Press Release, Telephone, Visit","U.S.A. Nationwide","D-0444-2020","Class II","OCuSOFT Tetravisc Forte Tetracaine HCl 0.5 % Sterile Anesthetic, Rx only, 5 mL, Mfd. For OCuSOFT, Inc. Rosenberg, TX 77471 Mfg. By: Altaire Pharmaceuticals, Inc., Aquebogue, NY 11931, NDC 54799-504-05","103856 units","Lack of Assurance of Sterility","07/02/2019","11/15/2019","N/A","11/27/2019","Lot #: 17198, Exp 7/19; 17199, Exp 7/19; 17233, Exp 8/19; 17337, Exp 11/19; 17338, Exp 11/19; 18248, Exp 10/20"
"Drugs","No","","83265","Completed","Altaire Pharmaceuticals, Inc.","311 W Ln","PO Box 849","Aquebogue","NY","	11931-0849","United States","Voluntary: Firm initiated","Two or more of the following: Email, Fax, Letter, Press Release, Telephone, Visit","U.S.A. Nationwide","D-0445-2020","Class II","OCuSOFT Tetravisc Tetracaine HCl 0.5% Sterile Anesthetic Single Dose 0.6 mL, Rx only, Mfd. for OCuSOFT, Inc. PO Box 429 Richmond, TX 77406-0429 800-233-5469 Made in USA, Mfd. by: Altaire Pharmaceuticals, Inc. Aquebogue, NY 11931, NDC 54799-505-01","14091 cartons.","Lack of Assurance of Sterility","07/02/2019","11/15/2019","N/A","11/27/2019","17236    8/19      17334    11/19        18015    1/20"
"Drugs","No","","83265","Completed","Altaire Pharmaceuticals, Inc.","311 W Ln","PO Box 849","Aquebogue","NY","	11931-0849","United States","Voluntary: Firm initiated","Two or more of the following: Email, Fax, Letter, Press Release, Telephone, Visit","U.S.A. Nationwide","D-0446-2020","Class II","OCuSOFT Tetravisc Tetracaine HCl 0.5% Sterile Anesthetic, 5 mL, Mfd. for OCuSOFT, Inc. PO Box 429 Richmond, TX 77406-0429 Made in USA, NDC  54799-505-05","105609 units","Lack of Assurance of Sterility","07/02/2019","11/15/2019","N/A","11/27/2019","17232    8/19    17334    11/19    18249    10/20    19125    4/21"
"Drugs","No","","83265","Completed","Altaire Pharmaceuticals, Inc.","311 W Ln","PO Box 849","Aquebogue","NY","	11931-0849","United States","Voluntary: Firm initiated","Two or more of the following: Email, Fax, Letter, Press Release, Telephone, Visit","U.S.A. Nationwide","D-0447-2020","Class II","OCuSOFT Eye Wash Sterile Isotonic Buffered Solution, 1 FL OZ (30 mL), Manufactured for OCuSOFT, Inc. Richmond, TX 77406-0429, NDC  54799-565-01","55,134 units","Lack of Assurance of Sterility","07/02/2019","11/15/2019","N/A","11/27/2019","18026    1/21    18100    4/21        19052    2/22        19130    5/22"
"Drugs","No","","83265","Completed","Altaire Pharmaceuticals, Inc.","311 W Ln","PO Box 849","Aquebogue","NY","	11931-0849","United States","Voluntary: Firm initiated","Two or more of the following: Email, Fax, Letter, Press Release, Telephone, Visit","U.S.A. Nationwide","D-0448-2020","Class II","OCuSOFT Eye Wash Sterile Isotonic, 4 FL OZ (118 mL), Manufactured for OCuSOFT, INC Richmond, TX 7406-0429 Mfd. By: Altaire Pharmaceuticals, Inc. Aquebogue, NY 11931 Made in USA, NDC 54799-565-59","296,314 units","Lack of Assurance of Sterility","07/02/2019","11/15/2019","N/A","11/27/2019","16268    10/19    11/07/2016    16301    11/19    12/09/2016    17088    3/20    4/28/2017    17109    4/20    6/14/2017    17318    10/20    11/10/2017    17323    10/20    1/12/2018    18014    1/21    2/21/2018    18045    2/21    3/16/2018    18059    3/21    5/25/2018    18063    3/21      18117    5/21        18134    5/2"
"Drugs","No","","83265","Completed","Altaire Pharmaceuticals, Inc.","311 W Ln","PO Box 849","Aquebogue","NY","	11931-0849","United States","Voluntary: Firm initiated","Two or more of the following: Email, Fax, Letter, Press Release, Telephone, Visit","U.S.A. Nationwide","D-0449-2020","Class II","OCuSOFT Flucaine Proparacaine Hydrochloride and Fluorescein Sodium Ophthalmic Solution, USP (Sterile) 5 mL Rx only, Manufactured for OCuSOFT, Inc. Richmond, TX 77406-0429, NDC 54799-507-21","427,280 units","Lack of Assurance of Sterility","07/02/2019","11/15/2019","N/A","11/27/2019","17255    8/20        17362    12/20      18089    4/21        18138    6/21    6/22/2018    18146    6/21        18210    8/21        18211    8/21        18272    11/21        18273    11/21        18276    11/21    16283    10/31/2019"
"Drugs","No","","83265","Completed","Altaire Pharmaceuticals, Inc.","311 W Ln","PO Box 849","Aquebogue","NY","	11931-0849","United States","Voluntary: Firm initiated","Two or more of the following: Email, Fax, Letter, Press Release, Telephone, Visit","U.S.A. Nationwide","D-0450-2020","Class II","OCuSOFT Tears Again Lubricant Eye Drops, Net Wt. 15 mL (0.5 fl oz), Manufactured for OCuSOFT Inc. Rosenberg, TX 77471 USA, NDC 54799-904-15","81217 units","Lack of Assurance of Sterility","07/02/2019","11/15/2019","N/A","11/27/2019","17209  7/21    18168  7/22    18217  8/22    18260  10/22    19094  4/23"
"Drugs","No","","83265","Completed","Altaire Pharmaceuticals, Inc.","311 W Ln","PO Box 849","Aquebogue","NY","	11931-0849","United States","Voluntary: Firm initiated","Two or more of the following: Email, Fax, Letter, Press Release, Telephone, Visit","U.S.A. Nationwide","D-0451-2020","Class II","OCuSOFT Tears Again Sterile Lubricant Eye Drops, Net Wt 30mL (1 fl oz), Manufactured for OCuSOFT Inc., Rosenberg, TX 77471 USA, NDC 54799-904-30","29326 units","Lack of Assurance of Sterility","07/02/2019","11/15/2019","N/A","11/27/2019","17208    7/21      17209    7/21        19001    1/23"
"Drugs","No","","83265","Completed","Altaire Pharmaceuticals, Inc.","311 W Ln","PO Box 849","Aquebogue","NY","	11931-0849","United States","Voluntary: Firm initiated","Two or more of the following: Email, Fax, Letter, Press Release, Telephone, Visit","U.S.A. Nationwide","D-0452-2020","Class II","OCuSOFT retaine NaCl Sodium Chloride Hypertonicity Opthalmic Ointment, Net. wt. 1/8 oz (3.5 g), Sterile,   Distributed by OCuSOFT, Inc. Rosenberg, TX 77471 USA","19632 units","Lack of Assurance of Sterility","07/02/2019","11/15/2019","N/A","11/27/2019","Lot #: SAP    1/20      SFI    6/20        TCI    3/21"
"Drugs","No","","83265","Completed","Altaire Pharmaceuticals, Inc.","311 W Ln","PO Box 849","Aquebogue","NY","	11931-0849","United States","Voluntary: Firm initiated","Two or more of the following: Email, Fax, Letter, Press Release, Telephone, Visit","U.S.A. Nationwide","D-0453-2020","Class II","OCuSOFT retaine NaCl Sodium Chloride Hypertonicity Ophthalmic Ointment, 0.5 fl oz. (15mL), Distributed by OCuSOFT, Inc. Rosenberg, TX 77471 USA","13626  units","Lack of Assurance of Sterility","07/02/2019","11/15/2019","N/A","11/27/2019","Lot #: 18008    1/20        19105    4/22"
"Drugs","No","","83265","Completed","Altaire Pharmaceuticals, Inc.","311 W Ln","PO Box 849","Aquebogue","NY","	11931-0849","United States","Voluntary: Firm initiated","Two or more of the following: Email, Fax, Letter, Press Release, Telephone, Visit","U.S.A. Nationwide","D-0454-2020","Class II","CVS Health Extra Strength Lubricant Gel Drops Twin Pack, Item#: 258587, Product Size: 2 x 15 mL, Distributed by: CVS Pharmacy, Inc. One CVS Drive, Woonsocket, RI 02895","50,304 units","Lack of Assurance of Sterility","07/02/2019","11/15/2019","N/A","11/27/2019","Lot #: 19087 03/21   18122 5/20   17289 9/19"
"Drugs","No","","83497","Terminated","Akorn, Inc.","1925 W Field Ct Ste 300","N/A","Lake Forest","IL","	60045-4862","United States","Voluntary: Firm initiated","Letter","Nationwide in the U.S.","D-1840-2019","Class III","Eptifibatide Injection, 75 mg/100 mL (0.75 mg/mL), 100 mL Single-use Vial, For Intravenous Use Only, Rx Only, Manufactured by: Akorn Inc., Lake Forest, IL 60045, NDC 17478-903-90.","648 vials","Short Fill: fill volume was out of specification at 94 mL (specification: no less than 100 mL) and Failed Impurities/Degradation Specifications: Out of Specification (OOS) for known impurity, D-aspartic acid.","08/06/2019","08/23/2019","07/28/2022","09/04/2019","Lot #: 101107A, Exp. 10/19."
"Drugs","No","","83497","Terminated","Akorn, Inc.","1925 W Field Ct Ste 300","N/A","Lake Forest","IL","	60045-4862","United States","Voluntary: Firm initiated","Letter","Nationwide in the U.S.","D-1841-2019","Class III","Eptifibatide Injection, a) 20 mg/10 mL (2 mg/mL),10 mL Single Use Vial, NDC 17478-902-10, b) 200 mg/100 mL (2 mg/mL), 100 mL Single-use Vial, NDC 17478-902-90, For Intravenous Use Only, Rx Only, Manufactured by: Akorn Inc., Lake Forest, IL 60045.","8187 vials","Failed Impurities/Degradation Specifications: Out of Specification (OOS) for known impurity, D-aspartic acid.","08/06/2019","08/23/2019","07/28/2022","09/04/2019","Lot #s: a) 091307A, Exp. 9/19; 101097A, Exp. 10/19; b) 091277A, Exp. 9/19."
"Drugs","No","11/14/2019","83669","Terminated","First Royal Care Co. LLC, dba Red Mountain Compounding Pharmacy","6828 E Brown Rd Ste 101","N/A","Mesa","AZ","	85207-3761","United States","Voluntary: Firm initiated","Letter","Nationwide in the USA","D-0198-2020","Class II","S-AMITRIPTYLINE 10MG/ML MDV INJ SOLN, 30ML, glass vial, Rx Only, Red Mountain Compounding RX   ","2 x 30 mL vials","Lack of Assurance of Sterility","08/12/2019","11/05/2019","04/13/2023","11/13/2019","Lot #: S06272019DT@08, BUD: 9/27/2019"
"Drugs","No","11/14/2019","83669","Terminated","First Royal Care Co. LLC, dba Red Mountain Compounding Pharmacy","6828 E Brown Rd Ste 101","N/A","Mesa","AZ","	85207-3761","United States","Voluntary: Firm initiated","Letter","Nationwide in the USA","D-0199-2020","Class II","S-ASCORBIC ACID 500MG/ML MDV SOLN (NON-CORN), packaged in a) 50ML, b) 5ML,  c) 30ML, glass vial, RX Only, Red Mountain Compounding RX.     ","81 vials","Lack of Assurance of Sterility","08/12/2019","11/05/2019","04/13/2023","11/13/2019","Lot #:   a) S04112019DT@07,Exp 8/11/19; S05012019DT@01, 9/1/19;  S05142019DT@13, 9/14/19; S05282019DT@07, 9/28/19; S06042019DT@05, 10/4/19; S06182019DH@15, 10/18/19; S07102019DT@13, 12/10/19; S07172019DT@09, 12/17/19     b) S04172019DT@01, 8/17/19;    c) S07172019DT@09, 12/17/19"
"Drugs","No","11/14/2019","83669","Terminated","First Royal Care Co. LLC, dba Red Mountain Compounding Pharmacy","6828 E Brown Rd Ste 101","N/A","Mesa","AZ","	85207-3761","United States","Voluntary: Firm initiated","Letter","Nationwide in the USA","D-0200-2020","Class II","S-ASCORBIC/GLUTATHIONE 1.25/1.25% OPTH SOLN, 10ML dropper bottle, RX only, Red Mountain Compounding RX       ","2x 10 ml bottles","Lack of Assurance of Sterility","08/12/2019","11/05/2019","04/13/2023","11/13/2019","Lot #: S07222019DH@09, Exp 8/22/19"
"Drugs","No","11/14/2019","83669","Terminated","First Royal Care Co. LLC, dba Red Mountain Compounding Pharmacy","6828 E Brown Rd Ste 101","N/A","Mesa","AZ","	85207-3761","United States","Voluntary: Firm initiated","Letter","Nationwide in the USA","D-0201-2020","Class II","S-ATROPINE 0.01% OPHTHALMIC SOLUTION, packaged in a) 10ml and b) 50 ml dropper bottle, Rx only, Red Mountain Compounding RX.         ","6x10 ml,  1x50 ml dropper bottle","Lack of Assurance of Sterility","08/12/2019","11/05/2019","04/13/2023","11/13/2019","Lot #: a) S06112019DH@22, Exp 9/11/19; S06202019DT@10, Exp 9/20/19;  S07312019DH@07, Exp 10/31/19;   b) S07302019DH@07, Exp 10/30/19"
"Drugs","No","11/14/2019","83669","Terminated","First Royal Care Co. LLC, dba Red Mountain Compounding Pharmacy","6828 E Brown Rd Ste 101","N/A","Mesa","AZ","	85207-3761","United States","Voluntary: Firm initiated","Letter","Nationwide in the USA","D-0202-2020","Class II","S-ATROPINE 0.02% OPTHALMIC SOLUTION, 10 ML dropper bottle, RX only, Red Mountain Compounding RX           ","2x10 ml dropper bottles","Lack of Assurance of Sterility","08/12/2019","11/05/2019","04/13/2023","11/13/2019","Lot #:  S05232019DH@03, Exp 8/23/19; S07172019DT@03,Exp 10/17/19;"
"Drugs","No","11/14/2019","83669","Terminated","First Royal Care Co. LLC, dba Red Mountain Compounding Pharmacy","6828 E Brown Rd Ste 101","N/A","Mesa","AZ","	85207-3761","United States","Voluntary: Firm initiated","Letter","Nationwide in the USA","D-0203-2020","Class II","S-ATROPINE 0.5% OPTH SOLN, 10 ML dropper bottle, RX only, Red Mountain Compounding RX.             ","1x10 ml dropper bottle","Lack of Assurance of Sterility","08/12/2019","11/05/2019","04/13/2023","11/13/2019","Lot #: S05232019DH@04, Exp 8/23/19"
"Drugs","No","11/14/2019","83669","Terminated","First Royal Care Co. LLC, dba Red Mountain Compounding Pharmacy","6828 E Brown Rd Ste 101","N/A","Mesa","AZ","	85207-3761","United States","Voluntary: Firm initiated","Letter","Nationwide in the USA","D-0204-2020","Class II","S-B5/B6/B12M 100/50/10MG/ML MDV SOLN, 30ML glass vial, RX only, Red Mountain Compounding RX.              ","5x10 ml glass vials","Lack of Assurance of Sterility","08/12/2019","11/05/2019","04/13/2023","11/13/2019","Lot #: S05132019DH@02, Exp 8/13/19; S05142019DT@05, Exp 8/14/19; S07032019DT@10, Exp 10/3/19; S07182019DH@01, Exp 10/18/19"
"Drugs","No","11/14/2019","83669","Terminated","First Royal Care Co. LLC, dba Red Mountain Compounding Pharmacy","6828 E Brown Rd Ste 101","N/A","Mesa","AZ","	85207-3761","United States","Voluntary: Firm initiated","Letter","Nationwide in the USA","D-0205-2020","Class II","S-BENZALKONIUM CHLORIDE 0.013% SOLUTION, 1000ml plastic container, For irrigation use only, Rx only, Red Mountain Compounding Rx.                ","4x1000 plastic containers","Lack of Assurance of Sterility","08/12/2019","11/05/2019","04/13/2023","11/13/2019","Lot #: S03142019DT@09, Exp 9/14/19; S05052019DH@04, Exp 11/5/19; S06192019DT@03, Exp 12/19/19;  S06262019DT@12, Exp 12/26/19"
"Drugs","No","11/14/2019","83669","Terminated","First Royal Care Co. LLC, dba Red Mountain Compounding Pharmacy","6828 E Brown Rd Ste 101","N/A","Mesa","AZ","	85207-3761","United States","Voluntary: Firm initiated","Letter","Nationwide in the USA","D-0206-2020","Class II","S-CALCIUM CHLORIDE 100MG/ML  (PF) INJ SOLN, 10ml glass vial, Rx only, Red Mountain Compounding RX                    ","1x10 glass vial","Lack of Assurance of Sterility","08/12/2019","11/05/2019","04/13/2023","11/13/2019","Lot #: S07092019DT@14, Exp 8/9/19"
"Drugs","No","11/14/2019","83669","Terminated","First Royal Care Co. LLC, dba Red Mountain Compounding Pharmacy","6828 E Brown Rd Ste 101","N/A","Mesa","AZ","	85207-3761","United States","Voluntary: Firm initiated","Letter","Nationwide in the USA","D-0207-2020","Class II","S-CALCIUM GLUCONATE 10% INJECTION (PF), packaged in a) 10 ml b) 5ml glass vials, Red Mountain Compounding RX                      ","18x10 ml and 1x5 ml glass vials","Lack of Assurance of Sterility","08/12/2019","11/05/2019","04/13/2023","11/13/2019","Lot #:  a) 03072019DH@08, Exp 9/7/19;  S04042019DT@04, Exp 10/4/19;  S05012019DH@04, Exp 11/1/19; S05242019DT@12, Exp 11/24/19; S06182019DH@12 Exp 12/18/19; S06182019DH@32, Exp 12/18/19;  S07152019DH@02, Exp 1/15/20;     b) S06202019DT@05, Exp 12/20/19;"
"Drugs","No","11/14/2019","83669","Terminated","First Royal Care Co. LLC, dba Red Mountain Compounding Pharmacy","6828 E Brown Rd Ste 101","N/A","Mesa","AZ","	85207-3761","United States","Voluntary: Firm initiated","Letter","Nationwide in the USA","D-0208-2020","Class II","S-CALM INJECTION, (MAG S04/GABAPENTIN/TAURINE/THEANINE 50/50/50/50MG/ML) MDV,  10 ml glass vial, Red Mountain Compounding Rx                      ","N/A","Lack of Assurance of Sterility","08/12/2019","11/05/2019","04/13/2023","11/13/2019","Lot #: S07312019DH@15, Exp 8/31/19"
"Drugs","No","11/14/2019","83669","Terminated","First Royal Care Co. LLC, dba Red Mountain Compounding Pharmacy","6828 E Brown Rd Ste 101","N/A","Mesa","AZ","	85207-3761","United States","Voluntary: Firm initiated","Letter","Nationwide in the USA","D-0209-2020","Class II","S-CYANOCOBALAMIN 1,000 MCG/ML MDV INJ SOLN, packaged in a) 10ml and b) 30 ml glass vial, Rx Only, Red Mountain Compounding Rx.                        ","5x10 ml and 5x30 ml glass vials","Lack of Assurance of Sterility","08/12/2019","11/05/2019","04/13/2023","11/13/2019","Lot #: a) S05312019DT@03, Exp 8/31/19;S06032019DT@05, Exp 9/3/19 S06122019DT@07, Exp 9/12/19;     b) S05312019DT@07, Exp 8/31/19; S06122019DT@07, Exp 9/12/19;S06252019DH@11, Exp 9/25/19; S07172019DT@01, Exp 10/25/19"
"Drugs","No","11/14/2019","83669","Terminated","First Royal Care Co. LLC, dba Red Mountain Compounding Pharmacy","6828 E Brown Rd Ste 101","N/A","Mesa","AZ","	85207-3761","United States","Voluntary: Firm initiated","Letter","Nationwide in the USA","D-0210-2020","Class II","S-DEXTROSE/GLYCERIN/PHENOL 25/25/2.5% INJ SOLN, 30 ml glass vial, Rx Only, Red Mountain Compounding Rx                          ","8x30 ml glass vial","Lack of Assurance of Sterility","08/12/2019","11/05/2019","04/13/2023","11/13/2019","Lot #: S07292019DH@13, Exp 8/29/19"
"Drugs","No","","83672","Terminated","American Health Packaging","2550 John Glenn Ave Ste A","N/A","Columbus","OH","	43217-1188","United States","Voluntary: Firm initiated","Letter","Nationwide","D-1847-2019","Class III","Lamivudine Tablets, USP, 150 mg, 30 (3x10) count Unit Dose Blisters Carton, NDC 60687-362-21 (Individual Dose NDC: 60687-362-11), Distributed by American Health Packaging, Columbus, OH","60 cartons","Labeling: Incorrect or Missing Package Insert; an error in the  Dosage Forms and Strengths  section of the insert that incorrectly lists the tablet description coding for the tablets.","08/27/2019","09/06/2019","09/09/2020","09/18/2019","Lots 186509 and 186982, exp 6/30/2021"
"Drugs","No","11/14/2019","83669","Terminated","First Royal Care Co. LLC, dba Red Mountain Compounding Pharmacy","6828 E Brown Rd Ste 101","N/A","Mesa","AZ","	85207-3761","United States","Voluntary: Firm initiated","Letter","Nationwide in the USA","D-0211-2020","Class II","S-DEXPANTHENOL 250MG/ML MDV INJ SOLN, 30ML glass vials, RX Only, Red Mountain Compounding RX                              ","37x30 ml glass vials","Lack of Assurance of Sterility","08/12/2019","11/05/2019","04/13/2023","11/13/2019","Lot #: S03072019DH@08; Exp 9/7/19; S02142019DH@08, Exp 8/14/19; S03072019DH@07, Exp 9/7/19; 03072019DH@08, 9/7/19;  S03042019DH@07, Exp 9/4/19, S04172019DT@02, Exp 10/17/19; S05232019DT@10, Exp 11/23/19; S06242019DH@10, Exp 12/24/19; S07172019DT@07, Exp 1/17/20; S07242019DH@09, Exp 1/24/20"
"Drugs","No","11/14/2019","83669","Terminated","First Royal Care Co. LLC, dba Red Mountain Compounding Pharmacy","6828 E Brown Rd Ste 101","N/A","Mesa","AZ","	85207-3761","United States","Voluntary: Firm initiated","Letter","Nationwide in the USA","D-0212-2020","Class II","S-DEXTROSE 50% MDV SOLN, 50 ML glass vial, RX Only, Red Mountain Compounding RX                                  ","5x50 ml glass vial","Lack of Assurance of Sterility","08/12/2019","11/05/2019","04/13/2023","11/13/2019","Lot #:  S06092019DH@09, Exp 9/9/19; S06252019DT@11, 9/25/19; S07092019DT@07, Exp 10/9/19; S07092019DT@13, Exp 10/9/19;"
"Drugs","No","11/14/2019","83669","Terminated","First Royal Care Co. LLC, dba Red Mountain Compounding Pharmacy","6828 E Brown Rd Ste 101","N/A","Mesa","AZ","	85207-3761","United States","Voluntary: Firm initiated","Letter","Nationwide in the USA","D-0213-2020","Class II","S-DMPS 50MG/ML INJ SOLN (PF), 5 ml glass vial, Rx Only, Red Mountain Compounding RX.                                  ","1x5 ml glass vial","Lack of Assurance of Sterility","08/12/2019","11/05/2019","04/13/2023","11/13/2019","Lot #:  S05092019DH@06, Exp 8/9/19"
"Drugs","No","11/14/2019","83669","Terminated","First Royal Care Co. LLC, dba Red Mountain Compounding Pharmacy","6828 E Brown Rd Ste 101","N/A","Mesa","AZ","	85207-3761","United States","Voluntary: Firm initiated","Letter","Nationwide in the USA","D-0214-2020","Class II","S-DMSO 100% (PF) STERILE SOLUTION; packaged in a) 50 ml and b) 10 ml glass vials, Rx Only, Red Mountain Compounding Rx                                      ","10x50m ml and 1x10 ml glass vials","Lack of Assurance of Sterility","08/12/2019","11/05/2019","04/13/2023","11/13/2019","Lot #:a)  S04242019DT@15, Exp 10/24/19; S05012019DH@03, Exp 11/1/19; S05072019DT@10, Exp 11/7/19; S05072019DT@12, Exp 11/7/19; S06202019DT@03, Exp 12/20/19; S06202019DT@04, Exp 12/20/19;   S07222019DH@05, Exp 07/22/2019    b) S06272019DT@06, Exp 12/27/19;"
"Drugs","No","","83673","Terminated","Mylan Pharmaceuticals Inc.","781 Chestnut Ridge Rd","N/A","Morgantown","WV","	26505-2730","United States","Voluntary: Firm initiated","Letter","Nationwide in the USA","D-1848-2019","Class III","Gatifloxacin Ophthalmic Solution 0.5%, 2.5 mL per bottle, Rx Only, Mfd. for:  Mylan Pharmaceuticals Inc., Morgantown, WV 26505. Made in India. NDC: 0378-5431-35","13,157 5 mL bottles","Failed Impurities/Degradation Specifications:OOS for unknown impurity.","09/06/2019","09/09/2019","07/16/2020","09/18/2019","Lot GABH0003, EXP 7/2020"
"Drugs","No","11/14/2019","83669","Terminated","First Royal Care Co. LLC, dba Red Mountain Compounding Pharmacy","6828 E Brown Rd Ste 101","N/A","Mesa","AZ","	85207-3761","United States","Voluntary: Firm initiated","Letter","Nationwide in the USA","D-0215-2020","Class II","S-E2/TEST CYP 0.4MG/1MG/MLMDV IN OIL INJECTION, 10 ml glass vial, Rx Only, Red Mountain Compounding Rx.                                        ","1x10 glass vials","Lack of Assurance of Sterility","08/12/2019","11/05/2019","04/13/2023","11/13/2019","Lot #:  S06262019DT@08, Exp 9/26/19;"
"Drugs","No","11/14/2019","83669","Terminated","First Royal Care Co. LLC, dba Red Mountain Compounding Pharmacy","6828 E Brown Rd Ste 101","N/A","Mesa","AZ","	85207-3761","United States","Voluntary: Firm initiated","Letter","Nationwide in the USA","D-0216-2020","Class II","S-E2/TEST CYP 1MG/4MG SESAME OIL INJECTION, 10 ml glass vial, Rx Only, Red Mountain Compounding Rx.                                            ","2x10 ml glass vials","Lack of Assurance of Sterility","08/12/2019","11/05/2019","04/13/2023","11/13/2019","Lot #: S05212019DT@06 Exp, 5/21/19; S06262019DT@08, Exp 6/26/19"
"Drugs","No","11/14/2019","83669","Terminated","First Royal Care Co. LLC, dba Red Mountain Compounding Pharmacy","6828 E Brown Rd Ste 101","N/A","Mesa","AZ","	85207-3761","United States","Voluntary: Firm initiated","Letter","Nationwide in the USA","D-0217-2020","Class II","S-EDETATE CALCIUM 300MG/ML INJ SOLN, packaged in a) 50ml and b) 100ML glass vial, Rx Only, Red Mountain Compounding RX.                                               ","3x50ml, 6x100ml glass vials","Lack of Assurance of Sterility","08/12/2019","11/05/2019","04/13/2023","11/13/2019","Lot #: a) S04232019DT@07, Exp 8/23/19; S07302019DH@09, Exp 11/30/19, b) S05142019DT@14, Exp 9/14/19; S06182019DH@30, Exp 10/18/19; S06182019DH@13, Exp 10/18/19;"
"Drugs","No","11/14/2019","83669","Terminated","First Royal Care Co. LLC, dba Red Mountain Compounding Pharmacy","6828 E Brown Rd Ste 101","N/A","Mesa","AZ","	85207-3761","United States","Voluntary: Firm initiated","Letter","Nationwide in the USA","D-0218-2020","Class II","S-ESTRADIOL CYP 5MG/ML MDV INJ IN ETHYL OLEATE, packaged in a) 5ml, b) 10 ml, glass vials, Rx Only, Red Mountain Compounding RX                                                        ","11 5ml and 10ml glass vials","Lack of Assurance of Sterility","08/12/2019","11/05/2019","04/13/2023","11/13/2019","Lot #: S05092019DH@08, Exp 8/9/19; S06112019DH@14, Exp 9/11/19; S07222019DH@04, Exp 10/22/19;"
"Drugs","No","11/14/2019","83669","Terminated","First Royal Care Co. LLC, dba Red Mountain Compounding Pharmacy","6828 E Brown Rd Ste 101","N/A","Mesa","AZ","	85207-3761","United States","Voluntary: Firm initiated","Letter","Nationwide in the USA","D-0219-2020","Class II","S-ESTRADIOL VALERATE 20MG/ML MDV INJ IN ETHYL OLEATE, packaged in a) 5ml, b) 10ml, glass vial, RX Only, Red Mountain Compounding RX.                                                ","2x5ml, 1x10 ml glass vials","Lack of Assurance of Sterility","08/12/2019","11/05/2019","04/13/2023","11/13/2019","Lot #:  S07232019DH@10, Exp 10/23/19; S08012019DH@03, Exp 11/1/19;"
"Drugs","No","11/14/2019","83669","Terminated","First Royal Care Co. LLC, dba Red Mountain Compounding Pharmacy","6828 E Brown Rd Ste 101","N/A","Mesa","AZ","	85207-3761","United States","Voluntary: Firm initiated","Letter","Nationwide in the USA","D-0220-2020","Class II","S-FOLIC ACID 10MG/ML MDV INJ; packaged in 30ml glass vials, Rx Only, Red Mountain Compounding RX.                                                           ","5x30 ml glass vials","Lack of Assurance of Sterility","08/12/2019","11/05/2019","04/13/2023","11/13/2019","Lot #:  S06162019DH@09, Exp 9/16/19; S06032019DT@01, Exp 9/30/19;"
"Drugs","No","11/14/2019","83669","Terminated","First Royal Care Co. LLC, dba Red Mountain Compounding Pharmacy","6828 E Brown Rd Ste 101","N/A","Mesa","AZ","	85207-3761","United States","Voluntary: Firm initiated","Letter","Nationwide in the USA","D-0221-2020","Class II","S-GAT/KLAC/LIDO/PHE/TPMD 0.036/0.036/1.42/0.71/0.071%, OPTH GEL, 5ML dropper bottle, Red Mountain Compounding RX.                                                          ","1 5ml bottle","Lack of Assurance of Sterility","08/12/2019","11/05/2019","04/13/2023","11/13/2019","Lot #: S07292019DH@08, Exp 9/29/19"
"Drugs","No","11/14/2019","83669","Terminated","First Royal Care Co. LLC, dba Red Mountain Compounding Pharmacy","6828 E Brown Rd Ste 101","N/A","Mesa","AZ","	85207-3761","United States","Voluntary: Firm initiated","Letter","Nationwide in the USA","D-0222-2020","Class II","S-GENTAMICIN 480MG/1L, IRRIGATION SOLN, 1000ML plastic bottle, Red Mountain Compounding Pharmacy                                                        ","2 1L- bottles","Lack of Assurance of Sterility","08/12/2019","11/05/2019","04/13/2023","11/13/2019","Lot #:  S07092019DT@18, Exp 8/23/19; S07312019DH@08, Exp 10/14/19"
"Drugs","No","11/14/2019","83669","Terminated","First Royal Care Co. LLC, dba Red Mountain Compounding Pharmacy","6828 E Brown Rd Ste 101","N/A","Mesa","AZ","	85207-3761","United States","Voluntary: Firm initiated","Letter","Nationwide in the USA","D-0223-2020","Class II","S-GLUTATHIONE 200MG/3ML (PF) INHALATION SOLN, 3ML Prefilled Syringe, Red Mountain Compounding RX                                                      ","1, 3 ml prefilled syringe","Lack of Assurance of Sterility","08/12/2019","11/05/2019","04/13/2023","11/13/2019","Lot #:  S07262019DH@02, Exp 8/26/19"
"Drugs","No","11/14/2019","83669","Terminated","First Royal Care Co. LLC, dba Red Mountain Compounding Pharmacy","6828 E Brown Rd Ste 101","N/A","Mesa","AZ","	85207-3761","United States","Voluntary: Firm initiated","Letter","Nationwide in the USA","D-0224-2020","Class II","S-GLUTATHIONE 200MG/ML MDV, packaged in a) 12 ML b) 30 ml, glass vial, Red Mountain Compounding RX                                                    ","2x12 ML and 79x30 ML vials","Lack of Assurance of Sterility","08/12/2019","11/05/2019","04/13/2023","11/13/2019","Lot #:  a) S06252019DH@12, Exp 9/25/19; S07162019DT@02, Exp 10/16/19;   b) S05162019DH@19, Exp 8/16/19; S05072019DT@08, Exp 8/7/19;   S05082019DT@07, Exp 8/8/19; S05282019DT@08, Exp 8/28/19;   S05312019DT@05, Exp 8/31/19; S06182019DH@11, Exp 9/18/19;   S06242019DH@09, Exp 9/24/19; S07102019DT@06, Exp 10/10/19; S07162019DT@03, Exp 10/16/19; S07222019DH@10, Exp 10/22/19;"
"Drugs","No","11/14/2019","83669","Terminated","First Royal Care Co. LLC, dba Red Mountain Compounding Pharmacy","6828 E Brown Rd Ste 101","N/A","Mesa","AZ","	85207-3761","United States","Voluntary: Firm initiated","Letter","Nationwide in the USA","D-0225-2020","Class II","S-GLYCERIN 72% INJECTION SOLN, 30ML glass vial, Red Mountain Compounding RX                                                      ","5x30 ML vials","Lack of Assurance of Sterility","08/12/2019","11/05/2019","04/13/2023","11/13/2019","Lot #:  S05142019DT@09, Exp 8/14/19;  S07162019DT@14, Exp 10/16/19; S07232019DH@06, Exp 10/23/19"
"Drugs","No","11/14/2019","83669","Terminated","First Royal Care Co. LLC, dba Red Mountain Compounding Pharmacy","6828 E Brown Rd Ste 101","N/A","Mesa","AZ","	85207-3761","United States","Voluntary: Firm initiated","Letter","Nationwide in the USA","D-0226-2020","Class II","S-HCG 1200U/ML MDV INJ SOLN; packaged in a) 5 ML, b) 10 ML, c) 30 ML glass vial. Red Mountain Compounding RX                                                                ","81 vials","Lack of Assurance of Sterility","08/12/2019","11/05/2019","04/13/2023","11/13/2019","Lot #:a) S07292019DH@01, Exp 9/29/19;S07232019DH@06, Exp 9/23/19;S06302019DH@05, Exp 8/30/19  b) S06112019DH@01, Exp 8/11/19; S06112019DH@11, Exp 8/11/19;S06142019DH@02, Exp 8/14/19; S06162019DH@01, 8/16/19,S06182019DH@34, Exp 8/18/19; S06242019DH@16, Exp 8/24/19;   S06302019DH@05, Exp 8/30/19, S07102019DT@16, Exp 9/10/19;    S07162019DH@02, Exp; 9/16/19, S07262019DH@03, Exp 9/26/19;   S08022019DH@02, Exp 10/2/19; S07232019DH@06, Exp 9/23/19,  c) S07102019DT@07, Exp 9/10/19;"
"Drugs","No","11/14/2019","83669","Terminated","First Royal Care Co. LLC, dba Red Mountain Compounding Pharmacy","6828 E Brown Rd Ste 101","N/A","Mesa","AZ","	85207-3761","United States","Voluntary: Firm initiated","Letter","Nationwide in the USA","D-0227-2020","Class II","S-HYALURONIDASE 150U/ML INJ SOLN (PF), 5 ML vial, Red Mountain Compounding RX                                                        ","2x5 ml vials","Lack of Assurance of Sterility","08/12/2019","11/05/2019","04/13/2023","11/13/2019","Lot #:  S07232019DH@13, Exp 8/23/19; S07312019DH@14, Exp 8/31/19"
"Drugs","No","11/14/2019","83669","Terminated","First Royal Care Co. LLC, dba Red Mountain Compounding Pharmacy","6828 E Brown Rd Ste 101","N/A","Mesa","AZ","	85207-3761","United States","Voluntary: Firm initiated","Letter","Nationwide in the USA","D-0228-2020","Class II","S-HYDROCHLORIC ACID 2MG/ML INJ SOLN, 50 ML glass vial, Red Mountain Compounding RX                                                        ","N/A","Lack of Assurance of Sterility","08/12/2019","11/05/2019","04/13/2023","11/13/2019","Lot #:  S06092019DH@03, Exp 9/9/19; S06162019DH@17, Exp 9/16/19"
"Drugs","No","11/14/2019","83669","Terminated","First Royal Care Co. LLC, dba Red Mountain Compounding Pharmacy","6828 E Brown Rd Ste 101","N/A","Mesa","AZ","	85207-3761","United States","Voluntary: Firm initiated","Letter","Nationwide in the USA","D-0229-2020","Class II","S-HYDROGEN PEROXIDE 3% (PF) 30ML glass vial, Red Mountain Compounding RX                                                          ","2x30 ml glass vials","Lack of Assurance of Sterility","08/12/2019","11/05/2019","04/13/2023","11/13/2019","Lot #: S05082019DT@02, Exp 8/8/19; S05112019DH@17, Exp 8/11/19"
"Drugs","No","11/14/2019","83669","Terminated","First Royal Care Co. LLC, dba Red Mountain Compounding Pharmacy","6828 E Brown Rd Ste 101","N/A","Mesa","AZ","	85207-3761","United States","Voluntary: Firm initiated","Letter","Nationwide in the USA","D-0230-2020","Class II","S-HYDROXOCOBALAMIN 10MG/ML MDV INJ SOL, 30 ML glass vial, Red Mountain Compounding Rx.                                                                ","2x30 glass vials","Lack of Assurance of Sterility","08/12/2019","11/05/2019","04/13/2023","11/13/2019","Lot #:S07242019DH@05, Exp 10/24/19"
"Drugs","No","11/14/2019","83669","Terminated","First Royal Care Co. LLC, dba Red Mountain Compounding Pharmacy","6828 E Brown Rd Ste 101","N/A","Mesa","AZ","	85207-3761","United States","Voluntary: Firm initiated","Letter","Nationwide in the USA","D-0231-2020","Class II","S-HYDROXYPROG CAPROATE 250MG/ML IN SESAME OIL INJ, 5ML glass vial, Red Mountain Compounding Rx                                                              ","1x5 ml vial","Lack of Assurance of Sterility","08/12/2019","11/05/2019","04/13/2023","11/13/2019","Lot #: S06192019DT@09, Exp 9/19/19;"
"Drugs","No","11/14/2019","83669","Terminated","First Royal Care Co. LLC, dba Red Mountain Compounding Pharmacy","6828 E Brown Rd Ste 101","N/A","Mesa","AZ","	85207-3761","United States","Voluntary: Firm initiated","Letter","Nationwide in the USA","D-0232-2020","Class II","S-LEVOCARNITINE 100MG/ML MDV INJ SOLN, 30ML vial, Red Mountain Compounding Rx                                                        ","1x30 ml vial","Lack of Assurance of Sterility","08/12/2019","11/05/2019","04/13/2023","11/13/2019","Lot #: S05162019DH@10, Exp 8/16/19"
"Drugs","No","11/14/2019","83669","Terminated","First Royal Care Co. LLC, dba Red Mountain Compounding Pharmacy","6828 E Brown Rd Ste 101","N/A","Mesa","AZ","	85207-3761","United States","Voluntary: Firm initiated","Letter","Nationwide in the USA","D-0233-2020","Class II","S-LIDOCAINE HCL 2% INHALATION SOLN SYRINGES, 2ML syringe, Red Mountain Compounding Rx                                                              ","1x2ML syringe","Lack of Assurance of Sterility","08/12/2019","11/05/2019","04/13/2023","11/13/2019","Lot #: S06242019DH@04, Exp 9/24/19"
"Drugs","No","11/14/2019","83669","Terminated","First Royal Care Co. LLC, dba Red Mountain Compounding Pharmacy","6828 E Brown Rd Ste 101","N/A","Mesa","AZ","	85207-3761","United States","Voluntary: Firm initiated","Letter","Nationwide in the USA","D-0234-2020","Class II","S-LIDOCAINE HCL 1%  MDV SOLN, 50ML Vial, Red Mountain Compounding Rx                                                                ","13x50 ml vials","Lack of Assurance of Sterility","08/12/2019","11/05/2019","04/13/2023","11/13/2019","Lot #:  S06112019DH@16, Exp 9/11/19; S06182019DT@02, Exp 9/18/19; S06182019DH@33, Exp 9/18/19; S06252019DT@08, Exp 9/25/19; S08022019DH@01, Exp 11/2/19;"
"Drugs","No","11/14/2019","83669","Terminated","First Royal Care Co. LLC, dba Red Mountain Compounding Pharmacy","6828 E Brown Rd Ste 101","N/A","Mesa","AZ","	85207-3761","United States","Voluntary: Firm initiated","Letter","Nationwide in the USA","D-0235-2020","Class II","S-LIDOCAINE HCL 1% / PHENYLEPHRINE1.5% (PF) INJ SOLN, 1ml syringe, Red Mountain Compounding Rx                                                                  ","3x1 ml syringe","Lack of Assurance of Sterility","08/12/2019","11/05/2019","04/13/2023","11/13/2019","Lot #:  S06192019DT@02, Exp 8/19/19; S06262019DT@11, Exp 8/26/19; S07312019DH@06, Exp 9/31/19"
"Drugs","No","11/14/2019","83669","Terminated","First Royal Care Co. LLC, dba Red Mountain Compounding Pharmacy","6828 E Brown Rd Ste 101","N/A","Mesa","AZ","	85207-3761","United States","Voluntary: Firm initiated","Letter","Nationwide in the USA","D-0236-2020","Class II","S-LYSINE HCL 100MG/ML MDV, 30ML vial, Red Mountain Compounding Rx                                                                  ","1x30 ML vial","Lack of Assurance of Sterility","08/12/2019","11/05/2019","04/13/2023","11/13/2019","Lot #:  S07292019DH@06, Exp 8/12/19"
"Drugs","No","11/14/2019","83669","Terminated","First Royal Care Co. LLC, dba Red Mountain Compounding Pharmacy","6828 E Brown Rd Ste 101","N/A","Mesa","AZ","	85207-3761","United States","Voluntary: Firm initiated","Letter","Nationwide in the USA","D-0237-2020","Class II","S-MAGNESIUM CHLORIDE 200MG/ML MDV INJ, 30 ml vial, Red Mountain Compounding Rx                                                                ","N/A","Lack of Assurance of Sterility","08/12/2019","11/05/2019","04/13/2023","11/13/2019","Lot #:  S07162019DH@15, Exp 8/16/19"
"Drugs","No","11/14/2019","83669","Terminated","First Royal Care Co. LLC, dba Red Mountain Compounding Pharmacy","6828 E Brown Rd Ste 101","N/A","Mesa","AZ","	85207-3761","United States","Voluntary: Firm initiated","Letter","Nationwide in the USA","D-0238-2020","Class II","S-MAGNESIUM SULFATE 500MG/ML (4MEQ/ML) MDV INJ SOLN, 30 ML vial, Red Mountain Compounding Rx                                                                      ","2x30 ml vials","Lack of Assurance of Sterility","08/12/2019","11/05/2019","04/13/2023","11/13/2019","Lot #:  S06192019DT@04, Exp 9/19/19"
"Drugs","No","11/14/2019","83669","Terminated","First Royal Care Co. LLC, dba Red Mountain Compounding Pharmacy","6828 E Brown Rd Ste 101","N/A","Mesa","AZ","	85207-3761","United States","Voluntary: Firm initiated","Letter","Nationwide in the USA","D-0239-2020","Class II","S-MANGANESE CHLORIDE 0.1MG/ML MDV SOLN, 10 ML vial, Red Mountain Compounding Rx                                                                      ","2x10 ml vials","Lack of Assurance of Sterility","08/12/2019","11/05/2019","04/13/2023","11/13/2019","Lot #:  S05082019DT@01, Exp 9/8/19;  S05222019DH@03, Exp 9/22/19"
"Drugs","No","11/14/2019","83669","Terminated","First Royal Care Co. LLC, dba Red Mountain Compounding Pharmacy","6828 E Brown Rd Ste 101","N/A","Mesa","AZ","	85207-3761","United States","Voluntary: Firm initiated","Letter","Nationwide in the USA","D-0240-2020","Class II","S-METHYLCOBALAMIN 1,000MCG/ML MDV INJ; a) 10ml, b) 30 ml glass vial, Rx Only, Red mountain Compounding RX                                                                              ","60x 10 and 30 ML glass vials","Lack of Assurance of Sterility","08/12/2019","11/05/2019","04/13/2023","11/13/2019","Lot #: a) S05162019DH@10, EXP 08/16/2019,S05242019DT@07, EXP 8/24/19,  S07182019DT@14 EXP 10/18/19,   b) S05162019DH@18, Exp 8/16/19;S07102019DT@04, EXP 10/10/19,S07262019DH@10 EXP 10/26/19, S07292019DH@10 EXP 10/29/19"
"Drugs","No","11/14/2019","83669","Terminated","First Royal Care Co. LLC, dba Red Mountain Compounding Pharmacy","6828 E Brown Rd Ste 101","N/A","Mesa","AZ","	85207-3761","United States","Voluntary: Firm initiated","Letter","Nationwide in the USA","D-0241-2020","Class II","S-MIC 25/50/50MG/ML MDV SOLN, 30ml glass vial, Rx Only, Red Mountain Compounding RX.                                                                                           ","24x30 ml vials","Lack of Assurance of Sterility","08/12/2019","11/05/2019","04/13/2023","11/13/2019","Lot #: S02142019DH@01, Exp 8/14/19; S03112019DT@04, Exp 09/11/2019, S03192019DT@04, Exp 9/19/19; S04162019DT@15, Exp 10/16/19; S07172019DT@10, Exp 1/17/20; S07232019DH@04, Exp 1/23/20;"
"Drugs","No","11/14/2019","83669","Terminated","First Royal Care Co. LLC, dba Red Mountain Compounding Pharmacy","6828 E Brown Rd Ste 101","N/A","Mesa","AZ","	85207-3761","United States","Voluntary: Firm initiated","Letter","Nationwide in the USA","D-0242-2020","Class II","S-NANDROLONE DEC 200MG/ML MDV INJ in SESAME OIL, Rx Only, 10ml glass vial. Red Mountain Compounding Rx.                                                                                            ","1x10ml glass vial","Lack of Assurance of Sterility","08/12/2019","11/05/2019","04/13/2023","11/13/2019","Lot #:  S07022019DT@02, Exp 10/2/19"
"Drugs","No","11/14/2019","83669","Terminated","First Royal Care Co. LLC, dba Red Mountain Compounding Pharmacy","6828 E Brown Rd Ste 101","N/A","Mesa","AZ","	85207-3761","United States","Voluntary: Firm initiated","Letter","Nationwide in the USA","D-0243-2020","Class II","S-PHENOL 6% INJ SOLN, Rx Only 10ml glass vial, Red Mountain Compounding Rx.                                                                                              ","3x10 ml glass vials","Lack of Assurance of Sterility","08/12/2019","11/05/2019","04/13/2023","11/13/2019","Lot #:  S06242019DH@08, Exp 9/24/19; S07242019DH@08, Exp 10/24/19;  S07312019DH@03, Exp 10/31/19"
"Drugs","No","11/14/2019","83669","Terminated","First Royal Care Co. LLC, dba Red Mountain Compounding Pharmacy","6828 E Brown Rd Ste 101","N/A","Mesa","AZ","	85207-3761","United States","Voluntary: Firm initiated","Letter","Nationwide in the USA","D-0244-2020","Class II","S-POTASSIUM CHLORIDE 2 MEQ/ML INJECTION CONC (PF) 5ml glass vial, Rx Only Red Mountain Compounding Rx.                                                                                                ","1x5ml glass vial","Lack of Assurance of Sterility","08/12/2019","11/05/2019","04/13/2023","11/13/2019","Lot #:  S07092019DT@08, Exp 8/9/19"
"Drugs","No","11/14/2019","83669","Terminated","First Royal Care Co. LLC, dba Red Mountain Compounding Pharmacy","6828 E Brown Rd Ste 101","N/A","Mesa","AZ","	85207-3761","United States","Voluntary: Firm initiated","Letter","Nationwide in the USA","D-0245-2020","Class II","S-PROCAINE HCL 1% BUFFERED MDV; Rx Only, 30ml glass vial Red Mountain Compounding Rx.                                                                                                    ","1x30 ml glass vial","Lack of Assurance of Sterility","08/12/2019","11/05/2019","04/13/2023","11/13/2019","Lot #: S0726209DH@07, Exp 10/26/19"
"Drugs","No","11/14/2019","83669","Terminated","First Royal Care Co. LLC, dba Red Mountain Compounding Pharmacy","6828 E Brown Rd Ste 101","N/A","Mesa","AZ","	85207-3761","United States","Voluntary: Firm initiated","Letter","Nationwide in the USA","D-0246-2020","Class II","S-PROGESTERONE/TESTOSTERONE 0.05%/0.03% OIL OPTH, Rx Only 10ml dropper bottle, Red Mountain Compounding Rx.                                                                                                      ","1x10ml droptainer","Lack of Assurance of Sterility","08/12/2019","11/05/2019","04/13/2023","11/13/2019","Lot #:  S05232019DT@13, Exp 8/23/19"
"Drugs","No","11/14/2019","83669","Terminated","First Royal Care Co. LLC, dba Red Mountain Compounding Pharmacy","6828 E Brown Rd Ste 101","N/A","Mesa","AZ","	85207-3761","United States","Voluntary: Firm initiated","Letter","Nationwide in the USA","D-0247-2020","Class II","S-PYRIDOXINE HCL (B6) 100MG/ML MDV, Rx Only, 30ml glass vial. Red Mountain Compounding Rx.                                                                                                         ","38x30 ml glass vials","Lack of Assurance of Sterility","08/12/2019","11/05/2019","04/13/2023","11/13/2019","Lot #:  S03072019DH@10, Exp 9/7/19; S04162019DT@18, Exp 10/16/19; S05162019DH@09, Exp 11/16/19; S05232019DT@11, Exp 11/23/19; s06182019dh@31, Exp 12/18/19; S06242019DH@14, Exp 12/24/19; S07172019DT@08, Exp 1/17/20;  S07232019DH@16, Exp 1/23/20; S06242019DH@14, Exp 12/24/19"
"Drugs","No","11/14/2019","83669","Terminated","First Royal Care Co. LLC, dba Red Mountain Compounding Pharmacy","6828 E Brown Rd Ste 101","N/A","Mesa","AZ","	85207-3761","United States","Voluntary: Firm initiated","Letter","Nationwide in the USA","D-0248-2020","Class II","S-QUADMIX (30MG/2MG/20MCG/0.15MG/ML) MDV INJ, Rx Only, 5ml Glass vial. Red Mountain Compounding Rx.                                                                                                            ","2x5ml Glass vials","Lack of Assurance of Sterility","08/12/2019","11/05/2019","04/13/2023","11/13/2019","Lot #:  S06302019DH@03, Exp 8/30/19"
"Drugs","No","11/14/2019","83669","Terminated","First Royal Care Co. LLC, dba Red Mountain Compounding Pharmacy","6828 E Brown Rd Ste 101","N/A","Mesa","AZ","	85207-3761","United States","Voluntary: Firm initiated","Letter","Nationwide in the USA","D-0249-2020","Class II","S-SOD CITRATE 4% INJ SOLN MDV, 10 ML glass vial, Red Mountain Compounding Rx                                                                                                            ","3x10 ml glass vials","Lack of Assurance of Sterility","08/12/2019","11/05/2019","04/13/2023","11/13/2019","Lot #:  S07102019DT@12, Exp 8/10/19"
"Drugs","No","11/14/2019","83669","Terminated","First Royal Care Co. LLC, dba Red Mountain Compounding Pharmacy","6828 E Brown Rd Ste 101","N/A","Mesa","AZ","	85207-3761","United States","Voluntary: Firm initiated","Letter","Nationwide in the USA","D-0250-2020","Class II","S-SODIUM SELINITE 0.219% INJ, 19ml glass vials, Rx only, Red Mountain Compounding Rx                                                                                                              ","11x10 ml glass vials","Lack of Assurance of Sterility","08/12/2019","11/05/2019","04/13/2023","11/13/2019","Lot #: S03062019JL@11, Exp 9/6/19; S04282019DH@05, Exp 10/28/19; S06182019DT@04, Exp 12/18/19; S06242019DH@11, Exp 12/24/19; "" S07232019DH@15, Exp 1/23/20"
"Drugs","No","11/14/2019","83669","Terminated","First Royal Care Co. LLC, dba Red Mountain Compounding Pharmacy","6828 E Brown Rd Ste 101","N/A","Mesa","AZ","	85207-3761","United States","Voluntary: Firm initiated","Letter","Nationwide in the USA","D-0251-2020","Class II","S-TAURINE 50MG/ML MDV SOLN, Rx only  30ml glass vial, Red Mountain Compounding Rx                                                                                                                ","3x30 ml glass vials","Lack of Assurance of Sterility","08/12/2019","11/05/2019","04/13/2023","11/13/2019","Lot #:  S07232019DH@12, Exp 11/23/19; S07292019DH@05, Exp 11/29/19"
"Drugs","No","11/14/2019","83669","Terminated","First Royal Care Co. LLC, dba Red Mountain Compounding Pharmacy","6828 E Brown Rd Ste 101","N/A","Mesa","AZ","	85207-3761","United States","Voluntary: Firm initiated","Letter","Nationwide in the USA","D-0252-2020","Class II","S-TEST CYP 100MG/ML IN ETHYL OLEATE OIL, Rx only, a) 5ml, b) 10ml glass vials, Red Mountain Compounding Rx                                                                                                                                       ","13x5 and 10 ml glass vials","Lack of Assurance of Sterility","08/12/2019","11/05/2019","04/13/2023","11/13/2019","Lot #:a) S02132019DT@02, Exp 8/13/19; b) S04092019DT@05, Exp 10/9/19; S06122019DH@35, Exp 12/12/19; S06172019DH@04, Exp 12/17/19;"
"Drugs","No","11/14/2019","83669","Terminated","First Royal Care Co. LLC, dba Red Mountain Compounding Pharmacy","6828 E Brown Rd Ste 101","N/A","Mesa","AZ","	85207-3761","United States","Voluntary: Firm initiated","Letter","Nationwide in the USA","D-0253-2020","Class II","S-TESTOSTERONE HALF ULTRA 125MG/ML MDV IN SESAME OIL (TEST CYP 100MG/TEST PROP 12.5MG/NANDROLONE DECA 12.5), Rx Only, 5ML glass vial. Red Mountain Compounding Rx.                                                                                                                                        ","1x5ml glass vial","Lack of Assurance of Sterility","08/12/2019","11/05/2019","04/13/2023","11/13/2019","Lot #: S05302019DT@03Exp 08/30/2019,"
"Drugs","No","","83698","Terminated","West-Ward Columbus Inc","1809 Wilson Rd","N/A","Columbus","OH","	43228-9579","United States","Voluntary: Firm initiated","Letter","Nationwide USA and Puerto Rico","D-1863-2019","Class II","Oxcarbazepine Oral Suspension, USP, 300 mg/5 mL, 250 mL per bottle, Rx Only, Distr. by: West-Ward Pharmaceuticals,Eatontown, NJ. NDC:0054-0199-59","32,347 bottles","Failed Impurities/Degradation Specificattion","09/09/2019","09/16/2019","06/15/2022","09/25/2019","Lot, expiry:  Lots AA3957A, AA3958A, exp May 2020; Lot AA5164A, exp Sep 2020"
"Drugs","No","","83699","Terminated","Pfizer Inc.","235 E 42nd St","N/A","New York","NY","	10017-5703","United States","Voluntary: Firm initiated","Two or more of the following: Email, Fax, Letter, Press Release, Telephone, Visit","Nationwide US and Puerto Rico","D-1852-2019","Class II","Bacteriostatic Water for Injection, USP, 30 mL vials, Rx only, Mfd. for: Hospira, Inc., Lake Forest, IL 60045 USA.  NDC Vial:  0409-3977-01; NDC Carton: 0409-3977-03","185,700 vials","Lack of Assurance of Sterility","09/06/2019","09/12/2019","03/25/2023","09/18/2019","Lot #: W20308, Exp. Dec 1, 2019"
"Drugs","No","09/17/2019","83700","Terminated","AVKARE Inc.","615 N 1st St","N/A","Pulaski","TN","	38478-2403","United States","Voluntary: Firm initiated","Letter","Nationwide in the U.S.","D-1875-2019","Class II","AVKARE Fexofenadine Hydrochloride Tablets USP Antihistamine 180 mg, 500 Tablets per bottle, NDC 42291-297-50.","5953 bottles","Failed Stability Specifications.","08/28/2019","09/17/2019","10/27/2021","09/18/2019","Lot #s: 067180011A; 067180012A, Exp. 04/2021; 06718027B1 Exp. 09/2021"
"Drugs","No","11/14/2019","83669","Terminated","First Royal Care Co. LLC, dba Red Mountain Compounding Pharmacy","6828 E Brown Rd Ste 101","N/A","Mesa","AZ","	85207-3761","United States","Voluntary: Firm initiated","Letter","Nationwide in the USA","D-0254-2020","Class II","S-TRIMIX (15MG/0.5MG/10MCG/ML) INJ, Rx Only, 5ml glass vial, Red Mountain Compounding Rx.                                                                                                                                                                 ","1x5ml glass vials","Lack of Assurance of Sterility","08/12/2019","11/05/2019","04/13/2023","11/13/2019","Lot #:  S06142019DH@01, Exp 8/14/19;"
"Drugs","No","11/14/2019","83669","Terminated","First Royal Care Co. LLC, dba Red Mountain Compounding Pharmacy","6828 E Brown Rd Ste 101","N/A","Mesa","AZ","	85207-3761","United States","Voluntary: Firm initiated","Letter","Nationwide in the USA","D-0255-2020","Class II","S-VIT B COMPLEX (1/3/5/6/12A)  MDV INJ 100/2/2/100/1MG/ML, 30 ML glass vial. Red Mountain Compounding Rx                                                                                                                                                              ","2x30 ml glass vials","Lack of Assurance of Sterility","08/12/2019","11/05/2019","04/13/2023","11/13/2019","Lot #:  S07232019DH@08 Exp 10/23/19"
"Drugs","No","11/14/2019","83669","Terminated","First Royal Care Co. LLC, dba Red Mountain Compounding Pharmacy","6828 E Brown Rd Ste 101","N/A","Mesa","AZ","	85207-3761","United States","Voluntary: Firm initiated","Letter","Nationwide in the USA","D-0256-2020","Class II","S-VIT A PALMITATE 50,000 IU/ML CORN OIL, Rx Only, 10ml dropper bottle. Red Mountain Compounding Rx.                                                                                                                                                               ","1 vial","Lack of Assurance of Sterility","08/12/2019","11/05/2019","04/13/2023","11/13/2019","Lot #:  S07292019DH@16, Exp 10/29/19"
"Drugs","No","11/14/2019","83669","Terminated","First Royal Care Co. LLC, dba Red Mountain Compounding Pharmacy","6828 E Brown Rd Ste 101","N/A","Mesa","AZ","	85207-3761","United States","Voluntary: Firm initiated","Letter","Nationwide in the USA","D-0257-2020","Class II","S-VITAMIN D3 10,000 IU/ML OIL MDV INJ, Rx Only, a) 5ml b) 10 ML glass vial. Red Mountain Compounding Rx.                                                                                                                                                                 ","16x5 and 10 ml glass vials","Lack of Assurance of Sterility","08/12/2019","11/05/2019","04/13/2023","11/13/2019","Lot #:  S04092019DT@16, Exp 8/9/19; S05012019DT@08, Exp 9/1/19; S05152019DT@01, Exp 9/15/19; S06112019DH@18, Exp 10/11/19; S06122019DT@06, Exp 10/12/19; S06192019DT@10, Exp 10/19/19; s07092019dt@16, Exp 11/9/19; S07242019DH@10, Exp 11/24/19"
"Drugs","No","11/14/2019","83669","Terminated","First Royal Care Co. LLC, dba Red Mountain Compounding Pharmacy","6828 E Brown Rd Ste 101","N/A","Mesa","AZ","	85207-3761","United States","Voluntary: Firm initiated","Letter","Nationwide in the USA","D-0258-2020","Class II","S-ZINC SULFATE !MG/ML MDV SOLN, Rx only, 10ml glass vial. Red Mountain Compounding Rx.                                                                                                                                                                   ","22x10 ml glass vial","Lack of Assurance of Sterility","08/12/2019","11/05/2019","04/13/2023","11/13/2019","Lot # S06112019DH@13, Exp 9/11/19; S06162019DH@03, Exp 9/16/19; S06182019DH@08, Exp 9/18/19; S06242019DH@12, Exp 9/24/19; S07162019DT@10, Exp 10/16/19"
"Drugs","No","","83702","Terminated","Pacifico National, Inc. dba AmEx Pharmacy","1515 Elizabeth St Ste J","N/A","Melbourne","FL","	32901-3000","United States","Voluntary: Firm initiated","Press Release","Continental U.S. and Puerto Rico","D-1849-2019","Class II","Bevacizumab, 2.5 mg/0.1 mL, Norm-Ject Syringe Intravitreal Injection, Single use only, Rx only, Repackaged by AmEx Pharmacy 1515 Elizabeth St. Suite J Melbourne, FL 32901","N/A","Lack of assurance of sterility.","08/30/2019","09/10/2019","10/08/2020","09/18/2019","All lots remaining within expiry."
"Drugs","No","","83702","Terminated","Pacifico National, Inc. dba AmEx Pharmacy","1515 Elizabeth St Ste J","N/A","Melbourne","FL","	32901-3000","United States","Voluntary: Firm initiated","Press Release","Continental U.S. and Puerto Rico","D-1850-2019","Class II","Bevacizumab, 1.25 mg/0.05 mL, 31G MJ Syringe Intravitreal Injection, Single use only, Rx only, Repackaged by AmEx Pharmacy 1515 Elizabeth St. Suite J Melbourne, FL 32901","N/A","Lack of assurance of sterility.","08/30/2019","09/10/2019","10/08/2020","09/18/2019","All lots remaining within expiry."
"Drugs","No","","83705","Terminated","Jubilant Cadista Pharmaceuticals, Inc.","207 Kiley Dr","N/A","Salisbury","MD","	21801-2249","United States","Voluntary: Firm initiated","Letter","Product was distributed to MS, OH, RI, TN and Puerto Rico to distributors and wholesalers who may have further distributed the product to the retail level.","D-0145-2020","Class II","Pantoprazole Sodium Delayed Release Tablets, USP, 40 mg, packaged in 90-count bottle, Rx only, Manufactured by: Jubilant Generics Ltd, Roorkee - 247661, India, Marketed by: Jubilant Cadista Pharmaceuticals Inc., Salisbury, MD 21801, NDC 59746-284-90","63,216 bottles","CGMP Deviation: Presence of dark brown discoloration on edges of tablets.","09/04/2019","10/17/2019","02/12/2020","10/23/2019","Lot # PA218P008, PA218P009, Exp 04/2021"
"Drugs","No","","83710","Terminated","Atlas Pharmaceuticals, LLC","711 E Carefree Hwy Ste 107","N/A","Phoenix","AZ","	85085-0103","United States","Voluntary: Firm initiated","Letter","Healthcare facilities/clinics in AZ and CO","D-0144-2020","Class II","Ascorbic Acid Sterile Injection Solution, 500 mg/mL, 50 mL vial, Non-Corn Source, Rx only, Atlas Pharmaceuticals, LLC, 711 E Carefree Hwy, Suite 107, Phoenix, AZ  85085, NDC 71591-500-50.","1646 vials","Labeling: Not Elsewhere Classified; product is labeled as ""Non-Corn Source"" however the product is from a corn source.","08/28/2019","10/15/2019","06/03/2020","10/23/2019","Lot #: S-60162, BUD 10/12/2019; S-60176, BUD 11/2/2019; S-60187, BUD 11/11/2019; S-60189, BUD 11/16/2019; S-60190, BUD 11/16/2019; S-60222, BUD 01/20/2020"
"Drugs","No","","83711","Terminated","Preferred Pharmaceuticals, Inc","1250 N Lakeview Ave Ste O","N/A","Anaheim","CA","	92807-1801","United States","Voluntary: Firm initiated","Telephone","Product was distributed to 1 physician in Gainesville  Florida.","D-1877-2019","Class II","Fexofenadine HCl Tablets, 180 mg, Pkg Size 90, Mfg: Aurohealth LLC, Repackaged by Preferred Pharmaceuticals, Inc., Anaheim, CA, NDC #: 68788-6848-09","79 (90 ct.) bottles","Failed Impurities/Degradation Specifications","08/29/2019","09/24/2019","04/24/2023","10/02/2019","Lot #: G0219K, Exp 3/2021; C1419E, Exp 3/2021"
"Drugs","No","","83721","Terminated","Akorn, Inc.","1925 W Field Ct Ste 300","N/A","Lake Forest","IL","	60045-4862","United States","Voluntary: Firm initiated","Letter","Nationwide  within the United States and Puerto Rico","D-1878-2019","Class II","Lidocaine Hydroclhoride Jelly USP, 2%, 30 mL tubes, Rx Only, Sterile, Manufactured by: Akorn, Inc., Lake Forest, IL 60045.  NDC 17478-711-30","10,543 tubes","cGMP Deviations:  firm reported finding metal particulate matter in the filling room near the tube feeder during the filling operation of the product. No particulates were identified in the product, but rather were identified on the filling line.","09/17/2019","09/24/2019","08/01/2022","10/02/2019","Lot #: 9B21A, Exp. 1/2022"
"Drugs","No","","83265","Completed","Altaire Pharmaceuticals, Inc.","311 W Ln","PO Box 849","Aquebogue","NY","	11931-0849","United States","Voluntary: Firm initiated","Two or more of the following: Email, Fax, Letter, Press Release, Telephone, Visit","U.S.A. Nationwide","D-0455-2020","Class II","Altaire Homatropaire Homatropine Hyrdobromide Opthalmic Solution, USP, 5 %, 5 mL, Sterile, Rx only,  Mfd. by: Altaire Pharmaceuticals, Inc. Aquebogue, NY 11931, NDC 59390-192-05","23974 units","Lack of Assurance of Sterility","07/02/2019","11/15/2019","N/A","11/27/2019","17041 2/20   17186 6/20   18068 3/21"
"Drugs","No","","83265","Completed","Altaire Pharmaceuticals, Inc.","311 W Ln","PO Box 849","Aquebogue","NY","	11931-0849","United States","Voluntary: Firm initiated","Two or more of the following: Email, Fax, Letter, Press Release, Telephone, Visit","U.S.A. Nationwide","D-0456-2020","Class II","CVS Health Lubricating Gel Drops for Anytime Use, Item#: 563420, Product Size: 10 mL, Distributed by: CVS Pharmacy, Inc. One CVS Drive, Woonsocket, RI 02895","N/A","Lack of Assurance of Sterility","07/02/2019","11/15/2019","N/A","11/27/2019","17238 08/19   18094 4/20   19058 02/21"
"Drugs","No","","83722","Terminated","Compounded Solutions in Pharmacy","810 Main St","N/A","Monroe","CT","	06468-2809","United States","Voluntary: Firm initiated","Telephone","Product was dispensed to patients","D-1853-2019","Class II","20% Acetyl-L-Cysteine Ophthalmic Solutions, dispensed in 3ml dropper bottle.","3x3 ml dropper bottles","Lack of Processing Controls:","09/03/2019","09/12/2019","03/04/2020","09/18/2019","Lots:   07172019@39 exp: 8/31/19, Rx # 215042  06192019@28 exp: 7/03/19, Rx # 219335  06052019@8 exp: 6/19/19; Rx # 222826"
"Drugs","No","","83427","Terminated","Colonia Care Pharmacy","515 Inman Ave Ste A","N/A","Colonia","NJ","	07067-1114","United States","Voluntary: Firm initiated","Letter","Patient Specific Prescriptions in NJ","D-0004-2020","Class II","C-ALBUMIN 5% OPHTH SOLUTION, 10 mL droptainer bottles, Rx only, Colonia Care Pharmacy, 515 Inman Ave., Suite A, Colonia, N.J. 07067","1 droptainer bottle","Lack of Assurance of Sterility: product sterility cannot be guaranteed.","07/24/2019","10/01/2019","04/05/2023","10/09/2019","Lot #: 071819E, BUD 09/01/19"
"Drugs","No","","83427","Terminated","Colonia Care Pharmacy","515 Inman Ave Ste A","N/A","Colonia","NJ","	07067-1114","United States","Voluntary: Firm initiated","Letter","Patient Specific Prescriptions in NJ","D-0005-2020","Class II","C-ATROPINE SULF OPHTH 0.01%, 5 mL droptainer bottles, Rx only, Colonia Care Pharmacy, 515 Inman Ave., Suite A, Colonia, N.J. 07067","12 droptainer bottles","Lack of Assurance of Sterility: product sterility cannot be guaranteed.","07/24/2019","10/01/2019","04/05/2023","10/09/2019","Lot #: 070119A, BUD 08/15/19; 072219N, BUD 09/05/19"
"Drugs","No","","83427","Terminated","Colonia Care Pharmacy","515 Inman Ave Ste A","N/A","Colonia","NJ","	07067-1114","United States","Voluntary: Firm initiated","Letter","Patient Specific Prescriptions in NJ","D-0006-2020","Class II","C-ATROPINE SULF OPHTH 0.02%, 5 mL droptainer bottles, Rx only, Colonia Care Pharmacy, 515 Inman Ave., Suite A, Colonia, N.J. 07067","1 droptainer bottles","Lack of Assurance of Sterility: product sterility cannot be guaranteed.","07/24/2019","10/01/2019","04/05/2023","10/09/2019","Lot #: 071619D, BUD 08/30/19"
"Drugs","No","","83730","Terminated","Teva Pharmaceuticals USA","400 Interpace Pkwy","N/A","Parsippany","NJ","	07054-1120","United States","Voluntary: Firm initiated","Letter","Product was distributed to 42 wholesalers and 11 retailers who may have further distribute the product throughout the United States, including Hawaii and Puerto Rico.","D-0131-2020","Class III","Matzim LA (Diltiazem Hydrochloride) Extended-Release Tablets, 240 mg, 30 count bottle, Rx only, Manufactured by: Actabis Laboratories FL, Inc., Fort Lauderdale, FL, Distributed by: Actavis Pharma, Inc., Parsippany, NJ  NDC 52544-692-30","5,849 bottles","GMP Deviation: lot not intended for commercial distribution.","09/06/2019","10/09/2019","05/19/2020","10/16/2019","Lot # 1344864A, exp. date 10/2020"
"Drugs","No","","83265","Completed","Altaire Pharmaceuticals, Inc.","311 W Ln","PO Box 849","Aquebogue","NY","	11931-0849","United States","Voluntary: Firm initiated","Two or more of the following: Email, Fax, Letter, Press Release, Telephone, Visit","U.S.A. Nationwide","D-0457-2020","Class II","Accutome Rx Accu-WASH, 4 FL OZ (118 mL), Manufactured for: Accutome Inc 3222 Phoenixville Pike Malvern, PA 19355 USA, Mfd. By: Altaire Pharmaceuticals, Inc. Aquebogue, NY 11931, NDC 63448-411-04","90,072 units","Lack of Assurance of Sterility","07/02/2019","11/15/2019","N/A","11/27/2019","16250 09/19 17088 03/20 17307 10/20 17323 10/20 18014 1/21 18228 9/21 18261 10/21 19119 4/22"
"Drugs","No","","83265","Completed","Altaire Pharmaceuticals, Inc.","311 W Ln","PO Box 849","Aquebogue","NY","	11931-0849","United States","Voluntary: Firm initiated","Two or more of the following: Email, Fax, Letter, Press Release, Telephone, Visit","U.S.A. Nationwide","D-0458-2020","Class II","Accutome Rx Accu-WASH, 4 FL OZ (118 mL), Manufactured for Accutome Inc 3222 Phoenixville Pike Malvern, PA 19355 USA Mfd. By: Altaire Pharmaceuticals, Inc. Aquebogue, NY 11931,  NDC 63448-411-04","90072 units","Lack of Assurance of Sterility","07/02/2019","11/15/2019","N/A","11/27/2019","18095 4/20"
"Drugs","No","","83265","Completed","Altaire Pharmaceuticals, Inc.","311 W Ln","PO Box 849","Aquebogue","NY","	11931-0849","United States","Voluntary: Firm initiated","Two or more of the following: Email, Fax, Letter, Press Release, Telephone, Visit","U.S.A. Nationwide","D-0459-2020","Class II","Grandall Colirio Ojo De Aguila Eye Drops, Sterile, Net Wt 1/2 fl oz (15 mL)  Dist. By Grandall Distributing Co.Inc., Glendale, CA 91204-2707","73,548 units","Lack of Assurance of Sterility","07/02/2019","11/15/2019","N/A","11/27/2019","17131 5/20 18031 1/21 19065 3/22"
"Drugs","No","","83731","Terminated","Cardinal Health dba Specialty Pharmaceutical Services","15 Ingram Blvd","N/A","La Vergne","TN","	37086-3630","United States","Voluntary: Firm initiated","Letter","Nationwide in the U.S.","D-1876-2019","Class II","Nucala (mepolizumab) Injection, 100 mg/mL Prefilled Syringe, Single-Dose, For subcutaneous use only, Rx Only, Manufactured by GlaxoSmithKline LLC, Philadelphia, PA 19112, Distributed by GlaxoSmithKline, Research Triangle Park, NC 27709, NDC 0173-0892-42.","38 syringes","Temperature Abuse; Product stored and shipped outside of labeled storage requirements.","09/06/2019","09/20/2019","10/08/2020","10/02/2019","Lot #: S25X, Exp. 03/31/21"
"Drugs","No","","83733","Terminated","Torrent Pharma Inc.","150 Allen Rd Ste 102","N/A","Basking Ridge","NJ","	07920-3856","United States","Voluntary: Firm initiated","Letter","Nationwide in the USA and Puerto Rico","D-1862-2019","Class II","Anagrelide Capsules, USP, 0.5 mg, 100-count bottle, Rx only,  Manufactured in India for: Torrent Pharma Inc., Basking Ridge, NJ 07920, NDC 13668-453-01.","2472 bottles","Failed Impurities/Degradation Specifications: High Out Of Specification results for impurities detected during routine stability testing.","09/06/2019","09/16/2019","11/03/2020","09/25/2019","Lot #: BFE2E003, Exp 08/31/2020"
"Drugs","No","","83722","Terminated","Compounded Solutions in Pharmacy","810 Main St","N/A","Monroe","CT","	06468-2809","United States","Voluntary: Firm initiated","Telephone","Product was dispensed to patients","D-1854-2019","Class II","10% Acetyl-L-Cysteine Ophthalmic Solutions, dispensed in a) 5ml, b) 10ml c) 15 ml, dropper bottles","a) 6x5ml  b) 4x10 c) 1x15 ml bottles,","Lack of Processing Controls:","09/03/2019","09/12/2019","03/04/2020","09/18/2019","Lots:  a) 08012019@33 exp: 8/15/19,   07182019@66 exp: 8/01/19,   07182019@15 exp: 8/01/19,   07012019@46 exp. 08/31/19,   07082019@27 exp: 8/31/19,     b) 07082019@55 exp: 8/31/19;   07182019@55 exp: 08/31/19;   06242019@55 exp: 8/31/19;   06202019@16 exp: 8/31/19    c) 08052019@11 exp: 11/3/19"
"Drugs","No","","83722","Terminated","Compounded Solutions in Pharmacy","810 Main St","N/A","Monroe","CT","	06468-2809","United States","Voluntary: Firm initiated","Telephone","Product was dispensed to patients","D-1855-2019","Class II","5% Acetyl-L-Cysteine Ophthalmic Solutions, dispensed in a) 5ml , b) 10ml dropper bottles","a) 4x5 ml, b) 1x10 ml bottles","Lack of Processing Controls:","09/03/2019","09/12/2019","03/04/2020","09/18/2019","Lots  a) 07182019@29 exp: 8/31/19,   07082019@2 exp: 8/31/19,  06052019@21 exp:08/31/19  06062019@52 exp: 6/25/19;     b) 07022019@28 exp: 8/31/19"
"Drugs","No","10/01/2019","83788","Terminated","Pfizer Inc.","235 E 42nd St","N/A","New York","NY","	10017-5703","United States","Voluntary: Firm initiated","Letter","Nationwide in the USA","D-0001-2020","Class III","ethosuximide capsules, USP, 250 mg, 100-count bottle, Rx Only, Distributed by: Greenstone LLC Peapack, NJ 07977 Made in Netherlands. NDC 59762-2250-2","7,824 100-count bottles","Labeling: Incorrect or Missing Lot and/or Exp Date.  The expiry date on the product label is incorrect. The label states an expiry date of 09/2021 when it should be 09/2020.","09/12/2019","10/01/2019","04/10/2023","10/02/2019","Lot #3267079A, Exp 09/2021"
"Drugs","No","10/01/2019","83788","Terminated","Pfizer Inc.","235 E 42nd St","N/A","New York","NY","	10017-5703","United States","Voluntary: Firm initiated","Letter","Nationwide in the USA","D-0002-2020","Class III","Zarontin (ethosuximide capsules, USP) 250 mg, 100-count bottle, Rx Onl,y Made in Netherlands Distributed by Parke-Davis Division of Pfizer In NY, NY 10017, NDC 0071-0237-24","7,686 100-count bottles","Labeling: Incorrect or Missing Lot and/or Exp Date.  The expiry date on the product label is incorrect. The label states an expiry date of 09/2021 when it should be 09/2020.","09/12/2019","10/01/2019","04/10/2023","10/02/2019","Lot #3267079, Exp 09/2021"
"Drugs","No","","83789","Terminated","KRS Global Biotechnology, Inc","791 Park of Commerce Blvd Ste 600","N/A","Boca Raton","FL","	33487-3633","United States","Voluntary: Firm initiated","Press Release","Nationwide","D-0039-2020","Class II","Alpha Lipoic Acid (PF) 750 mg/30 mL (25 mg/mL) 30 mL Single Dose Vial for IV Use, Rx Only, KRS Global Biotechnology 791 Park of Commerce Blvd, Boca Raton, FL 33487. NDC 3321674205","77 vials","Lack of Assurance of Sterility","09/12/2019","10/01/2019","08/19/2021","10/09/2019","All lots remaining within expiry."
"Drugs","No","","83581","Terminated","Aurolife Pharma, LLC","2400 US Highway 130","N/A","Dayton","NJ","	08810-1519","United States","Voluntary: Firm initiated","Letter","Nationwide in the USA","D-1870-2019","Class II","Fexofenadine Hydrochloride Tablets USP, 180 mg, packaged in a) 15-count cartons (NDC 62011-0315-1); and b) 30-count cartons (NDC 62011-0315-2) HealthMart PHARMACY, Distributed by McKesson, One Post Street, San Francisco, CA  94104.","a) 10,992 cartons; b) 24,792 cartons","Failed Impurities/Degradation Specifications","08/23/2019","09/17/2019","08/16/2022","09/25/2019","Lot #s: a) 067180010B, Exp 03/21; 067180024E1, Exp 07/21; b) 067180016A, Exp 05/21"
"Drugs","No","","83581","Terminated","Aurolife Pharma, LLC","2400 US Highway 130","N/A","Dayton","NJ","	08810-1519","United States","Voluntary: Firm initiated","Letter","Nationwide in the USA","D-1871-2019","Class II","Fexofenadine HCL Tablets USP, 180 mg, 500's BRITE STOCK; Manufactured for: Aurohealth LLC., 2572 Brunswick Pike, Lawrenceville, NJ  08648; Manufactured by: Aurolife Pharma LLC, Dayton, NJ  08810.","6104 bottles","Failed Impurities/Degradation Specifications","08/23/2019","09/17/2019","08/16/2022","09/25/2019","Lot #s:067180011A, 067180012A, Exp 04/21, 06718027B1, Exp 09/21"
"Drugs","No","","83581","Terminated","Aurolife Pharma, LLC","2400 US Highway 130","N/A","Dayton","NJ","	08810-1519","United States","Voluntary: Firm initiated","Letter","Nationwide in the USA","D-1872-2019","Class II","Allergy (Fexofenadine Hydrochloride) Tablets USP, 180 mg, 30-count bottles, Distributed by: Aurohealth LLC, 2572 Brunswick Pike, Lawrenceville, NJ  08648; NDC 58602-820-09.","240 bottles","Failed Impurities/Degradation Specifications","08/23/2019","09/17/2019","08/16/2022","09/25/2019","Lot #: 067180026A1, Exp 07/21"
"Drugs","No","","83581","Terminated","Aurolife Pharma, LLC","2400 US Highway 130","N/A","Dayton","NJ","	08810-1519","United States","Voluntary: Firm initiated","Letter","Nationwide in the USA","D-1873-2019","Class II","Wal-Fex (Fexofenadine Hydrochloride) Tablets USP, 180 mg, 5-count cartons, Distributed By: Walgreen Co., 200 Wilmot Rd., Deerfield, IL  60015, NDC 0363-0097-55.","4920 cartons","Failed Impurities/Degradation Specifications","08/23/2019","09/17/2019","08/16/2022","09/25/2019","Lot #: 06718027A1, Exp 09/21"
"Drugs","No","","83581","Terminated","Aurolife Pharma, LLC","2400 US Highway 130","N/A","Dayton","NJ","	08810-1519","United States","Voluntary: Firm initiated","Letter","Nationwide in the USA","D-1874-2019","Class II","Allergy (Fexofenadine Hydrochloride) Tablets USP, 180 mg, 30-count cartons, DISCOUNT drug mart FOOD FAIR, Distributed by: Discount Drug Mart, 211 Commerce Drive, Medina, OH  44256, NDC 53943-021-09.","4536 cartons","Failed Impurities/Degradation Specifications","08/23/2019","09/17/2019","08/16/2022","09/25/2019","Lot #: 067180024B1, Exp 07/21"
"Drugs","No","","83796","Terminated","Spectrum Laboratory Products","14422 S San Pedro St","N/A","Gardena","CA","	90248-2027","United States","Voluntary: Firm initiated","Letter","Product was distributed to compounding pharmacies and labs in CA, CO, MD, SC.","D-0141-2020","Class II","Fentanyl Citrate USP, Active Pharmaceutical Ingredient, Spectrum Chemical MFG. CORP., Gardena, CA 90248 NDC 49452-0032-06","29.1 grams","CGMP Deviations: Received notice from supplier that there is potential glass contamination.","09/12/2019","10/15/2019","11/10/2020","10/23/2019","Lot # 1HE0899, 1IB0005, Exp 02/28/2023"
"Drugs","No","10/09/2019","83798","Terminated","GUERBET LLC","821 Alexander Rd, Ste 204","120 W 7th St   Suite","Princeton","NJ","	08540-0000","United States","Voluntary: Firm initiated","Letter","Nationwide in the USA","D-0137-2020","Class II","Optiray 320 (ioversol) Injection 68%, 320 mg/mL Organically Bound Iodine, packaged in 1 - 100 mL Ultraject Prefilled Syringe For Power Injection per carton, RFID Technology, Rx Only, Manufactured by: Liebel-Flarshelm Company, LLC., Raleigh, NC 27616; NDC 0019-1323-00.","3860 syringes","Labeling: Not Elsewhere Classified: RFID formatting error which reads product in Ultraject syringe as expired and will not allow injection of product by the Optivantage injector.","09/13/2019","10/09/2019","10/25/2021","10/16/2019","Lots: L141C, L162A Exp. 06/2021; L146DS, Exp. 05/2021"
"Drugs","No","10/02/2019","83809","Terminated","EPI Health, LLC","134 Columbus St","N/A","Charleston","SC","	29403-4809","United States","Voluntary: Firm initiated","E-Mail","Firm recalling only from EPI Field Representatives.","D-0120-2020","Class III","minolira (minocycline hydrochloride) extended-release tablets 135 mg* Physician Sample Not for Sale 5 Tablets,  Rx Only, Mfg by: Dr. Reddy's Laboratories Limited, FTO-SEZ, Process Unit-01 Devunipalavalasa Village Srikakulam (District) Andhra Pradesh, INDIA. Manufactured for: EPI Health, LLC 134 Columbus St. Charleston, SC 29403 USA. NDC 71403-102-05.","1,626 5-count bottles","Failed Dissolution Specifications:","08/26/2019","10/02/2019","08/18/2021","10/02/2019","Lot# T900093, Exp 11/2020"
"Drugs","No","10/09/2019","83798","Terminated","GUERBET LLC","821 Alexander Rd, Ste 204","120 W 7th St   Suite","Princeton","NJ","	08540-0000","United States","Voluntary: Firm initiated","Letter","Nationwide in the USA","D-0138-2020","Class III","Sodium Chloride Injection USP 0.9%, packaged in 1 - 125 mL Ultraject Prefilled Syringe For Power Injection per carton, RFID Technology, Rx Only, Manufactured by: Liebel-Flarshelm Company, LLC., Raleigh, NC 27616; NDC 0019-1188-27.","3140 syringes","Labeling: Not Elsewhere Classified: RFID formatting error which reads product in Ultraject syringe as expired and will not allow injection of product by the Optivantage injector.","09/13/2019","10/09/2019","10/25/2021","10/16/2019","Lots: L159A, Exp. 06/2021; L169A, Exp. 07/2021"
"Drugs","No","","83833","Terminated","Avella of Deer Valley, Inc. Store 38","24416 N 19th Ave","N/A","Phoenix","AZ","	85085-1887","United States","N/A","N/A","Nationwide within the United States","D-0152-2020","Class II","Povidone Iodine, 5% Ophthalmic Solution, 5 mL per droptainer, Repackaged by:  Avella Specialty Pharmacy, 24416 N. 19th Ave., Phoenix, AZ 85085.  NDC 42852-006-20","808 droptainers","Lack of sterility assurance.","09/18/2019","10/18/2019","12/04/2019","10/30/2019","Lot #: 138-20190205@3, Exp . Date 10/29/2019; 138-20190705@7, Exp. Date 11/3/2019"
"Drugs","No","11/14/2019","83669","Terminated","First Royal Care Co. LLC, dba Red Mountain Compounding Pharmacy","6828 E Brown Rd Ste 101","N/A","Mesa","AZ","	85207-3761","United States","Voluntary: Firm initiated","Letter","Nationwide in the USA","D-0259-2020","Class II","S-CALCIUM GLUCONATE 1% OPTH IRRIGATION, 50ML plastic container, RX Only, Red Mountain Compounding RX                                                                                                                                                                  ","1x50 ml plastic container","Lack of Assurance of Sterility","08/12/2019","11/05/2019","04/13/2023","11/13/2019","Lot #:  S07162019DT@05 exp: 8/14/2019"
"Drugs","No","","83835","Terminated","GCP Laboratories Inc","3600 25th Ave","N/A","Gulfport","MS","	39501-6922","United States","Voluntary: Firm initiated","Letter","Distributed in MI and further distributed Nationwide.","D-0126-2020","Class II","Major Infants' Gas Relief Drops, Simethicone Oral Suspension USP, 1 FL OZ (30 mL) bottle, Distributed by: Major Pharmaceuticals 17177 N Laurel Park Drive, Suite 233 Livonia, MI 48152 USA. NDC 0904-5894-30","31,392 30 mL bottles","Microbial Contamination of Non-Sterile Product.","09/18/2019","10/07/2019","02/05/2021","10/16/2019","Lot: WBD003 Exp. 03/21"
"Drugs","No","","83840","Ongoing","Torrent Pharma Inc.","150 Allen Rd Ste 102","N/A","Basking Ridge","NJ","	07920-3856","United States","Voluntary: Firm initiated","Two or more of the following: Email, Fax, Letter, Press Release, Telephone, Visit","Nationwide USA and Puerto Rico","D-0121-2020","Class II","Losartan Potassium Tablets, USP 50mg, 1000 tablets per bottle, Rx Only, Manufactured for:  Torrent Pharma Inc., Basking Ridge, NJ 07920.  NDC: 13668-409-10","8,688 bottles","CGMP Deviations: FDA lab confirmed presence of an impurity, N-Methylnitrosobutyric acid (NMBA) in the finished product above the interim acceptable daily intake level of 9.82 parts per million.","09/19/2019","10/02/2019","N/A","10/09/2019","Lot 4DU2E009"
"Drugs","No","","83840","Ongoing","Torrent Pharma Inc.","150 Allen Rd Ste 102","N/A","Basking Ridge","NJ","	07920-3856","United States","Voluntary: Firm initiated","Two or more of the following: Email, Fax, Letter, Press Release, Telephone, Visit","Nationwide USA and Puerto Rico","D-0122-2020","Class II","Losartan Potassium Tablets, USP 100 mg, [90 or 1000] tablets per bottle, Rx Only, Manufactured for:  Torrent Pharma Inc., Basking Ridge, NJ 07920.  NDC 90 tablets: 13668-115-90; NDC 1000 tablets: 13668-115-10","39,432 bottles","CGMP Deviations: FDA lab confirmed presence of an impurity, N-Methylnitrosobutyric acid (NMBA) in the finished product above the interim acceptable daily intake level of 9.82 parts per million.","09/19/2019","10/02/2019","N/A","10/09/2019","Count, lot, expiry: [90 count] Lot 4DU3E009, exp 12/31/2020; [1000 count] Lot 4DU3D018, exp 02/28/2021"
"Drugs","No","","83840","Ongoing","Torrent Pharma Inc.","150 Allen Rd Ste 102","N/A","Basking Ridge","NJ","	07920-3856","United States","Voluntary: Firm initiated","Two or more of the following: Email, Fax, Letter, Press Release, Telephone, Visit","Nationwide USA and Puerto Rico","D-0123-2020","Class II","Losartan Potassium /Hydrochlorothiazide Tablets, USP 50mg/12.5mg, 90 tablets per bottle, Rx Only,  Manufactured for: Torrent Pharma Inc., Basking Ridge, NJ 07920.  NDC:  13668-116-90","17,088 bottles","CGMP Deviations: FDA lab confirmed presence of an impurity, N-Methylnitrosobutyric acid (NMBA) in the finished product above the interim acceptable daily intake level of 9.82 parts per million.","09/19/2019","10/02/2019","N/A","10/09/2019","Lot BEF7D051"
"Drugs","No","","83840","Ongoing","Torrent Pharma Inc.","150 Allen Rd Ste 102","N/A","Basking Ridge","NJ","	07920-3856","United States","Voluntary: Firm initiated","Two or more of the following: Email, Fax, Letter, Press Release, Telephone, Visit","Nationwide USA and Puerto Rico","D-0124-2020","Class II","Losartan Potassium/ Hydrochlorothiazide Tablets, USP 100mg/25mg, 90 tablets per bottle, Rx Only, Manufactured for: Torrent Pharma Inc., Basking Ridge, NJ 07920.  NDC: 13668-118-90","8,688 bottles","CGMP Deviations: FDA lab confirmed presence of an impurity, N-Methylnitrosobutyric acid (NMBA) in the finished product above the interim acceptable daily intake level of 9.82 parts per million.","09/19/2019","10/02/2019","N/A","10/09/2019","Lot 4P04D007"
"Drugs","No","","83843","Terminated","Akorn, Inc.","1925 W Field Ct Ste 300","N/A","Lake Forest","IL","	60045-4862","United States","Voluntary: Firm initiated","Letter","Nationwide in the USA and Puerto Rico","D-1883-2019","Class II","Phenylephrine Hydrochloride Ophthalmic Solution, USP, 2.5%, 15 mL bottle, Rx only, Mfd. by: Akorn, Inc., Lake Forest, IL 60045; NDC 17478-201-15.","60,176 bottles","Lack of Assurance of Sterility: Out of specification results for container closure test which cannot guarantee the sterility of the product.","09/20/2019","09/30/2019","08/01/2022","10/09/2019","Lot #: 031908A, Exp 03/20"
"Drugs","No","","83848","Terminated","Aurobindo Pharma USA Inc.","279 Princeton Hightstown Rd","N/A","East Windsor","NJ","	08520-1401","United States","Voluntary: Firm initiated","Letter","Nationwide in the US","D-0143-2020","Class II","Dextroamphetamine Sacharate, Amphetamine Aspartate, Dextroamphetamine Sulfate and Amphetamine Sulfate Tablets, Mixed Salts of a single Entity Amphetamine Product), 20mg, 100-count bottle, RX Only, Distributed by: Aurobindo Pharma USA Inc., Dayton, NJ 08810, NDC 13107-073-01   ","11,129 100-count bottles","Superpotent Drug: Amphetamine Mixed Salts 20mg have been found to be out of specification for weight and thickness.","09/19/2019","10/15/2019","04/04/2023","10/23/2019","Batch 07319032A1, Exp 02/2021"
"Drugs","No","","83427","Terminated","Colonia Care Pharmacy","515 Inman Ave Ste A","N/A","Colonia","NJ","	07067-1114","United States","Voluntary: Firm initiated","Letter","Patient Specific Prescriptions in NJ","D-0007-2020","Class II","C-CALCIUM GLUCNATE 1% INJECTION SOLN, 10 mL vial, Rx only, Colonia Care Pharmacy, 515 Inman Ave., Suite A, Colonia, N.J. 07067","1 vial","Lack of Assurance of Sterility: product sterility cannot be guaranteed.","07/24/2019","10/01/2019","04/05/2023","10/09/2019","Lot #: 071119C, BUD 08/25/19"
"Drugs","No","","83849","Terminated","Epic Pharma, LLC","22715 N Conduit Ave","N/A","Laurelton","NY","	11413-3134","United States","Voluntary: Firm initiated","Letter","Nationwide within the United States","D-0135-2020","Class II","Estradiol  tablets, 0.5 mg, 100-count bottles, Rx only, Distributed by Epic Pharma, LLC Laurelton, NY 11413, NDC 42806-087-01","11,472 (bottles of 100)","Presence of Foreign Tablets/Capsules: Estradiol 1 mg was found in a 100 count bottle of Estradiol 0.5 mg Tablets.","09/26/2019","10/09/2019","05/31/2023","10/16/2019","Lot #: 19094A, Exp. 2021"
"Drugs","No","","83427","Terminated","Colonia Care Pharmacy","515 Inman Ave Ste A","N/A","Colonia","NJ","	07067-1114","United States","Voluntary: Firm initiated","Letter","Patient Specific Prescriptions in NJ","D-0008-2020","Class II","C-CROMOLYN SOD 20 MG/2 ML INHALATION SOLUTION, 120 mL in 60 nebulizer vials, Rx only, Colonia Care Pharmacy, 515 Inman Ave., Suite A, Colonia, N.J. 07067","60 nebulizer vials","Lack of Assurance of Sterility: product sterility cannot be guaranteed.","07/24/2019","10/01/2019","04/05/2023","10/09/2019","Lot #: 070219B, BUD 08/06/19"
"Drugs","No","","83427","Terminated","Colonia Care Pharmacy","515 Inman Ave Ste A","N/A","Colonia","NJ","	07067-1114","United States","Voluntary: Firm initiated","Letter","Patient Specific Prescriptions in NJ","D-0009-2020","Class II","C-DEXAMETHASONE 24MG/ML INJ SOLUTION, packaged in 1 mL single dose vials, Rx only, Colonia Care Pharmacy, 515 Inman Ave., Suite A, Colonia, N.J. 07067","37 vials","Lack of Assurance of Sterility: product sterility cannot be guaranteed.","07/24/2019","10/01/2019","04/05/2023","10/09/2019","Lot #: 070319G, BUD 08/17/19; 071219P, BUD 08/26/19"
"Drugs","No","","83851","Terminated","KVK-Tech, Inc.","110 Terry Dr","N/A","Newtown","PA","	18940-3427","United States","Voluntary: Firm initiated","Letter","Nationwide in the U.S.","D-0142-2020","Class III","Methylphenidate Hydrochloride Oral Solution 5mg per 5mL, 500 mL Bottle, Sugar Free Alcohol Free, Rx Only, Mfd by: KVK Tech, Inc., Newtown, PA 18940, NDC 10702-0163-50.","384 bottles","Presence of Foreign Substance; Fiber particles.","10/04/2019","10/15/2019","04/20/2020","10/23/2019","Batch # 15315A, Exp. 02/2021"
"Drugs","No","","83427","Terminated","Colonia Care Pharmacy","515 Inman Ave Ste A","N/A","Colonia","NJ","	07067-1114","United States","Voluntary: Firm initiated","Letter","Patient Specific Prescriptions in NJ","D-0010-2020","Class II","C-EDETATE DISODIUM 1.5% OPHTH SOLUTION, 10 ML droptainer bottle, Rx only, Colonia Care Pharmacy, 515 Inman Ave., Suite A, Colonia, N.J. 07067","1 droptainer vial","Lack of Assurance of Sterility: product sterility cannot be guaranteed.","07/24/2019","10/01/2019","04/05/2023","10/09/2019","Lot #: 072219B, BUD 08/05/19"
"Drugs","No","","83427","Terminated","Colonia Care Pharmacy","515 Inman Ave Ste A","N/A","Colonia","NJ","	07067-1114","United States","Voluntary: Firm initiated","Letter","Patient Specific Prescriptions in NJ","D-0011-2020","Class II","C-GENTAMICIN 30MG/ML INJ SOLUTION SDV, 3 mL vial, Rx only, Colonia Care Pharmacy, 515 Inman Ave., Suite A, Colonia, N.J. 07067","1 vial","Lack of Assurance of Sterility: product sterility cannot be guaranteed.","07/24/2019","10/01/2019","04/05/2023","10/09/2019","Lot #: 070319J, BUD 08/17/19"
"Drugs","No","11/14/2019","83669","Terminated","First Royal Care Co. LLC, dba Red Mountain Compounding Pharmacy","6828 E Brown Rd Ste 101","N/A","Mesa","AZ","	85207-3761","United States","Voluntary: Firm initiated","Letter","Nationwide in the USA","D-0260-2020","Class II","S-DMSO 6.25% OPTH SOLN, 10 ml dropper bottle, Rx Only, Red Mountain Compounding Rx                                                                                                                                                              ","7x10 ml dropper bottles","Lack of Assurance of Sterility","08/12/2019","11/05/2019","04/13/2023","11/13/2019","Lot #:S05082019ST@05, Exp 8/8/19;  S05212019DT@08, Exp 8/21/19; S05312019DT@10, Exp 8/31/19; S06272019DT@03, Exp 9/27/19; S07222019DH@06, Exp 10/22/19"
"Drugs","No","","83265","Completed","Altaire Pharmaceuticals, Inc.","311 W Ln","PO Box 849","Aquebogue","NY","	11931-0849","United States","Voluntary: Firm initiated","Two or more of the following: Email, Fax, Letter, Press Release, Telephone, Visit","U.S.A. Nationwide","D-0461-2020","Class II","Altaire Diclofenac Sodium Opthalmic Solution, 0.1%, 5 mL, Rx only, Manufactured Altaire Pharmaceuticals, NDC 59390-149-05  ","49527 units","Lack of Assurance of Sterility","07/02/2019","11/15/2019","N/A","11/27/2019","17225 07/19  17247 08/19  18038 02/20  18162 06/20  19014 01/21"
"Drugs","No","","83858","Terminated","Morton Grove Pharmaceuticals, Inc.","6451 Main St","N/A","Morton Grove","IL","	60053-2633","United States","Voluntary: Firm initiated","Letter","Nationwide USA and Puerto Rico","D-0130-2020","Class II","Prednisolone Sodium Phosphate Oral Solution, 15 mg/5 mL, packaged in a 8 fl oz (237 mL) bottle, Rx only, Manufactured By Morton Grove Pharmaceuticals, Inc., Morton Grove, IL 60053. NDC 60432-212-08","196,408 bottles","Failed Impurities/Degradation Specifications - failed specs for Prednisolone Impurity 14","09/23/2019","10/08/2019","09/24/2022","10/16/2019","Lot #: US1450, Exp 10/31/19; US1570, Exp 12/31/19; UT1018, Exp 1/31/19; UT1173, Exp 6/30/20; UT1348, UT1354, Exp 8/31/20"
"Drugs","No","","83427","Terminated","Colonia Care Pharmacy","515 Inman Ave Ste A","N/A","Colonia","NJ","	07067-1114","United States","Voluntary: Firm initiated","Letter","Patient Specific Prescriptions in NJ","D-0012-2020","Class II","C-HYDROXOCOBALAMIN 5 MG/ML INJECTION SOLUTION, 1 mL syringe, Rx only, Colonia Care Pharmacy, 515 Inman Ave., Suite A, Colonia, N.J. 07067","30 syringe","Lack of Assurance of Sterility: product sterility cannot be guaranteed.","07/24/2019","10/01/2019","04/05/2023","10/09/2019","Lot #: 062619E, BUD 08/10/19"
"Drugs","No","","83427","Terminated","Colonia Care Pharmacy","515 Inman Ave Ste A","N/A","Colonia","NJ","	07067-1114","United States","Voluntary: Firm initiated","Letter","Patient Specific Prescriptions in NJ","D-0013-2020","Class II","C-HYDROXOCOBALAMIN 25 MG/ML INJECTION SOLUTION, 1 mL syringe, Rx only, Colonia Care Pharmacy, 515 Inman Ave., Suite A, Colonia, N.J. 07067","15 syringes","Lack of Assurance of Sterility: product sterility cannot be guaranteed.","07/24/2019","10/01/2019","04/05/2023","10/09/2019","Lot #: 070919E, BUD 08/23/19"
"Drugs","No","","83427","Terminated","Colonia Care Pharmacy","515 Inman Ave Ste A","N/A","Colonia","NJ","	07067-1114","United States","Voluntary: Firm initiated","Letter","Patient Specific Prescriptions in NJ","D-0014-2020","Class II","C-HYDROXYPROGESTERONE CAPRO 250MG/ML INJECTION, 5 mL vial, Rx only, Colonia Care Pharmacy, 515 Inman Ave., Suite A, Colonia, N.J. 07067","18 vials","Lack of Assurance of Sterility: product sterility cannot be guaranteed.","07/24/2019","10/01/2019","04/05/2023","10/09/2019","Lot #: 041119A, BUD 10/08/19; 051019J, BUD 11/6/19;  070519C, BUD 01/01/20"
"Drugs","No","","83789","Terminated","KRS Global Biotechnology, Inc","791 Park of Commerce Blvd Ste 600","N/A","Boca Raton","FL","	33487-3633","United States","Voluntary: Firm initiated","Press Release","Nationwide","D-0040-2020","Class II","Ascorbic Acid (Tapioca Source) (PF) 25 g/50 mL (0.5 g/mL) 50 mL Vial-Single Dose Only-For IV/SC/IM Use, Rx Only, KRS Global Biotechnology 791 Park of Commerce Blvd, Boca Raton, FL 33487 NDC 3321675412","2219 vials","Lack of Assurance of Sterility","09/12/2019","10/01/2019","08/19/2021","10/09/2019","All lots remaining within expiry."
"Drugs","No","","83789","Terminated","KRS Global Biotechnology, Inc","791 Park of Commerce Blvd Ste 600","N/A","Boca Raton","FL","	33487-3633","United States","Voluntary: Firm initiated","Press Release","Nationwide","D-0041-2020","Class II","Ascorbic Acid (Tapioca Source) 25 g/50 mL (0.5 g/mL) 50 mL Vial--For SC/IM Use-Contains Sulfites, Rx Only, KRS Global Biotechnology 791 Park of Commerce Blvd, Boca Raton, FL 33487. NDC 3321675033","602 vials","Lack of Assurance of Sterility","09/12/2019","10/01/2019","08/19/2021","10/09/2019","All lots remaining within expiry."
"Drugs","No","","83789","Terminated","KRS Global Biotechnology, Inc","791 Park of Commerce Blvd Ste 600","N/A","Boca Raton","FL","	33487-3633","United States","Voluntary: Firm initiated","Press Release","Nationwide","D-0042-2020","Class II","Bacteriostatic Water for Injection, 30 mL Vial, Rx Only, KRS Global Biotechnology791 Park of Commerce Blvd, Boca Raton, FL 33487. NDC 3321674177","6568 vials","Lack of Assurance of Sterility","09/12/2019","10/01/2019","08/19/2021","10/09/2019","All lots remaining within expiry."
"Drugs","No","","83789","Terminated","KRS Global Biotechnology, Inc","791 Park of Commerce Blvd Ste 600","N/A","Boca Raton","FL","	33487-3633","United States","Voluntary: Firm initiated","Press Release","Nationwide","D-0043-2020","Class II","Bimix #3 (Papaverine HCl 30 mg/mL/Phentolamine Mesylate 3 mg/mL) in 5 mL Vial, Rx Only, KRS Global Biotechnology 791 Park of Commerce Blvd, Boca Raton, FL 33487. NDC 3321676500","162 vials","Lack of Assurance of Sterility","09/12/2019","10/01/2019","08/19/2021","10/09/2019","All lots remaining within expiry."
"Drugs","No","","83789","Terminated","KRS Global Biotechnology, Inc","791 Park of Commerce Blvd Ste 600","N/A","Boca Raton","FL","	33487-3633","United States","Voluntary: Firm initiated","Press Release","Nationwide","D-0044-2020","Class II","L-Carnitine 27 mL in a 30 mL Vial, 4,590 mg/27 mL (170 mg/mL) Rx Only, KRS Global Biotechnology 791 Park of Commerce Blvd, Boca Raton, FL 33487. NDC 3321674166","10014 vials","Lack of Assurance of Sterility","09/12/2019","10/01/2019","08/19/2021","10/09/2019","All lots remaining within expiry."
"Drugs","No","","83789","Terminated","KRS Global Biotechnology, Inc","791 Park of Commerce Blvd Ste 600","N/A","Boca Raton","FL","	33487-3633","United States","Voluntary: Firm initiated","Press Release","Nationwide","D-0045-2020","Class II","L-Carnitine 27 mL Fill in a 30 mL Vial, For Dilution Use Only, 2,025 mg/27 mL (75 mg/mL) Rx Only, KRS Global Biotechnology 791 Park of Commerce Blvd, Boca Raton, FL 33487. NDC 3321676396","6447 vials","Lack of Assurance of Sterility","09/12/2019","10/01/2019","08/19/2021","10/09/2019","All lots remaining within expiry."
"Drugs","No","","83789","Terminated","KRS Global Biotechnology, Inc","791 Park of Commerce Blvd Ste 600","N/A","Boca Raton","FL","	33487-3633","United States","Voluntary: Firm initiated","Press Release","Nationwide","D-0046-2020","Class II","ePHEDrine Sulfate in 0.9% Sodium Chloride (PF), 50 mg/5 mL (10 mg/mL) 5 mL Fill in a 6 mL Syringe, Single Dose Syringe.  KRS Global Biotechnology 791 Park of Commerce Blvd, Boca Raton, FL 33487. NDC 3321678375","3895 syringes","Lack of Assurance of Sterility","09/12/2019","10/01/2019","08/19/2021","10/09/2019","All lots remaining within expiry."
"Drugs","No","","83789","Terminated","KRS Global Biotechnology, Inc","791 Park of Commerce Blvd Ste 600","N/A","Boca Raton","FL","	33487-3633","United States","Voluntary: Firm initiated","Press Release","Nationwide","D-0047-2020","Class II","ePHEDrine Sulfate in 0.9% Sodium Chloride (PF) 25 mg/5 mL (5 mg/mL) 5 mL Fill in a 6 mL Syringe, Single Dose Syringe, Rx Only,  KRS Global Biotechnology 791 Park of Commerce Blvd, Boca Raton, FL 33487. NDC 3321678374","12445 syringes","Lack of Assurance of Sterility","09/12/2019","10/01/2019","08/19/2021","10/09/2019","All lots remaining within expiry."
"Drugs","No","","83789","Terminated","KRS Global Biotechnology, Inc","791 Park of Commerce Blvd Ste 600","N/A","Boca Raton","FL","	33487-3633","United States","Voluntary: Firm initiated","Press Release","Nationwide","D-0048-2020","Class II","ePHEDrine Sulfate in 0.9% Sodium Chloride (PF) 50 mg/10 mL (5 mg/mL) 10 mL Fill in a 12 mL Single Dose Syringe, Rx Only, KRS Global Biotechnology 791 Park of Commerce Blvd, Boca Raton, FL 33487. NDC 3321678373","16585 syringes","Lack of Assurance of Sterility","09/12/2019","10/01/2019","08/19/2021","10/09/2019","All lots remaining within expiry."
"Drugs","No","","83789","Terminated","KRS Global Biotechnology, Inc","791 Park of Commerce Blvd Ste 600","N/A","Boca Raton","FL","	33487-3633","United States","Voluntary: Firm initiated","Press Release","Nationwide","D-0049-2020","Class II","fentaNYL Citrate in 0.9% Sodium Chloride (PF) 1,000 mcg/100 mL (10 mcg/mL) 100 mL Fill in 150 mL IV Bag, Rx Only,  KRS Global Biotechnology 791 Park of Commerce Blvd, Boca Raton, FL 33487. NDC 33216282300","492 bags","Lack of Assurance of Sterility","09/12/2019","10/01/2019","08/19/2021","10/09/2019","All lots remaining within expiry."
"Drugs","No","","83789","Terminated","KRS Global Biotechnology, Inc","791 Park of Commerce Blvd Ste 600","N/A","Boca Raton","FL","	33487-3633","United States","Voluntary: Firm initiated","Press Release","Nationwide","D-0050-2020","Class II","fentaNYL Citrate in 0.9% Sodium Chloride (PF), 2,000 mcg/100 mL (20 mcg/mL) 100 mL Fill in 150 mL IV Bag,  Rx Only,  KRS Global Biotechnology 791 Park of Commerce Blvd, Boca Raton, FL 33487.  NDC 33216286300","934 bags","Lack of Assurance of Sterility","09/12/2019","10/01/2019","08/19/2021","10/09/2019","All lots remaining within expiry."
"Drugs","No","","83789","Terminated","KRS Global Biotechnology, Inc","791 Park of Commerce Blvd Ste 600","N/A","Boca Raton","FL","	33487-3633","United States","Voluntary: Firm initiated","Press Release","Nationwide","D-0051-2020","Class II","fentaNYL Citrate in 0.9% Sodium Chloride (PF) 2,500 mcg/100 mL (25 mcg/mL) 100 mL Fill in 150 mL IV Bag, Rx Only, KRS Global Biotechnology 791 Park of Commerce Blvd, Boca Raton, FL 33487 NDC 33216286000","1882 bags","Lack of Assurance of Sterility","09/12/2019","10/01/2019","08/19/2021","10/09/2019","All lots remaining within expiry."
"Drugs","No","","83789","Terminated","KRS Global Biotechnology, Inc","791 Park of Commerce Blvd Ste 600","N/A","Boca Raton","FL","	33487-3633","United States","Voluntary: Firm initiated","Press Release","Nationwide","D-0052-2020","Class II","Fluorescein (PF) Lyophilized-For IV Use, Single Dose Vial, 500 mg/vial, Rx Only, KRS Global Biotechnology 791 Park of Commerce Blvd, Boca Raton, FL 33487. NDC 3321676632","1980 vials","Lack of Assurance of Sterility","09/12/2019","10/01/2019","08/19/2021","10/09/2019","All lots remaining within expiry."
"Drugs","No","","83789","Terminated","KRS Global Biotechnology, Inc","791 Park of Commerce Blvd Ste 600","N/A","Boca Raton","FL","	33487-3633","United States","Voluntary: Firm initiated","Press Release","Nationwide","D-0053-2020","Class II","Glutathione 30 mL Vial-For IM Use-Hypertonic solution, 6,000 mg/30 mL (200 mg/mL) Rx Only, KRS Global Biotechnology 791 Park of Commerce Blvd, Boca Raton, FL 33487. NDC3321674186","402 vials","Lack of Assurance of Sterility","09/12/2019","10/01/2019","08/19/2021","10/09/2019","All lots remaining within expiry."
"Drugs","No","","83789","Terminated","KRS Global Biotechnology, Inc","791 Park of Commerce Blvd Ste 600","N/A","Boca Raton","FL","	33487-3633","United States","Voluntary: Firm initiated","Press Release","Nationwide","D-0054-2020","Class II","GLYCOpyrrolate (PF) 0.6 mg/3 mL (0.2 mg/mL) in 3 mL Single Dose Syringe, Rx Only, KRS Global Biotechnology 791 Park of Commerce Blvd, Boca Raton, FL 33487. NDC3321678316","10630 syringes","Lack of Assurance of Sterility","09/12/2019","10/01/2019","08/19/2021","10/09/2019","All lots remaining within expiry."
"Drugs","No","","83789","Terminated","KRS Global Biotechnology, Inc","791 Park of Commerce Blvd Ste 600","N/A","Boca Raton","FL","	33487-3633","United States","Voluntary: Firm initiated","Press Release","Nationwide","D-0055-2020","Class II","GLYCOpyrrolate (PF) 1 mg/5 mL (0.2 mg/mL) 5 mL Fill in a 6 mL Single Dose Syringe, Rx Only, KRS Global Biotechnology 791 Park of Commerce Blvd, Boca Raton, FL 33487. NDC03321678317","2625 syringes","Lack of Assurance of Sterility","09/12/2019","10/01/2019","08/19/2021","10/09/2019","All lots remaining within expiry."
"Drugs","No","","83789","Terminated","KRS Global Biotechnology, Inc","791 Park of Commerce Blvd Ste 600","N/A","Boca Raton","FL","	33487-3633","United States","Voluntary: Firm initiated","Press Release","Nationwide","D-0056-2020","Class II","Human Chorionic Gonadotropin 11,000 Units/Vials Lyophilized For SC/IM Use, Rx Only, KRS Global Biotechnology 791 Park of Commerce Blvd, Boca Raton, FL 33487. NDC 3321673974","6620 vials","Lack of Assurance of Sterility","09/12/2019","10/01/2019","08/19/2021","10/09/2019","All lots remaining within expiry."
"Drugs","No","","83789","Terminated","KRS Global Biotechnology, Inc","791 Park of Commerce Blvd Ste 600","N/A","Boca Raton","FL","	33487-3633","United States","Voluntary: Firm initiated","Press Release","Nationwide","D-0057-2020","Class II","Human Chorionic Gonadotropin 20,000 Units/Vials Lyophilized For SC/IM Use, Rx Only, KRS Global Biotechnology791 Park of Commerce Blvd, Boca Raton, FL 33487. NDC 3321673977","1871 vials","Lack of Assurance of Sterility","09/12/2019","10/01/2019","08/19/2021","10/09/2019","All lots remaining within expiry."
"Drugs","No","","83789","Terminated","KRS Global Biotechnology, Inc","791 Park of Commerce Blvd Ste 600","N/A","Boca Raton","FL","	33487-3633","United States","Voluntary: Firm initiated","Press Release","Nationwide","D-0058-2020","Class II","Human Chorionic Gonadotropin 5,000 Units/Vials Lyophilized For SC/IM Use, Rx Only, KRS Global Biotechnology 791 Park of Commerce Blvd, Boca Raton, FL 33487. NDC03321673964","2219 vials","Lack of Assurance of Sterility","09/12/2019","10/01/2019","08/19/2021","10/09/2019","All lots remaining within expiry."
"Drugs","No","","83789","Terminated","KRS Global Biotechnology, Inc","791 Park of Commerce Blvd Ste 600","N/A","Boca Raton","FL","	33487-3633","United States","Voluntary: Firm initiated","Press Release","Nationwide","D-0059-2020","Class II","Human Chorionic Gonadotropin 6,000 Units/Vials Lyophilized For SC/IM Use, Rx Only, KRS Global Biotechnology 791 Park of Commerce Blvd, Boca Raton, FL 33487. NDC 3321673969","2263 vials","Lack of Assurance of Sterility","09/12/2019","10/01/2019","08/19/2021","10/09/2019","All lots remaining within expiry."
"Drugs","No","","83789","Terminated","KRS Global Biotechnology, Inc","791 Park of Commerce Blvd Ste 600","N/A","Boca Raton","FL","	33487-3633","United States","Voluntary: Firm initiated","Press Release","Nationwide","D-0060-2020","Class II","Hyaluronidase (PF) Ophthalmic Injection 450 Units/3 mL (150 Units/mL) 3 mL Fill in a 5 mL Single Dose Vial, Rx Only, KRS Global Biotechnology 791 Park of Commerce Blvd, Boca Raton, FL 33487. NDC 3321678359","928 vials","Lack of Assurance of Sterility","09/12/2019","10/01/2019","08/19/2021","10/09/2019","All lots remaining within expiry."
"Drugs","No","","83789","Terminated","KRS Global Biotechnology, Inc","791 Park of Commerce Blvd Ste 600","N/A","Boca Raton","FL","	33487-3633","United States","Voluntary: Firm initiated","Press Release","Nationwide","D-0061-2020","Class II","Hydroxocobalamin 10 mL Vial 5 mg/10 mL (0.5 mg/mL) For IM Use, Rx Only, KRS Global Biotechnology 791 Park of Commerce Blvd, Boca Raton, FL 33487. NDC 3321678336","1528","Lack of Assurance of Sterility","09/12/2019","10/01/2019","08/19/2021","10/09/2019","All lots remaining within expiry."
"Drugs","No","","83789","Terminated","KRS Global Biotechnology, Inc","791 Park of Commerce Blvd Ste 600","N/A","Boca Raton","FL","	33487-3633","United States","Voluntary: Firm initiated","Press Release","Nationwide","D-0062-2020","Class II","Hydroxocobalamin 10 mg/20 mL (0.5 mg/mL) 20 mL fill in a 30 mL Vial, Rx Only, KRS Global Biotechnology 791 Park of Commerce Blvd, Boca Raton, FL 33487. NDC 3321678337","345 vials","Lack of Assurance of Sterility","09/12/2019","10/01/2019","08/19/2021","10/09/2019","All lots remaining within expiry."
"Drugs","No","","83789","Terminated","KRS Global Biotechnology, Inc","791 Park of Commerce Blvd Ste 600","N/A","Boca Raton","FL","	33487-3633","United States","Voluntary: Firm initiated","Press Release","Nationwide","D-0063-2020","Class II","Hydroxocobalamin 30 mg/30 mL (1 mg/mL) 30 mL Vial For IM Use, Rx Only, KRS Global Biotechnology 791 Park of Commerce Blvd, Boca Raton, FL 33487. NDC 3321678334","345 vials","Lack of Assurance of Sterility","09/12/2019","10/01/2019","08/19/2021","10/09/2019","All lots remaining within expiry."
"Drugs","No","","83789","Terminated","KRS Global Biotechnology, Inc","791 Park of Commerce Blvd Ste 600","N/A","Boca Raton","FL","	33487-3633","United States","Voluntary: Firm initiated","Press Release","Nationwide","D-0064-2020","Class II","Ketamine in 0.9% Sodium Chloride (PF) 10 mg/mL, 1 mL fill in a 3 mL Syringe, Rx Only,  KRS Global Biotechnology 791 Park of Commerce Blvd, Boca Raton, FL 33487. NDC 33216077967","1044 syringes","Lack of Assurance of Sterility","09/12/2019","10/01/2019","08/19/2021","10/09/2019","All lots remaining within expiry."
"Drugs","No","","83789","Terminated","KRS Global Biotechnology, Inc","791 Park of Commerce Blvd Ste 600","N/A","Boca Raton","FL","	33487-3633","United States","Voluntary: Firm initiated","Press Release","Nationwide","D-0065-2020","Class II","Ketamine in 0.9% Sodium Chloride (PF) 50 mg/ 5mL (10 mg/mL) 5 mL fill in a 6 mL Single Dose Syringe, Rx Only, KRS Global Biotechnology 791 Park of Commerce Blvd, Boca Raton, FL 33487. NDC 3321678093","11733 syringes","Lack of Assurance of Sterility","09/12/2019","10/01/2019","08/19/2021","10/09/2019","All lots remaining within expiry."
"Drugs","No","","83789","Terminated","KRS Global Biotechnology, Inc","791 Park of Commerce Blvd Ste 600","N/A","Boca Raton","FL","	33487-3633","United States","Voluntary: Firm initiated","Press Release","Nationwide","D-0066-2020","Class II","Labetalol HCl 5 mg/mL 20 mg/4 mL (5 mg/mL) 4 mL Fill in a 6 mL Single Dose Syringe, Rx only, KRS Global Biotechnology 791 Park of Commerce Blvd, Boca Raton, FL 33487. NDC 3321676419","6405 syringes","Lack of Assurance of Sterility","09/12/2019","10/01/2019","08/19/2021","10/09/2019","All lots remaining within expiry."
"Drugs","No","","83789","Terminated","KRS Global Biotechnology, Inc","791 Park of Commerce Blvd Ste 600","N/A","Boca Raton","FL","	33487-3633","United States","Voluntary: Firm initiated","Press Release","Nationwide","D-0067-2020","Class II","LIDOcaine HCl 0.75%(7.5 mg/mL)/ EPINRPHrine 0.025% (0.25 mg/mL) (PF) (Sulfite Free) in BSS, 1 mL Fill in a 3 mL Single Dose Syringe, Rx only, KRS Global Biotechnology 791 Park of Commerce Blvd, Boca Raton, FL 33487. NDC 3321678395","4105 syringes","Lack of Assurance of Sterility","09/12/2019","10/01/2019","08/19/2021","10/09/2019","All lots remaining within expiry."
"Drugs","No","","83789","Terminated","KRS Global Biotechnology, Inc","791 Park of Commerce Blvd Ste 600","N/A","Boca Raton","FL","	33487-3633","United States","Voluntary: Firm initiated","Press Release","Nationwide","D-0068-2020","Class II","LIDOcaine HCl 1% (PF) 50 mg/5 mL (10 mg/mL), 5 mL Fill in a 6 mL Single Dose Syringe, Rx Only, KRS Global Biotechnology 791 Park of Commerce Blvd, Boca Raton, FL 33487. NDC 3321678424","2565 syringes","Lack of Assurance of Sterility","09/12/2019","10/01/2019","08/19/2021","10/09/2019","All lots remaining within expiry."
"Drugs","No","","83789","Terminated","KRS Global Biotechnology, Inc","791 Park of Commerce Blvd Ste 600","N/A","Boca Raton","FL","	33487-3633","United States","Voluntary: Firm initiated","Press Release","Nationwide","D-0069-2020","Class II","LIDOcaine HCl 2% (PF) 100 mg/5 mL (20 mg/mL) 5 mL Fill in a 6 mL Single Dose Syringe, Rx Only, KRS Global Biotechnology 791 Park of Commerce Blvd, Boca Raton, FL 33487NDC 3321678315","4450 syringes","Lack of Assurance of Sterility","09/12/2019","10/01/2019","08/19/2021","10/09/2019","All lots remaining within expiry."
"Drugs","No","","83789","Terminated","KRS Global Biotechnology, Inc","791 Park of Commerce Blvd Ste 600","N/A","Boca Raton","FL","	33487-3633","United States","Voluntary: Firm initiated","Press Release","Nationwide","D-0070-2020","Class II","Lidocaine HCl 30 mg/mL/Hyaluronidase 15 Units/mL (PF) 5 mL Fill in a 6 mL Single Dose Syringe,  Rx Only, KRS Global Biotechnology 791 Park of Commerce Blvd, Boca Raton, FL 33487. NDC 3321678368","2615 syringes","Lack of Assurance of Sterility","09/12/2019","10/01/2019","08/19/2021","10/09/2019","All lots remaining within expiry."
"Drugs","No","","83789","Terminated","KRS Global Biotechnology, Inc","791 Park of Commerce Blvd Ste 600","N/A","Boca Raton","FL","	33487-3633","United States","Voluntary: Firm initiated","Press Release","Nationwide","D-0071-2020","Class II","LIDOcaine 2% (20 mg/mL)/Bupivacaine 0.375% (3.75 mg/mL)/ Hyaluronidase 3 U/mL (PF) Ophthalmic Injection, 5 mL Fill in a 6 mL Single Dose Syringe,  Rx Only, KRS Global Biotechnology 791 Park of Commerce Blvd, Boca Raton, FL 33487. NDC 3321678362","2255 syringes","Lack of Assurance of Sterility","09/12/2019","10/01/2019","08/19/2021","10/09/2019","All lots remaining within expiry."
"Drugs","No","","83789","Terminated","KRS Global Biotechnology, Inc","791 Park of Commerce Blvd Ste 600","N/A","Boca Raton","FL","	33487-3633","United States","Voluntary: Firm initiated","Press Release","Nationwide","D-0072-2020","Class II","Methionine 750 mg / Inositol 1,500 mg / Choline Chloride 1,500 mg / Pyridoxine HCl 1,500 mg / Cyanocobalamin 30 mg Lyophilized, Vial For IM Use,  Rx Only KRS Global Biotechnology 791 Park of Commerce Blvd, Boca Raton, FL 33487. NDC 3321675952","497 vials","Lack of Assurance of Sterility","09/12/2019","10/01/2019","08/19/2021","10/09/2019","All lots remaining within expiry."
"Drugs","No","","83789","Terminated","KRS Global Biotechnology, Inc","791 Park of Commerce Blvd Ste 600","N/A","Boca Raton","FL","	33487-3633","United States","Voluntary: Firm initiated","Press Release","Nationwide","D-0073-2020","Class II","Methylcobalamin 30 mL Vial-For SC / IM / IV Use, 30 mg / 30 mL (1 mg / mL) Rx Only, KRS Global Biotechnology 791 Park of Commerce Blvd, Boca Raton, FL 33487. NDC 3321674232","1189 vials","Lack of Assurance of Sterility","09/12/2019","10/01/2019","08/19/2021","10/09/2019","All lots remaining within expiry."
"Drugs","No","","83789","Terminated","KRS Global Biotechnology, Inc","791 Park of Commerce Blvd Ste 600","N/A","Boca Raton","FL","	33487-3633","United States","Voluntary: Firm initiated","Press Release","Nationwide","D-0074-2020","Class II","Magnesium Chloride Hexahydrate 82.5 mg/mL; Calcium Gluconate 30 mg/mL (PF), For IV Use, 10 mL Single Dose vial, Rx Only, KRS Global Biotechnology 791 Park of Commerce Blvd, Boca Raton, FL 33487. NDC 3321678355","878 vials","Lack of Assurance of Sterility","09/12/2019","10/01/2019","08/19/2021","10/09/2019","All lots remaining within expiry."
"Drugs","No","","83789","Terminated","KRS Global Biotechnology, Inc","791 Park of Commerce Blvd Ste 600","N/A","Boca Raton","FL","	33487-3633","United States","Voluntary: Firm initiated","Press Release","Nationwide","D-0075-2020","Class II","Moxifloxacin 0.1% in BSS, Ophthalmic Injection, 0.25 mg / 0.25 mL, 0.25 mL Fill in a 1 mL Single Dose Syringe, Rx Only, KRS Global Biotechnology 791 Park of Commerce Blvd, Boca Raton, FL 33487. NDC 3321678126","1290 syringes","Lack of Assurance of Sterility","09/12/2019","10/01/2019","08/19/2021","10/09/2019","All lots remaining within expiry."
"Drugs","No","","83789","Terminated","KRS Global Biotechnology, Inc","791 Park of Commerce Blvd Ste 600","N/A","Boca Raton","FL","	33487-3633","United States","Voluntary: Firm initiated","Press Release","Nationwide","D-0076-2020","Class II","Moxifloxacin 0.1% in BSS, Ophthalmic Injection, 0.3 mg/0.3 mL, 0.3 mL Fill in a 1 mL Single Dose Syringe, Rx Only, KRS Global Biotechnology 791 Park of Commerce Blvd, Boca Raton, FL 33487. NDC 3321678320","9920 syringes","Lack of Assurance of Sterility","09/12/2019","10/01/2019","08/19/2021","10/09/2019","All lots remaining within expiry."
"Drugs","No","","83789","Terminated","KRS Global Biotechnology, Inc","791 Park of Commerce Blvd Ste 600","N/A","Boca Raton","FL","	33487-3633","United States","Voluntary: Firm initiated","Press Release","Nationwide","D-0077-2020","Class II","NEOstigmine Methylsulfate (PF), 3 mg/3 mL (1 mg/mL), 3 mL Single Dose Syringe, Rx Only, KRS Global Biotechnology 791 Park of Commerce Blvd, Boca Raton, FL 33487. NDC 3321677847","7685 syringes","Lack of Assurance of Sterility","09/12/2019","10/01/2019","08/19/2021","10/09/2019","All lots remaining within expiry."
"Drugs","No","","83789","Terminated","KRS Global Biotechnology, Inc","791 Park of Commerce Blvd Ste 600","N/A","Boca Raton","FL","	33487-3633","United States","Voluntary: Firm initiated","Press Release","Nationwide","D-0078-2020","Class II","NEOstigmine Methylsulfate (PF), 5 mg/5 mL (1 mg/mL), 5 mL fill in a 6 mL Single Dose Syringe, Rx Only, KRS Global Biotechnology 791 Park of Commerce Blvd, Boca Raton, FL 33487. NDC 3321678303","3410 syringes","Lack of Assurance of Sterility","09/12/2019","10/01/2019","08/19/2021","10/09/2019","All lots remaining within expiry."
"Drugs","No","","83789","Terminated","KRS Global Biotechnology, Inc","791 Park of Commerce Blvd Ste 600","N/A","Boca Raton","FL","	33487-3633","United States","Voluntary: Firm initiated","Press Release","Nationwide","D-0079-2020","Class II","Nicotinamide Adenine Dinucleotide (PF), Lyophilized-For IV Use-Single Dose Vial, 500 mg/Vial, Rx Only, KRS Global Biotechnology 791 Park of Commerce Blvd, Boca Raton, FL 33487. NDC 3321678103","4390 vials","Lack of Assurance of Sterility","09/12/2019","10/01/2019","08/19/2021","10/09/2019","All lots remaining within expiry."
"Drugs","No","","83789","Terminated","KRS Global Biotechnology, Inc","791 Park of Commerce Blvd Ste 600","N/A","Boca Raton","FL","	33487-3633","United States","Voluntary: Firm initiated","Press Release","Nationwide","D-0080-2020","Class II","NORepinephrine in 0.9% Sodium Chloride (PF), 250 mL IV bag, 4 mg/250 mL (0.016 mg/mL),  Rx Only, KRS Global Biotechnology 791 Park of Commerce Blvd, Boca Raton, FL 33487, NDC 3321678032","528 bags","Lack of Assurance of Sterility","09/12/2019","10/01/2019","08/19/2021","10/09/2019","All lots remaining within expiry."
"Drugs","No","","83789","Terminated","KRS Global Biotechnology, Inc","791 Park of Commerce Blvd Ste 600","N/A","Boca Raton","FL","	33487-3633","United States","Voluntary: Firm initiated","Press Release","Nationwide","D-0081-2020","Class II","NORepinephrine in 0.9% Sodium Chloride (PF), 250 mL IV bag, 8 mg/250 mL (0.032 mg/mL),Rx Only, KRS Global Biotechnology 791 Park of Commerce Blvd, Boca Raton, FL 33487. NDC 3321678406","1464 bags","Lack of Assurance of Sterility","09/12/2019","10/01/2019","08/19/2021","10/09/2019","All lots remaining within expiry."
"Drugs","No","","83789","Terminated","KRS Global Biotechnology, Inc","791 Park of Commerce Blvd Ste 600","N/A","Boca Raton","FL","	33487-3633","United States","Voluntary: Firm initiated","Press Release","Nationwide","D-0082-2020","Class II","Norepinephrine added to 5% Dextrose (PF), 250 mL IV bag, 8 mg/250 mL (0.032 mg/mL), Rx Only, KRS Global Biotechnology 791 Park of Commerce Blvd, Boca Raton, FL 33487. NDC 3321678217","2760 bags","Lack of Assurance of Sterility","09/12/2019","10/01/2019","08/19/2021","10/09/2019","All lots remaining within expiry."
"Drugs","No","","83789","Terminated","KRS Global Biotechnology, Inc","791 Park of Commerce Blvd Ste 600","N/A","Boca Raton","FL","	33487-3633","United States","Voluntary: Firm initiated","Press Release","Nationwide","D-0083-2020","Class II","OxyTOCIN in 0.9% Sodium Chloride Solution (PF), 30 Units / 500 mL (0.06 Units / mL) Single Dose IV Bag, Rx Only, KRS Global Biotechnology 791 Park of Commerce Blvd, Boca Raton, FL 33487. NDC 3321676819","4497 bags","Lack of Assurance of Sterility","09/12/2019","10/01/2019","08/19/2021","10/09/2019","All lots remaining within expiry."
"Drugs","No","","83789","Terminated","KRS Global Biotechnology, Inc","791 Park of Commerce Blvd Ste 600","N/A","Boca Raton","FL","	33487-3633","United States","Voluntary: Firm initiated","Press Release","Nationwide","D-0084-2020","Class II","Phenylephrine HCl 1.5% (15 mg/mL) Lidocaine HCl 1% (10 mg/mL) (PF) (Sulfite Free) Ophthalmic Injection, 3 mL Single Dose Syringe, Rx Only, KRS Global Biotechnology 791 Park of Commerce Blvd, Boca Raton, FL 33487. NDC 3321678441","825 syringe","Lack of Assurance of Sterility","09/12/2019","10/01/2019","08/19/2021","10/09/2019","All lots remaining within expiry."
"Drugs","No","","83789","Terminated","KRS Global Biotechnology, Inc","791 Park of Commerce Blvd Ste 600","N/A","Boca Raton","FL","	33487-3633","United States","Voluntary: Firm initiated","Press Release","Nationwide","D-0085-2020","Class II","PHENYLephrine HCl 1.5% (15 mg/mL) LIDOcaine 1% (10 mg/mL) (PF) (Sulfite Free) Ophthalmic Injection, 3 mL fill in a 5 mL Single Dose Syringe, Rx Only, KRS Global Biotechnology 791 Park of Commerce Blvd, Boca Raton, FL 33487. NDC 3321678170","3150 vials","Lack of Assurance of Sterility","09/12/2019","10/01/2019","08/19/2021","10/09/2019","All lots remaining within expiry."
"Drugs","No","","83789","Terminated","KRS Global Biotechnology, Inc","791 Park of Commerce Blvd Ste 600","N/A","Boca Raton","FL","	33487-3633","United States","Voluntary: Firm initiated","Press Release","Nationwide","D-0086-2020","Class II","PHENYLephrine HCl in 0.9% Sodium Chloride (PF), 1 mg / 10 mL (0.1 mg/mL), 10 mL Fill in a 12 mL Single Dose Syringe Injection, Rx Only, KRS Global Biotechnology 791 Park of Commerce Blvd, Boca Raton, FL 33487. NDC 3321677379","15260 syringes","Lack of Assurance of Sterility","09/12/2019","10/01/2019","08/19/2021","10/09/2019","All lots remaining within expiry."
"Drugs","No","","83789","Terminated","KRS Global Biotechnology, Inc","791 Park of Commerce Blvd Ste 600","N/A","Boca Raton","FL","	33487-3633","United States","Voluntary: Firm initiated","Press Release","Nationwide","D-0087-2020","Class II","PHENYephrine HCl in 0.9% Sodium Chloride (PF) (Contains Sulfites), 100 mg / 250 mL (0.4 mg/mL), 250 mL Single-Dose Bag For IV Infusion Use, Rx Only, KRS Global Biotechnology 791 Park of Commerce Blvd, Boca Raton, FL 33487.  NDC 3321678039","228 bags","Lack of Assurance of Sterility","09/12/2019","10/01/2019","08/19/2021","10/09/2019","All lots remaining within expiry."
"Drugs","No","","83789","Terminated","KRS Global Biotechnology, Inc","791 Park of Commerce Blvd Ste 600","N/A","Boca Raton","FL","	33487-3633","United States","Voluntary: Firm initiated","Press Release","Nationwide","D-0088-2020","Class II","PHENYephrine HCl in 0.9% Sodium Chloride (PF) (Contains Sulfites),  25 mg / 250 mL (0.1 mg/mL), 250 mL Single-Dose Bag For IV Infusion Use, Rx Only, KRS Global Biotechnology 791 Park of Commerce Blvd, Boca Raton, FL 33487. NDC 3321677861","708 bags","Lack of Assurance of Sterility","09/12/2019","10/01/2019","08/19/2021","10/09/2019","All lots remaining within expiry."
"Drugs","No","","83789","Terminated","KRS Global Biotechnology, Inc","791 Park of Commerce Blvd Ste 600","N/A","Boca Raton","FL","	33487-3633","United States","Voluntary: Firm initiated","Press Release","Nationwide","D-0089-2020","Class II","PHENYephrine HCl in 0.9% Sodium Chloride (PF) (Contains Sulfites). 30 mg/250 mL (0.12 mg/mL),  250 mL Single-Dose Bag For IV Infusion Use, Rx Only, KRS Global Biotechnology 791 Park of Commerce Blvd, Boca Raton, FL 33487. NDC 3321678401","60 bags","Lack of Assurance of Sterility","09/12/2019","10/01/2019","08/19/2021","10/09/2019","All lots remaining within expiry."
"Drugs","No","","83789","Terminated","KRS Global Biotechnology, Inc","791 Park of Commerce Blvd Ste 600","N/A","Boca Raton","FL","	33487-3633","United States","Voluntary: Firm initiated","Press Release","Nationwide","D-0090-2020","Class II","Polidocanol 5%, 500 mg / 10 mL (50 mg/mL), 10 mL Vial for IV Use, Rx Only, KRS Global Biotechnology 791 Park of Commerce Blvd, Boca Raton, FL 33487. NDC 3321677749","317 vials","Lack of Assurance of Sterility","09/12/2019","10/01/2019","08/19/2021","10/09/2019","All lots remaining within expiry."
"Drugs","No","","83789","Terminated","KRS Global Biotechnology, Inc","791 Park of Commerce Blvd Ste 600","N/A","Boca Raton","FL","	33487-3633","United States","Voluntary: Firm initiated","Press Release","Nationwide","D-0091-2020","Class II","Quadmix #13A (Prostaglandin E1-0.3 mg / Papaverine HCl-200 mg / Phentolamine Mesylate-30 mg / Atropine Sulfate Monohydrate-0.375 mg / Vial) Rx Only, KRS Global Biotechnology 791 Park of Commerce Blvd, Boca Raton, FL 33487. NDC 3321678398","91 vials","Lack of Assurance of Sterility","09/12/2019","10/01/2019","08/19/2021","10/09/2019","All lots remaining within expiry."
"Drugs","No","","83789","Terminated","KRS Global Biotechnology, Inc","791 Park of Commerce Blvd Ste 600","N/A","Boca Raton","FL","	33487-3633","United States","Voluntary: Firm initiated","Press Release","Nationwide","D-0092-2020","Class II","Quadmix # 19 (Prostaglandin E1-0.75 mg / Papaverine HCl-150 mg / Phentolamine Mesylate-15 mg / Atropine Sulfate Monohydrate-1.5 mg/vial), Rx Only, KRS Global Biotechnology 791 Park of Commerce Blvd, Boca Raton, FL 33487. NDC 3321678383","95 vials","Lack of Assurance of Sterility","09/12/2019","10/01/2019","08/19/2021","10/09/2019","All lots remaining within expiry."
"Drugs","No","","83789","Terminated","KRS Global Biotechnology, Inc","791 Park of Commerce Blvd Ste 600","N/A","Boca Raton","FL","	33487-3633","United States","Voluntary: Firm initiated","Press Release","Nationwide","D-0093-2020","Class II","Sermorelin Acetate, 9 mg / GHRP-2, 5.4 mg/vial Lyophilized-for SC Use, Rx Only, KRS Global Biotechnology 791 Park of Commerce Blvd, Boca Raton, FL 33487. NDC 3321674047","258 vials","Lack of Assurance of Sterility","09/12/2019","10/01/2019","08/19/2021","10/09/2019","All lots remaining within expiry."
"Drugs","No","","83789","Terminated","KRS Global Biotechnology, Inc","791 Park of Commerce Blvd Ste 600","N/A","Boca Raton","FL","	33487-3633","United States","Voluntary: Firm initiated","Press Release","Nationwide","D-0094-2020","Class II","Sermorelin Acetate, 3 mg/mL/GHRP6, 1.8 mg/mL/GHRP2, 1.8 mg/mL, 3 mL Injections-CART-Item#: 73752, For SC Use, Rx Only, KRS Global Biotechnology 791 Park of Commerce Blvd, Boca Raton, FL 33487.","218 cartridges","Lack of Assurance of Sterility","09/12/2019","10/01/2019","08/19/2021","10/09/2019","All lots remaining within expiry."
"Drugs","No","","83789","Terminated","KRS Global Biotechnology, Inc","791 Park of Commerce Blvd Ste 600","N/A","Boca Raton","FL","	33487-3633","United States","Voluntary: Firm initiated","Press Release","Nationwide","D-0095-2020","Class II","Sermorelin, 3 mg/GHRP6, 3 mg/GHRP2, 3 mg/Vial, For SC Use, Vial-Lyophilized, Rx Only, KRS Global Biotechnology 791 Park of Commerce Blvd, Boca Raton, FL 33487. NDC 3321673816","647 vials","Lack of Assurance of Sterility","09/12/2019","10/01/2019","08/19/2021","10/09/2019","All lots remaining within expiry."
"Drugs","No","","83789","Terminated","KRS Global Biotechnology, Inc","791 Park of Commerce Blvd Ste 600","N/A","Boca Raton","FL","	33487-3633","United States","Voluntary: Firm initiated","Press Release","Nationwide","D-0096-2020","Class II","Sermorelin 9 mg / GHRP6, 5.4 mg / GHRP2, 5.4 mg, Vial For SC Use-Lyophilized, Rx Only, KRS Global Biotechnology 791 Park of Commerce Blvd, Boca Raton, FL 33487. NDC 3321673589","246 vials","Lack of Assurance of Sterility","09/12/2019","10/01/2019","08/19/2021","10/09/2019","All lots remaining within expiry."
"Drugs","No","","83789","Terminated","KRS Global Biotechnology, Inc","791 Park of Commerce Blvd Ste 600","N/A","Boca Raton","FL","	33487-3633","United States","Voluntary: Firm initiated","Press Release","Nationwide","D-0097-2020","Class II","Sermorelin Acetate 9 mg/ 3 mL (3 mg/mL),Rx Only, KRS Global Biotechnology 791 Park of Commerce Blvd, Boca Raton, FL 33487.","152 cartridges","Lack of Assurance of Sterility","09/12/2019","10/01/2019","08/19/2021","10/09/2019","All lots remaining within expiry."
"Drugs","No","","83789","Terminated","KRS Global Biotechnology, Inc","791 Park of Commerce Blvd Ste 600","N/A","Boca Raton","FL","	33487-3633","United States","Voluntary: Firm initiated","Press Release","Nationwide","D-0098-2020","Class II","Sermorelin Acetate 3 mg / Vial, For SC Use-Lyophilized, Rx Only, KRS Global Biotechnology 791 Park of Commerce Blvd, Boca Raton, FL 33487. NDC 3321601122","64 vials","Lack of Assurance of Sterility","09/12/2019","10/01/2019","08/19/2021","10/09/2019","All lots remaining within expiry."
"Drugs","No","","83868","Ongoing","AuroMedics Pharma LLC","279 Princeton Hightstown Rd","N/A","East Windsor","NJ","	08520-1401","United States","Voluntary: Firm initiated","Letter","Nationwide within the United States","D-0166-2020","Class III","Ranitidine Tablets USP,150 mg,  8-count bottles,  Distributed by: Dolgencorp, LLC, 100 Mission Ridge, Goodlettsville, TN 37073 Made in India NDC 55910-092-79","69696 bottles","CGMP DEVIATIONS: One lot of Ranitidine Tablets USP, 150 mg is being recalled because some bottles were empty.","09/23/2019","10/29/2019","N/A","11/06/2019","Lot #: NBSB19001DA3, Exp. date 02/2021"
"Drugs","No","","83789","Terminated","KRS Global Biotechnology, Inc","791 Park of Commerce Blvd Ste 600","N/A","Boca Raton","FL","	33487-3633","United States","Voluntary: Firm initiated","Press Release","Nationwide","D-0099-2020","Class II","Sermorelin Acetate 9 mg / Vial, For SC Use-Lyophilized, Rx Only, KRS Global Biotechnology 791 Park of Commerce Blvd, Boca Raton, FL 33487. NDC 3321673588","341 vials","Lack of Assurance of Sterility","09/12/2019","10/01/2019","08/19/2021","10/09/2019","All lots remaining within expiry."
"Drugs","No","","83789","Terminated","KRS Global Biotechnology, Inc","791 Park of Commerce Blvd Ste 600","N/A","Boca Raton","FL","	33487-3633","United States","Voluntary: Firm initiated","Press Release","Nationwide","D-0100-2020","Class II","Sermorelin, 3 mg / GHRP-2, 3 mg / Vial, For SC Use-Lyophilized, Rx Only, KRS Global Biotechnology 791 Park of Commerce Blvd, Boca Raton, FL 33487. NDC 3321674092","120 vials","Lack of Assurance of Sterility","09/12/2019","10/01/2019","08/19/2021","10/09/2019","All lots remaining within expiry."
"Drugs","No","","83789","Terminated","KRS Global Biotechnology, Inc","791 Park of Commerce Blvd Ste 600","N/A","Boca Raton","FL","	33487-3633","United States","Voluntary: Firm initiated","Press Release","Nationwide","D-0101-2020","Class II","Sodium Bicarbonate 8.4%, 4,200 mg / 50 mL 50 mEq / 50 mL (84 mg/mL) (1 mEq/mL), 50 mL Fill in a 60 mL Single Dose Syringe, For IV Use, Rx Only KRS Global Biotechnology 791 Park of Commerce Blvd, Boca Raton, FL 33487. NDC 3321674199","540 syringes","Lack of Assurance of Sterility","09/12/2019","10/01/2019","08/19/2021","10/09/2019","All lots remaining within expiry."
"Drugs","No","","83789","Terminated","KRS Global Biotechnology, Inc","791 Park of Commerce Blvd Ste 600","N/A","Boca Raton","FL","	33487-3633","United States","Voluntary: Firm initiated","Press Release","Nationwide","D-0102-2020","Class II","Sodium Citrate 40 mg/mL (4%) / Gentamicin 0.32 mg/mL. 30 mL vial for Intra-Catheter Use Only, Rx Only, KRS Global Biotechnology 791 Park of Commerce Blvd, Boca Raton, FL 33487. NDC 3321676603","150 vials","Lack of Assurance of Sterility","09/12/2019","10/01/2019","08/19/2021","10/09/2019","All lots remaining within expiry."
"Drugs","No","","83789","Terminated","KRS Global Biotechnology, Inc","791 Park of Commerce Blvd Ste 600","N/A","Boca Raton","FL","	33487-3633","United States","Voluntary: Firm initiated","Press Release","Nationwide","D-0103-2020","Class II","SUCCinylcholine Chloride (PF), 100 mg / 5 mL (20 mg/mL), 5 mL Fill in a 6 mL Single Dose Syringe, For IV Use-Injection, Rx Only, KRS Global Biotechnology 791 Park of Commerce Blvd, Boca Raton, FL 33487. NDC 3321678418","7905 syringes","Lack of Assurance of Sterility","09/12/2019","10/01/2019","08/19/2021","10/09/2019","All lots remaining within expiry."
"Drugs","No","","83789","Terminated","KRS Global Biotechnology, Inc","791 Park of Commerce Blvd Ste 600","N/A","Boca Raton","FL","	33487-3633","United States","Voluntary: Firm initiated","Press Release","Nationwide","D-0104-2020","Class II","SUCCinylcholine Chloride (PF), 140 mg/7 mL (20 mg/mL), 7 mL Fill in a 12 mL Single Dose Syringe, For IV Use Injection, Rx Only, KRS Global Biotechnology 791 Park of Commerce Blvd, Boca Raton, FL 33487. NDC 3321678417","1350 syringes","Lack of Assurance of Sterility","09/12/2019","10/01/2019","08/19/2021","10/09/2019","All lots remaining within expiry."
"Drugs","No","","83789","Terminated","KRS Global Biotechnology, Inc","791 Park of Commerce Blvd Ste 600","N/A","Boca Raton","FL","	33487-3633","United States","Voluntary: Firm initiated","Press Release","Nationwide","D-0105-2020","Class II","SUCCinylcholine Chloride (PF), 200 mg/10 mL (20 mg/mL), 10 mL Fill in a 12 mL Single Dose Syringe, For IV Use Injection, Rx Only KRS Global Biotechnology 791 Park of Commerce Blvd, Boca Raton, FL 33487. NDC 3321678416","3820 syringes","Lack of Assurance of Sterility","09/12/2019","10/01/2019","08/19/2021","10/09/2019","All lots remaining within expiry."
"Drugs","No","","83789","Terminated","KRS Global Biotechnology, Inc","791 Park of Commerce Blvd Ste 600","N/A","Boca Raton","FL","	33487-3633","United States","Voluntary: Firm initiated","Press Release","Nationwide","D-0106-2020","Class II","Cyclopentolate HCl 1% (5 mg/0.5 mL) / Phenylephrine HCl 2.5% (12.5 mg/0.5 mL) / Tropicamide 1% (5 mg/0.5 mL) / Ketorolac Tromethamine 0.5% (2.5 mg/0.5 mL), Sterile Ophthalmic Topical Solution, 0.5 mL Fill in 3 mL Syringe,  Rx Only, KRS Global Biotechnology 791 Park of Commerce Blvd, Boca Raton, FL 33487. NDC 3321677510","1815 syringes","Lack of Assurance of Sterility","09/12/2019","10/01/2019","08/19/2021","10/09/2019","All lots remaining within expiry."
"Drugs","No","","83789","Terminated","KRS Global Biotechnology, Inc","791 Park of Commerce Blvd Ste 600","N/A","Boca Raton","FL","	33487-3633","United States","Voluntary: Firm initiated","Press Release","Nationwide","D-0107-2020","Class II","Cyclopentolate HCl 1% (10 mg/mL) / Phenylephrine HCl 2.5% (25 mg/mL) / Tropicamide 1% (10 mg/mL),  Sterile Ophthalmic Topical Solution, 5 mL Fill in a 7 mL Droptainer, Rx Only, KRS Global Biotechnology 791 Park of Commerce Blvd, Boca Raton, FL 33487. NDC 3321678092","242 droptainers","Lack of Assurance of Sterility","09/12/2019","10/01/2019","08/19/2021","10/09/2019","All lots remaining within expiry."
"Drugs","No","","83789","Terminated","KRS Global Biotechnology, Inc","791 Park of Commerce Blvd Ste 600","N/A","Boca Raton","FL","	33487-3633","United States","Voluntary: Firm initiated","Press Release","Nationwide","D-0108-2020","Class II","Cyclopentolate HCl 1% (10 mg/mL) / Phenylephrine HCl 2.5% (25 mg/mL) / Tropicamide 1% (10 mg/mL) / Ketorolac Tromethamine 0.5% (5 mg/mL), 3 mL Droptainer, Sterile Ophthalmic Topical Solution, Rx Only, KRS Global Biotechnology 791 Park of Commerce Blvd, Boca Raton, FL 33487. NDC 3321676225","649 droptainers","Lack of Assurance of Sterility","09/12/2019","10/01/2019","08/19/2021","10/09/2019","All lots remaining within expiry."
"Drugs","No","","83789","Terminated","KRS Global Biotechnology, Inc","791 Park of Commerce Blvd Ste 600","N/A","Boca Raton","FL","	33487-3633","United States","Voluntary: Firm initiated","Press Release","Nationwide","D-0109-2020","Class II","Cyclopentolate HCl 1% (5 mg/0.5 mL) / Phenylephrine HCl 2.5% (12.5 mg/0.5 mL) / Tropicamide 1% (5 mg/0.5 mL), 0.5 mL Fill in a 3 mL Syringe, Sterile Ophthalmic Topical Solution, (Contains Sulfites), Rx Only, KRS Global Biotechnology 791 Park of Commerce Blvd, Boca Raton, FL 33487. NDC 3321677124","465 syringes","Lack of Assurance of Sterility","09/12/2019","10/01/2019","08/19/2021","10/09/2019","All lots remaining within expiry."
"Drugs","No","","83789","Terminated","KRS Global Biotechnology, Inc","791 Park of Commerce Blvd Ste 600","N/A","Boca Raton","FL","	33487-3633","United States","Voluntary: Firm initiated","Press Release","Nationwide","D-0110-2020","Class II","Vitamin 10 B Lyophilized, Vial, For IM Use,  Rx Only, KRS Global Biotechnology 791 Park of Commerce Blvd, Boca Raton, FL 33487. NDC3321678338","6747 vials","Lack of Assurance of Sterility","09/12/2019","10/01/2019","08/19/2021","10/09/2019","All lots remaining within expiry."
"Drugs","No","","83789","Terminated","KRS Global Biotechnology, Inc","791 Park of Commerce Blvd Ste 600","N/A","Boca Raton","FL","	33487-3633","United States","Voluntary: Firm initiated","Press Release","Nationwide","D-0111-2020","Class II","Vitamin 10 D Lyophilized, Vial For IM/Slow IV Infusion Use,  Rx Only, KRS Global Biotechnology 791 Park of Commerce Blvd, Boca Raton, FL 33487. NDC 3321678341","508 vials","Lack of Assurance of Sterility","09/12/2019","10/01/2019","08/19/2021","10/09/2019","All lots remaining within expiry."
"Drugs","No","","83789","Terminated","KRS Global Biotechnology, Inc","791 Park of Commerce Blvd Ste 600","N/A","Boca Raton","FL","	33487-3633","United States","Voluntary: Firm initiated","Press Release","Nationwide","D-0112-2020","Class II","Vitamin 5 B, 30 mL Vial For IM Use, Rx Only, KRS Global Biotechnology 791 Park of Commerce Blvd, Boca Raton, FL 33487. NDC 3321674253","616 vials","Lack of Assurance of Sterility","09/12/2019","10/01/2019","08/19/2021","10/09/2019","All lots remaining within expiry."
"Drugs","No","","83789","Terminated","KRS Global Biotechnology, Inc","791 Park of Commerce Blvd Ste 600","N/A","Boca Raton","FL","	33487-3633","United States","Voluntary: Firm initiated","Press Release","Nationwide","D-0113-2020","Class II","Vitamin 9 Lyophilized, Vial For IM Use, Rx Only, KRS Global Biotechnology 791 Park of Commerce Blvd, Boca Raton, FL 33487. NDC 3321674147","470 vials","Lack of Assurance of Sterility","09/12/2019","10/01/2019","08/19/2021","10/09/2019","All lots remaining within expiry."
"Drugs","No","","83789","Terminated","KRS Global Biotechnology, Inc","791 Park of Commerce Blvd Ste 600","N/A","Boca Raton","FL","	33487-3633","United States","Voluntary: Firm initiated","Press Release","Nationwide","D-0114-2020","Class II","Vitamin 9A/B Lyophilized, Vial For IM Use, Rx Only, KRS Global Biotechnology 791 Park of Commerce Blvd, Boca Raton, FL 33487. NDC 3321678339","6325 vials","Lack of Assurance of Sterility","09/12/2019","10/01/2019","08/19/2021","10/09/2019","All lots remaining within expiry."
"Drugs","No","","83789","Terminated","KRS Global Biotechnology, Inc","791 Park of Commerce Blvd Ste 600","N/A","Boca Raton","FL","	33487-3633","United States","Voluntary: Firm initiated","Press Release","Nationwide","D-0115-2020","Class II","Vitamin B1/B2/B3/B6/HYDROXOCOBALAMIN 66/1.33/66/66/0.66 mg/mL (PF), For IV Use, 3 mL fill in a 5 mL Single Dose Vial, Rx Only, KRS Global Biotechnology 791 Park of Commerce Blvd, Boca Raton, FL 33487. NDC 3321678335","948 vials","Lack of Assurance of Sterility","09/12/2019","10/01/2019","08/19/2021","10/09/2019","All lots remaining within expiry."
"Drugs","No","","83427","Terminated","Colonia Care Pharmacy","515 Inman Ave Ste A","N/A","Colonia","NJ","	07067-1114","United States","Voluntary: Firm initiated","Letter","Patient Specific Prescriptions in NJ","D-0015-2020","Class II","C-INTERFERON ALFA2B 1MILU/ML OPHTHAL SOLUTION, 3 mL droptainer bottle, Rx only, Colonia Care Pharmacy, 515 Inman Ave., Suite A, Colonia, N.J. 07067","1 droptainer bottle","Lack of Assurance of Sterility: product sterility cannot be guaranteed.","07/24/2019","10/01/2019","04/05/2023","10/09/2019","Lot #: 070819B, BUD 08/07/19"
"Drugs","No","","83427","Terminated","Colonia Care Pharmacy","515 Inman Ave Ste A","N/A","Colonia","NJ","	07067-1114","United States","Voluntary: Firm initiated","Letter","Patient Specific Prescriptions in NJ","D-0016-2020","Class II","C-MB12/HB12 5MG/5MG/ML INJ SOLN, 0.9 mL in a 3 mL syringe, Rx only, Colonia Care Pharmacy, 515 Inman Ave., Suite A, Colonia, N.J. 07067","6 syringes","Lack of Assurance of Sterility: product sterility cannot be guaranteed.","07/24/2019","10/01/2019","04/05/2023","10/09/2019","Lot #: 071819C, BUD 09/01/19"
"Drugs","No","","83871","Completed","Apotex Inc.","150 Signet Drive","N/A","North York","N/A","	N/A","Canada","Voluntary: Firm initiated","Press Release","Nationwide","D-0314-2020","Class II","Walgreens Maximum Strength Wal-Zan 150 Ranitidine Tablets, USP 150 mg/Acid Reducer Distributed By: Walgreen Co., 200 Wilmot RD., Deerfield, IL 60015 a) 200 Tablets NDC 0363-1030-07; b) 24 Tablets NDC 0363-1030-02; c) 95 Tablets NDC 0363-1030-09; d) 65 Tablets NDC 0363-1030-06","259,647 bottles","GGMP Deviations: Possible contamination with impurity N-nitrosodimethylamine (NDMA).","09/24/2019","11/12/2019","N/A","11/20/2019","All lots remaining within expiry."
"Drugs","No","","83427","Terminated","Colonia Care Pharmacy","515 Inman Ave Ste A","N/A","Colonia","NJ","	07067-1114","United States","Voluntary: Firm initiated","Letter","Patient Specific Prescriptions in NJ","D-0017-2020","Class II","C-MB12 NAC 13MG/48MG/ML INJ SOLN, 0.29 mL in a 0.3 mL syringe, Rx only, Colonia Care Pharmacy, 515 Inman Ave., Suite A, Colonia, N.J. 07067","15 syringes","Lack of Assurance of Sterility: product sterility cannot be guaranteed.","07/24/2019","10/01/2019","04/05/2023","10/09/2019","Lot #: 070919C, BUD 08/23/19"
"Drugs","No","","83427","Terminated","Colonia Care Pharmacy","515 Inman Ave Ste A","N/A","Colonia","NJ","	07067-1114","United States","Voluntary: Firm initiated","Letter","Patient Specific Prescriptions in NJ","D-0018-2020","Class II","C-METHYLCOBALAMIN 25MG/ML INJECTION PFS, packaged in 0.3 mL, 0.5 mL, 1 mL, and 3 mL syringes, Rx only, Colonia Care Pharmacy, 515 Inman Ave., Suite A, Colonia, N.J. 07067","191 syringes","Lack of Assurance of Sterility: product sterility cannot be guaranteed.","07/24/2019","10/01/2019","04/05/2023","10/09/2019","Lot #: 020719A, BUD 08/06/19; 051619E, BUD 11/12/19"
"Drugs","No","","83427","Terminated","Colonia Care Pharmacy","515 Inman Ave Ste A","N/A","Colonia","NJ","	07067-1114","United States","Voluntary: Firm initiated","Letter","Patient Specific Prescriptions in NJ","D-0019-2020","Class II","C-PAPAV/PHENTOL/PGE1 10MG/1MG/10MCG/ML, packaged in a) 5 mL and b) 10 mL vials, Rx only, Colonia Care Pharmacy, 515 Inman Ave., Suite A, Colonia, N.J. 07067","6 vials","Lack of Assurance of Sterility: product sterility cannot be guaranteed.","07/24/2019","10/01/2019","04/05/2023","10/09/2019","Lot #: a) and b) 071119E, BUD 08/25/19"
"Drugs","No","","83427","Terminated","Colonia Care Pharmacy","515 Inman Ave Ste A","N/A","Colonia","NJ","	07067-1114","United States","Voluntary: Firm initiated","Letter","Patient Specific Prescriptions in NJ","D-0020-2020","Class II","C-PAPAV/PHENTOL/PGE1 10MG/1MG/20MCG/ML, 5 mL vial, Rx only, Colonia Care Pharmacy, 515 Inman Ave., Suite A, Colonia, N.J. 07067","1 vial","Lack of Assurance of Sterility: product sterility cannot be guaranteed.","07/24/2019","10/01/2019","04/05/2023","10/09/2019","Lot #: 071619J, BUD 08/30/19"
"Drugs","No","","83427","Terminated","Colonia Care Pharmacy","515 Inman Ave Ste A","N/A","Colonia","NJ","	07067-1114","United States","Voluntary: Firm initiated","Letter","Patient Specific Prescriptions in NJ","D-0021-2020","Class II","C-PAPAV/PHENTOL/PGE1 18MG/0.6MG/5.8MCG/ML, 5 mL vial, Rx only, Colonia Care Pharmacy, 515 Inman Ave., Suite A, Colonia, N.J. 07067","2 vials","Lack of Assurance of Sterility: product sterility cannot be guaranteed.","07/24/2019","10/01/2019","04/05/2023","10/09/2019","Lot #: 072419C, BUD 09/07/19; 071519D, BUD 08/29/19"
"Drugs","No","","83427","Terminated","Colonia Care Pharmacy","515 Inman Ave Ste A","N/A","Colonia","NJ","	07067-1114","United States","Voluntary: Firm initiated","Letter","Patient Specific Prescriptions in NJ","D-0022-2020","Class II","C-PAPAV/PHENTOL/PGE1 18MG/0.6MG/5.88MCG/ML, 5 mL vial, Rx only, Colonia Care Pharmacy, 515 Inman Ave., Suite A, Colonia, N.J. 07067","1 vial","Lack of Assurance of Sterility: product sterility cannot be guaranteed.","07/24/2019","10/01/2019","04/05/2023","10/09/2019","Lot #: 071519E, BUD 08/29/19"
"Drugs","No","","83427","Terminated","Colonia Care Pharmacy","515 Inman Ave Ste A","N/A","Colonia","NJ","	07067-1114","United States","Voluntary: Firm initiated","Letter","Patient Specific Prescriptions in NJ","D-0023-2020","Class II","C-PAPAV/PHENTOL/PGE1 18MG/0.6MG/11.8MCG/ML, 10 mL vial, Rx only, Colonia Care Pharmacy, 515 Inman Ave., Suite A, Colonia, N.J. 07067","1 vial","Lack of Assurance of Sterility: product sterility cannot be guaranteed.","07/24/2019","10/01/2019","04/05/2023","10/09/2019","Lot #: 062719E, BUD 08/11/19"
"Drugs","No","","83427","Terminated","Colonia Care Pharmacy","515 Inman Ave Ste A","N/A","Colonia","NJ","	07067-1114","United States","Voluntary: Firm initiated","Letter","Patient Specific Prescriptions in NJ","D-0024-2020","Class II","C-PAPAV/PHENTOL/PGE1 20MG/2MG/20MCG/ML, packaged in a) 5 mL and b) 10 mL vial, Rx only, Colonia Care Pharmacy, 515 Inman Ave., Suite A, Colonia, N.J. 07067","7 vials","Lack of Assurance of Sterility: product sterility cannot be guaranteed.","07/24/2019","10/01/2019","04/05/2023","10/09/2019","Lot #: a) and b) 070519A, BUD 08/19/19"
"Drugs","No","","83427","Terminated","Colonia Care Pharmacy","515 Inman Ave Ste A","N/A","Colonia","NJ","	07067-1114","United States","Voluntary: Firm initiated","Letter","Patient Specific Prescriptions in NJ","D-0025-2020","Class II","C-PAPAV/PHENTOL/PGE1 30MG/0.5MG/30MCG/ML, 5 mL vial, Rx only, Colonia Care Pharmacy, 515 Inman Ave., Suite A, Colonia, N.J. 07067","1 vial","Lack of Assurance of Sterility: product sterility cannot be guaranteed.","07/24/2019","10/01/2019","04/05/2023","10/09/2019","Lot #: 072219A, BUD 09/05/19"
"Drugs","No","","83427","Terminated","Colonia Care Pharmacy","515 Inman Ave Ste A","N/A","Colonia","NJ","	07067-1114","United States","Voluntary: Firm initiated","Letter","Patient Specific Prescriptions in NJ","D-0026-2020","Class II","C-PAPAV/PHENTOL/PGE1 30MG/1MG/20MCG/ML, 5 mL vial, Rx only, Colonia Care Pharmacy, 515 Inman Ave., Suite A, Colonia, N.J. 07067","1 vial","Lack of Assurance of Sterility: product sterility cannot be guaranteed.","07/24/2019","10/01/2019","04/05/2023","10/09/2019","Lot #: 071819H, BUD 09/01/19"
"Drugs","No","","83427","Terminated","Colonia Care Pharmacy","515 Inman Ave Ste A","N/A","Colonia","NJ","	07067-1114","United States","Voluntary: Firm initiated","Letter","Patient Specific Prescriptions in NJ","D-0027-2020","Class II","C-PAPAV/PHENTOL/PGE1 30MG/1MG/30MCG/ML, 5 mL vial, Rx only, Colonia Care Pharmacy, 515 Inman Ave., Suite A, Colonia, N.J. 07067","1 vial","Lack of Assurance of Sterility: product sterility cannot be guaranteed.","07/24/2019","10/01/2019","04/05/2023","10/09/2019","Lot #: 062419C, BUD 08/08/19"
"Drugs","No","","83427","Terminated","Colonia Care Pharmacy","515 Inman Ave Ste A","N/A","Colonia","NJ","	07067-1114","United States","Voluntary: Firm initiated","Letter","Patient Specific Prescriptions in NJ","D-0028-2020","Class II","C-PAPAV/PHENTOL/PGE1 30MG/1MG/50MCG/ML, 5 mL vial, Rx only, Colonia Care Pharmacy, 515 Inman Ave., Suite A, Colonia, N.J. 07067","1 vial","Lack of Assurance of Sterility: product sterility cannot be guaranteed.","07/24/2019","10/01/2019","04/05/2023","10/09/2019","Lot #: 062419B, BUD 08/08/19"
"Drugs","No","","83427","Terminated","Colonia Care Pharmacy","515 Inman Ave Ste A","N/A","Colonia","NJ","	07067-1114","United States","Voluntary: Firm initiated","Letter","Patient Specific Prescriptions in NJ","D-0029-2020","Class II","C-PAPAV/PHENTOL/PGE1 30MG/2MG/5MCG/ML, 5 mL vial, Rx only, Colonia Care Pharmacy, 515 Inman Ave., Suite A, Colonia, N.J. 07067","1 vial","Lack of Assurance of Sterility: product sterility cannot be guaranteed.","07/24/2019","10/01/2019","04/05/2023","10/09/2019","Lot #: 072419B, BUD 09/07/19"
"Drugs","No","","83427","Terminated","Colonia Care Pharmacy","515 Inman Ave Ste A","N/A","Colonia","NJ","	07067-1114","United States","Voluntary: Firm initiated","Letter","Patient Specific Prescriptions in NJ","D-0030-2020","Class II","C-PAPAV/PHENTOL/PGE1 30MG/2MG/20MCG/ML, 5 mL vial, Rx only, Colonia Care Pharmacy, 515 Inman Ave., Suite A, Colonia, N.J. 07067","1 vial","Lack of Assurance of Sterility: product sterility cannot be guaranteed.","07/24/2019","10/01/2019","04/05/2023","10/09/2019","Lot #: 070319A, BUD 08/17/19"
"Drugs","No","","83427","Terminated","Colonia Care Pharmacy","515 Inman Ave Ste A","N/A","Colonia","NJ","	07067-1114","United States","Voluntary: Firm initiated","Letter","Patient Specific Prescriptions in NJ","D-0031-2020","Class II","C-PHENOL/COTTONSEED OIL INJ 5%, 5 mL vial, Rx only, Colonia Care Pharmacy, 515 Inman Ave., Suite A, Colonia, N.J. 07067","1 vial","Lack of Assurance of Sterility: product sterility cannot be guaranteed.","07/24/2019","10/01/2019","04/05/2023","10/09/2019","Lot #: 070319F, BUD 08/17/19"
"Drugs","No","","83427","Terminated","Colonia Care Pharmacy","515 Inman Ave Ste A","N/A","Colonia","NJ","	07067-1114","United States","Voluntary: Firm initiated","Letter","Patient Specific Prescriptions in NJ","D-0032-2020","Class II","C-TACROLIMUS 0.03% OPHTHAL SUSPENSION, 5 mL droptainer bottle, Rx only, Colonia Care Pharmacy, 515 Inman Ave., Suite A, Colonia, N.J. 07067","1 droptainer bottle","Lack of Assurance of Sterility: product sterility cannot be guaranteed.","07/24/2019","10/01/2019","04/05/2023","10/09/2019","Lot #: 071019B, BUD 08/09/19"
"Drugs","No","","83427","Terminated","Colonia Care Pharmacy","515 Inman Ave Ste A","N/A","Colonia","NJ","	07067-1114","United States","Voluntary: Firm initiated","Letter","Patient Specific Prescriptions in NJ","D-0033-2020","Class II","C-UREA 40% BLADDER INSTILL, 30 mL vial, Rx only, Colonia Care Pharmacy, 515 Inman Ave., Suite A, Colonia, N.J. 07067","7 vials","Lack of Assurance of Sterility: product sterility cannot be guaranteed.","07/24/2019","10/01/2019","04/05/2023","10/09/2019","Lot #: 062719A, BUD 08/11/19"
"Drugs","No","","83427","Terminated","Colonia Care Pharmacy","515 Inman Ave Ste A","N/A","Colonia","NJ","	07067-1114","United States","Voluntary: Firm initiated","Letter","Patient Specific Prescriptions in NJ","D-0034-2020","Class II","C-VERAPAMIL 2.5MG/ML INJ SOLN, 10 mL vial, Rx only, Colonia Care Pharmacy, 515 Inman Ave., Suite A, Colonia, N.J. 07067","1 vial","Lack of Assurance of Sterility: product sterility cannot be guaranteed.","07/24/2019","10/01/2019","04/05/2023","10/09/2019","Lot #: 072319A, BUD 09/06/19"
"Drugs","No","","83875","Terminated","Sandoz, Inc","506 Carnegie Ctr Ste 400","N/A","Princeton","NJ","	08540-6243","United States","Voluntary: Firm initiated","Press Release","U.S. Nationwide","D-0127-2020","Class II","Sandoz Ranitidine Hydrochloride Capsules 150mg 60 Capsules Rx Only Manufactured by Sandoz Inc. Princeton, NJ  Product of India  NDC 0781-2855-60","100,314 bottles","CGMP Deviations: Detection of a trace amount of an unexpected impurity, N-nitrosodimethylamine (NDMA).","09/23/2019","10/07/2019","07/14/2023","10/16/2019","HC9266 4/30/2020   HD1865 4/30/2020  HP9441 9/30/2020  JK7994 8/31/2021  JK8659 8/31/2021"
"Drugs","No","","83875","Terminated","Sandoz, Inc","506 Carnegie Ctr Ste 400","N/A","Princeton","NJ","	08540-6243","United States","Voluntary: Firm initiated","Press Release","U.S. Nationwide","D-0128-2020","Class II","Sandoz Ranitidine Hydrochloride Capsules 150mg 500 Capsules Rx Only Manufactured by Sandoz Inc. Princeton, NJ 08540 Product of India NDC 0781-2855-05","13,130 bottles","CGMP Deviations: Detection of a trace amount of an unexpected impurity, N-nitrosodimethylamine (NDMA).","09/23/2019","10/07/2019","07/14/2023","10/16/2019","HD1862 4/30/2020  HP9438 9/30/2020  HP9439 9/30/2020  HP9440 9/30/2020"
"Drugs","No","","83875","Terminated","Sandoz, Inc","506 Carnegie Ctr Ste 400","N/A","Princeton","NJ","	08540-6243","United States","Voluntary: Firm initiated","Press Release","U.S. Nationwide","D-0129-2020","Class II","Sandoz Ranitidine Hydrochloride Capsules 300mg 30 Capsules Rx Only Manufactured by Sandoz Inc. Princeton, NJ 08540 Product of India  NDC 0781-2865-31","136,788 bottles","CGMP Deviations: Detection of a trace amount of an unexpected impurity, N-nitrosodimethylamine (NDMA).","09/23/2019","10/07/2019","07/14/2023","10/16/2019","HD8625 4/30/2020  HD9275 4/30/2020  HU2207 8/31/2020  HX6676 3/31/2021  HX6677 3/31/2021"
"Drugs","No","","83789","Terminated","KRS Global Biotechnology, Inc","791 Park of Commerce Blvd Ste 600","N/A","Boca Raton","FL","	33487-3633","United States","Voluntary: Firm initiated","Press Release","Nationwide","D-0116-2020","Class II","Cyclopentolate HCl 1% (10 mg/mL) / Phenylephrine HCl 10% (100 mg/mL) / Tropicamide 1% (10 mg/mL) / Ketorolac Tromethamine 0.5% (5 mg/mL), Sterile Ophthalmic Topical Solution, 5 mL Fill in a 7 mL Droptainer,Rx Only, KRS Global Biotechnology 791 Park of Commerce Blvd, Boca Raton, FL 33487. NDC 3321676223","242 droptainers","Lack of Assurance of Sterility","09/12/2019","10/01/2019","08/19/2021","10/09/2019","All lots remaining within expiry."
"Drugs","No","","83878","Terminated","Alkermes, Inc.","852 Winter St","N/A","Waltham","MA","	02451-1420","United States","Voluntary: Firm initiated","Letter","Nationwide USA and Canada","D-0119-2020","Class II","Vivitrol (naltrexone for extended-release injectable suspension) 380 mg/vial. Each Carton Contains: 1) One vial of 380 mg of Vivitrol, 2) One vial containing 4 mL of diluent, 3) One 5-mL prepackaged syringe, 4) One 20-gauge 1-inch needle, 5) Two 20-gauge 1.5-inch safety needles, 6) Two 20-gauge 2-inch safety needles. Rx Only. Manufactured and marketed by: Alkermes, Inc. Kit NDC: 65757-300-01","16,231 kits","Labeling: Not Elsewhere Classified. Drug product kit recalled due to 1 inch needles being placed in the 1 1/2 inch needle cardboard sleeve labelled as administration needles. The product vial is not impacted.","09/26/2019","10/02/2019","02/19/2021","10/09/2019","Lot 2019-1002T, 2019-1003T, Exp 05/2021"
"Drugs","No","","83881","Terminated","Unipharma, Llc.","10200 NW 67th St","N/A","Tamarac","FL","	33321-6404","United States","Voluntary: Firm initiated","Letter","U.S.A. Nationwide","D-0132-2020","Class II","DrKids Children's Natural Cough Syrup English Ivy Leaf, packaged in Pre-measured Single-Use Vials 0.17 fl. oz. (5 mL) Each 3.4 fl. oz. (100 mL), Manufactured in USA by: UNIPHARMA, LLC Tamarac, FL 33321 UPC 370302489026","144 cartons","CGMP Deviations: Recall as a precautionary measure due to potential risk of product contamination with the bacteria B. cepacia.","09/23/2019","10/09/2019","03/23/2021","10/16/2019","Lot: 80047 Exp. 07/31/20"
"Drugs","No","","83881","Terminated","Unipharma, Llc.","10200 NW 67th St","N/A","Tamarac","FL","	33321-6404","United States","Voluntary: Firm initiated","Letter","U.S.A. Nationwide","D-0133-2020","Class II","DrKids Himasal Natural Nasal Saline Solution, packaged in Pre-measured Singe-Use Vials  a)  0.5 mL Each (20 count) UPC 37030244608; b) 1.5 mL Each (20 count) UPC 370302446098, Manufactured in USA by: UNIPHARMA, LLC Tamarac, FL 33321","456 cartons","CGMP Deviations: Recall as a precautionary measure due to potential risk of product contamination with the bacteria B. cepacia.","09/23/2019","10/09/2019","03/23/2021","10/16/2019","Lot: 80003 Exp. 01/31/20; 70003 Exp. 10/31/19; 70005 Exp. 11/30/19; 70006 Exp. 11/30/19"
"Drugs","No","11/05/2019","83887","Terminated","Taro Pharmaceuticals U.S.A., Inc.","3 Skyline Dr","N/A","Hawthorne","NY","	10532-2174","United States","Voluntary: Firm initiated","Letter","U.S.A. Nationwide","D-0298-2020","Class II","Ibuprofen Oral Suspension USP, 100 mg/5 mL, 4 fl. oz., (118 mL), Rx only, Manufactured by: Taro Pharmaceuticals, Inc., Brampton, Ontario, Canada L6T 1C1, Distributed by: Taro Pharmaceuticals U.S.A., Inc., Hawthorne, NY 10532, NDC 51672-1385-8","138,886 bottles","Presence of Foreign Substance: Ibuprofen Oral Suspension USP may have small particles of an inert plastic material introduced during manufacturing.","09/27/2019","11/05/2019","08/31/2023","11/06/2019","Lot #: K779030125, Exp 10/19; D873031376, Exp 3/20; J871233188, Exp 9/20; L866934047, Exp 11/20; A973134376, 12/20; D967635229, Exp 3/21"
"Drugs","No","11/05/2019","83887","Terminated","Taro Pharmaceuticals U.S.A., Inc.","3 Skyline Dr","N/A","Hawthorne","NY","	10532-2174","United States","Voluntary: Firm initiated","Letter","U.S.A. Nationwide","D-0299-2020","Class II","Ibuprofen Oral Suspension USP, 100 mg/5 mL, One Pint, (473 mL), Rx only, Manufactured by: Taro Pharmaceuticals Inc., Brampton, Ontario, Canada L6T 1C1, Distributed by: Taro Pharmaceuticals U.S.A., Inc., Hawthorne, NY 10532, NDC 51672-1385-9","639,325 bottles","Presence of Foreign Substance: Ibuprofen Oral Suspension USP may have small particles of an inert plastic material introduced during manufacturing.","09/27/2019","11/05/2019","08/31/2023","11/06/2019","Lot #: J78402968, J784129698, Exp 9/19; K765129698, K765229698, K765329698, K769329698, K778829698, K778929698, Exp 10/19; A887230568, A887330568, A887430568, Exp 12/19; B865430568, B865530568, B865630568, B869530568, B869630568, Exp 1/20; D866431198, D866531198, D866631198, D866731198, D866831198, D866931198, D872631198, D872731198, D872831198, D872931198, D873031834, Exp 3/20; E875331834, E875431834, E883831834, E883931834, E884031834, E884131834, Exp 4/20; F865131834, Exp 5/20; G879432436, G879532436, G879632436, G879732436, G879832436, G879932436, G881632436, G882232436, Exp 6/20; H865232436, H865332436, H870832436, Exp 7/20; I885233156, I885333156, I885433156, I885533156, I885633156, I885733164, Exp 8/20; J868533164, J868633164, J868733164, J868833164, J868933164 and J869033164, Exp 9/20; L866434042, L866534043, L866634044, L866734045, L866834046, L866934422, Exp 11/20; A973134748, A973234423, A973334424, A979534425, A979634426, A979734427, A979834428, Exp 12/20; B974034749, B974134750, B974234751, B974334752, B974434753, Exp 1/21"
"Drugs","No","11/05/2019","83887","Terminated","Taro Pharmaceuticals U.S.A., Inc.","3 Skyline Dr","N/A","Hawthorne","NY","	10532-2174","United States","Voluntary: Firm initiated","Letter","U.S.A. Nationwide","D-0300-2020","Class II","Children's Ibuprofen Oral Suspension USP, 100 mg per 5 mL, Berry Flavor, Dye-Free, Alcohol Free, 4 fl. oz. (120 mL), Distributed by: Taro Pharmaceuticals U.S.A., Inc., Hawthorne, NY 10532, NDC 51672-2130-8    ","182,986 bottles","Presence of Foreign Substance: Ibuprofen Oral Suspension USP may have small particles of an inert plastic material introduced during manufacturing.","09/27/2019","11/05/2019","08/31/2023","11/06/2019","Lot #: E875131667, E875231667, Exp 4/20; J871033189, J871133189, Exp 9/20; A972934375, A973034375, Exp 12/20"
"Drugs","No","11/05/2019","83887","Terminated","Taro Pharmaceuticals U.S.A., Inc.","3 Skyline Dr","N/A","Hawthorne","NY","	10532-2174","United States","Voluntary: Firm initiated","Letter","U.S.A. Nationwide","D-0301-2020","Class II","Children's Ibuprofen Oral Suspension USP, 100 mg per 5 mL, Berry Flavor, Dye-Free, Alcohol Free,  8 fl. oz.(240 mL), Distributed by: Taro Pharmaceuticals, U.S.A., Inc., Hawthorne, NY 10532,  NDC 51672-2130-1    ","5,190 bottles","Presence of Foreign Substance: Ibuprofen Oral Suspension USP may have small particles of an inert plastic material introduced during manufacturing.","09/27/2019","11/05/2019","08/31/2023","11/06/2019","Lot #: J871033187, Exp 9/20"
"Drugs","No","","83789","Terminated","KRS Global Biotechnology, Inc","791 Park of Commerce Blvd Ste 600","N/A","Boca Raton","FL","	33487-3633","United States","Voluntary: Firm initiated","Press Release","Nationwide","D-0117-2020","Class II","L-Asparaginase Lyophilized, 10,000 International Units/Vial, For IV / IM / SC Use, Rx Only, KRS Global Biotechnology 791 Park of Commerce Blvd, Boca Raton, FL 33487. NDC 3321674499","N/A","Lack of Assurance of Sterility","09/12/2019","10/01/2019","08/19/2021","10/09/2019","All lots remaining within expiry."
"Drugs","No","","83789","Terminated","KRS Global Biotechnology, Inc","791 Park of Commerce Blvd Ste 600","N/A","Boca Raton","FL","	33487-3633","United States","Voluntary: Firm initiated","Press Release","Nationwide","D-0118-2020","Class II","Isoproterenol HCL (PF) in D5W, 200 mcg / 50 mL (4 mcg/mL), 50 mL IV Bag, Single Dose Only, Contains Sulfites, For Slow IV use,  Rx Only, KRS Global Biotechnology 791 Park of Commerce Blvd, Boca Raton, FL 33487. NDC 3321677610","N/A","Lack of Assurance of Sterility","09/12/2019","10/01/2019","08/19/2021","10/09/2019","All lots remaining within expiry."
"Drugs","No","","83265","Completed","Altaire Pharmaceuticals, Inc.","311 W Ln","PO Box 849","Aquebogue","NY","	11931-0849","United States","Voluntary: Firm initiated","Two or more of the following: Email, Fax, Letter, Press Release, Telephone, Visit","U.S.A. Nationwide","D-0462-2020","Class II","Natural Ophthalmics Ortho-K Thick Comfort Gel, 15 mL,  NDC  68770-143-15         ","81969 units","Lack of Assurance of Sterility","07/02/2019","11/15/2019","N/A","11/27/2019","17210 7/19  17378 12/19  18175 7/20"
"Drugs","No","","83265","Completed","Altaire Pharmaceuticals, Inc.","311 W Ln","PO Box 849","Aquebogue","NY","	11931-0849","United States","Voluntary: Firm initiated","Two or more of the following: Email, Fax, Letter, Press Release, Telephone, Visit","U.S.A. Nationwide","D-0463-2020","Class II","Natural Ophthalmics Women's Tear Stimulation Dry Eye Drops, 15 mL, NDC 68770-103-15      ","41925 units","Lack of Assurance of Sterility","07/02/2019","11/15/2019","N/A","11/27/2019","17281 9/19  18120 5/20"
"Drugs","No","","83265","Completed","Altaire Pharmaceuticals, Inc.","311 W Ln","PO Box 849","Aquebogue","NY","	11931-0849","United States","Voluntary: Firm initiated","Two or more of the following: Email, Fax, Letter, Press Release, Telephone, Visit","U.S.A. Nationwide","D-0464-2020","Class II","Natural Ophthalmics Ortho-K Thin Eye Drops, 15 mL,  NDC 68770-144-15        ","84216 units","Lack of Assurance of Sterility","07/02/2019","11/15/2019","N/A","11/27/2019","17375 12/19  17376 12/19  18190 7/20  18191 8/20"
"Drugs","No","","83265","Completed","Altaire Pharmaceuticals, Inc.","311 W Ln","PO Box 849","Aquebogue","NY","	11931-0849","United States","Voluntary: Firm initiated","Two or more of the following: Email, Fax, Letter, Press Release, Telephone, Visit","U.S.A. Nationwide","D-0465-2020","Class II","Natural Ophthalmics Tear Stimulation Forte Dry Eye Drops, 15 mL, NDC 68770-104-15      ","41906 units","Lack of Assurance of Sterility","07/02/2019","11/15/2019","N/A","11/27/2019","17374 12/19  18196 8/20"
"Drugs","No","","83265","Completed","Altaire Pharmaceuticals, Inc.","311 W Ln","PO Box 849","Aquebogue","NY","	11931-0849","United States","Voluntary: Firm initiated","Two or more of the following: Email, Fax, Letter, Press Release, Telephone, Visit","U.S.A. Nationwide","D-0466-2020","Class II","Natural Ophthalmics Cataract Eye Drops with Cineraria, 15 mL, 25 mL, NDC  68770-130-15       ","61830 units","Lack of Assurance of Sterility","07/02/2019","11/15/2019","N/A","11/27/2019","17282 9/19  18121 5/20"
"Drugs","No","","83265","Completed","Altaire Pharmaceuticals, Inc.","311 W Ln","PO Box 849","Aquebogue","NY","	11931-0849","United States","Voluntary: Firm initiated","Two or more of the following: Email, Fax, Letter, Press Release, Telephone, Visit","U.S.A. Nationwide","D-0467-2020","Class II","Natural Ophthalmics Allergy Desensitization Eye Drops, 15 mL, NDC 68770-120-15      ","20666 units","Lack of Assurance of Sterility","07/02/2019","11/15/2019","N/A","11/27/2019","17282 9/19  18121 5/20"
"Drugs","No","","83265","Completed","Altaire Pharmaceuticals, Inc.","311 W Ln","PO Box 849","Aquebogue","NY","	11931-0849","United States","Voluntary: Firm initiated","Two or more of the following: Email, Fax, Letter, Press Release, Telephone, Visit","U.S.A. Nationwide","D-0468-2020","Class II","TRP/ TARGET up & up intensive relief lubricating eye drop, 10 mL        ","N/A","Lack of Assurance of Sterility","07/02/2019","11/15/2019","N/A","11/27/2019","17290 9/19  18052 2/20"
"Drugs","No","","83265","Completed","Altaire Pharmaceuticals, Inc.","311 W Ln","PO Box 849","Aquebogue","NY","	11931-0849","United States","Voluntary: Firm initiated","Two or more of the following: Email, Fax, Letter, Press Release, Telephone, Visit","U.S.A. Nationwide","D-0469-2020","Class II","TRP Blur Relief, 15 mL, NDC 17312-002-11      ","24144 units","Lack of Assurance of Sterility","07/02/2019","11/15/2019","N/A","11/27/2019","16256 09/19  17194 7/20"
"Drugs","No","","83265","Completed","Altaire Pharmaceuticals, Inc.","311 W Ln","PO Box 849","Aquebogue","NY","	11931-0849","United States","Voluntary: Firm initiated","Two or more of the following: Email, Fax, Letter, Press Release, Telephone, Visit","U.S.A. Nationwide","D-0470-2020","Class II","TRP Stye Relief, 4 g, NDC 17312-014-13      ","318,412 units","Lack of Assurance of Sterility","07/02/2019","11/15/2019","N/A","11/27/2019","RHP 8/19  RLD 12/19  SDE 4/20  SID 9/20"
"Drugs","No","","83265","Completed","Altaire Pharmaceuticals, Inc.","311 W Ln","PO Box 849","Aquebogue","NY","	11931-0849","United States","Voluntary: Firm initiated","Two or more of the following: Email, Fax, Letter, Press Release, Telephone, Visit","U.S.A. Nationwide","D-0471-2020","Class II","TRP Pink Eye Relief, 10 mL, NDC 17312-013-15      ","1,381,638 units","Lack of Assurance of Sterility","07/02/2019","11/15/2019","N/A","11/27/2019","17185 6/20  17228 7/20  17349 11/20  18073 3/21  18218 8/21  18303 12/21"
"Drugs","No","","83265","Completed","Altaire Pharmaceuticals, Inc.","311 W Ln","PO Box 849","Aquebogue","NY","	11931-0849","United States","Voluntary: Firm initiated","Two or more of the following: Email, Fax, Letter, Press Release, Telephone, Visit","U.S.A. Nationwide","D-0472-2020","Class II","Nano Tears MXP Forte Clear Emollient Lubricant Gel Drops Twin Pack, Product Size:  2 x 10 mL, NDC  59390-144-51               ","N/A","Lack of Assurance of Sterility","07/02/2019","11/15/2019","N/A","11/27/2019","17367 12/19  18174 7/20"
"Drugs","No","11/26/2019","83908","Completed","Dr. Reddy's Laboratories, Inc.","107 College Rd E","N/A","Princeton","NJ","	08540-6623","United States","Voluntary: Firm initiated","Letter","Product was distributed to major distributors throughout the United States who may have further distributed the product.","D-0168-2020","Class II","Dr. Reddy's:  Ranitidine Capsules 150 mg, Rx a.) 60 count bottles (NDC 55111-129-60) b.) 500 count bottles (NDC 55111-129-05)        ","N/A","CGMP Deviations: Presence of NDMA impurity detected in product.","10/01/2019","11/05/2019","N/A","11/13/2019","Batch Numbers:  All lots within expiry."
"Drugs","No","","83915","Terminated","Amneal Pharmaceuticals, Inc.","50 Horseblock Rd","N/A","Brookhaven","NY","	11719-9509","United States","Voluntary: Firm initiated","Letter","Product was distributed to 13 major distributors throughout the United States who may have further distribute the product.","D-0134-2020","Class III","Benazepril HCl Tablets, USP 40 mg, 100 count bottles, Rx only, Distributed by Amneal Pharmaceuticals, Bridgewater, NJ  NDC 65162-754-10","9,720 100 count bottles","Presence of Foreign Tablet/Capsule; Promethazine HCl tablet found in the Benazepril HCl bottle","09/24/2019","10/09/2019","03/04/2021","10/16/2019","Lot # BB02619A, exp. date 04/2021"
"Drugs","No","","83914","Terminated","Mylan Laboratories Limited (Sterile Products Division)","Opp. Iim-B, Bilekahalli , Bannerghatta Road","N/A","Bangalore","N/A","	N/A","India","Voluntary: Firm initiated","Letter","Nationwide in the USA","D-0139-2020","Class II","Rifampin for Injection, USP, 600 mg/vial, Rx only, Manufactured for:  Mylan Institutional LLC, Rockford, IL 61103; NDC 67457-445-60.","19,165 vials","Failed Impurities/Degradation Specifications: discoloration due to elevated unknown impurity results which could decrease the effectiveness of the product.","10/07/2019","10/10/2019","03/09/2023","10/16/2019","Lot: 7008334, Exp April 2020; 7008417, Exp Oct 2020"
"Drugs","No","11/05/2019","83887","Terminated","Taro Pharmaceuticals U.S.A., Inc.","3 Skyline Dr","N/A","Hawthorne","NY","	10532-2174","United States","Voluntary: Firm initiated","Letter","U.S.A. Nationwide","D-0302-2020","Class II","Children's Ibuprofen Oral Suspension USP, 100 mg per 5 mL, Berry Flavor, Dye-Free, Alcohol Free,  4 fl. oz.(120 mL), Distributed by: Winco Foods, LLC, Boise, ID 83704, NDC 67091-321-04    ","5,280 bottles","Presence of Foreign Substance: Ibuprofen Oral Suspension USP may have small particles of an inert plastic material introduced during manufacturing.","09/27/2019","11/05/2019","08/31/2023","11/06/2019","Lot #: A972834374, Exp 12/20"
"Drugs","No","","83265","Completed","Altaire Pharmaceuticals, Inc.","311 W Ln","PO Box 849","Aquebogue","NY","	11931-0849","United States","Voluntary: Firm initiated","Two or more of the following: Email, Fax, Letter, Press Release, Telephone, Visit","U.S.A. Nationwide","D-0473-2020","Class II","Puralube Petrolatum Ophthalmic Ointment, Net Wt 3.5 gram (1/8 oz), Mfd. for Perrigo, Minneapolis, MN 55427, NDC 0574-4025-35  ","273,100 units","Lack of Assurance of Sterility","07/02/2019","11/15/2019","N/A","11/27/2019","RJH 10/19   SCC 3/21   SGA 7/21   SGH 7/21  SHH 8/21   SLL 12/21   TAC 1/22"
"Drugs","No","","83265","Completed","Altaire Pharmaceuticals, Inc.","311 W Ln","PO Box 849","Aquebogue","NY","	11931-0849","United States","Voluntary: Firm initiated","Two or more of the following: Email, Fax, Letter, Press Release, Telephone, Visit","U.S.A. Nationwide","D-0474-2020","Class II","Puralube Ophthalmic Ointment, 3.5 gram, Mfd. for Perrigo, Minneapolis, MN 55427, NDC 0574-4025-20  ","195,864 units","Lack of Assurance of Sterility","07/02/2019","11/15/2019","N/A","11/27/2019","RKM 11/19   SGA 7/20   SIF 9/20   SKE 11/20"
"Drugs","No","","83265","Completed","Altaire Pharmaceuticals, Inc.","311 W Ln","PO Box 849","Aquebogue","NY","	11931-0849","United States","Voluntary: Firm initiated","Two or more of the following: Email, Fax, Letter, Press Release, Telephone, Visit","U.S.A. Nationwide","D-0475-2020","Class II","Equate Support Advanced Lubricant Gel Drops Multi Dose Preservative Free, 7.5 mL, NDC 49035-882-52     ","N/A","Lack of Assurance of Sterility","07/02/2019","11/15/2019","N/A","11/27/2019","19015 01/21   19117 04/21   18080 07/20   18111 05/20"
"Drugs","No","","83265","Completed","Altaire Pharmaceuticals, Inc.","311 W Ln","PO Box 849","Aquebogue","NY","	11931-0849","United States","Voluntary: Firm initiated","Two or more of the following: Email, Fax, Letter, Press Release, Telephone, Visit","U.S.A. Nationwide","D-0476-2020","Class II","CVS Health Preservative Free Lubricant Gel Drops Dry Eye Relief, Item#: 634634, Product Size: 0.6 mL x 30, Distributed by: CVS Pharmacy, Inc. One CVS Drive, Woonsocket, RI 02895","114504 units","Lack of Assurance of Sterility","07/02/2019","11/15/2019","N/A","11/27/2019","SEI 5/20   TAK 01/21"
"Drugs","No","","83265","Completed","Altaire Pharmaceuticals, Inc.","311 W Ln","PO Box 849","Aquebogue","NY","	11931-0849","United States","Voluntary: Firm initiated","Two or more of the following: Email, Fax, Letter, Press Release, Telephone, Visit","U.S.A. Nationwide","D-0477-2020","Class II","CVS Health Multi-Action Relief Drops, Item#: 694954, 15 mL, Distributed by: CVS Pharmacy, Inc. One CVS Drive, Woonsocket, RI 02895","N/A","Lack of Assurance of Sterility","07/02/2019","11/15/2019","N/A","11/27/2019","Lot #: 16267, Exp 10/19; 18096, Exp 04/21; 18301, Exp 12/21; 18096, Exp 4/21; 18301, Exp 12/21; 17371, Exp 12/20; 17158, Exp 6/20; 17025, Exp 1/20; 17015, Exp 1/20; 19103, Exp 04/22"
"Drugs","No","","83265","Completed","Altaire Pharmaceuticals, Inc.","311 W Ln","PO Box 849","Aquebogue","NY","	11931-0849","United States","Voluntary: Firm initiated","Two or more of the following: Email, Fax, Letter, Press Release, Telephone, Visit","U.S.A. Nationwide","D-0478-2020","Class II","Altaire Ciprofloxacin HCl Ophthalmic Solution, 0.3%, 5 mL, NDC 59390-217-05     ","6024 units","Lack of Assurance of Sterility","07/02/2019","11/15/2019","N/A","11/27/2019","Lot #: 18164, Exp 7/20"
"Drugs","No","","83265","Completed","Altaire Pharmaceuticals, Inc.","311 W Ln","PO Box 849","Aquebogue","NY","	11931-0849","United States","Voluntary: Firm initiated","Two or more of the following: Email, Fax, Letter, Press Release, Telephone, Visit","U.S.A. Nationwide","D-0479-2020","Class II","Nano Tears MXP Forte Clear Emollient Lubricant Gel Drops, Twin Pack  2 x 10 mL, Mfd. by: Altaire Pharmaceuticals, Inc., Aquebogue, NY 11931, NDC 59390-144-51    ","2870 units","Lack of Assurance of Sterility","07/02/2019","11/15/2019","N/A","11/27/2019","Lot #: 17367, Exp 12/19; 18174, Exp 7/20"
"Drugs","No","","83265","Completed","Altaire Pharmaceuticals, Inc.","311 W Ln","PO Box 849","Aquebogue","NY","	11931-0849","United States","Voluntary: Firm initiated","Two or more of the following: Email, Fax, Letter, Press Release, Telephone, Visit","U.S.A. Nationwide","D-0480-2020","Class II","Nano Tears XP Clear Emollient Lubricant Gel Drops twin pack, Product Size: 2 x 10 mL, Mfd. by: Altaire Pharmaceuticals, Inc., Aquebogue, NY 11931, NDC 59390-143-51   ","N/A","Lack of Assurance of Sterility","07/02/2019","11/15/2019","N/A","11/27/2019","Lot #: 17366, Exp 12/19"
"Drugs","No","","83947","Terminated","Pfizer Inc.","235 E 42nd St","N/A","New York","NY","	10017-5703","United States","Voluntary: Firm initiated","Letter","Nationwide in the United States and Puerto Rico","D-0136-2020","Class II","10% LMD in 5% Dextrose Injection Dextran 40 in Dextrose Injection, USP,  500 mL bags, Rx only, Hospira, Inc., Lake Forest, IL 60045, NDC 0409-7418-13","17832 bags","Lack of Assurance of Sterility:  Bag has the potential to leak.","10/02/2019","10/09/2019","12/01/2020","10/16/2019","Lot #: 87-095-JT Exp. 1MAR2020"
"Drugs","No","10/30/2019","83959","Terminated","Arbor Pharmaceuticals Inc.","6 Concourse Pkwy Ste 1800","N/A","Atlanta","GA","	30328-5353","United States","Voluntary: Firm initiated","E-Mail","Nationwide in the US","D-0167-2020","Class III","Testosterone Cypionate Injection, USP, 2000 mg/10 mL, 1 mL Vial, Single-Dose,  Rx only, Mfd. for: Wilshire Pharmaceuticals, Inc. Atlanta, GA 30328. NDC 52536-625-01","67934 units","Labeling:Label Mix-up: Shipper Carton labelled Testosterone Cypionate Injection, USP, 200mg/mL, 1 ml single-dose  vials, found to contain shelf cartons labelled as Testosterone Cypionate Injection USP, 200mg/mL, 10 ml  multi-dose vials which contain Testosterone Cypionate Injection USP, 200mg/mL,1mL single-does vials","09/27/2019","10/30/2019","02/02/2021","11/06/2019","lot# 23803.002B, Exp 07/2020; 23803.005A, Exp  01/2021"
"Drugs","No","","83960","Terminated","Macleods Pharma Usa Inc","666 Plainsboro Rd Bldg 200 Ste 230","N/A","Plainsboro","NJ","	08536-0009","United States","Voluntary: Firm initiated","Letter","Product was shipped to 8 distributors who may have further distributed the product.","D-0140-2020","Class II","Pioglitazone Hydrochloride Tablets USP 15 mg, 30 count bottles, Rx only, Manufactured for: Macleods Pharma USA, Inc., Plainsboro, NJ, Manufactured by: Macleods Pharmaceuticals Ltd., Baddi, Himachal Pradesh, India  NDC 33342-054-07","31,968 bottles","Superpotent","09/23/2019","10/11/2019","02/23/2021","10/23/2019","Lot # BPF901A, exp. date 12/2021"
"Drugs","No","","83964","Terminated","Sato Pharmaceutical Inc.","20695 S Western Ave Ste 240","N/A","Torrance","CA","	90501-1834","United States","Voluntary: Firm initiated","Letter","Nationwide within the United States, Guam and Saipan","D-0322-2020","Class III","Zentrip (meclizine Hydrochloride), 25 mg strips, 8-strips per box, Distributed by Sato Pharmaceutical INC. 20695 S. Western Ave., Suite 240 Torrence, CA 90501, NDC 49873-803-01. UPC 4987301603","21,864 units","Subpotent Drug","10/01/2019","11/13/2019","08/18/2020","11/20/2019","Lot #: TXWW, TXTW, Exp. date Dec 2019; AXPS, AXLS, AXBS AXNS, Exp. date Oct 2021; AXZL, AXAL, AXTL, AXWL, Exp. date Jun 2021."
"Drugs","No","","83964","Terminated","Sato Pharmaceutical Inc.","20695 S Western Ave Ste 240","N/A","Torrance","CA","	90501-1834","United States","Voluntary: Firm initiated","Letter","Nationwide within the United States, Guam and Saipan","D-0323-2020","Class III","Motion Sickness (meclizine hydrochloride) 25 mg tablets, 12-count box, Distributed by Sato Pharmaceutical INC. 20695 S. Western Ave., Suite 240 Torrence, CA 90501, NDC 59779-534-01. UPC 050428345535","210,744 units","Subpotent Drug","10/01/2019","11/13/2019","08/18/2020","11/20/2019","Lot #: TXWP, TXTP, Exp. date Jul 2020; AXTZ, Exp. date Mar 2021; AXNP, Exp. date Jul 2021;  AXBC, Exp. date Oct 2021;  ZXWW, Exp. date Dec 2021"
"Drugs","No","","83964","Terminated","Sato Pharmaceutical Inc.","20695 S Western Ave Ste 240","N/A","Torrance","CA","	90501-1834","United States","Voluntary: Firm initiated","Letter","Nationwide within the United States, Guam and Saipan","D-0324-2020","Class III","WAL-DRAM 2 (meclizine Hydrochloride) 25 mg tablets, packaged in a) 12 count (NDC 0363-1407-01, UPC 3 11917-18328 2 ) and b) 18-count boxes (NDC 0363-1407-02, UPC 3 11917-20318 8) Distributed by Sato Pharmaceutical INC. 20695 S. Western Ave., Suite 240 Torrence, CA 90501,","a) 112,104 units b) 24,696 units","Subpotent Drug","10/01/2019","11/13/2019","08/18/2020","11/20/2019","Lot #: a) AXWA, Exp. date Feb 2021; AXAB, Exp. date May 2021; AXLK, Exp. date Nov 2021; b) AXZP, Exp. date Jul 2021"
"Drugs","No","","83964","Terminated","Sato Pharmaceutical Inc.","20695 S Western Ave Ste 240","N/A","Torrance","CA","	90501-1834","United States","Voluntary: Firm initiated","Letter","Nationwide within the United States, Guam and Saipan","D-0325-2020","Class III","Motion Sickness Strips (meclizine hydrochloride) 25 mg strips, 8-count box, Distributed by Sato Pharmaceutical INC. 20695 S. Western Ave., Suite 240 Torrence, CA 90501, NDC 69842-288-01. UPC 5042849946","39,504 units","Subpotent Drug","10/01/2019","11/13/2019","08/18/2020","11/20/2019","Lot #: AXTK, AXAK, AXZK, AXNK, AXBK, AXLK, AXPK, AXCK, Exp. Date Nov 2021"
"Drugs","No","","83265","Completed","Altaire Pharmaceuticals, Inc.","311 W Ln","PO Box 849","Aquebogue","NY","	11931-0849","United States","Voluntary: Firm initiated","Two or more of the following: Email, Fax, Letter, Press Release, Telephone, Visit","U.S.A. Nationwide","D-0481-2020","Class II","OCuSOFT retaine NaCl Ophthalmic Ointment, Product Size: 3.5g,  SKU #: 777-3-76  ","19632 units","Lack of Assurance of Sterility","07/02/2019","11/15/2019","N/A","11/27/2019","Lot #: SAP     1/20     3/16/2018       SFI     6/20     10/29/2018       TCI     3/21"
"Drugs","No","01/27/2020","83265","Completed","Altaire Pharmaceuticals, Inc.","311 W Ln","PO Box 849","Aquebogue","NY","	11931-0849","United States","Voluntary: Firm initiated","Two or more of the following: Email, Fax, Letter, Press Release, Telephone, Visit","U.S.A. Nationwide","D-0482-2020","Class II","OCuSOFT retaine NaCl Ophthalmic Ointment, Product Size: 3.5g, SKU #: 777-3-77     ","N/A","Lack of Assurance of Sterility","07/02/2019","11/15/2019","N/A","11/27/2019","Lot #: 18008     1/20            19105     4/22"
"Drugs","No","","83265","Completed","Altaire Pharmaceuticals, Inc.","311 W Ln","PO Box 849","Aquebogue","NY","	11931-0849","United States","Voluntary: Firm initiated","Two or more of the following: Email, Fax, Letter, Press Release, Telephone, Visit","U.S.A. Nationwide","D-0483-2020","Class II","FreshKote Lubricant Eye Drops, Product Size: 15 mL, NDC 15821-101-15  ","31070 units","Lack of Assurance of Sterility","07/02/2019","11/15/2019","N/A","11/27/2019","Lot #: 18095, Exp 4/20"
"Drugs","No","","83871","Completed","Apotex Inc.","150 Signet Drive","N/A","North York","N/A","	N/A","Canada","Voluntary: Firm initiated","Press Release","Nationwide","D-0315-2020","Class II","Walgreens Regular Strength Wal-Zan 75 Ranitidine Tablets, USP 75 mg/Acid Reducer 30 Tablets NDC 0363-1029-03 Distributed By: Walgreen Co., 200 Wilmot RD., Deerfield, IL 60015","42,873 bottles","GGMP Deviations: Possible contamination with impurity N-nitrosodimethylamine (NDMA).","09/24/2019","11/12/2019","N/A","11/20/2019","All lots remaining within expiry."
"Drugs","No","","83265","Completed","Altaire Pharmaceuticals, Inc.","311 W Ln","PO Box 849","Aquebogue","NY","	11931-0849","United States","Voluntary: Firm initiated","Two or more of the following: Email, Fax, Letter, Press Release, Telephone, Visit","U.S.A. Nationwide","D-0485-2020","Class II","Grandall Colirio Oftal-Mycin Redness Relief Eye Drops, Product Size: 15mL  ","73548 units","Lack of Assurance of Sterility","07/02/2019","11/15/2019","N/A","11/27/2019","Lot #: 17008, Exp 01/20"
"Drugs","No","","83265","Completed","Altaire Pharmaceuticals, Inc.","311 W Ln","PO Box 849","Aquebogue","NY","	11931-0849","United States","Voluntary: Firm initiated","Two or more of the following: Email, Fax, Letter, Press Release, Telephone, Visit","U.S.A. Nationwide","D-0486-2020","Class II","Grandall Oftal-Mycin Ophthalmic Ointment, Product Size: 3.5 g    ","N/A","Lack of Assurance of Sterility","07/02/2019","11/15/2019","N/A","11/27/2019","Lot #: QJD, Exp 10/19; RFK, Exp 6/20; SCB, Exp 3/21; TBI, Exp 2/22"
"Drugs","No","","83265","Completed","Altaire Pharmaceuticals, Inc.","311 W Ln","PO Box 849","Aquebogue","NY","	11931-0849","United States","Voluntary: Firm initiated","Two or more of the following: Email, Fax, Letter, Press Release, Telephone, Visit","U.S.A. Nationwide","D-0487-2020","Class II","Clear Eyes Redness Relief, Product Size: 15 mL, UPC#: 6-78112-25415-6     ","N/A","Lack of Assurance of Sterility","07/02/2019","11/15/2019","N/A","11/27/2019","Lot #: 16195, Exp 7/19; 16211, Exp 8/19; 16216, Exp 8/19"
"Drugs","No","","83265","Completed","Altaire Pharmaceuticals, Inc.","311 W Ln","PO Box 849","Aquebogue","NY","	11931-0849","United States","Voluntary: Firm initiated","Two or more of the following: Email, Fax, Letter, Press Release, Telephone, Visit","U.S.A. Nationwide","D-0489-2020","Class II","Clear Eyes Redness Relief (Handy Pocket Pal), Product Size: 0.2 FL. Oz., UPC#: 6-78112-15418-7      ","N/A","Lack of Assurance of Sterility","07/02/2019","11/15/2019","N/A","11/27/2019","Lot #: 16192, Exp 7/19; 16203, Exp 7/19; 16242, Exp 9/19; 16280, Exp 10/19; 16285, Exp 10/19; 16300, Exp 11/19; 16336, Exp 12/19; 17002, Exp 1/20; 17012, Exp 1/20; 17051, Exp 2/20; 17130, Exp 04/20; 17147, Exp 05/20"
"Drugs","No","","83265","Completed","Altaire Pharmaceuticals, Inc.","311 W Ln","PO Box 849","Aquebogue","NY","	11931-0849","United States","Voluntary: Firm initiated","Two or more of the following: Email, Fax, Letter, Press Release, Telephone, Visit","U.S.A. Nationwide","D-0490-2020","Class II","Clear Eyes Redness Relief (Little Drug),Product Size: 0.2 FL. Oz., UPC#: 7-92554-70103-7        ","N/A","Lack of Assurance of Sterility","07/02/2019","11/15/2019","N/A","11/27/2019","Lot #: 16321, Exp 11/19; 16336, Exp 12/19; 17012, Exp 1/20; 17034, Exp 2/20; 17051, Exp 2/20; 17147, Exp 5/20"
"Drugs","No","","83871","Completed","Apotex Inc.","150 Signet Drive","N/A","North York","N/A","	N/A","Canada","Voluntary: Firm initiated","Press Release","Nationwide","D-0316-2020","Class II","Equate Maximum Strength Ranitidine Tablets, USP 150 mg Acid Reducer 130 Tablets Distributed by Wal-Mart Stores, Inc. Bentonville, AR 72716 a) Twin Pack NDC: 49035-100-07; b) Single Pack NDC: 49035-100-00","1,132,453 bottles","GGMP Deviations: Possible contamination with impurity N-nitrosodimethylamine (NDMA).","09/24/2019","11/12/2019","N/A","11/20/2019","All lots remaining within expiry."
"Drugs","No","","83871","Completed","Apotex Inc.","150 Signet Drive","N/A","North York","N/A","	N/A","Canada","Voluntary: Firm initiated","Press Release","Nationwide","D-0317-2020","Class II","Rite Aid Pharmacy Maximum Strength Ranitidine Tablets, USP 150 mg Cool Mint Acid Reducer 24 Tablets Sugar Free NDC 11822-6107-4 Distributed By: Rite Aid 30 Hunter Lane, Camp Hill, PA 17011","31,968 bottles","GGMP Deviations: Possible contamination with impurity N-nitrosodimethylamine (NDMA).","09/24/2019","11/12/2019","N/A","11/20/2019","All lots remaining within expiry."
"Drugs","No","","83871","Completed","Apotex Inc.","150 Signet Drive","N/A","North York","N/A","	N/A","Canada","Voluntary: Firm initiated","Press Release","Nationwide","D-0318-2020","Class II","Equate Maximum Strength Ranitidine Tablets, USP 150 mg Acid Reducer Cool Mint Tablets Sugar Free 65 Tablets NDC: 49035-117-06 Distributed By: Wal-Mart Stores, Inc. Bentonville, AR 72716","162,344 bottles","GGMP Deviations: Possible contamination with impurity N-nitrosodimethylamine (NDMA).","09/24/2019","11/12/2019","N/A","11/20/2019","All lots remaining within expiry."
"Drugs","No","","83871","Completed","Apotex Inc.","150 Signet Drive","N/A","North York","N/A","	N/A","Canada","Voluntary: Firm initiated","Press Release","Nationwide","D-0319-2020","Class II","Rite Aid Pharmacy Maximum Strength Ranitidine Tablets, USP 150 mg-acid reducer Distributed By: Rite Aid 30 Hunter Lane Camp Hill, PA 17011 a) 50 tablets NDC 11822-6052-1; b) 65 tablets NDC 11822-6052-2; c) 95 tablets NDC 11822-4727-3; d) 24 tablets NDC 11822-6051-8","215,387 bottles","GGMP Deviations: Possible contamination with impurity N-nitrosodimethylamine (NDMA).","09/24/2019","11/12/2019","N/A","11/20/2019","All lots remaining within expiry."
"Drugs","No","11/14/2019","83669","Terminated","First Royal Care Co. LLC, dba Red Mountain Compounding Pharmacy","6828 E Brown Rd Ste 101","N/A","Mesa","AZ","	85207-3761","United States","Voluntary: Firm initiated","Letter","Nationwide in the USA","D-0261-2020","Class II","S-EDETATE DISODIUM 15% INJ, packaged in 50ml glass vial, Rx Only, Red Mountain Compounding RX.                                                                                                                                                               ","10 50 ml vials","Lack of Assurance of Sterility","08/12/2019","11/05/2019","04/13/2023","11/13/2019","Lot #:S07232019DH@14 Exp 8/23/19; S07162019DT@06 Exp 8/16/19; S07172019DT@04 Exp 8/17/19"
"Drugs","No","11/14/2019","83669","Terminated","First Royal Care Co. LLC, dba Red Mountain Compounding Pharmacy","6828 E Brown Rd Ste 101","N/A","Mesa","AZ","	85207-3761","United States","Voluntary: Firm initiated","Letter","Nationwide in the USA","D-0262-2020","Class II","S-ESTRADIOL CYP 5MG/ML MDV INJ IN SESAME OIL, packaged in a) 5ml, b) 10ml, c) 11ml, glass vials, Rx Only, Red Mountain Compounding RX.                                                                                                                                                             ","1x5ml, 7x10ml, 3x11ml, glass vials","Lack of Assurance of Sterility","08/12/2019","11/05/2019","04/13/2023","11/13/2019","Lot #:S05092019DH@07, Exp 8/9/19;  S05082019DT@11, Exp 8/8/19;  S07032019DT@13, Exp 10/3/19; S07092019DT@09, Exp 10/9/19; S07292019DH@03, Exp 10/29/19"
"Drugs","No","11/14/2019","83669","Terminated","First Royal Care Co. LLC, dba Red Mountain Compounding Pharmacy","6828 E Brown Rd Ste 101","N/A","Mesa","AZ","	85207-3761","United States","Voluntary: Firm initiated","Letter","Nationwide in the USA","D-0263-2020","Class II","S-ESTRADIOL VALERATE 40MG/ML MDV INJ IN ETHYL OLEATE, packaged in a) 5ml, b) 10ml, glass vial, RX Only, Red Mountain Compounding RX.                                                                                                                                                                ","2 5ml and 10 ml glass vials","Lack of Assurance of Sterility","08/12/2019","11/05/2019","04/13/2023","11/13/2019","Lot# S06062019DH@03, Exp 9/6/19; S06182019DH@01, Exp 9/18/19"
"Drugs","No","11/14/2019","83669","Terminated","First Royal Care Co. LLC, dba Red Mountain Compounding Pharmacy","6828 E Brown Rd Ste 101","N/A","Mesa","AZ","	85207-3761","United States","Voluntary: Firm initiated","Letter","Nationwide in the USA","D-0264-2020","Class II","S-FOLIC ACID 20MG/ML MDV INJ, packaged in a)10ml b) 30ml, glass vials, Rx Only, Red Mountain Compounding Rx.                                                                                                                                                               ","1x10, 1x30 ml glass vials","Lack of Assurance of Sterility","08/12/2019","11/05/2019","04/13/2023","11/13/2019","Lot#  S05162019DH@17, Exp 8/26/19; S07262019DH@08, Exp 10/26/19"
"Drugs","No","","83997","Terminated","Basic Reset Inc.","260 W Main St Ste 103","N/A","Hendersonville","TN","	37075-7316","United States","FDA Mandated","Letter","United States including Puerto Rico and U.S. Virgin Islands, Canada, Nigeria, United Kingdom, Australia, Israel, Hungary, UAE, Mexico, Philippines, Greece","D-0187-2020","Class II","Basic Reset Earth Wash Cleaner and Personal Care, Eco Friendly, Non Toxic, 2 fl.oz. bottle, Distributed by: Basic Reset Hendersonville, TN 37075.","949 bottles","Marketed without an Approved NDA/ANDA","10/18/2019","11/05/2019","10/27/2021","11/13/2019","Lots: 120718, 072518, 112017, 120718"
"Drugs","No","","83997","Terminated","Basic Reset Inc.","260 W Main St Ste 103","N/A","Hendersonville","TN","	37075-7316","United States","FDA Mandated","Letter","United States including Puerto Rico and U.S. Virgin Islands, Canada, Nigeria, United Kingdom, Australia, Israel, Hungary, UAE, Mexico, Philippines, Greece","D-0188-2020","Class II","Miracle Facelift Masque, All Natural, The Miracle in a Bottle, 2 fl. oz./60 mL bottle, Kim Kaufman Productions Nashville, TN.","N/A","Marketed without an Approved NDA/ANDA","10/18/2019","11/05/2019","10/27/2021","11/13/2019","ALL"
"Drugs","No","","83997","Terminated","Basic Reset Inc.","260 W Main St Ste 103","N/A","Hendersonville","TN","	37075-7316","United States","FDA Mandated","Letter","United States including Puerto Rico and U.S. Virgin Islands, Canada, Nigeria, United Kingdom, Australia, Israel, Hungary, UAE, Mexico, Philippines, Greece","D-0189-2020","Class II","Basic Reset Nuovi Skin Toner, Refined Ionyte, 4 FL. OZ., 118.3 mL bottle, Distributed by: Basic Reset Hendersonville, TN 37075","1000 bottles","Marketed without an Approved NDA/ANDA","10/18/2019","11/05/2019","10/27/2021","11/13/2019","Lots: 28917A, 23918A, 21519A"
"Drugs","No","","83999","Terminated","Nephron Pharmaceuticals Corporation dba Nephron Sterile Compounding Center","4500 12th Street Ext","N/A","West Columbia","SC","	29172-3025","United States","Voluntary: Firm initiated","Letter","Nationwide.","D-0150-2020","Class II","Amino Acid Injection 50 g/1000 mL (50 mg/mL) 25 g L-Arginine HCl; 25 g L-Lysine HCl, Single Dose Container, Rx Only Nephron 503B outsourcing facility 4500 12th St. Extension West Columbia, SC 29172  NDC: 69374-988-10","162 bags","Lack of Assurance of Sterility; bags have potential to leak","10/09/2019","10/18/2019","12/01/2020","10/30/2019","Lots: AA9023A Exp. 10/24/2019; AA9023B Exp. 10/24/2019"
"Drugs","No","","83999","Terminated","Nephron Pharmaceuticals Corporation dba Nephron Sterile Compounding Center","4500 12th Street Ext","N/A","West Columbia","SC","	29172-3025","United States","Voluntary: Firm initiated","Letter","Nationwide.","D-0151-2020","Class II","del Nido Cardioplegia Solution, 1000 mL, Single-Dose Container, Rx Only Nephron 503B Outsourcing Facility 4500 12th St. Extension West Columbia, SC 29172  NDC: 69374-984-10","1047 bags","Lack of Assurance of Sterility; bags have potential to leak","10/09/2019","10/18/2019","12/01/2020","10/30/2019","Lots: NC9048A Exp. 10/14/2019; NC9048B Exp. 10/14/2019; NC9049A Exp. 10/16/2019; NC9049B Exp. 10/16/2019; NC9051A Exp. 10/21/2019; NC9051B Exp. 10/21/2019; NC9052A Exp. 10/22/2019; NC9052B Exp. 10/22/2019; NC9053A Exp. 10/23/2019; NC9053B Exp. 10/23/2019; NC9054A Exp. 10/28/2019; NC9054B Exp. 10/28/2019; NC9055A Exp. 10/30/2019; NC9056B Exp. 11/04/2019"
"Drugs","No","","84000","Terminated","Nephron Pharmaceuticals Corporation dba Nephron Sterile Compounding Center","4500 12th Street Ext","N/A","West Columbia","SC","	29172-3025","United States","Voluntary: Firm initiated","Letter","Nationwide.","D-0147-2020","Class II","PF-Fentanyl Citrate (2 mcg/mL)* & Bupivacaine HCl 0.0625  in 0.9% Sodium Chloride Injection-250 mL Total Dose: (500 mcg/156.3 mg)/250 mL, Rx Only, Nephron 503B Outsourcing Facility 4500 12th St. Extension West Columbia, SC 29172 NDC 69374-0525-25","1855 bags","GMP Deviations: potential glass contamination","10/09/2019","10/18/2019","12/01/2020","10/30/2019","Lots: FB9001 A Exp. 10/31/2019, FB9001B Exp. 10/31/2019; FB9013A Exp. 12/08/2019; FB9015A Exp. 12/14/2019"
"Drugs","No","","84000","Terminated","Nephron Pharmaceuticals Corporation dba Nephron Sterile Compounding Center","4500 12th Street Ext","N/A","West Columbia","SC","	29172-3025","United States","Voluntary: Firm initiated","Letter","Nationwide.","D-0148-2020","Class II","PF-Fentanyl Citrate 2 mcg/mL* & Bupivacaine HCl 0.125% in 0.9% Sodium Chloride Injection-250 mL, Rx Only  Total Dose: (500 mcg/312.5 mg)/250 mL, Nephron 503B Outsourcing Facility 4500 12th St. Extension West Columbia, SC 29172  NDC: 69374-530-25","1370 bags","GMP Deviations: potential glass contamination","10/09/2019","10/18/2019","12/01/2020","10/30/2019","Lots: FB9014A Exp. 12/09/2019; FB9017A Exp. 12/16/2019"
"Drugs","No","","84000","Terminated","Nephron Pharmaceuticals Corporation dba Nephron Sterile Compounding Center","4500 12th Street Ext","N/A","West Columbia","SC","	29172-3025","United States","Voluntary: Firm initiated","Letter","Nationwide.","D-0149-2020","Class II","PF-Fentanyl Citrate 2 mcg/mL* & Ropivacaine HCl 0.1% in 0.9% Sodium Chloride Injection-200 mL Total Dose: (400 mcg/200 mg)/200 mL, Rx Only Nephron 503B Outsourcing Facility 4500 12th St. Extension West Columbia, SC 29172  NDC: 69374-526-20","615 bags","GMP Deviations: potential glass contamination","10/09/2019","10/18/2019","12/01/2020","10/30/2019","Lot: FR9002A Exp. 12/12/2019"
"Drugs","No","","83997","Terminated","Basic Reset Inc.","260 W Main St Ste 103","N/A","Hendersonville","TN","	37075-7316","United States","FDA Mandated","Letter","United States including Puerto Rico and U.S. Virgin Islands, Canada, Nigeria, United Kingdom, Australia, Israel, Hungary, UAE, Mexico, Philippines, Greece","D-0190-2020","Class II","Nuovi Firming Masque, Renew and Reset, 2 fl. oz. 59 mL bottle, Made in USA exclusively for Basic Reset 260 W. Main St., Ste 103 Hendersonville, TN 37075","339 bottles","Marketed without an Approved NDA/ANDA","10/18/2019","11/05/2019","10/27/2021","11/13/2019","Lot: 30995"
"Drugs","No","","84006","Terminated","Innoveix Pharmaceuticals Inc","3790 Arapaho Rd","N/A","Addison","TX","	75001-4311","United States","Voluntary: Firm initiated","Press Release","Nationwide within the United States","D-0157-2020","Class II","Lyophilized Chorionic Gonadotropin 11,000 USP Units for Injection, Rx Only,  Compounded by: Innoveix Addison, TX 75001 800-370-1910","3905 vials","Lack of Sterility Assurance.","10/10/2019","10/28/2019","01/14/2022","11/06/2019","Lot #: INX 530 Exp. 11/6/19; INX 535 Exp. 11/15/19; INX 540 Exp. 2/1/20; INX 545 Exp. 2/15/20; INX 550 Exp. 3/9/20; INX 555 Exp. 3/26/20; INX 560 Exp. 5/3/20; INX 565 Exp. 5/18/20; INX 570 Exp.  6/28/20; INX 575 Exp. 7/18/20"
"Drugs","No","","84006","Terminated","Innoveix Pharmaceuticals Inc","3790 Arapaho Rd","N/A","Addison","TX","	75001-4311","United States","Voluntary: Firm initiated","Press Release","Nationwide within the United States","D-0158-2020","Class II","Lyophilized Human Chorionic Gonadotropin 5,000 USP Units For injection, Rx Only, Compounded by: Innoveix Addison, TX 75001 800-370-1910","413 vials","Lack of Sterility Assurance.","10/10/2019","10/28/2019","01/14/2022","11/06/2019","Lot #: INX 910 Exp. 2/7/20; INX 915 Exp. 3/12/20"
"Drugs","No","","84006","Terminated","Innoveix Pharmaceuticals Inc","3790 Arapaho Rd","N/A","Addison","TX","	75001-4311","United States","Voluntary: Firm initiated","Press Release","Nationwide within the United States","D-0159-2020","Class II","Lyophilized Sermorelin w/ GHRP2 3 mg For injection, Rx Only, Compounded by: Innoveix Addison, TX 75001 800-370-1910","1747 vials","Lack of Sterility Assurance.","10/10/2019","10/28/2019","01/14/2022","11/06/2019","Lots: SER 925 Exp. 11/4/19; SER 930 Exp. 11/18/19; SER 935 Exp. 2/21/20; SER 400 Exp. 4/1/20; SER 405 Exp. 5/11/20; SER 410 Exp. 7/15/20"
"Drugs","No","","84011","Terminated","Ingenus Pharmaceuticals Llc","4190 Millenia Blvd","N/A","Orlando","FL","	32839-6408","United States","Voluntary: Firm initiated","Letter","U.S.A. Nationwide","D-0146-2020","Class II","Leucovorin Calcium Injection, USP 500 mg*/50 mL (10 mg/mL) 50 mL Single-Dose Vial NDC 50742-464-50 Rx Only Ingenus Pharmaceuticals, LLC. Orlando, FL 32839","16485 vials","Crystallization: Presence of particulate matter identified as API crystallization","10/09/2019","10/17/2019","12/01/2020","10/23/2019","Lot#: 18048, 18049 Exp. 04/2020; 18050 Exp 05/2020; 19036 Exp 12/2020"
"Drugs","No","","84019","Terminated","Sato Pharmaceutical Inc.","20695 S Western Ave Ste 240","N/A","Torrance","CA","	90501-1834","United States","Voluntary: Firm initiated","Letter","Nationwide in the USA and Guam and Saipan, Northern Mariana Islands","D-0303-2020","Class III","Sankaijo BOTANICAL LAXATIVE (docusate sodium 8.33 mg and sennosides 1.36 mg) tablets, 150-count bottles, Manufactured by SATO PHARMACEUTICAL CO., LTD., 1-5-27 Motoakasaka Minato-KU Tokyo, Japan; SATO PHARMACEUTICAL, INC., 20695 S. Western Ave., Suite 240, Torrance, CA  90501; NDC 49873-404-01.","17,284 bottles","Subpotent Drug: Formulated amount of sennosides component is less than labelled claim.","10/01/2019","11/07/2019","08/18/2020","11/13/2019","Lot #: TXWT, Exp 01/20; TXTS, Exp 10/20; AXWS, Exp 10/21"
"Drugs","No","","84027","Terminated","X-Gen Pharmaceuticals Inc.","300 Daniel Zenker Dr","N/A","Horseheads","NY","	14845-1014","United States","Voluntary: Firm initiated","Letter","U.S.A. Nationwide","D-0519-2020","Class III","Levetiracetam Injection, 500 mg/5mL, 10 single-use 5 mL vials, Rx only, Manufactured by: Agile Specialties Private Limited Pilot No. 14, Sipcot II, Hosur-635 109 Tamil Nadu, India, Manufactured for: X-Gen Pharmaceuticals, Inc. Big Flats, NY 14814, NDC 39822-4000-1","25120 vials","Labeling: Incorrect or Missing Package Insert - the  incorrect package insert version was attached.","10/11/2019","11/21/2019","08/16/2022","11/27/2019","Lot #: 7603333, 7603334, 7603335, Exp 05/2020; 7051107, Exp 01/2022"
"Drugs","No","","84006","Terminated","Innoveix Pharmaceuticals Inc","3790 Arapaho Rd","N/A","Addison","TX","	75001-4311","United States","Voluntary: Firm initiated","Press Release","Nationwide within the United States","D-0160-2020","Class II","Lyophilized Human Chorionic Gonadotropin 5,500 USP Units For injection, Rx Only, Compounded by: Innoveix Addison, TX 75001 800-370-1910","290 vials","Lack of Sterility Assurance.","10/10/2019","10/28/2019","01/14/2022","11/06/2019","Lots: INX 50 Exp. 5/1/20"
"Drugs","No","","84039","Terminated","Mylan Pharmaceuticals Inc.","781 Chestnut Ridge Rd","N/A","Morgantown","WV","	26505-2730","United States","Voluntary: Firm initiated","Letter","Nationwide within the United States","D-0155-2020","Class II","Prasugrel Tablets 5 mg, 30-count bottles, Rx only, Manufactured for: Mylan Pharmaceuticals Inc. Morgantown, WV 26505 U.S.A, NDC 0378-5185-93","4,272 bottles","Failed Dissolution Specification: Low out of specification dissolution results.","10/18/2019","10/28/2019","04/10/2020","11/06/2019","Lot #: 3089793, Exp. Date September 2020"
"Drugs","No","","84055","Terminated","8046255 Canada Inc. DBA Viatrexx","1360 Louis-Marchand St","N/A","Beloeil","N/A","	N/A","Canada","Voluntary: Firm initiated","Press Release","Distributed to physicians Nationwide throughout the United States and Puerto Rico.","D-0326-2020","Class II","Viatrexx-Connectissue, 10 mL Sterile multi-dose vial, Rx only, Viatrexx Bio Incorporated, Newark, DE, USA, 19713, Item: VSPC0090, NDC 73069-100-41.","24 vials","Lack of Assurance of Sterility: products manufactured in a manner than cannot guarantee its sterility.","10/15/2019","11/14/2019","12/10/2020","11/20/2019","Lot Numbers: 19-S00001, Exp. May: 2020"
"Drugs","No","","84055","Terminated","8046255 Canada Inc. DBA Viatrexx","1360 Louis-Marchand St","N/A","Beloeil","N/A","	N/A","Canada","Voluntary: Firm initiated","Press Release","Distributed to physicians Nationwide throughout the United States and Puerto Rico.","D-0327-2020","Class II","Viatrexx-MuSkel-Neural, 10 mL Sterile multi-dose vial, Rx only, Viatrexx Bio Incorporated, Newark, DE, USA, 19713, Item: VSPC4020, NDC 73069-347-41.","61 vials","Lack of Assurance of Sterility: products manufactured in a manner than cannot guarantee its sterility.","10/15/2019","11/14/2019","12/10/2020","11/20/2019","Lot Numbers: 19-S00002, Exp. May: 2020"
"Drugs","No","","84055","Terminated","8046255 Canada Inc. DBA Viatrexx","1360 Louis-Marchand St","N/A","Beloeil","N/A","	N/A","Canada","Voluntary: Firm initiated","Press Release","Distributed to physicians Nationwide throughout the United States and Puerto Rico.","D-0328-2020","Class II","Viatrexx-Ouch, 10 mL Sterile multi-dose vial, Rx only, Viatrexx Bio Incorporated, Newark, DE, USA, 19713, Item: VSPC0500, NDC 73069-402-41.","19 vials","Lack of Assurance of Sterility: products manufactured in a manner than cannot guarantee its sterility.","10/15/2019","11/14/2019","12/10/2020","11/20/2019","Lot Numbers: 19-S00003, Exp. May: 2020"
"Drugs","No","","84055","Terminated","8046255 Canada Inc. DBA Viatrexx","1360 Louis-Marchand St","N/A","Beloeil","N/A","	N/A","Canada","Voluntary: Firm initiated","Press Release","Distributed to physicians Nationwide throughout the United States and Puerto Rico.","D-0329-2020","Class II","Viatrexx-Ithurts, 10 mL Sterile multi-dose vial, Rx only, Viatrexx Bio Incorporated, Newark, DE, USA, 19713, Item: VSPC0290, NDC 73069-270-41.","12 vials","Lack of Assurance of Sterility: products manufactured in a manner than cannot guarantee its sterility.","10/15/2019","11/14/2019","12/10/2020","11/20/2019","Lot Numbers: 19-S00004, Exp. May: 2020"
"Drugs","No","","84055","Terminated","8046255 Canada Inc. DBA Viatrexx","1360 Louis-Marchand St","N/A","Beloeil","N/A","	N/A","Canada","Voluntary: Firm initiated","Press Release","Distributed to physicians Nationwide throughout the United States and Puerto Rico.","D-0330-2020","Class II","Viatrexx-Adipose, 10 mL Sterile multi-dose vial, Rx only, Viatrexx Bio Incorporated, Newark, DE, USA, 19713, Item: VSPC0008, NDC 73069-024-41.","4 vials","Lack of Assurance of Sterility: products manufactured in a manner than cannot guarantee its sterility.","10/15/2019","11/14/2019","12/10/2020","11/20/2019","Lot Numbers: 19-S00005, Exp. May: 2020"
"Drugs","No","","84055","Terminated","8046255 Canada Inc. DBA Viatrexx","1360 Louis-Marchand St","N/A","Beloeil","N/A","	N/A","Canada","Voluntary: Firm initiated","Press Release","Distributed to physicians Nationwide throughout the United States and Puerto Rico.","D-0331-2020","Class II","Viatrexx-Systemic Detox, 10 mL Sterile multi-dose vial, Rx only, Viatrexx Bio Incorporated, Newark, DE, USA, 19713, Item: VSPC0665, NDC 73069-500-41.","5 vials","Lack of Assurance of Sterility: products manufactured in a manner than cannot guarantee its sterility.","10/15/2019","11/14/2019","12/10/2020","11/20/2019","Lot Numbers: 19-S00007, Exp. May: 2020"
"Drugs","No","","84055","Terminated","8046255 Canada Inc. DBA Viatrexx","1360 Louis-Marchand St","N/A","Beloeil","N/A","	N/A","Canada","Voluntary: Firm initiated","Press Release","Distributed to physicians Nationwide throughout the United States and Puerto Rico.","D-0332-2020","Class II","Viatrexx-Articula, 10 mL Sterile multi-dose vial, Rx only, Viatrexx Bio Incorporated, Newark, DE, USA, 19713, Item: VSPC0031, NDC 73069-037-41.","69 vials","Lack of Assurance of Sterility: products manufactured in a manner than cannot guarantee its sterility.","10/15/2019","11/14/2019","12/10/2020","11/20/2019","Lot Numbers: 19-S00008, Exp. May: 2020"
"Drugs","No","","84055","Terminated","8046255 Canada Inc. DBA Viatrexx","1360 Louis-Marchand St","N/A","Beloeil","N/A","	N/A","Canada","Voluntary: Firm initiated","Press Release","Distributed to physicians Nationwide throughout the United States and Puerto Rico.","D-0333-2020","Class II","Viatrexx-Neuro 3, 10 mL Sterile multi-dose vial, Rx only, Viatrexx Bio Incorporated, Newark, DE, USA, 19713, Item: VSPC0463, NDC 73069-373-41.","7 vials","Lack of Assurance of Sterility: products manufactured in a manner than cannot guarantee its sterility.","10/15/2019","11/14/2019","12/10/2020","11/20/2019","Lot Numbers: 19-S00010, Exp. May: 2020"
"Drugs","No","","84055","Terminated","8046255 Canada Inc. DBA Viatrexx","1360 Louis-Marchand St","N/A","Beloeil","N/A","	N/A","Canada","Voluntary: Firm initiated","Press Release","Distributed to physicians Nationwide throughout the United States and Puerto Rico.","D-0334-2020","Class II","Viatrexx-Infla, 10 mL Sterile multi-dose vial, Rx only, Viatrexx Bio Incorporated, Newark, DE, USA, 19713, Item: VSPC0279, NDC 73069-249-41.","54 vials","Lack of Assurance of Sterility: products manufactured in a manner than cannot guarantee its sterility.","10/15/2019","11/14/2019","12/10/2020","11/20/2019","Lot Numbers: 19-S00012, Exp. May: 2020"
"Drugs","No","","84055","Terminated","8046255 Canada Inc. DBA Viatrexx","1360 Louis-Marchand St","N/A","Beloeil","N/A","	N/A","Canada","Voluntary: Firm initiated","Press Release","Distributed to physicians Nationwide throughout the United States and Puerto Rico.","D-0335-2020","Class II","Viatrexx-Collagen, 10 mL Sterile multi-dose vial, Rx only, Viatrexx Bio Incorporated, Newark, DE, USA, 19713, Item: VSPC0085, NDC 73069-095-41.","22 vials","Lack of Assurance of Sterility: products manufactured in a manner than cannot guarantee its sterility.","10/15/2019","11/14/2019","12/10/2020","11/20/2019","Lot Numbers: 19-S00014, Exp. May: 2020"
"Drugs","No","","84055","Terminated","8046255 Canada Inc. DBA Viatrexx","1360 Louis-Marchand St","N/A","Beloeil","N/A","	N/A","Canada","Voluntary: Firm initiated","Press Release","Distributed to physicians Nationwide throughout the United States and Puerto Rico.","D-0336-2020","Class II","Viatrexx-Prolo, 10 mL Sterile multi-dose vial, Rx only, Viatrexx Bio Incorporated, Newark, DE, USA, 19713, Item: VSPC0558, NDC 73069-443-41.","42 vials","Lack of Assurance of Sterility: products manufactured in a manner than cannot guarantee its sterility.","10/15/2019","11/14/2019","12/10/2020","11/20/2019","Lot Numbers: 19-S00016, Exp. May: 2020"
"Drugs","No","","84055","Terminated","8046255 Canada Inc. DBA Viatrexx","1360 Louis-Marchand St","N/A","Beloeil","N/A","	N/A","Canada","Voluntary: Firm initiated","Press Release","Distributed to physicians Nationwide throughout the United States and Puerto Rico.","D-0337-2020","Class II","Viatrexx-Lymph 1, 10 mL Sterile multi-dose vial, Rx only, Viatrexx Bio Incorporated, Newark, DE, USA, 19713, Item: VSPC0370, NDC 73069-310-41.","3 vials","Lack of Assurance of Sterility: products manufactured in a manner than cannot guarantee its sterility.","10/15/2019","11/14/2019","12/10/2020","11/20/2019","Lot Numbers: 19-S00017, Exp. May: 2020"
"Drugs","No","","84055","Terminated","8046255 Canada Inc. DBA Viatrexx","1360 Louis-Marchand St","N/A","Beloeil","N/A","	N/A","Canada","Voluntary: Firm initiated","Press Release","Distributed to physicians Nationwide throughout the United States and Puerto Rico.","D-0338-2020","Class II","Viatrexx-Mesenchyme, 10 mL Sterile multi-dose vial, Rx only, Viatrexx Bio Incorporated, Newark, DE, USA, 19713, Item: VSPC0092, NDC 73069-102-41.","7 vials","Lack of Assurance of Sterility: products manufactured in a manner than cannot guarantee its sterility.","10/15/2019","11/14/2019","12/10/2020","11/20/2019","Lot Numbers: 19-S00018, Exp. May: 2020"
"Drugs","No","","84055","Terminated","8046255 Canada Inc. DBA Viatrexx","1360 Louis-Marchand St","N/A","Beloeil","N/A","	N/A","Canada","Voluntary: Firm initiated","Press Release","Distributed to physicians Nationwide throughout the United States and Puerto Rico.","D-0339-2020","Class II","Viatrexx-GI, 10 mL Sterile multi-dose vial, Rx only, Viatrexx Bio Incorporated, Newark, DE, USA, 19713, Item: VSPC0211, NDC 73069-189-41.","3 vials","Lack of Assurance of Sterility: products manufactured in a manner than cannot guarantee its sterility.","10/15/2019","11/14/2019","12/10/2020","11/20/2019","Lot Numbers: 19-S00019, Exp. May: 2020"
"Drugs","No","","84055","Terminated","8046255 Canada Inc. DBA Viatrexx","1360 Louis-Marchand St","N/A","Beloeil","N/A","	N/A","Canada","Voluntary: Firm initiated","Press Release","Distributed to physicians Nationwide throughout the United States and Puerto Rico.","D-0340-2020","Class II","Viatrexx-Arthros, 10 mL Sterile multi-dose vial, Rx only, Viatrexx Bio Incorporated, Newark, DE, USA, 19713, Item: VSPC0030, NDC 73069-035-41.","6 vials","Lack of Assurance of Sterility: products manufactured in a manner than cannot guarantee its sterility.","10/15/2019","11/14/2019","12/10/2020","11/20/2019","Lot Numbers: 19-S00021, Exp. May: 2020"
"Drugs","No","","84055","Terminated","8046255 Canada Inc. DBA Viatrexx","1360 Louis-Marchand St","N/A","Beloeil","N/A","	N/A","Canada","Voluntary: Firm initiated","Press Release","Distributed to physicians Nationwide throughout the United States and Puerto Rico.","D-0341-2020","Class II","Viatrexx-Immunexx, 10 mL Sterile multi-dose vial, Rx only, Viatrexx Bio Incorporated, Newark, DE, USA, 19713, Item: VSPC0270, NDC 73069-244-41.","18 vials","Lack of Assurance of Sterility: products manufactured in a manner than cannot guarantee its sterility.","10/15/2019","11/14/2019","12/10/2020","11/20/2019","Lot Numbers: 19-S00023, Exp. May: 2020"
"Drugs","No","","84055","Terminated","8046255 Canada Inc. DBA Viatrexx","1360 Louis-Marchand St","N/A","Beloeil","N/A","	N/A","Canada","Voluntary: Firm initiated","Press Release","Distributed to physicians Nationwide throughout the United States and Puerto Rico.","D-0342-2020","Class II","Viatrexx-Relief +, 10 mL Sterile multi-dose vial, Rx only, Viatrexx Bio Incorporated, Newark, DE, USA, 19713, Item: VSPC0615, NDC 73069-450-41.","1 vial","Lack of Assurance of Sterility: products manufactured in a manner than cannot guarantee its sterility.","10/15/2019","11/14/2019","12/10/2020","11/20/2019","Lot Numbers: 19-S00024, Exp. May: 2020"
"Drugs","No","","84055","Terminated","8046255 Canada Inc. DBA Viatrexx","1360 Louis-Marchand St","N/A","Beloeil","N/A","	N/A","Canada","Voluntary: Firm initiated","Press Release","Distributed to physicians Nationwide throughout the United States and Puerto Rico.","D-0343-2020","Class II","Viatrexx-Intra-Cell, 10 mL Sterile multi-dose vial, Rx only, Viatrexx Bio Incorporated, Newark, DE, USA, 19713, Item: VSPC0280, NDC 73069-250-41.","8 vials","Lack of Assurance of Sterility: products manufactured in a manner than cannot guarantee its sterility.","10/15/2019","11/14/2019","12/10/2020","11/20/2019","Lot Numbers: 19-S00025, Exp. May: 2020"
"Drugs","No","","84055","Terminated","8046255 Canada Inc. DBA Viatrexx","1360 Louis-Marchand St","N/A","Beloeil","N/A","	N/A","Canada","Voluntary: Firm initiated","Press Release","Distributed to physicians Nationwide throughout the United States and Puerto Rico.","D-0344-2020","Class II","Viatrexx-Facial, 10 mL Sterile multi-dose vial, Rx only, Viatrexx Bio Incorporated, Newark, DE, USA, 19713, Item: VSPC0184, NDC 73069-164-41.","13 vials","Lack of Assurance of Sterility: products manufactured in a manner than cannot guarantee its sterility.","10/15/2019","11/14/2019","12/10/2020","11/20/2019","Lot Numbers: 19-S00026, Exp. May: 2020"
"Drugs","No","11/14/2019","83669","Terminated","First Royal Care Co. LLC, dba Red Mountain Compounding Pharmacy","6828 E Brown Rd Ste 101","N/A","Mesa","AZ","	85207-3761","United States","Voluntary: Firm initiated","Letter","Nationwide in the USA","D-0265-2020","Class II","S-HCG 3000 U/ML MDV SOLN, 10 ML glass vials, Rx Only, Red Mountain Compounding Rx.                                                                                                                                                               ","8x10 ML vials","Lack of Assurance of Sterility","08/12/2019","11/05/2019","04/13/2023","11/13/2019","Lot #: S06272019DT@07, Exp 8/27/19; S07262019DH@04, Exp 9/26/19;  S07302019DH@04, Exp 9/30/19;"
"Drugs","No","11/14/2019","83669","Terminated","First Royal Care Co. LLC, dba Red Mountain Compounding Pharmacy","6828 E Brown Rd Ste 101","N/A","Mesa","AZ","	85207-3761","United States","Voluntary: Firm initiated","Letter","Nationwide in the USA","D-0266-2020","Class II","S-HCG/B12A 1000U/5MG/ML MDV INJ, packaged in a) 5ML b) 10 ML glass vials, Rx Only, Red Mountain Compounding Rx.                                                                                                                                                               ","11x 5ml and 10ml glass vials","Lack of Assurance of Sterility","08/12/2019","11/05/2019","04/13/2023","11/13/2019","Lot #: a)  S06112019DH@10, Exp 8/11/19; b) S06112019DH@10, Exp 8/11/19,  S06142019DH@03, Exp 8/14/19, S06252019DH@14, Exp 8/25/19, S07222019DH@02, Exp 9/22/19,"
"Drugs","No","11/14/2019","83669","Terminated","First Royal Care Co. LLC, dba Red Mountain Compounding Pharmacy","6828 E Brown Rd Ste 101","N/A","Mesa","AZ","	85207-3761","United States","Voluntary: Firm initiated","Letter","Nationwide in the USA","D-0267-2020","Class II","S-HYDROXOCOBA 5000MCG/ML INJ, 30ML glass vial, Red Mountain Compounding Rx                                                                                                                                                        ","1x30 Ml glass vial","Lack of Assurance of Sterility","08/12/2019","11/05/2019","04/13/2023","11/13/2019","Lot#:  S05232019DT@01, Exp 8/23/19;"
"Drugs","No","11/14/2019","83669","Terminated","First Royal Care Co. LLC, dba Red Mountain Compounding Pharmacy","6828 E Brown Rd Ste 101","N/A","Mesa","AZ","	85207-3761","United States","Voluntary: Firm initiated","Letter","Nationwide in the USA","D-0268-2020","Class II","S-HYDROXOCOBALAMIN 1000MCG/ML MDV INJ; packaged in a) 10ML b) 30ML glass vial, Red Mountain Compounding Rx                                                                                                                                                            ","N/A","Lack of Assurance of Sterility","08/12/2019","11/05/2019","04/13/2023","11/13/2019","Lot #:a) S07162019DT@04, Exp 10/16/19; b) S07162019DT@04 Exp 10/16/19"
"Drugs","No","11/14/2019","83669","Terminated","First Royal Care Co. LLC, dba Red Mountain Compounding Pharmacy","6828 E Brown Rd Ste 101","N/A","Mesa","AZ","	85207-3761","United States","Voluntary: Firm initiated","Letter","Nationwide in the USA","D-0269-2020","Class II","S-HYDROXYPROG CAPROATE 250MG/ML OIL INJ, packaged in a) 5ML b) 10ML glass vial, Red Mountain Compounding Rx                                                                                                                                                                        ","16 5ml and 10ml glass vials","Lack of Assurance of Sterility","08/12/2019","11/05/2019","04/13/2023","11/13/2019","Lot #:a) S06242019DH@07; 9/24/19 b) S07222019DH@09, Exp 10/22/19; S05292019DT@06, Exp 8/29/19;  S06032019DT@08, Exp 9/3/19; S06242019DH@07; 9/24/19"
"Drugs","No","","84071","Terminated","Glenmark Pharmaceuticals Inc., USA","750 Corporate Dr","N/A","Mahwah","NJ","	07430-2009","United States","Voluntary: Firm initiated","Letter","Nationwide in the USA","D-0156-2020","Class II","Estradiol Vaginal Inserts USP, 10 mcg, packaged in a) 8-count Vaginal Inserts (with disposable applicators) per carton (NDC 68462-711-71) and b) 18-count Vaginal Inserts (with disposable applicators) per carton (NDC 68462-711-88), Rx only, Manufactured by: Glenmark Pharmaceuticals Ltd., Colvale-Bardez, Goa 403 513, India; Manufactured for: Glenmark Pharmaceuticals Inc., Mahwah, NJ  07430.","216,840 cartons","Defective Delivery System: complaints for difficulty in pushing the plunger of the applicator.","10/22/2019","10/28/2019","06/07/2021","11/06/2019","Batch numbers: a) 20180514, 20180544, Apr-2020; 20180545, 20180546, 20180588, May-2020; 20190003, Jun-2020; b) 20180515, 20180543, Apr-2020; 20180587, May-2020"
"Drugs","No","11/14/2019","83669","Terminated","First Royal Care Co. LLC, dba Red Mountain Compounding Pharmacy","6828 E Brown Rd Ste 101","N/A","Mesa","AZ","	85207-3761","United States","Voluntary: Firm initiated","Letter","Nationwide in the USA","D-0270-2020","Class II","S-LIDOCAINE HCL 2% MDV  INJ SOLN, packaged in 50ML  vial, Red Mountain Compounding Rx,                                                                                                                                                                        ","6 vials","Lack of Assurance of Sterility","08/12/2019","11/05/2019","04/13/2023","11/13/2019","Lot #:S07092019DT@20, Exp 10/9/19; S07242019DH@08, Exp 10/24/19"
"Drugs","No","11/13/2019","84073","Terminated","Amneal Pharmaceuticals, Inc.","50 Horseblock Rd","N/A","Brookhaven","NY","	11719-9509","United States","Voluntary: Firm initiated","Letter","Recalled product was distributed to retailers and wholesalers who may have further distribute the product.","D-0321-2020","Class III","Isotretinoin Capsules, USP 10 mg. Rx Only, 3 Prescription Blister Packs of 10- Capsules Each (30 Capsules)-. Distributed by: Amneal Pharmaceuticals LLC, Bridgewater, NJ 08807. NDC 69238-1174-3","2460 cartons/3 blister cards/10 capsules each","Failed Impurities/Degradation Specifications: Tretinoin levels slightly above specification limits.","10/16/2019","11/13/2019","11/09/2020","11/20/2019","Batch Numbers: BL10917, BL11017,  BL11117, Exp. date 11/2019"
"Drugs","No","","84080","Terminated","Mylan Pharmaceuticals Inc.","781 Chestnut Ridge Rd","N/A","Morgantown","WV","	26505-2730","United States","Voluntary: Firm initiated","Letter","Nationwide within the United States","D-0186-2020","Class II","Alprazolam Tablets, USP 0.5 mg, 500-count bottles, Rx only, Manufactured for: Mylan Pharmaceuticals Inc. Morgantown, WV 26505 Made in Australia, NDC 0378-4003-05","5,760 bottles","Presence of Foreign Substance","10/23/2019","11/05/2019","12/10/2020","11/13/2019","Lot #: 8082708, Exp. Date September 2020"
"Drugs","No","","84081","Terminated","AVKARE Inc.","615 N 1st St","N/A","Pulaski","TN","	38478-2403","United States","Voluntary: Firm initiated","Letter","CO, MO","D-0164-2020","Class II","AVKARE Ranitidine Hydrochloride Capsules 150 mg 500 Capsules Rx Only NDC 42291-735-50 UPC 342291735507 Manufactured for: AvKARE, Inc. Pulaski, TN 38478","7293 bottles","CGMP Deviations: Impurity  N-nitrosodimethylamine (NDMA) found in API","10/17/2019","10/28/2019","10/21/2020","11/06/2019","Lot 17708 Exp.11/30/2019  Lot 18459 Exp.03/31/2020  Lot 19033 Exp.07/31/2020  Lot 19032 Exp.07/31/2020  Lot 19031 Exp.06/30/2020  Lot 20204 Exp.09/30/2020  Lot 20205 Exp.09/30/2020  Lot 20663 Exp.10/31/2020  Lot 20664 Exp.11/30/2020  Lot 20665 Exp.11/30/2020  Lot 20666 Exp.11/30/2020  Lot 21039 Exp.12/31/2020  Lot 21920 Exp.04/30/2021"
"Drugs","No","","84081","Terminated","AVKARE Inc.","615 N 1st St","N/A","Pulaski","TN","	38478-2403","United States","Voluntary: Firm initiated","Letter","CO, MO","D-0165-2020","Class II","AVKARE Ranitidine Hydrochloride Capsules 300 mg 500 Capsules Rx Only NDC 42291-736-50 UPC 342291736504 Manufactured for: AvKARE, Inc. Pulaski, TN 38478","1351 bottles","CGMP Deviations: Impurity  N-nitrosodimethylamine (NDMA) found in API","10/17/2019","10/28/2019","10/21/2020","11/06/2019","Lot 17709 Exp.01/31/2020  Lot 18460 Exp.02/29/2020  Lot 19853 Exp.09/30/2020  Lot 22362 Exp.11/30/2020  Lot 22579 Exp.11/30/2020"
"Drugs","No","","84082","Terminated","Sandoz Inc","100 College Rd W","N/A","Princeton","NJ","	08540-6604","United States","Voluntary: Firm initiated","Letter","Nationwide in the U.S.","D-0161-2020","Class III","Bimatoprost Ophthalmic Solution 0.03%, Rx Only, For Topical Application to the Upper Eyelid, Sterile, a) 3 mL bottle NDC 0781-6206-93, b) 5 mL bottle NDC 0781-6206-75, Manufactured by Alcon Laboratories, Inc. Fort Worth, Texas 76134 for Sandoz Inc., Princeton, NJ 08540, Product of Argentina.","346,929 bottles","Labeling: Incorrect or missing package insert.","10/17/2019","10/28/2019","01/19/2022","11/06/2019","Lot #s: a) 290635FA, 290635FB, Exp. 11/30/2019; 293230F, Exp. 6/30/2020; 294628F, 301337F, Exp. 11/30/2020; 304451FA, Exp. 1/31/2021.    b) 290636FA, 290636FB, 290636FC, Exp. 11/30/2019; 293233FA, 293233FB, Exp. 5/31/2020; 293234FA, 293234FB, Exp. 6/30/2020; 294630F, 301338FA, 301338FB, 309426F, Exp. 11/30/2020; 304455FA, 304455FB Exp. 2/28/2021; 304883F, Exp. 4/30/2021; 312790F, Exp. 5/31/2021."
"Drugs","No","","84082","Terminated","Sandoz Inc","100 College Rd W","N/A","Princeton","NJ","	08540-6604","United States","Voluntary: Firm initiated","Letter","Nationwide in the U.S.","D-0162-2020","Class III","Neomycin and Polymyxin B Sulfates and Dexamethasone Ophthalmic Suspension, Rx Only, Sterile, 5 mL bottle, Manufactured by Alcon Laboratories, Inc. Fort Worth, Texas 76134 for Sandoz Inc. Princeton, NJ 08540, NDC 61314-630-06","346,929 bottles","Labeling: Incorrect or missing package insert.","10/17/2019","10/28/2019","01/19/2022","11/06/2019","Lot #s: 287880F, 287881F, Exp. 10/31/2019; 290555F, Exp. 11/30/2019; 293389F, Exp. 2/29/2020; 290556F, 290557F, 293386F, 293387F, Exp. 3/31/2020; 293388F, 293390F, Exp. 5/31/2020; 293391F, Exp. 6/30/2020; 293392F, Exp. 7/31/2020; 295342F, 298823F, Exp. 8/31/2020; 295344F, 295345F, 295346F, Exp. 10/31/2020; 295347F, 304496F, Exp. 11/30/2020; 298825F, Exp. 12/31/2020; 304495F, 304497F, Exp. 01/31/2021; 304963F, Exp. 3/31/2021; 304966F, Exp. 4/30/2021; 304964F, Exp. 5/31/2021."
"Drugs","No","","84082","Terminated","Sandoz Inc","100 College Rd W","N/A","Princeton","NJ","	08540-6604","United States","Voluntary: Firm initiated","Letter","Nationwide in the U.S.","D-0163-2020","Class III","Gatifloxacin Ophthalmic Solution 0.5%, For Use in the Eyes Only, Rx Only, Sterile, 2.5 mL bottle, Manufactured by Alcon Laboratories, Inc. Fort Worth, Texas 76134 for Sandoz Inc. Princeton, NJ 08540, Product of India, NDC 61314-672-25.  ","76,644 bottles","Labeling: Incorrect or missing package insert.","10/17/2019","10/28/2019","01/19/2022","11/06/2019","Lot #s: 289210F, Exp. 10/31/2019; 290632F, Exp. 10/31/2020"
"Drugs","No","","84106","Terminated","Nephron Pharmaceuticals Corporation dba Nephron Sterile Compounding Center","4500 12th Street Ext","N/A","West Columbia","SC","	29172-3025","United States","Voluntary: Firm initiated","Letter","Nationwide in the U.S.","D-0154-2020","Class III","PF-Succinylcholine Chloride Injection, USP 20 mg/mL (200 mg/10 mL), Rx Only, Single-Dose Container, 5 x 10 mL pre-filled syringes, Nephron 503B Outsourcing Facility 4500 12th St. Ext West Columbia, SC 29172, NDC 69374-919-10.","19,390 syringes","Incorrect labeling: Incorrect or missing lot and/or exp date","10/21/2019","10/28/2019","05/07/2020","11/06/2019","Lots: SU9079A, SU9079B, Exp 4/5/2020"
"Drugs","No","","84107","Terminated","Apotex Inc.","150 Signet Drive","N/A","North York","N/A","	N/A","Canada","Voluntary: Firm initiated","Letter","IL, MS, NJ, OH, TX","D-0153-2020","Class III","Atorvastatin Calcium Tablets, USP 40 mg*, 1,000 count bottles, Rx Only, Manufactured by: Apotex Inc. Toronto, Ontario Canada M9L 1T9 Manufactured for: Apotex Corp. Weston, Florida 33326  NDC 60505-2580-8","1968 bottles","Presence of Foreign Tablets/Capsules: a single tablet of Pravastatin 40 mg found in bottle of Atorvastatin Calcium 40 mg.","10/22/2019","10/28/2019","02/19/2026","11/06/2019","Lot: RC5439 Exp. 03/2022"
"Drugs","No","","83997","Terminated","Basic Reset Inc.","260 W Main St Ste 103","N/A","Hendersonville","TN","	37075-7316","United States","FDA Mandated","Letter","United States including Puerto Rico and U.S. Virgin Islands, Canada, Nigeria, United Kingdom, Australia, Israel, Hungary, UAE, Mexico, Philippines, Greece","D-0191-2020","Class II","Basic Reset CBD Reset 750 True Full Spectrum Wintergreen, 750 mg CBD, 1 fl. oz. (30 mL) bottle, Distributed by: Basic Reset Hendersonville, TN 37075","554 bottles","Marketed without an Approved NDA/ANDA","10/18/2019","11/05/2019","10/27/2021","11/13/2019","Lots: 1902411.25, 1916911.25"
"Drugs","No","","83997","Terminated","Basic Reset Inc.","260 W Main St Ste 103","N/A","Hendersonville","TN","	37075-7316","United States","FDA Mandated","Letter","United States including Puerto Rico and U.S. Virgin Islands, Canada, Nigeria, United Kingdom, Australia, Israel, Hungary, UAE, Mexico, Philippines, Greece","D-0192-2020","Class II","Basic Reset CBD Reset 750 True Full Spectrum Cinnamon, 750 mg CBD, 1 fl. oz. (30 mL) bottle, Distributed by: Basic Reset Hendersonville, TN 37075","598 bottles","Marketed without an Approved NDA/ANDA","10/18/2019","11/05/2019","10/27/2021","11/13/2019","Lots: 1902411.25, 1916911.25"
"Drugs","No","","83997","Terminated","Basic Reset Inc.","260 W Main St Ste 103","N/A","Hendersonville","TN","	37075-7316","United States","FDA Mandated","Letter","United States including Puerto Rico and U.S. Virgin Islands, Canada, Nigeria, United Kingdom, Australia, Israel, Hungary, UAE, Mexico, Philippines, Greece","D-0193-2020","Class II","Basic Reset CBD Reset 750 True Full Spectrum Natural Flavor 750 mg CBD 1 fl. oz. (30 mL) bottle, Distributed by: Basic Reset Hendersonville, TN 37075","98 bottles","Marketed without an Approved NDA/ANDA","10/18/2019","11/05/2019","10/27/2021","11/13/2019","Lot: 1916911.25"
"Drugs","No","","83997","Terminated","Basic Reset Inc.","260 W Main St Ste 103","N/A","Hendersonville","TN","	37075-7316","United States","FDA Mandated","Letter","United States including Puerto Rico and U.S. Virgin Islands, Canada, Nigeria, United Kingdom, Australia, Israel, Hungary, UAE, Mexico, Philippines, Greece","D-0194-2020","Class II","Basic Reset CBD Reset 2400, True Full Spectrum Natural (unflavored), 2400 mg CBD, 1 fl. oz. (29 mL) bottle, Distributed by: Basic Reset Hendersonville, TN 37075","391 bottles","Marketed without an Approved NDA/ANDA","10/18/2019","11/05/2019","10/27/2021","11/13/2019","Lot: 1903011.8"
"Drugs","No","","83997","Terminated","Basic Reset Inc.","260 W Main St Ste 103","N/A","Hendersonville","TN","	37075-7316","United States","FDA Mandated","Letter","United States including Puerto Rico and U.S. Virgin Islands, Canada, Nigeria, United Kingdom, Australia, Israel, Hungary, UAE, Mexico, Philippines, Greece","D-0195-2020","Class II","BIOGENYX True Full Spectrum CBD Oil Wintergreen, 1 fl. oz. (30 mL) bottle, 750 mg, Distributed by: Biogenyx, Inc. Hendersonville, TN 37075","25 bottles","Marketed without an Approved NDA/ANDA","10/18/2019","11/05/2019","10/27/2021","11/13/2019","Lots: 1902411.25"
"Drugs","No","","83997","Terminated","Basic Reset Inc.","260 W Main St Ste 103","N/A","Hendersonville","TN","	37075-7316","United States","FDA Mandated","Letter","United States including Puerto Rico and U.S. Virgin Islands, Canada, Nigeria, United Kingdom, Australia, Israel, Hungary, UAE, Mexico, Philippines, Greece","D-0196-2020","Class II","BIOGENYX True Full Spectrum CBD Oil Natural Flavor, 1 fl. oz. (30 mL) bottle, 2400 mg, Distributed by: Biogenyx, Inc. Hendersonville, TN 37075","25 bottles","Marketed without an Approved NDA/ANDA","10/18/2019","11/05/2019","10/27/2021","11/13/2019","Lot: 1903011.80"
"Drugs","No","","83997","Terminated","Basic Reset Inc.","260 W Main St Ste 103","N/A","Hendersonville","TN","	37075-7316","United States","FDA Mandated","Letter","United States including Puerto Rico and U.S. Virgin Islands, Canada, Nigeria, United Kingdom, Australia, Israel, Hungary, UAE, Mexico, Philippines, Greece","D-0197-2020","Class II","BIOGENYX True Full Spectrum CBD Oil Cinnamon, 1 fl. oz. (30 mL) bottle, 750 mg, Distributed by: Biogenyx, Inc. Hendersonville, TN 37075","25 bottles","Marketed without an Approved NDA/ANDA","10/18/2019","11/05/2019","10/27/2021","11/13/2019","Lot: 1902411.25"
"Drugs","No","","84147","Terminated","Novitium Pharma LLC","70 Lake Dr","N/A","East Windsor","NJ","	08520-5321","United States","Voluntary: Firm initiated","Letter","Nationwide","D-0310-2020","Class II","Novitium Pharma Ranitidine Capsules 150 mg 60 capsules Rx Only Manufactured by: Novitium Pharma LLC 70 Lake Drive, East Windsor, New Jersey 08520  NDC 70954-001-20","19560 bottles","CGMP Deviations: Presence of NDMA impurity detected in product.","10/25/2019","11/10/2019","03/17/2021","11/20/2019","all lots within expiry."
"Drugs","No","","84147","Terminated","Novitium Pharma LLC","70 Lake Dr","N/A","East Windsor","NJ","	08520-5321","United States","Voluntary: Firm initiated","Letter","Nationwide","D-0311-2020","Class II","Novitium Pharma Ranitidine Capsules 150 mg 500 capsules Rx Only Manufactured by: Novitium Pharma LLC 70 Lake Drive, East Windsor, New Jersey 08520 NDC 70954-001-40","2718 bottles","CGMP Deviations: Presence of NDMA impurity detected in product.","10/25/2019","11/10/2019","03/17/2021","11/20/2019","all lots within expiry."
"Drugs","No","","84147","Terminated","Novitium Pharma LLC","70 Lake Dr","N/A","East Windsor","NJ","	08520-5321","United States","Voluntary: Firm initiated","Letter","Nationwide","D-0312-2020","Class II","Novitium Pharma Ranitidine Capsules 300 mg 30 capsules Rx Only Manufactured by: Novitium Pharma LLC 70 Lake Drive, East Windsor, New Jersey 08520  NDC 70954-002-10","12312 bottles","CGMP Deviations: Presence of NDMA impurity detected in product.","10/25/2019","11/10/2019","03/17/2021","11/20/2019","all lots within expiry."
"Drugs","No","","84147","Terminated","Novitium Pharma LLC","70 Lake Dr","N/A","East Windsor","NJ","	08520-5321","United States","Voluntary: Firm initiated","Letter","Nationwide","D-0313-2020","Class II","Novitium Pharma Ranitidine Capsules 300 mg 100 capsules Rx Only Manufactured by: Novitium Pharma LLC 70 Lake Drive, East Windsor, New Jersey 08520  NDC 70954-002-40","6660 bottles","CGMP Deviations: Presence of NDMA impurity detected in product.","10/25/2019","11/10/2019","03/17/2021","11/20/2019","all lots within expiry."
"Drugs","No","","84149","Terminated","Lannett Company, Inc.","9000 State Rd","N/A","Philadelphia","PA","	19136-1615","United States","Voluntary: Firm initiated","Press Release","Nationwide","D-0309-2020","Class II","Lannett Ranitidine Syrup (Ranitidine Oral Solution, USP),  15mg/mL Rx Only Distributed by: Lannett Company, Inc. Philadelphia, PA 19154  NDC 54838-550-80","683,149 bottles","CGMP Deviations: Presence of NDMA impurity detected in product.","10/28/2019","11/10/2019","04/26/2021","11/20/2019","1503A 10/2019  1504A 10/2019  1505A 10/2019  1523A 10/2019  1524A 10/2019  1525A 11/2019  1561A 12/2019  1562A 12/2019  1563A 12/2019  1589A 12/2019  1590A 12/2019  1591A 12/2019  1614A 01/2020  1615A 01/2020  1617A 01/2020  1644A 02/2020  1775A 06/2020  1646A 02/2020  1647A 02/2020  1668A 03/2020  1669A 03/2020  1670A 03/2020  1708A 03/2020  1709A 04/2020  1710A 04/2020  1729A 04/2020  1730A 04/2020  1731A 04/2020  1757A 05/2020  1758A 05/2020  1759A 05/2020  1773A 06/2020  1774A 06/2020  1989A 12/2020  1794A 06/2020  1795A 06/2020  1796A 06/2020  1817A 06/2020  1818A 07/2020  1819A 07/2020  1840A 08/2020  1840B 08/2020  1841A 08/2020  1842A 08/2020  1863A 08/2020  1864A 09/2020  1865A 09/2020  1899A 10/2020  1900A 10/2020  1901A 10/2020  1910A 10/2020  1911A 10/2020  1912A 10/2020  1918A 10/2020  1919A 10/2020  1920A 10/2020  1925A 10/2020  1926A 10/2020  1927A 10/2020  1977A 12/2020  1978A 12/2020  1979A 12/2020  1990A 12/2020  1991A 12/2020  1998A 01/2021  1999A 01/2021  2000A 01/2021  2019A 01/2021  2020A 01/2021  2065A 03/2021  2066A 03/2021  2067A 03/2021  2071A 03/2021  2072A 03/2021  2073A 03/2021  2076A 03/2021  2077A 03/2021  2078A 03/2021  2126A 05/2021  2127A 05/2021  2128A 05/2021  2164A 06/2021  2165A 06/2021  2166A 06/2021  2179A 06/2021  2180A 07/2021  2181A 07/2021  2214A 08/2021  2215A 08/2021  2216A 08/2021"
"Drugs","No","11/14/2019","83669","Terminated","First Royal Care Co. LLC, dba Red Mountain Compounding Pharmacy","6828 E Brown Rd Ste 101","N/A","Mesa","AZ","	85207-3761","United States","Voluntary: Firm initiated","Letter","Nationwide in the USA","D-0271-2020","Class II","S-METHYLCOBALAMIN 10,000MCG/ML MDV INJ; 30ML glass vial, Rx Only, Red Mountain Compounding Rx                                                                                                                                                                     ","135x30 ml glass vials","Lack of Assurance of Sterility","08/12/2019","11/05/2019","04/13/2023","11/13/2019","Lot #:  S05162019DH@12, Exp 8/16/19; S05282019DT@06, Exp 8/28/19;  S05302019DT@05, Exp 8/30/19; S06182019DT@03, Exp 9/18/19;  S07102019dt@05, Exp 10/10/19;  S07162019DT@08, Exp 10/16/19; S07242019DH@02, Exp 10/24/19; S07252019DH@08, Exp 10/25/19;   S06242019DH@01, Exp 9/24/19; S07032019DT@10, EXP 10/03/2019, S07102019DT@05, Exp 10/10/2019, 07242019DH@02, Exp 10/24/19; S07252019DH@08, Exp 10/25/2019, S07292019DH@15, Exp 10/29/19;"
"Drugs","No","11/14/2019","83669","Terminated","First Royal Care Co. LLC, dba Red Mountain Compounding Pharmacy","6828 E Brown Rd Ste 101","N/A","Mesa","AZ","	85207-3761","United States","Voluntary: Firm initiated","Letter","Nationwide in the USA","D-0272-2020","Class II","S-METHYLCOBALAMIN 25MG/ML MDV INJ; 10ML glass vial, Rx Only, Red Mountain Compounding RX                                                    ","2x30 ml glass vials","Lack of Assurance of Sterility","08/12/2019","11/05/2019","04/13/2023","11/13/2019","Lot #:S05082019DT@16, Exp 8/8/19, S06052019DT@07, Exp 9/5/19;"
"Drugs","No","11/14/2019","83669","Terminated","First Royal Care Co. LLC, dba Red Mountain Compounding Pharmacy","6828 E Brown Rd Ste 101","N/A","Mesa","AZ","	85207-3761","United States","Voluntary: Firm initiated","Letter","Nationwide in the USA","D-0273-2020","Class II","S-METHYLCOBALAMIN 5,000MCG/ML MDV Injection, 30 ML glass vial, Rx Only, Red Mountain Compounding RX                                                                                                                      ","28x30 ml glass vials","Lack of Assurance of Sterility","08/12/2019","11/05/2019","04/13/2023","11/13/2019","Lot #: S07022019DT@09, Exp 10/2/19; S05082019DT@08, Exp 8/8/19; S06042019DT@07, Exp 9/4/19"
"Drugs","No","11/14/2019","83669","Terminated","First Royal Care Co. LLC, dba Red Mountain Compounding Pharmacy","6828 E Brown Rd Ste 101","N/A","Mesa","AZ","	85207-3761","United States","Voluntary: Firm initiated","Letter","Nationwide in the USA","D-0274-2020","Class II","S-MIC/B12(C)/CARNITINE 25/50/50/1/50MG/ML MDV INJ;           Lot #:   S07172019DT@10, Exp 1/17/20;  S02142019DH@01, Exp 8/14/19; S03192019DT@04,Exp 9/19/19; "" S04162019DT@15, Exp 10/16/19; S07232019DH@04, Exp 1/23/20; S02142019DH@01, Exp 8/14/19; S04162019DT@15, Exp 9/9/19; s07092019dt@19, Exp 8/9/19; S07292019DH@09, Exp 8/29/19;  S02192019DH@10, Exp 8/19/19; S03302019DT@02, Exp 9/30/19;  S05062019DH@12, Exp 11/6/19; S06162019DH@13, Exp 12/16/19; S07102019DT@16, Exp 1/10/20; S07132019DT@05, Exp 1/13/20; S01302019DT@08, Exp 8/30/19; S03072019DH@01, Exp 9/7/19; S02192019DH@12, Exp 8/19/19; S03072019DH@02, Exp 9/7/19; S03272019DT@04, Exp 9/27/19; S04172019DT@03, Exp 10/17/19; S04302019DT@11, Exp 10/30/19; S05162019DH@20, Exp 11/16/19; S05292019DT@03, Exp 11/29/19; S06252019DH@17, Exp 12/25/19; S07172019DT@12, Exp 1/17/20; S07182019DT@08, Exp 1/18/20; S05242019DT@10, Exp 11/24/19         Red Mountain Compounding RX                                                                                                                      ","N/A","Lack of Assurance of Sterility","08/12/2019","11/05/2019","04/13/2023","11/13/2019","Lot #: S07022019DT@09, Exp 10/2/19; S05082019DT@08, Exp 8/8/19; S06042019DT@07, Exp 9/4/19"
"Drugs","No","11/14/2019","83669","Terminated","First Royal Care Co. LLC, dba Red Mountain Compounding Pharmacy","6828 E Brown Rd Ste 101","N/A","Mesa","AZ","	85207-3761","United States","Voluntary: Firm initiated","Letter","Nationwide in the USA","D-0275-2020","Class II","S-MIC 25/50/50MG/ML B12A1MG/ML MDV INJ SOLN; Rx Only, a) 10ML b) 30ML glass vial. Red Mountain Compounding RX.                                                ","108x 10 and 30 ml glass vials","Lack of Assurance of Sterility","08/12/2019","11/05/2019","04/13/2023","11/13/2019","Lot #: a) S03272019DT@04, Exp 09/27/2019,  b) S01302019DT@08, Exp 08/30/2019, S02192019DH@10, Exp 08/19/2019, S03072019DH@01, Exp 09/07/2019, S03042019DH@02, Exp 09/07/2019, S03272019DT@04, Exp 09/27/2019, S04172019DT@03, Exp 10/17/2019, S04302019DT@11, Exp 10/30/2019, S05162019DH@20, Exp 11/16/2019,  S05292019DT@03, Exp 11/29/2019, S06252019DH@17, Exp 12/25/2019, S07172019DT@12, Exp 01/17/2020, S07182019DT@08, Exp 01/18/2020,"
"Drugs","No","11/14/2019","83669","Terminated","First Royal Care Co. LLC, dba Red Mountain Compounding Pharmacy","6828 E Brown Rd Ste 101","N/A","Mesa","AZ","	85207-3761","United States","Voluntary: Firm initiated","Letter","Nationwide in the USA","D-0276-2020","Class II","S-MIC 25/50/50 B12A 5MG/ML MDV SOLN; Rx Only, 30ml Glass vial, Red Mountain Compounding Rx.                                                ","7x30 ml glass vials","Lack of Assurance of Sterility","08/12/2019","11/05/2019","04/13/2023","11/13/2019","Lot #: S03302019DT@02, Exp 09/30/2019, S05062019DH@12, Exp 11/06/2019, S06162019DH@13, Exp 12/16/2019, S07132019DT@05, Exp 01/13/2020,"
"Drugs","No","11/14/2019","83669","Terminated","First Royal Care Co. LLC, dba Red Mountain Compounding Pharmacy","6828 E Brown Rd Ste 101","N/A","Mesa","AZ","	85207-3761","United States","Voluntary: Firm initiated","Letter","Nationwide in the USA","D-0277-2020","Class II","S-MIC 25/50/50MG/ML CYANO 1MG/ML MDV SOLN, RX Only, 30ml glass vial, Red Mountain Compounding Rx.                                             ","1x30 ml glass vial","Lack of Assurance of Sterility","08/12/2019","11/05/2019","04/13/2023","11/13/2019","Lot #: S05242019DT@10, Exp 08/31/2019,"
"Drugs","No","","84179","Terminated","Fagron, Inc","2400 Pilot Knob Rd","N/A","Saint Paul","MN","	55120-1118","United States","Voluntary: Firm initiated","Press Release","Nationwide","D-0533-2020","Class II","LETS GEL KIT Convenience Pack (To prepare 100 mL LETS GEL), Contains: LETS Powders for Gel:  Lidocaine Hydrochloride - 4 g, Ephinephrine Bitartrate - 180 mg, Tetracaine Hydrochloride - 500 mg, Sodium Metabisulfite - 75 mg, SuturaGel Methlcellulose Base; RX Only, For Prescription Compounding, Fagron, Inc., 2400 Pilot Knob Rd, St. Paul, MN 55120.  NDC: 51552-1539-1","11,912 kits","Microbial contamination of non-sterile product.","10/31/2019","11/29/2019","11/06/2020","12/11/2019","Lot, expiry:   18F25-U03-044296, 11/8/2019;  18F25-U04-044297, 11/8/2019;  18H22-U06-045284, 1/24/2020;  18I24-U05-045853,  11/8/2019;  18K06-U03-047041, 1/24/2020;  18K06-U04-047042, 1/24/2020;  18K27-U11-047460, 3/16/2020;  18K28-U10-047519, 3/16/2020;  19A06-U02-048182, 3/16/2020;  19A06-U03-048183, 3/16/2020;  19A16-U13-048363, 3/16/2020;  19A21-U02-048503, 3/16/2020;  19B10-U02-048787, 3/16/2020;  19B14-U05-048781, 3/16/2020;  19C05-U01-049199, 3/16/2020;  19C05-U02-049200, 3/16/2020;  19C11-U07-049451, 3/16/2020  19C25-U02-048758, 3/16/2020;  19D07-U01-049884, 3/16/2020;  19D07-U02-049885, 3/16/2020;  19E09-U01-050298, 3/16/2020;  19E23-U01-050763, 9/11/2020;  19F16-U12-000052, 9/11/2020;  19F16-U13-000053, 10/24/2020;  19G07-U01-000357, 10/24/2020;  19G07-U02-000358, 10/24/2020;  19G21-U01-000930, 10/24/2020;  19G21-U02-000931, 12/17/2020;  19H01-U01-001172, 12/17/2020;  19H01-U02-001174, 12/17/2020;  19I03-U01-002019,  2/4/2021;  19I03-U02-002020,  2/4/2021;  19I03-U03-002021,  12/17/2020"
"Drugs","No","11/29/2019","84184","Terminated","KVK-Tech, Inc.","110 Terry Dr","N/A","Newtown","PA","	18940-3427","United States","Voluntary: Firm initiated","Letter","Nationwide within the United States","D-0532-2020","Class II","Hydrocodone Bitartrate and Homatropine Methlybromide Oral Solution 5 mg/1.5 mg per 5 mL, 473 mL bottles, Rx only, Mfd. by: KVK-Tech, Inc. Newtown PA 18940; NDC 10702-150-16","1534 bottles","Presence of Foreign Substance: Black particles were found in the lots during retain sample inspection","11/01/2019","11/29/2019","04/16/2020","11/20/2019","Lot #: 14375A, Exp. date 2019-DEC; 14398A, Exp. date 2020-JAN"
"Drugs","No","11/14/2019","83669","Terminated","First Royal Care Co. LLC, dba Red Mountain Compounding Pharmacy","6828 E Brown Rd Ste 101","N/A","Mesa","AZ","	85207-3761","United States","Voluntary: Firm initiated","Letter","Nationwide in the USA","D-0278-2020","Class II","S-MICB12C/Cartinine 25/50/50/1/50MG/ML MDV INJ, Rx Only, 30ml, Red Mountain Compounding Rx.                                             ","2x30ml glass vials","Lack of Assurance of Sterility","08/12/2019","11/05/2019","04/13/2023","11/13/2019","Lot #: S07092019DT@19, Exp 08/09/2019, S07292019DH@09, Exp 08/29/2019,"
"Drugs","No","11/14/2019","83669","Terminated","First Royal Care Co. LLC, dba Red Mountain Compounding Pharmacy","6828 E Brown Rd Ste 101","N/A","Mesa","AZ","	85207-3761","United States","Voluntary: Firm initiated","Letter","Nationwide in the USA","D-0279-2020","Class II","S-PROCAINE HCL 2% BUFFERED, Rx Only, a) PFV-single dose 10ml  b)MDV 30ml glass vial, Red Mountain Compounding Rx                                              ","N/A","Lack of Assurance of Sterility","08/12/2019","11/05/2019","04/13/2023","11/13/2019","Lot #:a)  S04162019DH@04, Exp 8/16/19;S04182019DT@11, Exp 8/18/19; S04302019DT@08, Exp 8/30/19; S05292019DT@11, Exp 9/29/19; S06092019DH@08, Exp 10/9/19, S06252019DH@15, Exp 10/25/19; S07022019DH@10, Exp 11/2/19, S07292019DH@11, Exp 11/29/19;   b) S06032019DT@02, Exp 10/3/19;  S07232019DH@03, Exp 11/23/19"
"Drugs","No","11/25/2019","84189","Terminated","New Vitalis Pharmacy LLC dba New Vitalis Pharmacy","4139 Cadillac Ct Ste 201","N/A","Louisville","KY","	40213-1578","United States","Voluntary: Firm initiated","Letter","Distributed Nationwide in the USA","D-0523-2020","Class II","Testosterone Cypionate 180 mg/mL/Testosterone Propionate 20mg/mL Oil Injection Solution, 10 mL per vial, New Vitalis Pharmacy","2981.62 mL","Lack of sterility assurance.","10/01/2019","11/25/2019","03/09/2023","12/04/2019","Lot, expiry: AL-07232019@99, exp 9-23-2019; AL-07312019@99, exp 9-30-2019; AL-08132019@99, exp 10-13-2019; AL-08272019@901, exp 10-27-2019;  AL-08282019@909, exp 10-28-2019; Al-09032019@903, exp 11-3-2019"
"Drugs","No","11/14/2019","83669","Terminated","First Royal Care Co. LLC, dba Red Mountain Compounding Pharmacy","6828 E Brown Rd Ste 101","N/A","Mesa","AZ","	85207-3761","United States","Voluntary: Firm initiated","Letter","Nationwide in the USA","D-0280-2020","Class II","S-TESTOSTERONE CYP 100MG/ML in SESAME OIL, 5ml Rx only, Red Mountain Compounding Rx.                                                                                                                                                                                                                                                                                            ","1x5ml glass vial","Lack of Assurance of Sterility","08/12/2019","11/05/2019","04/13/2023","11/13/2019","Lot #: S05292019dt@01, Exp 8/29/19;"
"Drugs","No","11/14/2019","83669","Terminated","First Royal Care Co. LLC, dba Red Mountain Compounding Pharmacy","6828 E Brown Rd Ste 101","N/A","Mesa","AZ","	85207-3761","United States","Voluntary: Firm initiated","Letter","Nationwide in the USA","D-0281-2020","Class II","S-TEST CYP 125MG/ML MDV IN ETHYL OLEATE OIL, Rx Only, 10ml glass vial, Red Mountain Compounding Rx.                                                                                                                      ","2x10ml glass vial","Lack of Assurance of Sterility","08/12/2019","11/05/2019","04/13/2023","11/13/2019","Lot #: S03152019JL@03, Exp 9/15/19;"
"Drugs","No","11/14/2019","83669","Terminated","First Royal Care Co. LLC, dba Red Mountain Compounding Pharmacy","6828 E Brown Rd Ste 101","N/A","Mesa","AZ","	85207-3761","United States","Voluntary: Firm initiated","Letter","Nationwide in the USA","D-0282-2020","Class II","S-TEST CYP 25MG/ML IN ETHYL OLEATE OIL MDV, Rx Only, a)5 ml b) 10 ml c) 13 ml glass vial, Red Mountain Compounding Rx.                                                                                                                                                                                                                      ","91 x 5, 10, 13 ML glass vials","Lack of Assurance of Sterility","08/12/2019","11/05/2019","04/13/2023","11/13/2019","Lot #: S02192019DH@14, Exp 8/19/19; S02282019DH@06, Exp 8/28/19; S03142019DT@04, Exp 9/14/19; S03252019DH@03, Exp 9/25/19; S04102019DT@05, Exp 10/10/19; S05012019DT@03, Exp 11/1/19; S05022019DT@11, Exp 11/2/19;  s05012019dt@09, Exp 11/2/19; S5212019DH@14, Exp 11/21/19; S06032019DT@07, Exp 12/3/19; S06122019DT@08, Exp 12/12/19; S07162019DT@13, Exp 1/16/20; S07262019DH@05, Exp 1/26/20;  S05212019DH@14, Exp 8/21/19;"
"Drugs","No","11/14/2019","83669","Terminated","First Royal Care Co. LLC, dba Red Mountain Compounding Pharmacy","6828 E Brown Rd Ste 101","N/A","Mesa","AZ","	85207-3761","United States","Voluntary: Firm initiated","Letter","Nationwide in the USA","D-0283-2020","Class II","S-TEST CYP 25MG/ML IN SESAME OIL, Rx Only, 5ml glass vial, Red Mountain Compounding Rx                                                                                                                                                                                                                                          ","1x5 ml glass vial","Lack of Assurance of Sterility","08/12/2019","11/05/2019","04/13/2023","11/13/2019","Lot #: S07162019DT@12, Exp 1/16/20;"
"Drugs","No","","83908","Completed","Dr. Reddy's Laboratories, Inc.","107 College Rd E","N/A","Princeton","NJ","	08540-6623","United States","Voluntary: Firm initiated","Letter","Product was distributed to major distributors throughout the United States who may have further distributed the product.","D-0169-2020","Class II","Ranitidine Tablets, USP 150 mg, 190 count bottles (2x95) Tray (Sam's Club) OTC, NDC 150062076  UPC Code 078742089720","N/A","CGMP Deviations: Presence of NDMA impurity detected in product.","10/01/2019","11/05/2019","N/A","11/13/2019","Batch Numbers:  All lots within expiry."
"Drugs","No","","83908","Completed","Dr. Reddy's Laboratories, Inc.","107 College Rd E","N/A","Princeton","NJ","	08540-6623","United States","Voluntary: Firm initiated","Letter","Product was distributed to major distributors throughout the United States who may have further distributed the product.","D-0170-2020","Class II","Ranitidine Tablets, USP 150 mg, a.) 24 count bottles (NDC 0363-0010-34), b.) 65 count bottles (NDC 0363-0010-61) , c.) 95 count bottles (NDC 0363-0010-62), d.)   200 count  bottles (NDC 0363-0010-01)  (Walgreens) OTC  ","N/A","CGMP Deviations: Presence of NDMA impurity detected in product.","10/01/2019","11/05/2019","N/A","11/13/2019","Batch Numbers:  All lots within expiry."
"Drugs","No","","83908","Completed","Dr. Reddy's Laboratories, Inc.","107 College Rd E","N/A","Princeton","NJ","	08540-6623","United States","Voluntary: Firm initiated","Letter","Product was distributed to major distributors throughout the United States who may have further distributed the product.","D-0171-2020","Class II","Ranitidine Tablets, USP 150 mg, a.) 65 count bottles (NDC 49035-404-61) b.) 130 count bottles (NDC 49035-404-13) c.) 220 count  bottles (NDC 49035-404-65)  (Walmart) OTC    ","N/A","CGMP Deviations: Presence of NDMA impurity detected in product.","10/01/2019","11/05/2019","N/A","11/13/2019","Batch Numbers:  All lots within expiry."
"Drugs","No","","83908","Completed","Dr. Reddy's Laboratories, Inc.","107 College Rd E","N/A","Princeton","NJ","	08540-6623","United States","Voluntary: Firm initiated","Letter","Product was distributed to major distributors throughout the United States who may have further distributed the product.","D-0172-2020","Class II","Ranitidine Tablets, USP 150 mg, a.) 24 count bottles (NDC 30142-505-34), b.) 50 count bottles (NDC 30142-505-50) (Kroger) OTC  ","N/A","CGMP Deviations: Presence of NDMA impurity detected in product.","10/01/2019","11/05/2019","N/A","11/13/2019","Batch Numbers:  All lots within expiry."
"Drugs","No","","83908","Completed","Dr. Reddy's Laboratories, Inc.","107 College Rd E","N/A","Princeton","NJ","	08540-6623","United States","Voluntary: Firm initiated","Letter","Product was distributed to major distributors throughout the United States who may have further distributed the product.","D-0173-2020","Class II","Ranitidine Tablets, USP 75 mg, a.) 30 count bottles (NDC 69842-871-30) b.) 80 count bottles (NDC 69842-871-80)  c.)160 count bottles (NDC 69842-871-37) (CVS) OTC    ","N/A","CGMP Deviations: Presence of NDMA impurity detected in product.","10/01/2019","11/05/2019","N/A","11/13/2019","Batch Numbers:  All lots within expiry."
"Drugs","No","","83908","Completed","Dr. Reddy's Laboratories, Inc.","107 College Rd E","N/A","Princeton","NJ","	08540-6623","United States","Voluntary: Firm initiated","Letter","Product was distributed to major distributors throughout the United States who may have further distributed the product.","D-0174-2020","Class II","Ranitidine Tablets, USP 75 mg 30 count bottles (NDC 30142-131-30) (Kroger)","N/A","CGMP Deviations: Presence of NDMA impurity detected in product.","10/01/2019","11/05/2019","N/A","11/13/2019","Batch Numbers:  All lots within expiry."
"Drugs","No","","83908","Completed","Dr. Reddy's Laboratories, Inc.","107 College Rd E","N/A","Princeton","NJ","	08540-6623","United States","Voluntary: Firm initiated","Letter","Product was distributed to major distributors throughout the United States who may have further distributed the product.","D-0175-2020","Class II","Ranitidine Tablets 75 mg, a.) 30 count bottles (NDC 63868-482-30), 60 count bottles (NDC 63868-482-60) (CDMA) OTC  ","N/A","CGMP Deviations: Presence of NDMA impurity detected in product.","10/01/2019","11/05/2019","N/A","11/13/2019","Batch Numbers:  All lots within expiry."
"Drugs","No","","83908","Completed","Dr. Reddy's Laboratories, Inc.","107 College Rd E","N/A","Princeton","NJ","	08540-6623","United States","Voluntary: Firm initiated","Letter","Product was distributed to major distributors throughout the United States who may have further distributed the product.","D-0176-2020","Class II","Ranitidine Tablets, USP 150 mg, a.) 95 count bottles (NDC 43598-808-62), b.) 220 count bottles (NDC 43598-808-65) (HCA) OTC.","N/A","CGMP Deviations: Presence of NDMA impurity detected in product.","10/01/2019","11/05/2019","N/A","11/13/2019","Batch Numbers:  All lots within expiry."
"Drugs","No","11/14/2019","83669","Terminated","First Royal Care Co. LLC, dba Red Mountain Compounding Pharmacy","6828 E Brown Rd Ste 101","N/A","Mesa","AZ","	85207-3761","United States","Voluntary: Firm initiated","Letter","Nationwide in the USA","D-0284-2020","Class II","S-TEST CYP 50MG/ML MDV IN ETHYL OLEATE OIL, Rx Only, 5ml glass vial, Red Mountain Compounding Rx                                              ","1x5ml glass vial","Lack of Assurance of Sterility","08/12/2019","11/05/2019","04/13/2023","11/13/2019","Lot #:  S06162019DH@02, Exp 9/16/19;"
"Drugs","No","11/14/2019","83669","Terminated","First Royal Care Co. LLC, dba Red Mountain Compounding Pharmacy","6828 E Brown Rd Ste 101","N/A","Mesa","AZ","	85207-3761","United States","Voluntary: Firm initiated","Letter","Nationwide in the USA","D-0285-2020","Class II","S-TEST CYP 200MG/ML MDV IN ETHYL OLEATE OIL, Rx only, a) 5ml, b) 10 ml, c) 13ml glass vials, Red Mountain Compounding Rx.                                                                                                                                                                                                                                                                           ","559 x 5, 10, 13 ml glass vials","Lack of Assurance of Sterility","08/12/2019","11/05/2019","04/13/2023","11/13/2019","Lot #: S02072019DT@08, EXP 9/7/19; S02132019DH@06, Exp 8/13/19;   S02232019DH@06 Exp 8/23/19; S02282019DH@07 Exp 8/28/19;    S02252019DH@01 Exp 8/25/19; S02122019DH@06 Exp 8/12/19;  S03132019DT@02  Exp 9/13/19;03202019DT@01 Exp  9/20/19;   S03282019DT@05  Exp 9/28/19   S03212019DT@01  Exp 9/21/19   S04202019DT@03  Exp 10/20/19   S0412019DT@03  Exp 10/10/19   S04102019DT@12 Exp 10/10/19   S04232019DT@02 Exp 10/23/19   S03132019DT@03 Exp 9/13/19   S04232019DT@05 Exp 10/23/19   S05072019DT@07 Exp 11/7/19  S05242019DT@04 Exp 11/24/19   S06032019DT@06 Exp 12/3/19  S06182019DH@23 Exp 12/18/19  S06182019DH@22 Exp 12/18/19; S06252019DH@15, Exp 12/25/19   S06182019DH@24 Exp 12/18/19   S06262019DH@15 Exp 12/26/19   S07032019DT@03 Exp 1/3/20   S07132019DH@02 Exp 1/13/20   S07232019DH@11 Exp /23/20   S07182019DT@09 Exp 1/18/20   S07292019DH@02 Exp 1/29/20   S07312019DH@10 Exp 1/31/20  S05072019DT@07 Exp, 9/30/19  S06182019DH@23 Exp,11/30/19"
"Drugs","No","","83908","Completed","Dr. Reddy's Laboratories, Inc.","107 College Rd E","N/A","Princeton","NJ","	08540-6623","United States","Voluntary: Firm initiated","Letter","Product was distributed to major distributors throughout the United States who may have further distributed the product.","D-0177-2020","Class II","Ranitidine Tablets, USP 150 mg, a.) 24 count bottles (NDC 71713-203-02), b.)95 count bottles (NDC 71713-203-05)  (Thirty Madison) OTC.","N/A","CGMP Deviations: Presence of NDMA impurity detected in product.","10/01/2019","11/05/2019","N/A","11/13/2019","Batch Numbers:  All lots within expiry."
"Drugs","No","12/03/2019","83908","Completed","Dr. Reddy's Laboratories, Inc.","107 College Rd E","N/A","Princeton","NJ","	08540-6623","United States","Voluntary: Firm initiated","Letter","Product was distributed to major distributors throughout the United States who may have further distributed the product.","D-0178-2020","Class II","Ranitidine Tablets, USP 75 mg, NDC 57896-715  (GeriCare) OTC.","N/A","CGMP Deviations: Presence of NDMA impurity detected in product.","10/01/2019","11/05/2019","N/A","11/13/2019","Batch Numbers:  All lots within expiry."
"Drugs","No","","83908","Completed","Dr. Reddy's Laboratories, Inc.","107 College Rd E","N/A","Princeton","NJ","	08540-6623","United States","Voluntary: Firm initiated","Letter","Product was distributed to major distributors throughout the United States who may have further distributed the product.","D-0179-2020","Class II","Ranitidine Tablets, USP 150 mg, 40 count bottles, NDC 11673-849-40 (Target) OTC.","N/A","CGMP Deviations: Presence of NDMA impurity detected in product.","10/01/2019","11/05/2019","N/A","11/13/2019","Batch Numbers:  All lots within expiry."
"Drugs","No","11/14/2019","83669","Terminated","First Royal Care Co. LLC, dba Red Mountain Compounding Pharmacy","6828 E Brown Rd Ste 101","N/A","Mesa","AZ","	85207-3761","United States","Voluntary: Firm initiated","Letter","Nationwide in the USA","D-0286-2020","Class II","S-TESTOSTERONE CYP 200MG/ML MDV In SESAME OIL, Rx Only, a) 5ML, b) 10ML, c) 13 ML glass vial, Red Mountain Compounding Rx                                                                                                                                                                                                                                                      ","129x 5ml, 10ml, 13ml glass vials","Lack of Assurance of Sterility","08/12/2019","11/05/2019","04/13/2023","11/13/2019","Lot #:  S02252019DH@07, Exp 8/25/19; S03202019DT@02, EXP, 8/25/19;    S03212019DT@02, EXP, 9/21/19; S04232019DT@06, EXP, 10/23/19;    S05232019DT@06, EXP, 11/23/19; S05152019DH@12, EXP, 11/15/19;    S05242019DT@03, EXP, 11/24/19; 05152019DH@12, EXP, 11/15/19;    S06262019DT@02, EXP, 12/26/19; S07032019DT@12, EXP, 1/3/20;    S07132019DT@03, EXP, 1/13/20; S07162019DT@01, EXP, 1/16/20;    S07262019DH@06, EXP, 1/26/20; S05152019DH@12, EXP, 11/15/19;"
"Drugs","No","11/14/2019","83669","Terminated","First Royal Care Co. LLC, dba Red Mountain Compounding Pharmacy","6828 E Brown Rd Ste 101","N/A","Mesa","AZ","	85207-3761","United States","Voluntary: Firm initiated","Letter","Nationwide in the USA","D-0287-2020","Class II","S-TEST CYP/NAN-DECA 200/50MG/ML MDV IN SESAME OIL; Rx Only, 10ml glass vial. Red Mountain Compounding Rx                                                                                                                                                                                                                                                  ","3x10 ml glass vials","Lack of Assurance of Sterility","08/12/2019","11/05/2019","04/13/2023","11/13/2019","Lot #: S07162019DH@08, Exp 10/16/19; S05092019DH@05, Exp 8/9/19;"
"Drugs","No","11/14/2019","83669","Terminated","First Royal Care Co. LLC, dba Red Mountain Compounding Pharmacy","6828 E Brown Rd Ste 101","N/A","Mesa","AZ","	85207-3761","United States","Voluntary: Firm initiated","Letter","Nationwide in the USA","D-0288-2020","Class II","S-TEST CYP/PROP 160/40MG/ML MDV IN ETHYL OLEATE; Rx Only, a) 10ml b) 13ml glass vials. Red Mountain Compounding Rx.                                                                                                                                                                                                                                                                                    ","4x 10ml and 13 ml glass vials","Lack of Assurance of Sterility","08/12/2019","11/05/2019","04/13/2023","11/13/2019","Lot #: a) S05212019DH@13, Exp 8/21/19; S06302019DH@07, Exp 9/30/19; S07252019DH@10, Exp 10/25/19;  b) S05092019DH@05, Exp 8/9/19;"
"Drugs","No","11/14/2019","83669","Terminated","First Royal Care Co. LLC, dba Red Mountain Compounding Pharmacy","6828 E Brown Rd Ste 101","N/A","Mesa","AZ","	85207-3761","United States","Voluntary: Firm initiated","Letter","Nationwide in the USA","D-0289-2020","Class II","S-TEST CYP/PROP/DECA-NAN 250MG/ML (80/10/10)   IN SESAME OIL, Rx only, Rx Only, 10ml glass vial. Red Mountain Compounding Rx.                                                                                                                                                                                                                        ","1x10 ml glass vials","Lack of Assurance of Sterility","08/12/2019","11/05/2019","04/13/2023","11/13/2019","Lot #: S06242019DH@06, Exp 9/24/2019;"
"Drugs","No","11/14/2019","83669","Terminated","First Royal Care Co. LLC, dba Red Mountain Compounding Pharmacy","6828 E Brown Rd Ste 101","N/A","Mesa","AZ","	85207-3761","United States","Voluntary: Firm initiated","Letter","Nationwide in the USA","D-0290-2020","Class II","S-TEST CYP/PROP 160/40MG/ML MDV IN SESAME OIL; Rx Only, a) 10ml b) 13 ml glass vials, Red Mountain Compounding Rx.                                                                                                                                                                                                                                                                                      ","3x 10ml and 13 ml glass vials","Lack of Assurance of Sterility","08/12/2019","11/05/2019","04/13/2023","11/13/2019","Lot #:a) S06182019DH@03, Exp 9/18/19; S07292019DH@04, Exp 10/29/19; b) S07092019DT@12, Exp 10/9/19;"
"Drugs","No","11/14/2019","83669","Terminated","First Royal Care Co. LLC, dba Red Mountain Compounding Pharmacy","6828 E Brown Rd Ste 101","N/A","Mesa","AZ","	85207-3761","United States","Voluntary: Firm initiated","Letter","Nationwide in the USA","D-0291-2020","Class II","S-TESTOSTERONE PROPIONATE 100MG/ML MDV IN SESAME OIL, Rx Only, 5ML glass vial, Red Mountain Compounding Rx.                                                                                                                                                                                                                                                                                      ","2x10 ml glass vials","Lack of Assurance of Sterility","08/12/2019","11/05/2019","04/13/2023","11/13/2019","Lot #:S04222019DH@03 Exp 10/22/2019, S06162019DH@05, Exp 12/16/2019"
"Drugs","No","11/14/2019","83669","Terminated","First Royal Care Co. LLC, dba Red Mountain Compounding Pharmacy","6828 E Brown Rd Ste 101","N/A","Mesa","AZ","	85207-3761","United States","Voluntary: Firm initiated","Letter","Nationwide in the USA","D-0292-2020","Class II","S-TESTOSTERONE ULTRA 250MG/ML MDV IN SESAME OIL (TEST CYP 200MG/TEST PROP 25MG/NANDROLONE DECA 25MG) Rx Only, 10ml glass vial Red Mountain Compounding Rx.                                                                                                                                                                                                                                                                                         ","10x10 ml glass vial","Lack of Assurance of Sterility","08/12/2019","11/05/2019","04/13/2023","11/13/2019","Lot #:S07132019DT@01, Exp 10/13/19;S07312019DH@05, Exp 10/31/19  S06122019DT@09, Exp 9/12/19;"
"Drugs","No","11/14/2019","83669","Terminated","First Royal Care Co. LLC, dba Red Mountain Compounding Pharmacy","6828 E Brown Rd Ste 101","N/A","Mesa","AZ","	85207-3761","United States","Voluntary: Firm initiated","Letter","Nationwide in the USA","D-0293-2020","Class II","S-VIT B COMPLEX INJ SOLN (HP); Rx Only, 30ML glass vial, Red Mountain Compounding Rx                                                                                                                                                                                                                                                                                    ","46 x30 ML glass vials","Lack of Assurance of Sterility","08/12/2019","11/05/2019","04/13/2023","11/13/2019","Lot #:S04102019DT@09, Exp 8/10/19; S05012019DT@03, Exp 9/1/19;  S05162019DH@21, Exp 9/16/19; S05152019DH@21,Exp 9/16/19;  S06162019DH@14, Exp 10/16/19; S06262019DT@03, Exp 10/26/19;  S06262019DT@10, Exp 10/26/19; S07252019DH@11, Exp 11/25/19"
"Drugs","No","11/14/2019","83669","Terminated","First Royal Care Co. LLC, dba Red Mountain Compounding Pharmacy","6828 E Brown Rd Ste 101","N/A","Mesa","AZ","	85207-3761","United States","Voluntary: Firm initiated","Letter","Nationwide in the USA","D-0294-2020","Class II","S-TRIMIX (15MG/0.5MG/16MCG/ML) INJ, Rx Only, 5ML glass vial. Red Mountain Compounding Rx.                                                                                                                                                            ","1x5ml glass vial","Lack of Assurance of Sterility","08/12/2019","11/05/2019","04/13/2023","11/13/2019","Lot #: S05162019DT@04, Exp 8/16/19;"
"Drugs","No","11/14/2019","83669","Terminated","First Royal Care Co. LLC, dba Red Mountain Compounding Pharmacy","6828 E Brown Rd Ste 101","N/A","Mesa","AZ","	85207-3761","United States","Voluntary: Firm initiated","Letter","Nationwide in the USA","D-0295-2020","Class II","S-TRIMIX (40MG/2.5MG/29MCG) MDV INJ; Rx Only, 5ml glass vial, Red Mountain Compounding Rx                                                                                                                                                              ","1x5 ml glass vial","Lack of Assurance of Sterility","08/12/2019","11/05/2019","04/13/2023","11/13/2019","Lot #:S06092019DH@04, Exp 8/9/19;"
"Drugs","No","11/14/2019","83669","Terminated","First Royal Care Co. LLC, dba Red Mountain Compounding Pharmacy","6828 E Brown Rd Ste 101","N/A","Mesa","AZ","	85207-3761","United States","Voluntary: Firm initiated","Letter","Nationwide in the USA","D-0296-2020","Class II","S-TRIMIX (29.4MG/0.98MG/9.8MCG/ML) INJ; Rx Only, 5ml glass vial. Red Mountain Compounding Rx                                                                                                                                                              ","3x5ml glass vial","Lack of Assurance of Sterility","08/12/2019","11/05/2019","04/13/2023","11/13/2019","Lot #:S06092019DH@07, Exp 8/9/19; S06112019DH@03, Exp 8/11/19;S06122019DH@01, Exp 8/12/19;"
"Drugs","No","","84055","Terminated","8046255 Canada Inc. DBA Viatrexx","1360 Louis-Marchand St","N/A","Beloeil","N/A","	N/A","Canada","Voluntary: Firm initiated","Press Release","Distributed to physicians Nationwide throughout the United States and Puerto Rico.","D-0345-2020","Class II","Viatrexx-Hair, 10 mL Sterile multi-dose vial, Rx only, Viatrexx Bio Incorporated, Newark, DE, USA, 19713, Item: VSPC0251, NDC 73069-206-41.","3 vials","Lack of Assurance of Sterility: products manufactured in a manner than cannot guarantee its sterility.","10/15/2019","11/14/2019","12/10/2020","11/20/2019","Lot Numbers: 19-S00009, Exp. May: 2020"
"Drugs","No","","84196","Terminated","Lupin Pharmaceuticals Inc.","Harborplace Tower","111 S Calvert St Fl 21st","Baltimore","MD","	21202-6174","United States","Voluntary: Firm initiated","Letter","Product was distributed to major distributors/wholesalers throughout the United States.","D-0304-2020","Class III","Cephalexin for Oral Suspension USP, 250 mg/5mL, 200 mL bottle, Rx only, Manufactured for: Lupin Pharmaceuticals, Inc. 111 South Calvert Street, Baltimore, Maryland 21202, United States, Manufactured by: Lupin Limited, Mumbai 400 098 INDIA, NDC 68180-0441-02","28,254 bottles","Presence of Foreign substance: identified as a dead ant.","11/01/2019","11/07/2019","03/04/2021","11/13/2019","Lot #: F802436, F802437, F802438, F802442, Exp 11/20"
"Drugs","No","11/26/2019","83908","Completed","Dr. Reddy's Laboratories, Inc.","107 College Rd E","N/A","Princeton","NJ","	08540-6623","United States","Voluntary: Firm initiated","Letter","Product was distributed to major distributors throughout the United States who may have further distributed the product.","D-0180-2020","Class II","Dr. Reddy's Ranitidine Capsules, USP 300 mg, a.) 30 count bottles (NDC 55111-130-30) b.) 100 count bottles (NDC 55111-130-01)","N/A","CGMP Deviations: Presence of NDMA impurity detected in product.","10/01/2019","11/05/2019","N/A","11/13/2019","Batch Numbers:  All lots within expiry."
"Drugs","No","","83908","Completed","Dr. Reddy's Laboratories, Inc.","107 College Rd E","N/A","Princeton","NJ","	08540-6623","United States","Voluntary: Firm initiated","Letter","Product was distributed to major distributors throughout the United States who may have further distributed the product.","D-0181-2020","Class II","Dr. Reddy's Ranitidine Tablets, USP 75 mg, 60 count bottles, NDC 55111-131-60, (OTC)","N/A","CGMP Deviations: Presence of NDMA impurity detected in product.","10/01/2019","11/05/2019","N/A","11/13/2019","Batch Numbers:  All lots within expiry."
"Drugs","No","","83908","Completed","Dr. Reddy's Laboratories, Inc.","107 College Rd E","N/A","Princeton","NJ","	08540-6623","United States","Voluntary: Firm initiated","Letter","Product was distributed to major distributors throughout the United States who may have further distributed the product.","D-0182-2020","Class II","Dr. Reddy's Ranitidine Tablets, USP 150 mg, 24 count bottles, NDC 55111-404-34 (OTC)","N/A","CGMP Deviations: Presence of NDMA impurity detected in product.","10/01/2019","11/05/2019","N/A","11/13/2019","Batch Numbers:  All lots within expiry."
"Drugs","No","","83908","Completed","Dr. Reddy's Laboratories, Inc.","107 College Rd E","N/A","Princeton","NJ","	08540-6623","United States","Voluntary: Firm initiated","Letter","Product was distributed to major distributors throughout the United States who may have further distributed the product.","D-0183-2020","Class II","Ranitidine Tablets, USP 75 mg, a.) 30- count bottles (NDC 0363-0131-30), b.) 80-count bottles (NDC 0363-0131-80)  (Walgreens) OTC","N/A","CGMP Deviations: Presence of NDMA impurity detected in product.","10/01/2019","11/05/2019","N/A","11/13/2019","Batch Numbers:  All lots within expiry."
"Drugs","No","","83908","Completed","Dr. Reddy's Laboratories, Inc.","107 College Rd E","N/A","Princeton","NJ","	08540-6623","United States","Voluntary: Firm initiated","Letter","Product was distributed to major distributors throughout the United States who may have further distributed the product.","D-0184-2020","Class II","Ranitidine Tablets, USP 150 mg, a.) 24 count bottles (NDC 63868-480-24), b.) 50-count bottles (NDC 63868-480-50) (CDMA) OTC","N/A","CGMP Deviations: Presence of NDMA impurity detected in product.","10/01/2019","11/05/2019","N/A","11/13/2019","Batch Numbers:  All lots within expiry."
"Drugs","No","12/03/2019","83908","Completed","Dr. Reddy's Laboratories, Inc.","107 College Rd E","N/A","Princeton","NJ","	08540-6623","United States","Voluntary: Firm initiated","Letter","Product was distributed to major distributors throughout the United States who may have further distributed the product.","D-0185-2020","Class II","Ranitidine Tablets, USP 150 mg, NDC 57896-717 (GeriCare) OTC","N/A","CGMP Deviations: Presence of NDMA impurity detected in product.","10/01/2019","11/05/2019","N/A","11/13/2019","Batch Numbers:  All lots within expiry."
"Drugs","No","","84196","Terminated","Lupin Pharmaceuticals Inc.","Harborplace Tower","111 S Calvert St Fl 21st","Baltimore","MD","	21202-6174","United States","Voluntary: Firm initiated","Letter","Product was distributed to major distributors/wholesalers throughout the United States.","D-0305-2020","Class III","Cefdinir for Oral Suspension USP, 250 mg/5mL,100 mL bottle, Rx only, Manufactured for: Lupin Pharmaceuticals, Inc., Baltimore, Maryland 21202, United States, Manufactured by: Lupin Limited, Mandideep 462 046 INDIA, NDC 68180-723-10","30,516 bottles","Presence of Foreign substance: identified as a dead ant.","11/01/2019","11/07/2019","03/04/2021","11/13/2019","Lot #: F802345, F802346, F802347, Exp 11/20"
"Drugs","No","","84196","Terminated","Lupin Pharmaceuticals Inc.","Harborplace Tower","111 S Calvert St Fl 21st","Baltimore","MD","	21202-6174","United States","Voluntary: Firm initiated","Letter","Product was distributed to major distributors/wholesalers throughout the United States.","D-0306-2020","Class III","Cefdinir for Oral Suspension USP, 125 mg/5mL, packaged in a) 60 mL bottle (NDC 68180-722-20), b) 100 mL bottle (NDC 68180-722-10), Rx only, Manufactured for: Lupin Pharmaceuticals, Inc., Baltimore, Maryland 21202, United States, Manufactured by: Lupin Limited, Mandideep 462 046 INDIA","a) 4074 bottles b) 30,300 bottles","Presence of Foreign substance: identified as a dead ant.","11/01/2019","11/07/2019","03/04/2021","11/13/2019","Lot #: a) F900153, Exp 11/20; b) F802327, F802328, F802329, Exp 11/20"
"Drugs","No","11/14/2019","83669","Terminated","First Royal Care Co. LLC, dba Red Mountain Compounding Pharmacy","6828 E Brown Rd Ste 101","N/A","Mesa","AZ","	85207-3761","United States","Voluntary: Firm initiated","Letter","Nationwide in the USA","D-0297-2020","Class II","S-TRIMIX various strengths to include:a) S-TRIMIX (15MG/1MG/10MCG/ML) MDV: b) S-TRIMIX (18MG/0.6MG/6MCG/ML) MDV INJ: c) S-TRIMIX (24MG/0.89MG/8.9MCG/ML) MDV INJ: d) S-TRIMIX (28.85MG/1.9MG/19.2MCG/ML) MDV: e) S-TRIMIX (30MG/1MG/10MCG/ML) MDV:  f) S-TRIMIX (30MG/2MG/25MCG/ML) MDV:    g) S-TRIMIX (40MG/3MG/39MCG/ML) MDV INJ:   h) S-TRIMIX (PA 60MG/PH 1.25MG/PG 6MCG/ML) MDV INJ:  i) S-TRIMIX HYOCTANE (29.4MG/1MG/9MCG/ML) j) S-TRIMIX III (29.4MG/0.98MG/9.8MCG/ML) INJ: k) S-TRIMIX STD (16.67MG/0.58MG/8.88MCG/ML) INJ: l) S-TRIMIX-104 (30MG/2MG/20MCG/ML) MDV:  m) S-TRIMIX-DS (16.67MG/0.58MG/17.7MCG/ML) MDV: Rx Only, 5ml glass vial. Red Mountain Compounding Rx                                                                                                                                                              ","34x5ml glass vial","Lack of Assurance of Sterility","08/12/2019","11/05/2019","04/13/2023","11/13/2019","Lot #:a) S07162019DH@07, EXP. 9/16/19  b) S06242019DH@01, EXP 8/24/19; S07102019DT@15, EXP. 9/20/19; S07252019DH@03, EXP. 9/25/19; S07312019DH@13, EXP. 9/31/19  c) S07102019DT@03, EXP. 9/10/19  d) S07262019DH@01, EXP. 9/26/19; S07232019DH@07, EXP. 9/23/19  e) S06262019DH@05, EXP. 8/26/19; S07132019DT@06, EXP. 9/13/19  f) S06162019DH@12, EXP. 8/16/19  g) S06252019DT@06, EXP. 8/25/19; S07032019DT@04, EXP. 9/3/19; S07102019DT@02, EXP.  9/10/19;  h) S07172019dt@13, EXP.  9/17/19  i) S07032019DT@01, EXP. 9/3/19  j) S06092019DH@07, EXP. 8/9/19; S06112019DH@03, EXP. 8/11/19; S06122019DT@01, EXP. 8/12/19  k) S07022019DT@05, EXP. 9/2/19; S07132019DT@04, EXP. 9/13/19  l) S07022019DT@01, EXP. 9/2/19; S07302019DH@06, EXP. 9/30/19  m) S06252019DT@07, EXP. 8/25/19;  n) S07022019DT@04, EXP. 9/2/19"
"Drugs","No","","84055","Terminated","8046255 Canada Inc. DBA Viatrexx","1360 Louis-Marchand St","N/A","Beloeil","N/A","	N/A","Canada","Voluntary: Firm initiated","Press Release","Distributed to physicians Nationwide throughout the United States and Puerto Rico.","D-0346-2020","Class II","Viatrexx-Neuro, 10 mL Sterile multi-dose vial, Rx only, Viatrexx Bio Incorporated, Newark, DE, USA, 19713, Item: VSPC0460, NDC 73069-375-41.","13 vials","Lack of Assurance of Sterility: products manufactured in a manner than cannot guarantee its sterility.","10/15/2019","11/14/2019","12/10/2020","11/20/2019","Lot Numbers: 19-S00020, Exp. May: 2020"
"Drugs","No","","84055","Terminated","8046255 Canada Inc. DBA Viatrexx","1360 Louis-Marchand St","N/A","Beloeil","N/A","	N/A","Canada","Voluntary: Firm initiated","Press Release","Distributed to physicians Nationwide throughout the United States and Puerto Rico.","D-0347-2020","Class II","Viatrexx-Male+, 10 mL Sterile multi-dose vial, Rx only, Viatrexx Bio Incorporated, Newark, DE, USA, 19713, Item: VSPC0400, NDC 73069-320-41.","2 vials","Lack of Assurance of Sterility: products manufactured in a manner than cannot guarantee its sterility.","10/15/2019","11/14/2019","12/10/2020","11/20/2019","Lot Numbers: 19-S00022, Exp. May: 2020"
"Drugs","No","","84055","Terminated","8046255 Canada Inc. DBA Viatrexx","1360 Louis-Marchand St","N/A","Beloeil","N/A","	N/A","Canada","Voluntary: Firm initiated","Press Release","Distributed to physicians Nationwide throughout the United States and Puerto Rico.","D-0348-2020","Class II","Viatrexx-ANS/CNS, 10 mL Sterile multi-dose vial, Rx only, Viatrexx Bio Incorporated, Newark, DE, USA, 19713, Item: VSPC0025, NDC 73069-039-41.","1 vial","Lack of Assurance of Sterility: products manufactured in a manner than cannot guarantee its sterility.","10/15/2019","11/14/2019","12/10/2020","11/20/2019","Lot Numbers: 19-S00027, Exp. May: 2020"
"Drugs","No","","84213","Terminated","Washington Homeopathic Products, Inc.","260 J R Hawvermale Way","N/A","Berkeley Springs","WV","	25411-6957","United States","Voluntary: Firm initiated","Letter","Product was distributed Nationwide throughout the United States, Canada and Saudi Arabia","D-0491-2020","Class II","Calcarea Fluorica 6X Tablets, 300-count bottle, 30g, Manufactured in India exclusively for: Washington Homeopathic Products, Inc., 260 JR Hawvermale Way, Berkeley Springs, WV  25411, barcode 7 40640 64188 0.","489 bottles","CGMP Deviations: products were not manufactured under current good manufacturing practices.","11/08/2019","11/18/2019","01/04/2023","11/27/2019","Lot #: BR18C279"
"Drugs","No","","84213","Terminated","Washington Homeopathic Products, Inc.","260 J R Hawvermale Way","N/A","Berkeley Springs","WV","	25411-6957","United States","Voluntary: Firm initiated","Letter","Product was distributed Nationwide throughout the United States, Canada and Saudi Arabia","D-0492-2020","Class II","Calcarea Phosphorica 6X Tablets, 300-count bottle, 30g, Manufactured in India exclusively for: Washington Homeopathic Products, Inc., 260 JR Hawvermale Way, Berkeley Springs, WV  25411, barcode 7 40640 64189 7.","681 bottles","CGMP Deviations: products were not manufactured under current good manufacturing practices.","11/08/2019","11/18/2019","01/04/2023","11/27/2019","Lot #: BR18C282 and BR18K166"
"Drugs","No","","84213","Terminated","Washington Homeopathic Products, Inc.","260 J R Hawvermale Way","N/A","Berkeley Springs","WV","	25411-6957","United States","Voluntary: Firm initiated","Letter","Product was distributed Nationwide throughout the United States, Canada and Saudi Arabia","D-0493-2020","Class II","Calcarea Sulphurica  6X Tablets, 300-count bottle, 30g, Manufactured in India exclusively for: Washington Homeopathic Products, Inc., 260 JR Hawvermale Way, Berkeley Springs, WV  25411, barcode 7 40640 64190 3.  ","300 bottles","CGMP Deviations: products were not manufactured under current good manufacturing practices.","11/08/2019","11/18/2019","01/04/2023","11/27/2019","Lot #: BR18B277"
"Drugs","No","","84213","Terminated","Washington Homeopathic Products, Inc.","260 J R Hawvermale Way","N/A","Berkeley Springs","WV","	25411-6957","United States","Voluntary: Firm initiated","Letter","Product was distributed Nationwide throughout the United States, Canada and Saudi Arabia","D-0494-2020","Class II","Cell Salts Combination 6X Tablets, 300-count bottle, 30g, Manufactured in India exclusively for: Washington Homeopathic Products, Inc., 260 JR Hawvermale Way, Berkeley Springs, WV  25411, barcode 7 40640 64200 9.","829 bottles","CGMP Deviations: products were not manufactured under current good manufacturing practices.","11/08/2019","11/18/2019","01/04/2023","11/27/2019","Lot #: BC18C142 and BC18G056"
"Drugs","No","","84213","Terminated","Washington Homeopathic Products, Inc.","260 J R Hawvermale Way","N/A","Berkeley Springs","WV","	25411-6957","United States","Voluntary: Firm initiated","Letter","Product was distributed Nationwide throughout the United States, Canada and Saudi Arabia","D-0495-2020","Class II","Ferrum Phosphoricum 6X Tablets, 300-count bottle, 30g, Manufactured in India exclusively for: Washington Homeopathic Products, Inc., 260 JR Hawvermale Way, Berkeley Springs, WV  25411, barcode 7 40640 64198 9.  ","462 bottles","CGMP Deviations: products were not manufactured under current good manufacturing practices.","11/08/2019","11/18/2019","01/04/2023","11/27/2019","Lot # BR18C281"
"Drugs","No","","84213","Terminated","Washington Homeopathic Products, Inc.","260 J R Hawvermale Way","N/A","Berkeley Springs","WV","	25411-6957","United States","Voluntary: Firm initiated","Letter","Product was distributed Nationwide throughout the United States, Canada and Saudi Arabia","D-0496-2020","Class II","Kali Muriaticum 6X Tablets, 300-count bottle, 30g, Manufactured in India exclusively for: Washington Homeopathic Products, Inc., 260 JR Hawvermale Way, Berkeley Springs, WV  25411, barcode 7 40640 64194 1.","300 bottles","CGMP Deviations: products were not manufactured under current good manufacturing practices.","11/08/2019","11/18/2019","01/04/2023","11/27/2019","Lot #: BR18B275"
"Drugs","No","","84213","Terminated","Washington Homeopathic Products, Inc.","260 J R Hawvermale Way","N/A","Berkeley Springs","WV","	25411-6957","United States","Voluntary: Firm initiated","Letter","Product was distributed Nationwide throughout the United States, Canada and Saudi Arabia","D-0497-2020","Class II","Kali Phosphoricum 6X Tablets, 300-count bottle, 30g, Manufactured in India exclusively for: Washington Homeopathic Products, Inc., 260 JR Hawvermale Way, Berkeley Springs, WV  25411, barcode 7 40640 64195 8.","417 bottles","CGMP Deviations: products were not manufactured under current good manufacturing practices.","11/08/2019","11/18/2019","01/04/2023","11/27/2019","Lot #: BR18B272"
"Drugs","No","","84213","Terminated","Washington Homeopathic Products, Inc.","260 J R Hawvermale Way","N/A","Berkeley Springs","WV","	25411-6957","United States","Voluntary: Firm initiated","Letter","Product was distributed Nationwide throughout the United States, Canada and Saudi Arabia","D-0498-2020","Class II","Kali Sulphuricum 6X Tablets, 300-count bottle, 30g, Manufactured in India exclusively for: Washington Homeopathic Products, Inc., 260 JR Hawvermale Way, Berkeley Springs, WV  25411, barcode 7 40640 64196 5.","295 bottles","CGMP Deviations: products were not manufactured under current good manufacturing practices.","11/08/2019","11/18/2019","01/04/2023","11/27/2019","Lot #: BR18B276"
"Drugs","No","","84213","Terminated","Washington Homeopathic Products, Inc.","260 J R Hawvermale Way","N/A","Berkeley Springs","WV","	25411-6957","United States","Voluntary: Firm initiated","Letter","Product was distributed Nationwide throughout the United States, Canada and Saudi Arabia","D-0499-2020","Class II","Magnesia Phosphorica 6X Tablets, 300-count bottle, 30g, Manufactured in India exclusively for: Washington Homeopathic Products, Inc., 260 JR Hawvermale Way, Berkeley Springs, WV  25411, barcode 7 40640 64197 2.","487 bottles","CGMP Deviations: products were not manufactured under current good manufacturing practices.","11/08/2019","11/18/2019","01/04/2023","11/27/2019","Lot #: BR18C283"
"Drugs","No","","84213","Terminated","Washington Homeopathic Products, Inc.","260 J R Hawvermale Way","N/A","Berkeley Springs","WV","	25411-6957","United States","Voluntary: Firm initiated","Letter","Product was distributed Nationwide throughout the United States, Canada and Saudi Arabia","D-0500-2020","Class II","Natrum Muriaticum 6X Tablets, 300-count bottle, 30g, Manufactured in India exclusively for: Washington Homeopathic Products, Inc., 260 JR Hawvermale Way, Berkeley Springs, WV  25411, barcode 7 40640 64191 0.","366 bottles","CGMP Deviations: products were not manufactured under current good manufacturing practices.","11/08/2019","11/18/2019","01/04/2023","11/27/2019","Lot #: BR18B274"
"Drugs","No","","84213","Terminated","Washington Homeopathic Products, Inc.","260 J R Hawvermale Way","N/A","Berkeley Springs","WV","	25411-6957","United States","Voluntary: Firm initiated","Letter","Product was distributed Nationwide throughout the United States, Canada and Saudi Arabia","D-0501-2020","Class II","Natrum Phosphoricum 6X Tablets, 300-count bottle, 30g, Manufactured in India exclusively for: Washington Homeopathic Products, Inc., 260 JR Hawvermale Way, Berkeley Springs, WV  25411, barcode 7 40640 64192 7.","366 bottles","CGMP Deviations: products were not manufactured under current good manufacturing practices.","11/08/2019","11/18/2019","01/04/2023","11/27/2019","Lot #: BR18B273"
"Drugs","No","","84213","Terminated","Washington Homeopathic Products, Inc.","260 J R Hawvermale Way","N/A","Berkeley Springs","WV","	25411-6957","United States","Voluntary: Firm initiated","Letter","Product was distributed Nationwide throughout the United States, Canada and Saudi Arabia","D-0502-2020","Class II","Natrum Sulphuricum  6X Tablets, 300-count bottle, 30g, Manufactured in India exclusively for: Washington Homeopathic Products, Inc., 260 JR Hawvermale Way, Berkeley Springs, WV  25411, barcode 7 40640 64193 4.","288 bottles","CGMP Deviations: products were not manufactured under current good manufacturing practices.","11/08/2019","11/18/2019","01/04/2023","11/27/2019","Lot #: BR18C280"
"Drugs","No","","84213","Terminated","Washington Homeopathic Products, Inc.","260 J R Hawvermale Way","N/A","Berkeley Springs","WV","	25411-6957","United States","Voluntary: Firm initiated","Letter","Product was distributed Nationwide throughout the United States, Canada and Saudi Arabia","D-0503-2020","Class II","Silicea 6X Tablets, 300-count bottle, 30g, Manufactured in India exclusively for: Washington Homeopathic Products, Inc., 260 JR Hawvermale Way, Berkeley Springs, WV  25411, barcode 7 40640 64199 6.","426 bottles","CGMP Deviations: products were not manufactured under current good manufacturing practices.","11/08/2019","11/18/2019","01/04/2023","11/27/2019","Lot #: BR18B278"
"Drugs","No","","84213","Terminated","Washington Homeopathic Products, Inc.","260 J R Hawvermale Way","N/A","Berkeley Springs","WV","	25411-6957","United States","Voluntary: Firm initiated","Letter","Product was distributed Nationwide throughout the United States, Canada and Saudi Arabia","D-0504-2020","Class II","Pareira (Brava) 1X Tincture, 50 mL bottle, Washington Homeopathic Products, 260 JR Hawvermale Way, Berkeley Springs, WV  25411.","1 bottle","CGMP Deviations: products were not manufactured under current good manufacturing practices.","11/08/2019","11/18/2019","01/04/2023","11/27/2019","Lot #: 101471, Exp 08/01/2020"
"Drugs","No","","84218","Ongoing","AuroMedics Pharma LLC","279 Princeton Hightstown Rd","N/A","East Windsor","NJ","	08520-1401","United States","Voluntary: Firm initiated","Press Release","nationwide","D-0526-2020","Class II","DG Health Acid Reducer Ranitidine Tablets 150 mg, 8-count carton, Distributed by: Dolgencorp LLC 100 Mission Ridge Goodletville TN 37072  NDC 55910-092-79","69,696 bottles","CGMP Deviations: N-nitrosodimethylamine (NDMA) has been detected in Ranitidine tablets, capsules and syrups.","11/06/2019","11/26/2019","N/A","12/04/2019","Lot # NBSB19001DA3; Exp FEB 2021"
"Drugs","No","","84218","Ongoing","AuroMedics Pharma LLC","279 Princeton Hightstown Rd","N/A","East Windsor","NJ","	08520-1401","United States","Voluntary: Firm initiated","Press Release","nationwide","D-0527-2020","Class II","Aurobindo Ranitidine Caspules 150 mg, 60-count bottle, Rx Only Distributed by: Aurobindo Pharma USA, Inc. 279 Princeton-Hightstown Road East Windsor, NJ 08520  NDC 59651-144-60  ","45,456 bottles","CGMP Deviations: N-nitrosodimethylamine (NDMA) has been detected in Ranitidine tablets, capsules and syrups.","11/06/2019","11/26/2019","N/A","12/04/2019","RA1518001-A Jul 2020  RA1518002-A Jul 2020  RA1518005-B Aug 2020  RA1518006-A Aug 2020  RA1519003-A May 2021"
"Drugs","No","","84218","Ongoing","AuroMedics Pharma LLC","279 Princeton Hightstown Rd","N/A","East Windsor","NJ","	08520-1401","United States","Voluntary: Firm initiated","Press Release","nationwide","D-0528-2020","Class II","Aurobindo Ranitidine Capsules 300 mg, 30-count bottle, Rx Only Distributed by: Aurobindo Pharma USA, Inc. 279 Princeton-Hightstown Road East Windsor, NJ 08520  NDC 59651-145-30","134,160 bottles","CGMP Deviations: N-nitrosodimethylamine (NDMA) has been detected in Ranitidine tablets, capsules and syrups.","11/06/2019","11/26/2019","N/A","12/04/2019","RA3018001-A Jul 2020  RA3018002-A Jul-2020  RA3018003-A Jul 2020  RA3018004-A Aug 2020  RA3018005-A Aug 2020  RA3018006-A Aug 2020  RA3018007-A Sep 2020  RA3018008-A  Sep 2020  RA3018009-A Sep 2020  RA3018010-A Oct 2020  RA3019001-A Jan 2021  RA3019002-A Jan 2021  RA3019003-A May 2021"
"Drugs","No","","84218","Ongoing","AuroMedics Pharma LLC","279 Princeton Hightstown Rd","N/A","East Windsor","NJ","	08520-1401","United States","Voluntary: Firm initiated","Press Release","nationwide","D-0529-2020","Class II","Ranitidine Syrup (Ranitidine Oral Solution, USP), 15 mg/mL (75 mg/5mL) 474 mL bottle, Rx only Distributed by: Aurobindo Pharma USA Inc. 279 Princeton-Hightstown Road East Windsor, NJ 08520 Made in India  NDC 65862-431-74","19320 bottles","CGMP Deviations: N-nitrosodimethylamine (NDMA) has been detected in Ranitidine tablets, capsules and syrups.","11/06/2019","11/26/2019","N/A","12/04/2019","UI1519001-A  UI1519002-A  UI1519003-A  UI1519004-A"
"Drugs","No","","84218","Ongoing","AuroMedics Pharma LLC","279 Princeton Hightstown Rd","N/A","East Windsor","NJ","	08520-1401","United States","Voluntary: Firm initiated","Press Release","nationwide","D-0530-2020","Class II","Aurobindo Ranitidine Capsules 150 mg, 500 count bottle, Rx Only Distributed by: Aurobindo Pharma USA, Inc. 279 Princeton-Hightstown Road East Windsor, NJ 08520 NDC 59651-144-05","26,736 bottles","CGMP Deviations: N-nitrosodimethylamine (NDMA) has been detected in Ranitidine tablets, capsules and syrups.","11/06/2019","11/26/2019","N/A","12/04/2019","RA1518002-B Jul 2020  RA1518003-A Jul 2020  RA1518004-A Aug 2020  RA1518005-A Aug 2020  RA1518007-A Sep 2020  RA1518008-A Sep 2020  RA1518009-A Sep 2020  RA1518010-A Oct 2020  RA1518011-A Nov 2020  RA1518012-A Nov 2020  RA1518013-A Nov 2020  RA1518014-A Nov 2020  RA1518015-A Nov 2020  RA1519003-B May 2021  RA1519004-A May 2021"
"Drugs","No","","84233","Terminated","Golden State Medical Supply Inc.","5187 Camino Ruiz","N/A","Camarillo","CA","	93012-8601","United States","Voluntary: Firm initiated","Letter","AZ, IA, MA, MO","D-0307-2020","Class II","GSMS: Ranitidine Capsules 150 mg, Rx only, 500 count bottles (NDC 51407-097-05) Manufactured by Novitium Pharma LLC, 70 Lake Drive, East Windsor, New Jersey 08520; Packaged by GSMS, Incorporated, Carmillo, CA 93012 USA.","N/A","CGMP Deviations: Presence of NDMA impurity detected in product.","11/06/2019","11/10/2019","04/15/2021","11/20/2019","Lot Codes: GS023970, Exp. 10/31/2020; GS026108, Exp. 10/31/2020;GS026099, Exp. 10/31/2020; GS026838, Exp. 10/31/2020; GS025702, Exp. 10/31/2020; GS027272, Exp. 10/31/2020; GS027273, Exp. 05/31/2021."
"Drugs","No","11/29/2019","84233","Terminated","Golden State Medical Supply Inc.","5187 Camino Ruiz","N/A","Camarillo","CA","	93012-8601","United States","Voluntary: Firm initiated","Letter","AZ, IA, MA, MO","D-0308-2020","Class II","GSMS: Ranitidine Capsules 300 mg, Rx only, 100 count bottles (NDC 51407-098-01) Manufactured by Novitium Pharma LLC, 70 Lake Drive, East Windsor, New Jersey 08520; Packaged by GSMS, Incorporated, Carmillo, CA 93012 USA.","N/A","CGMP Deviations: Presence of NDMA impurity detected in product.","11/06/2019","11/10/2019","04/15/2021","11/20/2019","Lot Codes: GS023971, Exp. 10/31/2020; GS025527, Exp. 10/31/2020; GS025526, Exp. 10/31/2020; GS026114, Exp. 10/31/2020; GS025813, Exp. 10/31/2020; GS026189, Exp. 10/31/2021; GS027555, Exp. 7/31/2021; GS026190, Exp. 5/31/2021; GS026220, Exp. 05/31/2021; GS026584, Exp. 05/31/2021; GS027139, Exp. 05/31/2021; GS027554, Exp. 05/31/2021."
"Drugs","No","","84240","Terminated","AuroMedics Pharma LLC","279 Princeton Hightstown Rd","N/A","East Windsor","NJ","	08520-1401","United States","Voluntary: Firm initiated","Letter","Distributed Nationwide in the US","D-0520-2020","Class III","Amiodarone Hydrochloride Injection, USP, 150 mg per 3 mL (50 mg / mL), 3 mL Single Dose Vial, Rx only, Distributed by AuroMedics Pharma LLC E. Windsor, NJ. 08520, Made in India. NDC 55150-180-03","28,810 vials","Crystallization: Presence of visible particulate matter.","11/11/2019","11/22/2019","04/01/2021","12/04/2019","Lot# CAH180009, exp. date Feb 2020"
"Drugs","No","","84240","Terminated","AuroMedics Pharma LLC","279 Princeton Hightstown Rd","N/A","East Windsor","NJ","	08520-1401","United States","Voluntary: Firm initiated","Letter","Distributed Nationwide in the US","D-0521-2020","Class III","Amiodarone Hydrochloride Injection, USP, 450 mg per 9 mL (50 mg / mL), 9 mL Single Dose Vial, Rx only, Distributed by AuroMedics Pharma LLC E. Windsor, NJ. 08520, Made in India. NDC 55150-181-09","29,830 vials","Crystallization: Presence of visible particulate matter.","11/11/2019","11/22/2019","04/01/2021","12/04/2019","Lot# CAH180001, exp. date Jan 2020; CAH180003, exp. date Feb 2020; CAH180011, CAH180012, exp. date Jun 2020"
"Drugs","No","","84240","Terminated","AuroMedics Pharma LLC","279 Princeton Hightstown Rd","N/A","East Windsor","NJ","	08520-1401","United States","Voluntary: Firm initiated","Letter","Distributed Nationwide in the US","D-0522-2020","Class III","Amiodarone Hydrochloride Injection, USP, 900 mg per 18 mL (50 mg / mL), 18 mL Multiple Dose Vial, Rx only, Distributed by AuroMedics Pharma LLC E. Windsor, NJ. 08520, Made in India. NDC 55150-182-18","138,720 vials","Crystallization: Presence of visible particulate matter.","11/11/2019","11/22/2019","04/01/2021","12/04/2019","Lot#: CAH180013, CAH180014, exp. date Jul 2020"
"Drugs","No","","84242","Terminated","Teva Pharmaceuticals USA, Inc.","1090 Horsham Rd","N/A","North Wales","PA","	19454-1505","United States","Voluntary: Firm initiated","Letter","Product was distributed to wholesalers/distributors throughout the United States.","D-0518-2020","Class II","Valganciclovir Hydrochloride for Oral Solution, 50 mg/mL, 100 mL (3.4 fl. oz.) bottle, Rx only, Manufactured for: Actavis Laboratories FL. Inc., Fort Lauderdale, FL 33314, Distributed by: Actavis Pharma, Inc., Parsippany, NJ 07054, NDC 0591-2579-20","3,623 bottles","Presence of foreign substance: Brown/black particles found during stability testing.","11/04/2019","11/21/2019","11/17/2020","11/27/2019","Lot #: CBFCN,  CBHFG, Exp 05/2020"
"Drugs","No","","84284","Terminated","Integrated Health Concepts Inc. dba Conversio Health","720 Aerovista Pl Ste D","N/A","San Luis Obispo","CA","	93401-8726","United States","Voluntary: Firm initiated","Telephone","Nationwide in the U.S.","D-0507-2020","Class II","Formoterol 12mcg / Budesonide 0.5mg, 3.5ML Vial, For Inhalation Only, Shake Well, Conversio Health, San Luis Obispo, CA 93401.","N/A","Lack of Processing Controls","11/12/2019","11/19/2019","05/28/2020","11/27/2019","All Lots"
"Drugs","No","","84284","Terminated","Integrated Health Concepts Inc. dba Conversio Health","720 Aerovista Pl Ste D","N/A","San Luis Obispo","CA","	93401-8726","United States","Voluntary: Firm initiated","Telephone","Nationwide in the U.S.","D-0508-2020","Class II","Budesonide 0.4mg, 3ML Vial, For Inhalation Only, Conversio Health, San Luis Obispo, CA 93401.","N/A","Lack of Processing Controls","11/12/2019","11/19/2019","05/28/2020","11/27/2019","All Lots"
"Drugs","No","","84284","Terminated","Integrated Health Concepts Inc. dba Conversio Health","720 Aerovista Pl Ste D","N/A","San Luis Obispo","CA","	93401-8726","United States","Voluntary: Firm initiated","Telephone","Nationwide in the U.S.","D-0509-2020","Class II","Albuterol 3.75mg / Ipratropium 0.75mg, 3ML Vial, For Inhalation Only, Conversio Health, San Luis Obispo, CA 93401.","N/A","Lack of Processing Controls","11/12/2019","11/19/2019","05/28/2020","11/27/2019","All Lots"
"Drugs","No","","84284","Terminated","Integrated Health Concepts Inc. dba Conversio Health","720 Aerovista Pl Ste D","N/A","San Luis Obispo","CA","	93401-8726","United States","Voluntary: Firm initiated","Telephone","Nationwide in the U.S.","D-0510-2020","Class II","Albuterol 2.5mg / Ipratropium 0.75mg, 2ML Vial, For Inhalation Only, Conversio Health, San Luis Obispo, CA 93401.","N/A","Lack of Processing Controls","11/12/2019","11/19/2019","05/28/2020","11/27/2019","All Lots"
"Drugs","No","","84284","Terminated","Integrated Health Concepts Inc. dba Conversio Health","720 Aerovista Pl Ste D","N/A","San Luis Obispo","CA","	93401-8726","United States","Voluntary: Firm initiated","Telephone","Nationwide in the U.S.","D-0511-2020","Class II","Albuterol 2.5mg / Ipratropium 0.75mg /Budesonide 0.5mg, 3ML Vial, For Inhalation Only, Conversio Health, San Luis Obispo, CA 93401.","N/A","Lack of Processing Controls","11/12/2019","11/19/2019","05/28/2020","11/27/2019","All Lots"
"Drugs","No","","84284","Terminated","Integrated Health Concepts Inc. dba Conversio Health","720 Aerovista Pl Ste D","N/A","San Luis Obispo","CA","	93401-8726","United States","Voluntary: Firm initiated","Telephone","Nationwide in the U.S.","D-0512-2020","Class II","Albuterol 2.5mg / Ipratropium 0.75mg /Budesonide 0.25mg, 3ML Vial, For Inhalation Only, Shake Well, Conversio Health, San Luis Obispo, CA 93401.","N/A","Lack of Processing Controls","11/12/2019","11/19/2019","05/28/2020","11/27/2019","All lots"
"Drugs","No","","84284","Terminated","Integrated Health Concepts Inc. dba Conversio Health","720 Aerovista Pl Ste D","N/A","San Luis Obispo","CA","	93401-8726","United States","Voluntary: Firm initiated","Telephone","Nationwide in the U.S.","D-0513-2020","Class II","Albuterol 2.5mg / Budesonide 0.5mg, 3ML Vial, For Inhalation Only, Shake Well, Conversio Health, San Luis Obispo, CA 93401.","N/A","Lack of Processing Controls","11/12/2019","11/19/2019","05/28/2020","11/27/2019","All Lots"
"Drugs","No","","84284","Terminated","Integrated Health Concepts Inc. dba Conversio Health","720 Aerovista Pl Ste D","N/A","San Luis Obispo","CA","	93401-8726","United States","Voluntary: Firm initiated","Telephone","Nationwide in the U.S.","D-0514-2020","Class II","Albuterol 1.25mg / Ipratropium 0.5mg/ Budesonide 0.25mg, 3ML Vial, For Inhalation Only, Conversio Health, San Luis Obispo, CA 93401.","N/A","Lack of Processing Controls","11/12/2019","11/19/2019","05/28/2020","11/27/2019","All lots"
"Drugs","No","","84284","Terminated","Integrated Health Concepts Inc. dba Conversio Health","720 Aerovista Pl Ste D","N/A","San Luis Obispo","CA","	93401-8726","United States","Voluntary: Firm initiated","Telephone","Nationwide in the U.S.","D-0515-2020","Class II","Albuterol 1.25mg / Ipratropium 0.5mg, 2ML Vial, For Inhalation Only, Conversio Health, San Luis Obispo, CA 93401.","N/A","Lack of Processing Controls","11/12/2019","11/19/2019","05/28/2020","11/27/2019","All lots"
"Drugs","No","","84287","Terminated","AVKARE Inc.","615 N 1st St","N/A","Pulaski","TN","	38478-2403","United States","Voluntary: Firm initiated","Letter","Nationwide.","D-0524-2020","Class II","AVKARE Ranitidine Tablets, USP 150 mg Rx Only Manufactured for: AvKARE, Inc. Pulaski, TN 38478 Manufactured by: Amneal Pharmaceuticals of NY Hauppauge, NY 11788 a) 1000 tablets NDC 42291-724-10; b) 180 tablets NDC 42291-724-18; c) 60 tablets NDC 42291-724-60","631,138 bottles","CGMP Deviations: Impurity N-nitrosodimethylamine (NDMA) found in API","11/14/2019","11/26/2019","10/27/2021","12/04/2019","Lots: a) HK16617A Exp. 11/30/2019, HL03917A Exp. 11/30/2019, HL04017A Exp. 11/30/2019, HM06017A Exp. 11/30/2019, HM06117A Exp. 11/30/2019, HB03518A Exp. 03/31/2020, HB03618A Exp. 03/31/2020, HC14018A Exp. 04/30/2020, HC14118A Exp. 04/30/2020, HC14218A Exp. 04/30/2020, HC14318A Exp. 04/30/2020, HC14418A Exp. 04/30/2020, HC14518A Exp. 05/31/2020, HH04518A Exp. 08/31/2020, HH04618A Exp. 08/31/2020, HH04718A Exp. 08/31/2020, HH04818A Exp. 08/31/2020, HH04918A Exp. 08/31/2020, HK02718A Exp. 10/31/2020, HK06918A Exp. 10/31/2020, HL07418A Exp. 11/30/2020, HL07518A Exp. 11/30/2020, HA00419A Exp. 12/31/2020, HA00519A Exp. 12/31/2020, HA02719A Exp. 12/31/2020, HA02819A Exp. 12/31/2020, HA2719A Exp. 12/31/2020, HC05019A Exp. 03/31/2021, HC05119A Exp. 03/31/2021, HC05911A Exp. 03/31/2021, HE03319A Exp. 04/30/2021, HE03419A Exp. 04/30/2021, HE05419A Exp. 04/30/2021, HG02319A Exp. 06/30/2021, HG02419A Exp. 06/30/2021, HG02619A Exp. 06/30/2021; b) 21570  Exp. 03/31/2020, 21571  Exp. 03/31/2020, 22190  Exp. 03/31/2020, 22192  Exp. 05/31/2020, 22497  Exp. 05/31/2020, 22620  Exp. 05/31/2020, 22999  Exp. 09/30/2020, 23000  Exp. 09/30/2020, 24158  Exp. 03/31/2021, 24159  Exp. 04/30/2021; c) 21241  Exp. 03/31/2020, 21680  Exp. 03/31/2020, 22193  Exp. 03/31/2020, 22657  Exp. 03/31/2020, 23001  Exp. 09/30/2020, 23002  Exp. 09/30/2020, 24157  Exp. 04/30/2021"
"Drugs","No","","84287","Terminated","AVKARE Inc.","615 N 1st St","N/A","Pulaski","TN","	38478-2403","United States","Voluntary: Firm initiated","Letter","Nationwide.","D-0525-2020","Class II","AVKARE Ranitidine Tablets, USP 300 mg Rx Only NDC Manufactured for: AvKARE, Inc. Pulaski, TN 38478 a) 250 tablets NDC 42291-725-25; b) 30 tablets NDC 42291-725-30","104,797 bottles","CGMP Deviations: Impurity N-nitrosodimethylamine (NDMA) found in API","11/14/2019","11/26/2019","10/27/2021","12/04/2019","Lots: a) 21307  Exp. 02/29/2020, 21309  Exp. 02/29/2020, 21528  Exp. 02/29/2020, 21527  Exp. 02/29/2020, 22247  Exp. 06/30/2020, 23214  Exp. 09/30/2020, 23243  Exp. 09/30/2020, 23244  Exp. 11/30/2020, 24198  Exp. 01/31/2021, 24199  Exp. 01/31/2021, 24289  Exp. 01/31/2021; b) 22291  Exp. 06/30/2020, 23215  Exp. 09/30/2020, 23776  Exp. 01/31/2021"
"Drugs","No","","84288","Terminated","Baxter Healthcare Corporation","1 Baxter Pkwy","N/A","Deerfield","IL","	60015-4625","United States","Voluntary: Firm initiated","Letter","Nationwide within the United States","D-0517-2020","Class II","0.9% Sodium Chloride Irrigation USP 5000 mL bags, Rx Only,  Baxter Healthcare Corporation Deerfield, IL 60015, NDC 0338-0047-29","22336 bags","Lack of  Assurance of Sterility: Product has the potential to leak.","11/19/2019","11/20/2019","02/04/2021","11/27/2019","Lot #: Y309971, Y309971A, Exp. date 6/30/2021"
"Drugs","No","","84213","Terminated","Washington Homeopathic Products, Inc.","260 J R Hawvermale Way","N/A","Berkeley Springs","WV","	25411-6957","United States","Voluntary: Firm initiated","Letter","Product was distributed Nationwide throughout the United States, Canada and Saudi Arabia","D-0505-2020","Class II","StellaLife VEGA Oral Gel Rinse (In equal parts of: Azadirachta Indica 1x, Calendula Officinalis 1x, Echinacea Purpurea 1x, Plantago Major 1x), packaged in 1000 mL white plastic bottle.","1 bottle/","CGMP Deviations: products were not manufactured under current good manufacturing practices.","11/08/2019","11/18/2019","01/04/2023","11/27/2019","Lot # 29488"
"Drugs","No","","84213","Terminated","Washington Homeopathic Products, Inc.","260 J R Hawvermale Way","N/A","Berkeley Springs","WV","	25411-6957","United States","Voluntary: Firm initiated","Letter","Product was distributed Nationwide throughout the United States, Canada and Saudi Arabia","D-0506-2020","Class II","R2103, Active Ingredients: Berberis Aquifolium 3x;  Borax 3; , Kreosotum 10X; Sepia 3x. Inactive ingredient: 28% dilution alcohol, packaged in a) 470 mL bottle and b) 1000 mL bottle; Manufactured for Wisconsin Pharmacal Company, By: Washington Homeopathic Products, Inc., 260 JR Hawvermale Way, Berkeley Springs, WV  25411.","a) 1 bottle; b) 11 bottles","CGMP Deviations: products were not manufactured under current good manufacturing practices.","11/08/2019","11/18/2019","01/04/2023","11/27/2019","Lot #: 28557"
"Drugs","No","","84284","Terminated","Integrated Health Concepts Inc. dba Conversio Health","720 Aerovista Pl Ste D","N/A","San Luis Obispo","CA","	93401-8726","United States","Voluntary: Firm initiated","Telephone","Nationwide in the U.S.","D-0516-2020","Class II","Albuterol 2.5mg / Ipratropium 0.75mg/ Triamcinolone 0.5 mg 3ML Vial, For Inhalation Only, Conversio Health, San Luis Obispo, CA 93401.","N/A","Lack of Processing Controls","11/12/2019","11/19/2019","05/28/2020","11/27/2019","All lots"
"Drugs","No","","84359","Terminated","Preferred Pharmaceuticals, Inc","1250 N Lakeview Ave Ste O","N/A","Anaheim","CA","	92807-1801","United States","Voluntary: Firm initiated","Telephone","CA, FL, IL","D-0531-2020","Class II","Ibuprofen Oral Suspension USP, 100 mg/5mL, 4 fl.oz. 118 mL, Rx only, Preferred Pharmaceuticals, Inc., Anaheim, CA. Mfg: Taro Pharm.; Hawthorne, NY; NDC 68788-7268-01","N/A","Presence of foreign substance: Ibuprofen Oral Suspension USP may have small particles of an inert plastic material introduced during manufacturing.","11/21/2019","11/27/2019","05/11/2023","12/04/2019","Lot #: I1718U, Exp. 3/2020; K0818L, Exp. 9/2020; L2718E, Exp. 9/2020; A2219E, Exp. 9/2020; C1519S, Exp. 12/2020; C2819Y, Exp. 12/2020; E2019V, Exp. 11/2020"





