Product Type,Recently Updated Record,Last Modified Date,Event ID,Status,Recalling Firm,Address1,Address2,City,State/Province,Postal Code,Country,Voluntary/Mandated,Initial Firm Notification of Consignee or Public,Distribution Pattern,Recall Number,Classification,Product Description,Product Quantity,Reason for Recall,Recall Initiation Date,Center Classification Date,Termination Date,Report Date,Code Info
"Drugs","No","","62613","Terminated","LNK International, Inc.","40 & 60 Arkay Drive","N/A","Hauppauge","NY","	11788-3708","United States","Voluntary: Firm initiated","Two or more of the following: Email, Fax, Letter, Press Release, Telephone, Visit","Nationwide","D-0319-2015","Class II","Walgreens ASPIRIN FREE TENSION HEADACHE, Pain Reliever/Pain Reliever Aid, Acetaminophen & Caffeine, 100 Coated Caplets, OTC ---  Distributed by: Walgreen Co. 200 Wilmot Rd., Deerfield, IL 60015, Item # 427594, NDC 0363-0428-12, UPC Code 311917134925","9,379 bottles","Incorrect/Undeclared Excipients: The firm recalled specific lots of Walgreens brand Aspirin Free Tension Headache Caplets due to the presence of sucralose, which was not declared on the label.","07/18/2012","12/23/2014","12/23/2014","12/31/2014","Lot Number P78221, expiration date 05/14;   Lot Number P78222, expiration date 05/14"
"Drugs","No","","63451","Terminated","Fresenius Kabi USA, LLC","3 Corporate Dr","N/A","Lake Zurich","IL","	60047-8930","United States","Voluntary: Firm initiated","Letter","U.S. Nationwide Including Puerto Rico","D-0295-2015","Class II","MIDAZOLAM HYDROCHLORIDE INJECTION, 5 mg/1 mL, C-IV, For IM or IV Use, 2 mL Vials, Rx only.  APP Pharmaceuticals, LLC. Schaumburg, IL 60173. NDC: 63323-412-25.","101,200 Vials","Lack of Assurance of Sterility: Glass vials may have finish fractures and glass particles.","09/27/2012","12/10/2014","12/12/2014","12/17/2014","Lot 6003827, Exp. Date 04/2015"
"Drugs","No","","63451","Terminated","Fresenius Kabi USA, LLC","3 Corporate Dr","N/A","Lake Zurich","IL","	60047-8930","United States","Voluntary: Firm initiated","Letter","U.S. Nationwide Including Puerto Rico","D-0296-2015","Class II","ONDANSETRON INJECTION, USP, 4 mg/ 2 mL (2 mg/mL),  For IM or IV Use, Single Dose 2 mL Vials, Rx only.  APP Pharmaceuticals, LLC, Schaumburg, IL 60173. NDC: 63323-373-02","184,550 Vials","Lack of Assurance of Sterility: Glass vials may have finish fractures and glass particles.","09/27/2012","12/10/2014","12/12/2014","12/17/2014","Lot 6003930, exp. date 04/2014"
"Drugs","No","","63451","Terminated","Fresenius Kabi USA, LLC","3 Corporate Dr","N/A","Lake Zurich","IL","	60047-8930","United States","Voluntary: Firm initiated","Letter","U.S. Nationwide Including Puerto Rico","D-0297-2015","Class II","CYANOCOBALAMIN INJECTION, USP, 1000 mcg/mL, For IM or IV Use, Multiple Dose 2 mL Vials, Rx only.  APP Pharmaceuticals, LLC, Schaumburg, IL 60173. NDC: 63323-044-01.","240,550 Vials","Lack of Assurance of Sterility: Glass vials may have finish fractures and glass particles.","09/27/2012","12/10/2014","12/12/2014","12/17/2014","Lot 6003853, exp. date 04/2014"
"Drugs","No","","66261","Terminated","Janssen Pharmaceuticals, Inc.","1125 Trenton Harbourton Rd","N/A","Titusville","NJ","	08560-1503","United States","Voluntary: Firm initiated","Two or more of the following: Email, Fax, Letter, Press Release, Telephone, Visit","Nationwide","D-1514-2014","Class II","Risperdal CONSTA  (risperiDONE),  25 mg Dose Pack, Rx Only, Single Use Only Janssen Pharmaceuticals Inc., Titusville, NJ 08560  NDC 50458-306-11","70,495 kits","Non-Sterility: Janssen  is recalling  one lot of Risperdal CONSTA (risperiDONE)   due to a sterility failure in a  stability sample","09/11/2013","08/05/2014","01/23/2015","08/13/2014","Vial - 4212AAP1, Kit - 309316, Exp. 07/15"
"Drugs","No","","66604","Terminated","Ferring Pharmaceuticals Inc","4 Gatehall Dr Fl 3rd","N/A","Parsippany","NJ","	07054-4518","United States","Voluntary: Firm initiated","Letter","Nationwide.","D-1426-2014","Class III","ENDOMETRIN (progesterone) Vaginal Insert 100 mg USP, 21 inserts, Rx Only, Manufactured for: Ferring Pharmaceuticals Inc. Parsippany, NJ 07054 ---- NDC 55566-6500-3","72,046 cartons","Discoloration; due to prolonged heat exposure.","09/19/2013","07/09/2014","02/19/2015","07/16/2014","Lot Number:Expiry Date - 0804.182B-1:07/14; 0804.183B-1:07/14; 0804.185A-1:08/14; 0804.186B-1:08/14; 0804.187B-1:08/14; 0804.210A-1:12/14; 0804.212A-1:12/14; 0804.213A-1:12/14; 0804.214A-1:12/14; 0804.216B-1:12/14; 0804.223B-1:02/15 0804.225B-1:03/15"
"Drugs","No","","66607","Terminated","Mylan Institutional, Inc. (d.b.a. UDL Laboratories)","1718 Northrock Ct","N/A","Rockford","IL","	61103-1201","United States","Voluntary: Firm initiated","Letter","Nationwide and Puerto Rico.","D-0377-2015","Class II","CIPROFLOXACIN TABLETS, USP, 500 mg, 100 Tablets (10 tablets per blister card. 10 blister cards per carton), Manufactured by: Mylan Pharmaceuticals Inc., Morgantown, WV --- NDC 51079-182-20.","11,650 cartons","CGMP Deviations: Pharmaceuticals were produced and distributed with active ingredients not manufactured according to Good Manufacturing Practices","09/26/2013","01/21/2015","11/09/2015","01/28/2015","Lot Number: 3034630;   Expiration Date: 12/13;   NDC: 51079-182-20"
"Drugs","No","","66607","Terminated","Mylan Institutional, Inc. (d.b.a. UDL Laboratories)","1718 Northrock Ct","N/A","Rockford","IL","	61103-1201","United States","Voluntary: Firm initiated","Letter","Nationwide and Puerto Rico.","D-0378-2015","Class II","LAMOTRIGINE TABLETS, 200 mg, 100 Tablets (10 tablets per blister card x 10 blister cards per carton), Rx only,  Manufactured by: Mylan Pharmaceuticals Inc., Morgantown, WV ---  NDC 51079-866-20","3,993 cartons","CGMP Deviations: Pharmaceuticals were produced and distributed with active ingredients not manufactured according to Good Manufacturing Practices","09/26/2013","01/21/2015","11/09/2015","01/28/2015","Lot Number: 3038124;   Expiration Date: 1/14; NDC: 51079-866-20;"
"Drugs","No","","67247","Terminated","Dermamedics, L.L.C.","755 Research Pkwy Ste 150","N/A","Oklahoma City","OK","	73104-3621","United States","Voluntary: Firm initiated","Letter","Nationwide","D-1487-2014","Class II","Dermamedics Post Procedure Cream, 1 ounce containers which were distributed with a SKU number of DM 1026","unknown","Marketed without an Approved NDA/ANDA: FDA has determined that the products are unapproved new drugs and misbranded.   ","01/10/2014","07/29/2014","03/14/2017","08/06/2014","all lot codes"
"Drugs","No","","67247","Terminated","Dermamedics, L.L.C.","755 Research Pkwy Ste 150","N/A","Oklahoma City","OK","	73104-3621","United States","Voluntary: Firm initiated","Letter","Nationwide","D-1488-2014","Class II","Dermamedics Calm & Correct Cream in 2 oz. containers with SKU number DM1020.","unknown","Marketed without an Approved NDA/ANDA: FDA has determined that the products are unapproved new drugs and misbranded.   ","01/10/2014","07/29/2014","03/14/2017","08/06/2014","all lot codes, .25 oz and 2 oz sizes"
"Drugs","No","","67247","Terminated","Dermamedics, L.L.C.","755 Research Pkwy Ste 150","N/A","Oklahoma City","OK","	73104-3621","United States","Voluntary: Firm initiated","Letter","Nationwide","D-1489-2014","Class II","Dermamedics Baby's Relief Calm and Repair Cream in 2 oz. containers with a SKU number of DM1016 and 0.25 containers with a SKU number of PS 1016; and Therametics Baby's Relief Calm and Repair Cream in 2 oz. containers with a SKU number of BR008.","unknown","Marketed without an Approved NDA/ANDA: FDA has determined that the products are unapproved new drugs and misbranded.   ","01/10/2014","07/29/2014","03/14/2017","08/06/2014","all lot codes"
"Drugs","No","","67247","Terminated","Dermamedics, L.L.C.","755 Research Pkwy Ste 150","N/A","Oklahoma City","OK","	73104-3621","United States","Voluntary: Firm initiated","Letter","Nationwide","D-1490-2014","Class II","Dermamedics Complexion Repair Topical Rehydrating Emulsion which was distributed in 50 ml containers with a SKU number of DM 1011 and Therametics Complexion Repair Topical Rehydrating Emulsion which was distributed in 50 ml containers with a SKU number of CR002.","unknown","Marketed without an Approved NDA/ANDA: FDA has determined that the products are unapproved new drugs and misbranded.   ","01/10/2014","07/29/2014","03/14/2017","08/06/2014","all lot codes"
"Drugs","No","","64611","Terminated","Shamrock Medical Solutions Group LLC","741 Radio Dr","N/A","Lewis Center","OH","	43035-7134","United States","Voluntary: Firm initiated","Telephone","Product was shipped to the following states: CO, MA, OH, TX & WY.","D-1449-2014","Class II","Pramipexole Dihydrochloride Tablets, 0.5 mg, Rx, packaged and labeled to contain Nebivolol tablets, Repackaged By: Shamrock Medical Solutions Lewis Center, Ohio, Mfg: Northstar Rx, Memphis, TN   NDC 16714-586-01","99/500 mg tablets","Labeling: Label Mix up; product labeled to contain Nebivolol tablets actually contained Pramipexole Dihydrochloride tablets","09/27/2011","07/23/2014","07/31/2014","07/30/2014","Use by 12/14/2012, Lot# 002B90, NDC 16714-586-01"
"Drugs","No","","64611","Terminated","Shamrock Medical Solutions Group LLC","741 Radio Dr","N/A","Lewis Center","OH","	43035-7134","United States","Voluntary: Firm initiated","Telephone","Product was shipped to the following states: CO, MA, OH, TX & WY.","D-1450-2014","Class II","Sulfamethoxazole and Trimethoprim Tablets, 800 mg/160 mg, DOUBLE STRENGTH, Rx, packaged and labeled to contain Sulfamethoxazole and Trimethoprim Tablets, 400 mg/80 mg, Repackaged By: Shamrock Medical Solutions Lewis Center, Ohio, Mfg: Amneal/Interpharm, NDC 53746-272-01","284/800 mg tablets","Labeling: Label Mix up; product labeled to contain Sulfamethoxazole and Trimethoprim Tablets, 400 mg/80 mg instead of Sulfamethoxazole and Trimethoprim Tablets, 800 mg/160 mg","09/27/2011","07/23/2014","07/31/2014","07/30/2014","Lot 00288N, Use By: 9/15/2012, NDC 53746-272-01"
"Drugs","No","","64611","Terminated","Shamrock Medical Solutions Group LLC","741 Radio Dr","N/A","Lewis Center","OH","	43035-7134","United States","Voluntary: Firm initiated","Telephone","Product was shipped to the following states: CO, MA, OH, TX & WY.","D-1451-2014","Class II","Docusate Calcium Softgel Capsules, 240 mg, OTC, packaged and labeled to contain Docusate Sodium 240mg, Repackaged By: Shamrock Medical Solutions Lewis Center, Ohio, Mfg: Major Pharmaceuticals, Livonia, MI  NDC 00904-5779-60","99/240 mg softgel caps","Labeling: Label Mix up; product labeled to contain Docusate Sodium 240mg instead of Docusate Calcium 240mg","09/27/2011","07/23/2014","07/31/2014","07/30/2014","Lot #: 002H79, Use By: 06/19/2013, NDC: 00904-5779-60"
"Drugs","No","","67689","Terminated","Sagent Pharmaceuticals Inc","1901 N Roselle Rd Ste 700","N/A","Schaumburg","IL","	60195-3194","United States","Voluntary: Firm initiated","Two or more of the following: Email, Fax, Letter, Press Release, Telephone, Visit","Nationwide","D-1615-2014","Class II","Zoledronic Acid Injection 5 mg per 100 mL (0.05 mg/mL), 100 mL single-use bag packaged in a foil overwrap, Rx only, Sterile, For Intravenous Infusion, Mfd. for Sagent Pharmaceuticals Schaumburg, IL ---- NDC 25021-830-82","10,622 bags","Lack of Assurance of Sterility; leaking of premix bags","03/04/2014","09/29/2014","07/07/2016","10/08/2014","NDC 25021-830-82; Lot Numbers and Expiration Dates: Lot 30076, Expires 01/2015; Lot 30077, Expires 01/2015."
"Drugs","No","","67687","Terminated","New England Home Therapies, Inc","337 Turnpike Rd","N/A","Southborough","MA","	01772-1760","United States","Voluntary: Firm initiated","Telephone","US: New England","D-0003-2015","Class II","All sterile drugs compounded between 2/21/14 and 2/24/14.","87 Products","Lack of Assurance of Sterility: All compounded products.","02/26/2014","10/01/2014","08/17/2016","10/08/2014","Expiration dates between 3/5/14 and 3/10/14."
"Drugs","No","","67838","Terminated","Alkermes, Inc.","852 Winter St","N/A","Waltham","MA","	02451-1420","United States","Voluntary: Firm initiated","Letter","Nationwide","D-1556-2014","Class II","VIVITROL (naltrexone for extended-release injectable suspension);  380 mg vial NDC 65757-300-01; RX Only Manufactured and marketed by Alkermes, Inc., Waltham, MA 02451.","4,364 vials","Customer complaints for failure to deliver the dose.","03/04/2014","08/22/2014","12/22/2014","09/03/2014","Batch Number: 412-3732AA; expiration date 07/2016 (NDC# 65757-302-02; Kit Pacaging Lot Number: 2013-021; expiration date 07/2016 (NDC# 65757-300-01."
"Drugs","No","","67882","Terminated","Teva Pharmaceuticals USA","425 Privet Rd","N/A","Horsham","PA","	19044-1220","United States","Voluntary: Firm initiated","Letter","Nationwide","D-1499-2014","Class II","triple therapy, LANSOPRAZOLE DR Capsules USP 30mg, CLARITHROMYCIN Tablets USP 500mg, AMOXICILLIN Capsules USP 500mg, 8 count Blister Pack  Lansoprazole DR Capsules USP &  Clarithromycin Tablets USP, MANUFACTURED Israel for Teva Pharmaceuticals USA, Sellersville, PA 18960, Amoxicillin Capsules USP manufactured in Canada, for  Teva Pharmaceuticals USA, Sellersville, PA 18960. NDC# 0093-8055-78    ","89,215 blister pack","Failed Impurities/Degradation Specifications: This recall is due to out of specification for impurities test results obtained during stability testing for Lansoprazole.        ","04/01/2014","07/31/2014","11/20/2014","08/06/2014","35427772A, 35427773A, 35427774A,  35427916A, 35428048A, 35428051A, Exp. 04/14; 35428127A, 35428218A, Exp. 07/14; 35429573A, 35429574A, 35429575A, Exp. 02/15;  35429697A, Exp. 03/15; 35430184A, Exp. 04/15."
"Drugs","No","","67892","Terminated","United Therapeutics Corp.","55 Tw Alexander Dr","P.O. Box 14186","Research Triangle Park","NC","	27709-0152","United States","Voluntary: Firm initiated","Letter","Fl, TX.","D-1423-2014","Class II","Tyvaso (treprostinil) Inhalation Solution, Treprostinil 1.74 mg/2.9 mL, Four 2.9 mL Ampules, For Oral Inhalation Use Only, Manufactured for United Therapeutics Corporation, Triangle Park, NC 27709  ","188 Units","Defective Delivery System: United Therapeutics is voluntarily recalling a small number of Tyvaso Inhalation Systems with Optineb ON-100/7 and TD-100/A medical devices. These devices may have been programmed with a different software version than intended for the device. If the device has the incorrect software, it may not operate as indicated in the Instructions for Use.","03/28/2014","07/07/2014","10/24/2014","07/16/2014","Lot #s:   TD-100: PCBA Lot 60  TD-100: PCBA Lot 61  TD-100: PCBA Lot 62  TD-100: PCBA Lot 63  Optineb: PCBA Lot 72  Optineb: PCBA Lot 73    SERIAL NUMBERS:    Kit S/N  ML 1897  ML 1898  ML 1894  ML 1895  ML 1896    TD-100 S/N's   23103954 23103976 23104015 23104017 23104006   23104000 23103995  23104018 23104016    Optineb devices shipped to Caremark:  Kit S/N  ML 3660  MP 3662  ML 3665  MP 3667  MP 3668  MP 3676  MP 3683  MP 3690  ML 3691  MP 3692    Optineb S/N's   20900207 20900212 20900219 20900222 20900226  20900209 20900213  20900225 20900227     20900241 20900310 20900295 20900293 20900291                      20900240 20900308 20900294 20900292 20900290    Kit S/N 3697  MP 3698  ML 3699  MP 3700  MP 3708  MP  Optineb S/N's     20900262 20900283 20900285 20900265 20900253   20900264 20900284 20900286 20900268 20900315    NPR   Device Not Part of Recall  MP=Mount Prospect; ML-Monroeville    TD-100 devices shipped to Accredo:  Kit S/N   1879 1880 1881 1882 1883 1884 1885 1886 1887  TD-100 S/N's     23103982 23103985 23103988 23103990 23103992  23103984 23103986 23103989 23103991 23103993     23103959 23103961 23103963 23103994                      23103958 23103960 23103962 23103972    Kit S/N                       1888 1889 1890 1891 1892 1893 1899 1900 1901  TD-100 S/N's   23103970 23103997 23103996 23104022 23104019  23103975 23103998 23103999 23104024 23104020     23104014 23103981 23103980 23103974                      23104013 23103978 23103973 23103964    Kit S/N   1902 1903 1904 1905 1906 1907 1908 1909 1910  TD-100 S/N's     23103966 23103968 23103956 23103952 23103950  23103967 23103977 23103957 23103955 23103951     23103948 23103945 23103941                       23103943 23103942 23103940 23103944    Kit S/N   1911 1912 1913 1914 1916 1917 1918 1919 1921  TD-100 S/N's   23103947 23103949 23103939 23103946 23104001   23103965 23103969  23104002     23104005                       23104003 23104011 23104007 23104008    TD-100 devices shipped to Accredo (continued):    Kit S/N   1922 1923 1933 1934  TD-100 S/N's   23104012 23104009 23103937 23103938   23104025 23104010     Kit S/N   1935 1939 2175 2176 2178 2212 2227 2228  TD-100 S/N's   23104030 23104027 23101851 23103987 23103971   23104028   23103700     23103608 23103979 23103334                      23103439 23101566 23103672    Kit S/N   2229 2311 2364 2481 2491  TD-100 S/N's   23103686 23103684 23104026 23104029 23104004           Optineb devices shipped to Accredo:  Kit S/N   3658 3659 3661 3669 3670 3672 3674 3675 3680  Optineb S/N's   20900203 20900205 20900210 20900228 20900230  20900204 20900206 20900211 20900229 20900231 20900235 20900223 20900239 20900252                      20900236 20900202 20900224 20900250    Kit S/N   3681 3682 3687 3694 3696 3702 3703 3704  Optineb S/N's   20900249 20900311 20900298 20900256 20900260  20900254 20900312 20900300 20900257 20900261 20900273 20900275 20900277                      20900272 20900274 20900276      Optineb devices shipped to Curascript:  Kit S/N 3657 3666 3671 3673 3677 3679 3685 3686 3689  Optineb S/N's   20900200 20900220 20900232 20900237 20900242  20900201 20900221 20900234 20900238 20900243 20900247 20900305 20900302 20900297                      20900246 20900304 20900301 20900296    Kit S/N 3693 3701 3706 3709  Optineb S/N's   20900255 20900269 20900281 20900313   20900282 20900270 20900287 20900314"
"Drugs","No","","67894","Terminated","Hi-Tech Pharmacal Co., Inc.","369 Bayview Ave","N/A","Amityville","NY","	11701-2801","United States","Voluntary: Firm initiated","Letter","nationwide","D-0048-2015","Class II","HydrOXYzine Hydrochloride Oral Solution, USP, 10 mg / 5mL, Net Wt 16 fl oz (473 mL), NDC 50383-796-16, Rx Only, Manufactured by: Hi-Tech Pharmacal Co., Inc. Amityville, NY 11701, ALSO LABELED AS HydrOXYzine HCl Oral Solution, USP, 10 mg / 5 mL, Net Wt 16 fl oz (473 mL), NDC 10702-052-16, Rx Only, Manufactured for: KVK-TECH, INC. NEWTOWN, PA 18940, MADE IN USA, Manufactured by: Hi-Tech Pharmacal Co., Inc. Amityville, NY 11701.","451,916 bottles","Failed Impurity/Degradation Specification; out-of-specification result for one individual unknown impurity at the 24-month room temperature stability test station.","04/01/2014","10/27/2014","09/21/2016","11/05/2014","Batch 609442 (exp. 4/2014), 609445 (exp. 4/2014), Batch 609919 (exp. 4/2014), Batch 609964 (exp. 5/2014), Batch 609966 (exp. 5/2014), Batch 610204 (exp. 5/2014), Batch 610406 (exp. 5/2014), Batch 610572 (exp. 6/2014), Batch 610575 (exp. 6/2014), Batch 610677 (exp. 6/2014), Batch 610808 (exp. 6/2014), Batch 611110 (exp. 7/2014), Batch 611201 (exp. 8/2014), Batch 611530 (exp. 8/2014), Batch 611645 (exp.9/2014), Batch 611891 (exp. 9/2014), Batch 611993 (exp. 10/2014), Batch 612328 (exp. 11/2014), Batch 612331 (exp. 11/2014), Batch No. 613050 (exp. 12/2014), Batch 613053 (exp. 12/2014), Batch 613172 (exp. 12/2014), Batch 613175 (exp. 12/2014), Batch 613738 (exp. 1/2015), Batch 613741 (exp. 1/2015), Batch 613744 (exp. 1/2015). Batch 613747 (exp. 1/2015), Batch 613852 (exp. 1/2015), Batch 613855 (exp. 2/2015), Batch 614448 (exp. 2/2015), Batch 614451 (exp. 3/2015), Batch 614914 (exp. 3/2015, Batch 614917 (exp. 3/2015), Batch 615331 (exp. 4/2015), Batch 615334 (exp. 4/2015), Batch 615797 (exp. 5/2015), Batch 615800 (exp. 5/2015), Batch 615947 (exp. 6/2015), Batch 615950 (exp. 6/2015), Batch 616356 (exp. 7/2015), Batch 616359 (exp. 7/2015), Batch 616362 (exp. 7/2015), Batch 616365 (exp. 7/2015), Batch 617066 (exp. 8/2015), Batch 617069 (exp. 8/2015), Batch 617432 (exp. 9/2015), Batch 617435 (exp. 9/2015), Batch 617951 (exp. 10/2015), Batch 617954 (exp. 11/2015), Batch 617957 (exp. 12/2015), Batch 617960 (exp. 12/2015), Batch 618918 (exp. 12/2015), Batch 618920 (exp. 12/2015), Batch 619173 (exp. 1/2016), Batch 619176 (exp. 1/2016), Batch 619543 (exp. 2/2016), Batch 619546 (exp. 2/2016), Batch 620099 (exp. 2/2016), Batch 620102 (exp. 2/2016), Batch 620338 (exp. 2/2016), and Batch 620341 (exp. 2/2016)."
"Drugs","No","","67904","Terminated","Unique Pharmaceutical, Ltd","5920 S General Bruce Dr","Ste 100","Temple","TX","	76502-5803","United States","Voluntary: Firm initiated","Letter","TN, PA, and TX","D-1587-2014","Class II","NORepinephrine 4 mg in 250 mL Sodium Chloride0.9%, For IV Use Only, Flexible Bag, Rx only, UNIQUE PHARMACEUTICALS, Inc.Temple, TX USA 76502","430 Bags","Lack of Assurance of Sterility: A mold like substance was discovered on the surface of an unopened bag of Sodium Chloride 0.9% while prepping the bag for production.","04/17/2013","09/16/2014","01/26/2016","09/24/2014","Lot # 00083844 Exp. 07/13"
"Drugs","No","","67247","Terminated","Dermamedics, L.L.C.","755 Research Pkwy Ste 150","N/A","Oklahoma City","OK","	73104-3621","United States","Voluntary: Firm initiated","Letter","Nationwide","D-1491-2014","Class II","Dermamedics Calm and Correct Serum, 2 oz. containers with a SKU number of BB10062 and 4 oz. containers with a SKU number of BB10068.","N/A","Marketed without an Approved NDA/ANDA: FDA has determined that the products are unapproved new drugs and misbranded.   ","01/10/2014","07/29/2014","03/14/2017","08/06/2014","all lot codes"
"Drugs","No","","67247","Terminated","Dermamedics, L.L.C.","755 Research Pkwy Ste 150","N/A","Oklahoma City","OK","	73104-3621","United States","Voluntary: Firm initiated","Letter","Nationwide","D-1492-2014","Class II","Dermamedics Post Procedure Cream 1 oz. containers in the Dermamedics Post-Laser Treatment System with a SKU number of DM 1019","N/A","Marketed without an Approved NDA/ANDA: FDA has determined that the products are unapproved new drugs and misbranded.   ","01/10/2014","07/29/2014","03/14/2017","08/06/2014","all lot codes"
"Drugs","No","","67247","Terminated","Dermamedics, L.L.C.","755 Research Pkwy Ste 150","N/A","Oklahoma City","OK","	73104-3621","United States","Voluntary: Firm initiated","Letter","Nationwide","D-1493-2014","Class II","Dermamedics Calm and Correct Cream 2 oz. containers in the Dermamedics Post Medical Procedure Kit with a SKU number of SK1005","N/A","Marketed without an Approved NDA/ANDA: FDA has determined that the products are unapproved new drugs and misbranded.   ","01/10/2014","07/29/2014","03/14/2017","08/06/2014","all lot codes"
"Drugs","No","","67247","Terminated","Dermamedics, L.L.C.","755 Research Pkwy Ste 150","N/A","Oklahoma City","OK","	73104-3621","United States","Voluntary: Firm initiated","Letter","Nationwide","D-1494-2014","Class II","Dermamedics Complexion Repair Topical Rehydrating Emulsion in 50 ml and 30 ml containers in the Dermamedics Complexion Repair Acne Treatment System Kit with SKU numbers of DM 1013 and DM 1025, respectively; Therametics Complexion Repair Topical Rehydrating Emulsion which was distributed in 50 ml containers with a SKU number of CR002 and in 50 ml containers in the Therametics Complexion Repair Acne Treatment System Kit with a SKU number of CR1005; and in 30 ml containers in the Therametics Complexion Repair Acne Travel Kit with a SKU number of CR1007.","N/A","Marketed without an Approved NDA/ANDA: FDA has determined that the products are unapproved new drugs and misbranded.   ","01/10/2014","07/29/2014","03/14/2017","08/06/2014","all lot codes 30 ml and 50 ml"
"Drugs","No","","67247","Terminated","Dermamedics, L.L.C.","755 Research Pkwy Ste 150","N/A","Oklahoma City","OK","	73104-3621","United States","Voluntary: Firm initiated","Letter","Nationwide","D-1495-2014","Class II","Therametics Complexion Repair Topical Rehydrating Emulsion in 50 ml and 30 ml containers in the Complexion Repair Acne Treatment System Kit and the Complexion Repair Acne Travel Kit with SKU numbers of CR1005 and CR1007, respectively.","N/A","Marketed without an Approved NDA/ANDA: FDA has determined that the products are unapproved new drugs and misbranded.   ","01/10/2014","07/29/2014","03/14/2017","08/06/2014","all lot codes 30 ml and 50 ml"
"Drugs","No","","68019","Terminated","Fresenius Kabi USA LLC","2020 N Ruby St","N/A","Melrose Park","IL","	60160-1112","United States","Voluntary: Firm initiated","Letter","Nationwide and Puerto Rico","D-0247-2015","Class III","HALOPERIDOL DECANOATE INJECTION, 50 mg/mL, 1 mL vial, Rx only, Fresenius Kabi USA, LLC, Schaumburg, IL 60173 NDC  63323-469-01","216,517 vials","Failed Impurities/Degradation Specifications: Fresenius Kabi is recalling three lots of Haloperidol Decanoate Injection due to an out-of-specification result.","04/14/2014","11/13/2014","03/08/2016","11/19/2014","Lot  6105149, Exp.05/14; 6105696, Exp. 07/14; 6105836, Exp. 08/14; Lot 6106516, Exp. 12/14; Lot 6106837, Exp. 02/15"
"Drugs","No","","68152","Terminated","Fresenius Kabi USA, LLC","2045 Cornell Ave","N/A","Melrose Park","IL","	60160-1002","United States","Voluntary: Firm initiated","Letter","Nationwide and Puerto Rico","D-1428-2014","Class II","Fosphenytoin Sodium Injection, USP, 100 mg PE/2 mL (50 mg PE/mL) (PE= phenytoin sodium equivalents)  2 mL Single Use Vial, Rx only, Manufactured for APP Fresenius Kabi USA, LLC Lake Zurich, IL 60047, NDC 63323-403-02  ","2,070,500 vials","Presence of Particular Matter: Potential glass delamination and consistent with glass particulates observed in sample vials.","05/02/2014","07/09/2014","05/24/2016","07/16/2014","Lot #  6003850; 04/14  6003926; 05/14  6004052; 05/14  6004053; 05/14  6004093; 06/14  6004094; 06/14  6004199; 07/14  6004200; 07/14  6004509; 08/14  6004510; 08/14  6004661; 09/14  6005157; 11/14  6005158; 11/14  6005197; 11/14  6005198; 11/14  6005446; 01/15  6005447; 01/15  6005702; 03/15  6005703; 03/15  6005790; 03/15  6005791; 03/15  6006005; 05/15  6006006; 05/15  6006091; 05/15  6006211; 06/15  6006212; 06/15  6006396; 07/15  6006397; 07/15"
"Drugs","No","","68152","Terminated","Fresenius Kabi USA, LLC","2045 Cornell Ave","N/A","Melrose Park","IL","	60160-1002","United States","Voluntary: Firm initiated","Letter","Nationwide and Puerto Rico","D-1429-2014","Class II","Fosphenytoin Sodium Injection, USP, 500 mg PE/10 mL (50 mg PE/mL), (PE= phenytoin sodium equivalents) 10 mL Single Use Vial, Rx only, Manufactured for APP Fresenius Kabi USA, LLC Lake Zurich, IL 60047, NDC 63323-403-10    ","728,880 vials","Presence of Particular Matter: Potential glass delamination and consistent with glass particulates observed in sample vials.","05/02/2014","07/09/2014","05/24/2016","07/16/2014","Lot #  6003854; 04/14  6003855; 04/14  6004011; 05/14  6003961; 05/14  6004091; 06/14  6004092; 06/14  6004553; 08/14  6004554; 08/14  6004588; 09/14  6004589; 09/14  6005201; 12/14  6005202; 12/14  6005293; 12/14  6005294; 12/14  6005545; 02/15  6005546; 02/15  6005831; 03/15  6005832; 03/15  6005973; 04/15  6005974; 04/15  6006035; 05/15  6006036; 05/15  6006037; 05/15  6006174; 05/15  6006175; 05/15  6006176; 06/15  6006449; 07/15  6006450; 07/15  6006451; 07/15  6007168; 11/15"
"Drugs","No","","68171","Terminated","Baxter Healthcare Corp.","1 Baxter Pkwy","N/A","Deerfield","IL","	60015-4625","United States","Voluntary: Firm initiated","Letter","Nationwide","D-0293-2015","Class II","Famotidine Injection 20 mg, Rx Only, GALAXY Single Dose Container, Code 2G3424, Sterile Nonpyrogenic, 50 mL Iso-osmotic,  Baxter Healthcare Corporation, Deerfield, IL 60015, USA, NDC 0338-5197-41.    ","19,152 Containers","Presence of Particulate Matter: Baxter Healthcare Corporation has received a complaint reporting the presence of particulate matter identified as plastic/rubber in famotidine Injection premixed containers.","04/24/2014","12/10/2014","06/16/2015","12/17/2014","Lot #: NC082768, Exp 12/23/2014"
"Drugs","No","","68191","Terminated","Pharmakon Pharmaceuticals","14450 Getz Rd","N/A","Noblesville","IN","	46060-3303","United States","Voluntary: Firm initiated","Telephone","United States: TX, IL, MD, IN","D-1567-2014","Class II","Glycopyrrolate 0.2 mg/ml, 5 mL pre-filled syringe, Rx Only.  Pharmakon Pharmaceuticals, Inc., 14450 Getz Rd., Noblesville, IN 46060,  NDC#: 45183-0965-70.","200 Syringes","Incorrect/ Undeclared Excipient: Contains undeclared benzyl alcohol.","04/21/2014","08/26/2014","12/03/2014","09/03/2014","Lot #: E131210.212 Exp: 07/14/2014"
"Drugs","No","","68296","Terminated","Hospira Inc.","275 N Field Dr","N/A","Lake Forest","IL","	60045-2579","United States","Voluntary: Firm initiated","Press Release","Nationwide","D-1424-2014","Class II","Labetalol Hydrochloride Injection, USP, 100 mg/20 mL (5 mg/mL), 20 mL Multidose Vial, packaged 50/20 mL glass vials/carton, Hospira, Inc., Lake Forest, IL 60045 --- NDC 0409-2267-20","45,448 vials","Presence of Particulate Matter; metal embedded in the glass vial and visible particles floating in the solution","05/16/2014","07/08/2014","03/16/2017","07/16/2014","Lot 36225DD, exp 12/01/2015"
"Drugs","No","","68304","Terminated","Healix Infusion Therapy, Inc.","1075 W Park One Dr","N/A","Sugar Land","TX","	77478-2576","United States","Voluntary: Firm initiated","Letter","Texas","D-1422-2014","Class II","BUPivacaine HCl 0.25% Preservative Free (2.5 mg/mL) 500 mL in On-Q C-bloc (2-14 mL/hr) bag, Healix Infusion Therapy, Inc., 1075 West Park One Drive, Suite 200, Sugar Land, Texas  77478, NDC 75901-7210-53.","10 bags","Presence of Particulate Matter:  The bupivacaine HCl injection used to compound this lot of BUPivacaine HCl 0.25% Preservative Free 500 mL in On-Q C-bloc was recalled by the supplier due to a customer complaint of visible particles embedded in the glass vial.","02/13/2014","07/07/2014","02/16/2016","07/16/2014","Lot #: 6156-0, Exp 03/07/14"
"Drugs","No","","68336","Terminated","US Compounding Inc","1270 Don's Lane","N/A","Conway","AR","	72032","United States","Voluntary: Firm initiated","Telephone","Nationwide","D-1548-2014","Class II","ePHEDrine Sulfate Injection, USP 25 mg/5 mL (5 mg/mL)  Single Use 5 mL Syringe, For IV, IM, or SC injection, Preservative Free, For Office/Hospital Use Only, Protect from Light,  62295-3084-05, US Compounding Pharmacy, Conway, AR 800-718-3588","762 Syringes","Labeling: Label Error on Declared Strength; The outer light protective bags, where the ephedrine sulfate injection syringes are stored, were mislabeled with 25 mg/mL in big font and 5 mg/mL in small font, however, the actual syringes were correctly labeled as 25 mg/5 mL.","05/16/2014","08/20/2014","11/04/2014","08/27/2014","Lot# 20142104@30  USE BY: 10/18/2014"
"Drugs","No","","68375","Terminated","Aidarex Pharmaceuticals LLC","595 N Smith Ave Ste B","N/A","Corona","CA","	92880-6920","United States","Voluntary: Firm initiated","Letter","Nationwide in US: FL, SC, WA, WV, IN, AL, VA, MS","D-0042-2015","Class II","Ciprofloxacin 500 mg tablets, 20 count bottle, Rx only, Packaged by Aidarex Pharmacecuticals LLC, MFG: Unique Pharmaceutical Laboratories, Mumbai, India","531 bottles","Presence of Foreign Tablets/Capsules: Tramodol 50 mg tablet has been found in a bottle of Ciprofloxacin 500 mg","05/22/2014","10/23/2014","11/06/2014","10/29/2014","Lot 39661-3 Exp. 07/15"
"Drugs","No","","68389","Terminated","Boehringer Ingelheim Roxane Inc","1809 Wilson Rd","N/A","Columbus","OH","	43228-9579","United States","Voluntary: Firm initiated","N/A","Nationwide","D-1427-2014","Class II","Calcitriol Oral Solution 1 mcg/mL, 15mL bottle, Rx only, Roxane Laboratories, Inc., Columbus, Ohio 43216, NDC 0054-3120-41.","5364 bottles","Failed Impurity/Degradation Specification; out of specification for trans-calcitriol degradant at the 9 month stability time point","05/01/2014","07/09/2014","04/01/2015","07/16/2014","Lot # 360122A, EXP Date: MAY 2015"
"Drugs","No","","67135","Terminated","Abrams Royal Pharamacy","8220 Abrams Rd","N/A","Dallas","TX","	75231-1402","United States","Voluntary: Firm initiated","Letter","Nationwide and to Canada","D-1564-2014","Class II","All Unexpired Sterile Drug Products, compounded by Abrams Royal Pharmacy Inc., Dallas, TX","N/A","Lack of Assurance of Sterility","12/19/2013","08/25/2014","10/07/2016","09/03/2014","All unexpired lots of sterile drug products"
"Drugs","No","","68441","Terminated","Teva Pharmaceuticals USA","1090 Horsham Rd","N/A","North Wales","PA","	19454-1505","United States","Voluntary: Firm initiated","Letter","Nationwide and Guam, Puerto Rico, American Samoa, Virgin Islands","D-1430-2014","Class II","Fluvastatin Capsules USP, 20 mg, Rx Only, 30-count bottle, manufactured for Teva Pharmaceuticals, Sellersville, PA, by Teva Pharmaceutical IND LTD, Jerusalem, Israel, NDC 0093-7442-56","8,472 Bottles","Failed Tablet/Capsule Specifications: Teva Pharmaceuticals USA, Inc. is voluntarily recalling one lot of Fluvastatin Capsules USP, 20 mg due to a customer complaint trend regarding capsule breakage.","05/29/2014","07/10/2014","03/09/2015","07/16/2014","Lot #: F47008, Exp. 7/2015"
"Drugs","No","","68449","Terminated","Estee Lauder Inc","767 5th Ave Fl 47th","N/A","New York","NY","	10153-0023","United States","Voluntary: Firm initiated","E-Mail","Nationwide","D-1452-2014","Class III","DENBLAN Anticavity Fluoride Toothpaste, Whitening formula, sodium monofluorophosphate 0.76%, 2.6 oz/75 mL tube, Laboratories Darphin, Dist, Paris France","3,791 tubes","Stability Data Does Not Support Expiry","06/06/2014","07/24/2014","11/19/2015","07/30/2014","All lot codes and shipment dates are being recalled. 2.6oz/75ml. in a light green carton, UPC: 8-82381-07901-7 Code: D079-01-1000"
"Drugs","No","","68481","Terminated","Axcentria Pharmaceuticals, LLC","306 Keystone Dr","Unit B","Telford","PA","	18969","United States","Voluntary: Firm initiated","Letter","Nationwide","D-1434-2014","Class II","Hemo-Stat Solution, Aluminum chloride 25%, in 37.2 g glass bottles, distributed by Benco Dental, Pittston, PA; Also distributed by Henry Shein, Melville, NY; and Hemoban distributed by iSmile Dental Products, Sacramento, CA  ","20,369 bottles","Marketed without an Approved NDA/ANDA; product is being manufactured and distributed without a NDC number","05/05/2014","07/15/2014","11/28/2016","07/23/2014","G12069 July 2014  H12087 August 2014  H12089 August 2014  L12161 December 2014  D13076 April 2015  G13120 July 2015  I13145 September 2015  J13165 October 2015  J13166 October 2015"
"Drugs","No","","68497","Ongoing","Franck's Lab Inc dba Trinity Care Solutions","202 SW 17th St Suite C","N/A","Ocala","FL","	34471-8138","United States","Voluntary: Firm initiated","Two or more of the following: Email, Fax, Letter, Press Release, Telephone, Visit","Florida","D-1453-2014","Class II","Levofloxacin 750 mg/250 mL D5W, Trinity Care Solutions, 202-C SW 17th Street, Ocala, FL 34471-5138, For Parenteral Use Only, Rx #29184, Discard After 05/28/14","7 units","Lack of Assurance of Sterility; All lots of sterile products compounded by the pharmacy within expiry are subject to this recall. This recall is initiated due to concerns associated with quality control procedures observed during a recent FDA inspection.","05/15/2014","07/24/2014","N/A","07/30/2014","Rx 29184 Exp 5/28/14"
"Drugs","No","","68502","Terminated","West-Ward Pharmaceutical Corp.","465 Industrial Way W","N/A","Eatontown","NJ","	07724-2209","United States","Voluntary: Firm initiated","Letter","Nationwide","D-1414-2014","Class II","Isoniazid Tablets, USP, 300 mg, Rx only, packaged in a) 100-count bottles, NDC 0143-1261-01, b) 1000-count bottles, NDC 0143-1261-10, Manufactured by: West-ward Pharmaceutical Corp., Eatontown, NJ  07724; c) 30-count bottles, NDC 61748-013-30, d) 100-count bottles, NDC 61748-013-01, e) 1000-count bottles, NDC 61748-013-10, Mfd. for: VersaPharm Incorporated, Marietta, GA  30062; Mfd. by: West-ward Pharmaceutical Corp., Eatontown, NJ  07724.","a) 17,347 bottles, b) 3,015 bottles, c) 1,334 bottles, d) 5,651 bottles, e) 210 bottles","Failed Dissolution Specifications: Stability lots cannot support dissolution past the 36 month time point.","05/20/2014","07/01/2014","05/22/2015","07/09/2014","Lot #: a) 67839A, 67839D, Exp 05/14; 67936A, Exp 02/15; b) 67839B, 67840C, Exp 05/14; 67936B, Exp 02/15; c) 67840A, Exp 05/14; d) 67840B, Exp 05/14; e) 67839C, Exp 05/14"
"Drugs","No","","68522","Terminated","Teva Pharmaceuticals USA","1090 Horsham Rd","N/A","North Wales","PA","	19454-1505","United States","Voluntary: Firm initiated","Letter","Nationwide","D-1538-2014","Class II","Carbidopa and Levodopa Tablets USP, 25mg/100mg, 1000 count bottle, Rx only,  Manufactured in Israel by Teva Pharmaceutical IND, LTD., Jeruselem, Israel, for Teva Pharmaceuticals USA, Sellersville, PA,  NDC 0093-0293-10","3881bottles","Failed Tablet/Capsule Specifications: Teva is recalling one lot of Carbidopa and Levodopa Tablets USP, 25mg/100mg due to the potential for superpotent tablets.","06/05/2014","08/13/2014","12/16/2014","08/20/2014","lot 29C220, Exp. 11/15"
"Drugs","No","","68566","Terminated","CareFusion 213, LLC","1550 Northwestern Drive","N/A","El Paso","TX","	79912-8000","United States","Voluntary: Firm initiated","Letter","Nationwide in U.S.","D-1442-2014","Class II","ChloraPrep With Tint,  2% w/v chlorhexidine gluconate (CHG) and 70% v/v isopropyl alcohol (IPA), 26 mL APPLICATOR, Hi-Lite Orange. Rx Only.  CareFusion, El Paso, TX 79912.  NDC: 054365-400-13.","23,000 Applicators","Lack of Assurance of Sterility; Immediate product pouches may not be properly sealed.","06/13/2013","07/17/2014","04/22/2015","07/23/2014","Lot #: 71132, Expiry: 02/2017"
"Drugs","No","","68577","Terminated","Baxter Healthcare Corp.","1 Baxter Pkwy","N/A","Deerfield","IL","	60015-4625","United States","Voluntary: Firm initiated","Letter","Nationwide","D-1413-2014","Class II","Brevibloc Premixed Injection, Esmolol Hydrochloride in Sodium Chloride, 2,500 mg/250 mL (10 mg/mL), 250 mL Single Use IntraVia container, packaged in 10 x 250 mL Single Use IntraVia containers per carton, Rx only, Baxter Healthcare Corporation, Deerfield, IL 60015 USA, Product Code 2J1415, NDC 10019-055-61.","20,810 containers","Presence of Particulate Matter: Complaints received of discolored solution identified as subvisible particles of iron oxide that are agglomerating.","06/16/2014","07/01/2014","04/10/2017","07/09/2014","Lot #: C926923, Exp 01/16"
"Drugs","No","","68572","Terminated","Valeant Pharmaceuticals North America LLC","400 Somerset Corporate Blvd","N/A","Bridgewater","NJ","	08807","United States","Voluntary: Firm initiated","Letter","Nationwide","D-0018-2015","Class III","Vaseretic (enalapril maleate/hydrochlorothiazide) 10/25 mg Tablets, NDC 0187-0146-01, 100 ct. bottles  manufactured at Valeant Pharmaceuticals International, Inc., Steinbach, MD R5G 1Z7 Canada","205,853 bottles","Labeling: Incorrect or Missing Package Insert: Product is packaged with the incorrect version of the package outset","05/21/2014","10/10/2014","08/04/2015","10/22/2014","VASERETIC 10-25MG TAB 100CT  Lot # 12J022P  exp. 9/30/2014  VASERETIC 10-25MG TAB 100CT Lot # 13G047P   exp. 07/31/2015"
"Drugs","No","","68610","Terminated","Teva Pharmaceuticals USA","1090 Horsham Rd","N/A","North Wales","PA","	19454-1505","United States","Voluntary: Firm initiated","Letter","Nationwide","D-1436-2014","Class III","Apri (desogestrel and ethinyl estradiol tablets USP), 0.15 mg/0.03 mg,  6 Cyclic dispensers X 28 tablets, Rx only, Teva Pharmaceuticals, Sellersville, PA. NDC 0555-9043-58     ","1104 blister packs","Failed Impurities/Degradation Specifications: out of specification impurity test results.","06/17/2014","07/17/2014","03/09/2015","07/23/2014","Lot 3805324A  Exp. 11/14"
"Drugs","No","","68616","Terminated","Brookfield Prescription Center Inc. dba MD Custom Rx","19035 W. Capitol Dr","Suite 105","Brookfield","WI","	53045","United States","Voluntary: Firm initiated","Telephone","WI only","D-1416-2014","Class II","Mometasone 0.6 mg /60 mL Irrigation solution, 4000 mL bottle, Rx only, MD Custom Rx, 19035 W. Capitol Dr., Ste. 105, Brookfield, WI  53045","6000 mL","Incorrect/Undeclared Excipients: Specific drug products were compounded with an incorrect solvent.","05/30/2014","07/03/2014","05/22/2015","07/09/2014","Lot # / Beyond Use Date:  04282014@11 / BUD 05/28/14; 04212014@4 / BUD 05/21/2014"
"Drugs","No","","68572","Terminated","Valeant Pharmaceuticals North America LLC","400 Somerset Corporate Blvd","N/A","Bridgewater","NJ","	08807","United States","Voluntary: Firm initiated","Letter","Nationwide","D-0019-2015","Class III","Vasotec (enalapril maleate) tablets, RX only, Manufactured by Valeant Pharmaceuticals International, Inc., Steinbach, MD R5G 1Z7 Canada    2.5 mg  90 ct -  NDC 0187-0140-90    5 mg 30 ct - NDC  0187-0141-30    5 mg 90 ct - NDC 0187-0141-90    10 mg 30 ct - NDC 0187-0142-30    10 mg 90 ct - NDC 0187-0142-90    10 mg  1000 ct - NDC 0187-0142-10      20 mg 30 ct - NDC 0187-0143-30    20 mg 90 ct - NDC 0187-0143-90     20 mg 1000 ct - NDC 0187-0143-10          NDC #'s 64455-140, 64455-141, 64455-142 and 64455-143, 30 ct. bottles, 90 ct. bottles and 1000 ct. bottles    ","205,853 bottles","Labeling: Incorrect or Missing Package Insert: Product is packaged with the incorrect version of the package insert.","05/21/2014","10/10/2014","08/04/2015","10/22/2014","VASOTEC 2.5MG TAB 30CT  12K015P  exp.  9/30/2014      VASOTEC 2.5MG TAB 30CT  13G048P   exp.  07/31/2015    VASOTEC 2.5MG TAB 30CT  14A065P   exp. 07/31/2015    VASOTEC 2.5MG TAB 90CT  13G020P   exp. 07/31/2015      VASOTEC 2.5MG TAB 90CT   12K020P  exp.  9/30/2014      VASOTEC 2.5MG TAB 90CT  13B016P   exp. 9/30/2014      VASOTEC 5MG TAB 30CT   13B022P   exp. 2/28/2015    VASOTEC 5MG TAB 30CT 13B023P   exp. 2/28/2015    VASOTEC 5MG TAB 30CT  13C015P   exp. 02/28/2015    VASOTEC 5MG TAB 30CT  13E002P   exp. 02/28/2015    VASOTEC 5MG TAB 30CT 14A002P   exp.    11/30/2015    VASOTEC 5MG TAB 30CT  13L066P   exp. 11/30/2015    VASOTEC 5MG TAB 90CT   13B018P   exp. 2/28/2015      VASOTEC 5MG TAB 90CT  13G015P   exp. 06/30/2015      VASOTEC 10MG TAB 90CT   12M017P   exp. 11/30/2014    VASOTEC 10MG TAB 1000CT   12L105P   exp. 11/30/2014      VASOTEC 10MG TAB 30CT   12M016P   exp. 11/30/2014      VASOTEC 10MG TAB 30CT  13G013P   exp. 06/30/2015    VASOTEC 10MG TAB 30CT  13J081P  exp. 9/30/2015    VASOTEC 10MG TAB 90CT 12M025P   exp. 11/30/2014    VASOTEC 10MG TAB 90CT  13J082P   exp. 0/2015    VASOTEC 10MG TAB 90CT  13J085P   exp. 0/2015    VASOTEC 10MG TAB 90CT  13J094P   exp. 09/30/2015    VASOTEC 10MG TAB 1000CT  13J098P   exp. 09/30/2015    VASOTEC 10MG TAB 1000CT  13G011P   exp. 06/30/2015    VASOTEC 10MG TAB 1000CT  13J097P   exp. 09/30/2015    VASOTEC 20MG TAB 30CT   12J017P   exp. 5/31/2014    VASOTEC 20MG TAB 30CT   13C016P   exp. 2/28/2015    VASOTEC 20MG TAB 30CT  13E003P   exp. 02/28/2015    VASOTEC 20MG TAB 30CT  13L068P   exp. 09/30/2015    VASOTEC 20MG TAB 90CT  13J086P   exp. 09/30/2015    VASOTEC 20MG TAB 90CT  13J087P   exp. 09/30/2015      VASOTEC 20MG TAB 90CT   12M029P   exp. 11/30/2014    VASOTEC 20MG TAB 90CT   12M030P   exp. 11/30/2014    VASOTEC 20MG TAB 1000CT   12J023P   exp. 5/31/2014    VASOTEC 20MG TAB 1000CT  12L108P   exp. 11/30/2014    VASOTEC 20MG TAB 1000CT  13C088P   exp. 02/28/2015    VASOTEC 20MG TAB 1000CT  13J099P   exp. 09/30/2015    VASOTEC 20MG TAB 1000CT  13M054P   exp. 09/30/2015    VASOTEC 20MG TAB 1000CT  13M055P   exp. 12/31/2015    VASOTEC 20MG TAB 1000CT  14B054P   exp. 12/31/2015"
"Drugs","No","","68626","Terminated","Medical Supply Liquidators Llc","10500 Hickman Rd Ste F","N/A","Clive","IA","	50325-3706","United States","Voluntary: Firm initiated","E-Mail","Nationwide and Foriegn distribution was made to Canada, United Kingdom, Australia, Slovenia, Germany, Spain, Finland and Croatia.","D-1519-2014","Class II","Vitamin B12 Methylcobalamin with MIC Injection USP 1000 mcg/ml, Sterile, 10 ml vial and 30 ml vial. For IM or Deep SQ Use, Multiple Dose Vial.  Manufactured by: CB Inc. for Sunshine Labs, www.sunshinelabs.us","N/A","Marketed without an Approved NDA/ANDA; IM and SQ injectable products are being recalled because the manufacturing firm is not registered with the FDA as a drug manufacturer","06/25/2014","08/06/2014","03/14/2017","08/13/2014","All lot numbers and exp dates"
"Drugs","No","","68626","Terminated","Medical Supply Liquidators Llc","10500 Hickman Rd Ste F","N/A","Clive","IA","	50325-3706","United States","Voluntary: Firm initiated","E-Mail","Nationwide and Foriegn distribution was made to Canada, United Kingdom, Australia, Slovenia, Germany, Spain, Finland and Croatia.","D-1520-1014","Class II","Vitamin B12 Methylcobalamin Injection USP 1000 mcg/ml, Sterile, 10 ml vial and 30 ml vial. For IM or Deep SQ Use, Multiple Dose Vial, Manufactured by: CB Inc. for Sunshine Labs, www.sunshinelabs.us","N/A","Marketed without an Approved NDA/ANDA; IM and SQ injectable products are being recalled because the manufacturing firm is not registered with the FDA as a drug manufacturer","06/25/2014","08/06/2014","03/14/2017","08/13/2014","All lot numbers and exp dates"
"Drugs","No","","68626","Terminated","Medical Supply Liquidators Llc","10500 Hickman Rd Ste F","N/A","Clive","IA","	50325-3706","United States","Voluntary: Firm initiated","E-Mail","Nationwide and Foriegn distribution was made to Canada, United Kingdom, Australia, Slovenia, Germany, Spain, Finland and Croatia.","D-1521-2014","Class II","BCAA 4% Branched Chain Amino Acid Injection USP, Sterile, 30 ml vial, For IM or Deep SQ Use, Multiple Dose Vial, Manufactured by: CB Inc. for Sunshine Labs, www.sunshinelabs.us","N/A","Marketed without an Approved NDA/ANDA; IM and SQ injectable products are being recalled because the manufacturing firm is not registered with the FDA as a drug manufacturer","06/25/2014","08/06/2014","03/14/2017","08/13/2014","All lot numbers and exp dates"
"Drugs","No","","68626","Terminated","Medical Supply Liquidators Llc","10500 Hickman Rd Ste F","N/A","Clive","IA","	50325-3706","United States","Voluntary: Firm initiated","E-Mail","Nationwide and Foriegn distribution was made to Canada, United Kingdom, Australia, Slovenia, Germany, Spain, Finland and Croatia.","D-1522-2014","Class II","Vitamin B12 Cyanocobalamin Injection USP 1000 mcg/ml, Sterile, 10 ml vial and 30 ml vial, For IM or Deep SQ Use, Multiple Dose Vial, Manufactured by: CB Inc. for Sunshine Labs, www.sunshinelabs.us","N/A","Marketed without an Approved NDA/ANDA; IM and SQ injectable products are being recalled because the manufacturing firm is not registered with the FDA as a drug manufacturer","06/25/2014","08/06/2014","03/14/2017","08/13/2014","All lot numbers and exp dates"
"Drugs","No","","68626","Terminated","Medical Supply Liquidators Llc","10500 Hickman Rd Ste F","N/A","Clive","IA","	50325-3706","United States","Voluntary: Firm initiated","E-Mail","Nationwide and Foriegn distribution was made to Canada, United Kingdom, Australia, Slovenia, Germany, Spain, Finland and Croatia.","D-1523-2014","Class II","Vitamin B6 Pyridoxine HCL for Injection USP, 100 mg/ml,  Sterile, for IM or Deep SQ Use, Multiple Dose 30 ml vial, manufactured by: CB Inc. for Sunshine Labs, www. sunshinelabs.us.","N/A","Marketed without an Approved NDA/ANDA; IM and SQ injectable products are being recalled because the manufacturing firm is not registered with the FDA as a drug manufacturer","06/25/2014","08/06/2014","03/14/2017","08/13/2014","All lot numbers and exp dates"
"Drugs","No","","68626","Terminated","Medical Supply Liquidators Llc","10500 Hickman Rd Ste F","N/A","Clive","IA","	50325-3706","United States","Voluntary: Firm initiated","E-Mail","Nationwide and Foriegn distribution was made to Canada, United Kingdom, Australia, Slovenia, Germany, Spain, Finland and Croatia.","D-1524-2014","Class II","Vitamin B12 Methylcobalamin 5000 Injection USP 5000 mcg/ml, 10 ml vial and 30 ml vial, Sterile, for IM or Deep SQ Use, Multiple Dose Vial, Manufactured by: CB Inc. for Sunshine Labs, www.sunshinelabs.us.","N/A","Marketed without an Approved NDA/ANDA; IM and SQ injectable products are being recalled because the manufacturing firm is not registered with the FDA as a drug manufacturer","06/25/2014","08/06/2014","03/14/2017","08/13/2014","All lot numbers and exp dates"
"Drugs","No","","68626","Terminated","Medical Supply Liquidators Llc","10500 Hickman Rd Ste F","N/A","Clive","IA","	50325-3706","United States","Voluntary: Firm initiated","E-Mail","Nationwide and Foriegn distribution was made to Canada, United Kingdom, Australia, Slovenia, Germany, Spain, Finland and Croatia.","D-1525-2014","Class II","MIC Injection USP, Sterile, 10 ml vial and 30 ml vial, For IM or Deep SQ Use, Multiple Dose Vial, Manufactured by: CB Inc. for Sunshine Labs, www.sunshinelabs.us","N/A","Marketed without an Approved NDA/ANDA; IM and SQ injectable products are being recalled because the manufacturing firm is not registered with the FDA as a drug manufacturer","06/25/2014","08/06/2014","03/14/2017","08/13/2014","All lot numbers and exp dates"
"Drugs","No","","68631","Terminated","Hospira Inc.","275 N Field Dr","N/A","Lake Forest","IL","	60045-2579","United States","Voluntary: Firm initiated","Letter","Nationwide","D-1425-2014","Class II","Heparin Sodium in 5% Dextrose Injection, Heparin, 25,000 USP Heparin Units/250 mL (100 USP Heparin Units/mL), 250 mL, Single-Dose Container, Hospira, Inc., Lake Forest, IL 60045 USA,  NDC 0409-7793-62","142,152 bags","Lack of Assurance of Sterility: Confirmed consumer report of fluid leaking from primary container of bag.","06/06/2014","07/09/2014","04/03/2015","07/16/2014","Lot # 34-811-KL, 36-106-KL, 36-114-KL; Exp. 12/15; 36-101-KL, Exp. 12/15; 37-202-KL, Exp. 1/16; 38-302-KL, Exp. 2/16; 38-305-KL, Exp. 2/16"
"Drugs","No","","68616","Terminated","Brookfield Prescription Center Inc. dba MD Custom Rx","19035 W. Capitol Dr","Suite 105","Brookfield","WI","	53045","United States","Voluntary: Firm initiated","Telephone","WI only","D-1417-2014","Class II","Diphenhydramine (Alcohol Base) 25 mg / 0.5 mL Solution, 30 mL bottle, Rx only, MD Custom Rx, 19035 W. Capitol Dr., Ste. 105, Brookfield, WI  53045","30 mL","Incorrect/Undeclared Excipients: Specific drug products were compounded with an incorrect solvent.","05/30/2014","07/03/2014","05/22/2015","07/09/2014","Lot # / Beyond Use Date: 05012014@36 / 05/15/14"
"Drugs","No","","68616","Terminated","Brookfield Prescription Center Inc. dba MD Custom Rx","19035 W. Capitol Dr","Suite 105","Brookfield","WI","	53045","United States","Voluntary: Firm initiated","Telephone","WI only","D-1418-2014","Class II","HCG (Human Chorionic Gonadotropin) 125 units/ 0.1 mL drop, 5 mL bottle, Rx only, MD Custom Rx, 19035 W. Capitol Dr., Ste. 105, Brookfield, WI  53045","184 mL","Incorrect/Undeclared Excipients: Specific drug products were compounded with an incorrect solvent.","05/30/2014","07/03/2014","05/22/2015","07/09/2014","Lot # / Beyond Use Date: 05192014@15 / BUD 07/18/14; 04142014@39 / BUD 6-13-14; 04182014@4 / BUD 6-17-14; 04162014@12 / BUD 06/15/14; 05092014@34 / BUD 07/08/14; 04162014@35 / BUD 06/15/14; 05232014@33 / BUD 07/22/14; 05022014@36 / BUD 7/1/14; 04292014@13 /  BUD 06/28/14; 04282014@43 / BUD 06/27/14; 05212014@5 / BUD 07/20/14; 04292014@13 / BUD 06/28/14; 05062014@42 / BUD 07/05/14; 05022014@36 / BUD 07/01/14; 05062014@45 / BUD 07/05/14; 05082014@2 / BUD 07/07/14, 05152014@36 / BUD 7/14/14; 05212014@5 / BUD 07/20/14; 05082014@2 / BUD 07/07/14; 05132014@37 / BUD 07/12/14; 05082014@2 /  BUD 07/07/14; 05132014@38 / BUD 07/12/14; 04242014@14 / BUD 6-23-14; 04162014@12 / BUD 6-15-14; 04212014@27 / BUD 6-20-14; 04292014@13 /  BUD 6-28-14; 05092014@34 / BUD 7-8-14; 05212014@5 / BUD 7-20-14; 05272014@58 / BUD 7-26-14; 05222014@27 / BUD 07/21/14"
"Drugs","No","","68616","Terminated","Brookfield Prescription Center Inc. dba MD Custom Rx","19035 W. Capitol Dr","Suite 105","Brookfield","WI","	53045","United States","Voluntary: Firm initiated","Telephone","WI only","D-1419-2014","Class II","HCG 125U/Tab Tablet Tritu, 50 tablets per bottle, Rx only, MD Custom Rx, 19035 W. Capitol Dr., Ste. 105, Brookfield, WI  53045","850 tablets","Incorrect/Undeclared Excipients: Specific drug products were compounded with an incorrect solvent.","05/30/2014","07/03/2014","05/22/2015","07/09/2014","Lot # / Beyond Use Date: 05022014@5 / BUD 07/01/14; 04032014@7 / BUD 06/02/14; 04092014@16 / BUD06/08/14; 04142014@51 / BUD 06-13-14; 04152014@48 / BUD 06/14/14; 04172014@42 / BUD 06-06-14;  04182014@45 / BUD 6-17-14; 05162014@41 / BUD 07/15/14; 04172014@44 / BUD 06/16/14; 04212014@37 / BUD 6/20/14; 04222014@10 / BUD 06/21/14; 04232014@30 / BUD 06/22/14; 05072014@37 / BUD 07-06-14; 04292014@31 / BUD 06/28/14; 04302014@9 / BUD 06/29/14; 04252014@43 / BUD 06/24/14; 04222014@28 / BUD 6 -21-14"
"Drugs","No","","68616","Terminated","Brookfield Prescription Center Inc. dba MD Custom Rx","19035 W. Capitol Dr","Suite 105","Brookfield","WI","	53045","United States","Voluntary: Firm initiated","Telephone","WI only","D-1420-2014","Class II","HCG (Human Chorionic Gonadotropin) 200 units/ 0.1 mL drops, packaged in 5 mL and 10 mL bottles, Rx only, MD Custom Rx, 19035 W. Capitol Dr., Ste. 105, Brookfield, WI  53045","55 mL","Incorrect/Undeclared Excipients: Specific drug products were compounded with an incorrect solvent.","05/30/2014","07/03/2014","05/22/2015","07/09/2014","Lot # / Beyond Use Date: 04232014@49 / BUD 06-22-14; 04232014@2 / BUD 06/22/14; 04252014@27 / BUD 06/24/14; 04162014@33 / BUD06/15/14; 05132014@2 / BUD 07/12/14; 05092014@39  BUD 7-8-14"
"Drugs","No","","68616","Terminated","Brookfield Prescription Center Inc. dba MD Custom Rx","19035 W. Capitol Dr","Suite 105","Brookfield","WI","	53045","United States","Voluntary: Firm initiated","Telephone","WI only","D-1421-2014","Class II","HCG (Human Chorionic Gonadotropin) + Methylcobalamin (Methyl B12), 1500 units  + 1000 mcg/mL drop, 8 mL bottle, Rx only, MD Custom Rx, 19035 W. Capitol Dr., Ste. 105, Brookfield, WI  53045","8 mL","Incorrect/Undeclared Excipients: Specific drug products were compounded with an incorrect solvent.","05/30/2014","07/03/2014","05/22/2015","07/09/2014","Lot # / Beyond Use Date: 04302014@21 / BUD 06/29/14"
"Drugs","No","","68626","Terminated","Medical Supply Liquidators Llc","10500 Hickman Rd Ste F","N/A","Clive","IA","	50325-3706","United States","Voluntary: Firm initiated","E-Mail","Nationwide and Foriegn distribution was made to Canada, United Kingdom, Australia, Slovenia, Germany, Spain, Finland and Croatia.","D-1526-2014","Class II","Super MIC B Complex for L-Carnitine for Injection USP with Methylcobalamin 1000 mcg/ml, Sterile, for IM or Deep SQ Use, Multiple Dose Vial. Manufactured by: CB Inc. for Sunshine Labs, www.sunshinelabs.us.","N/A","Marketed without an Approved NDA/ANDA; IM and SQ injectable products are being recalled because the manufacturing firm is not registered with the FDA as a drug manufacturer","06/25/2014","08/06/2014","03/14/2017","08/13/2014","All lot numbers and exp dates"
"Drugs","No","","68626","Terminated","Medical Supply Liquidators Llc","10500 Hickman Rd Ste F","N/A","Clive","IA","	50325-3706","United States","Voluntary: Firm initiated","E-Mail","Nationwide and Foriegn distribution was made to Canada, United Kingdom, Australia, Slovenia, Germany, Spain, Finland and Croatia.","D-1527-2014","Class II","Vitamin B12 Cyanocobalamin with MIC Injection USP 1000 mcg/ml, packaged in 10 ml vials and 30 ml vials, Sterile, for IM or Deep SQ Use, Multiple Dose Vial,  Manufactured by: CB Inc. for Sunshine Labs, www.sunshinelabs.us.","N/A","Marketed without an Approved NDA/ANDA; IM and SQ injectable products are being recalled because the manufacturing firm is not registered with the FDA as a drug manufacturer","06/25/2014","08/06/2014","03/14/2017","08/13/2014","All lot numbers and exp dates"
"Drugs","No","","68626","Terminated","Medical Supply Liquidators Llc","10500 Hickman Rd Ste F","N/A","Clive","IA","	50325-3706","United States","Voluntary: Firm initiated","E-Mail","Nationwide and Foriegn distribution was made to Canada, United Kingdom, Australia, Slovenia, Germany, Spain, Finland and Croatia.","D-1528-2014","Class II","B Complex for Injection USP with Methylcobalamin 1000 mcg/ml, Sterile, for IM or Deep SQ use, multiple dose vial, packaged in 10 ml vials and 30 ml vials. Manufactured by: CB Inc. for Sunshine Labs, www.sunshinelabs.us.","N/A","Marketed without an Approved NDA/ANDA; IM and SQ injectable products are being recalled because the manufacturing firm is not registered with the FDA as a drug manufacturer","06/25/2014","08/06/2014","03/14/2017","08/13/2014","All lot numbers and exp dates"
"Drugs","No","","68626","Terminated","Medical Supply Liquidators Llc","10500 Hickman Rd Ste F","N/A","Clive","IA","	50325-3706","United States","Voluntary: Firm initiated","E-Mail","Nationwide and Foriegn distribution was made to Canada, United Kingdom, Australia, Slovenia, Germany, Spain, Finland and Croatia.","D-1529-2014","Class II","Vitamin B12 Hydroxocobalamin Injection USP 1000 mcg/ml, Sterile, 30 ml vial, For IM or Deep SQ Use, Multiple Dose Vial, Manufactured by: CB Inc. for Sunshine Labs, www.sunshinelabs.us.","N/A","Marketed without an Approved NDA/ANDA; IM and SQ injectable products are being recalled because the manufacturing firm is not registered with the FDA as a drug manufacturer","06/25/2014","08/06/2014","03/14/2017","08/13/2014","All lot numbers and exp dates"
"Drugs","No","","68626","Terminated","Medical Supply Liquidators Llc","10500 Hickman Rd Ste F","N/A","Clive","IA","	50325-3706","United States","Voluntary: Firm initiated","E-Mail","Nationwide and Foriegn distribution was made to Canada, United Kingdom, Australia, Slovenia, Germany, Spain, Finland and Croatia.","D-1530-2014","Class II","Lipo 8 Injection USP 200 mg/ml, packaged in 30 ml vials, Sterile, Manufactured by: CB Inc. for Sunshine Labs, www.sunshinelabs.us.","N/A","Marketed without an Approved NDA/ANDA; IM and SQ injectable products are being recalled because the manufacturing firm is not registered with the FDA as a drug manufacturer","06/25/2014","08/06/2014","03/14/2017","08/13/2014","All lot numbers and exp dates"
"Drugs","No","","68626","Terminated","Medical Supply Liquidators Llc","10500 Hickman Rd Ste F","N/A","Clive","IA","	50325-3706","United States","Voluntary: Firm initiated","E-Mail","Nationwide and Foriegn distribution was made to Canada, United Kingdom, Australia, Slovenia, Germany, Spain, Finland and Croatia.","D-1531-2014","Class II","G.A.C. 375 Injection USP, packaged in 30 ml vials, Sterile, For IM or Deep SQ Use, Multiple Dose Vial, Manufactured by: CB Inc. for Sunshine Labs, www.sunshinelabs.us.","N/A","Marketed without an Approved NDA/ANDA; IM and SQ injectable products are being recalled because the manufacturing firm is not registered with the FDA as a drug manufacturer","06/25/2014","08/06/2014","03/14/2017","08/13/2014","All lot numbers and exp dates"
"Drugs","No","","68626","Terminated","Medical Supply Liquidators Llc","10500 Hickman Rd Ste F","N/A","Clive","IA","	50325-3706","United States","Voluntary: Firm initiated","E-Mail","Nationwide and Foriegn distribution was made to Canada, United Kingdom, Australia, Slovenia, Germany, Spain, Finland and Croatia.","D-1532-2014","Class II","L-Carnitine Injection USP 100 mg/ml, packaged in 30 ml vials, Sterile, For IM or Deep SQ Use, Multiple Dose Vial, Manufactured by: CB Inc. for Sunshine Labs, www.sunshinelabs.us.","N/A","Marketed without an Approved NDA/ANDA; IM and SQ injectable products are being recalled because the manufacturing firm is not registered with the FDA as a drug manufacturer","06/25/2014","08/06/2014","03/14/2017","08/13/2014","All lot numbers and exp dates"
"Drugs","No","","68626","Terminated","Medical Supply Liquidators Llc","10500 Hickman Rd Ste F","N/A","Clive","IA","	50325-3706","United States","Voluntary: Firm initiated","E-Mail","Nationwide and Foriegn distribution was made to Canada, United Kingdom, Australia, Slovenia, Germany, Spain, Finland and Croatia.","D-1533-2014","Class II","Glutathione Injection USP, 200 mg/ml, packaged in 30 ml vials, Sterile, For IM of Deep SQ Use, Multiple Dose Vial, Manufactured by: CB Inc. for Sunshine Labs, www.sunshinelabs.us.","N/A","Marketed without an Approved NDA/ANDA; IM and SQ injectable products are being recalled because the manufacturing firm is not registered with the FDA as a drug manufacturer","06/25/2014","08/06/2014","03/14/2017","08/13/2014","All lot numbers and exp dates"
"Drugs","No","","68638","Terminated","Doctor's Best, Inc.","197 Avenida La Pata","N/A","San Clemente","CA","	92673-6307","United States","Voluntary: Firm initiated","Press Release","Nationwide","D-1549-2014","Class II","Doctor' s Best  Red Yeast Rice 1200, 600 mg Capsules, 120-count bottle. UPC 753950001183, Manufactured for Doctor's Best San Clemente, CA 92673","7,379 bottles","Marketed Without an Approved NDA/ANDA: FDA analysis discovered undeclared lovastatin, making this an unapproved new drug.","06/24/2014","08/20/2014","10/21/2014","08/27/2014","Lot # 3121005; Exp 02/17"
"Drugs","No","","68639","Terminated","Pfizer Inc.","235 East 42nd Street","N/A","New York","NY","	10017-5703","United States","Voluntary: Firm initiated","Letter","Nationwide (Continental USA and Puerto Rico).  A portion of the bulk lot was supplied to Pfizer Germany for packaging into blisters for non- USA market.  One of these lots in Germany was placed in stability having acceptable results, therefore are not part of the recall scope.  Only the product distributed within US/PR market (bottles) is in the scope of this recall.","D-1485-2014","Class III","Cardura XL (doxazosin mesylate extended release tablets, 4 mg, 30-count bottle, Rx only, Distributed by Roerig Division of Pfizer Inc., New York, NY 10017,  NDC 0049-2710-30","22,461 bottles","Failed Impurities/Degradation Specifications: Product from this lot may not meet specifications for a product degradant.","06/19/2014","07/28/2014","06/03/2015","08/06/2014","Lot # V130822; Exp 01/15"
"Drugs","No","","68642","Terminated","Mylan Pharmaceuticals Inc.","781 Chestnut Ridge Rd","N/A","Morgantown","WV","	26505-2730","United States","Voluntary: Firm initiated","E-Mail","U.S. Nationwide","D-1539-2014","Class III","Tolterodine Tartrate Tablets, 1 mg, 60 Tablet Bottles, Rx only.  Mylan Pharmaceuticals Inc., Morgantown, WV 26505. NDC: 0378-5445-91.","9225 Bottles","Failed Impurities/Degradation Specifications; Out of specification for lactol and total impurities.","06/20/2014","08/18/2014","10/09/2015","08/27/2014","Lot # 2004069, Expiry: 09/2014; Lot #: 2004070, Expiry: 09/2014."
"Drugs","No","","68645","Terminated","Mylan Pharmaceuticals Inc.","781 Chestnut Ridge Rd","N/A","Morgantown","WV","	26505-2730","United States","Voluntary: Firm initiated","Telephone","Nationwide","D-1557-2014","Class III","Diltiazem HCl Extended Release Capsules, USP 120 mg, 500 count bottles, Rx only, Mylan Pharmaceuticals, Inc., Morgantown, WV 26505. NDC 0378-5220-05.","2,658 Bottles","Failed Impurities/Degradation Specifications: High out-of-specification results for a related compound  obtained during routine stability testing.","06/19/2014","08/22/2014","07/23/2015","09/03/2014","Lot 3040063 Exp. 07/14"
"Drugs","No","","68652","Terminated","Mckesson Packaging Services","7101 Weddington Rd NW","N/A","Concord","NC","	28027-3412","United States","Voluntary: Firm initiated","Letter","Nationwide","D-1483-2014","Class III","Aspirin DR Enteric Coated Tablets, USP 325 mg, UD 750 tablets (25x30), Dist. By: McKesson Packaging Services a business unit of McKesson Corporation, concord, NC","1,511,250 tablets","Failed Dissolution Specification; at the 12 month time interval.","06/19/2014","07/28/2014","04/27/2017","08/06/2014","Lot 0093943"
"Drugs","No","","68660","Terminated","Pfizer Inc.","235 East 42nd Street","N/A","New York","NY","	10017-5703","United States","Voluntary: Firm initiated","Letter","Nationwide and Puerto Rico","D-1443-2014","Class III","VIRACEPT (R) (nelfinavir mesylate) Tablets, 625 mg, 120-count bottle, Rx only, Manufactured by: Agouron Pharmaceuticals, Inc. A Pfizer Company,  Distributed by: ViV Healthcare Company, Research Triangle Park, NC 27709  NDC 63010-027-70","1200  tablets","Labeling: Incorrect or missing lot and or Exp Date: The bottles were labeled with an incorrect expiry date 11/2016.  The correct expiry date is 09/2016.","07/08/2014","07/17/2014","07/06/2015","07/23/2014","Lot H45241, exp. 11/16"
"Drugs","No","","68671","Terminated","Poly Pharmaceuticals, Inc","2720 Cullom Blvd Se","N/A","Owens Cross Roads","AL","	35763-9309","United States","Voluntary: Firm initiated","Letter","U.S. Nationwide","D-1431-2014","Class III","POLY-TUSSIN AC LIQUID, Each 5 mL (1 teaspoonful) contains: Brompheniramine Maleate 4 mg, Codeine Phosphate 10 mg, Phenylephrine HCl 7.5 mg, 16 fl oz. (473 mL) Bottle, Rx Only. Manufactured by: Great Southern Laboratories, Houston, TX 77099, Distributed for: Poly Pharmaceuticals, Mobile, AL  36619. NDC: 50991-713-16.","208 Bottles","Does Not Meet Monograph: Phenylephrine and pseudoephedrine are below monograph specifications, and label inaccurately contains wording ""Rx Only"".","06/26/2014","07/11/2014","11/03/2014","07/23/2014","Lot #: 04413, Expiry: 02/15"
"Drugs","No","","68671","Terminated","Poly Pharmaceuticals, Inc","2720 Cullom Blvd Se","N/A","Owens Cross Roads","AL","	35763-9309","United States","Voluntary: Firm initiated","Letter","U.S. Nationwide","D-1432-2014","Class III","LORTUSS EX, Each 5 mL (1 teaspoonful) contains: Codeine Phosphate 10 mg, Guaifenesin 100 mg, Psuedoephedrine HCl 22.5 mg, 16 fl oz. (473 mL),  Rx Only. Manufactured by:  Great Southern Laboratories, Houston, TX 77099, Distributed for: Poly Pharmaceuticals, Mobile, AL 36619.  NDC: 50991-515-16.","102 Bottles","Does Not Meet Monograph: Phenylephrine and pseudoephedrine are below monograph specifications, and label inaccurately contains wording ""Rx Only"".","06/26/2014","07/11/2014","11/03/2014","07/23/2014","Lot #: 03613, Expiry: 02/15"
"Drugs","No","","68683","Terminated","Fougera Pharmaceuticals  Inc.","60 Baylis Rd","N/A","Melville","NY","	11747-3838","United States","Voluntary: Firm initiated","Letter","Nationwide","D-1440-2014","Class III","Triamcinolone Acetonide Lotion USP, 0.1%, 60 mL Bottle, Rx Only, For Dermatologic Use Only, Not for Ophthalmic Use, E. Fougera & Co, A Division of Fougera Pharmaceuticals Inc., Melville, New York, 11747, NDC 0168-0337-60.","111,388 Bottles","Failed PH Specifications: It has been determined that the pH of the lots recalled, may not meet specification at expiry.","07/03/2014","07/17/2014","12/07/2015","07/23/2014","Lot(s): 497R, 498R, Exp 01/2015; 635R, 636R, Exp 03/2015;  850R, Exp 04/2015; 073S, Exp 05/2015; 074S, Exp 06/2015."
"Drugs","No","","68685","Terminated","Trigen Laboratories, Inc.","2631 Causeway Center Dr","N/A","Tampa","FL","	33619-6102","United States","Voluntary: Firm initiated","Two or more of the following: Email, Fax, Letter, Press Release, Telephone, Visit","Nationwide","D-1544-2014","Class III","Triveen - PRx RNF Capsules, 30-count bottles, Rx only; Manufactured for: Trigen Laboratories, Inc., Sayreville, NJ  08872, NDC 13811-558-30, UPC 3 13811 55830 2.","142,732 bottles","Labeling: Not Elsewhere Classified: Label indicates that the product contains Vitamin B12 (12 micrograms) on the Supplement Facts panel, however, the formulation of this product does not contain Vitamin B12.","04/17/2014","08/19/2014","07/26/2017","08/27/2014","Lot #: 505024006, 505024007, Exp 03/15; 505024008; 505024009, Exp 06/15; 505024010, Exp 08/15; 505024011, Exp 09/15; and 505024012, Exp 10/15"
"Drugs","No","","68637","Terminated","Caraco Pharmaceutical Laboratories, Ltd.","1150 Elijah McCoy Dr","N/A","Detroit","MI","	48202-3344","United States","Voluntary: Firm initiated","Letter","Nationwide including Puerto Rico","D-1415-2014","Class II","Venlafaxine Hydrochloride Extended-Release Tablets, 150 mg, Rx only, Packaged in 30 Count and 90 Count Bottles. Distributed by: Caraco Pharmaceutical Laboratories, Ltd., 1150 Elijah McCoy Drive, Detroit, MI 48202; Manufactured at: Sun Pharmaceutical Ind. Ltd., Halol-Baroda Highway, Halol-389 350, Gujarat, India. 30-Count Bottle NDC: 41616-758-83,  90-Count Bottle: NDC 41616-758-81.","26,530 30-Count Bottles; 14,597 90-Count Bottles","Failed Dissolution Specifications: Stability results found the product did not meet the drug dissolution specifications.","06/12/2014","07/02/2014","05/06/2015","07/09/2014","30 Count Bottle: Lot #: JKL5054A, Expiry: 08/2014; Lot #: JKM2305A, Expiry: 03/2015.  90 Count Bottle: Lot #: JKL5054B, Expiry: 08/2014; Lot #: JKM2305B, Expiry: 03/2015."
"Drugs","No","","68683","Terminated","Fougera Pharmaceuticals  Inc.","60 Baylis Rd","N/A","Melville","NY","	11747-3838","United States","Voluntary: Firm initiated","Letter","Nationwide","D-1441-2014","Class III","Triamcinolone Acetonide Lotion USP, 0.025%, 60 mL Bottle, Rx Only, For Dermatologic Use Only, Not for Ophthalmic Use, E. Fougera & Co, A Division of Fougera Pharmaceuticals Inc., Melville, New York, 11747, NDC 0168-0336-60.","3,594 Bottles","Failed PH Specifications: It has been determined that the pH of the lots recalled, may not meet specification at expiry.","07/03/2014","07/17/2014","12/07/2015","07/23/2014","Lot: 849R, Exp 04/2015"
"Drugs","No","","68722","Terminated","Novel Laboratories, Inc.","400 Campus Dr","N/A","Somerset","NJ","	08873-1145","United States","Voluntary: Firm initiated","Letter","Nationwide","D-1484-2014","Class III","Famotidine for Oral Suspension, USP 40 mg/5 mL, Rx Only, Cherry-Banana-Mint Flavored, Not for Injection, Manufactured by: Novel Laboratories, Inc., Somerset, NJ 08873.  Distributed by: Gavis Pharmaceuticals, LLC, Somerset, NJ 08873, NDC 43386-500-11.","25,776 containers","Failed Impurity/Degradation Specification; 12-month stability time point","06/20/2014","08/22/2014","06/29/2015","09/03/2014","Lot #'s M13075A, M13076A, M13076B, M13077A, M13077B all with expiry dated 2/2015 and M13490A with expiry date 3/2016."
"Drugs","No","","68751","Terminated","Hospira Inc.","275 N Field Dr","N/A","Lake Forest","IL","	60045-2579","United States","Voluntary: Firm initiated","Letter","U.S. Nationwide","D-1433-201","Class II","Fentanyl Citrate Injection, USP, 2500 mcg Fentanyl/50 mL, C-II, (50 mcg/mL), 50 mL Single-dose Fliptop Vial, Rx only.  Hospira, Inc., Lake Forest, IL 60045. NDC: 0409-9094-61.","47,400 vials","Lack of Assurance of Sterility: Fliptop vial crimps are loose or missing.","06/27/2014","07/14/2014","09/09/2015","07/23/2014","Lot #: 39474DK, Expiry: 03/01/2016."
"Drugs","No","","68610","Terminated","Teva Pharmaceuticals USA","1090 Horsham Rd","N/A","North Wales","PA","	19454-1505","United States","Voluntary: Firm initiated","Letter","Nationwide","D-1437-2014","Class III","Mircette (desogestrel/ethinyl estradiol and ethinyl estradiol) Tablets   0.15 mg/0.02 mg and 0.01 mg, 6 Cyclic dispensers X 28 tablets, Rx only Teva Pharmaceuticals, USA, Sellersville, PA. NDC 51285-114-58    ","984 blister packs","Failed Impurities/Degradation Specifications: out of specification impurity test results.","06/17/2014","07/17/2014","03/09/2015","07/23/2014","Lot 33805507A, Exp. date 11/14"
"Drugs","No","","68610","Terminated","Teva Pharmaceuticals USA","1090 Horsham Rd","N/A","North Wales","PA","	19454-1505","United States","Voluntary: Firm initiated","Letter","Nationwide","D-1438-2014","Class III","Kariva (desogestrel/ethinyl estradiol and ethinyl estradiol) Tablets    0.15 mg/0.02 mg and 0.01 mg, 6 Cyclic dispensers X 28 tablets, Rx only,  Teva Pharmaceuticals, Sellersville, PA NDC 0555-9050-58","1125 blister packs","Failed Impurities/Degradation Specifications: out of specification impurity test results.","06/17/2014","07/17/2014","03/09/2015","07/23/2014","Lot 33805325A, Exp.11/14"
"Drugs","No","","68610","Terminated","Teva Pharmaceuticals USA","1090 Horsham Rd","N/A","North Wales","PA","	19454-1505","United States","Voluntary: Firm initiated","Letter","Nationwide","D-1439-2014","Class III","Velivet (desogestrel and ethinyl estradiol tablets - triphasic regimen),   0.1 mg/0.025 mg; 0.125 mg/0.025 mg; 0.15 mg/0.025 mg, 3 Dispensers x 28 Tablets, Barr Laboratories, Inc., Pomona, NY  NDC 0555-9051-67","5265 blister packs","Failed Impurities/Degradation Specifications: out of specification impurity test results.","06/17/2014","07/17/2014","03/09/2015","07/23/2014","Lot 33805449A, Exp. 12/14"
"Drugs","No","","68729","Terminated","X-Gen Pharmaceuticals Inc.","300 Daniel Zenker Drive","N/A","Horseheads","NY","	14845-1014","United States","Voluntary: Firm initiated","E-Mail","Nationwide","D-1444-2014","Class III","Clonidine HCl Injection, 1000 mcg/10 mL (100 mcg/mL),10 mL Single Dose Vial, Rx only, Manufactured for: X-Gen Pharmaceuticals Inc., Big Flats, NY  14814, NDC 39822-2000-1.","8,356 vials","Labeling: Label Error On Declared Strength: The side label description incorrectly states ""Each mL contains 500 mcg Clonidine Hydrochloride"" instead of stating ""Each mL contains 100 mcg Clonidine Hydrochloride"".","07/17/2014","07/18/2014","10/07/2015","07/30/2014","Lot: PLNB1412, Exp 12/15"
"Drugs","No","","68776","Terminated","Jubilant Cadista Pharmaceuticals Inc.","207 Kiley Dr","N/A","Salisbury","MD","	21801-2249","United States","Voluntary: Firm initiated","Telephone","Nationwide and Puerto Rico","D-1500-2014","Class II","Losartan Potassium and Hydrochlorothiazide Tablets, USP 100 mg/25 mg, 90-tablets per bottle, Rx Only, Manufactured by: Jubilant Cadista Pharmaceuticals Inc., Salisbury, MD 21801, NDC # 59746-339-90","9,358 bottles","Presence of Foreign Substance: Tablets may contain dark blemishes identified as stainless steel.","07/11/2014","07/31/2014","09/15/2016","08/06/2014","Lot #14P0292, Exp 04/2016"
"Drugs","No","","68497","Ongoing","Franck's Lab Inc dba Trinity Care Solutions","202 SW 17th St Suite C","N/A","Ocala","FL","	34471-8138","United States","Voluntary: Firm initiated","Two or more of the following: Email, Fax, Letter, Press Release, Telephone, Visit","Florida","D-1454-2014","Class II","Vancomycin 750 mg/100 mL 0.9%NS, Trinity Care Solutions, 202-C SW 17th Street, Ocala, FL 34471-5138, For Parenteral Use Only, Rx # 28289, Discard After 02/5/14; Rx # 29189, Discard After 05/23/14","22 units","Lack of Assurance of Sterility; All lots of sterile products compounded by the pharmacy within expiry are subject to this recall. This recall is initiated due to concerns associated with quality control procedures observed during a recent FDA inspection.","05/15/2014","07/24/2014","N/A","07/30/2014","Rx # 28289, Exp 02/5/14; Rx # 29189, Exp 05/23/14"
"Drugs","No","","68497","Ongoing","Franck's Lab Inc dba Trinity Care Solutions","202 SW 17th St Suite C","N/A","Ocala","FL","	34471-8138","United States","Voluntary: Firm initiated","Two or more of the following: Email, Fax, Letter, Press Release, Telephone, Visit","Florida","D-1455-2014","Class II","Pfizerpen (penicillin G) 24 MU/300 mL 0.9%NS, Trinity Care Solutions, 202-C SW 17th Street, Ocala, FL 34471-5138, For Parenteral Use Only, Rx # 29183, Discard After 05/21/14","7 units","Lack of Assurance of Sterility; All lots of sterile products compounded by the pharmacy within expiry are subject to this recall. This recall is initiated due to concerns associated with quality control procedures observed during a recent FDA inspection.","05/15/2014","07/24/2014","N/A","07/30/2014","Rx 29183 Exp, 5/21/2014"
"Drugs","No","","68497","Ongoing","Franck's Lab Inc dba Trinity Care Solutions","202 SW 17th St Suite C","N/A","Ocala","FL","	34471-8138","United States","Voluntary: Firm initiated","Two or more of the following: Email, Fax, Letter, Press Release, Telephone, Visit","Florida","D-1456-2014","Class II","Desferal 2.5 gm/14 mL Sterile Water, Trinity Care Solutions, 202-C SW 17th Street, Ocala, FL 34471-5138, Rx # 28314, Discard After 05/22/14","6 units","Lack of Assurance of Sterility; All lots of sterile products compounded by the pharmacy within expiry are subject to this recall. This recall is initiated due to concerns associated with quality control procedures observed during a recent FDA inspection.","05/15/2014","07/24/2014","N/A","07/30/2014","Rx 28314 Exp 5/22/2014"
"Drugs","No","","68497","Ongoing","Franck's Lab Inc dba Trinity Care Solutions","202 SW 17th St Suite C","N/A","Ocala","FL","	34471-8138","United States","Voluntary: Firm initiated","Two or more of the following: Email, Fax, Letter, Press Release, Telephone, Visit","Florida","D-1457-2014","Class II","Cefepime 2 gm/100 mL D5W, Trinity Care Solutions, 202-C SW 17th Street, Ocala, FL 34471-5138, For Parenteral Use Only, Rx # 28288, Discard After 02/4/14; Rx # 29176, Discard After 05/21/14; Rx # 28829, Discard After 05/17/14","24 units","Lack of Assurance of Sterility; All lots of sterile products compounded by the pharmacy within expiry are subject to this recall. This recall is initiated due to concerns associated with quality control procedures observed during a recent FDA inspection.","05/15/2014","07/24/2014","N/A","07/30/2014","Rx # 28288, Exp 02/4/14; Rx # 29176, Exp 05/21/14; Rx # 28829, Exp 05/17/14"
"Drugs","No","","68497","Ongoing","Franck's Lab Inc dba Trinity Care Solutions","202 SW 17th St Suite C","N/A","Ocala","FL","	34471-8138","United States","Voluntary: Firm initiated","Two or more of the following: Email, Fax, Letter, Press Release, Telephone, Visit","Florida","D-1458-2014","Class II","Ceftriaxone 2 gm/100 mL 0.9%NS, Trinity Care Solutions, 202-C SW 17th Street, Ocala, FL 34471-5138, For Parenteral Use Only, RX # 29038, Discard After 05/05/14, & 05/20/14; RX # 29204, Discard After 05/23/14; RX # 29161, Discard After 05/19/14","31 units","Lack of Assurance of Sterility; All lots of sterile products compounded by the pharmacy within expiry are subject to this recall. This recall is initiated due to concerns associated with quality control procedures observed during a recent FDA inspection.","05/15/2014","07/24/2014","N/A","07/30/2014","Rx # 29039, Exp 05/05/14 & 05/20/14; Rx # 29204, Exp 05/23/14; Rx # 29161, Exp 05/19/14"
"Drugs","No","","68497","Ongoing","Franck's Lab Inc dba Trinity Care Solutions","202 SW 17th St Suite C","N/A","Ocala","FL","	34471-8138","United States","Voluntary: Firm initiated","Two or more of the following: Email, Fax, Letter, Press Release, Telephone, Visit","Florida","D-1459-2014","Class II","Cubicin 486 mg/100 mL 0.9%NS, Trinity Care Solutions, 202-C SW 17th Street, Ocala, FL 34471-5138, For Parenteral Use Only, RX # 29038, Discard After 05/20/2014","7","Lack of Assurance of Sterility; All lots of sterile products compounded by the pharmacy within expiry are subject to this recall. This recall is initiated due to concerns associated with quality control procedures observed during a recent FDA inspection.","05/15/2014","07/24/2014","N/A","07/30/2014","Rx # 29038, Exp 05/20/14"
"Drugs","No","","68497","Ongoing","Franck's Lab Inc dba Trinity Care Solutions","202 SW 17th St Suite C","N/A","Ocala","FL","	34471-8138","United States","Voluntary: Firm initiated","Two or more of the following: Email, Fax, Letter, Press Release, Telephone, Visit","Florida","D-1460-2014","Class II","Invanz  (ertapenem)1 gm/100 mL 0.9%NS, Trinity Care Solutions, 202-C SW 17th Street, Ocala, FL 34471-5138, For Parenteral Use Only, Rx # 29157, Discard After 05/19/14; Rx # 29097, Discard After 05/20/14","12 units","Lack of Assurance of Sterility; All lots of sterile products compounded by the pharmacy within expiry are subject to this recall. This recall is initiated due to concerns associated with quality control procedures observed during a recent FDA inspection.","05/15/2014","07/24/2014","N/A","07/30/2014","Rx # 29157, Exp 5/19/14; Rx # 29097, Exp 5/20/14"
"Drugs","No","","68497","Ongoing","Franck's Lab Inc dba Trinity Care Solutions","202 SW 17th St Suite C","N/A","Ocala","FL","	34471-8138","United States","Voluntary: Firm initiated","Two or more of the following: Email, Fax, Letter, Press Release, Telephone, Visit","Florida","D-1461-2014","Class II","Meropenem 1 gm/100 mL 0.9%NS, Trinity Care Solutions, 202-C SW 17th Street, Ocala, FL 34471-5138, For Parenteral Use Only, Rx # 29087, Discard After 05/28/14","42 units","Lack of Assurance of Sterility; All lots of sterile products compounded by the pharmacy within expiry are subject to this recall. This recall is initiated due to concerns associated with quality control procedures observed during a recent FDA inspection.","05/15/2014","07/24/2014","N/A","07/30/2014","Rx # 29087 Exp. 5/28/2014"
"Drugs","No","","68497","Ongoing","Franck's Lab Inc dba Trinity Care Solutions","202 SW 17th St Suite C","N/A","Ocala","FL","	34471-8138","United States","Voluntary: Firm initiated","Two or more of the following: Email, Fax, Letter, Press Release, Telephone, Visit","Florida","D-1462-2014","Class II","Nafcillin 12 gm/300 mL, Trinity Care Solutions, 202-C SW 17th Street, Ocala, FL 34471-5138, For Parenteral Use Only, Rx # 29162, Discard After 05/21/14","5 units","Lack of Assurance of Sterility; All lots of sterile products compounded by the pharmacy within expiry are subject to this recall. This recall is initiated due to concerns associated with quality control procedures observed during a recent FDA inspection.","05/15/2014","07/24/2014","N/A","07/30/2014","Rx 29162 Exp. 5/21/2014"
"Drugs","No","","68497","Ongoing","Franck's Lab Inc dba Trinity Care Solutions","202 SW 17th St Suite C","N/A","Ocala","FL","	34471-8138","United States","Voluntary: Firm initiated","Two or more of the following: Email, Fax, Letter, Press Release, Telephone, Visit","Florida","D-1463-2014","Class II","Unasyn (ampicillin/sulbactam) 1.5 gm/100 mL 0.9%NS, Trinity Care Solutions, 202-C SW 17th Street, Ocala, FL 34471-5138, For Parenteral Use Only, Rx # 29082, Discard After 05/19/14","60 units","Lack of Assurance of Sterility; All lots of sterile products compounded by the pharmacy within expiry are subject to this recall. This recall is initiated due to concerns associated with quality control procedures observed during a recent FDA inspection.","05/15/2014","07/24/2014","N/A","07/30/2014","Rx # 29082 Exp. 5/19/14"
"Drugs","No","","68497","Ongoing","Franck's Lab Inc dba Trinity Care Solutions","202 SW 17th St Suite C","N/A","Ocala","FL","	34471-8138","United States","Voluntary: Firm initiated","Two or more of the following: Email, Fax, Letter, Press Release, Telephone, Visit","Florida","D-1464-2014","Class II","Desferal 2 gm/8 mL Sterile Water, Trinity Care Solutions, 202-C SW 17th Street, Ocala, FL 34471-5138, For Parenteral Use Only, Rx # 27767, Discard After 05/23/14","2 units","Lack of Assurance of Sterility; All lots of sterile products compounded by the pharmacy within expiry are subject to this recall. This recall is initiated due to concerns associated with quality control procedures observed during a recent FDA inspection.","05/15/2014","07/24/2014","N/A","07/30/2014","Rx # 27767, Exp 05/23/14"
"Drugs","No","","68497","Ongoing","Franck's Lab Inc dba Trinity Care Solutions","202 SW 17th St Suite C","N/A","Ocala","FL","	34471-8138","United States","Voluntary: Firm initiated","Two or more of the following: Email, Fax, Letter, Press Release, Telephone, Visit","Florida","D-1465-2014","Class II","Impipenem/Cilastin (Primaxin) 500 mg/100 mL 0.9%NS, Trinity Care Solutions, 202-C SW 17th Street, Ocala, FL 34471-5138, For Parenteral Use Only, Rx #28694, Discard After 05/22/14","21 units","Lack of Assurance of Sterility; All lots of sterile products compounded by the pharmacy within expiry are subject to this recall. This recall is initiated due to concerns associated with quality control procedures observed during a recent FDA inspection.","05/15/2014","07/24/2014","N/A","07/30/2014","Rx #28694, Exp 05/22/14"
"Drugs","No","","68783","Terminated","Mylan Pharmaceuticals Inc.","781 Chestnut Ridge Rd","N/A","Morgantown","WV","	26505-2730","United States","Voluntary: Firm initiated","E-Mail","Nationwide","D-0009-2015","Class II","Metoprolol Succinate Extended-release Tablets, USP 50mg, 90-count Bottles,  Rx only, Mfg by Mylan Pharmaceuticals, Inc. Morgantown, WV  26505. NDC 0378-4596-77.","15,966 bottles","Presence of Foreign Tablets/Capsules: A pharmacist reported a rogue tablet of different size and markings in bottle of Metoprolol","07/03/2014","10/08/2014","09/20/2016","10/15/2014","Lot 3023805 Exp. 11/15"
"Drugs","No","","68786","Terminated","Caraco Pharmaceutical Laboratories, Ltd.","1150 Elijah McCoy Dr","N/A","Detroit","MI","	48202-3344","United States","Voluntary: Firm initiated","Two or more of the following: Email, Fax, Letter, Press Release, Telephone, Visit","Nationwide and Puerto Rico","D-1510-2014","Class II","Cephalexin Capsules, USP, 250 mg, packaged in a) 100-count bottles (NDC 62756-293-88) and b) 500-count bottles (NDC 62756-293-13), Rx only, Manufactured by: Sun Pharmaceutical Ind. Ltd., Acme Plaza, Andheri-Kurla Road, Andheri (East), Mumbai-400 059, India.","a) 70,152 bottles; b) 43,525 bottles","CGMP Deviations: These products are being recalled because they were manufactured with active pharmaceutical ingredients (APIs) that were not manufactured with good manufacturing practices.","06/26/2014","08/01/2014","03/09/2015","08/13/2014","Lot #: a) AGL0098B, AGL0099B, AGL0100B, AGL0101B, Exp 09/14; AGM0073B, AGM0074B, Exp 04/15; AGM0125B, AGM0126B, Exp 07/15; AGM0158B, Exp 09/15; b) AGL0092A, AGL0093A, AGL0094A, AGL0095A,  AGL0096A, AGL0097A, AGL0102A, AGL0103A, AGL0104A, AGL0105A, Exp 09/14; AGM0067A, AGM0068A, AGM0069A, Exp 03/15; AGM0070A, AGM0071A, AGM0072A, AGM0085A, AGM0086A, Exp 04/15; AGM0127A, AGM0128A, AGM0129A, AGM0130A, AGM0131A, AGM0132A, Exp 07/15"
"Drugs","No","","68787","Terminated","Mylan Institutional, Inc. (d.b.a. UDL Laboratories)","1718 Northrock Ct","N/A","Rockford","IL","	61103-1201","United States","Voluntary: Firm initiated","Letter","Nationwide, Puerto Rico, and Guam.","D-1435-2014","Class III","Diltiazem HCl Extended-release Capsules, USP, 120 mg, packaged in 80 Capsules (8 x 10) blister cards per carton, Rx only, Manufactured by: Mylan Pharmaceuticals Inc., Morgantown, WV  26505, NDC 51079-947-08.","1,184 cartons","Failed Impurities/Degradation Specifications: High out-of-specification results for a related compound obtained during routine stability testing.","07/03/2014","07/17/2014","07/26/2016","07/23/2014","Lot #: 3045659, 3048256, Exp 07/14"
"Drugs","No","","68786","Terminated","Caraco Pharmaceutical Laboratories, Ltd.","1150 Elijah McCoy Dr","N/A","Detroit","MI","	48202-3344","United States","Voluntary: Firm initiated","Two or more of the following: Email, Fax, Letter, Press Release, Telephone, Visit","Nationwide and Puerto Rico","D-1511-2014","Class II","Cephalexin Capsules, USP, 500 mg, packaged in a) 100-count bottles (NDC 62756-294-88) and b) 500-count bottles (NDC 62756-294-13), Rx only, Manufactured by: Sun Pharmaceutical Ind. Ltd., Acme Plaza, Andheri-Kurla Road, Andheri (East), Mumbai-400 059, India.","a) 43,585 bottles; b) 296,968 bottles","CGMP Deviations: These products are being recalled because they were manufactured with active pharmaceutical ingredients (APIs) that were not manufactured with good manufacturing practices.","06/26/2014","08/01/2014","03/09/2015","08/13/2014","Lot #: a) AGL0058B, AGL0059B, AGL0060B, AGL0061B, Exp 06/14; AGL0062B, AGL0063B, AGL0064B, Exp 07/14; AGL0083B, AGL0084B, AGL0085B, AGL0086B, AGL0087B, AGL0088B, AGL0089B, AGL0090B, Exp 08/14; AGL0120B, AGL0121B, AGL0122B, AGL0123B, Exp 11/14; AGM0001B, AGM0002B, AGM0003B, AGM0004B, Exp 12/14; AGM0021B, AGM0022B, AGM0023B, AGM0024B, Exp 01/15; AGM0031B, AGM0032B, AGM0033B, AGM0034B, Exp 02/15; AGM0053B, AGM0054B, AGM0055B, AGM0056B, Exp 03/15; AGM0075B, AGM0076B, AGM0077B, AGM0078B, Exp 04/15; AGM0091B, AGM0092B, AGM0093B, AGM0094B, Exp 05/15; AGM0118B, AGM0119B, AGM0120B, AGM0121B, Exp 07/15; AGM0138B, AGM0144B, AGM0145B, AGM0146B, Exp 08/15; AGM0164B, AGM0165B, AGM0166B, Exp 09/15; b) AGL0065A, AGL0066A, AGL0067A, AGL0068A, AGL0069A, AGL0070A, AGL0071A, AGL0072A, AGL0073A, AGL0074A, AGL0075A, AGL0076A, Exp 07/14; AGL0077A, AGL0078A, AGL0079A, AGL0080A, AGL0081A, AGL0082A, AGL0091A, Exp 08/14; AGL0106A, AGL0107A, AGL0108A, AGL0109A, AGL0110A, AGL0111A, Exp 09/14; AGL0113A, AGL0114A, AGL0115A, AGL0116A, AGL0117A, AGL0118A, AGL0119A, Exp 10/14; AGL0124A, AGL0125A, AGL0126A, AGL0127A, AGL0128A, AGL0129A, AGL0130A, AGL0131A, AGL0132A, AGL0133A, AGL0134A, Exp 11/14; AGM0005A, AGM0006A, AGM0007A, AGM0008A, AGM0009A, AGM0010A, AGM0011A, AGM0012A, AGM0013A, AGM0014A, AGM0015A, AGM0016A, Exp 12/14; AGM0017A, AGM0018A, AGM0019A, AGM0020A, AGM0025A, AGM0026A, AGM0027A, AGM0028A, AGM0029A, AGM0030A, Exp 01/15; AGM0035A, AGM0036A, AGM0037A, AGM0038A, AGM0039A, AGM0040A, AGM0041A, AGM0042A, AGM0043A, AGM0044A, AGM0045A, AGM0046A, AGM0047A, AGM0048A, Exp 02/15; AGM0049A, AGM0050A, AGM0051A, AGM0052A, AGM0057A, AGM0058A, AGM0059A, AGM0060A, AGM0061A, AGM0062A, AGM0063A, AGM0064A, AGM0065A, AGM0066A, Exp 03/15; AGM0079A, AGM0080A, AGM0081A, AGM0082A, AGM0083A, AGM0084A, Exp 04/15; AGM0087A, AGM0088A, AGM0089A, AGM0090A, AGM0095A, AGM0096A, AGM0097A, AGM0098A, AGM0099A, Exp 05/15; AGM0100A, AGM0101A, AGM0102A, AGM0103A, AGM0104A, AGM0105A, AGM0106A, AGM0107A, AGM0108A, AGM0109A, AGM0110A, AGM0111A, AGM0112A, AGM0113A, AGM0114A, AGM0115A, AGM0116A, AGM0117A, AGM0122A, AGM0123A, AGM0124A, AGM0133A, AGM0134A, Exp Date:  2015-07-31; Lot #  AGM0135A, Exp Date:  2015-07-31; Lot #  AGM0136A, Exp 07/15; AGM0137A, AGM0139A, AGM0140A, AGM0141A, AGM0142A, AGM0143A, AGM0147A, AGM0148A, AGM0149A, AGM0150A, AGM0151A, AGM0152A, AGM0153A, AGM0154A, AGM0155A, AGM0156A, AGM0157A, Exp 08/15; AGM0167A, AGM0168A, Exp 09/15"
"Drugs","No","","68793","Terminated","Daiichi Sankyo Pharma Development","399 Thornall St","N/A","Edison","NJ","	08837-2236","United States","Voluntary: Firm initiated","Telephone","Nationwide","D-1501-2014","Class II","Azor Tablets (amlodipine and olmesartan medoxomil) 10 mg*/40 mg, 30 count bottles, Rx Only, Manufactured for: Daiichi Sankyo, Inc. Parsippany, NJ 07054  NDC 65597-113-30","5 bottles","Temperature Abuse; various products were not stored at Controlled Room Temperature as per USP guidelines during shipping","07/12/2014","07/31/2014","03/16/2015","08/06/2014","Lot #213655B Exp - 12/31/2017"
"Drugs","No","","68793","Terminated","Daiichi Sankyo Pharma Development","399 Thornall St","N/A","Edison","NJ","	08837-2236","United States","Voluntary: Firm initiated","Telephone","Nationwide","D-1502-2014","Class II","Benicar Tablets (olmesartan medoxomil) 20 mg, 30 and 90 count, Rx Only Manufactured for: Daiichi Sankyo, Inc., Parsippany, NJ 07054 --- NDC 65597-103-30 and  NDC 65597-103-90  ","262 bottles","Temperature Abuse; various products were not stored at Controlled Room Temperature as per USP guidelines during shipping","07/12/2014","07/31/2014","03/16/2015","08/06/2014","30 count - Lot #0002055  Exp - 11/30/2016;   90 count - Lot #0002063  Exp - 12/31/2016"
"Drugs","No","","68793","Terminated","Daiichi Sankyo Pharma Development","399 Thornall St","N/A","Edison","NJ","	08837-2236","United States","Voluntary: Firm initiated","Telephone","Nationwide","D-1503-2014","Class II","Benicar HCT Tablets (olmesartan medoxomil, hydrochlorothiazide) 20 mg/12.5 mg, 30 count bottles, Rx Only, Manufactured for: Daiichi Sankyo, Inc., Parsippany, NJ 07054 --- NDC 65597-105-30      ","108 bottles","Temperature Abuse; various products were not stored at Controlled Room Temperature as per USP guidelines during shipping","07/12/2014","07/31/2014","03/16/2015","08/06/2014","Lot #0002106  Exp - 11/30/2016"
"Drugs","No","","68793","Terminated","Daiichi Sankyo Pharma Development","399 Thornall St","N/A","Edison","NJ","	08837-2236","United States","Voluntary: Firm initiated","Telephone","Nationwide","D-1504-2014","Class II","Tribenzor Tablets (olmesartan medoxomil/amlodipine/hydrochlorothiazide), 40 mg/5 mg*/25 mg 30 count bottles, Rx Only  Manufactured for: Daiichi Sankyo, Inc., Parsippany, NJ 07054 --- NDC 65597-116-30    ","N/A","Temperature Abuse; various products were not stored at Controlled Room Temperature as per USP guidelines during shipping","07/12/2014","07/31/2014","03/16/2015","08/06/2014","Lot #211836 Exp - 11/30/2016"
"Drugs","No","","68793","Terminated","Daiichi Sankyo Pharma Development","399 Thornall St","N/A","Edison","NJ","	08837-2236","United States","Voluntary: Firm initiated","Telephone","Nationwide","D-1505-2014","Class II","Welchol Tablets (colesevelam HCl) 625 mg, 180 count bottles, Rx Only, Manufactured for: Daiichi Sankyo, Inc., Parsippany, NJ 07054 ---NDC 65597-701-18      ","68 bottles","Temperature Abuse; various products were not stored at Controlled Room Temperature as per USP guidelines during shipping","07/12/2014","07/31/2014","03/16/2015","08/06/2014","Lot NVWG Exp - 11/30/2016"
"Drugs","No","","68800","Terminated","Ben Venue Laboratories Inc","300 Northfield Rd","N/A","Bedford","OH","	44146-4650","United States","Voluntary: Firm initiated","Letter","Nationwide","D-1543-2014","Class II","CYTARAbine for Injection USP, lyophiled in glass vials, 1 gram per vial, Rx only, Distributed by Bedford Laboratories, Bedford, OH 44146, Manufactured by Ben Venue Labs, Inc., Bedford, OH 44146, NDC 55390-808-01","7172 vials","Lack of Assurance of Sterility: Crimp defects during visual inspection could affect container closure integrity.","07/31/2014","08/18/2014","12/02/2014","08/27/2014","Lot # 0161-13-2167551; Exp. 07/14  Lot # 0161-13-2176919; Exp. 08/14"
"Drugs","No","","68812","Terminated","Bracco Diagnostic Inc","259 Prospect Plains Road","Building H","Monroe Township","NJ","	08831","United States","Voluntary: Firm initiated","Letter","Nationwide and Puerto Rico","D-1536-2014","Class III","E-Z-HD (barium sulfate) For Suspension (98% w/w), 340 g bottle, Rx Only, Manufactured by E-Z-EM Canada Inc., a subsidiary of E-Z-EM, Inc., Lake Success, NY 11042, NDC 32909-764-01.","216,792 bottles","Subpotent Drug: Low out of specification results for both pH and assay obtained during routine stability testing after 36 months.","07/02/2014","08/12/2014","06/30/2015","08/20/2014","Lot #'s: 64205, 64206, 64200, 64201, 64202, 64203, 64204, 64207, 64264, Exp 05/15; 64265, 64267, 64268, 64270, 64271, Exp 06/15"
"Drugs","No","","68813","Terminated","Wockhardt Usa Inc.","20 Waterview Blvd., Suite 3","N/A","Parsippany","NJ","	07054","United States","Voluntary: Firm initiated","Letter","Nationwide","D-1513-2014","Class III","buPROPion HCl Extended-Release Tablets, USP (SR), 100 mg, 500-count bottle, Rx Only, Manufactured by: Wockhardt Limited, Mumbai, India; Distributed by: Wockhardt USA, LLC, 20 Waterview Blvd, Parsippany, NJ 07054 USA, NDC 64679-101-07.","840 bottles","Failed Impurities/Degradation Products: Out of specification levels of the impurity m-chlorobenzoic acid were observed.","07/14/2014","08/05/2014","01/12/2015","08/13/2014","Lot #: DN10635, Exp 01/15; DM13402, DN10247, Exp 11/14; and DM13449, Exp 07/14"
"Drugs","No","","68815","Terminated","Novartis Pharmaceuticals Corp.","25 Old Mill Rd","N/A","Suffern","NY","	10901-4106","United States","Voluntary: Firm initiated","Letter","Nationwide","D-1516-2014","Class III","Cataflam (diclofenac potassium) tablets, 50 mg, 100-count bottles, Rx only, Manufactured by: Patheon Inc., Whitby Operations, Ontario, Canada L1N 5Z5; Distributed by: Novartis Pharmaceuticals Corp., East Hanover, New Jersey  07936; NDC 0078-0436-05, UPC 3 0078-0436-05 2.","50 bottles","Failed Tablet/Capsule Specifications: Ink identification had rubbed off tablets in transit making them illegible to pharmacists and consumers.","07/30/2014","08/06/2014","12/05/2014","08/13/2014","Lot # PKTS, Exp 01/17"
"Drugs","No","","68839","Terminated","Fougera Pharmaceuticals  Inc.","60 Baylis Rd","N/A","Melville","NY","	11747-3838","United States","Voluntary: Firm initiated","Letter","Nationwide and Puerto Rico","D-0245-2015","Class II","FLUOCINONIDE GEL USP, 0.05%, Rx only, For External Use Only, Not For Ophthalmic Use, a) NET WT 15 gram tubes and b) NET WT 60 grams tubes, E. FOUGERA & CO., A division of Fougera Pharmaceuticals Inc., Melville, New York 11747, NDC 0168-0135-15 (15 g) and NDC 0168-0135-60 (60 g)","a) 59,622 Tubes; b)  43,178 Tubes","Failed Stability Specifications: The lots of Fluocinonide Gel USP, 0.05% recalled, may not meet the requirements for residual solvents as outlined in USP <467>.","08/28/2014","11/12/2014","06/21/2016","11/19/2014","a) 15 gram lot numbers: 549N, 550N,551N Exp. 1/2015, EB1961, Exp. 2/2017; b) 60 gram lot numbers: 546N, 547N, 548N, Exp. 1/2015, EB0144, Exp. 2/2017"
"Drugs","No","","68841","Terminated","Unique Pharmaceutical, Ltd","5920 S General Bruce Dr","Ste 100","Temple","TX","	76502-5803","United States","Voluntary: Firm initiated","Two or more of the following: Email, Fax, Letter, Press Release, Telephone, Visit","Nationwide","D-0012-2015","Class II","All sterile products within expiry","325,225 units (syringes, vials, bags)","Lack of Sterility Assurance: A recent FDA inspection revealed poor aseptic production practices that result in lack of sterility assurance of products intended to be sterile.","07/18/2014","10/09/2014","02/24/2016","10/15/2014","All Lots"
"Drugs","No","","68847","Terminated","Bio-pharm, Inc.","2091 Hartel Ave","N/A","Levittown","PA","	19057-4506","United States","Voluntary: Firm initiated","Telephone","Nationwide","D-0028-2015","Class II","Rugby Children's Pain and Fever Acetaminophen Oral Suspension 160 mg/5 mL, Cherry Flavor, 2 FL. oz bottle, OTC,   Distributed by: Rugby Laboratories Livonia, MI 48150,  NDC 0536-3606-96    Major Children's Mapap Suspension Liquid, Cherry Flavor,  4 FL OZ bottle, OTC,  Distributed by: Major Pharmaceuticals Livonia, MI 48150 , NDC 0904-6308-20,","35,739 bottles","Superpotent Drug: Bio-Pharm, Inc. is initiating a recall of one lot of Acetaminophen Oral Suspension Liquid 160mg/5mL failure of the product assay at the 6 month timepoint.","07/16/2014","10/17/2014","08/10/2015","10/29/2014","Lot  3L20,  Exp. 11/15"
"Drugs","No","","68860","Terminated","Sandoz Inc","506 Carnegie Ctr","N/A","Princeton","NJ","	08540-6243","United States","Voluntary: Firm initiated","Letter","Nationwide","D-1445-2014","Class III","Orphenadrine Citrate Extended Release Tablets, 100 mg  a)100-count bottle,  (NDC 0185-0022-01) b) 1000-count bottle, (NDC 0185-0022-10), Rx only, Manufactured by Sandoz Inc., Princeton, NJ 08540.","781,000 extended release tablets","Failed Dissolution Specifications: Product found to be out of specification (OOS) during stability testing.","07/11/2014","07/23/2014","07/10/2017","07/30/2014","Lot # DM1316; Exp.  05/16  Lot # DM1318; Exp.  05/16"
"Drugs","No","","68876","Terminated","Pfizer Inc.","235 East 42nd Street","N/A","New York","NY","	10017-5703","United States","Voluntary: Firm initiated","Letter","Nationwide","D-1537-2014","Class III","Depo-Medrol (methylprednisolone acetate injectable suspension USP), 40 mg/ mL, 1 mL Single-Dose Vial, Rx only, Distributed by Pharmacia & Upjohn Co Division of Pfizer Inc, New York NY 10017  NDC 0009-3073-03    DEPO-MEDROL methylprednisolone acetate Injectable Suspension USP, 40 mg per mL,  1 mL Single-Dose Vial, Rx ONLY, Distributed by Pharmacia & Upjohn Co Division of Pfizer Inc, New York NY 10017, NOVAPLUS is a registered trademark of Novation, LLC NDC 0009-3073-23","93,800 vials","Failed pH Specification: A pH result of 2.9 was obtained at the 9 month stability test interval at 25C/60%RH. The registered specification for pH is 3.0 - 7.0","07/30/2014","08/12/2014","03/22/2017","08/20/2014","Lot  H43272,  H43265 Exp. 09/14"
"Drugs","No","","68879","Terminated","Boehringer Ingelheim Roxane Inc","1809 Wilson Rd","N/A","Columbus","OH","	43228-9579","United States","Voluntary: Firm initiated","Letter","U.S. Nationwide","D-1486-2014","Class III","OXYCODONE HYDROCHLORIDE C II Oral Solution USP, 5 mg/5 mL, 15 mL Vial, Rx only.  Boehringer Ingelheim, Roxane Laboratories. Roxane Laboratories, Inc. Columbus, Ohio 43216. NDC: 0054-0523-41.","2,149 Bottles","Failed Stability Specifications: Out of specification result for preservative sodium benzoate.","07/28/2014","07/28/2014","05/29/2015","08/06/2014","Lot #: 360241A, Expiry: 05/2015."
"Drugs","No","","68497","Ongoing","Franck's Lab Inc dba Trinity Care Solutions","202 SW 17th St Suite C","N/A","Ocala","FL","	34471-8138","United States","Voluntary: Firm initiated","Two or more of the following: Email, Fax, Letter, Press Release, Telephone, Visit","Florida","D-1466-2014","Class II","Cefazolin 1 gm/100 mL 0.9%NS, Trinity Care Solutions, 202-C SW 17th Street, Ocala, FL 34471-5138, For Parenteral Use Only, Rx # 28837, Discard After 04/11/14","21 units","Lack of Assurance of Sterility; All lots of sterile products compounded by the pharmacy within expiry are subject to this recall. This recall is initiated due to concerns associated with quality control procedures observed during a recent FDA inspection.","05/15/2014","07/24/2014","N/A","07/30/2014","Rx # 28837, Exp 04/11/14"
"Drugs","No","","68497","Ongoing","Franck's Lab Inc dba Trinity Care Solutions","202 SW 17th St Suite C","N/A","Ocala","FL","	34471-8138","United States","Voluntary: Firm initiated","Two or more of the following: Email, Fax, Letter, Press Release, Telephone, Visit","Florida","D-1467-2014","Class II","Cubicin 444 mg/100 mL 0.9%NS, Trinity Care Solutions, 202-C SW 17th Street, Ocala, FL 34471-5138, For Parenteral Use Only, Rx # 29114, Discard After 05/13/14","1 unit","Lack of Assurance of Sterility; All lots of sterile products compounded by the pharmacy within expiry are subject to this recall. This recall is initiated due to concerns associated with quality control procedures observed during a recent FDA inspection.","05/15/2014","07/24/2014","N/A","07/30/2014","Rx # 29114, Exp 05/13/14"
"Drugs","No","","68497","Ongoing","Franck's Lab Inc dba Trinity Care Solutions","202 SW 17th St Suite C","N/A","Ocala","FL","	34471-8138","United States","Voluntary: Firm initiated","Two or more of the following: Email, Fax, Letter, Press Release, Telephone, Visit","Florida","D-1468-2014","Class II","Normal Saline 10 mL/10 mL Syringe, Trinity Care Solutions, 202-C SW 17th Street, Ocala, FL 34471-5138, Rx # 28839, Discard After 05/5/15; Rx # 29163, Discard After 05/8/15","N/A","Lack of Assurance of Sterility; All lots of sterile products compounded by the pharmacy within expiry are subject to this recall. This recall is initiated due to concerns associated with quality control procedures observed during a recent FDA inspection.","05/15/2014","07/24/2014","N/A","07/30/2014","Rx # 28839, Exp 05/5/15; Rx # 29136, Exp 05/8/15"
"Drugs","No","","68497","Ongoing","Franck's Lab Inc dba Trinity Care Solutions","202 SW 17th St Suite C","N/A","Ocala","FL","	34471-8138","United States","Voluntary: Firm initiated","Two or more of the following: Email, Fax, Letter, Press Release, Telephone, Visit","Florida","D-1469-2014","Class II","Ambisome 285 mg/250 mL D5W, Trinity Care Solutions, 202-C SW 17th Street, Ocala, FL 34471-5138, For Parenteral Use Only, Rx # 28300, Discard After 02/7/14","7 units","Lack of Assurance of Sterility; All lots of sterile products compounded by the pharmacy within expiry are subject to this recall. This recall is initiated due to concerns associated with quality control procedures observed during a recent FDA inspection.","05/15/2014","07/24/2014","N/A","07/30/2014","Rx # 28300, Exp 02/7/14"
"Drugs","No","","68497","Ongoing","Franck's Lab Inc dba Trinity Care Solutions","202 SW 17th St Suite C","N/A","Ocala","FL","	34471-8138","United States","Voluntary: Firm initiated","Two or more of the following: Email, Fax, Letter, Press Release, Telephone, Visit","Florida","D-1470-2014","Class II","ANA Kit, Trinity Care Solutions, 202-C SW 17th Street, Ocala, FL 34471-5138, For Parenteral Use Only, Rx # 28838, Discard After 03/4/15","1 unit","Lack of Assurance of Sterility; All lots of sterile products compounded by the pharmacy within expiry are subject to this recall. This recall is initiated due to concerns associated with quality control procedures observed during a recent FDA inspection.","05/15/2014","07/24/2014","N/A","07/30/2014","Rx # 28838, Exp 03/4/15"
"Drugs","No","","68497","Ongoing","Franck's Lab Inc dba Trinity Care Solutions","202 SW 17th St Suite C","N/A","Ocala","FL","	34471-8138","United States","Voluntary: Firm initiated","Two or more of the following: Email, Fax, Letter, Press Release, Telephone, Visit","Florida","D-1471-2014","Class II","Tobramycin 300 mg/7.5 mL Syringe (for Neb), Trinity Care Solutions, 202-C SW 17th Street, Ocala, FL 34471-5138, For Parenteral Use Only, Rx # 28503, Discard After 02/27/14","14 units","Lack of Assurance of Sterility; All lots of sterile products compounded by the pharmacy within expiry are subject to this recall. This recall is initiated due to concerns associated with quality control procedures observed during a recent FDA inspection.","05/15/2014","07/24/2014","N/A","07/30/2014","Rx # 28503, Exp 02/27/14"
"Drugs","No","","68497","Ongoing","Franck's Lab Inc dba Trinity Care Solutions","202 SW 17th St Suite C","N/A","Ocala","FL","	34471-8138","United States","Voluntary: Firm initiated","Two or more of the following: Email, Fax, Letter, Press Release, Telephone, Visit","Florida","D-1472-2014","Class II","Vancomycin 1 gm/100 mL 0.9%NS,Trinity Care Solutions, 202-C SW 17th Street, Ocala, FL 34471-5138, For Parenteral Use Only, Rx # 29186, Discard After 05/22/14; Rx # 29010, Discard After 05/22/14","21 units","Lack of Assurance of Sterility; All lots of sterile products compounded by the pharmacy within expiry are subject to this recall. This recall is initiated due to concerns associated with quality control procedures observed during a recent FDA inspection.","05/15/2014","07/24/2014","N/A","07/30/2014","Rx # 29186, Exp 05/22/14; Rx # 29010, Exp 05/22/14"
"Drugs","No","","68497","Ongoing","Franck's Lab Inc dba Trinity Care Solutions","202 SW 17th St Suite C","N/A","Ocala","FL","	34471-8138","United States","Voluntary: Firm initiated","Two or more of the following: Email, Fax, Letter, Press Release, Telephone, Visit","Florida","D-1473-2014","Class II","Vancomycin 1.25 gm/250 mL 0.9%NS,Trinity Care Solutions, 202-C SW 17th Street, Ocala, FL 34471-5138, For Parenteral Use Only, Rx # 29140, Discard After 05/23/14","14 units","Lack of Assurance of Sterility; All lots of sterile products compounded by the pharmacy within expiry are subject to this recall. This recall is initiated due to concerns associated with quality control procedures observed during a recent FDA inspection.","05/15/2014","07/24/2014","N/A","07/30/2014","Rx # 29140, Exp 05/23/14"
"Drugs","No","","68497","Ongoing","Franck's Lab Inc dba Trinity Care Solutions","202 SW 17th St Suite C","N/A","Ocala","FL","	34471-8138","United States","Voluntary: Firm initiated","Two or more of the following: Email, Fax, Letter, Press Release, Telephone, Visit","Florida","D-1474-2014","Class II","Vancomycin 750 mg/150mL D5W,Trinity Care Solutions, 202-C SW 17th Street, Ocala, FL 34471-5138, For Parenteral Use Only, Rx # 28878, Discard After 05/16/14","16 units","Lack of Assurance of Sterility; All lots of sterile products compounded by the pharmacy within expiry are subject to this recall. This recall is initiated due to concerns associated with quality control procedures observed during a recent FDA inspection.","05/15/2014","07/24/2014","N/A","07/30/2014","Rx # 28878, Exp 05/16/14"
"Drugs","No","","68497","Ongoing","Franck's Lab Inc dba Trinity Care Solutions","202 SW 17th St Suite C","N/A","Ocala","FL","	34471-8138","United States","Voluntary: Firm initiated","Two or more of the following: Email, Fax, Letter, Press Release, Telephone, Visit","Florida","D-1475-2014","Class II","Vancomycin 1.25 gm/100 mL 0.9%NS, Trinity Care Solutions, 202-C SW 17th Street, Ocala, FL 34471-5138, For Parenteral Use Only, Rx # 29185, Discard After 05/23/14","14 units","Lack of Assurance of Sterility; All lots of sterile products compounded by the pharmacy within expiry are subject to this recall. This recall is initiated due to concerns associated with quality control procedures observed during a recent FDA inspection.","05/15/2014","07/24/2014","N/A","07/30/2014","Rx # 29185, Exp 05/23/14"
"Drugs","No","","68497","Ongoing","Franck's Lab Inc dba Trinity Care Solutions","202 SW 17th St Suite C","N/A","Ocala","FL","	34471-8138","United States","Voluntary: Firm initiated","Two or more of the following: Email, Fax, Letter, Press Release, Telephone, Visit","Florida","D-1476-2014","Class II","Cubicin 543 mg/100 mL 0.9%NS, Trinity Care Solutions, 202-C SW 17th Street, Ocala, FL 34471-5138, For Parenteral Use Only, Rx # 29175, Discard After 05/21/14; Rx # 28830, Discard After 05/17/14","10 units","Lack of Assurance of Sterility; All lots of sterile products compounded by the pharmacy within expiry are subject to this recall. This recall is initiated due to concerns associated with quality control procedures observed during a recent FDA inspection.","05/15/2014","07/24/2014","N/A","07/30/2014","Rx # 29175, Exp 05/21/14; Rx # 28830, Exp 05/17/14"
"Drugs","No","","68497","Ongoing","Franck's Lab Inc dba Trinity Care Solutions","202 SW 17th St Suite C","N/A","Ocala","FL","	34471-8138","United States","Voluntary: Firm initiated","Two or more of the following: Email, Fax, Letter, Press Release, Telephone, Visit","Florida","D-1477-2014","Class II","Cubicin 600 mg/100 mL 0.9%NS, Trinity Care Solutions, 202-C SW 17th Street, Ocala, FL 34471-5138, For Parenteral Use Only, Rx # 29096, Discard After 05/20/14","8 units","Lack of Assurance of Sterility; All lots of sterile products compounded by the pharmacy within expiry are subject to this recall. This recall is initiated due to concerns associated with quality control procedures observed during a recent FDA inspection.","05/15/2014","07/24/2014","N/A","07/30/2014","Rx # 29096, Exp 05/20/14"
"Drugs","No","","68497","Ongoing","Franck's Lab Inc dba Trinity Care Solutions","202 SW 17th St Suite C","N/A","Ocala","FL","	34471-8138","United States","Voluntary: Firm initiated","Two or more of the following: Email, Fax, Letter, Press Release, Telephone, Visit","Florida","D-1478-2014","Class II","Cubicin 700 mg/100 mL 0.9%NS, Trinity Care Solutions, 202-C SW 17th Street, Ocala, FL 34471-5138, For Parenteral Use Only, Rx # 29083, Discard After 05/21/14","7 units","Lack of Assurance of Sterility; All lots of sterile products compounded by the pharmacy within expiry are subject to this recall. This recall is initiated due to concerns associated with quality control procedures observed during a recent FDA inspection.","05/15/2014","07/24/2014","N/A","07/30/2014","Rx # 29083, Exp 05/21/14"
"Drugs","No","","68497","Ongoing","Franck's Lab Inc dba Trinity Care Solutions","202 SW 17th St Suite C","N/A","Ocala","FL","	34471-8138","United States","Voluntary: Firm initiated","Two or more of the following: Email, Fax, Letter, Press Release, Telephone, Visit","Florida","D-1479-2014","Class II","Cefepime 1 gm/100 mL 0.9%NS, Trinity Care Solutions, 202-C SW 17th Street, Ocala, FL 34471-5138, For Parenteral Use Only, Rx # 29011, Discard After 05/21/14, Rx # 29141, Discard After 05/22/14, Rx # 29171, Discard After 05/20/14","52 units","Lack of Assurance of Sterility; All lots of sterile products compounded by the pharmacy within expiry are subject to this recall. This recall is initiated due to concerns associated with quality control procedures observed during a recent FDA inspection.","05/15/2014","07/24/2014","N/A","07/30/2014","Rx # 29011, Exp 05/21/14; Rx # 29141, Exp 05/22/14; Rx # 29171, Exp 05/20/14"
"Drugs","No","","68497","Ongoing","Franck's Lab Inc dba Trinity Care Solutions","202 SW 17th St Suite C","N/A","Ocala","FL","	34471-8138","United States","Voluntary: Firm initiated","Two or more of the following: Email, Fax, Letter, Press Release, Telephone, Visit","Florida","D-1480-2014","Class II","Ceftriaxone 2 gm/100 mL D5W, Trinity Care Solutions, 202-C SW 17th Street, Ocala, FL 34471-5138, For Parenteral Use Only, Rx # 29150, Discard After 05/17/14","5 units","Lack of Assurance of Sterility; All lots of sterile products compounded by the pharmacy within expiry are subject to this recall. This recall is initiated due to concerns associated with quality control procedures observed during a recent FDA inspection.","05/15/2014","07/24/2014","N/A","07/30/2014","Rx # 29150, Exp 05/17/14"
"Drugs","No","","68497","Ongoing","Franck's Lab Inc dba Trinity Care Solutions","202 SW 17th St Suite C","N/A","Ocala","FL","	34471-8138","United States","Voluntary: Firm initiated","Two or more of the following: Email, Fax, Letter, Press Release, Telephone, Visit","Florida","D-1481-2014","Class II","Cefepime 2 gm/100 mL 0.9%NS, Trinity Care Solutions, 202-C SW 17th Street, Ocala, FL 34471-5138, For Parenteral Use Only, Rx # 28879, Discard After 05/21/14","11 units","Lack of Assurance of Sterility; All lots of sterile products compounded by the pharmacy within expiry are subject to this recall. This recall is initiated due to concerns associated with quality control procedures observed during a recent FDA inspection.","05/15/2014","07/24/2014","N/A","07/30/2014","Rx # 28879, Exp 05/21/14"
"Drugs","No","","68497","Ongoing","Franck's Lab Inc dba Trinity Care Solutions","202 SW 17th St Suite C","N/A","Ocala","FL","	34471-8138","United States","Voluntary: Firm initiated","Two or more of the following: Email, Fax, Letter, Press Release, Telephone, Visit","Florida","D-1482-2014","Class II","Ceftriaxone 1 gm/50 mL D5W, Trinity Care Solutions, 202-C SW 17th Street, Ocala, FL 34471-5138, For Parenteral Use Only, Rx # 29190, Discard After 05/23/14, Rx # 29068, Exp 05/18/14","12 units","Lack of Assurance of Sterility; All lots of sterile products compounded by the pharmacy within expiry are subject to this recall. This recall is initiated due to concerns associated with quality control procedures observed during a recent FDA inspection.","05/15/2014","07/24/2014","N/A","07/30/2014","Rx # 29190, Exp 05/23/14; Rx # 29068, Exp 05/18/14"
"Drugs","No","","68891","Terminated","SST Corporation","635 Brighton Rd","N/A","Clifton","NJ","	07012-1027","United States","Voluntary: Firm initiated","Telephone","CA","D-1517-2014","Class II","Tetrahydrozoline HCL, 16 kg drum.  Societa Italiana Medicinali Scandicci (S.I.M.S.), Made in Italy. NDC 12660-0048 CAS #522-48-5  ","1 Drum","CGMP Deviations; Stored/dispensed in a non-GMP compliant warehouse at S.I.M.S., Italy.","07/17/2014","08/06/2014","08/04/2016","08/13/2014","Lot: 168.862, Expiry: 6/2017"
"Drugs","No","","68896","Terminated","Fagron, Inc","2400 Pilot Knob Rd","N/A","Saint Paul","MN","	55120-1118","United States","Voluntary: Firm initiated","Letter","Nationwide and Australia","D-1496-2014","Class II","Fagron, Phytobase Cream, 500 g, Article number:  802156.  RX only, For prescription compounding Natural self-emulsifying oil-in water vehicle for oil-solvents ingredients. Contains Phytosomes (Plant Oil Bodies), Manufactured by Fagron, Inc. 2400 Pilot Knob Rd, St Paul, MN 55120, NDC 51552-1205-6.","430 jars","Microbial Contamination of Non-Sterile Products: Fagron is recalling six lots due to the presence of mold.","07/24/2014","07/30/2014","10/21/2014","08/06/2014","Lot # 13J30-U17-015413; Exp 10/15  Lot # 13J30-U16-015425; Exp 10/15  Lot # 13I06-U05-014199;  Exp 10/15"
"Drugs","No","","68896","Terminated","Fagron, Inc","2400 Pilot Knob Rd","N/A","Saint Paul","MN","	55120-1118","United States","Voluntary: Firm initiated","Letter","Nationwide and Australia","D-1497-2014","Class II","Fagron, Pentravan Base 2.5 Kg, Article number:  802486.  RX only, For prescription compounding, Oil-in-water emulsion, PLO gel alternative, Preserved and fragrance-free, Manufactured by; Fagron, Inc. 2400 Pilot Knob Rd, St. Paul, MN 55120 NDC 51552-0919-8.","97 jars","Microbial Contamination of Non-Sterile Products: Fagron is recalling six lots due to the presence of mold.","07/24/2014","07/30/2014","10/21/2014","08/06/2014","Lot # 14C24-U04-018189; Exp. 03/17   Lot # 14C26-U02-018214; Exp. 03/17"
"Drugs","No","","68896","Terminated","Fagron, Inc","2400 Pilot Knob Rd","N/A","Saint Paul","MN","	55120-1118","United States","Voluntary: Firm initiated","Letter","Nationwide and Australia","D-1498-2014","Class II","Fagron, Pentravan Plus Base 2.5 Kg, Article number:  804749.  RX only, For prescription compounding, Oil-in-water emulsion base alternative to PLO gel, Added emulsifier ad viscosity-enhancing agent for use with high concentrations of active ingredients.Pre served and fragrance-free, Manufactured by: Fagron, Inc. 2400 Pilot Knob Rd, St. Paul, MN 55120,  NDC 51552-1285-8,","99 jars","Microbial Contamination of Non-Sterile Products: Fagron is recalling six lots due to the presence of mold.","07/24/2014","07/30/2014","10/21/2014","08/06/2014","Lot # 14C03-U09-017846; Exp. 03/17  Lot # 14B28-U06-017824; Exp. 03/17"
"Drugs","No","","68900","Terminated","Sandoz Incorporated","2555 W Midway Blvd","N/A","Broomfield","CO","	80020-1632","United States","Voluntary: Firm initiated","Letter","Nationwide","D-1509-2014","Class II","Alprazolam Tablets, USP, 0.25mg, Rx only, 1000 tablets, Sandoz Inc., Princeton, NJ --- NDC 0781-1061-10","1,332 bottles","Presence of Foreign Substance; tablets may contain stainless steel metal particulates","07/25/2014","07/31/2014","02/05/2015","08/06/2014","Lot EJ9591"
"Drugs","No","","68910","Terminated","Fresenius Kabi USA, LLC","2045 Cornell Ave","N/A","Melrose Park","IL","	60160-1002","United States","Voluntary: Firm initiated","Letter","Nationwide and Puerto Rico","D-1545-2014","Class II","PROPRANOLOL HYDROCHLORIDE INJECTION, USP 1 mg/mL, 1 mL Single Dose Vial, Rx only, APP Pharmaceuticals, LLC Schaumburg, IL 60173, NDC 63323-604-01","56,060 vials","CGMP Deviations: Citations given to API supplier by the Italian Health Agency AIFA for several critical deficiencies which caused a recall of the API lot used to manufacture Propanolo HCl Injection.","08/13/2014","08/19/2014","05/24/2016","08/27/2014","Lot 6007698, Exp. 03/16"
"Drugs","No","","68917","Terminated","Unit Dose Solutions Inc","860 Aviation Pkwy Ste 400A","N/A","Morrisville","NC","	27560-7395","United States","Voluntary: Firm initiated","Two or more of the following: Email, Fax, Letter, Press Release, Telephone, Visit","PA","D-0017-2015","Class II","Atorvastatin Calcium 40 MG Tablet, MFG: Apotex NDC# 6050525808","1,177 packets","Presence of Foreign Tablets/Capsules:179 doses of Valacyclovir HCl 500 mg tablets were repacked in unit dose packslabeled as Atorvastatin Calcium","06/02/2014","10/10/2014","10/16/2014","10/22/2014","Lot 204751 Exp. 04/15"
"Drugs","No","","68941","Terminated","Wockhardt Usa Inc.","20 Waterview Blvd., Suite 3","N/A","Parsippany","NJ","	07054","United States","Voluntary: Firm initiated","Letter","Nationwide","D-1541-2014","Class II","Wockhardt Metoprolol Succinate Extended-Release Tablets, USP 200 mg, a) 100-count bottle (NDC 64679-737-02), b) 500-count bottle (NDC 64679-737-03)  Rx only, Manufactured by: Wockhardt Limited Mumbai, India Distributed by: Wockhardt USA LLC 20 Waterview Boulevard. Parsippany, NJ 07054 USA     ","11,661 HDPE bottles","Failed Dissolution Specifications: Dissolution failures found during testing of control samples at the four hour time point.","07/24/2014","08/18/2014","11/20/2015","08/27/2014","Lot # a) LN11005, Exp 04/15; LN11006; Exp 04/15; b) LN10979; Exp. 04/15,  LN10980; Exp. 04/15"
"Drugs","No","","68793","Terminated","Daiichi Sankyo Pharma Development","399 Thornall St","N/A","Edison","NJ","	08837-2236","United States","Voluntary: Firm initiated","Telephone","Nationwide","D-1506-2014","Class II","Benicar Tablets (olmesartan medoxomil) 40 mg, 30 and 90 count, Rx Only Manufactured for: Daiichi Sankyo, Inc., Parsippany, NJ 07054 --- NDC 65597-104-30 and 65597-104-90","N/A","Temperature Abuse; various products were not stored at Controlled Room Temperature as per USP guidelines during shipping.","07/12/2014","07/31/2014","03/16/2015","08/06/2014","30 count - Lot #0002096  Exp - 12/31/2016;   90 count - Lot #0002058  Exp -12/31/2016"
"Drugs","No","","68793","Terminated","Daiichi Sankyo Pharma Development","399 Thornall St","N/A","Edison","NJ","	08837-2236","United States","Voluntary: Firm initiated","Telephone","Nationwide","D-1507-2014","Class II","Benicar HCT Tablets (olmesartan medoxomil/hydrochlorothiazide) 40 mg/12.5 mg, 30 count bottles, Rx Only, Manufactured for: Daiichi Sankyo, Inc., Parsippany, NJ 07054 --- NDC 65597-106-30","86 bottles","Temperature Abuse; various products were not stored at Controlled Room Temperature as per USP guidelines during shipping.","07/12/2014","07/31/2014","03/16/2015","08/06/2014","Lot #0002073  Exp - 12/31/2016"
"Drugs","No","","68793","Terminated","Daiichi Sankyo Pharma Development","399 Thornall St","N/A","Edison","NJ","	08837-2236","United States","Voluntary: Firm initiated","Telephone","Nationwide","D-1508-2014","Class II","Benicar HCT Tablets (olmesartan medoxomil/hydrochlorothiazide) 40 mg/25 mg, 30 and 90 count bottles, Rx Only, Manufactured for: Daiichi Sankyo, Inc., Parsippany, NJ 07054 --- NDC 65597-107-30 and NDC 65597-107-90","N/A","Temperature Abuse; various products were not stored at Controlled Room Temperature as per USP guidelines during shipping.","07/12/2014","07/31/2014","03/16/2015","08/06/2014","30 count/Lot #0002108  Exp - 12/31/2016;   90 count/Lot #0002078  Exp - 12/31/2016"
"Drugs","No","","68946","Terminated","Mckesson Packaging Services","7101 Weddington Rd NW","N/A","Concord","NC","	28027-3412","United States","Voluntary: Firm initiated","Letter","CO & OH","D-1515-2014","Class II","Alprazolam Tablets, USP 0.25 mg, UD 100 Tablets (10 x 10), Rx Only, Mfg By: Sandoz, Inc., Princeton, NJ 08540 --- NDC 63739-644-10","1240 boxes/124,000 tablets","Presence of Foreign Substance; tablets may contain stainless steel metal particulates","07/30/2014","08/06/2014","04/27/2017","08/13/2014","Lot 102492, exp 01/2016"
"Drugs","No","","68950","Terminated","HLI dba Humphreyline Inc","8080 Production Dr","N/A","Florence","KY","	41042-3028","United States","Voluntary: Firm initiated","Letter","Kentucky, Maryland, and Virginia.","D-1518-2014","Class II","Alcohol-Free Hand Sanitizer, 1. fl. oz. (30 ml) bottles capped with white sprayer, OTC, contains Benzalkonium chloride. Mfg. for HLI, Portland, OR 97222 NDC: 19392-120-03.  Labeled A) Anne Arundel County Mental Health Agency, Inc., B) Family Advocacy Program, and C) Henderson Community College Nursing.","975 bottles","Microbial Contamination of Non-Sterile Product","08/06/2014","08/06/2014","11/06/2014","08/13/2014","Lot #: MB140417; Expiry: 04/2017."
"Drugs","No","","68963","Terminated","Baxter Healthcare Corp","1 Baxter Pkwy","N/A","Deerfield","IL","	60015-4625","United States","Voluntary: Firm initiated","Letter","Nationwide","D-1542-2014","Class II","ProSol - sulfite-free (Amino Acid) Injection, 20%, 2000 mL VIAFLEX container bag, Rx only, Baxter Healthcare Corporation, Clinitec Nutrition Division, Deerfield, IL  60015 USA, Product Code 2B6186, NDC 0338-0499-06.","6,204 bags","Presence of Particulate Matter: identification of particulates in a retention sample that have been identified as a mixture of the amino acid leucine and inorganic material (containing iron, silicone and chlorine).","08/04/2014","08/18/2014","06/10/2015","08/27/2014","Lot #: P306225, Exp 08/14"
"Drugs","No","","68967","Terminated","Apotex Inc.","150 Signet Drive","N/A","Toronto","N/A","	N/A","Canada","Voluntary: Firm initiated","Letter","Nationwide and Puerto Rico","D-1574-2014","Class II","Paroxetine HCL Controlled-Release Tablets 12.5 mg, 30-count bottle, Rx only, Manufactured by GlaxoSmithKline, RTP, NC 27709, Manufactured for Apotex Corp., Weston, FL 33328, NDC 60505-3673-3  ","N/A","Chemical Contamination: Product were manufactured with active pharmaceutical ingredient (API) batches contaminated with residual materials and solvents.","03/24/2014","09/03/2014","09/23/2014","09/10/2014","Lot # 2A001, Exp. 01/15  Lot # 2A002, Exp. 01/15  Lot # 2C003, Exp. 03/15  Lot # 2F005, Exp. 06/15  Lot # 2G006, Exp. 07/15"
"Drugs","No","","68988","Terminated","Zydus Pharmaceuticals USA Inc","73 Route 31 N","N/A","Pennington","NJ","	08534-3601","United States","Voluntary: Firm initiated","Letter","Nationwide","D-0007-2015","Class II","ZyGenerics ATENOLOL Tablets, USP 25 mg 1000 count bottle, Rx Only Manufactured by: Cadila Healthcare Ltd. Ahmedabad, India Distributed by: Zydus Pharmaceuticals USA Inc. Pennington, NJ 08634 USA  NDC 68382-022-01","5400 bottles","Superpotent Drug: A complaint was reported by a pharmacist who stated several tablets  were noticeably thicker in appearance.","08/05/2014","10/03/2014","09/22/2017","10/15/2014","MP2292 Exp. 01/16"
"Drugs","No","","69013","Terminated","Akorn, Inc.","1925 W. Field Court, Suite 300","N/A","Lake Forest","IL","	60045","United States","Voluntary: Firm initiated","Letter","Nationwide","D-1571-2014","Class III","Rifampin for Injection USP, 600 mg*/vial (Sterile), supplied in sterile glass vials, Rx only For IV Infusion only, individually boxed, Mfd. for: Akorn, Inc., Lake Forest, IL --- NDC 17478-151-42","5,539 vials","Failed Impurity/Degradation Specification; high out of specification result for 23 transacetyl impurity at the 22 month stability time point","08/05/2014","09/22/2014","05/21/2015","10/01/2014","Lot: 12RIF4A, Expiration Date: 9/30/2014"
"Drugs","No","","69014","Terminated","Qualitest Pharmaceuticals","120 Vintage Dr NE","N/A","Huntsville","AL","	35811-8216","United States","Voluntary: Firm initiated","Letter","Nationwide","D-0037-2015","Class II","CHILDREN'S Q-PAP, Acetaminophen, ORAL SUSPENSION, BUBBLE GUM FLAVOR, Active ingredient (in each 5 mL = 1 tsp) Acetaminophen USP 160 mg, 4 FL OZ (118 mL), Made in the USA for Qualitest Pharmaceuticals, Huntsville, AL 35811, NDC 0603-0841-54, OTC","181908 units","Superpotent Drug: Qualitest Pharmaceuticals is initiating a recall of three flavors of Acetaminophen Oral Suspension Liquid 160mg/5mL for failure of the product assay at the 12 month timepoint.","08/06/2014","10/21/2014","02/02/2016","10/29/2014","Codes:  L049J12A, L067M12A, L079B13A, L079B13B, L077E13A, L010H13A, L011J13A, L101K13A"
"Drugs","No","","69014","Terminated","Qualitest Pharmaceuticals","120 Vintage Dr NE","N/A","Huntsville","AL","	35811-8216","United States","Voluntary: Firm initiated","Letter","Nationwide","D-0038-2015","Class II","CHILDREN'S Q-PAP, Acetaminophen, ORAL SUSPENSION, CHERRY FLAVOR, Active ingredient (in each 5 mL = 1 tsp) Acetaminophen USP 160 mg, 4 FL OZ (118 mL), Made in the USA for Qualitest Pharmaceuticals, Huntsville, AL 35811, NDC 0603-0842-54, OTC","101208 units","Superpotent Drug: Qualitest Pharmaceuticals is initiating a recall of three flavors of Acetaminophen Oral Suspension Liquid 160mg/5mL for failure of the product assay at the 12 month timepoint.","08/06/2014","10/21/2014","02/02/2016","10/29/2014","Codes:  L084A13A, L095F13A, L027H13A, L102K13A"
"Drugs","No","","69014","Terminated","Qualitest Pharmaceuticals","120 Vintage Dr NE","N/A","Huntsville","AL","	35811-8216","United States","Voluntary: Firm initiated","Letter","Nationwide","D-0039-2015","Class II","CHILDREN'S Q-PAP, Acetaminophen, ORAL SUSPENSION, GRAPE FLAVOR, Active ingredient (in each 5 mL = 1 tsp) Acetaminophen USP 160 mg, 4 FL OZ (118 mL), Made in the USA for Qualitest Pharmaceuticals, Huntsville, AL 35811, NDC 0603-0843-54, OTC","170113 units","Superpotent Drug: Qualitest Pharmaceuticals is initiating a recall of three flavors of Acetaminophen Oral Suspension Liquid 160mg/5mL for failure of the product assay at the 12 month timepoint.","08/06/2014","10/21/2014","02/02/2016","10/29/2014","Codes:  L084G12A, L097K12A, L001B13A, L001B13B, L079D13A, L102G13A, L007J13A"
"Drugs","No","","69048","Terminated","Perrigo Holland Inc","13295 Reflections Dr","N/A","Holland","MI","	49424-8220","United States","Voluntary: Firm initiated","Telephone","U.S. Distribution: OH, RI, OR, PA, MN, IL, AR.","D-1558-2014","Class III","Nicotine Polacrilex Lozenge, 2 mg Mint Mini.  27 Ct Tubes, Over the Counter.  Perrigo, 502 Eastern Ave, Plant #6, Allegan, MI 49010.  Labeled: A) CareOne, 81 and 108 Ct Cartons, Distributed by: Foodhold U.S.A., LLD, Landover, MD 20785, NDC: 41520-734-02, 41520-734-03, B) CVS Pharmacy, 81 Ct Cartons,  Distributed by: CVS Pharmacy, Inc., One CVS Drive, Woonsocket, RI 02895, NDC: 59779-734-02, C) equate, 27, 108, and 135 Ct Cartons, Distributed by: Wal-Mart Stores, Inc., Bentonville, AR 72716, NDC: 49035-734-01, 49035-734-03, 49035-734-04, D) Kroger, 81 Ct Cartons, Distributed by: The Kroger Co., Cincinnati, Ohio 45202, NDC: 30142-734-02, E) Rite Aid, 81 and 108 Ct Cartons, Distributed by: Rite Aid, 30 Hunter Lane, Camp Hill, PA 17011, NDC: 11822-0734-3, 11822-0734-2, F) TopCare, 81 Ct Cartons, Distributed by Topco Associates LLC., Elk Grove Villiage, IL 60007, NDC: 36800-734-60 G) Walgreens, 81 and 135 Ct Cartons, Distributed by: Walgreen Co., 200 Wilmot Rd., Deerfield, IL 60015, NDC: 0363-0734-02, 0363-0374-04, H) 20 Ct Stretchcard, Target Corporation, Minneapolis, MN 55403. NDC: 11673-734-02.","366,936 Tubes","Failed Dissolution Specifications and Failed Tablet Specifications: High 30 minute dissolution test and presence of broken lozenges.","08/19/2014","08/22/2014","01/13/2015","09/03/2014","Cartons of 27 ct Tubes: Lot #: 2MV1074, Expiry: 09/14; Lot #: 2MV1124, Expiry: 09/14; Lot #: 2MV1142, Expiry: 09/14; Lot #: 2MV1143, Expiry: 09/14; Lot #: 3AV0528, Expiry: 09/14; Lot #: 3FV0575, Expiry: 09/14; Lot #: 3FV0535, Expiry: 03/15;   Lot #: 3FV0537, Expiry: 03/15; Lot #: 3FV0576, Expiry: 03/15; Lot #: 3FV0579, Expiry: 03/15; Lot #: 3FV0615, Expiry: 03/15;   Lot #: 3FV0739, Expiry: 03/15; Lot #: 3FV0742, Expiry: 03/15, Lot #: 3GV0713, Expiry: 03/15; Lot #: 3GV0715, Expiry: 03/15, Lot #: 3FV0421, Expiry: 03/15, Lot #: 3FV0422, Expiry: 03/15;   Lot #: 3FV0423, Expiry: 03/15; Lot #: 3FV0740, Expiry: 03/15.  20 Ct Stretchcard: Lot #: 3FV0520, Expiry: 03/15."
"Drugs","No","","69056","Terminated","Healix Infusion Therapy, Inc.","1075 W Park One Dr Suite 200","N/A","Sugar Land","TX","	77478-2576","United States","Voluntary: Firm initiated","Letter","Texas and Georgia","D-1551-2014","Class II","fentaNYL 1500 mcg/30 mL (50 mcg/mL) in prefilled syringe,  COMPOUNDED DRUG   For Institutional or Office Use Only--Not for Resale   Federal Law Prohibits Dispensing without Prescription  Healix Infusion Therapy, Inc.  (866) 298-4826 1075 West Park One Drive, Suite 200, Sugar Land, Texas, 77478    NDC 75901-8008-90","50 syringes","Lack of Assurance of Sterility: Firm received fentanyl from a supplier who recalled it  because fliptop vial crimps were loose or missing.","06/27/2014","08/21/2014","08/25/2015","08/27/2014","Lot 7088-0 Exp. 07/14"
"Drugs","No","","69056","Terminated","Healix Infusion Therapy, Inc.","1075 W Park One Dr Suite 200","N/A","Sugar Land","TX","	77478-2576","United States","Voluntary: Firm initiated","Letter","Texas and Georgia","D-1552-2014","Class II","fentaNYL 2500 mcg/250 mL (10 mcg/mL) in 0.9% Sodium Chloride in flexable bag, COMPOUNDED DRUG   For Institutional or Office Use Only--Not for Resale   Federal Law Prohibits Dispensing without Prescription  Healix Infusion Therapy, Inc.  (866) 298-4826 1075 West Park One Drive, Suite 200, Sugar Land, Texas, 77478, NDC 75901-8002-04","48 bags","Lack of Assurance of Sterility: Firm received fentanyl from a supplier who recalled it  because fliptop vial crimps were loose or missing.","06/27/2014","08/21/2014","08/25/2015","08/27/2014","Lots 7230-0, 7269-0 Exp. 08/14"
"Drugs","No","","65953","Terminated","Specialty Compounding, LLC","211 South Bell (Hwy 183 N)","N/A","Cedar Park","TX","	78613","United States","Voluntary: Firm initiated","Press Release","Nationwide","D-0231-2015","Class II","All products, Rx Only Manufactured by Specialty Compounding, 211 S. Bell Blvd, Cedar Park, TX 78613","Undetermined","Lack of Assurance of Sterility","08/09/2013","10/30/2014","09/22/2016","11/05/2014","ALL lots of product on the market as of August 9, 2013."
"Drugs","No","","69056","Terminated","Healix Infusion Therapy, Inc.","1075 W Park One Dr Suite 200","N/A","Sugar Land","TX","	77478-2576","United States","Voluntary: Firm initiated","Letter","Texas and Georgia","D-1553-2014","Class II","fentaNYL 200 mcg/100 mL (2 mcg/mL) and Ropivacaine 0.2% in 0.9% Sodium Chloride 100mL, in flexable bag,  COMPOUNDED DRUG   For Institutional or Office Use Only--Not for Resale   Federal Law Prohibits Dispensing without Prescription  Healix Infusion Therapy, Inc., at 866-299-4826, 1075 West Park One Drive, Suite 200, Sugar Land, Texas, 77478, NDC 75901-8007-02","12 bags","Lack of Assurance of Sterility: Firm received fentanyl from a supplier who recalled it  because fliptop vial crimps were loose or missing.","06/27/2014","08/21/2014","08/25/2015","08/27/2014","Lot 7250-0 Exp. 08/14"
"Drugs","No","","69056","Terminated","Healix Infusion Therapy, Inc.","1075 W Park One Dr Suite 200","N/A","Sugar Land","TX","	77478-2576","United States","Voluntary: Firm initiated","Letter","Texas and Georgia","D-1554-2014","Class II","fentaNYL 2750 mcg/55 mL (50 mcg/mL) in prefilled syringe, COMPOUNDED DRUG,   For Institutional or Office Use Only--Not for Resale   Federal Law Prohibits Dispensing without Prescription  Healix Infusion Therapy, Inc.  (866) 298-4826 1075 West Park One Drive, Suite 200, Sugar Land, Texas, 77478  NDC  75901-8008-33","220 syringes","Lack of Assurance of Sterility: Firm received fentanyl from a supplier who recalled it  because fliptop vial crimps were loose or missing.","06/27/2014","08/21/2014","08/25/2015","08/27/2014","Lots 7083-0, 7202-0, 7222-0 Exp. 08/14"
"Drugs","No","","69075","Terminated","Taro Pharmaceuticals U.S.A., Inc.","3 Skyline Dr","N/A","Hawthorne","NY","	10532-2174","United States","Voluntary: Firm initiated","Letter","United States including: OH, HI, NH, MS, IL, TX, CA.","D-1584-2014","Class III","Warfarin Sodium Tablets, USP Crystalline, 2 mg, 100 and 1000 Tablet Bottles, Rx Only. Mfd. by: Taro Pharmaceutical Industries, Ltd.,  Haifa Bay, Israel 26110.  Dist. by: Taro Pharmaceuticals U.S.A., Inc., Hawthorne, NY 10532. 100 Tablet Bottle NDC: 51672-4028-1, 1000 Tablet Bottle NDC: 51672-4028-3.","1396 Bottles","Failed Content Uniformity Specifications.","08/25/2014","09/12/2014","05/18/2018","09/24/2014","Lot #: 149400, Expiry: January 2016;   Lot #: 149649, Expiry: January 2016."
"Drugs","No","","69076","Terminated","ChiroNutraceutical LLC","700 Spirit Of Saint Louis Blvd Ste I","N/A","Chesterfield","MO","	63005-1025","United States","Voluntary: Firm initiated","Letter","U.S. Nationwide","D-1569-2014","Class III","CHIROTHIN Dietary Supplement, 2 Fl Oz (60 ml), OTC. Manufactured for ChiroNeutraceutical, 877-377-7636, Chesterfield, MO 63005.","12,948 Bottles","Marketed without an Approved NDA/ANDA; Product contains unapproved hHCG.","08/20/2014","09/09/2014","06/16/2015","09/17/2014","Lot #: 072010-22, Exp: 12/2013;  Lot #: 072010-23, Exp:  01/2014; Lot #: 072010-25, Exp:  03/2014; Lot #: 072010-26, Exp:  04/2014; Lot #: 072010-27, Exp:  05/2014; Lot #: 072010-29, Exp:  07/2014; Lot #: 072010-30, Exp:  08/2014; Lot #: 072010-31, Exp:  09/2014; Lot #: 072010-33, Exp:  11/2014;  Lot #: 072010-34, Exp:  01/2015; Lot #: 072010-36, Exp:  02/2015; Lot #: 072010-39, Exp:  05/2015; Lot #: 072010-43, Exp: 06/2015; and Lot #: 072010-48, Exp: 10/2015."
"Drugs","No","","69056","Terminated","Healix Infusion Therapy, Inc.","1075 W Park One Dr Suite 200","N/A","Sugar Land","TX","	77478-2576","United States","Voluntary: Firm initiated","Letter","Texas and Georgia","D-1555-2014","Class II","fentaNYL 5000 mcg/250 mL (20 mcg/mL) in 0.9% Sodium Chloride in a flexable bag, COMPOUNDED DRUG   For Institutional or Office Use Only--Not for Resale, Federal Law Prohibits Dispensing without Prescription  Healix Infusion Therapy, Inc.  (866) 298-4826 1075 West Park One Drive, Suite 200, Sugar Land, Texas, 77478, NDC 75901-8015-04","N/A","Lack of Assurance of Sterility: Firm received fentanyl from a supplier who recalled it  because fliptop vial crimps were loose or missing.","06/27/2014","08/21/2014","08/25/2015","08/27/2014","Lot 7257-0 Exp. 08/14"
"Drugs","No","","69130","Terminated","Baxter Healthcare Corp","1 Baxter Pkwy","N/A","Deerfield","IL","	60015-4625","United States","Voluntary: Firm initiated","Letter","Nationwide","D-1606-2014","Class II","Potassium Chloride Injection, 10 mEq per 100 mL, Highly Concentrated (100 mEq/L), 100 mL Sterile single dose container bags, Rx only, Baxter USA, product code 2B0826, NDC 0338-0709-48.","148632 bags","Correct Labeled Product Mispack: Shipping cartons labeled as containing Potassium Chloride injection actually contained bags labeled and containing Gentamicin Sulfate injection inside.","09/08/2014","09/23/2014","09/27/2016","10/01/2014","Lot P318220, EXP 05/31/15"
"Drugs","No","","68967","Terminated","Apotex Inc.","150 Signet Drive","N/A","Toronto","N/A","	N/A","Canada","Voluntary: Firm initiated","Letter","Nationwide and Puerto Rico","D-1575-2014","Class II","PAXIL  (Paroxetine HCL) Oral Suspension 10 mg/5 mL - 250 mL bottle, Rx Only, Manufactured by GlaxoSmithKline, RTP, NC 27709. Distributed by Apotex Corp., Westin, FL 33326, NDC 60505-0402-5","13,429 bottles","Chemical Contamination: Product were manufactured with active pharmaceutical ingredient (API) batches contaminated with residual materials and solvents.","03/24/2014","09/03/2014","09/23/2014","09/10/2014","Lot # 2A001,  Exp. 01/15; Lot # 2C002, Exp. 03/15"
"Drugs","No","","68967","Terminated","Apotex Inc.","150 Signet Drive","N/A","Toronto","N/A","	N/A","Canada","Voluntary: Firm initiated","Letter","Nationwide and Puerto Rico","D-1576-2014","Class II","Paroxetine HCL Controlled-Release Tablets 25 mg, 30-count bottle, Rx only, Manufactured by GlaxoSmithKline, RTP, NC 27709, Manufactured for Apotex Corp., Weston, FL 33328, NDC 60505-3674-3","N/A","Chemical Contamination: Product were manufactured with active pharmaceutical ingredient (API) batches contaminated with residual materials and solvents.","03/24/2014","09/03/2014","09/23/2014","09/10/2014","Lot # 2A002, Exp. 01/15  Lot # 2A003, Exp. 01/15  Lot # 2C004, Exp. 03/15  Lot # 2C005, Exp. 03/15  Lot # 2E008, Exp. 05/15  Lot # 2F009, Exp. 06/15  Lot # 2F010, Exp. 06/15  Lot # 2H011, Exp. 08/15  Lot # 2H012, Exp. 08/15  Lot # 2H013, Exp. 0815"
"Drugs","No","","69133","Terminated","Micro Labs Usa, Inc                                    S","104 Carnegie Ctr","Te 216","Princeton","NJ","	08540-6232","United States","Voluntary: Firm initiated","Letter","CT, FL, MD, MS, NY","D-0046-2015","Class II","GLIMEPIRIDE TABLETS, USP 2 mg, a)100 count bottle, (NDC 42571-101-01), b)  500 count Bottle (NDC 42571-101-05), Rx only, Manufactured by: Micro Labs Limited, Goa-403 722, INDIA, Manufactured for: Micro Labs USA, Inc., Princeton, NJ 08540","11,328 bottles","Failed Stability Specifications: Micro Labs is recalling two lots due to out of specification results during stability testing.","10/09/2014","10/27/2014","12/29/2015","11/05/2014","GLBG001 Exp.12/14, GLBG008 Exp. 06/15"
"Drugs","No","","69135","Terminated","Solace International Inc","80 Continental Dr Ste 101","N/A","Reno","NV","	89509-3440","United States","Voluntary: Firm initiated","Press Release","Amazon US and Amazon UK","D-1585-2014","Class II","Dermatend Original, mole, wart and skin tag remover, For external use only, Ingredient: Distilled Water, Sanguinaria Canadensis, Vegetable Glycerin, Butter of Zinc, Germall Plus, 0.17 OZ (5g) container, Solace International, Inc., Reno, NV 89509, USA","1606 containers","Labeling: Labeling Bears Unapproved Claims; Dermatend is not FDA approved and therefore has not been shown to be safe and effective for the uses suggested in the labeling.","08/28/2014","09/16/2014","11/17/2015","09/24/2014","All lots"
"Drugs","No","","69141","Terminated","Sage Products Inc","3909 3 Oaks Rd","N/A","Cary","IL","	60013-1804","United States","Voluntary: Firm initiated","Letter","Nationwide","D-1573-2014","Class II","Comfort Shield Barrier Cream Cloths with dimethicone a) 8 count NDC 53462-915-80, b) 24 count NDC 53462-915-60, OTC, SAGE PRODUCTS INC., 3909 Three Oaks Road, Cary, IL 60013","8-ct. 7,066 cases; 24-ct. 2,664 cases","Microbial Contamination of Non-Sterile Products: Comfort Shield Barrier Cream Cloth packages tested positive for bacterial contamination.","08/27/2014","09/03/2014","02/08/2016","09/10/2014","Lot: 44385; Exp.06/16; Lot: 44669; Exp.12/15"
"Drugs","No","","69144","Terminated","Baxter Healthcare Corp.","1 Baxter Pkwy","N/A","Deerfield","IL","	60015-4625","United States","Voluntary: Firm initiated","Letter","Nationwide","D-1583-2014","Class II","0.9% Sodium Chloride Injection, USP, 500 mL, VIAFLEX Plastic Container, Baxter Healthcare Corporation, Deerfield, IL NDC 0338-0049-03","157,080 containers","Lack of Assurance of Sterility; complaints of mold in the overpouch","07/30/2014","09/05/2014","06/08/2016","09/17/2014","Lot #C926642, Product Code: 2B1323N"
"Drugs","No","","69152","Terminated","Martin Avenue Pharmacy, Inc.","1247 Rickert Dr","N/A","Naperville","IL","	60540-1008","United States","Voluntary: Firm initiated","Two or more of the following: Email, Fax, Letter, Press Release, Telephone, Visit","Nationwide","D-0054-2015","Class II","Acetylcysteine 10% (PF) inhalant solution packaged in either a 3 mL or 7 mL vial, Martin Avenue Pharmacy, 1247 Rickert Dr, Naperville, IL.","1440 mL","Lack of Assurance of Sterility: Martin Avenue Pharmacy, Inc. is conducting a voluntary recall of all compounded sterile preparations within expiry. The recall is being initiated in connection with a recent FDA inspection due to observations associated with certain quality control procedures that present a risk to sterility assurance.","08/27/2014","10/29/2014","05/31/2018","11/05/2014","Lot Number: 08072014@64, Exp 9/6/2014"
"Drugs","No","","69152","Terminated","Martin Avenue Pharmacy, Inc.","1247 Rickert Dr","N/A","Naperville","IL","	60540-1008","United States","Voluntary: Firm initiated","Two or more of the following: Email, Fax, Letter, Press Release, Telephone, Visit","Nationwide","D-0055-2015","Class II","Acetylcysteine 20% (PF) inhalant solution packaged in either a 3 mL or 7 mL vial, Martin Avenue Pharmacy, 1247 Rickert Dr, Naperville, IL.","450 mL","Lack of Assurance of Sterility: Martin Avenue Pharmacy, Inc. is conducting a voluntary recall of all compounded sterile preparations within expiry. The recall is being initiated in connection with a recent FDA inspection due to observations associated with certain quality control procedures that present a risk to sterility assurance.","08/27/2014","10/29/2014","05/31/2018","11/05/2014","Lot Number: 07022014@43, Exp 9/30/2014; 08052014@1, Exp 11/3/2014"
"Drugs","No","","69152","Terminated","Martin Avenue Pharmacy, Inc.","1247 Rickert Dr","N/A","Naperville","IL","	60540-1008","United States","Voluntary: Firm initiated","Two or more of the following: Email, Fax, Letter, Press Release, Telephone, Visit","Nationwide","D-0056-2015","Class II","Acetylcysteine 10% opthalmic solution packaged in an opaque squeeze bottle eye dropper, Martin Avenue Pharmacy, 1247 Rickert Dr, Naperville, IL.","30 mL","Lack of Assurance of Sterility: Martin Avenue Pharmacy, Inc. is conducting a voluntary recall of all compounded sterile preparations within expiry. The recall is being initiated in connection with a recent FDA inspection due to observations associated with certain quality control procedures that present a risk to sterility assurance.","08/27/2014","10/29/2014","05/31/2018","11/05/2014","Lot Number: 07092014@21, Exp 10/7/2014; 08082014@40, Exp 11/6/2014"
"Drugs","No","","69152","Terminated","Martin Avenue Pharmacy, Inc.","1247 Rickert Dr","N/A","Naperville","IL","	60540-1008","United States","Voluntary: Firm initiated","Two or more of the following: Email, Fax, Letter, Press Release, Telephone, Visit","Nationwide","D-0057-2015","Class II","Alprostadil alcohol 500 mcg/mL injectable packaged in amber glass injectable vial, Martin Avenue Pharmacy, 1247 Rickert Dr, Naperville, IL.","800 mL","Lack of Assurance of Sterility: Martin Avenue Pharmacy, Inc. is conducting a voluntary recall of all compounded sterile preparations within expiry. The recall is being initiated in connection with a recent FDA inspection due to observations associated with certain quality control procedures that present a risk to sterility assurance.","08/27/2014","10/29/2014","05/31/2018","11/05/2014","Lot Number: 05022014@19, Exp 10/29/2014; 05022014@28, Exp 10/29/2014; 06122014@17, Exp 12/9/2014;  07302014@22, Exp 1/26/2015"
"Drugs","No","","69152","Terminated","Martin Avenue Pharmacy, Inc.","1247 Rickert Dr","N/A","Naperville","IL","	60540-1008","United States","Voluntary: Firm initiated","Two or more of the following: Email, Fax, Letter, Press Release, Telephone, Visit","Nationwide","D-0058-2015","Class II","Atropine sulfate 0.01% opthalmic solution packaged in a squeeze bottle eye dropper,  Martin Avenue Pharmacy, 1247 Rickert Dr, Naperville, IL.","20 mL","Lack of Assurance of Sterility: Martin Avenue Pharmacy, Inc. is conducting a voluntary recall of all compounded sterile preparations within expiry. The recall is being initiated in connection with a recent FDA inspection due to observations associated with certain quality control procedures that present a risk to sterility assurance.","08/27/2014","10/29/2014","05/31/2018","11/05/2014","Lot Number: 07162014@33, Exp 10/14/2014"
"Drugs","No","","69152","Terminated","Martin Avenue Pharmacy, Inc.","1247 Rickert Dr","N/A","Naperville","IL","	60540-1008","United States","Voluntary: Firm initiated","Two or more of the following: Email, Fax, Letter, Press Release, Telephone, Visit","Nationwide","D-0059-2015","Class II","Atropine sulfate 0.5% opthalmic solution packaged in a squeeze bottle eye dropper, Martin Avenue Pharmacy, 1247 Rickert Dr, Naperville, IL.","10 mL","Lack of Assurance of Sterility: Martin Avenue Pharmacy, Inc. is conducting a voluntary recall of all compounded sterile preparations within expiry. The recall is being initiated in connection with a recent FDA inspection due to observations associated with certain quality control procedures that present a risk to sterility assurance.","08/27/2014","10/29/2014","05/31/2018","11/05/2014","Lot Number: 06062014@26, Exp 9/4/2014"
"Drugs","No","","69152","Terminated","Martin Avenue Pharmacy, Inc.","1247 Rickert Dr","N/A","Naperville","IL","	60540-1008","United States","Voluntary: Firm initiated","Two or more of the following: Email, Fax, Letter, Press Release, Telephone, Visit","Nationwide","D-0060-2015","Class II","Atropine sulfate 1 mg/mL injectable packaged in an amber glass injectable vial, Martin Avenue Pharmacy, 1247 Rickert Dr, Naperville, IL.","50 mL","Lack of Assurance of Sterility: Martin Avenue Pharmacy, Inc. is conducting a voluntary recall of all compounded sterile preparations within expiry. The recall is being initiated in connection with a recent FDA inspection due to observations associated with certain quality control procedures that present a risk to sterility assurance.","08/27/2014","10/29/2014","05/31/2018","11/05/2014","Lot Number: 08192014@36, Exp 11/17/2014"
"Drugs","No","","69152","Terminated","Martin Avenue Pharmacy, Inc.","1247 Rickert Dr","N/A","Naperville","IL","	60540-1008","United States","Voluntary: Firm initiated","Two or more of the following: Email, Fax, Letter, Press Release, Telephone, Visit","Nationwide","D-0061-2015","Class II","Atropine sulfate 2 mg/mL injectable packaged in an amber glass injectable vial, Martin Avenue Pharmacy, 1247 Rickert Dr, Naperville, IL.","1 mL","Lack of Assurance of Sterility: Martin Avenue Pharmacy, Inc. is conducting a voluntary recall of all compounded sterile preparations within expiry. The recall is being initiated in connection with a recent FDA inspection due to observations associated with certain quality control procedures that present a risk to sterility assurance.","08/27/2014","10/29/2014","05/31/2018","11/05/2014","Lot Number: 07152014@39, Exp 10/13/2014"
"Drugs","No","","69152","Terminated","Martin Avenue Pharmacy, Inc.","1247 Rickert Dr","N/A","Naperville","IL","	60540-1008","United States","Voluntary: Firm initiated","Two or more of the following: Email, Fax, Letter, Press Release, Telephone, Visit","Nationwide","D-0062-2015","Class II","Bacteriostatic water for injection packaged in an amber glass injectable vial, Martin Avenue Pharmacy, 1247 Rickert Dr, Naperville, IL.","600 mL","Lack of Assurance of Sterility: Martin Avenue Pharmacy, Inc. is conducting a voluntary recall of all compounded sterile preparations within expiry. The recall is being initiated in connection with a recent FDA inspection due to observations associated with certain quality control procedures that present a risk to sterility assurance.","08/27/2014","10/29/2014","05/31/2018","11/05/2014","Lot Number: 03082014@2, Exp 9/4/2014; 04142014@8, Exp 10/11/2014; 05242014@2, Exp 11/20/2014; 06202014@20, Exp 12/17/2014; 08192014@33, Exp 2/15/2015"
"Drugs","No","","69157","Terminated","Qualitest Pharmaceuticals","120 Vintage Dr NE","N/A","Huntsville","AL","	35811-8216","United States","Voluntary: Firm initiated","Letter","Nationwide","D-1572-2014","Class II","OXYCODONE and ACETAMINOPHEN, USP 10 mg/325 mg, CII, 100 TABLETS, Rx only, Manufactured for: QUALITEST PHARMACEUTICALS, HUNTSVILLE, AL 35811, NDC 0603-4982-21","23,544 bottles","Failed Tablet/Capsule Specifications: Broken tablets found in sealed bottles.","08/27/2014","09/03/2014","02/01/2016","09/10/2014","T062A14A, Exp 12/15"
"Drugs","No","","69163","Terminated","Hospira Inc.","275 N Field Dr","N/A","Lake Forest","IL","	60045-2579","United States","Voluntary: Firm initiated","N/A","Nationwide","D-1604-2014","Class II","Buprenorphine Hydrochloride Injection, CIII, 0.3 mg base/mL ,1 mL, 10  Carpuject Sterile Cartridge Units with Luer Lock, Slim-Paks, F Intramuscular or Intravenous Use, Rx Only, Hospira, Inc., Lake Forest, IL 60045, NDC 0409-2012-32","373,180 Carpuject units","Failed Impurities/Degradation Specification: Out of Specification results for pseudobuprenorphine impurity at the 9-month stability time point.","09/09/2014","09/19/2014","03/17/2017","10/01/2014","Lot Number:  35-730-LL, 35-745-LL, Exp:  1 FEB 2015"
"Drugs","No","","68967","Terminated","Apotex Inc.","150 Signet Drive","N/A","Toronto","N/A","	N/A","Canada","Voluntary: Firm initiated","Letter","Nationwide and Puerto Rico","D-1577-2014","Class II","Paroxetine HCL Controlled-Release Tablets 37.5 mg, 30-count bottle, Rx only, Manufactured by GlaxoSmithKline, RTP, NC 27709, Manufactured for Apotex Corp., Weston, FL 33328, NDC 60505-3675-3","N/A","Chemical Contamination: Product were manufactured with active pharmaceutical ingredient (API) batches contaminated with residual materials and solvents.","03/24/2014","09/03/2014","09/23/2014","09/10/2014","Lot # 2C002, Exp. 03/15  Lot # 2H004, Exp. 08/15  Lot # 2H006, Exp. 08/15"
"Drugs","No","","68967","Terminated","Apotex Inc.","150 Signet Drive","N/A","Toronto","N/A","	N/A","Canada","Voluntary: Firm initiated","Letter","Nationwide and Puerto Rico","D-1578-2014","Class II","PAXIL CR (Paroxetine HCL) Controlled-Release Tablets 25 mg, 30-count bottle, Rx only, Manufactured by GlaxoSmithKline, RTP, NC 27709, Manufactured for Apotex Corp., Weston, FL 33328, NDC 60505-3669-3","N/A","Chemical Contamination: Product were manufactured with active pharmaceutical ingredient (API) batches contaminated with residual materials and solvents.","03/24/2014","09/03/2014","09/23/2014","09/10/2014","Lot # 2F004, Exp. 06/15"
"Drugs","No","","68967","Terminated","Apotex Inc.","150 Signet Drive","N/A","Toronto","N/A","	N/A","Canada","Voluntary: Firm initiated","Letter","Nationwide and Puerto Rico","D-1579-2014","Class II","PAXIL CR (Paroxetine HCL) Controlled-Release Tablets 37.5 mg, 30-count bottle, Rx only, Manufactured by GlaxoSmithKline, RTP, NC 27709, Manufactured for Apotex Corp., Weston, FL 33328, NDC 60505-3670-3","N/A","Chemical Contamination: Product were manufactured with active pharmaceutical ingredient (API) batches contaminated with residual materials and solvents.","03/24/2014","09/03/2014","09/23/2014","09/10/2014","Lot # 2E001; Exp. 05/15"
"Drugs","No","","68967","Terminated","Apotex Inc.","150 Signet Drive","N/A","Toronto","N/A","	N/A","Canada","Voluntary: Firm initiated","Letter","Nationwide and Puerto Rico","D-1580-2014","Class II","PAXIL (Paroxetine HCL) Tablets 10 mg, 30-count bottle, Rx only, Manufactured by GlaxoSmithKline, RTP, NC 27709, Manufactured for Apotex Corp., Weston, FL 33328, NDC 60505-3663-3","N/A","Chemical Contamination: Product were manufactured with active pharmaceutical ingredient (API) batches contaminated with residual materials and solvents.","03/24/2014","09/03/2014","09/23/2014","09/10/2014","Lot # 2ZP7113, Exp. 08/15"
"Drugs","No","","68967","Terminated","Apotex Inc.","150 Signet Drive","N/A","Toronto","N/A","	N/A","Canada","Voluntary: Firm initiated","Letter","Nationwide and Puerto Rico","D-1581-2014","Class II","PAXIL (Paroxetine HCL) Tablets 20 mg, 30-count bottle, Rx only, Manufactured by GlaxoSmithKline, RTP, NC 27709, Manufactured for Apotex Corp., Weston, FL 33328, NDC 60505-3664-3","N/A","Chemical Contamination: Product were manufactured with active pharmaceutical ingredient (API) batches contaminated with residual materials and solvents.","03/24/2014","09/03/2014","09/23/2014","09/10/2014","Lot # 2ZP5499, Exp. 02/15"
"Drugs","No","","68967","Terminated","Apotex Inc.","150 Signet Drive","N/A","Toronto","N/A","	N/A","Canada","Voluntary: Firm initiated","Letter","Nationwide and Puerto Rico","D-1582-2014","Class II","PAXIL (Paroxetine HCL) Tablets 40 mg, 30-count bottle, Rx only, Manufactured by GlaxoSmithKline, RTP, NC 27709, Manufactured for Apotex Corp., Weston, FL 33328, NDC 60505-3666-3","N/A","Chemical Contamination: Product were manufactured with active pharmaceutical ingredient (API) batches contaminated with residual materials and solvents.","03/24/2014","09/03/2014","09/23/2014","09/10/2014","Lot #  2ZP3908, Exp. 05/15"
"Drugs","No","","69159","Terminated","Alvogen, Inc","10 Bloomfield Ave","Building B, Suite 2","Pine Brook","NJ","	07058-9743","United States","Voluntary: Firm initiated","Letter","Nationwide","D-1607-2014","Class II","Oxycodone and Acetaminophen Tablets USP 10 mg/325 mg 100 count bottles Rx Only.  Manufactured by Norwich Pharmaceuticals Inc., Norwich, NY  13185 USA; Distributed by Alvogen Inc, Pine Brook NJ 07058 USA.","8,964 (100 Count) bottles","Failed Content Uniformity Specifications - The lot failed to meet the acceptance criteria for Uniformity of Dosage Units at the time of release for the oxycodone component.","08/28/2014","09/23/2014","04/30/2015","10/01/2014","NDC #47781-0230-01; Lot # 453289; Exp 08/31/15"
"Drugs","No","","69170","Terminated","Apotex Corp.","2400 N Commerce Pkwy Ste 400","N/A","Weston","FL","	33326-3253","United States","Voluntary: Firm initiated","Letter","Nationwide","D-1570-2014","Class III","Candesartan Cilexetil and Hydrochlorothiazide Tablets 32 mg/12.5 mg, 90 count bottles, Rx only, Manufactured by: Apotex Research Pvt. Ltd. Bangalore - 560 099, India NDC 60505-3759-9","1,494 bottles","Failed Impurity/Degradation Specification; high out of specification for CAD II degradant","08/21/2014","09/15/2014","10/02/2019","09/24/2014","Lot # KK6086, exp 03/2015, UPC 360505375998."
"Drugs","No","","69177","Terminated","Apotex Corp.","2400 N Commerce Pkwy Ste 400","N/A","Weston","FL","	33326-3253","United States","Voluntary: Firm initiated","Letter","Nationwide.","D-1609-2014","Class III","Olanzapine Orally Disintegrating Tablets 5 mg, 30-count Bottle, Rx only, Manufactured by Apotex Inc. Toronto, Ontario Canada M9L1T9, Manufactured for Apotex Corp., Weston, Florida 33326, NDC # 60505-3275-03","5,397 bottles","Subpotent Drug: Out of specification (OOS) results at the 9 month temperature point.","04/18/2014","09/24/2014","04/07/2017","10/01/2014","Lot # KM4951; Exp. 04/15"
"Drugs","No","","69135","Terminated","Solace International Inc","80 Continental Dr Ste 101","N/A","Reno","NV","	89509-3440","United States","Voluntary: Firm initiated","Press Release","Amazon US and Amazon UK","D-1586-2014","Class II","Dermatend Ultra, mole, wart and skin tag remover, For external use only, Ingredient: Distilled Water, Sanguinaria Canadensis, Vegetable Glycerin, Butter of Zinc, Germall Plus, 0.34 OZ (10g) container, Solace International, Inc., Reno, NV 89509, USA","1249 containers and kits","Labeling: Labeling Bears Unapproved Claims; Dermatend is not FDA approved and therefore has not been shown to be safe and effective for the uses suggested in the labeling.","08/28/2014","09/16/2014","11/17/2015","09/24/2014","All lots"
"Drugs","No","","69206","Terminated","New Gpc Inc.","Lot A1, Farm","N/A","East Bank Demerara","N/A","	N/A","Guyana","Voluntary: Firm initiated","Two or more of the following: Email, Fax, Letter, Press Release, Telephone, Visit","New York","D0029-2015","Class II","alcosulph Moisturizing Cream, Net Contents: 60g.  Product packaged within a plastic container individually placed in small carton.  Country of Origin Guyana.","690 units","Does Not Meet Monograph: NEW GPC INC. has recalled multiple Over-the-Counter Drug Products due to lack of drug listing, lack of OTC drug labeling requirements and labeled Not Approved for sale in U.S.A..","08/07/2014","10/17/2014","06/04/2018","10/29/2014","Batch Numbers: 201158, 307056, 311457"
"Drugs","No","","69206","Terminated","New Gpc Inc.","Lot A1, Farm","N/A","East Bank Demerara","N/A","	N/A","Guyana","Voluntary: Firm initiated","Two or more of the following: Email, Fax, Letter, Press Release, Telephone, Visit","New York","D0030-2015","Class II","alcosulph Astringent Lotion, Net Contents: 1) 60 mL and 2) 120 mL.  Product packaged within a glass container individually placed in small carton.  Country of Origin Guyana.","900 units","Does Not Meet Monograph: NEW GPC INC. has recalled multiple Over-the-Counter Drug Products due to lack of drug listing, lack of OTC drug labeling requirements and labeled Not Approved for sale in U.S.A..","08/07/2014","10/17/2014","06/04/2018","10/29/2014","Batch Numbers: 304159, 211463, 308345"
"Drugs","No","","69206","Terminated","New Gpc Inc.","Lot A1, Farm","N/A","East Bank Demerara","N/A","	N/A","Guyana","Voluntary: Firm initiated","Two or more of the following: Email, Fax, Letter, Press Release, Telephone, Visit","New York","D0031-2015","Class II","MUSTARCREME, Net Contents: 60g (21 oz)  Country of Origin Guyana.","1320 units","Does Not Meet Monograph: NEW GPC INC. has recalled multiple Over-the-Counter Drug Products due to lack of drug listing, lack of OTC drug labeling requirements and labeled Not Approved for sale in U.S.A..","08/07/2014","10/17/2014","06/04/2018","10/29/2014","Batch Numbers: 305150, 312236, 311231"
"Drugs","No","","69206","Terminated","New Gpc Inc.","Lot A1, Farm","N/A","East Bank Demerara","N/A","	N/A","Guyana","Voluntary: Firm initiated","Two or more of the following: Email, Fax, Letter, Press Release, Telephone, Visit","New York","D0032-2015","Class II","Ferrol EXPECTORANT, Net Contents: 100 mL.  Product packaged within a plastic bottle individually placed in small blue carton.  Manufactured by: NEW GPC INC. A1 Farm, EBD.  Country of Origin Guyana.","36 units","Does Not Meet Monograph: NEW GPC INC. has recalled multiple Over-the-Counter Drug Products due to lack of drug listing, lack of OTC drug labeling requirements and labeled Not Approved for sale in U.S.A..","08/07/2014","10/17/2014","06/04/2018","10/29/2014","Batch Numbers: 305206"
"Drugs","No","","69206","Terminated","New Gpc Inc.","Lot A1, Farm","N/A","East Bank Demerara","N/A","	N/A","Guyana","Voluntary: Firm initiated","Two or more of the following: Email, Fax, Letter, Press Release, Telephone, Visit","New York","D0033-2015","Class II","WHITFIELD LOTION, Net Contents: 60 mL.  Manufactured by: NEW GPC INC. A1 Farm, EBD.  Country of Origin Guyana.","360 units","Does Not Meet Monograph: NEW GPC INC. has recalled multiple Over-the-Counter Drug Products due to lack of drug listing, lack of OTC drug labeling requirements and labeled Not Approved for sale in U.S.A..","08/07/2014","10/17/2014","06/04/2018","10/29/2014","Batch Numbers: 308289"
"Drugs","No","","69206","Terminated","New Gpc Inc.","Lot A1, Farm","N/A","East Bank Demerara","N/A","	N/A","Guyana","Voluntary: Firm initiated","Two or more of the following: Email, Fax, Letter, Press Release, Telephone, Visit","New York","D0034-2015","Class II","Whitfield's OINTMENT B.P., Net Contents: 15g.  Manufactured by: NEW GPC INC. A1 Farm, EBD.  Country of Origin Guyana.","4320 units","Does Not Meet Monograph: NEW GPC INC. has recalled multiple Over-the-Counter Drug Products due to lack of drug listing, lack of OTC drug labeling requirements and labeled Not Approved for sale in U.S.A.","08/07/2014","10/17/2014","06/04/2018","10/29/2014","Batch Numbers: 202504, 310455"
"Drugs","No","","69206","Terminated","New Gpc Inc.","Lot A1, Farm","N/A","East Bank Demerara","N/A","	N/A","Guyana","Voluntary: Firm initiated","Two or more of the following: Email, Fax, Letter, Press Release, Telephone, Visit","New York","D0035-2015","Class II","Rector's Remedy OINTMENT, Net Contents: 15g.  Manufactured by: NEW GPC INC. A1 Farm, EBD.  Country of Origin Guyana.","2,304 units","Does Not Meet Monograph:  NEW GPC INC. has recalled multiple Over-the-Counter Drug Products due to lack of drug listing and lack of OTC drug labeling requirements.","08/07/2014","10/17/2014","06/04/2018","10/29/2014","Batch Numbers: 311478, 305207"
"Drugs","No","","69233","Terminated","Qualitest Pharmaceuticals","120 Vintage Dr NE","N/A","Huntsville","AL","	35811-8216","United States","Voluntary: Firm initiated","Letter","Nationwide","D-1605-2014","Class III","MethylPREDNISolone TABLETS, USP 4 mg, a) 100 count bottles (NDC 0603-4593-21)  and b) 21 count blister pack (NDC 0603-4593-15), Rx only, Mfg for:  QUALITEST PHARMACEUTICALS, HUNTSVILLE, AL  35811","159,913 tablets","Subpotent; 6 month stability time point","09/11/2014","09/22/2014","01/27/2016","10/01/2014","100 count: T147F13A, Exp. 05/2015; 21 count: S003M14, Exp. 05/2015"
"Drugs","No","","69237","Terminated","Actavis Laboratories, FL, Inc.","4955 Orange Dr","N/A","Davie","FL","	33314-3902","United States","Voluntary: Firm initiated","Two or more of the following: Email, Fax, Letter, Press Release, Telephone, Visit","Nationwide and Puerto Rico","D-1616-2014","Class II","Diclofenac Sodium and Misoprostol Delayed-Release Tablets, 75 mg/0.2 mg, 60-count bottle, Rx only, Manufactured by: Watson Laboratories, Inc., Corona, CA 92880, NDC 0591-0398-60, UPC 3 05910 39860 6.","36,538 bottles","Failed Tablet/Capsule Specifications: Recall due to complaints of split or broken tablets.","04/24/2014","09/30/2014","12/23/2016","10/08/2014","Lot #: 605956A, 605958A, Exp. 9/30/2014; 644678M, Exp. 10/31/2014; 661841A, Exp. 11/30/2014; 717469A, Exp 2/28/2015"
"Drugs","No","","69237","Terminated","Actavis Laboratories, FL, Inc.","4955 Orange Dr","N/A","Davie","FL","	33314-3902","United States","Voluntary: Firm initiated","Two or more of the following: Email, Fax, Letter, Press Release, Telephone, Visit","Nationwide and Puerto Rico","D-1617-2014","Class II","Diclofenac Sodium and Misoprostol Delayed-Release Tablets, 50 mg/0.2 mg, 60-count bottle, Rx only, Manufactured by: Watson Laboratories, Inc., Corona, CA 92880, NDC 0591-0397-60, UPC 3 05910 39760 9.","6,041 bottles","Failed Tablet/Capsule Specifications: Recall due to complaints of split or broken tablets.","04/24/2014","09/30/2014","12/23/2016","10/08/2014","Lot #: 660513A, Exp. 10/31/2014"
"Drugs","No","","69243","Terminated","Gyma Laboratories Of Amer,Inc","135 Cantiague Rock Rd","N/A","Westbury","NY","	11590-2826","United States","Voluntary: Firm initiated","E-Mail","Nationwide","D-0021-2015","Class II","Dipyridamole API, NET WT 10 Kg, Rx Only, S.I.M.S. , Chemical Product for Medicines Preparation, Made in Italy, NDC 012660-0084","10 Kg","cGMP Deviations: GYMA laboratories Inc. has recalled multiple Active Pharmaceutical Ingredients manufactured in Italy upon receipt of a Rapid Alert Notification issued by The Italian Medicines Agency due to lack of good manufacturing practices.","07/09/2014","10/10/2014","06/04/2018","10/22/2014","Lot Number: 161600, Exp 03/2016"
"Drugs","No","","69247","Terminated","Hospira Inc.","275 N Field Dr","N/A","Lake Forest","IL","	60045-2579","United States","Voluntary: Firm initiated","Letter","Nationwide","D-1588-2014","Class II","Bupivacaine HCl Inj., USP, 0.5% (5 mg/mL), 30 mL Single-dose Preservative-Free, For Nerve Block, Caudal, and Epidural Anesthesia, Not for Spinal Anesthesia, Rx Only, Hospira, Inc., Lake Forest, IL 60045 USA, NDC 0409-1162-02","75,000 vials","Presence of Particulate Matter:  A confirmed customer complaint reported the presence of a brown, rust-colored particle embedded at the bottom of the glass vial.","09/04/2014","09/17/2014","07/23/2015","09/24/2014","LOT 37-268-DK; Exp: 1JAN2016"
"Drugs","No","","69246","Terminated","Astellas Pharma US Inc","1 Astellas Way","N/A","Northbrook","IL","	60062-6111","United States","Voluntary: Firm initiated","Letter","Nationwide","D-0008-2015","Class II","Tarceva (erlotinib) Tablets, 150 mg, 30 count bottle,  Rx only, Manufactured by: Kremers Urban Pharmaceuticals Inc. Seymour, IN 47274 NDC 50242-064-01","9,236 bottles","Failed Dissolution Specifications: The product did not meet the acceptance criteria for the dissolution test during the 24 month routine stability testing.","09/15/2014","10/07/2014","05/19/2015","10/15/2014","Lot 66482CW, Exp 04/16"
"Drugs","No","","69248","Terminated","American Family Pharmacy, LLC","3250 N Post Rd Suite 285","N/A","Indianapolis","IN","	46226-6536","United States","Voluntary: Firm initiated","E-Mail","VA, WA, and CA.","D-0040-2015","Class II","Assured Aspirin Enteric Safety Coated Tablets, 81 mg, Adult Low Strength, Pain Reliever (NSAID), 60-count bottle, Distributed by Greenbrier International, Inc., Chesapeake, VA 23320 UPC 639277018328.","4,207,200 tablets","Subpotent Drug: Product failed to meet USP Specifications on assay, content uniformity, and dissolution.","09/15/2014","10/21/2014","09/25/2015","10/29/2014","Lot#12084; Exp. 05/16"
"Drugs","No","","69250","Terminated","VistaPharm, Inc.","7265 Ulmerton Rd","N/A","Largo","FL","	33771-4809","United States","Voluntary: Firm initiated","Letter","U.S. Nationwide, including Puerto Rico","D-0010-2015","Class II","METOCLOPRAMIDE ORAL SOLUTION, USP 5 mg/5 mL, (present as the hydrochloride), 10 mL cups, Rx only. Manufactured by VistaPharm Inc., Largo, FL 33771. NDC 66689-031-01.","322,650 Cups","Defective Container: Product leaks when inverted.","08/13/2014","10/09/2014","02/24/2015","10/15/2014","Lot #: 283700, Expiry: 11/14; Lot #: 291400, Expiry: 01/15; and Lot #: 303500, Expiry: 04/15."
"Drugs","No","","69268","Terminated","Micro Labs Usa, Inc                                    S","104 Carnegie Ctr","Te 216","Princeton","NJ","	08540-6232","United States","Voluntary: Firm initiated","Letter","NY","D-0246-2015","Class III","Simvastatin Tablets, USP, 10 mg, Rx Only, 90 count bottles, Manufactured by: Micro Labs Limited, Goa-403 722, INDIA, Manufactured for: Micro Labs USA Inc., Princeton, NJ 08540, NDC 42571-010-90","1,008 bottles","Failed Impurities/Degradation Specifications: Product failed Impurity content (Butylated Hydroxy Anisole Content) against shelf life specification.","08/19/2014","11/12/2014","04/19/2016","11/19/2014","Lot #: STBG005, Exp 2/2015"
"Drugs","No","","69277","Terminated","Noven Pharmaceuticals, Inc.","11960 Sw 144th St","N/A","Miami","FL","	33186-6109","United States","Voluntary: Firm initiated","Letter","Nationwide.","D-1608-2014","Class II","Daytrana (methylphenidate transdermal system) patch, Delivers 20 mg over 9 hours (2.2mg/hr), 1 patch per pouch , packaged in 30-count patches per box, Rx Only. Manufactured for Noven Therapeutics, LLC, Miami, FL 33186, By Noven Pharmaceuticals, Inc., Miami, FL 33186.  NDC 68968-5554-3.","160,800 patches","Defective Delivery System: Out of Specification (OOS) results for the mechanical peel force (MPF) and z-statistic value which relates to the patients and caregiver ability to remove the release liner from the patch adhesive prior to administration.","07/15/2014","09/23/2014","03/19/2019","10/01/2014","Lot # 71165; Exp. 12/14"
"Drugs","No","","69285","Terminated","AbbVie Inc","1 N Waukegan Rd","N/A","North Chicago","IL","	60064","United States","Voluntary: Firm initiated","Letter","US: Nationwide","D-1611-2014","Class II","CREON (pancrelipase) Delayed-Release Capsules, Lipase 24,000 USP Units, 250 Capsule Bottles, Rx Only. Marketed by: AbbVie Inc., North Chicago, IL 60064, Product of Germany. NDC 0032-1224-07.","18,021 Bottles","Presence of Foreign Tablets/Capsules; Presence of co-mingled LipaCreon 13000.","09/15/2014","09/26/2014","06/22/2016","10/08/2014","Lot #: 1020156; Expiry: 3/31/2016"
"Drugs","No","","69243","Terminated","Gyma Laboratories Of Amer,Inc","135 Cantiague Rock Rd","N/A","Westbury","NY","	11590-2826","United States","Voluntary: Firm initiated","E-Mail","Nationwide","D-0022-2015","Class II","Propranolol HCl, NET WT 1 Kg, Rx Only, S.I.M.S. , Chemical Product for Medicines Preparation, Made in Italy, NDC 012660-0004","1 Kg","cGMP Deviations: GYMA laboratories Inc. has recalled multiple Active Pharmaceutical Ingredients manufactured in Italy upon receipt of a Rapid Alert Notification issued by The Italian Medicines Agency due to lack of good manufacturing practices.","07/09/2014","10/10/2014","06/04/2018","10/22/2014","Lot Number: 154919, Exp 11/2014"
"Drugs","No","","69243","Terminated","Gyma Laboratories Of Amer,Inc","135 Cantiague Rock Rd","N/A","Westbury","NY","	11590-2826","United States","Voluntary: Firm initiated","E-Mail","Nationwide","D-0023-2015","Class II","Clonidine Base Micronized, 55.8 Kg, Rx Only, S.I.M.S. , Chemical Product for Medicines Preparation, Made in Italy, NDC 12660-0503-01","55.8 Kg","cGMP Deviations: GYMA laboratories Inc. has recalled multiple Active Pharmaceutical Ingredients manufactured in Italy upon receipt of a Rapid Alert Notification issued by The Italian Medicines Agency due to lack of good manufacturing practices.","07/09/2014","10/10/2014","06/04/2018","10/22/2014","Lot Numbers: 166247, 166248, Exp 10/2016"
"Drugs","No","","69243","Terminated","Gyma Laboratories Of Amer,Inc","135 Cantiague Rock Rd","N/A","Westbury","NY","	11590-2826","United States","Voluntary: Firm initiated","E-Mail","Nationwide","D-0024-2015","Class II","Clonidine HCL, 97 Kg, Rx Only, S.I.M.S. , Chemical Product for Medicines Preparation, Made in Italy, NDC 012660-0002","97 Kg","cGMP Deviations: GYMA laboratories Inc. has recalled multiple Active Pharmaceutical Ingredients manufactured in Italy upon receipt of a Rapid Alert Notification issued by The Italian Medicines Agency due to lack of good manufacturing practices.","07/09/2014","10/10/2014","06/04/2018","10/22/2014","Lot Numbers: 167219, 163367, 167220, 167221, Exp 03/2017"
"Drugs","No","","69298","Terminated","Forest Pharmaceuticals Inc","13600 Shoreline Dr","N/A","Earth City","MO","	63045-1220","United States","Voluntary: Firm initiated","Letter","Nationwide including Puerto Rico.","D-0036-2015","Class II","Bystolic (nebivolol) tablets, 20 mg/tablet, packaged as 7 tablets/bottle/carton, and 12 bottles/trays, Professional Sample, Rx only, Forest Pharmaceuticals, Inc., St. Louis, MO. ---  NDC 0456-1420-07","94,584 cartons","Failed Dissolution Specification; at the 6-month stability time point","09/26/2014","10/17/2014","03/29/2017","10/29/2014","Lot A369286, exp. date 31 Jan 2016"
"Drugs","No","","69302","Terminated","Janssen Ortho L.L.C.","Carr # 933 Km 0.1","Mamey Ward","Gurabo","PR","	00778","United States","Voluntary: Firm initiated","Letter","Nationwide","D-0006-2015","Class II","Xarelto (rivaroxaban) Tablets 15 mg per tablet, 5 count bottle, Rx Only, Manufactured by: JOLLC, Gurabo, PR 00778 NDC 50458-578-99","13500 bottles","Microbial Contamination of Non-Sterile Products:  Consumer complaint confirmed microbial contamination in sales sample.","09/17/2014","10/03/2014","10/11/2016","10/15/2014","Lot 13JG2616 Exp. 07/16"
"Drugs","No","","69303","Terminated","Baxter Healthcare Corp.","1 Baxter Pkwy","N/A","Deerfield","IL","	60015-4625","United States","Voluntary: Firm initiated","Letter","Nationwide and Canada","D-0004-2015","Class II","DOPamine Hydrochloride and 5% Dextrose INJ, USP, 200 mg per 250 mL, Rx Only,  Baxter USA, NDC 0338-1005-02.","11,808 bags","Lack of Assurance of Sterility: A small cut in the solution bag may have been introduced during the manufacturing process, resulting in a leak of the bag into the overpouch.","09/29/2014","10/02/2014","09/30/2016","10/08/2014","Lot#  P303172; Exp. 12/14"
"Drugs","No","","69314","Terminated","Hospira Inc.","275 N Field Dr","N/A","Lake Forest","IL","	60045-2579","United States","Voluntary: Firm initiated","Letter","Nationwide","D-0044-2015","Class II","Hydromorphone Hydrochloride Injection, USP, 10 mg/mL, Rx only, packaged in a) 1 mL Single-dose Vial (NDC 0703-0110-01), packaged in 10 x 1 mL Single-dose Vials per carton (NDC 0703-0110-03); Mfd By: Hospira Inc., Lake Forest, IL  60045; Mfd For: Teva Parenteral Medicines, Inc., Irvine, CA  92618; and b) 1 mL Single-dose Vial, packaged in 10 x 1 mL Single-dose Vials per carton (NDC 0409-2634-01), Hospira, Inc., Lake Forest, IL  60045.","145,600 vials","Lack Of Assurance Of Sterility: Confirmed customer complaints of glass product container vials that may be broken or cracked.","10/01/2014","10/23/2014","03/23/2017","10/29/2014","Lot #: a) 260753F, 261403F, Exp 1FEB2015; 290153F, Exp 1MAY2015; b) 24-080-DD, Exp 1DEC2014; 25-475-DD, Exp 1JAN2015"
"Drugs","No","","69346","Terminated","Mckesson","4345 Southpoint Blvd","N/A","Jacksonville","FL","	32216-6166","United States","Voluntary: Firm initiated","Telephone","McKesson Medical-Surgical Inc distributed to (6) physicians and/or medical facilities in WA, OR, and MT.","D-0005-2015","Class II","Amiodarone HCl Injection, 450 mg/9 mL (50 mg per mL), 9 mL Single-Use Vial, Rx only, Manufactured for Mylan Institutional, LLC, Rockford, IL 61103, NDC 67457-153-09.","10 vials","Temperature Abuse: One shipment was inadvertantly stored refrigerated rather than the labeled room temperature recommendation at McKesson Medical-Surgical Inc., one of the distributing wholesalers.","09/12/2014","10/03/2014","04/17/2017","10/15/2014","Lot #140502, Exp 10/31/2015"
"Drugs","No","","69152","Terminated","Martin Avenue Pharmacy, Inc.","1247 Rickert Dr","N/A","Naperville","IL","	60540-1008","United States","Voluntary: Firm initiated","Two or more of the following: Email, Fax, Letter, Press Release, Telephone, Visit","Nationwide","D-0063-2015","Class II","Benzalkonium chloride water for injection packaged in an amber glass injectable vial, Martin Avenue Pharmacy, 1247 Rickert Dr, Naperville, IL.","30 mL","Lack of Assurance of Sterility: Martin Avenue Pharmacy, Inc. is conducting a voluntary recall of all compounded sterile preparations within expiry. The recall is being initiated in connection with a recent FDA inspection due to observations associated with certain quality control procedures that present a risk to sterility assurance.","08/27/2014","10/29/2014","05/31/2018","11/05/2014","Lot Number: 04292014@19, Exp 10/26/2014"
"Drugs","No","","69152","Terminated","Martin Avenue Pharmacy, Inc.","1247 Rickert Dr","N/A","Naperville","IL","	60540-1008","United States","Voluntary: Firm initiated","Two or more of the following: Email, Fax, Letter, Press Release, Telephone, Visit","Nationwide","D-0064-2015","Class II","Bupivacaine hydrochloride 0.25% injectable packaged in an amber glass injectable vial,Martin Avenue Pharmacy, 1247 Rickert Dr, Naperville, IL.","15 mL","Lack of Assurance of Sterility: Martin Avenue Pharmacy, Inc. is conducting a voluntary recall of all compounded sterile preparations within expiry. The recall is being initiated in connection with a recent FDA inspection due to observations associated with certain quality control procedures that present a risk to sterility assurance.","08/27/2014","10/29/2014","05/31/2018","11/05/2014","Lot Number: 08112014@31, Exp 9/10/2014"
"Drugs","No","","69152","Terminated","Martin Avenue Pharmacy, Inc.","1247 Rickert Dr","N/A","Naperville","IL","	60540-1008","United States","Voluntary: Firm initiated","Two or more of the following: Email, Fax, Letter, Press Release, Telephone, Visit","Nationwide","D-0065-2015","Class II","Calcium chloride (PF) 100 mg/mL injectable packaged in an amber glass injectable vial, Martin Avenue Pharmacy, 1247 Rickert Dr, Naperville, IL.","110 mL","Lack of Assurance of Sterility: Martin Avenue Pharmacy, Inc. is conducting a voluntary recall of all compounded sterile preparations within expiry. The recall is being initiated in connection with a recent FDA inspection due to observations associated with certain quality control procedures that present a risk to sterility assurance.","08/27/2014","10/29/2014","05/31/2018","11/05/2014","Lot Number: 08072014@61, Exp 9/6/2014"
"Drugs","No","","69152","Terminated","Martin Avenue Pharmacy, Inc.","1247 Rickert Dr","N/A","Naperville","IL","	60540-1008","United States","Voluntary: Firm initiated","Two or more of the following: Email, Fax, Letter, Press Release, Telephone, Visit","Nationwide","D-0066-2015","Class II","Cefazolin forte 25 mg/mL opthalmic solution packaged in an opaque squeeze bottle eye dropper, Martin Avenue Pharmacy, 1247 Rickert Dr, Naperville, IL.","20 mL","Lack of Assurance of Sterility: Martin Avenue Pharmacy, Inc. is conducting a voluntary recall of all compounded sterile preparations within expiry. The recall is being initiated in connection with a recent FDA inspection due to observations associated with certain quality control procedures that present a risk to sterility assurance.","08/27/2014","10/29/2014","05/31/2018","11/05/2014","Lot Number: 06062014@21, Exp 9/4/2014; 06062014@25, Exp 9/4/2014"
"Drugs","No","","69152","Terminated","Martin Avenue Pharmacy, Inc.","1247 Rickert Dr","N/A","Naperville","IL","	60540-1008","United States","Voluntary: Firm initiated","Two or more of the following: Email, Fax, Letter, Press Release, Telephone, Visit","Nationwide","D-0067-2015","Class II","Cefazolin forte 50 mg/mL opthalmic solution packaged in an opaque squeeze bottle eye dropper,  Martin Avenue Pharmacy, 1247 Rickert Dr, Naperville, IL.","40 mL","Lack of Assurance of Sterility: Martin Avenue Pharmacy, Inc. is conducting a voluntary recall of all compounded sterile preparations within expiry. The recall is being initiated in connection with a recent FDA inspection due to observations associated with certain quality control procedures that present a risk to sterility assurance.","08/27/2014","10/29/2014","05/31/2018","11/05/2014","Lot Number: 06062014@28, Exp 9/4/2014; 08012014@16, Exp 10/30/2014"
"Drugs","No","","69152","Terminated","Martin Avenue Pharmacy, Inc.","1247 Rickert Dr","N/A","Naperville","IL","	60540-1008","United States","Voluntary: Firm initiated","Two or more of the following: Email, Fax, Letter, Press Release, Telephone, Visit","Nationwide","D-0068-2015","Class II","Chlorhexidine gluconate 0.02% opthalmic solution packaged in an opaque squeeze bottle eye dropper, Martin Avenue Pharmacy, 1247 Rickert Dr, Naperville, IL.","20 mL","Lack of Assurance of Sterility: Martin Avenue Pharmacy, Inc. is conducting a voluntary recall of all compounded sterile preparations within expiry. The recall is being initiated in connection with a recent FDA inspection due to observations associated with certain quality control procedures that present a risk to sterility assurance.","08/27/2014","10/29/2014","05/31/2018","11/05/2014","Lot Number: 06062014@27, Exp 9/4/2014"
"Drugs","No","","69152","Terminated","Martin Avenue Pharmacy, Inc.","1247 Rickert Dr","N/A","Naperville","IL","	60540-1008","United States","Voluntary: Firm initiated","Two or more of the following: Email, Fax, Letter, Press Release, Telephone, Visit","Nationwide","D-0069-2015","Class II","Chorionic gonadotropin buffered diluent solution packaged in an amber glass injectable vial, Martin Avenue Pharmacy, 1247 Rickert Dr, Naperville, IL.","500 mL","Lack of Assurance of Sterility: Martin Avenue Pharmacy, Inc. is conducting a voluntary recall of all compounded sterile preparations within expiry. The recall is being initiated in connection with a recent FDA inspection due to observations associated with certain quality control procedures that present a risk to sterility assurance.","08/27/2014","10/29/2014","05/31/2018","11/05/2014","Lot Number: 03182014@24, Exp 9/14/2014; 04012014@31, Exp 9/28/2014; 06032014@30, Exp 11/30/2014; 07292014@28, Exp 1/25/2015"
"Drugs","No","","69152","Terminated","Martin Avenue Pharmacy, Inc.","1247 Rickert Dr","N/A","Naperville","IL","	60540-1008","United States","Voluntary: Firm initiated","Two or more of the following: Email, Fax, Letter, Press Release, Telephone, Visit","Nationwide","D-0070-2015","Class II","Chorionic gonadotropin/mannitol 10000 U/0.1 gm powder packaged in a white jar,  Martin Avenue Pharmacy, 1247 Rickert Dr, Naperville, IL.","22.89055 gm","Lack of Assurance of Sterility: Martin Avenue Pharmacy, Inc. is conducting a voluntary recall of all compounded sterile preparations within expiry. The recall is being initiated in connection with a recent FDA inspection due to observations associated with certain quality control procedures that present a risk to sterility assurance.","08/27/2014","10/29/2014","05/31/2018","11/05/2014","Lot Number: 03222014@5, Exp 9/18/2014; 04042014@9, Exp 10/1/2014; 05162014@15, Exp 11/12/2014; 07242014@18, Exp 1/20/2015"
"Drugs","No","","69152","Terminated","Martin Avenue Pharmacy, Inc.","1247 Rickert Dr","N/A","Naperville","IL","	60540-1008","United States","Voluntary: Firm initiated","Two or more of the following: Email, Fax, Letter, Press Release, Telephone, Visit","Nationwide","D-0071-2015","Class II","Cromolyn sodium 1% inhalant solution packaged in a 3 mL or 7 mL vial,  Martin Avenue Pharmacy, 1247 Rickert Dr, Naperville, IL.","190 mL","Lack of Assurance of Sterility: Martin Avenue Pharmacy, Inc. is conducting a voluntary recall of all compounded sterile preparations within expiry. The recall is being initiated in connection with a recent FDA inspection due to observations associated with certain quality control procedures that present a risk to sterility assurance.","08/27/2014","10/29/2014","05/31/2018","11/05/2014","Lot Number: 08062014@24, Exp 11/4/2014"
"Drugs","No","","69370","Terminated","Sun Pharma Global Inc.","P.O. Box 12850","N/A","Dubai","N/A","	N/A","United Arab Emirates","Voluntary: Firm initiated","Two or more of the following: Email, Fax, Letter, Press Release, Telephone, Visit","Nationwide and Puerto Rico","D-0236-2015","Class II","Venlafaxine Hydrochloride Extended-Release Tablets, 37.5 mg, 30-count bottles and 90-count bottles, RX only, Manufactured for Sun Pharma Global Inc. Dubai, United Arab Emirates by Sun Pharmaceutical Industries Limited, Halol, India","68194","Failed Dissolution Specifications; 12 month stability time point","09/26/2014","11/04/2014","05/06/2015","11/12/2014","Batch Number: JKM3855A  Mfg. Date: 06/25/2013  Exp. Date: 05/31/2015    Batch Number: JKM3855B  Mfg. Date: 06/25/2013  Exp. Date: 05/31/2015    Batch Number: JKM7265A  Mfg. Date: 12/25/2013  Exp. Date: 11/30/2015    Batch Number: JKM7265B  Mfg. Date: 12/25/2013  Exp. Date: 11/30/2015"
"Drugs","No","","69152","Terminated","Martin Avenue Pharmacy, Inc.","1247 Rickert Dr","N/A","Naperville","IL","	60540-1008","United States","Voluntary: Firm initiated","Two or more of the following: Email, Fax, Letter, Press Release, Telephone, Visit","Nationwide","D-0072-2015","Class II","Cyanocobalamin 1000 mcg/mL injectable solution packaged in an amber glass injectable vial,  Martin Avenue Pharmacy, 1247 Rickert Dr, Naperville, IL.","180 mL","Lack of Assurance of Sterility: Martin Avenue Pharmacy, Inc. is conducting a voluntary recall of all compounded sterile preparations within expiry. The recall is being initiated in connection with a recent FDA inspection due to observations associated with certain quality control procedures that present a risk to sterility assurance.","08/27/2014","10/29/2014","05/31/2018","11/05/2014","Lot Number: 08082014@9, Exp 11/6/2014"
"Drugs","No","","69152","Terminated","Martin Avenue Pharmacy, Inc.","1247 Rickert Dr","N/A","Naperville","IL","	60540-1008","United States","Voluntary: Firm initiated","Two or more of the following: Email, Fax, Letter, Press Release, Telephone, Visit","Nationwide","D-0073-2015","Class II","Cyclosporine 200 mg/mL opthalmic suspension packaged in an amber glass injectable vial, Martin Avenue Pharmacy, 1247 Rickert Dr, Naperville, IL.","50 mL","Lack of Assurance of Sterility: Martin Avenue Pharmacy, Inc. is conducting a voluntary recall of all compounded sterile preparations within expiry. The recall is being initiated in connection with a recent FDA inspection due to observations associated with certain quality control procedures that present a risk to sterility assurance.","08/27/2014","10/29/2014","05/31/2018","11/05/2014","Lot Number: 07152014@14, Exp 10/13/2014"
"Drugs","No","","69152","Terminated","Martin Avenue Pharmacy, Inc.","1247 Rickert Dr","N/A","Naperville","IL","	60540-1008","United States","Voluntary: Firm initiated","Two or more of the following: Email, Fax, Letter, Press Release, Telephone, Visit","Nationwide","D-0074-2015","Class II","Cyclosporine suspending vehicle packaged in an amber glass injectable vial, Martin Avenue Pharmacy, 1247 Rickert Dr, Naperville, IL.","180 mL","Lack of Assurance of Sterility: Martin Avenue Pharmacy, Inc. is conducting a voluntary recall of all compounded sterile preparations within expiry. The recall is being initiated in connection with a recent FDA inspection due to observations associated with certain quality control procedures that present a risk to sterility assurance.","08/27/2014","10/29/2014","05/31/2018","11/05/2014","Lot Number: 07032014@30, Exp 12/30/2014"
"Drugs","No","","69152","Terminated","Martin Avenue Pharmacy, Inc.","1247 Rickert Dr","N/A","Naperville","IL","	60540-1008","United States","Voluntary: Firm initiated","Two or more of the following: Email, Fax, Letter, Press Release, Telephone, Visit","Nationwide","D-0075-2015","Class II","Cyclosporine/corn oil stock vehicle oil packaged in an amber glass injectable vial, Martin Avenue Pharmacy, 1247 Rickert Dr, Naperville, IL.","100 mL","Lack of Assurance of Sterility: Martin Avenue Pharmacy, Inc. is conducting a voluntary recall of all compounded sterile preparations within expiry. The recall is being initiated in connection with a recent FDA inspection due to observations associated with certain quality control procedures that present a risk to sterility assurance.","08/27/2014","10/29/2014","05/31/2018","11/05/2014","Lot Number: 06262014@39, Exp 9/24/2014"
"Drugs","No","","69152","Terminated","Martin Avenue Pharmacy, Inc.","1247 Rickert Dr","N/A","Naperville","IL","	60540-1008","United States","Voluntary: Firm initiated","Two or more of the following: Email, Fax, Letter, Press Release, Telephone, Visit","Nationwide","D-0076-2015","Class II","Dexamethasone sodium phosphate 4 mg/mL injectable packaged in an amber glass injectable vial, Martin Avenue Pharmacy, 1247 Rickert Dr, Naperville, IL.","110 mL","Lack of Assurance of Sterility: Martin Avenue Pharmacy, Inc. is conducting a voluntary recall of all compounded sterile preparations within expiry. The recall is being initiated in connection with a recent FDA inspection due to observations associated with certain quality control procedures that present a risk to sterility assurance.","08/27/2014","10/29/2014","05/31/2018","11/05/2014","Lot Number: 04032014@13, Exp 9/30/2014; 06042014@5, Exp 12/1/2014"
"Drugs","No","","69152","Terminated","Martin Avenue Pharmacy, Inc.","1247 Rickert Dr","N/A","Naperville","IL","	60540-1008","United States","Voluntary: Firm initiated","Two or more of the following: Email, Fax, Letter, Press Release, Telephone, Visit","Nationwide","D-0077-2015","Class II","Dexamethasone sodium phosphate 24 mg/mL injectable packaged in an amber glass injectable vial, Martin Avenue Pharmacy, 1247 Rickert Dr, Naperville, IL.","30 mL","Lack of Assurance of Sterility: Martin Avenue Pharmacy, Inc. is conducting a voluntary recall of all compounded sterile preparations within expiry. The recall is being initiated in connection with a recent FDA inspection due to observations associated with certain quality control procedures that present a risk to sterility assurance.","08/27/2014","10/29/2014","05/31/2018","11/05/2014","Lot Number: 08122014@14, Exp 2/8/2015"
"Drugs","No","","69152","Terminated","Martin Avenue Pharmacy, Inc.","1247 Rickert Dr","N/A","Naperville","IL","	60540-1008","United States","Voluntary: Firm initiated","Two or more of the following: Email, Fax, Letter, Press Release, Telephone, Visit","Nationwide","D-0078-2015","Class II","Diazepam 5 mg/mL injectable packaged in an amber glass injectable vial, Martin Avenue Pharmacy, 1247 Rickert Dr, Naperville, IL.","10 mL","Lack of Assurance of Sterility: Martin Avenue Pharmacy, Inc. is conducting a voluntary recall of all compounded sterile preparations within expiry. The recall is being initiated in connection with a recent FDA inspection due to observations associated with certain quality control procedures that present a risk to sterility assurance.","08/27/2014","10/29/2014","05/31/2018","11/05/2014","Lot Number: 08192014@50, Exp 11/17/2014"
"Drugs","No","","69152","Terminated","Martin Avenue Pharmacy, Inc.","1247 Rickert Dr","N/A","Naperville","IL","	60540-1008","United States","Voluntary: Firm initiated","Two or more of the following: Email, Fax, Letter, Press Release, Telephone, Visit","Nationwide","D-0079-2015","Class II","Dihydroergotamine mesylate 1 mg/mL injection solution packaged in an amber glass injectable vial, Martin Avenue Pharmacy, 1247 Rickert Dr, Naperville, IL.","510 mL","Lack of Assurance of Sterility: Martin Avenue Pharmacy, Inc. is conducting a voluntary recall of all compounded sterile preparations within expiry. The recall is being initiated in connection with a recent FDA inspection due to observations associated with certain quality control procedures that present a risk to sterility assurance.","08/27/2014","10/29/2014","05/31/2018","11/05/2014","Lot Number: 06162014@34, Exp 9/14/2014; 08142014@39, Exp 11/12/2014"
"Drugs","No","","69152","Terminated","Martin Avenue Pharmacy, Inc.","1247 Rickert Dr","N/A","Naperville","IL","	60540-1008","United States","Voluntary: Firm initiated","Two or more of the following: Email, Fax, Letter, Press Release, Telephone, Visit","Nationwide","D-0080-2015","Class II","Fentanyl injectable 2000 mcg/mL packaged in 30 mL or 60 mL syringes, Martin Avenue Pharmacy, 1247 Rickert Dr, Naperville, IL.","40 mL","Lack of Assurance of Sterility: Martin Avenue Pharmacy, Inc. is conducting a voluntary recall of all compounded sterile preparations within expiry. The recall is being initiated in connection with a recent FDA inspection due to observations associated with certain quality control procedures that present a risk to sterility assurance.","08/27/2014","10/29/2014","05/31/2018","11/05/2014","Lot Number: 07292014@37, Exp 10/27/2014"
"Drugs","No","","69152","Terminated","Martin Avenue Pharmacy, Inc.","1247 Rickert Dr","N/A","Naperville","IL","	60540-1008","United States","Voluntary: Firm initiated","Two or more of the following: Email, Fax, Letter, Press Release, Telephone, Visit","Nationwide","D-0081-2015","Class II","Fentanyl injectable 6000 mcg/mL packaged in 30 mLor 60 mL syringes, Martin Avenue Pharmacy, 1247 Rickert Dr, Naperville, IL.","40 mL","Lack of Assurance of Sterility: Martin Avenue Pharmacy, Inc. is conducting a voluntary recall of all compounded sterile preparations within expiry. The recall is being initiated in connection with a recent FDA inspection due to observations associated with certain quality control procedures that present a risk to sterility assurance.","08/27/2014","10/29/2014","05/31/2018","11/05/2014","Lot Number: 08142014@45, Exp 11/12/2014"
"Drugs","No","","69152","Terminated","Martin Avenue Pharmacy, Inc.","1247 Rickert Dr","N/A","Naperville","IL","	60540-1008","United States","Voluntary: Firm initiated","Two or more of the following: Email, Fax, Letter, Press Release, Telephone, Visit","Nationwide","D-0082-2015","Class II","Glycerin 72% (w/v) sodium chloride injectable packaged in an amber glass injectable vial, Martin Avenue Pharmacy, 1247 Rickert Dr, Naperville, IL.","260 mL","Lack of Assurance of Sterility: Martin Avenue Pharmacy, Inc. is conducting a voluntary recall of all compounded sterile preparations within expiry. The recall is being initiated in connection with a recent FDA inspection due to observations associated with certain quality control procedures that present a risk to sterility assurance.","08/27/2014","10/29/2014","05/31/2018","11/05/2014","Lot Number: 08072014@59, Exp 11/5/2014"
"Drugs","No","","69152","Terminated","Martin Avenue Pharmacy, Inc.","1247 Rickert Dr","N/A","Naperville","IL","	60540-1008","United States","Voluntary: Firm initiated","Two or more of the following: Email, Fax, Letter, Press Release, Telephone, Visit","Nationwide","D-0083-2015","Class II","Histamine 0.55 mg/mL injectable packaged in an amber glass injectable vial, Martin Avenue Pharmacy, 1247 Rickert Dr, Naperville, IL.","50 mL","Lack of Assurance of Sterility: Martin Avenue Pharmacy, Inc. is conducting a voluntary recall of all compounded sterile preparations within expiry. The recall is being initiated in connection with a recent FDA inspection due to observations associated with certain quality control procedures that present a risk to sterility assurance.","08/27/2014","10/29/2014","05/31/2018","11/05/2014","Lot Number: 08142014@27, Exp 9/13/2014"
"Drugs","No","","69152","Terminated","Martin Avenue Pharmacy, Inc.","1247 Rickert Dr","N/A","Naperville","IL","	60540-1008","United States","Voluntary: Firm initiated","Two or more of the following: Email, Fax, Letter, Press Release, Telephone, Visit","Nationwide","D-0084-2015","Class II","Histamine 2.75 mg/mL injectable packaged in an amber glass injectable vial, Martin Avenue Pharmacy, 1247 Rickert Dr, Naperville, IL.","130 mL","Lack of Assurance of Sterility: Martin Avenue Pharmacy, Inc. is conducting a voluntary recall of all compounded sterile preparations within expiry. The recall is being initiated in connection with a recent FDA inspection due to observations associated with certain quality control procedures that present a risk to sterility assurance.","08/27/2014","10/29/2014","05/31/2018","11/05/2014","Lot Number: 08062014@27, Exp 9/5/2014; 08152014@30, Exp 9/14/2014"
"Drugs","No","","69152","Terminated","Martin Avenue Pharmacy, Inc.","1247 Rickert Dr","N/A","Naperville","IL","	60540-1008","United States","Voluntary: Firm initiated","Two or more of the following: Email, Fax, Letter, Press Release, Telephone, Visit","Nationwide","D-0085-2015","Class II","Hyaluronidase base vehicle (PF) solution packaged in an amber glass injectable vial,  Martin Avenue Pharmacy, 1247 Rickert Dr, Naperville, IL.","20 mL","Lack of Assurance of Sterility: Martin Avenue Pharmacy, Inc. is conducting a voluntary recall of all compounded sterile preparations within expiry. The recall is being initiated in connection with a recent FDA inspection due to observations associated with certain quality control procedures that present a risk to sterility assurance.","08/27/2014","10/29/2014","05/31/2018","11/05/2014","Lot Number: 08192014@45, Exp 9/18/2014"
"Drugs","No","","69152","Terminated","Martin Avenue Pharmacy, Inc.","1247 Rickert Dr","N/A","Naperville","IL","	60540-1008","United States","Voluntary: Firm initiated","Two or more of the following: Email, Fax, Letter, Press Release, Telephone, Visit","Nationwide","D-0086-2015","Class II","Hyaluronidase injection solution (PF) 150 U/mL injectable packaged in an amber glass injectable vial, Martin Avenue Pharmacy, 1247 Rickert Dr, Naperville, IL.","40 mL","Lack of Assurance of Sterility: Martin Avenue Pharmacy, Inc. is conducting a voluntary recall of all compounded sterile preparations within expiry. The recall is being initiated in connection with a recent FDA inspection due to observations associated with certain quality control procedures that present a risk to sterility assurance.","08/27/2014","10/29/2014","05/31/2018","11/05/2014","Lot Number: 05232014@32, Exp 11/19/2014; 08192014@48, Exp 2/15/2015"
"Drugs","No","","69152","Terminated","Martin Avenue Pharmacy, Inc.","1247 Rickert Dr","N/A","Naperville","IL","	60540-1008","United States","Voluntary: Firm initiated","Two or more of the following: Email, Fax, Letter, Press Release, Telephone, Visit","Nationwide","D-0087-2015","Class II","Hydrochloric acid/water for injection 10% (w/v) packaged in an amber glass dropper bottle,  Martin Avenue Pharmacy, 1247 Rickert Dr, Naperville, IL.","90 mL","Lack of Assurance of Sterility: Martin Avenue Pharmacy, Inc. is conducting a voluntary recall of all compounded sterile preparations within expiry. The recall is being initiated in connection with a recent FDA inspection due to observations associated with certain quality control procedures that present a risk to sterility assurance.","08/27/2014","10/29/2014","05/31/2018","11/05/2014","Lot Number: 04252014@26, Exp 10/22/2014; 07092014@17, Exp 1/5/2015"
"Drugs","No","","69152","Terminated","Martin Avenue Pharmacy, Inc.","1247 Rickert Dr","N/A","Naperville","IL","	60540-1008","United States","Voluntary: Firm initiated","Two or more of the following: Email, Fax, Letter, Press Release, Telephone, Visit","Nationwide","D-0088-2015","Class II","Hydromorphone/clonidine/bupivacaine 12 mg/600 mcg/0.2 mg/mL injectable packaged in 30 mL or 60 mL syringes,  Martin Avenue Pharmacy, 1247 Rickert Dr, Naperville, IL.","40 mL","Lack of Assurance of Sterility: Martin Avenue Pharmacy, Inc. is conducting a voluntary recall of all compounded sterile preparations within expiry. The recall is being initiated in connection with a recent FDA inspection due to observations associated with certain quality control procedures that present a risk to sterility assurance.","08/27/2014","10/29/2014","05/31/2018","11/05/2014","Lot Number: 08112014@55, Exp 9/10/2014"
"Drugs","No","","69152","Terminated","Martin Avenue Pharmacy, Inc.","1247 Rickert Dr","N/A","Naperville","IL","	60540-1008","United States","Voluntary: Firm initiated","Two or more of the following: Email, Fax, Letter, Press Release, Telephone, Visit","Nationwide","D-0089-2015","Class II","Hydromorphone/bupivacaine (PF) 0.5 mg/0.2 mg/mL injectable packaged in 30 mL or 60 mL syringes, Martin Avenue Pharmacy, 1247 Rickert Dr, Naperville, IL.","20 mL","Lack of Assurance of Sterility: Martin Avenue Pharmacy, Inc. is conducting a voluntary recall of all compounded sterile preparations within expiry. The recall is being initiated in connection with a recent FDA inspection due to observations associated with certain quality control procedures that present a risk to sterility assurance.","08/27/2014","10/29/2014","05/31/2018","11/05/2014","Lot Number: 08152014@34, Exp 9/14/2014"
"Drugs","No","","69152","Terminated","Martin Avenue Pharmacy, Inc.","1247 Rickert Dr","N/A","Naperville","IL","	60540-1008","United States","Voluntary: Firm initiated","Two or more of the following: Email, Fax, Letter, Press Release, Telephone, Visit","Nationwide","D-0090-2015","Class II","Hydromorphone HCl (PF) 1 mg/mL injectable packaged in 30 mL or 60 mL syringes, Martin Avenue Pharmacy, 1247 Rickert Dr, Naperville, IL.","20 mL","Lack of Assurance of Sterility: Martin Avenue Pharmacy, Inc. is conducting a voluntary recall of all compounded sterile preparations within expiry. The recall is being initiated in connection with a recent FDA inspection due to observations associated with certain quality control procedures that present a risk to sterility assurance.","08/27/2014","10/29/2014","05/31/2018","11/05/2014","Lot Number: 08182014@41, Exp 11/16/2014"
"Drugs","No","","69152","Terminated","Martin Avenue Pharmacy, Inc.","1247 Rickert Dr","N/A","Naperville","IL","	60540-1008","United States","Voluntary: Firm initiated","Two or more of the following: Email, Fax, Letter, Press Release, Telephone, Visit","Nationwide","D-0091-2015","Class II","Hydromorphone HCl/bupivacaine (PF) 10 mg/7.5 mg/mL injection packaged in 30 mL or 60 mL syringes, Martin Avenue Pharmacy, 1247 Rickert Dr, Naperville, IL.","40 mL","Lack of Assurance of Sterility: Martin Avenue Pharmacy, Inc. is conducting a voluntary recall of all compounded sterile preparations within expiry. The recall is being initiated in connection with a recent FDA inspection due to observations associated with certain quality control procedures that present a risk to sterility assurance.","08/27/2014","10/29/2014","05/31/2018","11/05/2014","Lot Number: 08182014@45, Exp 9/17/2014"
"Drugs","No","","69152","Terminated","Martin Avenue Pharmacy, Inc.","1247 Rickert Dr","N/A","Naperville","IL","	60540-1008","United States","Voluntary: Firm initiated","Two or more of the following: Email, Fax, Letter, Press Release, Telephone, Visit","Nationwide","D-0092-2015","Class II","Hydroxocobalamin 5 mg/mL injectable packaged in an amber glass injectable vial, Martin Avenue Pharmacy, 1247 Rickert Dr, Naperville, IL.","25 mL","Lack of Assurance of Sterility: Martin Avenue Pharmacy, Inc. is conducting a voluntary recall of all compounded sterile preparations within expiry. The recall is being initiated in connection with a recent FDA inspection due to observations associated with certain quality control procedures that present a risk to sterility assurance.","08/27/2014","10/29/2014","05/31/2018","11/05/2014","Lot Number: 07232014@25, Exp 10/21/2014"
"Drugs","No","","69152","Terminated","Martin Avenue Pharmacy, Inc.","1247 Rickert Dr","N/A","Naperville","IL","	60540-1008","United States","Voluntary: Firm initiated","Two or more of the following: Email, Fax, Letter, Press Release, Telephone, Visit","Nationwide","D-0093-2015","Class II","Hydroxocobalamin 10 mg/mL injectable packaged in an amber glass injectable vial, Martin Avenue Pharmacy, 1247 Rickert Dr, Naperville, IL.","32 mL","Lack of Assurance of Sterility: Martin Avenue Pharmacy, Inc. is conducting a voluntary recall of all compounded sterile preparations within expiry. The recall is being initiated in connection with a recent FDA inspection due to observations associated with certain quality control procedures that present a risk to sterility assurance.","08/27/2014","10/29/2014","05/31/2018","11/05/2014","Lot Number: 07232014@15, Exp 10/21/2014"
"Drugs","No","","69152","Terminated","Martin Avenue Pharmacy, Inc.","1247 Rickert Dr","N/A","Naperville","IL","	60540-1008","United States","Voluntary: Firm initiated","Two or more of the following: Email, Fax, Letter, Press Release, Telephone, Visit","Nationwide","D-0094-2015","Class II","Hydroxyzine hydrochloride 25 mg/mL injectable packaged in an amber glass injectable vial, Martin Avenue Pharmacy, 1247 Rickert Dr, Naperville, IL.","10 mL","Lack of Assurance of Sterility: Martin Avenue Pharmacy, Inc. is conducting a voluntary recall of all compounded sterile preparations within expiry. The recall is being initiated in connection with a recent FDA inspection due to observations associated with certain quality control procedures that present a risk to sterility assurance.","08/27/2014","10/29/2014","05/31/2018","11/05/2014","Lot Number: 08192014@51, Exp 11/17/2014"
"Drugs","No","","69152","Terminated","Martin Avenue Pharmacy, Inc.","1247 Rickert Dr","N/A","Naperville","IL","	60540-1008","United States","Voluntary: Firm initiated","Two or more of the following: Email, Fax, Letter, Press Release, Telephone, Visit","Nationwide","D-0095-2015","Class II","Lidocaine 1% injectable packaged in an amber glass injectable vial, Martin Avenue Pharmacy, 1247 Rickert Dr, Naperville, IL.","40 mL","Lack of Assurance of Sterility: Martin Avenue Pharmacy, Inc. is conducting a voluntary recall of all compounded sterile preparations within expiry. The recall is being initiated in connection with a recent FDA inspection due to observations associated with certain quality control procedures that present a risk to sterility assurance.","08/27/2014","10/29/2014","05/31/2018","11/05/2014","Lot Number: 07202014@3, Exp 10/18/2014"
"Drugs","No","","69152","Terminated","Martin Avenue Pharmacy, Inc.","1247 Rickert Dr","N/A","Naperville","IL","	60540-1008","United States","Voluntary: Firm initiated","Two or more of the following: Email, Fax, Letter, Press Release, Telephone, Visit","Nationwide","D-0096-2015","Class II","Lidocaine (PF) 1% injectable packaged in an amber glass injectable vial, Martin Avenue Pharmacy, 1247 Rickert Dr, Naperville, IL.","20 mL","Lack of Assurance of Sterility: Martin Avenue Pharmacy, Inc. is conducting a voluntary recall of all compounded sterile preparations within expiry. The recall is being initiated in connection with a recent FDA inspection due to observations associated with certain quality control procedures that present a risk to sterility assurance.","08/27/2014","10/29/2014","05/31/2018","11/05/2014","Lot Number: 08152014@33, Exp 9/14/2014"
"Drugs","No","","69152","Terminated","Martin Avenue Pharmacy, Inc.","1247 Rickert Dr","N/A","Naperville","IL","	60540-1008","United States","Voluntary: Firm initiated","Two or more of the following: Email, Fax, Letter, Press Release, Telephone, Visit","Nationwide","D-0097-2015","Class II","Lidocaine 2% injectable packaged in an amber glass injectable vial, Martin Avenue Pharmacy, 1247 Rickert Dr, Naperville, IL.","60 mL","Lack of Assurance of Sterility: Martin Avenue Pharmacy, Inc. is conducting a voluntary recall of all compounded sterile preparations within expiry. The recall is being initiated in connection with a recent FDA inspection due to observations associated with certain quality control procedures that present a risk to sterility assurance.","08/27/2014","10/29/2014","05/31/2018","11/05/2014","Lot Number: 08132014@29, Exp 11/11/2014"
"Drugs","No","","69152","Terminated","Martin Avenue Pharmacy, Inc.","1247 Rickert Dr","N/A","Naperville","IL","	60540-1008","United States","Voluntary: Firm initiated","Two or more of the following: Email, Fax, Letter, Press Release, Telephone, Visit","Nationwide","D-0098-2015","Class II","Methylcobalamin 1 mg/mL injectable packaged in an amber glass injectable vial, Martin Avenue Pharmacy, 1247 Rickert Dr, Naperville, IL.","175 mL","Lack of Assurance of Sterility: Martin Avenue Pharmacy, Inc. is conducting a voluntary recall of all compounded sterile preparations within expiry. The recall is being initiated in connection with a recent FDA inspection due to observations associated with certain quality control procedures that present a risk to sterility assurance.","08/27/2014","10/29/2014","05/31/2018","11/05/2014","Lot Number: 03212014@22, Exp 9/17/2014; 05222014@19, Exp 11/18/2014"
"Drugs","No","","69152","Terminated","Martin Avenue Pharmacy, Inc.","1247 Rickert Dr","N/A","Naperville","IL","	60540-1008","United States","Voluntary: Firm initiated","Two or more of the following: Email, Fax, Letter, Press Release, Telephone, Visit","Nationwide","D-0099-2015","Class II","Methylcobalamin (PF) 1 mg/mL injectable packaged in an amber glass injectable vial, Martin Avenue Pharmacy, 1247 Rickert Dr, Naperville, IL.","100 mL","Lack of Assurance of Sterility: Martin Avenue Pharmacy, Inc. is conducting a voluntary recall of all compounded sterile preparations within expiry. The recall is being initiated in connection with a recent FDA inspection due to observations associated with certain quality control procedures that present a risk to sterility assurance.","08/27/2014","10/29/2014","05/31/2018","11/05/2014","Lot Number: 05082014@15, Exp 11/4/2014"
"Drugs","No","","69152","Terminated","Martin Avenue Pharmacy, Inc.","1247 Rickert Dr","N/A","Naperville","IL","	60540-1008","United States","Voluntary: Firm initiated","Two or more of the following: Email, Fax, Letter, Press Release, Telephone, Visit","Nationwide","D-0100-2015","Class II","Methylcobalamin 10 mg/mL injectable packaged in an amber glass injectable vial, Martin Avenue Pharmacy, 1247 Rickert Dr, Naperville, IL.","100 mL","Lack of Assurance of Sterility: Martin Avenue Pharmacy, Inc. is conducting a voluntary recall of all compounded sterile preparations within expiry. The recall is being initiated in connection with a recent FDA inspection due to observations associated with certain quality control procedures that present a risk to sterility assurance.","08/27/2014","10/29/2014","05/31/2018","11/05/2014","Lot Number: 06072014@1, Exp 12/4/2014"
"Drugs","No","","69152","Terminated","Martin Avenue Pharmacy, Inc.","1247 Rickert Dr","N/A","Naperville","IL","	60540-1008","United States","Voluntary: Firm initiated","Two or more of the following: Email, Fax, Letter, Press Release, Telephone, Visit","Nationwide","D-0101-2015","Class II","Methylcobalamin 25 mg/mL injectable packaged in an amber glass injectable vial, Martin Avenue Pharmacy, 1247 Rickert Dr, Naperville, IL.","50 mL","Lack of Assurance of Sterility: Martin Avenue Pharmacy, Inc. is conducting a voluntary recall of all compounded sterile preparations within expiry. The recall is being initiated in connection with a recent FDA inspection due to observations associated with certain quality control procedures that present a risk to sterility assurance.","08/27/2014","10/29/2014","05/31/2018","11/05/2014","Lot Number: 03262014@24, Exp 9/22/2014"
"Drugs","No","","69152","Terminated","Martin Avenue Pharmacy, Inc.","1247 Rickert Dr","N/A","Naperville","IL","	60540-1008","United States","Voluntary: Firm initiated","Two or more of the following: Email, Fax, Letter, Press Release, Telephone, Visit","Nationwide","D-0102-2015","Class II","Methylcobalamin (PF) 25 mg/mL injectable packaged in an amber glass injectable vial, Martin Avenue Pharmacy, 1247 Rickert Dr, Naperville, IL.","50 mL","Lack of Assurance of Sterility: Martin Avenue Pharmacy, Inc. is conducting a voluntary recall of all compounded sterile preparations within expiry. The recall is being initiated in connection with a recent FDA inspection due to observations associated with certain quality control procedures that present a risk to sterility assurance.","08/27/2014","10/29/2014","05/31/2018","11/05/2014","Lot Number: 04092014@14, Exp 10/6/2014"
"Drugs","No","","69152","Terminated","Martin Avenue Pharmacy, Inc.","1247 Rickert Dr","N/A","Naperville","IL","	60540-1008","United States","Voluntary: Firm initiated","Two or more of the following: Email, Fax, Letter, Press Release, Telephone, Visit","Nationwide","D-0103-2015","Class II","Morphine sulfate (PF) 20 mg/mL injectable packaged in 30 mL or 60 mL syringes, Martin Avenue Pharmacy, 1247 Rickert Dr, Naperville, IL.","40 mL","Lack of Assurance of Sterility: Martin Avenue Pharmacy, Inc. is conducting a voluntary recall of all compounded sterile preparations within expiry. The recall is being initiated in connection with a recent FDA inspection due to observations associated with certain quality control procedures that present a risk to sterility assurance.","08/27/2014","10/29/2014","05/31/2018","11/05/2014","Lot Number: 07302014@31, Exp 10/28/2014"
"Drugs","No","","69152","Terminated","Martin Avenue Pharmacy, Inc.","1247 Rickert Dr","N/A","Naperville","IL","	60540-1008","United States","Voluntary: Firm initiated","Two or more of the following: Email, Fax, Letter, Press Release, Telephone, Visit","Nationwide","D-0104-2015","Class II","Morphine sulfate (PF) 3 mg/mL injectable packaged in 30 mL or 60 mL syringes, Martin Avenue Pharmacy, 1247 Rickert Dr, Naperville, IL.","40 mL","Lack of Assurance of Sterility: Martin Avenue Pharmacy, Inc. is conducting a voluntary recall of all compounded sterile preparations within expiry. The recall is being initiated in connection with a recent FDA inspection due to observations associated with certain quality control procedures that present a risk to sterility assurance.","08/27/2014","10/29/2014","05/31/2018","11/05/2014","Lot Number: 07242014@28, Exp 10/22/2014"
"Drugs","No","","69152","Terminated","Martin Avenue Pharmacy, Inc.","1247 Rickert Dr","N/A","Naperville","IL","	60540-1008","United States","Voluntary: Firm initiated","Two or more of the following: Email, Fax, Letter, Press Release, Telephone, Visit","Nationwide","D-0105-2015","Class II","Morphine/bupivacaine 5 mg/2 mg/mL injectable packaged in 30 mL or 60 mL syringes, Martin Avenue Pharmacy, 1247 Rickert Dr, Naperville, IL.","40 mL","Lack of Assurance of Sterility: Martin Avenue Pharmacy, Inc. is conducting a voluntary recall of all compounded sterile preparations within expiry. The recall is being initiated in connection with a recent FDA inspection due to observations associated with certain quality control procedures that present a risk to sterility assurance.","08/27/2014","10/29/2014","05/31/2018","11/05/2014","Lot Number: 08112014@51, Exp 9/10/2014"
"Drugs","No","","69152","Terminated","Martin Avenue Pharmacy, Inc.","1247 Rickert Dr","N/A","Naperville","IL","	60540-1008","United States","Voluntary: Firm initiated","Two or more of the following: Email, Fax, Letter, Press Release, Telephone, Visit","Nationwide","D-0106-2015","Class II","Nalbuphine 10 mg/mL injection solution packaged in an amber glass injectable vial, Martin Avenue Pharmacy, 1247 Rickert Dr, Naperville, IL.","30 mL","Lack of Assurance of Sterility: Martin Avenue Pharmacy, Inc. is conducting a voluntary recall of all compounded sterile preparations within expiry. The recall is being initiated in connection with a recent FDA inspection due to observations associated with certain quality control procedures that present a risk to sterility assurance.","08/27/2014","10/29/2014","05/31/2018","11/05/2014","Lot Number: 08182014@47, Exp 9/15/2014"
"Drugs","No","","69152","Terminated","Martin Avenue Pharmacy, Inc.","1247 Rickert Dr","N/A","Naperville","IL","	60540-1008","United States","Voluntary: Firm initiated","Two or more of the following: Email, Fax, Letter, Press Release, Telephone, Visit","Nationwide","D-0107-2015","Class II","""NB2014"" 30 mg/6 mg/300 mcg/0.3 mg/mL (phentolamine mesylate, papaverine, alprostadil, atropine) injectable packaged in a clear glass injectable vial, Martin Avenue Pharmacy, 1247 Rickert Dr, Naperville, IL.","85 mL","Lack of Assurance of Sterility: Martin Avenue Pharmacy, Inc. is conducting a voluntary recall of all compounded sterile preparations within expiry. The recall is being initiated in connection with a recent FDA inspection due to observations associated with certain quality control procedures that present a risk to sterility assurance.","08/27/2014","10/29/2014","05/31/2018","11/05/2014","Lot Number: 07152014@52, Exp 9/30/2014; 07202014@7, Exp 10/18/2014"
"Drugs","No","","69152","Terminated","Martin Avenue Pharmacy, Inc.","1247 Rickert Dr","N/A","Naperville","IL","	60540-1008","United States","Voluntary: Firm initiated","Two or more of the following: Email, Fax, Letter, Press Release, Telephone, Visit","Nationwide","D-0108-2015","Class II","Opthalmic ointment base ointment packaged in a white ointment tube, Martin Avenue Pharmacy, 1247 Rickert Dr, Naperville, IL.","30 gm","Lack of Assurance of Sterility: Martin Avenue Pharmacy, Inc. is conducting a voluntary recall of all compounded sterile preparations within expiry. The recall is being initiated in connection with a recent FDA inspection due to observations associated with certain quality control procedures that present a risk to sterility assurance.","08/27/2014","10/29/2014","05/31/2018","11/05/2014","Lot Number: 07312014@27, Exp 10/29/2014"
"Drugs","No","","69152","Terminated","Martin Avenue Pharmacy, Inc.","1247 Rickert Dr","N/A","Naperville","IL","	60540-1008","United States","Voluntary: Firm initiated","Two or more of the following: Email, Fax, Letter, Press Release, Telephone, Visit","Nationwide","D-0109-2015","Class II","Paraben water for injection packaged in a sterile 1000 mL clear bottle, Martin Avenue Pharmacy, 1247 Rickert Dr, Naperville, IL.","3 bottles","Lack of Assurance of Sterility: Martin Avenue Pharmacy, Inc. is conducting a voluntary recall of all compounded sterile preparations within expiry. The recall is being initiated in connection with a recent FDA inspection due to observations associated with certain quality control procedures that present a risk to sterility assurance.","08/27/2014","10/29/2014","05/31/2018","11/05/2014","Lot Number: 03102014@23, Exp 9/6/2014; 05282014@16, Exp 11/24/2014; 08132014@18, Exp 2/9/2015"
"Drugs","No","","69152","Terminated","Martin Avenue Pharmacy, Inc.","1247 Rickert Dr","N/A","Naperville","IL","	60540-1008","United States","Voluntary: Firm initiated","Two or more of the following: Email, Fax, Letter, Press Release, Telephone, Visit","Nationwide","D-0110-2015","Class II","Peng/proc/strep/chlor/hyos (penicillin G, procaine, streptomycin sulfate, chlorpheniramine maleate, hyoscyamine sulfate) (vet) injection suspension packaged in an amber glass injectable vial, Martin Avenue Pharmacy, 1247 Rickert Dr, Naperville, IL.","900 mL","Lack of Assurance of Sterility: Martin Avenue Pharmacy, Inc. is conducting a voluntary recall of all compounded sterile preparations within expiry. The recall is being initiated in connection with a recent FDA inspection due to observations associated with certain quality control procedures that present a risk to sterility assurance.","08/27/2014","10/29/2014","05/31/2018","11/05/2014","Lot Number: 03312014@29, Exp 9/27/2014; 06262014@20, Exp 12/23/2014"
"Drugs","No","","69152","Terminated","Martin Avenue Pharmacy, Inc.","1247 Rickert Dr","N/A","Naperville","IL","	60540-1008","United States","Voluntary: Firm initiated","Two or more of the following: Email, Fax, Letter, Press Release, Telephone, Visit","Nationwide","D-0111-2015","Class II","PGE 1, 40 mcg/mL injectable packaged in a clear glass injectable vial, Martin Avenue Pharmacy, 1247 Rickert Dr, Naperville, IL.","160 mL","Lack of Assurance of Sterility: Martin Avenue Pharmacy, Inc. is conducting a voluntary recall of all compounded sterile preparations within expiry. The recall is being initiated in connection with a recent FDA inspection due to observations associated with certain quality control procedures that present a risk to sterility assurance.","08/27/2014","10/29/2014","05/31/2018","11/05/2014","Lot Number: 07182014@24, Exp 10/16/2014; 08072014@24, Exp 11/5/2014"
"Drugs","No","","69152","Terminated","Martin Avenue Pharmacy, Inc.","1247 Rickert Dr","N/A","Naperville","IL","	60540-1008","United States","Voluntary: Firm initiated","Two or more of the following: Email, Fax, Letter, Press Release, Telephone, Visit","Nationwide","D-0112-2015","Class II","PGE 2, 100 mcg/mL injectable packaged in a clear glass injectable vial, Martin Avenue Pharmacy, 1247 Rickert Dr, Naperville, IL.","200 mL","Lack of Assurance of Sterility: Martin Avenue Pharmacy, Inc. is conducting a voluntary recall of all compounded sterile preparations within expiry. The recall is being initiated in connection with a recent FDA inspection due to observations associated with certain quality control procedures that present a risk to sterility assurance.","08/27/2014","10/29/2014","05/31/2018","11/05/2014","Lot Number: 06232014@47, Exp 9/21/2014"
"Drugs","No","","69152","Terminated","Martin Avenue Pharmacy, Inc.","1247 Rickert Dr","N/A","Naperville","IL","	60540-1008","United States","Voluntary: Firm initiated","Two or more of the following: Email, Fax, Letter, Press Release, Telephone, Visit","Nationwide","D-0113-2015","Class II","PGE 2.5, 150 mcg/mL injectable packaged in a clear glass injectable vial, Martin Avenue Pharmacy, 1247 Rickert Dr, Naperville, IL.","160 mL","Lack of Assurance of Sterility: Martin Avenue Pharmacy, Inc. is conducting a voluntary recall of all compounded sterile preparations within expiry. The recall is being initiated in connection with a recent FDA inspection due to observations associated with certain quality control procedures that present a risk to sterility assurance.","08/27/2014","10/29/2014","05/31/2018","11/05/2014","Lot Number: 07182014@28, Exp 9/15/2014"
"Drugs","No","","69152","Terminated","Martin Avenue Pharmacy, Inc.","1247 Rickert Dr","N/A","Naperville","IL","	60540-1008","United States","Voluntary: Firm initiated","Two or more of the following: Email, Fax, Letter, Press Release, Telephone, Visit","Nationwide","D-0114-2015","Class II","PGE 3, 200 mcg/mL injectable packaged in a clear glass injectable vial, Martin Avenue Pharmacy, 1247 Rickert Dr, Naperville, IL.","40 mL","Lack of Assurance of Sterility: Martin Avenue Pharmacy, Inc. is conducting a voluntary recall of all compounded sterile preparations within expiry. The recall is being initiated in connection with a recent FDA inspection due to observations associated with certain quality control procedures that present a risk to sterility assurance.","08/27/2014","10/29/2014","05/31/2018","11/05/2014","Lot Number: 08072014@40, Exp 11/5/2014"
"Drugs","No","","69152","Terminated","Martin Avenue Pharmacy, Inc.","1247 Rickert Dr","N/A","Naperville","IL","	60540-1008","United States","Voluntary: Firm initiated","Two or more of the following: Email, Fax, Letter, Press Release, Telephone, Visit","Nationwide","D-0115-2015","Class II","PGE 4, 300 mcg/mL injectable packaged in a clear glass injectable vial, Martin Avenue Pharmacy, 1247 Rickert Dr, Naperville, IL.","60 mL","Lack of Assurance of Sterility: Martin Avenue Pharmacy, Inc. is conducting a voluntary recall of all compounded sterile preparations within expiry. The recall is being initiated in connection with a recent FDA inspection due to observations associated with certain quality control procedures that present a risk to sterility assurance.","08/27/2014","10/29/2014","05/31/2018","11/05/2014","Lot Number: 08062014@40, Exp 11/4/2014"
"Drugs","No","","69152","Terminated","Martin Avenue Pharmacy, Inc.","1247 Rickert Dr","N/A","Naperville","IL","	60540-1008","United States","Voluntary: Firm initiated","Two or more of the following: Email, Fax, Letter, Press Release, Telephone, Visit","Nationwide","D-0116-2015","Class II","PGE 20 mcg/mL injectable packaged in a clear glass injectable vial, Martin Avenue Pharmacy, 1247 Rickert Dr, Naperville, IL.","10 mL","Lack of Assurance of Sterility: Martin Avenue Pharmacy, Inc. is conducting a voluntary recall of all compounded sterile preparations within expiry. The recall is being initiated in connection with a recent FDA inspection due to observations associated with certain quality control procedures that present a risk to sterility assurance.","08/27/2014","10/29/2014","05/31/2018","11/05/2014","Lot Number: 08072014@35, Exp 11/5/2014; 08182014@18, Exp 11/16/2014"
"Drugs","No","","69152","Terminated","Martin Avenue Pharmacy, Inc.","1247 Rickert Dr","N/A","Naperville","IL","	60540-1008","United States","Voluntary: Firm initiated","Two or more of the following: Email, Fax, Letter, Press Release, Telephone, Visit","Nationwide","D-0117-2015","Class II","Phenol 10% injectable packaged in an amber glass injectable vial, Martin Avenue Pharmacy, 1247 Rickert Dr, Naperville, IL.","50 mL","Lack of Assurance of Sterility: Martin Avenue Pharmacy, Inc. is conducting a voluntary recall of all compounded sterile preparations within expiry. The recall is being initiated in connection with a recent FDA inspection due to observations associated with certain quality control procedures that present a risk to sterility assurance.","08/27/2014","10/29/2014","05/31/2018","11/05/2014","Lot Number: 06062014@44, Exp 9/4/2014; 07302014@14, Exp 10/28/2014"
"Drugs","No","","69152","Terminated","Martin Avenue Pharmacy, Inc.","1247 Rickert Dr","N/A","Naperville","IL","	60540-1008","United States","Voluntary: Firm initiated","Two or more of the following: Email, Fax, Letter, Press Release, Telephone, Visit","Nationwide","D-0118-2015","Class II","Phentolamine mesylate 5 mg/35 mg/mannitol trituration packaged in a white jar, Martin Avenue Pharmacy, 1247 Rickert Dr, Naperville, IL.","135.9261 gm","Lack of Assurance of Sterility: Martin Avenue Pharmacy, Inc. is conducting a voluntary recall of all compounded sterile preparations within expiry. The recall is being initiated in connection with a recent FDA inspection due to observations associated with certain quality control procedures that present a risk to sterility assurance.","08/27/2014","10/29/2014","05/31/2018","11/05/2014","Lot Number: 04032014@14, Exp 9/30/2014; 07152014@36, Exp 1/11/2015; 07242014@21, Exp 1/20/2015"
"Drugs","No","","69152","Terminated","Martin Avenue Pharmacy, Inc.","1247 Rickert Dr","N/A","Naperville","IL","	60540-1008","United States","Voluntary: Firm initiated","Two or more of the following: Email, Fax, Letter, Press Release, Telephone, Visit","Nationwide","D-0119-2015","Class II","Phenylephrine 1% injectable packaged in an amber glass injectable vial, Martin Avenue Pharmacy, 1247 Rickert Dr, Naperville, IL.","350 mL","Lack of Assurance of Sterility: Martin Avenue Pharmacy, Inc. is conducting a voluntary recall of all compounded sterile preparations within expiry. The recall is being initiated in connection with a recent FDA inspection due to observations associated with certain quality control procedures that present a risk to sterility assurance.","08/27/2014","10/29/2014","05/31/2018","11/05/2014","Lot Number: 07182014@40, Exp 9/16/2014; 07252014@43, Exp 9/23/2014"
"Drugs","No","","69152","Terminated","Martin Avenue Pharmacy, Inc.","1247 Rickert Dr","N/A","Naperville","IL","	60540-1008","United States","Voluntary: Firm initiated","Two or more of the following: Email, Fax, Letter, Press Release, Telephone, Visit","Nationwide","D-0120-2015","Class II","Phenylephrine 10% opthalmic solution packaged in an opaque squeeze bottle eye dropper, Martin Avenue Pharmacy, 1247 Rickert Dr, Naperville, IL.","100 mL","Lack of Assurance of Sterility: Martin Avenue Pharmacy, Inc. is conducting a voluntary recall of all compounded sterile preparations within expiry. The recall is being initiated in connection with a recent FDA inspection due to observations associated with certain quality control procedures that present a risk to sterility assurance.","08/27/2014","10/29/2014","05/31/2018","11/05/2014","Lot Number: 03222014@1, Exp 9/18/2014"
"Drugs","No","","69152","Terminated","Martin Avenue Pharmacy, Inc.","1247 Rickert Dr","N/A","Naperville","IL","	60540-1008","United States","Voluntary: Firm initiated","Two or more of the following: Email, Fax, Letter, Press Release, Telephone, Visit","Nationwide","D-0121-2015","Class II","Pilocarpine (PF) 0.25% opthalmic solution packaged in an opaque squeeze bottle eye dropper, Martin Avenue Pharmacy, 1247 Rickert Dr, Naperville, IL.","5 mL","Lack of Assurance of Sterility: Martin Avenue Pharmacy, Inc. is conducting a voluntary recall of all compounded sterile preparations within expiry. The recall is being initiated in connection with a recent FDA inspection due to observations associated with certain quality control procedures that present a risk to sterility assurance.","08/27/2014","10/29/2014","05/31/2018","11/05/2014","Lot Number: 07202014@11, Exp 10/18/2014"
"Drugs","No","","69152","Terminated","Martin Avenue Pharmacy, Inc.","1247 Rickert Dr","N/A","Naperville","IL","	60540-1008","United States","Voluntary: Firm initiated","Two or more of the following: Email, Fax, Letter, Press Release, Telephone, Visit","Nationwide","D-0122-2015","Class II","Polyhexamethylene biguanide 0.02% opthalmic solution packaged in an opaque squeeze bottle eye dropper, Martin Avenue Pharmacy, 1247 Rickert Dr, Naperville, IL.","40 mL","Lack of Assurance of Sterility: Martin Avenue Pharmacy, Inc. is conducting a voluntary recall of all compounded sterile preparations within expiry. The recall is being initiated in connection with a recent FDA inspection due to observations associated with certain quality control procedures that present a risk to sterility assurance.","08/27/2014","10/29/2014","05/31/2018","11/05/2014","Lot Number: 08112014@28, Exp 11/9/2014"
"Drugs","No","","69152","Terminated","Martin Avenue Pharmacy, Inc.","1247 Rickert Dr","N/A","Naperville","IL","	60540-1008","United States","Voluntary: Firm initiated","Two or more of the following: Email, Fax, Letter, Press Release, Telephone, Visit","Nationwide","D-0123-2015","Class II","Polyhexamethylene biguanide 2% stock solution packaged in an opaque squeeze bottle eye dropper, Martin Avenue Pharmacy, 1247 Rickert Dr, Naperville, IL.","10 mL","Lack of Assurance of Sterility: Martin Avenue Pharmacy, Inc. is conducting a voluntary recall of all compounded sterile preparations within expiry. The recall is being initiated in connection with a recent FDA inspection due to observations associated with certain quality control procedures that present a risk to sterility assurance.","08/27/2014","10/29/2014","05/31/2018","11/05/2014","Lot Number: 08112014@24, Exp 11/9/2014"
"Drugs","No","","69152","Terminated","Martin Avenue Pharmacy, Inc.","1247 Rickert Dr","N/A","Naperville","IL","	60540-1008","United States","Voluntary: Firm initiated","Two or more of the following: Email, Fax, Letter, Press Release, Telephone, Visit","Nationwide","D-0124-2015","Class II","Prednisolone acetate 50 mg/mL injectable packaged in an amber glass injectable vial, Martin Avenue Pharmacy, 1247 Rickert Dr, Naperville, IL.","55 mL","Lack of Assurance of Sterility: Martin Avenue Pharmacy, Inc. is conducting a voluntary recall of all compounded sterile preparations within expiry. The recall is being initiated in connection with a recent FDA inspection due to observations associated with certain quality control procedures that present a risk to sterility assurance.","08/27/2014","10/29/2014","05/31/2018","11/05/2014","Lot Number: 05082014@23, Exp 11/4/2014"
"Drugs","No","","69152","Terminated","Martin Avenue Pharmacy, Inc.","1247 Rickert Dr","N/A","Naperville","IL","	60540-1008","United States","Voluntary: Firm initiated","Two or more of the following: Email, Fax, Letter, Press Release, Telephone, Visit","Nationwide","D-0125-2015","Class II","Quad mix 1, 12 mg/1 mg/10 mcg/0.15 mg/mL (papaverine, phentolamine mesylate, alprostadil, atropine) injectable packaged in a clear glass injectable vial, Martin Avenue Pharmacy, 1247 Rickert Dr, Naperville, IL.","60 mL","Lack of Assurance of Sterility: Martin Avenue Pharmacy, Inc. is conducting a voluntary recall of all compounded sterile preparations within expiry. The recall is being initiated in connection with a recent FDA inspection due to observations associated with certain quality control procedures that present a risk to sterility assurance.","08/27/2014","10/29/2014","05/31/2018","11/05/2014","Lot Number: 06052014@24, Exp 9/12/2014"
"Drugs","No","","69387","Terminated","Zydus Pharmaceuticals USA Inc","73 Route 31 N","N/A","Pennington","NJ","	08534-3601","United States","Voluntary: Firm initiated","Letter","U.S. Nationwide","D-0015-2015","Class II","TOPIRAMATE Tablets 200 mg, 60 Tablet Bottles, Rx Only. Manufactured by Cadila Healthcare Ltd. Ahmedabad, India Distributed by: Zydus Pharmaceuticals USA Inc. Pennington, NJ USA 08534. NDC 68382-141-14.","14,568 Bottles","Presence of Foreign Tablets: Presence of topiramate 100 mg tablets comingled with 200 mg tablets.","09/15/2014","10/10/2014","09/20/2017","10/22/2014","Lot #: MN9828, Expiry: Oct 2015."
"Drugs","No","","69389","Terminated","Bracco Diagnostic Inc","259 Prospect Plains Road","Building H","Monroe Township","NJ","	08831","United States","Voluntary: Firm initiated","Letter","Nationwide","D-0014-2015","Class III","E-Z- GAS II EFFERVESCENT GRANULES Antacid/Antiflatulent ,4 g (0.14 oz), 50 -count box, Rx Only, Manufactured  in USA for E-Z EM, Inc. Lake Success, NY 11042 by Tower Laboratories LTD Centerbrook, CT 06409   NDC 10361-793-01","58,050 packets","Subpotent Drug: Out of Specification (OOS) result during routine stability testing at 24 months.","09/18/2014","10/09/2014","06/30/2015","10/15/2014","Lot # F12C01; Exp. 02/15"
"Drugs","No","","69152","Terminated","Martin Avenue Pharmacy, Inc.","1247 Rickert Dr","N/A","Naperville","IL","	60540-1008","United States","Voluntary: Firm initiated","Two or more of the following: Email, Fax, Letter, Press Release, Telephone, Visit","Nationwide","D-0126-2015","Class II","Quad mix, 18 mg/0.2 mg/10 mcg/0.02 mg/mL (papaverine, phentolamine mesylate, alprostadil, atropine) injectable packaged in a clear glass injectable vial, Martin Avenue Pharmacy, 1247 Rickert Dr, Naperville, IL.","10 mL","Lack of Assurance of Sterility: Martin Avenue Pharmacy, Inc. is conducting a voluntary recall of all compounded sterile preparations within expiry. The recall is being initiated in connection with a recent FDA inspection due to observations associated with certain quality control procedures that present a risk to sterility assurance.","08/27/2014","10/29/2014","05/31/2018","11/05/2014","Lot Number: 07302014@29, Exp 10/28/2014; 08192014@31, Exp 11/17/2014"
"Drugs","No","","69152","Terminated","Martin Avenue Pharmacy, Inc.","1247 Rickert Dr","N/A","Naperville","IL","	60540-1008","United States","Voluntary: Firm initiated","Two or more of the following: Email, Fax, Letter, Press Release, Telephone, Visit","Nationwide","D-0127-2015","Class II","Quad mix 2, 12 mg/1 mg/25 mcg/0.25 mg/mL (papaverine, phentolamine mesylate, alprostadil, atropine) injectable packaged in a clear glass injectable vial, Martin Avenue Pharmacy, 1247 Rickert Dr, Naperville, IL.","50 mL","Lack of Assurance of Sterility: Martin Avenue Pharmacy, Inc. is conducting a voluntary recall of all compounded sterile preparations within expiry. The recall is being initiated in connection with a recent FDA inspection due to observations associated with certain quality control procedures that present a risk to sterility assurance.","08/27/2014","10/29/2014","05/31/2018","11/05/2014","Lot Number: 06052014@13, Exp 9/15/2014"
"Drugs","No","","69152","Terminated","Martin Avenue Pharmacy, Inc.","1247 Rickert Dr","N/A","Naperville","IL","	60540-1008","United States","Voluntary: Firm initiated","Two or more of the following: Email, Fax, Letter, Press Release, Telephone, Visit","Nationwide","D-0128-2015","Class II","Quad mix, 30 mg/1 mg/10 mcg/0.15 mg/mL (papaverine, phentolamine mesylate, alprostadil, atropine) packaged in a clear glass injectable vial, Martin Avenue Pharmacy, 1247 Rickert Dr, Naperville, IL.","30 mL","Lack of Assurance of Sterility: Martin Avenue Pharmacy, Inc. is conducting a voluntary recall of all compounded sterile preparations within expiry. The recall is being initiated in connection with a recent FDA inspection due to observations associated with certain quality control procedures that present a risk to sterility assurance.","08/27/2014","10/29/2014","05/31/2018","11/05/2014","Lot Number: 08042014@36, Exp 11/2/2014"
"Drugs","No","","69152","Terminated","Martin Avenue Pharmacy, Inc.","1247 Rickert Dr","N/A","Naperville","IL","	60540-1008","United States","Voluntary: Firm initiated","Two or more of the following: Email, Fax, Letter, Press Release, Telephone, Visit","Nationwide","D-0129-2015","Class II","Quad mix, 30 mg/1 mg/20 mcg/0.15 mg/mL (papaverine, phentolamine mesylate, alprostadil, atropine) injectable packaged in a clear glass injectable vial, Martin Avenue Pharmacy, 1247 Rickert Dr, Naperville, IL.","30 mL","Lack of Assurance of Sterility: Martin Avenue Pharmacy, Inc. is conducting a voluntary recall of all compounded sterile preparations within expiry. The recall is being initiated in connection with a recent FDA inspection due to observations associated with certain quality control procedures that present a risk to sterility assurance.","08/27/2014","10/29/2014","05/31/2018","11/05/2014","Lot Number: 06052014@16, Exp 9/15/2014"
"Drugs","No","","69152","Terminated","Martin Avenue Pharmacy, Inc.","1247 Rickert Dr","N/A","Naperville","IL","	60540-1008","United States","Voluntary: Firm initiated","Two or more of the following: Email, Fax, Letter, Press Release, Telephone, Visit","Nationwide","D-0130-2015","Class II","Quad mix, 9 mg/1 mg/10 mcg/0.1 mg/mL (papaverine, phentolamine mesylate, alprostadil, atropine) injectable packaged in a clear glass injectable vial with silver crimp top and sold under the Martin Avenue Pharmacy brand.","25 mL","Lack of Assurance of Sterility: Martin Avenue Pharmacy, Inc. is conducting a voluntary recall of all compounded sterile preparations within expiry. The recall is being initiated in connection with a recent FDA inspection due to observations associated with certain quality control procedures that present a risk to sterility assurance.","08/27/2014","10/29/2014","05/31/2018","11/05/2014","Lot Number: 07182014@46, Exp 10/16/2014; 08192014@40, Exp 11/17/2014"
"Drugs","No","","69152","Terminated","Martin Avenue Pharmacy, Inc.","1247 Rickert Dr","N/A","Naperville","IL","	60540-1008","United States","Voluntary: Firm initiated","Two or more of the following: Email, Fax, Letter, Press Release, Telephone, Visit","Nationwide","D-0131-2015","Class II","Rescue solution with triamcinolone (lidocaine, bupivacaine, heparin, triamcinolone) injection solution packaged in an amber glass injectable vial, Martin Avenue Pharmacy, 1247 Rickert Dr, Naperville, IL.","27 mL","Lack of Assurance of Sterility: Martin Avenue Pharmacy, Inc. is conducting a voluntary recall of all compounded sterile preparations within expiry. The recall is being initiated in connection with a recent FDA inspection due to observations associated with certain quality control procedures that present a risk to sterility assurance.","08/27/2014","10/29/2014","05/31/2018","11/05/2014","Lot Number: 08112014@41, Exp 9/10/2014"
"Drugs","No","","69405","Terminated","Avella of Deer Valley, Inc.","23620 N 20th Dr Ste 12","N/A","Phoenix","AZ","	85085-0621","United States","Voluntary: Firm initiated","Telephone","Nationwide","D-0016-2014","Class II","HYDROXYPROGESTERONE CAPROATE 250 MG/ML (IN SESAME OIL), Rx Only 4 mL INJECTABLE IM USE. Manufactured by Avella Specialty Pharmacy, Phoenix, AZ 85085.","197 vials","Crystallization: Formation of crystals observed in product.","10/01/2014","10/10/2014","02/20/2015","10/22/2014","Lot#  12-20140207@109; Exp. 12/14    Lot#  12-20142107@82;   Exp.  01/15"
"Drugs","No","","69152","Terminated","Martin Avenue Pharmacy, Inc.","1247 Rickert Dr","N/A","Naperville","IL","	60540-1008","United States","Voluntary: Firm initiated","Two or more of the following: Email, Fax, Letter, Press Release, Telephone, Visit","Nationwide","D-0132-2015","Class II","Sodium tetradecyl SO4 stock solution 6% solution packaged in an amber glass injectable vial, Martin Avenue Pharmacy, 1247 Rickert Dr, Naperville, IL.","1,300 mL","Lack of Assurance of Sterility: Martin Avenue Pharmacy, Inc. is conducting a voluntary recall of all compounded sterile preparations within expiry. The recall is being initiated in connection with a recent FDA inspection due to observations associated with certain quality control procedures that present a risk to sterility assurance.","08/27/2014","10/29/2014","05/31/2018","11/05/2014","Lot Number: 05142014@16, Exp 11/10/2014; 07142014@47, Exp 1/10/2015; 07152014@18, Exp 1/11/2015; 08062014@16, Exp 2/2/2015"
"Drugs","No","","69152","Terminated","Martin Avenue Pharmacy, Inc.","1247 Rickert Dr","N/A","Naperville","IL","	60540-1008","United States","Voluntary: Firm initiated","Two or more of the following: Email, Fax, Letter, Press Release, Telephone, Visit","Nationwide","D-0133-2015","Class II","Sodium tetradecyl sulfate 1% (PF) injectable packaged in an amber glass injectable vial, Martin Avenue Pharmacy, 1247 Rickert Dr, Naperville, IL.","10.5 mL","Lack of Assurance of Sterility: Martin Avenue Pharmacy, Inc. is conducting a voluntary recall of all compounded sterile preparations within expiry. The recall is being initiated in connection with a recent FDA inspection due to observations associated with certain quality control procedures that present a risk to sterility assurance.","08/27/2014","10/29/2014","05/31/2018","11/05/2014","Lot Number: 08182014@30, Exp 9/17/2014"
"Drugs","No","","69152","Terminated","Martin Avenue Pharmacy, Inc.","1247 Rickert Dr","N/A","Naperville","IL","	60540-1008","United States","Voluntary: Firm initiated","Two or more of the following: Email, Fax, Letter, Press Release, Telephone, Visit","Nationwide","D-0134-2015","Class II","Sodium tetradecyl sulfate 2% (PF) injectable packaged in an amber glass injectable vial, Martin Avenue Pharmacy, 1247 Rickert Dr, Naperville, IL.","6.3 mL","Lack of Assurance of Sterility: Martin Avenue Pharmacy, Inc. is conducting a voluntary recall of all compounded sterile preparations within expiry. The recall is being initiated in connection with a recent FDA inspection due to observations associated with certain quality control procedures that present a risk to sterility assurance.","08/27/2014","10/29/2014","05/31/2018","11/05/2014","Lot Number: 08112014@50, Exp 9/10/2014"
"Drugs","No","","69152","Terminated","Martin Avenue Pharmacy, Inc.","1247 Rickert Dr","N/A","Naperville","IL","	60540-1008","United States","Voluntary: Firm initiated","Two or more of the following: Email, Fax, Letter, Press Release, Telephone, Visit","Nationwide","D-0135-2015","Class II","Sodium tetradecyl sulfate 3% (PF) injectable packaged in an amber glass injectable vial, Martin Avenue Pharmacy, 1247 Rickert Dr, Naperville, IL..","72 mL","Lack of Assurance of Sterility: Martin Avenue Pharmacy, Inc. is conducting a voluntary recall of all compounded sterile preparations within expiry. The recall is being initiated in connection with a recent FDA inspection due to observations associated with certain quality control procedures that present a risk to sterility assurance.","08/27/2014","10/29/2014","05/31/2018","11/05/2014","Lot Number: 08062014@31, Exp 9/5/2014; 08112014@47, Exp 9/10/2014"
"Drugs","No","","69152","Terminated","Martin Avenue Pharmacy, Inc.","1247 Rickert Dr","N/A","Naperville","IL","	60540-1008","United States","Voluntary: Firm initiated","Two or more of the following: Email, Fax, Letter, Press Release, Telephone, Visit","Nationwide","D-0136-2015","Class II","Sodium tetradecyl sulfate 5% (PF) injectable packaged in an amber glass injectable vial, Martin Avenue Pharmacy, 1247 Rickert Dr, Naperville, IL.","270 mL","Lack of Assurance of Sterility: Martin Avenue Pharmacy, Inc. is conducting a voluntary recall of all compounded sterile preparations within expiry. The recall is being initiated in connection with a recent FDA inspection due to observations associated with certain quality control procedures that present a risk to sterility assurance.","08/27/2014","10/29/2014","05/31/2018","11/05/2014","Lot Number: 08062014@32, Exp 9/5/2014; 08072014@62, Exp 9/6/2014"
"Drugs","No","","69152","Terminated","Martin Avenue Pharmacy, Inc.","1247 Rickert Dr","N/A","Naperville","IL","	60540-1008","United States","Voluntary: Firm initiated","Two or more of the following: Email, Fax, Letter, Press Release, Telephone, Visit","Nationwide","D-0137-2015","Class II","Tacrolimus oil 0.03% opthalmic solution packaged in an opaque squeeze bottle eye dropper, Martin Avenue Pharmacy, 1247 Rickert Dr, Naperville, IL.","50 mL","Lack of Assurance of Sterility: Martin Avenue Pharmacy, Inc. is conducting a voluntary recall of all compounded sterile preparations within expiry. The recall is being initiated in connection with a recent FDA inspection due to observations associated with certain quality control procedures that present a risk to sterility assurance.","08/27/2014","10/29/2014","05/31/2018","11/05/2014","Lot Number: 08072014@63, Exp 9/6/2014"
"Drugs","No","","69152","Terminated","Martin Avenue Pharmacy, Inc.","1247 Rickert Dr","N/A","Naperville","IL","	60540-1008","United States","Voluntary: Firm initiated","Two or more of the following: Email, Fax, Letter, Press Release, Telephone, Visit","Nationwide","D-0138-2015","Class II","Testosterone cypionate 250 mg/mL injection  packaged in an amber glass injectable vial, Martin Avenue Pharmacy, 1247 Rickert Dr, Naperville, IL.","20 mL","Lack of Assurance of Sterility: Martin Avenue Pharmacy, Inc. is conducting a voluntary recall of all compounded sterile preparations within expiry. The recall is being initiated in connection with a recent FDA inspection due to observations associated with certain quality control procedures that present a risk to sterility assurance.","08/27/2014","10/29/2014","05/31/2018","11/05/2014","Lot Number: 08012014@34, Exp 10/30/2014"
"Drugs","No","","69152","Terminated","Martin Avenue Pharmacy, Inc.","1247 Rickert Dr","N/A","Naperville","IL","	60540-1008","United States","Voluntary: Firm initiated","Two or more of the following: Email, Fax, Letter, Press Release, Telephone, Visit","Nationwide","D-0139-2015","Class II","Testosterone cypionate 150 mg/mL injection  packaged in an amber glass injectable vial, Martin Avenue Pharmacy, 1247 Rickert Dr, Naperville, IL.","35 mL","Lack of Assurance of Sterility: Martin Avenue Pharmacy, Inc. is conducting a voluntary recall of all compounded sterile preparations within expiry. The recall is being initiated in connection with a recent FDA inspection due to observations associated with certain quality control procedures that present a risk to sterility assurance.","08/27/2014","10/29/2014","05/31/2018","11/05/2014","Lot Number: 08202014@4, Exp 11/18/2014"
"Drugs","No","","69152","Terminated","Martin Avenue Pharmacy, Inc.","1247 Rickert Dr","N/A","Naperville","IL","	60540-1008","United States","Voluntary: Firm initiated","Two or more of the following: Email, Fax, Letter, Press Release, Telephone, Visit","Nationwide","D-0140-2015","Class II","Testosterone cypionate 200 mg/mL injection  packaged in an amber glass injectable vial, Martin Avenue Pharmacy, 1247 Rickert Dr, Naperville, IL.","2,500 mL","Lack of Assurance of Sterility: Martin Avenue Pharmacy, Inc. is conducting a voluntary recall of all compounded sterile preparations within expiry. The recall is being initiated in connection with a recent FDA inspection due to observations associated with certain quality control procedures that present a risk to sterility assurance.","08/27/2014","10/29/2014","05/31/2018","11/05/2014","Lot Number: 06112014@14, Exp 9/9/2014; 07312014@17, Exp 10/29/2014; 08202014@1, Exp 11/18/2014"
"Drugs","No","","69152","Terminated","Martin Avenue Pharmacy, Inc.","1247 Rickert Dr","N/A","Naperville","IL","	60540-1008","United States","Voluntary: Firm initiated","Two or more of the following: Email, Fax, Letter, Press Release, Telephone, Visit","Nationwide","D-0141-2015","Class II","Tetracycline 250 mg powder kits packaged with powder and  water in separate amber glass vials, with filter, in bag, Martin Avenue Pharmacy, 1247 Rickert Dr, Naperville, IL.","7 kits","Lack of Assurance of Sterility: Martin Avenue Pharmacy, Inc. is conducting a voluntary recall of all compounded sterile preparations within expiry. The recall is being initiated in connection with a recent FDA inspection due to observations associated with certain quality control procedures that present a risk to sterility assurance.","08/27/2014","10/29/2014","05/31/2018","11/05/2014","Lot Number: 07152014@50, Exp 10/13/2014; 07152014@54, Exp 10/13/2014; 07152014@55, Exp 10/13/2014; 07152014@56, Exp 10/13/2014; 07152014@48, Exp 10/13/2014; 07152014@49, Exp 10/13/2014; 08062014@53, Exp 11/4/2014"
"Drugs","No","","69411","Terminated","Gilead Sciences, Inc.","333 Lakeside Dr","N/A","Foster City","CA","	94404-1147","United States","Voluntary: Firm initiated","Letter","United States, Puerto Rico, Fiji.","D-0045-2015","Class II","Emtriva (emtricitabine) Oral Solution, 10 mg/mL, 170 mL bottles, Rx only, Manufactured for Gilead Sciences, Inc., Foster City, CA  NDC 61958-0602-1    Gilead Sciences, Inc. Foster City, CA 94404.","6,290 bottles","Defective Container; leaking around the cap","10/01/2014","10/24/2014","05/11/2015","11/05/2014","FG Lot Number:   HDNTD1 and HDNTD exp 30-Jun-15, KCMGD and KCMGD1 exp 31-Oct-15, KYGHA, KYGKA and KYGKK exp 30-Apr-16, MZVBA and MZTZA exp 31-Oct-16"
"Drugs","No","","69152","Terminated","Martin Avenue Pharmacy, Inc.","1247 Rickert Dr","N/A","Naperville","IL","	60540-1008","United States","Voluntary: Firm initiated","Two or more of the following: Email, Fax, Letter, Press Release, Telephone, Visit","Nationwide","D-0142-2015","Class II","Tobramycin (PF) 15 mg/mL opthalmic solution packaged in opaque squeeze bottle eye dropper, Martin Avenue Pharmacy, 1247 Rickert Dr, Naperville, IL.","30 mL","Lack of Assurance of Sterility: Martin Avenue Pharmacy, Inc. is conducting a voluntary recall of all compounded sterile preparations within expiry. The recall is being initiated in connection with a recent FDA inspection due to observations associated with certain quality control procedures that present a risk to sterility assurance.","08/27/2014","10/29/2014","05/31/2018","11/05/2014","Lot Number: 08012014@7, Exp 9/30/2014"
"Drugs","No","","69152","Terminated","Martin Avenue Pharmacy, Inc.","1247 Rickert Dr","N/A","Naperville","IL","	60540-1008","United States","Voluntary: Firm initiated","Two or more of the following: Email, Fax, Letter, Press Release, Telephone, Visit","Nationwide","D-0143-2015","Class II","Triamcinolone acetonide (PF) 40 mg/mL injection suspension packaged in an amber glass injectable vial, Martin Avenue Pharmacy, 1247 Rickert Dr, Naperville, IL.","100 mL","Lack of Assurance of Sterility: Martin Avenue Pharmacy, Inc. is conducting a voluntary recall of all compounded sterile preparations within expiry. The recall is being initiated in connection with a recent FDA inspection due to observations associated with certain quality control procedures that present a risk to sterility assurance.","08/27/2014","10/29/2014","05/31/2018","11/05/2014","Lot Number: 06192014@16, Exp 9/15/2014"
"Drugs","No","","69413","Terminated","Taro Pharmaceuticals U.S.A., Inc.","3 Skyline Dr","N/A","Hawthorne","NY","	10532-2174","United States","Voluntary: Firm initiated","Letter","IL, OH, LA","D-0049-2015","Class III","Carbamazepine Tablets USP, 200 mg, 1000 Tablets per Bottle, Rx only, Manufactured by: Taro Pharmaceutical Industries Ltd. Haifa Bay, Israel 26110 Distributed by: Taro Pharmaceuticals U.S.A., Inc. Hawthorne, NY 10532, NDC 51672-4005-3.","1,966 bottles","Marketed without an Approved NDA/ANDA: One lot was on hold-pending release status when it was erroneously made available for sale in the inventory control system.  An alternate manufacturing site for the Carbamazepine API final intermediate was pending approval.","10/21/2014","10/27/2014","04/03/2017","11/05/2014","Lot 137393, exp. 10/2016"
"Drugs","No","","69414","Terminated","Gilead Sciences, Inc.","333 Lakeside Dr","N/A","Foster City","CA","	94404-1147","United States","Voluntary: Firm initiated","Letter","Nationwide","D-0013-2015","Class III","Truvada (200 mg emtricitabine and 300 mg tenofovir disoproxil fumarate) tablets, 30 count bottles, Rx only, Manufactured for Gilead Sciences, Inc. Foster City, CA 94404, NDC 61958-0701-1    ","10,317 bottles","Presence of Foreign Substance: Truvada was found to contain small red silicone rubber particulates.","09/30/2014","10/09/2014","05/11/2015","10/15/2014","TRUVADA (NDA 21-752; NDC 61958-0701-1)  Lot# 002808, Expiration Date: 31 December 2017"
"Drugs","No","","69152","Terminated","Martin Avenue Pharmacy, Inc.","1247 Rickert Dr","N/A","Naperville","IL","	60540-1008","United States","Voluntary: Firm initiated","Two or more of the following: Email, Fax, Letter, Press Release, Telephone, Visit","Nationwide","D-0144-2015","Class II","Triamcinolone acetonide suspending vehicle (PF) vehicle packaged in an amber glass injectable vial, Martin Avenue Pharmacy, 1247 Rickert Dr, Naperville, IL.","200 mL","Lack of Assurance of Sterility: Martin Avenue Pharmacy, Inc. is conducting a voluntary recall of all compounded sterile preparations within expiry. The recall is being initiated in connection with a recent FDA inspection due to observations associated with certain quality control procedures that present a risk to sterility assurance.","08/27/2014","10/29/2014","05/31/2018","11/05/2014","Lot Number: 06172014@27, Exp 9/15/2014"
"Drugs","No","","69152","Terminated","Martin Avenue Pharmacy, Inc.","1247 Rickert Dr","N/A","Naperville","IL","	60540-1008","United States","Voluntary: Firm initiated","Two or more of the following: Email, Fax, Letter, Press Release, Telephone, Visit","Nationwide","D-0145-2015","Class II","Trimethoprim/sulfadiazine excipient stock solution injection packaged in an amber glass injectable vial, Martin Avenue Pharmacy, 1247 Rickert Dr, Naperville, IL.","100 mL","Lack of Assurance of Sterility: Martin Avenue Pharmacy, Inc. is conducting a voluntary recall of all compounded sterile preparations within expiry. The recall is being initiated in connection with a recent FDA inspection due to observations associated with certain quality control procedures that present a risk to sterility assurance.","08/27/2014","10/29/2014","05/31/2018","11/05/2014","Lot Number: 06252014@23, Exp 12/22/2014"
"Drugs","No","","69152","Terminated","Martin Avenue Pharmacy, Inc.","1247 Rickert Dr","N/A","Naperville","IL","	60540-1008","United States","Voluntary: Firm initiated","Two or more of the following: Email, Fax, Letter, Press Release, Telephone, Visit","Nationwide","D-0146-2015","Class II","Tri-mix, 12 mg/1 mg/9 mcg/mL (papaverine, phentolamine mesylate, alprostadil) injectable packaged in a clear glass injectable vial, Martin Avenue Pharmacy, 1247 Rickert Dr, Naperville, IL.","50 mL","Lack of Assurance of Sterility: Martin Avenue Pharmacy, Inc. is conducting a voluntary recall of all compounded sterile preparations within expiry. The recall is being initiated in connection with a recent FDA inspection due to observations associated with certain quality control procedures that present a risk to sterility assurance.","08/27/2014","10/29/2014","05/31/2018","11/05/2014","Lot Number: 07152014@2, Exp 10/13/2014; 08062014@55, Exp 12/22/2014"
"Drugs","No","","69152","Terminated","Martin Avenue Pharmacy, Inc.","1247 Rickert Dr","N/A","Naperville","IL","	60540-1008","United States","Voluntary: Firm initiated","Two or more of the following: Email, Fax, Letter, Press Release, Telephone, Visit","Nationwide","D-0147-2015","Class II","Tri-mix, 15 mg/0.5 mg/10 mcg/mL (papaverine, phentolamine mesylate, alprostadil) injectable packaged in a clear glass injectable vial, Martin Avenue Pharmacy, 1247 Rickert Dr, Naperville, IL.","5 mL","Lack of Assurance of Sterility: Martin Avenue Pharmacy, Inc. is conducting a voluntary recall of all compounded sterile preparations within expiry. The recall is being initiated in connection with a recent FDA inspection due to observations associated with certain quality control procedures that present a risk to sterility assurance.","08/27/2014","10/29/2014","05/31/2018","11/05/2014","Lot Number: 08132014@35, Exp 11/11/2014"
"Drugs","No","","69152","Terminated","Martin Avenue Pharmacy, Inc.","1247 Rickert Dr","N/A","Naperville","IL","	60540-1008","United States","Voluntary: Firm initiated","Two or more of the following: Email, Fax, Letter, Press Release, Telephone, Visit","Nationwide","D-0148-2015","Class II","Tri-mix, 30 mg/0.5 mg/10 mcg/mL (papaverine, phentolamine mesylate, alprostadil) injectable packaged in a clear glass injectable vial, Martin Avenue Pharmacy, 1247 Rickert Dr, Naperville, IL.","5 mL","Lack of Assurance of Sterility: Martin Avenue Pharmacy, Inc. is conducting a voluntary recall of all compounded sterile preparations within expiry. The recall is being initiated in connection with a recent FDA inspection due to observations associated with certain quality control procedures that present a risk to sterility assurance.","08/27/2014","10/29/2014","05/31/2018","11/05/2014","Lot Number: 08132014@36, Exp 11/11/2014"
"Drugs","No","","69152","Terminated","Martin Avenue Pharmacy, Inc.","1247 Rickert Dr","N/A","Naperville","IL","	60540-1008","United States","Voluntary: Firm initiated","Two or more of the following: Email, Fax, Letter, Press Release, Telephone, Visit","Nationwide","D-0149-2015","Class II","Tri-mix, 30 mg/1 mg/20 mcg/mL (papaverine, phentolamine mesylate, alprostadil) injectable packaged in a clear glass injectable vial, Martin Avenue Pharmacy, 1247 Rickert Dr, Naperville, IL.","75 mL","Lack of Assurance of Sterility: Martin Avenue Pharmacy, Inc. is conducting a voluntary recall of all compounded sterile preparations within expiry. The recall is being initiated in connection with a recent FDA inspection due to observations associated with certain quality control procedures that present a risk to sterility assurance.","08/27/2014","10/29/2014","05/31/2018","11/05/2014","Lot Number: 07142014@39, Exp 9/30/2014; 07262014@1, Exp 10/24/2014"
"Drugs","No","","69152","Terminated","Martin Avenue Pharmacy, Inc.","1247 Rickert Dr","N/A","Naperville","IL","	60540-1008","United States","Voluntary: Firm initiated","Two or more of the following: Email, Fax, Letter, Press Release, Telephone, Visit","Nationwide","D-0150-2015","Class II","Tri-mix, 30 mg/2 mg/10 mcg/mL (papaverine, phentolamine mesylate, alprostadil) injectable packaged in a clear glass injectable vial with silver crimp top and sold under the Martin Avenue Pharmacy brand.","30 mL","Lack of Assurance of Sterility: Martin Avenue Pharmacy, Inc. is conducting a voluntary recall of all compounded sterile preparations within expiry. The recall is being initiated in connection with a recent FDA inspection due to observations associated with certain quality control procedures that present a risk to sterility assurance.","08/27/2014","10/29/2014","05/31/2018","11/05/2014","Lot Number: 08182014@23, Exp 11/16/2014"
"Drugs","No","","69152","Terminated","Martin Avenue Pharmacy, Inc.","1247 Rickert Dr","N/A","Naperville","IL","	60540-1008","United States","Voluntary: Firm initiated","Two or more of the following: Email, Fax, Letter, Press Release, Telephone, Visit","Nationwide","D-0151-2015","Class II","Tri-mix, 30 mg/2 mg/20 mcg/mL (papaverine, phentolamine mesylate, alprostadil) injectable packaged in a clear glass injectable vial, Martin Avenue Pharmacy, 1247 Rickert Dr, Naperville, IL.","260 mL","Lack of Assurance of Sterility: Martin Avenue Pharmacy, Inc. is conducting a voluntary recall of all compounded sterile preparations within expiry. The recall is being initiated in connection with a recent FDA inspection due to observations associated with certain quality control procedures that present a risk to sterility assurance.","08/27/2014","10/29/2014","05/31/2018","11/05/2014","Lot Number: 06272014@52, Exp 9/25/2014; 07112014@40, Exp 9/30/2014; 07252014@32, Exp 10/23/2014; 08192014@24, Exp 11/17/2014"
"Drugs","No","","69152","Terminated","Martin Avenue Pharmacy, Inc.","1247 Rickert Dr","N/A","Naperville","IL","	60540-1008","United States","Voluntary: Firm initiated","Two or more of the following: Email, Fax, Letter, Press Release, Telephone, Visit","Nationwide","D-0152-2015","Class II","Tri-mix, 30 mg/3 mg/5 mcg/mL (papaverine, phentolamine mesylate, alprostadil) injectable packaged in a clear glass injectable vial, Martin Avenue Pharmacy, 1247 Rickert Dr, Naperville, IL.","5 mL","Lack of Assurance of Sterility: Martin Avenue Pharmacy, Inc. is conducting a voluntary recall of all compounded sterile preparations within expiry. The recall is being initiated in connection with a recent FDA inspection due to observations associated with certain quality control procedures that present a risk to sterility assurance.","08/27/2014","10/29/2014","05/31/2018","11/05/2014","Lot Number: 07302014@33, Exp 10/28/2014"
"Drugs","No","","69152","Terminated","Martin Avenue Pharmacy, Inc.","1247 Rickert Dr","N/A","Naperville","IL","	60540-1008","United States","Voluntary: Firm initiated","Two or more of the following: Email, Fax, Letter, Press Release, Telephone, Visit","Nationwide","D-0153-2015","Class II","Tri-mix 8.3 low dose, 22 mg/0.83 mg/8.3 mcg/mL (papaverine, phentolamine mesylate, alprostadil) injectable packaged in a clear glass injectable vial, Martin Avenue Pharmacy, 1247 Rickert Dr, Naperville, IL.","115 mL","Lack of Assurance of Sterility: Martin Avenue Pharmacy, Inc. is conducting a voluntary recall of all compounded sterile preparations within expiry. The recall is being initiated in connection with a recent FDA inspection due to observations associated with certain quality control procedures that present a risk to sterility assurance.","08/27/2014","10/29/2014","05/31/2018","11/05/2014","Lot Number: 06252014@32, Exp 9/23/2014; 08072014@57, Exp 11/5/2014"
"Drugs","No","","69152","Terminated","Martin Avenue Pharmacy, Inc.","1247 Rickert Dr","N/A","Naperville","IL","	60540-1008","United States","Voluntary: Firm initiated","Two or more of the following: Email, Fax, Letter, Press Release, Telephone, Visit","Nationwide","D-0154-2015","Class II","Tri-mix SEST 4, 30 mg/1.5 mg/400 mcg/mL (papaverine, phentolamine mesylate, alprostadil) injectable packaged in a clear glass injectable vial, Martin Avenue Pharmacy, 1247 Rickert Dr, Naperville, IL.","110 mL","Lack of Assurance of Sterility: Martin Avenue Pharmacy, Inc. is conducting a voluntary recall of all compounded sterile preparations within expiry. The recall is being initiated in connection with a recent FDA inspection due to observations associated with certain quality control procedures that present a risk to sterility assurance.","08/27/2014","10/29/2014","05/31/2018","11/05/2014","Lot Number: 07202014@5, Exp 9/15/2014; 07152014@1, Exp 9/30/2014"
"Drugs","No","","69152","Terminated","Martin Avenue Pharmacy, Inc.","1247 Rickert Dr","N/A","Naperville","IL","	60540-1008","United States","Voluntary: Firm initiated","Two or more of the following: Email, Fax, Letter, Press Release, Telephone, Visit","Nationwide","D-0155-2015","Class II","Tri-mix ST1, 30 mg/1.5 mg/50 mcg/mL (papaverine, phentolamine mesylate, alprostadil) injectable packaged in a clear glass injectable vial, Martin Avenue Pharmacy, 1247 Rickert Dr, Naperville, IL.","360 mL","Lack of Assurance of Sterility: Martin Avenue Pharmacy, Inc. is conducting a voluntary recall of all compounded sterile preparations within expiry. The recall is being initiated in connection with a recent FDA inspection due to observations associated with certain quality control procedures that present a risk to sterility assurance.","08/27/2014","10/29/2014","05/31/2018","11/05/2014","Lot Number 06102014@38, Exp 9/8/2014; 06122014@9, Exp 9/10/2014; 07152014@59, Exp 9/30/2014; 07302014@23, Exp 10/28/2014"
"Drugs","No","","69152","Terminated","Martin Avenue Pharmacy, Inc.","1247 Rickert Dr","N/A","Naperville","IL","	60540-1008","United States","Voluntary: Firm initiated","Two or more of the following: Email, Fax, Letter, Press Release, Telephone, Visit","Nationwide","D-0156-2015","Class II","Tri-mix ST2, 30 mg/3 mg/100 mcg/mL (papaverine, phentolamine mesylate, alprostadil) injectable packaged in a clear glass injectable vial, Martin Avenue Pharmacy, 1247 Rickert Dr, Naperville, IL.","200 mL","Lack of Assurance of Sterility: Martin Avenue Pharmacy, Inc. is conducting a voluntary recall of all compounded sterile preparations within expiry. The recall is being initiated in connection with a recent FDA inspection due to observations associated with certain quality control procedures that present a risk to sterility assurance.","08/27/2014","10/29/2014","05/31/2018","11/05/2014","Lot Number: 06252014@33, Exp 9/23/2014"
"Drugs","No","","69152","Terminated","Martin Avenue Pharmacy, Inc.","1247 Rickert Dr","N/A","Naperville","IL","	60540-1008","United States","Voluntary: Firm initiated","Two or more of the following: Email, Fax, Letter, Press Release, Telephone, Visit","Nationwide","D-0157-2015","Class II","Tri-mix ST5, 30 mg/1.5 mg/300 mcg/mL (papaverine, phentolamine mesylate, alprostadil) injectable packaged in a clear glass injectable vial, Martin Avenue Pharmacy, 1247 Rickert Dr, Naperville, IL.","10 mL","Lack of Assurance of Sterility: Martin Avenue Pharmacy, Inc. is conducting a voluntary recall of all compounded sterile preparations within expiry. The recall is being initiated in connection with a recent FDA inspection due to observations associated with certain quality control procedures that present a risk to sterility assurance.","08/27/2014","10/29/2014","05/31/2018","11/05/2014","Lot Number: 08122014@40, Exp 9/30/2014; 08122014@42, Exp 11/10/2014"
"Drugs","No","","69152","Terminated","Martin Avenue Pharmacy, Inc.","1247 Rickert Dr","N/A","Naperville","IL","	60540-1008","United States","Voluntary: Firm initiated","Two or more of the following: Email, Fax, Letter, Press Release, Telephone, Visit","Nationwide","D-0158-2015","Class II","Tri-mix ST9-A, 30 mg/2 mg/80 mcg/mL (papaverine, phentolamine mesylate, alprostadil) injectable packaged in a clear glass injectable vial, Martin Avenue Pharmacy, 1247 Rickert Dr, Naperville, IL.","60 mL","Lack of Assurance of Sterility: Martin Avenue Pharmacy, Inc. is conducting a voluntary recall of all compounded sterile preparations within expiry. The recall is being initiated in connection with a recent FDA inspection due to observations associated with certain quality control procedures that present a risk to sterility assurance.","08/27/2014","10/29/2014","05/31/2018","11/05/2014","Lot Number: 06042014@20, Exp 9/15/2014"
"Drugs","No","","69152","Terminated","Martin Avenue Pharmacy, Inc.","1247 Rickert Dr","N/A","Naperville","IL","	60540-1008","United States","Voluntary: Firm initiated","Two or more of the following: Email, Fax, Letter, Press Release, Telephone, Visit","Nationwide","D-0159-2015","Class II","Tri-mix ST9-B, 30 mg/2 mg/100 mcg/mL (papaverine, phentolamine mesylate, alprostadil) injectable packaged in a clear glass injectable vial, Martin Avenue Pharmacy, 1247 Rickert Dr, Naperville, IL.","100 mL","Lack of Assurance of Sterility: Martin Avenue Pharmacy, Inc. is conducting a voluntary recall of all compounded sterile preparations within expiry. The recall is being initiated in connection with a recent FDA inspection due to observations associated with certain quality control procedures that present a risk to sterility assurance.","08/27/2014","10/29/2014","05/31/2018","11/05/2014","Lot Number: 07202014@8, Exp 10/18/2014"
"Drugs","No","","69152","Terminated","Martin Avenue Pharmacy, Inc.","1247 Rickert Dr","N/A","Naperville","IL","	60540-1008","United States","Voluntary: Firm initiated","Two or more of the following: Email, Fax, Letter, Press Release, Telephone, Visit","Nationwide","D-0160-2015","Class II","Tri-mix ST9-E, 30 mg/4 mg/150 mcg/mL (papaverine, phentolamine mesylate, alprostadil) injectable packaged in a clear glass injectable vial, Martin Avenue Pharmacy, 1247 Rickert Dr, Naperville, IL.","150 mL","Lack of Assurance of Sterility: Martin Avenue Pharmacy, Inc. is conducting a voluntary recall of all compounded sterile preparations within expiry. The recall is being initiated in connection with a recent FDA inspection due to observations associated with certain quality control procedures that present a risk to sterility assurance.","08/27/2014","10/29/2014","05/31/2018","11/05/2014","Lot Number: 03142014@14, Exp 9/10/2014; 08062014@49, Exp 1/20/2015"
"Drugs","No","","69152","Terminated","Martin Avenue Pharmacy, Inc.","1247 Rickert Dr","N/A","Naperville","IL","	60540-1008","United States","Voluntary: Firm initiated","Two or more of the following: Email, Fax, Letter, Press Release, Telephone, Visit","Nationwide","D-0161-2015","Class II","Tri-mix T101, 17.65 mg/0.59 mg/5.9 mcg/mL (papaverine, phentolamine mesylate, alprostadil) injectable packaged in a clear glass injectable vial, Martin Avenue Pharmacy, 1247 Rickert Dr, Naperville, IL.","480 mL","Lack of Assurance of Sterility: Martin Avenue Pharmacy, Inc. is conducting a voluntary recall of all compounded sterile preparations within expiry. The recall is being initiated in connection with a recent FDA inspection due to observations associated with certain quality control procedures that present a risk to sterility assurance.","08/27/2014","10/29/2014","05/31/2018","11/05/2014","Lot Number: 06262014@17, Exp 9/24/2014; 07182014@38, Exp 10/16/2014; 07302014@24, Exp 10/28/2014; 08192014@14, Exp 11/17/2014"
"Drugs","No","","69152","Terminated","Martin Avenue Pharmacy, Inc.","1247 Rickert Dr","N/A","Naperville","IL","	60540-1008","United States","Voluntary: Firm initiated","Two or more of the following: Email, Fax, Letter, Press Release, Telephone, Visit","Nationwide","D-0162-2015","Class II","Tri-mix T102, 17.65 mg/0.59 mg/10 mcg/mL (papaverine, phentolamine mesylate, alprostadil) injectable packaged in a clear glass injectable vial, Martin Avenue Pharmacy, 1247 Rickert Dr, Naperville, IL.","20 mL","Lack of Assurance of Sterility: Martin Avenue Pharmacy, Inc. is conducting a voluntary recall of all compounded sterile preparations within expiry. The recall is being initiated in connection with a recent FDA inspection due to observations associated with certain quality control procedures that present a risk to sterility assurance.","08/27/2014","10/29/2014","05/31/2018","11/05/2014","Lot Number: 08192014@18, Exp 11/17/2014"
"Drugs","No","","69152","Terminated","Martin Avenue Pharmacy, Inc.","1247 Rickert Dr","N/A","Naperville","IL","	60540-1008","United States","Voluntary: Firm initiated","Two or more of the following: Email, Fax, Letter, Press Release, Telephone, Visit","Nationwide","D-0163-2015","Class II","Tri-mix T105, 30 mg/1 mg/10 mcg/mL (papaverine, phentolamine mesylate, alprostadil) injectable packaged in a clear glass injectable vial, Martin Avenue Pharmacy, 1247 Rickert Dr, Naperville, IL.","1,150 mL","Lack of Assurance of Sterility: Martin Avenue Pharmacy, Inc. is conducting a voluntary recall of all compounded sterile preparations within expiry. The recall is being initiated in connection with a recent FDA inspection due to observations associated with certain quality control procedures that present a risk to sterility assurance.","08/27/2014","10/29/2014","05/31/2018","11/05/2014","Lot Number: 06102014@44, Exp 9/8/2014; 06262014@8, Exp 9/24/2014; 07182014@30, Exp 10/16/2014; 07302014@16, Exp 10/28/2014; 08062014@29, Exp 11/4/2014; 08132014@37, Exp 11/11/2014"
"Drugs","No","","69152","Terminated","Martin Avenue Pharmacy, Inc.","1247 Rickert Dr","N/A","Naperville","IL","	60540-1008","United States","Voluntary: Firm initiated","Two or more of the following: Email, Fax, Letter, Press Release, Telephone, Visit","Nationwide","D-0164-2015","Class II","Tri-mix T106, 30 mg/1 mg/25 mcg/mL (papaverine, phentolamine mesylate, alprostadil) injectable packaged in a clear glass injectable vial, Martin Avenue Pharmacy, 1247 Rickert Dr, Naperville, IL.","420 mL","Lack of Assurance of Sterility: Martin Avenue Pharmacy, Inc. is conducting a voluntary recall of all compounded sterile preparations within expiry. The recall is being initiated in connection with a recent FDA inspection due to observations associated with certain quality control procedures that present a risk to sterility assurance.","08/27/2014","10/29/2014","05/31/2018","11/05/2014","Lot Number: 06232014@48, Exp 9/21/2014; 06262014@9, Exp 9/24/2014; 08192014@29, Exp 11/17/2014"
"Drugs","No","","69152","Terminated","Martin Avenue Pharmacy, Inc.","1247 Rickert Dr","N/A","Naperville","IL","	60540-1008","United States","Voluntary: Firm initiated","Two or more of the following: Email, Fax, Letter, Press Release, Telephone, Visit","Nationwide","D-0165-2015","Class II","Tri-mix T108, 30 mg/1.5 mg/25 mcg/mL (papaverine, phentolamine mesylate, alprostadil) injectable packaged in a clear glass injectable vial, Martin Avenue Pharmacy, 1247 Rickert Dr, Naperville, IL.","40 mL","Lack of Assurance of Sterility: Martin Avenue Pharmacy, Inc. is conducting a voluntary recall of all compounded sterile preparations within expiry. The recall is being initiated in connection with a recent FDA inspection due to observations associated with certain quality control procedures that present a risk to sterility assurance.","08/27/2014","10/29/2014","05/31/2018","11/05/2014","Lot Number: 07142014@43, Exp 9/30/2014"
"Drugs","No","","69152","Terminated","Martin Avenue Pharmacy, Inc.","1247 Rickert Dr","N/A","Naperville","IL","	60540-1008","United States","Voluntary: Firm initiated","Two or more of the following: Email, Fax, Letter, Press Release, Telephone, Visit","Nationwide","D-0166-2015","Class II","Tri-mix T25, 4.413 mg/0.145 mg/1.475 mcg/mL (papaverine, phentolamine mesylate, alprostadil) injectable packaged in a clear glass injectable vial, Martin Avenue Pharmacy, 1247 Rickert Dr, Naperville, IL.","50 mL","Lack of Assurance of Sterility: Martin Avenue Pharmacy, Inc. is conducting a voluntary recall of all compounded sterile preparations within expiry. The recall is being initiated in connection with a recent FDA inspection due to observations associated with certain quality control procedures that present a risk to sterility assurance.","08/27/2014","10/29/2014","05/31/2018","11/05/2014","Lot Number: 08122014@23, Exp 11/10/2014"
"Drugs","No","","69152","Terminated","Martin Avenue Pharmacy, Inc.","1247 Rickert Dr","N/A","Naperville","IL","	60540-1008","United States","Voluntary: Firm initiated","Two or more of the following: Email, Fax, Letter, Press Release, Telephone, Visit","Nationwide","D-0167-2015","Class II","Tri-mix T50, 8.825 mg/0.29 mg/2.95 mcg/mL (papaverine, phentolamine mesylate, alprostadil) injectable packaged in a clear glass injectable vial, Martin Avenue Pharmacy, 1247 Rickert Dr, Naperville, IL.","60 mL","Lack of Assurance of Sterility: Martin Avenue Pharmacy, Inc. is conducting a voluntary recall of all compounded sterile preparations within expiry. The recall is being initiated in connection with a recent FDA inspection due to observations associated with certain quality control procedures that present a risk to sterility assurance.","08/27/2014","10/29/2014","05/31/2018","11/05/2014","Lot Number: 07142014@48, Exp 9/30/2014"
"Drugs","No","","69152","Terminated","Martin Avenue Pharmacy, Inc.","1247 Rickert Dr","N/A","Naperville","IL","	60540-1008","United States","Voluntary: Firm initiated","Two or more of the following: Email, Fax, Letter, Press Release, Telephone, Visit","Nationwide","D-0168-2015","Class II","Vancomycin 25 mg/mL opthalmic solution packaged in an opaque squeeze bottle eye dropper, Martin Avenue Pharmacy, 1247 Rickert Dr, Naperville, IL.","20  mL","Lack of Assurance of Sterility: Martin Avenue Pharmacy, Inc. is conducting a voluntary recall of all compounded sterile preparations within expiry. The recall is being initiated in connection with a recent FDA inspection due to observations associated with certain quality control procedures that present a risk to sterility assurance.","08/27/2014","10/29/2014","05/31/2018","11/05/2014","Lot Number: 06102014@40, Exp 9/8/2014"
"Drugs","No","","69152","Terminated","Martin Avenue Pharmacy, Inc.","1247 Rickert Dr","N/A","Naperville","IL","	60540-1008","United States","Voluntary: Firm initiated","Two or more of the following: Email, Fax, Letter, Press Release, Telephone, Visit","Nationwide","D-0169-2015","Class II","Vancomycin 50 mg/mL opthalmic solution packaged in an opaque squeeze bottle eye dropper, Martin Avenue Pharmacy, 1247 Rickert Dr, Naperville, IL.","10 mL","Lack of Assurance of Sterility: Martin Avenue Pharmacy, Inc. is conducting a voluntary recall of all compounded sterile preparations within expiry. The recall is being initiated in connection with a recent FDA inspection due to observations associated with certain quality control procedures that present a risk to sterility assurance.","08/27/2014","10/29/2014","05/31/2018","11/05/2014","Lot Number: 06102014@39, Exp 9/8/2014"
"Drugs","No","","69152","Terminated","Martin Avenue Pharmacy, Inc.","1247 Rickert Dr","N/A","Naperville","IL","	60540-1008","United States","Voluntary: Firm initiated","Two or more of the following: Email, Fax, Letter, Press Release, Telephone, Visit","Nationwide","D-0170-2015","Class II","Voriconazole 10 mg/mL opthalmic solution packaged in an opaque squeeze bottle eye dropper, Martin Avenue Pharmacy, 1247 Rickert Dr, Naperville, IL.","40 mL","Lack of Assurance of Sterility: Martin Avenue Pharmacy, Inc. is conducting a voluntary recall of all compounded sterile preparations within expiry. The recall is being initiated in connection with a recent FDA inspection due to observations associated with certain quality control procedures that present a risk to sterility assurance.","08/27/2014","10/29/2014","05/31/2018","11/05/2014","Lot Number: 08012014@17, Exp 10/30/2014; 08142014@47, Exp 11/12/2014"
"Drugs","No","","69359","Terminated","Valeant Pharmaceuticals International","400 Somerset Corporate Blvd","N/A","Bridgewater","NJ","	08807-2867","United States","Voluntary: Firm initiated","Letter","Nationwide and Puerto Rico","D-0025-2015","Class III","Hydrocortisone Butyrate Cream 0.1%, Net Wt. 15 gm tubes, Rx only, Manufactured for:  Rouses Point Pharmaceuticals, LLC Cranford, NJ 07016 By:  Ferndale Laboratories, Inc. Ferndale, MI  48220 --- NDC 43478-270-15","34,218 tubes","Subpotent Drug; for the active, HCB, and preservatives, Propylparaben and Butylparaben at the 18 month stability test point","10/02/2014","10/16/2014","04/03/2015","10/22/2014","Lot numbers 13052C, exp 03/2015 and 13156A, exp 08/2015, NDC 43478-270-15"
"Drugs","No","","69359","Terminated","Valeant Pharmaceuticals International","400 Somerset Corporate Blvd","N/A","Bridgewater","NJ","	08807-2867","United States","Voluntary: Firm initiated","Letter","Nationwide and Puerto Rico","D-0026-2015","Class III","Locoid (hydrocortisone butyrate 0.1%), Cream, Net Wt. 15 gm tubes, Rx only, Manufactured for:  Onset Dermatologics, LLC, Cumberland, RI 02864 By:  Ferndale Laboratories, Inc. Ferndale, MI  48220 --- NDC 16781-382-15","1663 tubes","Subpotent Drug; for the active, HCB, and preservatives, Propylparaben and Butylparaben at the 18 month stability test point","10/02/2014","10/16/2014","04/03/2015","10/22/2014","Lot number 13052B, Exp. 03/2015, NDC16781-382-15"
"Drugs","No","","69152","Terminated","Martin Avenue Pharmacy, Inc.","1247 Rickert Dr","N/A","Naperville","IL","	60540-1008","United States","Voluntary: Firm initiated","Two or more of the following: Email, Fax, Letter, Press Release, Telephone, Visit","Nationwide","D-0171-2015","Class II","Fentanyl/bupivacaine 3000 mcg/30 mg/mL injectable packaged in 30 mL or 60 mL syringes, Martin Avenue Pharmacy, 1247 Rickert Dr, Naperville, IL.","20 mL","Lack of Assurance of Sterility: Martin Avenue Pharmacy, Inc. is conducting a voluntary recall of all compounded sterile preparations within expiry. The recall is being initiated in connection with a recent FDA inspection due to observations associated with certain quality control procedures that present a risk to sterility assurance.","08/27/2014","10/29/2014","05/31/2018","11/05/2014","Lot Number: 08202014@31, Exp 9/19/2014"
"Drugs","No","","69445","Terminated","Valeant Pharmaceuticals North America LLC","400 Somerset Corporate Blvd","N/A","Bridgewater","NJ","	08807","United States","Voluntary: Firm initiated","Letter","Nationwide","D-0051-2015","Class III","APLENZIN¿ (bupropion hydrobromide), extended-release tablets, 174 mg, 7-count HDPE bottle, Rx Only, Manufactured by Valeant Pharmaceuticals International, Inc. Steinbach MB, Canada R5G 1Z7, NDC 0024-5810-07.          ","20,499 HDPE bottles","Labeling: Incorrect or Missing Package Insert","06/05/2014","10/28/2014","07/27/2017","11/05/2014","Lot # 13E019P; Exp 03/17"
"Drugs","No","","69479","Terminated","Pfizer Inc.","235 East 42nd Street","N/A","New York","NY","	10017-5703","United States","Voluntary: Firm initiated","Letter","Nationwide and Puerto Rico","D-0235-2015","Class III","TORISEL Kit (temsirolimus) injection, 25 mg/mL, 1 vial of TORISEL 25 mg/mL and 1 vial of 2.2 mL DILUENT per carton, Rx only, Distributed by Wyeth Pharmaceuticals Inc., A subsidiary of Pfizer Inc., Philadelphia, PA 19101; Diluent   MADE IN ITALY; NDC 0008-1179-01.","16,000 kits","Crystallization: Impurities in a raw material used to manufacture the diluent can cause the formation of crystals in the diluent vials after cold storage. The TORISEL vials are not affected by this issue.","10/10/2014","11/04/2014","04/14/2017","11/12/2014","Kit Lot #: AIEM/13, Exp 05/16 that contain diluent lots AHZW/11 and AHZW/12"
"Drugs","No","","69483","Terminated","Teva Pharmaceuticals USA","425 Privet Rd","N/A","Horsham","PA","	19044-1220","United States","Voluntary: Firm initiated","Letter","U.S. Nationwide including Puerto Rico.","D-0050-2015","Class II","DEXTROAMPHETAMINE SACCHARATE, AMPHETAMINE ASPARTATE, DEXTROAMPHETAMINE SULFATE AND AMPHETAMINE SULFATE Tablets, (CII), 10 mg, 100 Tablet Bottles, Rx Only. Teva Pharmaceuticals USA , Sellersville, PA  18960, NDC: 0555-0972-02.   0555-0972-02, lot #s 34016373A, 34016377A, exp. dated 7/2016.","19,545 Bottles","Failed Impurities/Degradation Specifications: Out of specification for unknown impurities.","10/08/2014","10/27/2014","09/21/2015","11/05/2014","Lot #: 34016373A, Expiry: 7/2016; Lot #: 34016377A, Expiry: 7/2016."
"Drugs","No","","69485","Terminated","Sagent Pharmaceuticals Inc","1901 N Roselle Rd Ste 700","N/A","Schaumburg","IL","	60195-3194","United States","Voluntary: Firm initiated","Two or more of the following: Email, Fax, Letter, Press Release, Telephone, Visit","Nationwide and Puerto Rico","D-0027-2015","Class II","Ketorolac Tromethamine INJECTION, USP, 30 mg per mL, a) 1 mL vial (NDC 25021-701-01) b) 2 mL vial (NDC 25021-701-02), Rx only, Mfd. for SAGENT Pharmaceuticals, Schaumburg, IL 60195     ","69,050 vials","Incorrect or Missing Lot and/or Exp Date:  Ketorolac Tromethamine Injection, is being recalled as a result of labeling the product with the incorrect expiration date.","10/03/2014","10/16/2014","02/23/2016","10/22/2014","Lot MP5021, Exp. 04/16; Lots MP5024, MP5025, Exp. 05/16"
"Drugs","No","","69494","Terminated","Hospira Inc.","275 N Field Dr","N/A","Lake Forest","IL","	60045-2579","United States","Voluntary: Firm initiated","Letter","Nationwide, Puerto Rico, and U.S. Virgin Islands.","D-0277-2015","Class II","Normosol-R pH 7.4 Multiple Electrolytes Injection Type 1, USP, 1000 mL container, Rx Only, Manufactured by Hospira, Inc., Lake Forest, IL 60045, NDC 0409-7670-09.","152,172 bags","Lack of Assurance of Sterility: Potential of punctures through the overwrap and primary container which may result in IV bag leaks.","10/14/2014","11/25/2014","12/28/2015","12/03/2014","Lot # 32-082-JT; Exp. 08/15"
"Drugs","No","","69495","Terminated","Actavis Laboratories, FL, Inc.","4955 Orange Dr","N/A","Davie","FL","	33314-3902","United States","Voluntary: Firm initiated","Letter","U.S. Nationwide including Puerto Rico.","D-0258-2015","Class II","Diclofenac Sodium and Misoprostol Delayed-Release Tablets, 75 mg/0.2 mg, 60-count bottle, Rx only. Manufactured by: Watson Laboratories, Inc., Corona, CA 92880, NDC: 0591-0398-60, UPC 3 05910 39860 6.","5,451 Bottles","Failed Tablet/Capsule Specifications: Presence of split or broken tablets.","09/26/2014","11/21/2014","06/16/2015","12/03/2014","Lot # 694320A, Expiry: 02/28/2015."
"Drugs","No","","69497","Terminated","Wisconsin Pharmacal Company","1 Pharmacal Way","N/A","Jackson","WI","	53037","United States","Voluntary: Firm initiated","Telephone","Nationwide","D-0047-2015","Class II","CVS pharmacy, Pain Relieving Antiseptic Spray. Benzalkonium Cl 0.13% Lidocaine HCl 2.5%   5 FL OZ (148 mL), OTC, Distributed by CVS Pharmacy, Inc., Woonsocket RI 02895 NDC 68093-6150-1","20,032 bottles","Microbial Contamination of Non-Sterile Products: CVS Pharmacy Pain Relieving Antiseptic Spray tested positive for microbial growth.","10/03/2014","10/27/2014","08/12/2015","11/05/2014","Lots 61443, 61444, 61454 Exp. 06/16"
"Drugs","No","","69506","Terminated","Wockhardt Usa Inc.","20 Waterview Blvd., Suite 3","N/A","Parsippany","NJ","	07054","United States","Voluntary: Firm initiated","Letter","Nationwide.","D-0304-2015","Class III","Wockhardt  Metoprolol Succinate, Extended-Release Tablets USP, 50 mg,  a)100-count HDPE bottle (NDC 64679-735-02), b) 4000-count pack (64679-735-08), Manufactured by: Wockhardt Limited, Mumbai, India   Distributed by Wockhardt USA LLC. 20 Waterview Blvd. Parsippany, NJ 07054 USA .        ","1,118,400 extended release tablets","Failed Dissolution Specifications: Product was out of specification (OOS) at the 12 month long term stability testing point.","04/17/2014","12/18/2014","08/13/2015","12/24/2014","a) Lot # LN10392; Exp. 12/14  b) Lot # LN10360; Exp. 12/14"
"Drugs","No","","69494","Terminated","Hospira Inc.","275 N Field Dr","N/A","Lake Forest","IL","	60045-2579","United States","Voluntary: Firm initiated","Letter","Nationwide, Puerto Rico, and U.S. Virgin Islands.","D-0278-2015","Class II","Potassium Chloride in 5% Dextrose and 0.45% Sodium Chloride Injection, USP, 1000 mL container, Rx Only, Manufactured by Hospira, Inc., Lake Forest, IL 60045 NDC 0409-7902-09.","836,460 bags","Lack of Assurance of Sterility: Potential of punctures through the overwrap and primary container which may result in IV bag leaks.","10/14/2014","11/25/2014","12/28/2015","12/03/2014","Lot # 34-017-JT; Exp. 10/15  Lot # 35-100-JT; Exp. 11/15"
"Drugs","No","","69494","Terminated","Hospira Inc.","275 N Field Dr","N/A","Lake Forest","IL","	60045-2579","United States","Voluntary: Firm initiated","Letter","Nationwide, Puerto Rico, and U.S. Virgin Islands.","D-0279-2015","Class II","5% Dextrose Injection, USP, 1000 mL container, Rx Only, Manufactured by Hospira, Inc., Lake Forest, IL 60045 NDC 0409-7922-09.","301,560 bags","Lack of Assurance of Sterility: Potential of punctures through the overwrap and primary container which may result in IV bag leaks.","10/14/2014","11/25/2014","12/28/2015","12/03/2014","Lot # 33-094-JT; Exp. 09/15  Lot # 35-028-JT; Exp. 11/15"
"Drugs","No","","69494","Terminated","Hospira Inc.","275 N Field Dr","N/A","Lake Forest","IL","	60045-2579","United States","Voluntary: Firm initiated","Letter","Nationwide, Puerto Rico, and U.S. Virgin Islands.","D-0280-2015","Class II","5% Dextrose and 0.45% Sodium Chloride Injection, USP, 1000 mL container, Rx Only, Manufactured by Hospira, Inc., Lake Forest, IL 60045, NDC 0409-7926-09.","823,296 bags","Lack of Assurance of Sterility: Potential of punctures through the overwrap and primary container which may result in IV bag leaks.","10/14/2014","11/25/2014","12/28/2015","12/03/2014","Lot # 33-095-JT; Exp. 09/15  Lot # 36-030-JT; Exp. 12/15"
"Drugs","No","","69511","Terminated","American Health Packaging","2550 John Glenn Ave","Suite A","Columbus","OH","	43217-1188","United States","Voluntary: Firm initiated","Letter","Nationwide","D-0043-2015","Class III","MethylPREDNISolone Tablets, USP, 4 mg, 100 unit dose blisters, Packaged and Distributed by: American Health Packaging, Columbus, OH ---- Carton of 100 NDC 68084-149-01, Individual Dose NDC 68084-149-11","2,005 cartons","Subpotent; 6 month stability time point","10/10/2014","10/23/2014","06/01/2015","10/29/2014","AHP Lot #: 134124 and 140364  Expiration Date of both lots: 05/2015  Carton NDC #: 68084-149-01  Single Dose NDC #: 68084-149-11"
"Drugs","No","","69518","Terminated","Baxter Healthcare Corp.","1 Baxter Pkwy","N/A","Deerfield","IL","	60015-4625","United States","Voluntary: Firm initiated","Letter","Nationwide","D-0256-2015","Class II","Potassium Chloride Injection, 10mEq per 100mL, 100 mL Sterile single dose container bags, Rx only, Baxter USA, NDC 0338-0709-48, Product Code 2B0826.","63,360 container bags","Labeling: Label Error On Declared Strength: Bags of Potassium Chloride 10 mEq per 100 mL were incorrectly overpouched with wraps labeled as Potassium Chloride Injection, 20 mEq per 100 mL.","11/10/2014","11/21/2014","11/03/2016","12/03/2014","Lot #: P319160, Exp 06/30/15"
"Drugs","No","","69519","Terminated","Oregon Compounding Centers, Inc. dba Creative Compounds","8560 Sw Salish Ln Ste 100","N/A","Wilsonville","OR","	97070-9625","United States","Voluntary: Firm initiated","Press Release","Oregon, Washington","D-0173-2015","Class II","ALPROSTADIL, 10 mcg/mL, injectable, 1.7 mL glass vial, RX, Creative Compounds, Wilsonville, OR 97070.","5 mL","Lack of Sterility Assurance: All lots of sterile products compounded by the pharmacy that are not expired due to concerns associated with quality control procedures that present a potential risk to sterility assurance that were observed during a recent FDA inspection.","10/06/2014","10/31/2014","06/30/2015","11/12/2014","Lot #: 20140913@10, discard date 10/28/2014"
"Drugs","No","","69519","Terminated","Oregon Compounding Centers, Inc. dba Creative Compounds","8560 Sw Salish Ln Ste 100","N/A","Wilsonville","OR","	97070-9625","United States","Voluntary: Firm initiated","Press Release","Oregon, Washington","D-0174-2015","Class II","ALPROSTADIL/LIDOCAINE HCL, 20mcg/5mg/mL, 1.25 mL glass vial,  RX, Creative Compounds, Wilsonville, OR 97070.  ","5 mL","Lack of Sterility Assurance: All lots of sterile products compounded by the pharmacy that are not expired due to concerns associated with quality control procedures that present a potential risk to sterility assurance that were observed during a recent FDA inspection.","10/06/2014","10/31/2014","06/30/2015","11/12/2014","Lot #: 20140902@17/1.25; discard date: 10/17/2014"
"Drugs","No","","69519","Terminated","Oregon Compounding Centers, Inc. dba Creative Compounds","8560 Sw Salish Ln Ste 100","N/A","Wilsonville","OR","	97070-9625","United States","Voluntary: Firm initiated","Press Release","Oregon, Washington","D-0175-2015","Class II","ASCORBIC ACID (B), 500 mg/mL, injectable, 100 mL glass vial,  RX, Creative Compounds, Wilsonville, OR 97070.  ","2500 mL","Lack of Sterility Assurance: All lots of sterile products compounded by the pharmacy that are not expired due to concerns associated with quality control procedures that present a potential risk to sterility assurance that were observed during a recent FDA inspection.","10/06/2014","10/31/2014","06/30/2015","11/12/2014","Lot #: 20140821@17, discard date:10/20/2014"
"Drugs","No","","69519","Terminated","Oregon Compounding Centers, Inc. dba Creative Compounds","8560 Sw Salish Ln Ste 100","N/A","Wilsonville","OR","	97070-9625","United States","Voluntary: Firm initiated","Press Release","Oregon, Washington","D-0176-2015","Class II","ASCORBIC ACID (with Preservative), 500 mg/mL, injectable, 100 mL glass vial, RX, Creative Compounds, Wilsonville, OR 97070.  ","7900 mL","Lack of Sterility Assurance: All lots of sterile products compounded by the pharmacy that are not expired due to concerns associated with quality control procedures that present a potential risk to sterility assurance that were observed during a recent FDA inspection.","10/06/2014","10/31/2014","06/30/2015","11/12/2014","Lot #: 20140827@34, discard date: 10/26/2014;   Lot #: 20140909@22, discard dae: 11/8/2014;  Lot #: 20140912@2, discard date: 11/11/2014."
"Drugs","No","","69519","Terminated","Oregon Compounding Centers, Inc. dba Creative Compounds","8560 Sw Salish Ln Ste 100","N/A","Wilsonville","OR","	97070-9625","United States","Voluntary: Firm initiated","Press Release","Oregon, Washington","D-0177-2015","Class II","AVASTIN, 1.25mg/0.5mL, injectable, 0.05 mL plastic syringe, RX, Creative Compounds, Wilsonville, OR 97070.  ","5483/0.5 mL syringes","Lack of Sterility Assurance: All lots of sterile products compounded by the pharmacy that are not expired due to concerns associated with quality control procedures that present a potential risk to sterility assurance that were observed during a recent FDA inspection.","10/06/2014","10/31/2014","06/30/2015","11/12/2014","Lot #: 20140715@13, discard date: 11/3/2014;  Lot #: 20140716@25, discard date: 10/14/2014;  Lot #: 20140717@7, discard date: 10/15/2014;  Lot #: 20140724@14, discard date: 10/22/2014;  Lot #: 20140724@15, discard date: 10/22/2014;  Lot #: 20140729@11, discard date: 10/27/2014;  Lot #: 20140801@17, discard date: 10/30/2014;  Lot #: 20140805@1, discard date: 11/3/2014;  Lot #: 20140807@13, discard date: 11/5/2014;  Lot #: 20140811@30, discard date: 11/9/2014;  Lot #: 20140813@10, discard date: 11/11/2014;  Lot #: 20140825@8, discard date: 11/23/2014;  Lot #: 20140904@46, discard date: 12/3/2014;  Lot #: 20140909@12, discard date: 12/8/2014;  Lot #: 20140909@21, discard date: 12/8/2014;  Lot #: 20140912@30, discard date: 12/11/2014;  Lot #: 20140917@11, discard date: 12/16/2014;  Lot #: 20140917@9, discard date: 12/16/2014;  Lot #: 20140922@30, discard date: 12/21/2014;  Lot #: 20140814@15, discard date: 11/12/2014."
"Drugs","No","","69519","Terminated","Oregon Compounding Centers, Inc. dba Creative Compounds","8560 Sw Salish Ln Ste 100","N/A","Wilsonville","OR","	97070-9625","United States","Voluntary: Firm initiated","Press Release","Oregon, Washington","D-0178-2015","Class II","BEVACIZUMAB/DEXAMETHASONE, 1.25/0.5 mL, Injectable, 0.05 mL plastic syringe, RX, Creative Compounds, Wilsonville, OR 97070.  ","2.65 mL","Lack of Sterility Assurance: All lots of sterile products compounded by the pharmacy that are not expired due to concerns associated with quality control procedures that present a potential risk to sterility assurance that were observed during a recent FDA inspection.","10/06/2014","10/31/2014","06/30/2015","11/12/2014","Lot #: 20140916@3, discard date: 12/15/2014."
"Drugs","No","","69519","Terminated","Oregon Compounding Centers, Inc. dba Creative Compounds","8560 Sw Salish Ln Ste 100","N/A","Wilsonville","OR","	97070-9625","United States","Voluntary: Firm initiated","Press Release","Oregon, Washington","D-0179-2015","Class II","CALCIUM CHLORIDE (COMPOUND), 100 mg/mL, Injectable, 10 mL glass vial, RX, Creative Compounds, Wilsonville, OR 97070  ","580 mL","Lack of Sterility Assurance: All lots of sterile products compounded by the pharmacy that are not expired due to concerns associated with quality control procedures that present a potential risk to sterility assurance that were observed during a recent FDA inspection.","10/06/2014","10/31/2014","06/30/2015","11/12/2014","Lot #: 20140815@47, discard date: 1/28/2015"
"Drugs","No","","69519","Terminated","Oregon Compounding Centers, Inc. dba Creative Compounds","8560 Sw Salish Ln Ste 100","N/A","Wilsonville","OR","	97070-9625","United States","Voluntary: Firm initiated","Press Release","Oregon, Washington","D-0180-2015","Class II","CEFTAZIDIME, 2.25mg/0.1mL, Injectable, 0.2 mL plastic syringe, RX, Creative Compounds, Wilsonville, OR 97070  ","12 syringes","Lack of Sterility Assurance: All lots of sterile products compounded by the pharmacy that are not expired due to concerns associated with quality control procedures that present a potential risk to sterility assurance that were observed during a recent FDA inspection.","10/06/2014","10/31/2014","06/30/2015","11/12/2014","Lot #: 20140905@33, discard date: 10/20/2014"
"Drugs","No","","69519","Terminated","Oregon Compounding Centers, Inc. dba Creative Compounds","8560 Sw Salish Ln Ste 100","N/A","Wilsonville","OR","	97070-9625","United States","Voluntary: Firm initiated","Press Release","Oregon, Washington","D-0181-2015","Class II","CHORIONIC GONADOTROPIN, 4000 Units, sterile powder for reconstitution,  glass vial, RX, Creative Compounds, Wilsonville, OR 97070  ","145 vials","Lack of Sterility Assurance: All lots of sterile products compounded by the pharmacy that are not expired due to concerns associated with quality control procedures that present a potential risk to sterility assurance that were observed during a recent FDA inspection.","10/06/2014","10/31/2014","06/30/2015","11/12/2014","Lot #:  20140728@55, discard date: 1/14/2015;  Lot #:  20140915@14, discard date: 3/8/2015."
"Drugs","No","","69519","Terminated","Oregon Compounding Centers, Inc. dba Creative Compounds","8560 Sw Salish Ln Ste 100","N/A","Wilsonville","OR","	97070-9625","United States","Voluntary: Firm initiated","Press Release","Oregon, Washington","D-0182-2015","Class II","CHORIONIC GONADOTROPIN, 5000 Units, sterile powder for reconstitution, glass vial, RX, Creative Compounds, Wilsonville, OR 97070  ","117 vials","Lack of Sterility Assurance: All lots of sterile products compounded by the pharmacy that are not expired due to concerns associated with quality control procedures that present a potential risk to sterility assurance that were observed during a recent FDA inspection.","10/06/2014","10/31/2014","06/30/2015","11/12/2014","Lot #:  20140909@5, discard date: 3/8/2015;  Lot #:  20140728@57, discard date: 1/14/2015."
"Drugs","No","","69519","Terminated","Oregon Compounding Centers, Inc. dba Creative Compounds","8560 Sw Salish Ln Ste 100","N/A","Wilsonville","OR","	97070-9625","United States","Voluntary: Firm initiated","Press Release","Oregon, Washington","D-0183-2015","Class II","CITRIC ACID/GLUCONOLACTONE MAGNES CARB (RENACIDIN), 66/1.98/31.77 mg/mL, solution for irrigation, 30 mL plastic syringe, RX, Creative Compounds, Wilsonville, OR 97070","900 mL","Lack of Sterility Assurance: All lots of sterile products compounded by the pharmacy that are not expired due to concerns associated with quality control procedures that present a potential risk to sterility assurance that were observed during a recent FDA inspection.","10/06/2014","10/31/2014","06/30/2015","11/12/2014","Lot #: 20140908@2, discard date: 10/23/2014"
"Drugs","No","","69519","Terminated","Oregon Compounding Centers, Inc. dba Creative Compounds","8560 Sw Salish Ln Ste 100","N/A","Wilsonville","OR","	97070-9625","United States","Voluntary: Firm initiated","Press Release","Oregon, Washington","D-0184-2015","Class II","COPPER (SULF), 0.4 mg/mL, injectable, 20 mL glass vial, RX, Creative Compounds, Wilsonville, OR 97070","600 mL","Lack of Sterility Assurance: All lots of sterile products compounded by the pharmacy that are not expired due to concerns associated with quality control procedures that present a potential risk to sterility assurance that were observed during a recent FDA inspection.","10/06/2014","10/31/2014","06/30/2015","11/12/2014","Lot #: 20140919@21, discard date: 11/3/2014"
"Drugs","No","","69519","Terminated","Oregon Compounding Centers, Inc. dba Creative Compounds","8560 Sw Salish Ln Ste 100","N/A","Wilsonville","OR","	97070-9625","United States","Voluntary: Firm initiated","Press Release","Oregon, Washington","D-0185-2015","Class II","DEXAMETHASONE (AS SOD PHOS), 24 mg/mL, injectable, 1 mL glass vial, RX, Creative Compounds, Wilsonville, OR 97070","4 mL","Lack of Sterility Assurance: All lots of sterile products compounded by the pharmacy that are not expired due to concerns associated with quality control procedures that present a potential risk to sterility assurance that were observed during a recent FDA inspection.","10/06/2014","10/31/2014","06/30/2015","11/12/2014","Lot #: 20140903@10, discard date: 10/18/2014"
"Drugs","No","","69519","Terminated","Oregon Compounding Centers, Inc. dba Creative Compounds","8560 Sw Salish Ln Ste 100","N/A","Wilsonville","OR","	97070-9625","United States","Voluntary: Firm initiated","Press Release","Oregon, Washington","D-0186-2015","Class II","DEXPANTHENOL with preservative, 250 mg/mL, injectable, 30 mL glass vial, RX, Creative Compounds, Wilsonville, OR 97070","210 mL","Lack of Sterility Assurance: All lots of sterile products compounded by the pharmacy that are not expired due to concerns associated with quality control procedures that present a potential risk to sterility assurance that were observed during a recent FDA inspection.","10/06/2014","10/31/2014","06/30/2015","11/12/2014","Lot #: 20140828@14; discard date: 11/26/2014"
"Drugs","No","","69519","Terminated","Oregon Compounding Centers, Inc. dba Creative Compounds","8560 Sw Salish Ln Ste 100","N/A","Wilsonville","OR","	97070-9625","United States","Voluntary: Firm initiated","Press Release","Oregon, Washington","D-0187-2015","Class II","DMPS-preservative free, 50 mg/mL, injectable, 5 mL glass vial, RX, Creative Compounds, Wilsonville, OR 97070","280 mL","Lack of Sterility Assurance: All lots of sterile products compounded by the pharmacy that are not expired due to concerns associated with quality control procedures that present a potential risk to sterility assurance that were observed during a recent FDA inspection.","10/06/2014","10/31/2014","06/30/2015","11/12/2014","Lot #: 20140724@24/5, discard date: 10/22/2014;  Lot #: 20140724@25, discard date: 10/22/2014;  Lot #: 20140826@12, discard date: 11/24/2014."
"Drugs","No","","69519","Terminated","Oregon Compounding Centers, Inc. dba Creative Compounds","8560 Sw Salish Ln Ste 100","N/A","Wilsonville","OR","	97070-9625","United States","Voluntary: Firm initiated","Press Release","Oregon, Washington","D-0188-2015","Class II","EPINEPHRINE/WATER, preservative free 1:1000, injectable, 1 mL glass vial, RX, Creative Compounds, Wilsonville, OR 97070","10 mL","Lack of Sterility Assurance: All lots of sterile products compounded by the pharmacy that are not expired due to concerns associated with quality control procedures that present a potential risk to sterility assurance that were observed during a recent FDA inspection.","10/06/2014","10/31/2014","06/30/2015","11/12/2014","Lot #: 20140913@2, discard date: 10/18/2014"
"Drugs","No","","69519","Terminated","Oregon Compounding Centers, Inc. dba Creative Compounds","8560 Sw Salish Ln Ste 100","N/A","Wilsonville","OR","	97070-9625","United States","Voluntary: Firm initiated","Press Release","Oregon, Washington","D-0189-2015","Class II","ESTRADIOL CYPIONATE (COMPOUNDED/GRAPESEED OIL), 5 mg/mL, injectable, 1 ml glass vial, RX, Creative Compounds, Wilsonville, OR 97070","4 mL","Lack of Sterility Assurance: All lots of sterile products compounded by the pharmacy that are not expired due to concerns associated with quality control procedures that present a potential risk to sterility assurance that were observed during a recent FDA inspection.","10/06/2014","10/31/2014","06/30/2015","11/12/2014","Lot #: 20140828@15, discard date: 10/12/2014"
"Drugs","No","","69519","Terminated","Oregon Compounding Centers, Inc. dba Creative Compounds","8560 Sw Salish Ln Ste 100","N/A","Wilsonville","OR","	97070-9625","United States","Voluntary: Firm initiated","Press Release","Oregon, Washington","D-0190-2015","Class II","GANCICLOVIR -preservative free, 2mg/0.1mL, injectable, 0.1 mL plastic syringe, RX, Creative Compounds, Wilsonville, OR 97070","40 syringes","Lack of Sterility Assurance: All lots of sterile products compounded by the pharmacy that are not expired due to concerns associated with quality control procedures that present a potential risk to sterility assurance that were observed during a recent FDA inspection.","10/06/2014","10/31/2014","06/30/2015","11/12/2014","Lot #: 20140916@16, discard date: 10/31/2014"
"Drugs","No","","69519","Terminated","Oregon Compounding Centers, Inc. dba Creative Compounds","8560 Sw Salish Ln Ste 100","N/A","Wilsonville","OR","	97070-9625","United States","Voluntary: Firm initiated","Press Release","Oregon, Washington","D-0191-2015","Class II","GANCICLOVIR, preservative free, 0.2mg/0.05mL, injectable, 0.1 mL plastic syringe, RX, Creative Compounds, Wilsonville, OR 97070","20 Syringes","Lack of Sterility Assurance: All lots of sterile products compounded by the pharmacy that are not expired due to concerns associated with quality control procedures that present a potential risk to sterility assurance that were observed during a recent FDA inspection.","10/06/2014","10/31/2014","06/30/2015","11/12/2014","Lot #: 20140911@9, discard date: 10/26/2014"
"Drugs","No","","69519","Terminated","Oregon Compounding Centers, Inc. dba Creative Compounds","8560 Sw Salish Ln Ste 100","N/A","Wilsonville","OR","	97070-9625","United States","Voluntary: Firm initiated","Press Release","Oregon, Washington","D-0192-2015","Class II","GENTAMICIN SULFATE, 100mg/1000mL, solution for irrigation, 400 mL plastic bottle,  RX, Creative Compounds, Wilsonville, OR 97070","800 mL","Lack of Sterility Assurance: All lots of sterile products compounded by the pharmacy that are not expired due to concerns associated with quality control procedures that present a potential risk to sterility assurance that were observed during a recent FDA inspection.","10/06/2014","10/31/2014","06/30/2015","11/12/2014","Lot #: 20140917@27, discard date: 10/22/2014"
"Drugs","No","","69519","Terminated","Oregon Compounding Centers, Inc. dba Creative Compounds","8560 Sw Salish Ln Ste 100","N/A","Wilsonville","OR","	97070-9625","United States","Voluntary: Firm initiated","Press Release","Oregon, Washington","D-0193-2015","Class II","GENTAMICIN SULFATE, 480mg/1000mL, solution for irrigation, 300 mL plastic bottle, RX, Creative Compounds, Wilsonville, OR 97070","300 mL","Lack of Sterility Assurance: All lots of sterile products compounded by the pharmacy that are not expired due to concerns associated with quality control procedures that present a potential risk to sterility assurance that were observed during a recent FDA inspection.","10/06/2014","10/31/2014","06/30/2015","11/12/2014","Lot #: 20140912@29/150, discard date: 10/16/2014"
"Drugs","No","","69519","Terminated","Oregon Compounding Centers, Inc. dba Creative Compounds","8560 Sw Salish Ln Ste 100","N/A","Wilsonville","OR","	97070-9625","United States","Voluntary: Firm initiated","Press Release","Oregon, Washington","D-0194-2015","Class II","GLUTARALDEHYDE BUFFERED (POTASSIUM PHOSPHATE), solution for irrigation,  250 mL glass bottle, RX, Creative Compounds, Wilsonville, OR 97070","250 mL","Lack of Sterility Assurance: All lots of sterile products compounded by the pharmacy that are not expired due to concerns associated with quality control procedures that present a potential risk to sterility assurance that were observed during a recent FDA inspection.","10/06/2014","10/31/2014","06/30/2015","11/12/2014","Lot #: 20140722@5, discard date: 10/20/2014;  Lot #: 20140723@45, discard date: 10/21/2014."
"Drugs","No","","69519","Terminated","Oregon Compounding Centers, Inc. dba Creative Compounds","8560 Sw Salish Ln Ste 100","N/A","Wilsonville","OR","	97070-9625","United States","Voluntary: Firm initiated","Press Release","Oregon, Washington","D-0195-2015","Class II","GLUTATHIONE with preservative, 100mg/mL, injectable, 100 mL glass vial, RX, Creative Compounds, Wilsonville, OR 97070","2200 mL","Lack of Sterility Assurance: All lots of sterile products compounded by the pharmacy that are not expired due to concerns associated with quality control procedures that present a potential risk to sterility assurance that were observed during a recent FDA inspection.","10/06/2014","10/31/2014","06/30/2015","11/12/2014","Lot #: 20140721@25/00, discard date: 11/18/2014;  Lot #: 20140902@47, discard date: 12/31/2014."
"Drugs","No","","69519","Terminated","Oregon Compounding Centers, Inc. dba Creative Compounds","8560 Sw Salish Ln Ste 100","N/A","Wilsonville","OR","	97070-9625","United States","Voluntary: Firm initiated","Press Release","Oregon, Washington","D-0196-2015","Class II","GLUTATHIONE, 100 mg/mL, injectable, 100 mL glass vial, RX, Creative Compounds, Wilsonville, OR 97070","900 mL","Lack of Sterility Assurance: All lots of sterile products compounded by the pharmacy that are not expired due to concerns associated with quality control procedures that present a potential risk to sterility assurance that were observed during a recent FDA inspection.","10/06/2014","10/31/2014","06/30/2015","11/12/2014","Lot #: 20140718@4, discard date: 10/16/2014"
"Drugs","No","","69519","Terminated","Oregon Compounding Centers, Inc. dba Creative Compounds","8560 Sw Salish Ln Ste 100","N/A","Wilsonville","OR","	97070-9625","United States","Voluntary: Firm initiated","Press Release","Oregon, Washington","D-0197-2015","Class II","HYALURONIDASE, 240 u/mL, injectable, 1 mL glass vial, RX, Creative Compounds, Wilsonville, OR 97070","10 mL","Lack of Sterility Assurance: All lots of sterile products compounded by the pharmacy that are not expired due to concerns associated with quality control procedures that present a potential risk to sterility assurance that were observed during a recent FDA inspection.","10/06/2014","10/31/2014","06/30/2015","11/12/2014","Lot #: 20140818@27, discard date: 2/21/2015"
"Drugs","No","","69519","Terminated","Oregon Compounding Centers, Inc. dba Creative Compounds","8560 Sw Salish Ln Ste 100","N/A","Wilsonville","OR","	97070-9625","United States","Voluntary: Firm initiated","Press Release","Oregon, Washington","D-0198-2015","Class II","HYDROXOCOBALAMIN-preservative free (B12), 1mg/mL, injectable, 2 mL glass vial, RX, Creative Compounds, Wilsonville, OR 97070","58 mL","Lack of Sterility Assurance: All lots of sterile products compounded by the pharmacy that are not expired due to concerns associated with quality control procedures that present a potential risk to sterility assurance that were observed during a recent FDA inspection.","10/06/2014","10/31/2014","06/30/2015","11/12/2014","Lot #: 20140717@6, discard date: 10/15/2014"
"Drugs","No","","69519","Terminated","Oregon Compounding Centers, Inc. dba Creative Compounds","8560 Sw Salish Ln Ste 100","N/A","Wilsonville","OR","	97070-9625","United States","Voluntary: Firm initiated","Press Release","Oregon, Washington","D-0199-2015","Class II","HYDROXOCOBALAMIN- preservative (B12), 1mg/mL, injectable, 10 mL glass vial, RX, Creative Compounds, Wilsonville, OR 97070","570 mL","Lack of Sterility Assurance: All lots of sterile products compounded by the pharmacy that are not expired due to concerns associated with quality control procedures that present a potential risk to sterility assurance that were observed during a recent FDA inspection.","10/06/2014","10/31/2014","06/30/2015","11/12/2014","Lot #: 20140729@18, discard date: 10/27/2014"
"Drugs","No","","69519","Terminated","Oregon Compounding Centers, Inc. dba Creative Compounds","8560 Sw Salish Ln Ste 100","N/A","Wilsonville","OR","	97070-9625","United States","Voluntary: Firm initiated","Press Release","Oregon, Washington","D-0200-2015","Class II","HYDROXYPROGESTERONE CAPROATE (SESAME OIL), 250mg/mL, injectable, 5 mL glass vial, RX, Creative Compounds, Wilsonville, OR 97070","520 mL","Lack of Sterility Assurance: All lots of sterile products compounded by the pharmacy that are not expired due to concerns associated with quality control procedures that present a potential risk to sterility assurance that were observed during a recent FDA inspection.","10/06/2014","10/31/2014","06/30/2015","11/12/2014","Lot #: 20140718@1/5, discard date: 1/14/2015;  Lot #: 20140813@25, discard date: 2/9/2015;  Lot #: 20140903@32, discard date: 3/2/2015."
"Drugs","No","","69519","Terminated","Oregon Compounding Centers, Inc. dba Creative Compounds","8560 Sw Salish Ln Ste 100","N/A","Wilsonville","OR","	97070-9625","United States","Voluntary: Firm initiated","Press Release","Oregon, Washington","D-0201-2015","Class II","LIDOCAINE HCL (REPKG-STERILE), 4%, solution for irrigation, 5 mL, 6 mL, and 7 mL plastic dropper bottle, RX, Creative Compounds, Wilsonville, OR 97070   ","49/5 mL bottles; 40/6 mL bottles; 30/7 ml bottles","Lack of Sterility Assurance: All lots of sterile products compounded by the pharmacy that are not expired due to concerns associated with quality control procedures that present a potential risk to sterility assurance that were observed during a recent FDA inspection.","10/06/2014","10/31/2014","06/30/2015","11/12/2014","Lot #: 20140815@12, discard date: 2/16/2015"
"Drugs","No","","69519","Terminated","Oregon Compounding Centers, Inc. dba Creative Compounds","8560 Sw Salish Ln Ste 100","N/A","Wilsonville","OR","	97070-9625","United States","Voluntary: Firm initiated","Press Release","Oregon, Washington","D-0202-2015","Class II","METHYCOBALAMIN, preservative free, 10mg/mL, injectable, 1 mL glass vial, RX, Creative Compounds, Wilsonville, OR 97070   ","120 mL","Lack of Sterility Assurance: All lots of sterile products compounded by the pharmacy that are not expired due to concerns associated with quality control procedures that present a potential risk to sterility assurance that were observed during a recent FDA inspection.","10/06/2014","10/31/2014","06/30/2015","11/12/2014","Lot #: 20140729@16/1, discard date: 11/26/2014"
"Drugs","No","","69519","Terminated","Oregon Compounding Centers, Inc. dba Creative Compounds","8560 Sw Salish Ln Ste 100","N/A","Wilsonville","OR","	97070-9625","United States","Voluntary: Firm initiated","Press Release","Oregon, Washington","D-0203-2015","Class II","METHYCOBALAMIN, preservative free, 1mg/mL, injectable, 2 mL glass vial, RX, Creative Compounds, Wilsonville, OR 97070    ","516 mL","Lack of Sterility Assurance: All lots of sterile products compounded by the pharmacy that are not expired due to concerns associated with quality control procedures that present a potential risk to sterility assurance that were observed during a recent FDA inspection.","10/06/2014","10/31/2014","06/30/2015","11/12/2014","Lot #: 20140722@2/2, discard date: 1/18/2015;  Lot #: 20140910@40/2, discard date: 3/9/2015."
"Drugs","No","","69519","Terminated","Oregon Compounding Centers, Inc. dba Creative Compounds","8560 Sw Salish Ln Ste 100","N/A","Wilsonville","OR","	97070-9625","United States","Voluntary: Firm initiated","Press Release","Oregon, Washington","D-0204-2015","Class II","METHYCOBALAMIN, preservative free, 20mg/mL, injectable, 0.3 mL or 1 mL glass vial, RX, Creative Compounds, Wilsonville, OR 97070      ","119/0.3 mL vials and 106/1 mL vials","Lack of Sterility Assurance: All lots of sterile products compounded by the pharmacy that are not expired due to concerns associated with quality control procedures that present a potential risk to sterility assurance that were observed during a recent FDA inspection.","10/06/2014","10/31/2014","06/30/2015","11/12/2014","Lot #: 20140718@2/0.3, discard date: 1/14/2015;  Lot #: 20140808@4/0.3, discard date: 2/4/2015;  Lot #: 20140902@36/1, discard date: 3/1/2015;  Lot #: 20140902@37/0.3, discard date: 3/1/2015;  Lot #: 20140912@22/1, discard date: 3/11/2015."
"Drugs","No","","69519","Terminated","Oregon Compounding Centers, Inc. dba Creative Compounds","8560 Sw Salish Ln Ste 100","N/A","Wilsonville","OR","	97070-9625","United States","Voluntary: Firm initiated","Press Release","Oregon, Washington","D-0205-2015","Class II","METHYCOBALAMIN, preservative, 1mg/mL, injectable, 10 mL glass vial, RX, Creative Compounds, Wilsonville, OR 97070   ","1320 mL","Lack of Sterility Assurance: All lots of sterile products compounded by the pharmacy that are not expired due to concerns associated with quality control procedures that present a potential risk to sterility assurance that were observed during a recent FDA inspection.","10/06/2014","10/31/2014","06/30/2015","11/12/2014","Lot #: 20140715@2, discard date: 10/13/2014;  Lot #: 20140724@10, discard date: 10/22/2014;  Lot #: 20140812@14, discard date: 11/1/2014;  Lot #: 20140826@5, discard date: 11/1/2014;"
"Drugs","No","","69519","Terminated","Oregon Compounding Centers, Inc. dba Creative Compounds","8560 Sw Salish Ln Ste 100","N/A","Wilsonville","OR","	97070-9625","United States","Voluntary: Firm initiated","Press Release","Oregon, Washington","D-0206-2015","Class II","MITOMYCIN, 0.2mg/mL, injectable, 1 mL glass vial, RX, Creative Compounds, Wilsonville, OR 97070   ","5 mL","Lack of Sterility Assurance: All lots of sterile products compounded by the pharmacy that are not expired due to concerns associated with quality control procedures that present a potential risk to sterility assurance that were observed during a recent FDA inspection.","10/06/2014","10/31/2014","06/30/2015","11/12/2014","Lot #: 20140913@1, discard date: 10/28/2014"
"Drugs","No","","69519","Terminated","Oregon Compounding Centers, Inc. dba Creative Compounds","8560 Sw Salish Ln Ste 100","N/A","Wilsonville","OR","	97070-9625","United States","Voluntary: Firm initiated","Press Release","Oregon, Washington","D-0207-2015","Class II","MITOMYCIN, 0.3mg/mL, injectable, 1 mL glass vial, RX, Creative Compounds, Wilsonville, OR 97070   ","8 mL","Lack of Sterility Assurance: All lots of sterile products compounded by the pharmacy that are not expired due to concerns associated with quality control procedures that present a potential risk to sterility assurance that were observed during a recent FDA inspection.","10/06/2014","10/31/2014","06/30/2015","11/12/2014","Lot #: 20140913@4, discard date: 10/28/2014"
"Drugs","No","","69519","Terminated","Oregon Compounding Centers, Inc. dba Creative Compounds","8560 Sw Salish Ln Ste 100","N/A","Wilsonville","OR","	97070-9625","United States","Voluntary: Firm initiated","Press Release","Oregon, Washington","D-0208-2015","Class II","OMNIPAQUE, 300mgI/mL, injectable, 2 mL glass vial, RX, Creative Compounds, Wilsonville, OR 97070","680 mL","Lack of Sterility Assurance: All lots of sterile products compounded by the pharmacy that are not expired due to concerns associated with quality control procedures that present a potential risk to sterility assurance that were observed during a recent FDA inspection.","10/06/2014","10/31/2014","06/30/2015","11/12/2014","Lot #: 20140711@1, discard date: 1/7/2015;  Lot #: 20140814@22, discard date: 2/10/2015;  Lot #: 20140815@13, discard date: 2/11/2015."
"Drugs","No","","69519","Terminated","Oregon Compounding Centers, Inc. dba Creative Compounds","8560 Sw Salish Ln Ste 100","N/A","Wilsonville","OR","	97070-9625","United States","Voluntary: Firm initiated","Press Release","Oregon, Washington","D-0209-2015","Class II","PAPAV HCL/PHENTOL/PROSTAGL, 12mg/1mg/10mcg, injectable, 1.25 mL glass vial or 1.7 ml glass vial, RX, Creative Compounds, Wilsonville, OR 97070   ","25 mL","Lack of Sterility Assurance: All lots of sterile products compounded by the pharmacy that are not expired due to concerns associated with quality control procedures that present a potential risk to sterility assurance that were observed during a recent FDA inspection.","10/06/2014","10/31/2014","06/30/2015","11/12/2014","Lot #: 20140827@30, discard date: 10/11/2014;  Lot #: 20140910@28/1.7, discard date: 10/25/2014;  Lot #: 20140917@2/1.25, discard date: 11/1/2014."
"Drugs","No","","69519","Terminated","Oregon Compounding Centers, Inc. dba Creative Compounds","8560 Sw Salish Ln Ste 100","N/A","Wilsonville","OR","	97070-9625","United States","Voluntary: Firm initiated","Press Release","Oregon, Washington","D-0210-2015","Class II","PAPAVERINE HCL/PHENTOLAMINE/ALPROSTADIL, 21.82mg/0.91mg/45mcg, injectable, 1.7 mL glass vial, RX, Creative Compounds, Wilsonville, OR 97070","43 mL","Lack of Sterility Assurance: All lots of sterile products compounded by the pharmacy that are not expired due to concerns associated with quality control procedures that present a potential risk to sterility assurance that were observed during a recent FDA inspection.","10/06/2014","10/31/2014","06/30/2015","11/12/2014","Lot #:  20140722@16/1.7, discard date: 12/3/2014;  Lot #:  20140728@43/2, discard date: 12/3/2014."
"Drugs","No","","69519","Terminated","Oregon Compounding Centers, Inc. dba Creative Compounds","8560 Sw Salish Ln Ste 100","N/A","Wilsonville","OR","	97070-9625","United States","Voluntary: Firm initiated","Press Release","Oregon, Washington","D-0211-2015","Class II","PAPAVERINE HCL, with preservative, 30 mg/mL, injectable, 1.25 mL glass vial, RX, Creative Compounds, Wilsonville, OR 97070","5 mL","Lack of Sterility Assurance: All lots of sterile products compounded by the pharmacy that are not expired due to concerns associated with quality control procedures that present a potential risk to sterility assurance that were observed during a recent FDA inspection.","10/06/2014","10/31/2014","06/30/2015","11/12/2014","Lot #: 20140903@14/1.25, discard date: 10/18/2014"
"Drugs","No","","69519","Terminated","Oregon Compounding Centers, Inc. dba Creative Compounds","8560 Sw Salish Ln Ste 100","N/A","Wilsonville","OR","	97070-9625","United States","Voluntary: Firm initiated","Press Release","Oregon, Washington","D-0212-2015","Class II","PAPAVERINE HCL/PHENTOLAMINE MES/ALPROSTADIL, 22mg/0.8mg/8mcg, injectable, 1.25 mL glass vial, RX, Creative Compounds, Wilsonville, OR 97070","10 mL","Lack of Sterility Assurance: All lots of sterile products compounded by the pharmacy that are not expired due to concerns associated with quality control procedures that present a potential risk to sterility assurance that were observed during a recent FDA inspection.","10/06/2014","10/31/2014","06/30/2015","11/12/2014","Lot #: 20140901@3, discard date: 10/19/2014"
"Drugs","No","","69519","Terminated","Oregon Compounding Centers, Inc. dba Creative Compounds","8560 Sw Salish Ln Ste 100","N/A","Wilsonville","OR","	97070-9625","United States","Voluntary: Firm initiated","Press Release","Oregon, Washington","D-0213-2015","Class II","PAPAVERINE HCL/PHENTOLAMINE MES/PROSTAGLANDIN, 23mg/0. 96mg/19.23mcg, injectable, 1.7 mL glass vial, RX, Creative Compounds, Wilsonville, OR 97070","46.7 mL","Lack of Sterility Assurance: All lots of sterile products compounded by the pharmacy that are not expired due to concerns associated with quality control procedures that present a potential risk to sterility assurance that were observed during a recent FDA inspection.","10/06/2014","10/31/2014","06/30/2015","11/12/2014","Lot #: 20140708@30, discard date: 12/2/2014"
"Drugs","No","","69519","Terminated","Oregon Compounding Centers, Inc. dba Creative Compounds","8560 Sw Salish Ln Ste 100","N/A","Wilsonville","OR","	97070-9625","United States","Voluntary: Firm initiated","Press Release","Oregon, Washington","D-0214-2015","Class II","PAPAVERINE HCL/PHENTOLAMINE/PROSTAGLANDIN, 27.7mg/0.45mg/45.45mcg, injectable, 1.25 mL glass vial, RX, Creative Compounds, Wilsonville, OR 97070","5 mL","Lack of Sterility Assurance: All lots of sterile products compounded by the pharmacy that are not expired due to concerns associated with quality control procedures that present a potential risk to sterility assurance that were observed during a recent FDA inspection.","10/06/2014","10/31/2014","06/30/2015","11/12/2014","Lot #: 20140912@25, discard date: 10/27/2014"
"Drugs","No","","69519","Terminated","Oregon Compounding Centers, Inc. dba Creative Compounds","8560 Sw Salish Ln Ste 100","N/A","Wilsonville","OR","	97070-9625","United States","Voluntary: Firm initiated","Press Release","Oregon, Washington","D-0215-2015","Class II","PAPAVERINE/PHENTOLAMINE/ALPROSTADIL, 26.5mg/0.98mg/58.9mcg, injectable, 1.25 mL glass vial, RX, Creative Compounds, Wilsonville, OR 97070","15 mL","Lack of Sterility Assurance: All lots of sterile products compounded by the pharmacy that are not expired due to concerns associated with quality control procedures that present a potential risk to sterility assurance that were observed during a recent FDA inspection.","10/06/2014","10/31/2014","06/30/2015","11/12/2014","Lot #: 20140910@48/1.25, discard date: 10/25/2014;  Lot #: 20140911@11/1.25, discard date: 10/26/2014;  Lot #: 20140916@17/1.25, discard date: 10/31/2014."
"Drugs","No","","69519","Terminated","Oregon Compounding Centers, Inc. dba Creative Compounds","8560 Sw Salish Ln Ste 100","N/A","Wilsonville","OR","	97070-9625","United States","Voluntary: Firm initiated","Press Release","Oregon, Washington","D-0216-2015","Class II","PAPAVERINE/PHENTOLAMINE/PROSTAGLANDIN, 17.16mg/0.57mg/19.45mcg, injectable, 1.7 mL glass vial, RX, Creative Compounds, Wilsonville, OR 97070","103.4 mL","Lack of Sterility Assurance: All lots of sterile products compounded by the pharmacy that are not expired due to concerns associated with quality control procedures that present a potential risk to sterility assurance that were observed during a recent FDA inspection..","10/06/2014","10/31/2014","06/30/2015","11/12/2014","Lot #: 20140728@39, discard date: 12/3/2014;"
"Drugs","No","","69519","Terminated","Oregon Compounding Centers, Inc. dba Creative Compounds","8560 Sw Salish Ln Ste 100","N/A","Wilsonville","OR","	97070-9625","United States","Voluntary: Firm initiated","Press Release","Oregon, Washington","D-0217-2015","Class II","PAPAVERINE/PHENTOLAMINE/PROSTAGLANDIN, 17.44mg/0.64mg/5.8mcg, injectable, 1.7 mL glass vial, RX, Creative Compounds, Wilsonville, OR 97070","10 mL","Lack of Sterility Assurance: All lots of sterile products compounded by the pharmacy that are not expired due to concerns associated with quality control procedures that present a potential risk to sterility assurance that were observed during a recent FDA inspection.","10/06/2014","10/31/2014","06/30/2015","11/12/2014","Lot #: 20140910@42, discard date: 1/25/2015"
"Drugs","No","","69519","Terminated","Oregon Compounding Centers, Inc. dba Creative Compounds","8560 Sw Salish Ln Ste 100","N/A","Wilsonville","OR","	97070-9625","United States","Voluntary: Firm initiated","Press Release","Oregon, Washington","D-0218-2015","Class II","PAPAVERINE/PHENTOLAMINE/PROSTAGLANDIN, 17.64mg/0.58mg/5.8mcg, injectable, 1.7 mL glass vial, RX, Creative Compounds, Wilsonville, OR 97070","1.7 mL","Lack of Sterility Assurance: All lots of sterile products compounded by the pharmacy that are not expired due to concerns associated with quality control procedures that present a potential risk to sterility assurance that were observed during a recent FDA inspection.","10/06/2014","10/31/2014","06/30/2015","11/12/2014","Lot #: 20140828@4/1.7, discard date: 10/15/2014"
"Drugs","No","","69519","Terminated","Oregon Compounding Centers, Inc. dba Creative Compounds","8560 Sw Salish Ln Ste 100","N/A","Wilsonville","OR","	97070-9625","United States","Voluntary: Firm initiated","Press Release","Oregon, Washington","D-0219-2015","Class II","PREDNISOLONE Sodium Phosphate, 1%, Ophthalmic, 1 mL plastic dropper bottle, RX, Creative Compounds, Wilsonville, OR 97070","10 mL","Lack of Sterility Assurance: All lots of sterile products compounded by the pharmacy that are not expired due to concerns associated with quality control procedures that present a potential risk to sterility assurance that were observed during a recent FDA inspection.","10/06/2014","10/31/2014","06/30/2015","11/12/2014","Lot #: 20140902@22, discard date: 10/17/2014"
"Drugs","No","","69519","Terminated","Oregon Compounding Centers, Inc. dba Creative Compounds","8560 Sw Salish Ln Ste 100","N/A","Wilsonville","OR","	97070-9625","United States","Voluntary: Firm initiated","Press Release","Oregon, Washington","D-0220-2015","Class II","PROCAINE HCL (BUFF), 1%, injectable, 10 mL glass vial, RX, Creative Compounds, Wilsonville, OR 97070","540 mL","Lack of Sterility Assurance: All lots of sterile products compounded by the pharmacy that are not expired due to concerns associated with quality control procedures that present a potential risk to sterility assurance that were observed during a recent FDA inspection.","10/06/2014","10/31/2014","06/30/2015","11/12/2014","Lot #: 20140905@11/10, discard date: 12/4/2014"
"Drugs","No","","69519","Terminated","Oregon Compounding Centers, Inc. dba Creative Compounds","8560 Sw Salish Ln Ste 100","N/A","Wilsonville","OR","	97070-9625","United States","Voluntary: Firm initiated","Press Release","Oregon, Washington","D-0221-2015","Class II","PYRIDOXINE HCL, with preservative, 100 mg/mL, injectable, 30 mL glass vial, RX, Creative Compounds, Wilsonville, OR 97070","660 mL","Lack of Sterility Assurance: All lots of sterile products compounded by the pharmacy that are not expired due to concerns associated with quality control procedures that present a potential risk to sterility assurance that were observed during a recent FDA inspection.","10/06/2014","10/31/2014","06/30/2015","11/12/2014","Lot #: 20140715@18, discard date: 10/13/2014;  Lot #: 20140917@18, discard date: 12/16/2014;"
"Drugs","No","","69519","Terminated","Oregon Compounding Centers, Inc. dba Creative Compounds","8560 Sw Salish Ln Ste 100","N/A","Wilsonville","OR","	97070-9625","United States","Voluntary: Firm initiated","Press Release","Oregon, Washington","D-0222-2015","Class II","SODIUM CHLORIDE INHALATION, 7%, Solution for inhalation, 3 mL plastic vial, RX, Creative Compounds, Wilsonville, OR 97070","180 mL","Lack of Sterility Assurance: All lots of sterile products compounded by the pharmacy that are not expired due to concerns associated with quality control procedures that present a potential risk to sterility assurance that were observed during a recent FDA inspection.","10/06/2014","10/31/2014","06/30/2015","11/12/2014","Lot #: 20140916@23, discard date: 10/31/2014"
"Drugs","No","","69519","Terminated","Oregon Compounding Centers, Inc. dba Creative Compounds","8560 Sw Salish Ln Ste 100","N/A","Wilsonville","OR","	97070-9625","United States","Voluntary: Firm initiated","Press Release","Oregon, Washington","D-0223-2015","Class II","TESTOSTERONE CYPIONATE (GRAPE SEED OIL/COMPOUNDED), 200mg/mL, injectable, 5 mL glass vial, RX, Creative Compounds, Wilsonville, OR 97070","175 mL","Lack of Sterility Assurance: All lots of sterile products compounded by the pharmacy that are not expired due to concerns associated with quality control procedures that present a potential risk to sterility assurance that were observed during a recent FDA inspection.","10/06/2014","10/31/2014","06/30/2015","11/12/2014","Lot #: 20140812@7, discard date: 2/8/2015;  Lot #: 20140910@41, discard date: 3/9/2015;"
"Drugs","No","","69519","Terminated","Oregon Compounding Centers, Inc. dba Creative Compounds","8560 Sw Salish Ln Ste 100","N/A","Wilsonville","OR","	97070-9625","United States","Voluntary: Firm initiated","Press Release","Oregon, Washington","D-0224-2015","Class II","TESTOSTERONE CYPIONATE (SESAME OIL/CMPD), 200mg/mL, injectable, 5 mL glass vial, RX, Creative Compounds, Wilsonville, OR 97070","85 mL","Lack of Sterility Assurance: All lots of sterile products compounded by the pharmacy that are not expired due to concerns associated with quality control procedures that present a potential risk to sterility assurance that were observed during a recent FDA inspection.","10/06/2014","10/31/2014","06/30/2015","11/12/2014","Lot #: 20140714@51, discard date: 1/10/2015"
"Drugs","No","","69519","Terminated","Oregon Compounding Centers, Inc. dba Creative Compounds","8560 Sw Salish Ln Ste 100","N/A","Wilsonville","OR","	97070-9625","United States","Voluntary: Firm initiated","Press Release","Oregon, Washington","D-0225-2015","Class II","TOBRAMYCIN, 480mg/1000 mL, solution for irrigation, 500 mL plastic bottle, RX, Creative Compounds, Wilsonville, OR 97070","1000 mL","Lack of Sterility Assurance: All lots of sterile products compounded by the pharmacy that are not expired due to concerns associated with quality control procedures that present a potential risk to sterility assurance that were observed during a recent FDA inspection","10/06/2014","10/31/2014","06/30/2015","11/12/2014","Lot #: 20140912@16, discard date: 10/17/2014"
"Drugs","No","","69519","Terminated","Oregon Compounding Centers, Inc. dba Creative Compounds","8560 Sw Salish Ln Ste 100","N/A","Wilsonville","OR","	97070-9625","United States","Voluntary: Firm initiated","Press Release","Oregon, Washington","D-0226-2015","Class II","TRIESENCE, 8mg/2.0mL, Injectable, 0.2 mL plastic syringe, RX, Creative Compounds, Wilsonville, OR 97070   ","2 syringes","Lack of Sterility Assurance: All lots of sterile products compounded by the pharmacy that are not expired due to concerns associated with quality control procedures that present a potential risk to sterility assurance that were observed during a recent FDA inspection.","10/06/2014","10/31/2014","06/30/2015","11/12/2014","Lot #: 20140909@6, discard date: 10/24/2014"
"Drugs","No","","69519","Terminated","Oregon Compounding Centers, Inc. dba Creative Compounds","8560 Sw Salish Ln Ste 100","N/A","Wilsonville","OR","	97070-9625","United States","Voluntary: Firm initiated","Press Release","Oregon, Washington","D-0227-2015","Class II","VANCOMYCIN, 1mg/0.1mL, injectable, 0.2 mL plastic syringe, RX, Creative Compounds, Wilsonville, OR 97070   ","12  syringes","Lack of Sterility Assurance: All lots of sterile products compounded by the pharmacy that are not expired due to concerns associated with quality control procedures that present a potential risk to sterility assurance that were observed during a recent FDA inspection.","10/06/2014","10/31/2014","06/30/2015","11/12/2014","Lot #: 20140905@32, discard date: 10/20/2014"
"Drugs","No","","69519","Terminated","Oregon Compounding Centers, Inc. dba Creative Compounds","8560 Sw Salish Ln Ste 100","N/A","Wilsonville","OR","	97070-9625","United States","Voluntary: Firm initiated","Press Release","Oregon, Washington","D-0228-2015","Class II","VITAMIN B COMPLEX (PRES) injectable, 100mg, 10 mL glass vial, RX, Creative Compounds, Wilsonville, OR 97070.","490 mL","Lack of Sterility Assurance: All lots of sterile products compounded by the pharmacy that are not expired due to concerns associated with quality control procedures that present a potential risk to sterility assurance that were observed during a recent FDA inspection.","10/06/2014","10/31/2014","06/30/2015","11/12/2014","Lot #: 20140811@5, discard date 10/16/2014  Lot #: 20140827@12, discard date 11/25/2014"
"Drugs","No","","69539","Terminated","West-Ward Pharmaceutical Corp.","465 Industrial Way W","N/A","Eatontown","NJ","	07724-2209","United States","Voluntary: Firm initiated","Letter","GA","D-0172-2015","Class II","VERSAPHARM INCORPORATED Ethambutol Hydrochloride Tablets, USP, 100 mg, 100-count bottle, Rx Only, Manufactured for VersaPharm Incorporated Marietta, GA 30065-1509 Manufactured by West-ward Pharmaceutical Corp. Eatontown, NJ 07724, NDC 61748-011-01  ","5,596 HDPE bottles","Subpotency: Out of Specification (OOS) result at the 36 month routine stability time point.","10/02/2014","10/30/2014","08/03/2015","11/05/2014","Lot #68975A, #68976; Exp. 07/15"
"Drugs","No","","69538","Terminated","Zee Medical Products Inc","22 Corporate Park","N/A","Irvine","CA","	92606-3112","United States","Voluntary: Firm initiated","Letter","Nationwide in US","D-0041-2015","Class II","ZEE Aspirin 325mg - 24 tablets in single dose packets, OTC, Manufactured for ZEE Medical Inc., Irvine,CA 92606 by ULTRA Tab Laboratories, Inc. Highland, NY 12528","43,752 boxes","Incorrect/Undeclared Excipients: ZEE Medical is recalling ZEE Aspirin due to the incorrect listing of inactive ingredients on the product label.","10/07/2014","10/22/2014","04/24/2015","10/29/2014","Lot No. AK5425, AK5172, AK5548, AK6047, AK6114, AK5865, AK5963, AK6175, AK6346, AK6438, AK7062"
"Drugs","No","","69546","Terminated","Apotex Inc.","150 Signet Drive","N/A","Toronto","N/A","	N/A","Canada","Voluntary: Firm initiated","Letter","Nationwide.","D-0241-2015","Class III","Candesartan Cilexetil Tablets, 4 mg, 30-count bottle, Rx Only, Manufactured by Apotex Research Pvt. Ltd., Bangalore- 560 099, India, Manufactured for Apotex Corp., Weston, FL 33326, NDC 60505-3618-3","13,177 bottles","Failed Impurities/Degradation Specifications: Out of specification (OOS) results were observed for CAD-II, CAD-V and Total Impurities.","10/16/2014","11/06/2014","09/30/2016","11/12/2014","Lot #: KR3924, KR3926; Exp. 11/15"
"Drugs","No","","69546","Terminated","Apotex Inc.","150 Signet Drive","N/A","Toronto","N/A","	N/A","Canada","Voluntary: Firm initiated","Letter","Nationwide.","D-0242-2015","Class III","Candesartan Cilexetil Tablets, 8 mg, 30-count bottle, Rx Only, Manufactured by Apotex Research Pvt. Ltd., Bangalore- 560 099, India, Manufactured for Apotex Corp., Weston, FL 33326, NDC 60505-3619-3","18,493","Failed Impurities/Degradation Specifications: Out of specification (OOS) results were observed for CAD-II, CAD-V and Total Impurities.","10/16/2014","11/06/2014","09/30/2016","11/12/2014","Lot # KR3933; Exp.10/15   Lot # KR3935, KR3934; Exp.11/15"
"Drugs","No","","69547","Terminated","Pharmaceutical Associates Inc","201 Delaware St","N/A","Greenville","SC","	29605-5823","United States","Voluntary: Firm initiated","Letter","Nationwide","D-0240-2015","Class II","Cyproheptadine HCl Syrup (Cyproheptadine HCl Oral Solution, USP) 4mg/10 mL, Rx ONLY, Pharmaceutical Associates, Inc., Greenville, SC 29605, NDC 0121-4788-10","9,640 unit dose cups","Failed Impurities/Degradation Specifications : Out-of-specification result for an unidentified impurity at the 12 month stability test point.","10/16/2014","11/06/2014","06/14/2017","11/12/2014","Lot 3H43, Exp. 02/15"
"Drugs","No","","69546","Terminated","Apotex Inc.","150 Signet Drive","N/A","Toronto","N/A","	N/A","Canada","Voluntary: Firm initiated","Letter","Nationwide.","D-0243-2015","Class III","Candesartan Cilexetil Tablets, 16 mg, a) 30-count bottle (NDC 60505-3620-3) b) 90-count bottles (NDC 60505-3620-9) Rx Only, Manufactured by Apotex Research Pvt. Ltd., Bangalore- 560 099, India, Manufactured for Apotex Corp., Weston, FL 33326","11,062 bottles","Failed Impurities/Degradation Specifications: Out of specification (OOS) results were observed for CAD-II, CAD-V and Total Impurities.","10/16/2014","11/06/2014","09/30/2016","11/12/2014","Lot #: a) KR3943; Exp. 11/15  Lot #: b) KT6058, KT6060; Exp. Date 11/15"
"Drugs","No","","69546","Terminated","Apotex Inc.","150 Signet Drive","N/A","Toronto","N/A","	N/A","Canada","Voluntary: Firm initiated","Letter","Nationwide.","D-0244-2015","Class III","Candesartan Cilexetil Tablets, 32 mg, a) 30-count bottle (NDC 60505-3621-3) b) 90-count bottles (NDC 60505-3621-9) Rx Only, Manufactured by Apotex Research Pvt. Ltd., Bangalore- 560 099, India, Manufactured for Apotex Corp., Weston, FL 33326","22,710 bottles","Failed Impurities/Degradation Specifications: Out of specification (OOS) results were observed for CAD-II, CAD-V and Total Impurities.","10/16/2014","11/06/2014","09/30/2016","11/12/2014","Lot #: a) KR3955; Exp. 10/15, KV0430, Exp. 11/15   Lot #: b) KT6063;  Exp. 10/15"
"Drugs","No","","69554","Terminated","Contract Packaging Resources Inc.","8009 Industrial Village Rd","N/A","Greensboro","NC","	27409-9604","United States","Voluntary: Firm initiated","Telephone","Nationwide","D-0248-2015","Class II","Assured Naproxen Sodium Tablets, USP 220 mg., 15 count bottle, Repackaged by Contract Packaging Resources, Inc 8009 Industrial Village Road Greensboro, NC 27409 Distributed by  Greenbrier International, Inc Chesapeake, VA 23320","11,640 boxes","Correct Labeled Product Mispacked; correct labeled bottles of Assured Ibuprofen softgels were packaged into cartons of Assured Naproxen Sodium Tablets, USP","10/10/2014","11/13/2014","01/05/2016","11/19/2014","Lot FH4102A UPC #639277223685, Exp. Date 3/16"
"Drugs","No","","69553","Terminated","Actavis Inc","400 Interpace Pkwy","N/A","Parsippany","NJ","	07054-1120","United States","Voluntary: Firm initiated","Letter","Nationwide","D-0232-2015","Class II","Vancomycin Hydrochloride Capsule, USP, 125 mg, 20 count blister pack, Rx Only, Mfd. for: Watson Pharma. Inc. Parsippany, NJ 07054 USA, Mfd. by: Patheon Pharmaceuticals Inc. Cincinnati, OH 45237 USA ---- NDC 0591-3560-15 UPC Code 3-0591356015-4    ","26,663 cartons","Subpotent Drug","08/25/2014","10/30/2014","03/21/2018","11/05/2014","3103681, exp Aug 2014,  3104886, exp Oct 2014,  3105836, exp Dec 2014, and  3106650, exp Dec 2014"
"Drugs","No","","69569","Terminated","Obagi Medical Products","50 Technology Dr","N/A","Irvine","CA","	92618-2301","United States","Voluntary: Firm initiated","Letter","Nationwide and Mexico and Slovenia","D-0234-2015","Class II","Obagi Nu-Derm Clear, AM PM 3, Skin Bleaching and Corrector Cream, Hydroquinone USP, 4%, Rx Only, Net Wt. 2 OZ. (57 g) bottle, Dist by OMP Inc, Long Beach CA 90802, Made in USA, NDC 62032-101-36  ","975 bottles","Labeling: Label Mix-Up; Containers of the Obagi Nu-Derm Clear pre-labeled bottles were inadvertently introduced into the Obagi Exfoderm Forte packaging line. Therefore customers which ordered Clear RX actually had contents of Exfoderm forte.","10/17/2014","10/31/2014","04/29/2015","11/12/2014","Lot #: 13I1218, Product/Part #: 362032101361, Exp 09/30/2016"
"Drugs","No","","69572","Terminated","Prometheus Laboratories Inc.","9410 Carroll Park Dr","N/A","San Diego","CA","	92121-5201","United States","Voluntary: Firm initiated","Letter","Nationwide","D-0249-2015","Class II","Mercaptopurine Tablets, USP 50mg, a) 60-count bottle (NDC 49884-922-02), b)  250-count bottle (NDC 49884-922-04), RX only, Manufactured by Stason Pharmaceuticals, Inc., 11 Morgan, Irvine, CA 92618 for Prometheus Laboratories, Inc., 9410 Carroll Park Drive, San Diego, CA 92121","16,296 bottles (60-count),  5,166 bottles (250-count)","Failed Dissolution Specifications: Product found to be out of specification (OOS) during stability testing.    ","10/22/2014","11/14/2014","02/18/2016","11/26/2014","Mercaptopurine Tablets, USP 50mg, a) 60-count bottle (NDC 49884-922-02), b)  250-count bottle (NDC 49884-922-04), RX only, Manufactured by Stason Pharmaceuticals, Inc., 11 Morgan, Irvine, CA 92618 for Prometheus Laboratories, Inc., 9410 Carroll Park Drive, San Diego, CA 92121    Lot #:  a) 140B11, Exp Feb 2016; 14B012, Exp Feb 2016;   14B013, Exp Feb 2016    Lot #: b) 13F046, Exp Jun 2015; 13K073, Exp Oct 2015; 13L075, Exp Oct 2015; 14B010, Exp Feb 2016."
"Drugs","No","","69573","Terminated","Hospira Inc.","275 N Field Dr","N/A","Lake Forest","IL","	60045-2579","United States","Voluntary: Firm initiated","Telephone","Distribution limited to one shipment to The Harvard Drug Group, Livonia, MI for the lots of Vancomycin 500 mg, Ketorolac tromethamine 60 mg/2 mL (30 mg/mL), and Propofol 1% 200 mg/20 mL (10 mg/mL), these lots remained within the control of the distributor and were not further distributed. Distribution was Nationwide for the Vancomycin 1 g product.","D-0387-2015","Class II","Vancomycin Hydrochloride for Injection, USP, 500 mg Sterile Powder per Fliptop Vial, packaged in 10 Units per carton, Rx only, Hospira, Inc., Lake Forest, IL  60045, NDC 0409-4332-01.","200 vials","Temperature Abuse: Products experienced uncontrolled temperature excursions during transit.","10/06/2014","02/13/2015","12/15/2016","02/25/2015","One shipment of Lot #: 34-366-8E02; Exp 1OCT2015 to The Harvard Drug Group, Livonia, MI"
"Drugs","No","","69585","Terminated","Zydus Pharmaceuticals USA Inc","73 Route 31 N","N/A","Pennington","NJ","	08534-3601","United States","Voluntary: Firm initiated","Letter","US Nationwide including Puerto Rico","D-0289-2015","Class III","BENZONATATE Capsules, USP, 200 mg, 100 Capsule Bottles, Rx only. Manufactured by: Cadila Healthcare Ltd, Ahmedabad, India, Distributed by: Zydus Pharmaceuticals USA, Inc. NDC: 68382-248-01","63,648 Bottles","Presence of Foreign Capsules/Tablets: Benzonatate 100 mg co-mingled with benzonatate 200 mg capsules.","09/24/2014","12/03/2014","06/21/2017","12/10/2014","Lot #: MM8555, Expiry: 09/14; Lot #: MM6604, Expiry: 09/14; Lot #: MM8551, Expiry: 09/14; Lot #: MM8552, Expiry: 09/14; Lot #: MM8553, Expiry: 09/14; Lot #: MM8554, Expiry: 09/14."
"Drugs","No","","69590","Terminated","Micro Labs Usa, Inc                                    S","104 Carnegie Ctr","Te 216","Princeton","NJ","	08540-6232","United States","Voluntary: Firm initiated","Letter","U.S. Including: New York","D-0253-2015","Class II","LOSARTAN POTASSIUM TABLETS USP, 25 mg, 1000 Tablet Bottles, Rx Only. Manufactured by: Micro Labs Limited, Goa-403 722, INDIA. Manufactured for: Micro Labs USA, Inc., Princeton, NJ 08540. NDC 42571-110-10","144 bottles","Failed Content Uniformity Specifications; Dry mix failed blend uniformity.","09/22/2014","11/18/2014","12/22/2015","11/26/2014","Lot #LJAG003, Expiry: 05/2015"
"Drugs","No","","69595","Terminated","Physicians Total Care, Inc.","12515 E 55th St Ste 106","N/A","Tulsa","OK","	74146-6234","United States","Voluntary: Firm initiated","Letter","Nationwide","D-0239-2015","Class III","Loratadine 24 HR-OTC,10 mg, 30-count bottle, Manufactured by Novartis Consumer Health, Parsippany, NJ 07054, Distributed by Physicians Total Care, Tulsa OK 74146, NDC 54868-5268-00  ","7,740 pills","Failed Tablet/Capsule Specifications: Affected lot numbers may contain chipped or broken tablets.","09/11/2013","11/06/2014","02/04/2015","11/12/2014","Lot #: 68GA, 68WE, 6A9W, 6AIT, 6ALI, 6936; Exp. 09/13  Lot #: 6BYA, 6CVI, 6FVX, 6CVH, 6D1W, 6DSH, 6E2V, 6E9W; Exp. 10/13  Lot #: 6HO2, 6I1F; Exp. 11/13  Lot #: 6IG5, 6ILV, 6HCE, 6I7B; Exp. 12/13  Lot #: 6TKA, 6TSZ, 6TUO, 6TXT; Exp. 05/14  Lot #: 6V2S, 6WWJ, 6U9L, 6UQP, 6VJM, 6VSS, 6W3J; Exp. 07/14  Lot #: 6WVP, 6XFX, 6Y99; Exp. 08/14  Lot # :6Y7A; Exp. 10/14"
"Drugs","No","","69597","Terminated","Physicians Total Care, Inc.","12515 E 55th St Ste 106","N/A","Tulsa","OK","	74146-6234","United States","Voluntary: Firm initiated","Letter","Distributed in Georgia and Missouri.","D-0237-2015","Class II","CEPHALEXIN MONOHYDRATE CAPSULES,USP, 500 mg, 20-count bottle, Rx only, Manufactured for Caraco Pharmaceuticals, Detroit, MI 48202 by Sun Pharmaceuticals, Fort Worth, TX 76155 and repackaged by Physicians Total Care, Inc., Tulsa, OK 74146-6233","340 capsules (17 bottles containing 20 capsules each)","CGMP deviations: Products were manufactured with active pharmaceutical ingredients that were not manufactured with good manufacturing practices.","09/22/2014","11/05/2014","03/16/2015","11/12/2014","Lot Code: 79MI (Exp. Date 01/31/2015), 79SF (Exp. Date 01/31/2015), 7AH5 (Exp. Date 06/30/2015)"
"Drugs","No","","69605","Terminated","CareFusion 213, LLC","1550 Northwestern Dr","N/A","El Paso","TX","	79912-8000","United States","Voluntary: Firm initiated","Letter","Nationwide; Mexico, Philippines","D-0298-2015","Class III","Scrub Care Chlorhexidine Gluconate Solution, 4% Surgical Hand Scrub, OTC, CareFusion, Vernon Hills, IL 60061   NDC 57613-007-25","20,556,000 scrubs","Does Not Meet Monograph: Chlorhexidine Gluconate  Surgical Scrub Brush is being recalled due to higher concentrations of available chlorhexidine gluconate.","10/24/2014","12/10/2014","10/08/2015","12/17/2014","All Lots"
"Drugs","No","","69445","Terminated","Valeant Pharmaceuticals North America LLC","400 Somerset Corporate Blvd","N/A","Bridgewater","NJ","	08807","United States","Voluntary: Firm initiated","Letter","Nationwide","D-0052-2015","Class III","APLENZIN¿ (bupropion hydrobromide), extended-release tablets, 348 mg, a) 7-count HDPE bottle (NDC 0024-5811-07), b) 30-count HDPE bottle (NDC 0024-5811-30), Rx Only, Manufactured by Valeant Pharmaceuticals International, Inc. Steinbach MB, Canada R5G 1Z7    ","23,057 HDPE bottles","Labeling: Incorrect or Missing Package Insert","06/05/2014","10/28/2014","07/27/2017","11/05/2014","Lot #: a) 13E020P; Exp. 03/17  Lot #: b) 13E029P, 13E028P, 13K032P; Exp. 03/17"
"Drugs","No","","69445","Terminated","Valeant Pharmaceuticals North America LLC","400 Somerset Corporate Blvd","N/A","Bridgewater","NJ","	08807","United States","Voluntary: Firm initiated","Letter","Nationwide","D-0053-2015","Class III","APLENZIN¿ (bupropion hydrobromide), extended-release tablets, 522 mg, a) 7-count HDPE bottle (NDC 0024-5812-07), b) 30-count HDPE bottle (NDC 0024-5812-30), Rx Only, Manufactured by Valeant Pharmaceuticals International, Inc. Steinbach MB, Canada R5G 1Z7  ","55,650 HDPE bottles","Labeling: Incorrect or Missing Package Insert","06/05/2014","10/28/2014","07/27/2017","11/05/2014","Lot #:  a) 13E023P; Exp. 03/16    Lot #:  b)   12J063P;  Exp. 07/15   12K063P; Exp. 09/15   12K060P; Exp. 07/15  12M073P; Exp. 09/15   13A036P; Exp. 11/15   13B035P; Exp. 11/15  13C046P; Exp. 11/15   13D060P; Exp. 11/15   13E030P; Exp. 03/16  13E031P; Exp. 03/16  13F003P; Exp. 03/16  13K034P; Exp. 03/16  14A001P; Exp. 10/16"
"Drugs","No","","69611","Terminated","Nanophase Technologies Corporation","1319 Marquette Dr","N/A","Romeoville","IL","	60446-4055","United States","Voluntary: Firm initiated","E-Mail","NJ","D-0238-2015","Class III","Z-COTE HP 1 TRANSPARENT ZINC OXIDE, Zinc Oxide (and) Triethoxycaprylylsilane, Powder, NET: 22 KG, Packaged in double plastic liners in a single fiber carton, FOR MANUFACTURING, PROCESSING OR REPACKING, BASF Corporation, Florham Park, NJ","1,596 Kg","cGMP Deviation; The incorrect amount of a raw material was added during the manufacture of two lots of Z-COTE HP 1.","10/20/2014","11/06/2014","06/11/2015","11/12/2014","Lot Codes: CNNI2901, CNNI2902"
"Drugs","No","","69633","Terminated","Vann Healthcare Services Inc","1220 N Race St","N/A","Glasgow","KY","	42141-3462","United States","Voluntary: Firm initiated","Letter","KY","D-0309-2015","Class II","Hydroxyprogesterone Caproate, 250 mg per mL, 5 mL vial, Rx, Vann Healthcare Pharmacy, 1220 N Race Street, Glasgow, KY 42141","1 vial","Lack of Assurance of Sterility: A recent FDA inspection of Vann Healthcare Services facility revealed deficiencies that raise concerns about the pharmacy's ability to consistently assure sterility of their products.","10/14/2014","12/19/2014","07/01/2015","12/31/2014","Lot #: 071714A"
"Drugs","No","","69633","Terminated","Vann Healthcare Services Inc","1220 N Race St","N/A","Glasgow","KY","	42141-3462","United States","Voluntary: Firm initiated","Letter","KY","D-0310-2015","Class II","Epinephrine 1:1000, 0.15 mL packaged in 0.3 mL syringes, Rx, Vann Healthcare Pharmacy, 1220 N Race Street, Glasgow, KY 42141","410 syringes","Lack of Assurance of Sterility: A recent FDA inspection of Vann Healthcare Services facility revealed deficiencies that raise concerns about the pharmacy's ability to consistently assure sterility of their products.","10/14/2014","12/19/2014","07/01/2015","12/31/2014","Lot #s: 06094A, 06254A, 07164A, 08114A, and 08284C."
"Drugs","No","","69553","Terminated","Actavis Inc","400 Interpace Pkwy","N/A","Parsippany","NJ","	07054-1120","United States","Voluntary: Firm initiated","Letter","Nationwide","D-0233-2015","Class II","Vancomycin Hydrochloride Capsule, USP, 250 mg, 20 count blister pack, Rx Only, Mfd. for: Watson Pharma. Inc. Parsippany, NJ 07054 USA, Mfd. by: Patheon Pharmaceuticals Inc. Cincinnati, OH 45237 USA ---- NDC 0591-3561-15 UPC 3-3-0591356115-1    ","46,676 cartons","Subpotent Drug","08/25/2014","10/30/2014","03/21/2018","11/05/2014","3101178, exp Aug 2014,   3104318, exp Aug 2014,  3104319, exp Oct 2014,  3104889, exp  Oct 2014,  3104891, exp  Oct 2014,  3104893, exp Oct 2014, and  3106651, exp Dec 2014"
"Drugs","No","","69633","Terminated","Vann Healthcare Services Inc","1220 N Race St","N/A","Glasgow","KY","	42141-3462","United States","Voluntary: Firm initiated","Letter","KY","D-0311-2015","Class II","Lidocaine 4% Syr (PF) Rx, 1 mL packaged in 3 mL syringes, Vann Healthcare Pharmacy, 1220 N Race Street, Glasgow, KY 42141","900 syringes","Lack of Assurance of Sterility: A recent FDA inspection of Vann Healthcare Services facility revealed deficiencies that raise concerns about the pharmacy's ability to consistently assure sterility of their products.","10/14/2014","12/19/2014","07/01/2015","12/31/2014","Lot #s: 06174A, 07214B, and 08154A."
"Drugs","No","","69634","Terminated","Baxter Healthcare Corp.","1 Baxter Pkwy","N/A","Deerfield","IL","	60015-4625","United States","Voluntary: Firm initiated","Letter","Nationwide","D-0276-2015","Class II","Heparin Sodium in 0.9% Sodium Chloride Injection, 1000 USP Heparin Units, 500 mL in a VIAFLEX Plus Container, Rx only, Manufactured for Baxter Healthcare Corporation, One Baxter Parkway, Deerfield, IL 60015 by Baxter Healthcare Corporation 250 Road 144 Jayuya, Puerto Rico, 00664, NDC 0338-0431-03","127,746 Viaflex Plus Container","Subpotent Drug: Heparin raw material was found to have low potency","10/30/2014","11/24/2014","09/22/2016","12/03/2014","Lot #: N003061; N003079; and N003087, Exp 2/29/2016"
"Drugs","No","","69674","Terminated","Perry Drug Inc.","12200 W 106th St Ste 140","N/A","Overland Park","KS","	66215-2305","United States","Voluntary: Firm initiated","Letter","Kansas and Missouri","D-0259-2015","Class II","Testosterone CYP-250/PROP-20 mg, 10 Ml Syringe, Compounded Rx, Perry Drug Compounding Pharmacy, Overland Park, KS --- NDC 88888-0326-44","1 vial","Lack of sterility assurance;All lots of sterile products compounded by the pharmacy that are within expiry were recalled due to concerns associated with quality control procedures that present a potential risk to sterility assurance that were observed during a recent FDA inspection.","11/07/2014","11/24/2014","11/03/2015","12/03/2014","141006HH, 11/6/14"
"Drugs","No","","69676","Terminated","Zydus Pharmaceuticals USA Inc","73 Route 31 N","N/A","Pennington","NJ","	08534-3601","United States","Voluntary: Firm initiated","Letter","Nationwide","D-0257-2015","Class III","Amlodipine Besylate Tablets, USP 10 mg, Rx Only, 90 Tablets per bottle, Manufactured by: Cadila Healthcare Ltd. Ahmedabad, India, Distributed by: Zydus Pharmaceuticals USA Inc., Pennington, NJ 08534, NDC 68382-123-16","15,144 bottles","Discoloration: Brown spots were noted embedded in Amlodipine Besylate Tablets, 10 mg, Lot # MP4344.","10/01/2014","11/21/2014","02/26/2016","12/03/2014","Lot #: MP4344, Exp 04/2016"
"Drugs","No","","69688","Terminated","Sandoz, Inc","506 Carnegie Ctr Ste 400","N/A","Princeton","NJ","	08540-6243","United States","Voluntary: Firm initiated","Letter","Nationwide","D-0288-2015","Class III","candesartan cilexetil, tablets, 16 mg, 90-count bottles, Rx only,  Manufactured for Sandoz Inc., Princeton,  NJ 08540 by Mylan Laboratories Limited Hyderabad, 500 034, India,   NDC 0781-5938-92","6,336 bottles","Failed Impurities/Degradation Specifications: An Out of Specification (OOS) result was generated for the 18 month stability time point for ketone cilexetil impurity and total impurities.","10/02/2014","12/02/2014","07/23/2015","12/10/2014","Lot #:  3007330, Exp 11/2014"
"Drugs","No","","69659","Terminated","Hospira Inc.","275 N Field Dr","N/A","Lake Forest","IL","	60045-2579","United States","Voluntary: Firm initiated","Letter","Nationwide.","D-0254-2015","Class III","Sterile powder Vancomycin Hydrochloride for Injection, USP, Equivalent to 1 g in 25 ml fliptop vial, 10-count tray, Rx only, Manufactured by Hospira, Inc. Lake Forest, IL 60045,  NDC 0409-6533-01.","316,640 vials","Correct Labeled Product Mispack: Product tray containing vials was mislabeled to contain another product.","11/07/2014","11/19/2014","03/22/2017","11/26/2014","Lot# 43-240-DD; Exp. 07/16  Lot# 44-205-DD,44-455-DD,44-460-DD,44-465-DD; Exp. 08/16"
"Drugs","No","","69494","Terminated","Hospira Inc.","275 N Field Dr","N/A","Lake Forest","IL","	60045-2579","United States","Voluntary: Firm initiated","Letter","Nationwide, Puerto Rico, and U.S. Virgin Islands.","D-0281-2015","Class II","Lactated Ringer's and 5% Dextrose Injection, USP; 1000 mL container, Rx Only, Manufactured by Hospira, Inc., Lake Forest, IL 60045  NDC 0409-7929-09.","275,448 bags","Lack of Assurance of Sterility: Potential of punctures through the overwrap and primary container which may result in IV bag leaks.","10/14/2014","11/25/2014","12/28/2015","12/03/2014","Lot # 34-134-JT Exp. 10/15  Lot # 34-166-JT Exp. 10/15"
"Drugs","No","","69494","Terminated","Hospira Inc.","275 N Field Dr","N/A","Lake Forest","IL","	60045-2579","United States","Voluntary: Firm initiated","Letter","Nationwide, Puerto Rico, and U.S. Virgin Islands.","D-0282-2015","Class II","5% Dextrose and 0.9% Sodium Chloride Injection, USP, 1000 mL container,  Rx Only, Manufactured by Hospira, Inc., Lake Forest, IL 60045,  NDC 0409-7941-09.","340,272 bags","Lack of Assurance of Sterility: Potential of punctures through the overwrap and primary container which may result in IV bag leaks.","10/14/2014","11/25/2014","12/28/2015","12/03/2014","Lot # 32-104-JT; Exp. 08/15  Lot # 34-136-JT; Exp. 10/15  Lot # 36-092-JT; Exp. 12/15"
"Drugs","No","","69494","Terminated","Hospira Inc.","275 N Field Dr","N/A","Lake Forest","IL","	60045-2579","United States","Voluntary: Firm initiated","Letter","Nationwide, Puerto Rico, and U.S. Virgin Islands.","D-0283-2015","Class II","Lactated Ringer's Injection, USP, 1000 mL container, Rx Only, Manufactured by Hospira, Inc., Lake Forest, IL 60045 NDC 0409-7953-09.","6,193,416 bags","Lack of Assurance of Sterility: Potential of punctures through the overwrap and primary container which may result in IV bag leaks.","10/14/2014","11/25/2014","12/28/2015","12/03/2014","Lot # 32-099-JT; Exp. 08/15  Lot # 32-103-JT; Exp. 08/15  Lot # 34-070-JT; Exp. 10/15  Lot # 34-086-JT; Exp. 10/15  Lot # 34-165-JT; Exp. 10/15  Lot # 35-085-JT; Exp. 11/15  Lot # 35-115-JT; Exp. 11/15  Lot # 35-121-JT; Exp. 11/15  Lot # 36-057-JT; Exp. 12/15"
"Drugs","No","","69494","Terminated","Hospira Inc.","275 N Field Dr","N/A","Lake Forest","IL","	60045-2579","United States","Voluntary: Firm initiated","Letter","Nationwide, Puerto Rico, and U.S. Virgin Islands.","D-0284-2015","Class II","Normosol-R Multiple Electrolytes Injection Type 1, USP, 1000 mL container,  Rx Only, Manufactured by Hospira, Inc., Lake Forest, IL 60045, NDC 0409-7967-09.","305,664 bags","Lack of Assurance of Sterility: Potential of punctures through the overwrap and primary container which may result in IV bag leaks.","10/14/2014","11/25/2014","12/28/2015","12/03/2014","Lot # 32-081-JT; Exp. 08/15  Lot # 34-115-JT; Exp. 10/15"
"Drugs","No","","69494","Terminated","Hospira Inc.","275 N Field Dr","N/A","Lake Forest","IL","	60045-2579","United States","Voluntary: Firm initiated","Letter","Nationwide, Puerto Rico, and U.S. Virgin Islands.","D-0285-2015","Class II","0.9% Sodium Chloride Injection, USP, 1000 mL container, Rx Only, Manufactured by Hospira, Inc., Lake Forest, IL 60045,  NDC 0409-7983-09.","16,487,040 bags","Lack of Assurance of Sterility: Potential of punctures through the overwrap and primary container which may result in IV bag leaks.","10/14/2014","11/25/2014","12/28/2015","12/03/2014","Lot # 32-044-JT; Exp. 08/15  Lot # 32-072-JT; Exp. 08/15  Lot # 32-102-JT; Exp. 08/15  Lot # 33-028-JT; Exp. 09/15  Lot # 33-046-JT; Exp. 09/15  Lot # 33-049-JT; Exp. 09/15  Lot # 33-061-JT; Exp. 09/15  Lot # 33-085-JT; Exp. 09/15  Lot # 33-096-JT; Exp. 09/15  Lot # 33-101-JT; Exp. 09/15  Lot # 33-102-JT; Exp. 09/15  Lot # 34-016-JT; Exp. 10/15  Lot # 34-085-JT; Exp. 10/15  Lot # 34-122-JT; Exp. 10/15  Lot # 34-123-JT; Exp. 10/15  Lot # 35-026-JT; Exp. 11/15  Lot # 35-030-JT; Exp. 11/15  Lot # 35-067-JT; Exp. 11/15  Lot # 36-002-JT ;Exp. 12/15  Lot # 36-029-JT; Exp. 12/15  Lot # 36-049-JT; Exp. 12/15  Lot # 36-058-JT; Exp. 12/15  Lot # 36-103-JT; Exp. 12/15  Lot # 37-013-JT; Exp. 01/16"
"Drugs","No","","69494","Terminated","Hospira Inc.","275 N Field Dr","N/A","Lake Forest","IL","	60045-2579","United States","Voluntary: Firm initiated","Letter","Nationwide, Puerto Rico, and U.S. Virgin Islands.","D-0286-2015","Class II","0.45% Sodium Chloride Injection, USP, 1000 mL container, Rx Only, Manufactured by Hospira, Inc., Lake Forest, IL 60045 NDC 0409-7985-09.","784,920 bags","Lack of Assurance of Sterility: Potential of punctures through the overwrap and primary container which may result in IV bag leaks.","10/14/2014","11/25/2014","12/28/2015","12/03/2014","Lot # 33-027-JT; Exp.09/15  Lot # 33-045-JT; Exp.09/15  Lot # 33-097-JT; Exp.09/15  Lot # 35-068-JT; Exp.11/15  Lot # 36-112-JT; Exp.12/15  Lot # 37-012-JT; Exp.01/15"
"Drugs","No","","69494","Terminated","Hospira Inc.","275 N Field Dr","N/A","Lake Forest","IL","	60045-2579","United States","Voluntary: Firm initiated","Letter","Nationwide, Puerto Rico, and U.S. Virgin Islands.","D-0287-2015","Class II","Sterile Water for Injection, USP, 1000 mL container, Rx Only, Manufactured by Hospira, Inc., Lake Forest, IL 60045  NDC 0409-7990-09.","153,504 bags","Lack of Assurance of Sterility: Potential of punctures through the overwrap and primary container which may result in IV bag leaks.","10/14/2014","11/25/2014","12/28/2015","12/03/2014","Lot# 36-084-JT; Exp.12/15"
"Drugs","No","","69724","Terminated","Pfizer Inc.","235 East 42nd Street","N/A","New York","NY","	10017-5703","United States","Voluntary: Firm initiated","Letter","Pfizer shipped the affected product to 4,447 direct accounts.     No federal government accounts received the affected product directly from Pfizer Inc.","D-0292-2015","Class II","Tikosyn (dofetilide) 125 mcg (0.125 mg), a) 14-count bottle (NDC 0069-5800-61), b) 60-count bottle (NDC 0069-5800-60), Rx Only, Manufactured by Pfizer Labs, Division of Pfizer, Inc., NY, NY 10017.  ","31,569 HDPE Bottles","Failed Tablet/Capsule Specifications: Product being recalled due to the potential presence of cracked or broken capsules.","12/03/2014","12/09/2014","09/27/2016","12/17/2014","Lot # a) H79652, Exp. 10/15; b) H79653, Exp. 10/15"
"Drugs","No","","69674","Terminated","Perry Drug Inc.","12200 W 106th St Ste 140","N/A","Overland Park","KS","	66215-2305","United States","Voluntary: Firm initiated","Letter","Kansas and Missouri","D-0260-2015","Class II","Methyl B12 25 mg/mL Inj., 10 Syringes, Compounded Rx, Perry Drug Compounding Pharmacy, Overland Park, KS --- NDC 88888-2014-37","186 prefilled syringes","Lack of sterility assurance;All lots of sterile products compounded by the pharmacy that are within expiry were recalled due to concerns associated with quality control procedures that present a potential risk to sterility assurance that were observed during a recent FDA inspection.","11/07/2014","11/24/2014","11/03/2015","12/03/2014","141006GG, 11/6/14; 141009FF, 11/9/14; 141014BB, 11/9/14; 141014BB, 11/14/14; 1410164, 11/16/14; 141021GG, 11/21/14; 141030DD, 11/30/14"
"Drugs","No","","69674","Terminated","Perry Drug Inc.","12200 W 106th St Ste 140","N/A","Overland Park","KS","	66215-2305","United States","Voluntary: Firm initiated","Letter","Kansas and Missouri","D-0261-2015","Class II","Tri-Mix (PGE-10MCG/PAP-30MG/PT 5Ml vials, Compounded Rx, Perry Drug Compounding Pharmacy, Overland Park, KS --- NDC 88888-5123-09","17 vials","Lack of sterility assurance;All lots of sterile products compounded by the pharmacy that are within expiry were recalled due to concerns associated with quality control procedures that present a potential risk to sterility assurance that were observed during a recent FDA inspection.","11/07/2014","11/24/2014","11/03/2015","12/03/2014","141008BB, 11/8/14; 141008CC, 11/8/14; 141010G, 11/10/14; 141010J, 11/10/14; 141010K, 11/10/14; 141013GG, 11/13/14; 141015DD, 11/15/14; 141015BB, 11/15/14; 141020GG, 11/20/14; 141024HH, 11/24/14; 141024II, 11/24/14; 141024JJ, 11/24/14; 141028BB, 11/28/14; 141028CC, 11/28/14; 141031GG, 12/1/14;"
"Drugs","No","","69674","Terminated","Perry Drug Inc.","12200 W 106th St Ste 140","N/A","Overland Park","KS","	66215-2305","United States","Voluntary: Firm initiated","Letter","Kansas and Missouri","D-0262-2015","Class II","Leuprolide 50 mcg/0.1 mL Micro Lupron Kit, 5Ml, Compounded Rx, Perry Drug Compounding Pharmacy, Overland Park, KS --- NDC 88888-1124-57","5 vials","Lack of sterility assurance;All lots of sterile products compounded by the pharmacy that are within expiry were recalled due to concerns associated with quality control procedures that present a potential risk to sterility assurance that were observed during a recent FDA inspection.","11/07/2014","11/24/2014","11/03/2015","12/03/2014","141007DD, 11/7/14; 141015GG, 11/15/14; 141031II, 12/1/2014; 141031AA, 11/31/14; 141031JJ, 12/1/14;"
"Drugs","No","","69674","Terminated","Perry Drug Inc.","12200 W 106th St Ste 140","N/A","Overland Park","KS","	66215-2305","United States","Voluntary: Firm initiated","Letter","Kansas and Missouri","D-0263-2015","Class II","Phenylephrine HCl (100 mcg/mL syr) in 0.9% NaCl 1 mg / 10 mL, 3Ml Syringes, Compounded Rx, Perry Drug Compounding Pharmacy, Overland Park, KS --- NDC 88888-5230-12","8 prefilled syringes","Lack of sterility assurance;All lots of sterile products compounded by the pharmacy that are within expiry were recalled due to concerns associated with quality control procedures that present a potential risk to sterility assurance that were observed during a recent FDA inspection.","11/07/2014","11/24/2014","11/03/2015","12/03/2014","141008AA, 11/8/14; 141017E, 11/17/14; 141030EE, 11/30/14"
"Drugs","No","","69674","Terminated","Perry Drug Inc.","12200 W 106th St Ste 140","N/A","Overland Park","KS","	66215-2305","United States","Voluntary: Firm initiated","Letter","Kansas and Missouri","D-0264-2015","Class II","Testosterone Cyp 200 mg/mL Sesame Inj., 4Ml Syringes, Compounded Rx, Perry Drug Compounding Pharmacy, Overland Park, KS --- NDC 88888-7906-71","1 vial","Lack of sterility assurance;All lots of sterile products compounded by the pharmacy that are within expiry were recalled due to concerns associated with quality control procedures that present a potential risk to sterility assurance that were observed during a recent FDA inspection.","11/07/2014","11/24/2014","11/03/2015","12/03/2014","141013DD, 11/13/14"
"Drugs","No","","69674","Terminated","Perry Drug Inc.","12200 W 106th St Ste 140","N/A","Overland Park","KS","	66215-2305","United States","Voluntary: Firm initiated","Letter","Kansas and Missouri","D-0265-2015","Class II","HCG Low Dose 30 IU/0.1 mL, 5 Ml vial, Compounded Rx, Perry Drug Compounding Pharmacy, Overland Park, KS --- NDC 88888-0231-54","1 vial","Lack of sterility assurance;All lots of sterile products compounded by the pharmacy that are within expiry were recalled due to concerns associated with quality control procedures that present a potential risk to sterility assurance that were observed during a recent FDA inspection.","11/07/2014","11/24/2014","11/03/2015","12/03/2014","141009DD, 11/9/14"
"Drugs","No","","69674","Terminated","Perry Drug Inc.","12200 W 106th St Ste 140","N/A","Overland Park","KS","	66215-2305","United States","Voluntary: Firm initiated","Letter","Kansas and Missouri","D-0266-2015","Class II","Tri-mix Antidote 10 each Syringes, Compounded Rx, Perry Drug Compounding Pharmacy, Overland Park, KS --- NDC 88888-0205-17","10 prefilled syringes","Lack of sterility assurance;All lots of sterile products compounded by the pharmacy that are within expiry were recalled due to concerns associated with quality control procedures that present a potential risk to sterility assurance that were observed during a recent FDA inspection.","11/07/2014","11/24/2014","11/03/2015","12/03/2014","141010K, 11/10/14"
"Drugs","No","","69674","Terminated","Perry Drug Inc.","12200 W 106th St Ste 140","N/A","Overland Park","KS","	66215-2305","United States","Voluntary: Firm initiated","Letter","Kansas and Missouri","D-0267-2015","Class II","HCG Low Dose 10 IU / 0.1 mL, 5 Ml vials, Compounded Rx, Perry Drug Compounding Pharmacy, Overland Park, KS ---NDC 88888-2596-17","2 vials","Lack of sterility assurance;All lots of sterile products compounded by the pharmacy that are within expiry were recalled due to concerns associated with quality control procedures that present a potential risk to sterility assurance that were observed during a recent FDA inspection.","11/07/2014","11/24/2014","11/03/2015","12/03/2014","141010I, 11/10/14; 141017F, 11/17/14;"
"Drugs","No","","69674","Terminated","Perry Drug Inc.","12200 W 106th St Ste 140","N/A","Overland Park","KS","	66215-2305","United States","Voluntary: Firm initiated","Letter","Kansas and Missouri","D-0268-2015","Class II","HCG 200 IU/mL Injection, 30Ml, 10 mL vials, Compounded Rx, Perry Drug Compounding Pharmacy, Overland Park, KS --- NDC 88888-7745-68","1 vial","Lack of sterility assurance;All lots of sterile products compounded by the pharmacy that are within expiry were recalled due to concerns associated with quality control procedures that present a potential risk to sterility assurance that were observed during a recent FDA inspection.","11/07/2014","11/24/2014","11/03/2015","12/03/2014","141015DD, 11/15/14"
"Drugs","No","","69674","Terminated","Perry Drug Inc.","12200 W 106th St Ste 140","N/A","Overland Park","KS","	66215-2305","United States","Voluntary: Firm initiated","Letter","Kansas and Missouri","D-0269-2015","Class II","HCG 10,000 U/ 10 mL PF Inj, 8Ml vials, Compounded Rx, Perry Drug Compounding Pharmacy, Overland Park, KS --- NDC 88888-5012-34","3 vials","Lack of sterility assurance;All lots of sterile products compounded by the pharmacy that are within expiry were recalled due to concerns associated with quality control procedures that present a potential risk to sterility assurance that were observed during a recent FDA inspection.","11/07/2014","11/24/2014","11/03/2015","12/03/2014","141015FF, 11/15/14; 141024KK, 11/24/14; 141031CC, 12/1/14"
"Drugs","No","","69674","Terminated","Perry Drug Inc.","12200 W 106th St Ste 140","N/A","Overland Park","KS","	66215-2305","United States","Voluntary: Firm initiated","Letter","Kansas and Missouri","D-0270-2015","Class II","2Ml HCG 10,000 U/ MB12 - 12,000 MCG/10 Ml Inj, 0.25ML (250IU), Rx, Perry Drug Compounding Pharmacy, Overland Park, KS ---NDC 88888-7945-17","1 vial","Lack of sterility assurance;All lots of sterile products compounded by the pharmacy that are within expiry were recalled due to concerns associated with quality control procedures that present a potential risk to sterility assurance that were observed during a recent FDA inspection.","11/07/2014","11/24/2014","11/03/2015","12/03/2014","141016A, 11/16/14"
"Drugs","No","","69674","Terminated","Perry Drug Inc.","12200 W 106th St Ste 140","N/A","Overland Park","KS","	66215-2305","United States","Voluntary: Firm initiated","Letter","Kansas and Missouri","D-0271-2015","Class II","Cyclosporine 0.045 % Sol PF, 12 mL bottle, Rx, Perry Drug Compounding Pharmacy, Overland Park, KS --- NDC 88888-5120-67","3 vials","Lack of sterility assurance;All lots of sterile products compounded by the pharmacy that are within expiry were recalled due to concerns associated with quality control procedures that present a potential risk to sterility assurance that were observed during a recent FDA inspection.","11/07/2014","11/24/2014","11/03/2015","12/03/2014","141013CC, 11/13/14"
"Drugs","No","","69674","Terminated","Perry Drug Inc.","12200 W 106th St Ste 140","N/A","Overland Park","KS","	66215-2305","United States","Voluntary: Firm initiated","Letter","Kansas and Missouri","D-0272-2015","Class II","HCG-20,000 U/2 mL Vial, Compounded Rx, Perry Drug Compounding Pharmacy, Overland Park, KS ---NDC 88888-2195-47","1 vial","Lack of sterility assurance;All lots of sterile products compounded by the pharmacy that are within expiry were recalled due to concerns associated with quality control procedures that present a potential risk to sterility assurance that were observed during a recent FDA inspection.","11/07/2014","11/24/2014","11/03/2015","12/03/2014","141021DD, 11/21/14;"
"Drugs","No","","69674","Terminated","Perry Drug Inc.","12200 W 106th St Ste 140","N/A","Overland Park","KS","	66215-2305","United States","Voluntary: Firm initiated","Letter","Kansas and Missouri","D-0273-2015","Class II","Tri Mix PF SYR 0.5 mL Inj., Compounded Rx, 10 each, Compounded Rx, Perry Drug Compounding Pharmacy, Overland Park, KS --- NDC 88888-5036-49","20 prefilled syringes","Lack of sterility assurance;All lots of sterile products compounded by the pharmacy that are within expiry were recalled due to concerns associated with quality control procedures that present a potential risk to sterility assurance that were observed during a recent FDA inspection.","11/07/2014","11/24/2014","11/03/2015","12/03/2014","141021FF, 11/21/14; 141028CC, 11/28/14"
"Drugs","No","","69674","Terminated","Perry Drug Inc.","12200 W 106th St Ste 140","N/A","Overland Park","KS","	66215-2305","United States","Voluntary: Firm initiated","Letter","Kansas and Missouri","D-0274-2015","Class II","HCG - 10,000 Unit PF Inject, 1mL Syringe, Compounded Rx, Perry Drug Compounding Pharmacy, Overland Park, KS NDC 88888-0216-49","1 vial","Lack of sterility assurance;All lots of sterile products compounded by the pharmacy that are within expiry were recalled due to concerns associated with quality control procedures that present a potential risk to sterility assurance that were observed during a recent FDA inspection.","11/07/2014","11/24/2014","11/03/2015","12/03/2014","141021CC, 11/21/14"
"Drugs","No","","69674","Terminated","Perry Drug Inc.","12200 W 106th St Ste 140","N/A","Overland Park","KS","	66215-2305","United States","Voluntary: Firm initiated","Letter","Kansas and Missouri","D-0275-2015","Class II","Sodium Tetradecyl SO4 0.3% Inj., 30 Ml vials, Compounded Rx, Perry Drug Compounding Pharmacy, Overland Park, KS --- NDC 88888-6427-90","20 vials","Lack of sterility assurance;All lots of sterile products compounded by the pharmacy that are within expiry were recalled due to concerns associated with quality control procedures that present a potential risk to sterility assurance that were observed during a recent FDA inspection.","11/07/2014","11/24/2014","11/03/2015","12/03/2014","141030FF, 11/30/14"
"Drugs","No","","69779","Terminated","Chaotic Labz","220 Hankins Dr","N/A","Atkins","AR","	72823-2834","United States","Voluntary: Firm initiated","Press Release","Nationwide.","D-0314-2015","Class II","MAYHEM capsules, Proprietary Blend 525 mg, Dietary Supplement, 60-count bottles, Chaotic-Labz, UPC 6 28586 67805 7.","990 bottles","Marketed Without An Approved NDA/ANDA: FDA analysis found this product to contain undeclared dexamethasone and cyproheptadine which are FDA approved drugs making this product an unapproved drug.","11/14/2014","12/22/2014","01/13/2017","12/31/2014","Lot#: CLM061114, Exp 06/16"
"Drugs","No","","69798","Terminated","Hospira Inc.","275 N Field Dr","N/A","Lake Forest","IL","	60045-2579","United States","Voluntary: Firm initiated","Letter","Nationwide and Puerto Rico,  Italy, Netherland, Spain","D-0303-2015","Class II","Meropenem I.V. 1 g  is supplied in 30 mL injection vials, RX only. Manufactured by Hospira Healthcare India Pvt. Ltd Tamil Nadu, India for Hospira, Inc. 275 N. Field Drive, Lake Forest, IL 60045. NDC 0409-3506-01","261,706 vials","Defective Container: Glass vials may crack due to low (thin) out of specification vial wall thickness which may lead to contamination and lack of assurance of sterility.","10/24/2014","12/18/2014","12/15/2016","12/24/2014","Lot #:  609E014, Exp 1/2016; 609E015, Exp 1J/2016; 609E016, Exp 1/2016; 609E017, Exp 1/2016; 609E018, Exp 1/2016; 609E019, Exp 1/2016; 601E025,  Exp 1/2016; 601E027, Exp 1/2016; 601E028A, Exp 1/2016; 601E028B, Exp 1/2016; 601E028C,  Exp 1/2016"
"Drugs","No","","69807","Terminated","Aurobindo Pharma USA Inc","6 Wheeling Road","N/A","Dayton","NJ","	08810","United States","Voluntary: Firm initiated","Letter","Nationwide","D-0330-2015","Class II","Gabapentin Capsules, USP 300 mg, 100-count bottles, Rx only, Manufactured for: Northstar Rx LLC, Memphis, TN 38141; Manufactured by: Aurobindo Pharma Limited, Unit-VII (SEZ), Mahaboob Nagar (Dt), AP-509302, INDIA, NDC 16714-662-01, UPC 3 16714-662-01 5.","24,816 bottles","Failed Tablet/Capsule Specifications: Complaints of empty capsules received.","10/17/2014","01/06/2015","05/23/2016","01/14/2015","Lot #: GESB14011-A, Exp 12/15"
"Drugs","No","","69808","Terminated","Spectrum Laboratory Products","14422 S San Pedro St","N/A","Gardena","CA","	90248-2027","United States","Voluntary: Firm initiated","Letter","U.S.: California.","D-0255-2015","Class II","Tetrahydrozoline Hydrochloride, USP, 1 KG Bottle.  Spectrum Chemical MFG CORP., Gardena, CA 90248. Cat. YY1568.","16 Bottles","CGMP Deviations; Stored/dispensed in a non-GMP compliant warehouse at S.I.M.S., Italy.","07/18/2014","11/20/2014","11/24/2014","11/26/2014","Lot #: 1BJ0479; Expiry: 06/2017"
"Drugs","No","","69810","Terminated","Fresenius Kabi USA, LLC","2045 Cornell Ave","N/A","Melrose Park","IL","	60160-1002","United States","Voluntary: Firm initiated","Letter","Nationwide and Puerto Rico","D-0290-2015","Class II","GENTAMICIN INJECTION, USP, equivalent to 40 mg/mL, Rx only, 20 mL Multiple Dose Vial, Manufactured by APP Pharmaceuticals, LLC, Schaumburg, IL 60173, NDC 63323-010-20","92,125 vials","Defective Container: Vials may be missing stoppers.","11/12/2014","12/08/2014","03/08/2016","12/17/2014","Product Code: 1020;   NDC: 63323-010-20;   Lot Number: 6107992;   Expiration Date: 09/2015"
"Drugs","No","","69836","Terminated","One and Zen","1339 San Mateo Blvd Se","Apt 2","Albuquerque","NM","	87108-4697","United States","Voluntary: Firm initiated","E-Mail","Nationwide","D-0329-2015","Class II","GINSENG KIANPI PIL, 60 capsules, PRODUCT OF KWEILIN DRUG MANUFACTORY","38 bottles","Marketed Without An Approved NDA/ANDA: FDA analysis found this product to contain undeclared dexamethasone and cyproheptadine which are FDA approved drugs making this product an unapproved drug.","11/20/2014","12/30/2014","03/23/2015","01/07/2015","All lots"
"Drugs","No","","69868","Terminated","Baxter Healthcare Corp.","1 Baxter Pkwy","N/A","Deerfield","IL","	60015-4625","United States","Voluntary: Firm initiated","Letter","Nationwide","D-0301-2015","Class II","Clinimix E 4.25/10 sulfite-free (4.25% Amino Acid with Electrolytes in 10% Dextrose with Calcium) Injections, in CLARITY Dual Chamber Container, Baxter Healthcare Corporation, Deerfield, IL NDC 0338-1115-04","7,220 bags","Lack of Assurance of Sterility; leaks were observed from the bag seam and port seal","11/25/2014","12/16/2014","10/28/2015","12/24/2014","Product Code 2B7717 Lot # P311357, exp 12/31/2015"
"Drugs","No","","69900","Terminated","Hospira Inc.","275 N Field Dr","N/A","Lake Forest","IL","	60045-2579","United States","Voluntary: Firm initiated","Letter","Nationwide","D-0313-2015","Class III","Dacarbazine, Injection, USP, 200mg,  vials packaged in individual cartons, Rx only, Manufactured by Hospira Australia 1 Lexia Place, Mulgrave, Victoria Australia 3170. NDC 61703-327-22.","3,306 vials","Discoloration: Reconstituted solution may appear pink instead of colorless to pale yellow when stored per the labeled conditions.","11/25/2014","12/22/2014","12/15/2016","12/31/2014","Lot #: B032223AA; Exp: July 2016"
"Drugs","No","","69573","Terminated","Hospira Inc.","275 N Field Dr","N/A","Lake Forest","IL","	60045-2579","United States","Voluntary: Firm initiated","Telephone","Distribution limited to one shipment to The Harvard Drug Group, Livonia, MI for the lots of Vancomycin 500 mg, Ketorolac tromethamine 60 mg/2 mL (30 mg/mL), and Propofol 1% 200 mg/20 mL (10 mg/mL), these lots remained within the control of the distributor and were not further distributed. Distribution was Nationwide for the Vancomycin 1 g product.","D-0388-2015","Class II","Ketorolac Tromethamine Inj., USP, 60 mg (30 mg/mL), 2 mL Single-dose Fliptop Vial, packaged in 25 Units per carton, Rx only, Hospira, Inc., Lake Forest, IL  60045, NDC 0409-3796-01.","100 vials","Temperature Abuse: Products experienced uncontrolled temperature excursions during transit.","10/06/2014","02/13/2015","12/15/2016","02/25/2015","One shipment of Lot #: 34-540-DK; Exp 1OCT2015 to The Harvard Drug Group, Livonia, MI"
"Drugs","No","","69573","Terminated","Hospira Inc.","275 N Field Dr","N/A","Lake Forest","IL","	60045-2579","United States","Voluntary: Firm initiated","Telephone","Distribution limited to one shipment to The Harvard Drug Group, Livonia, MI for the lots of Vancomycin 500 mg, Ketorolac tromethamine 60 mg/2 mL (30 mg/mL), and Propofol 1% 200 mg/20 mL (10 mg/mL), these lots remained within the control of the distributor and were not further distributed. Distribution was Nationwide for the Vancomycin 1 g product.","D-0390-2015","Class II","Vancomycin Hydrochloride for Injection, USP, 1 g Sterile Powder per Fliptop Vial, packaged in 10 Units per carton, Rx only, Hospira Inc., Lake Forest, IL  60045, NDC 0409-6533-01.","90,600 vials","Temperature Abuse: Products experienced uncontrolled temperature excursions during transit.","10/06/2014","02/13/2015","12/15/2016","02/25/2015","Lot #: 35-315-DD; Exp 1NOV2015"
"Drugs","No","","69911","Terminated","Zydus Pharmaceuticals USA Inc","73 Route 31 N","N/A","Pennington","NJ","	08534-3601","United States","Voluntary: Firm initiated","Letter","Nationwide and Puerto Rico","D-0299-2015","Class II","Benzonatate Capsules, USP, 200 mg, 100-count bottles, Rx only, Manufactured by: Cadila Healthcare Ltd, Ahmedabad, India; Distributed by: Zydus Pharmaceuticals USA, In, Pennington, NJ USA 08534;  NDC 68382-248-01, UPC 3 68382 24801 5.","58,920 bottles","Failed Tablet/Capsule Specifications: Recall due to wet and/or leaking capsules.","11/26/2014","12/16/2014","09/25/2017","12/24/2014","Lot #: MP2137, MP2138, MP2139, Exp 01/16; MP3614, Exp 03/16; MP5611, MP5613, Exp 05/16"
"Drugs","No","","69928","Terminated","Micro Labs Usa, Inc                                    S","104 Carnegie Ctr","Te 216","Princeton","NJ","	08540-6232","United States","Voluntary: Firm initiated","E-Mail","Nationwide.","D-0407-2015","Class III","Simvastatin Tablets, USP, 20mg a) 90- count bottle (42517-0020-10), b) 1000-count-bottle (NDC 42571-0020-10), Rx only,  Manufactured by: Micro Labs Limited Goa-403 722, India, Manufactured for: Micro Labs USA Inc.,Princeton, NJ 08540        ","240 (1000-count bottle), 26,904 (90-count bottle)","Failed Impurities/Degradation Specifications: Product failed a known impurity specification.","12/04/2014","03/11/2015","04/25/2018","03/18/2015","Lot #: STCG005, Exp 01/2015; Lot #: STCG011, Exp 03/2015; Lot #:  STCG012, Exp 02/2015."
"Drugs","No","","69942","Terminated","Sandoz Incorporated","2555 W Midway Blvd","N/A","Broomfield","CO","	80020-1632","United States","Voluntary: Firm initiated","Letter","AZ","D-0291-2015","Class III","Fluoxetine Capsules USP, 20 mg, 100 count bottle, Rx Only, 100 Capsules, Sandoz Inc Princeton, NJ 08540 NDC 0781-2822-01","1,008 bottles","Labeling: Illegible Label: Sandoz Inc. is recalling of one lot of Fluoxetine Capsules due to an illegible logo on the capsule.","12/05/2014","12/09/2014","06/24/2015","12/17/2014","Lot ET5122, Exp. 10/17"
"Drugs","No","","69945","Terminated","K C Pharmaceuticals Inc","3201 Producer Way","N/A","Pomona","CA","	91768-3916","United States","Voluntary: Firm initiated","Letter","U.S. Nationwide and Canada (Ontario).","D-0323-2015","Class III","Eye Drops Advanced Relief (Dextran 70 0.1%, Polyethylene glycol 400 1%, Povidone 1%, Tetrahydrozoline HCl 0.05%), 0.5 FL OZ (15 mL) Bottles, Over the Counter.  Labeled: a) Advanced Relief, Distributed by Safeway Inc., P.O.Box 99, Pleasanton, CA 94566-0009, UPC: 3 21130 70064 7; b) Best Choice, Distributed By: Valu Mercahndisers, Co., 5000 Kansas Ave, Kansas City, KS 66106, UPC: 0 70038 47009 0; c) EQUALINE, Distributed By Supervalu Inc., Eden Prairie, MN 55344, UPC: 0 41163 25392 6; d) equate, Manufactured for/Fabrique pour: Wal-Mart Canada Corp, 1940 Argentia Rd, Mississauga Ontario L5N 1P9, Imported by/ Importe par: Arrow OTC Company, Mississauga, Ontario L5N 2B8, UPC: 1 83164 00022 9; e) exchange select, Manufactured For: Your Military Exchanges By: KC Pharmaceuticals, Inc., Pomona, CA 91768, UPC: 6 14299 39625 8; f) GOOD NEIGHBOR PHARMACY, Distributed By AmerisourceBergen 1300 Morris Drive, Chesterbrook, PA 19087, UPC: 0 87701 10663 7, NDC: 24385-077-05; g) GOODSENSE, Manufactured By: KC Pharmaceuticals, Pomona, CA 91768, UPC: 1 80410 00019 4, NDC: 48879-007-07; h) H-E-B, Made for H-E-B, San Antonio, TX 78204, UPC: 0 41220 89137 5; i) Health Mart, Distributed by McKesson, One Post Street, San Francisco, CA 94104, UPC: 0 52569 13474 0, NDC: 62011-0104-1; j) healthy accents, Distributed by: DZA Brands, LLC, 2110 Executive Drive, Salisbury, NC 28147, NDC: 7 25439 93383 4; k) HyVee, Distributed By Hy-Vee, Inc., 5820 Westown Parkway, West Des Moines, IA 50266, UPC: 0 75450 29778 2; l) Kroger, Distributed by The Kroger Co., Ohio 45202, UPC: 0 11110 38598 7; m) life, Imported for/ Importe pour: SHOPPERS DRUG MART PHARMAPRIX, Toronto, M2J 4W8, by/par: Arrow OTC Inc., Mississauga, Ontario L5N 2B8, UPC: 0 57800 15640 6; n) LiveBetter, Distributed by Onpoint, Inc., 2 Paragon Drive, Montvale, NJ 07645, UPC: 0 41310 62043 4; o) Medic's Choice, KC Pharmaceuticals, Inc., Pomona, CA 91768, UPC: 0 95072 01251 8, NDC: 055654-025; p) meijer, Dist. By Meijer Distribution, Inc., 2929 Walker Ave NW, Grand Rapids, MI 49544, UPC: 0 41250 82917 1; q) Our Family, Distributed by NASH FINCH COMPANY, NFC Brands, 7600 France Ave S, MPLS 55435, UPC: 0 70253 96683 5; r) Publix, Distributed by Publix Super Markets, Inc., 3300 Publix Corporate Parkway, Lakeland, FL 33811, UPC: 0 41415 06776 9; s) Rexall, Manufactured for: Rexall Brands Corp., Mississauga, Ontario L5N 2B8, Imported by: Arrow OTC Company, Mississauga, Ontario L5N 2B8, UPC: 7 71058 10462 8; t) Rexall, Fabrique pour: Rexall Brands Corp., Mississauga, Ontario L5N 2B8, Importe par: Arrow OTC Company, Mississauga, Ontario L5N 2B8, UPC: 7 71058 10462 8; u) select brand, Distributed by: SELECT BRAND DISTRIBUTORS, Pine Bluff, AR 71603, UPC: 0 15127 00364 3; v) sunmark, Distributed By McKesson, One Post Street, San Francisco, CA 94104, UPC: 0 10939 16833 7, NDC: 49348-697-29; w) TopCare, Distributed by Topco Associates LLC, 7711 Gross Point Road, Skokie, IL 60077, UPC: 0 36800 03641 3; x) WESTERN FAMILY, Distributed by Western Family Foods, Imc., P.O.Box 4057, Portland OR 97208, UPC: 0 15400 03281 0.","427,512 Bottles","CGMP Deviations: Active Pharmaceutical Ingredient (API) used for manufacture was stored in a non-GMP compliant warehouse at S.I.M.S., Italy.","12/04/2014","12/23/2014","10/26/2015","12/31/2014","Lot #: 3A350, Expiry: 01/16; Lot #: 3B351, Expiry: 02/16; Lot #: 3C352, Expiry: 03/16; Lot #: 3C353, Expiry: 03/16; Lot #: 3C354, Expiry: 03/16."
"Drugs","No","","69959","Terminated","Eisai Inc","900 Davis Drive","N/A","Research Triangle Park","NC","	27709","United States","Voluntary: Firm initiated","Letter","Nationwide.","D-0302-2015","Class III","BELVIQ¿ (Lorcaserin HCl) Tablets, 10 mg, 60-count bottle, Rx only, Manufactured by: Arena Pharmaceuticals, GmbH, Zofingen, Switzerland, Distributed by: Elsai Inc., Woodcliff, NJ 07677 NDC 62856-52960.","121,680 bottles","Labeling:Missing Label: Bottles may not have a product label, or have a label with missing or illegible lot number and/or expiry date.","12/05/2014","12/16/2014","05/21/2015","12/24/2014","Lot #13297008, Exp. 11/15;13307008, Exp. 11/15;13367008, Exp.12/15."
"Drugs","No","","69971","Terminated","Hospira Inc.","375 N Field Dr","N/A","Lake Forest","IL","	60045-2513","United States","Voluntary: Firm initiated","Letter","Nationwide","D-0294-2015","Class II","Fentanyl Citrate Injection, USP, 2500 mcg Fentanyl/50 mL, 50 mL Single-dose Flip top Vial (C-II), Rx only,  25 units per box/50 units per case, Hospira Inc., Lake Forest, IL --- NDC 0409-9094-61","62,650 vials","Lack of Assurance of Sterility; improperly crimped fliptop vials","12/03/2014","12/10/2014","10/02/2015","12/17/2014","Lot 41-099-DK, exp 01MAY2016, NDC 0409-9094-61"
"Drugs","No","","69972","Terminated","American Health Packaging","2550 John Glenn Ave","Suite A","Columbus","OH","	43217-1188","United States","Voluntary: Firm initiated","Letter","Nationwide.","D-0300-2015","Class II","Mercaptopurine Tablets, USP, 50 mg, 30 Tablets (3 x 10) unit dose blisters per carton, Rx only, Manufactured by Prometheus Laboratories Inc. 9410 Carroll Park Drive, San Diego, CA 92121, repackaged by American Health Packaging 2550-A John Glenn Avenue, Columbus, OH 43217, NDC 68084-325-21","3496 cartons","Failed USP Dissolution Test Requirements: This sub-recall is in response to Prometheus Laboratories Inc. recall for Mercaptopurine USP 50mg because the lot does not meet the specification for dissolution.","11/19/2014","12/16/2014","06/01/2015","12/24/2014","Lot #: 142450 Exp 05/2015; 140862 Exp 02/2015; 141596 Exp 03/2015; 134770 Exp 01/2015"
"Drugs","No","","69977","Terminated","J. Strickland and Co","10420 Desoto Rd","N/A","Olive Branch","MS","	38654-5301","United States","Voluntary: Firm initiated","Letter","Nationwide and International: Bahamas and Jamaica","D-0318-2015","Class III","sulfur8(R) medicated anti-dandruff conditioner, dandruff treatment for Braids, spray,  Active Ingredient:  Salicylic Acid, 2%, 12 FL OZ (356ml) spray bottle, OTC, Made in the U.S.A. J. Strickland & Co., OLIVE BRANCH, MS  38654 UPC:  0 7561044510 7","1506 (case of 12)","Failed pH specification: Product pH test value of 5.72 failed to meet its product specification of 6.0 to 7.5.","12/09/2014","12/23/2014","04/21/2015","12/31/2014","Lot number: 13TG"
"Drugs","No","","69985","Terminated","Neolpharma, Inc.","99 Calle Jardines","N/A","Caguas","PR","	00725-3382","United States","Voluntary: Firm initiated","Letter","Nationwide","D-0326-2015","Class II","Alprazolam tablets, USP, CIV, 0.25 mg, Rx Only, a) 500 count bottle, b) 1000 count bottle, Distributed by: Greenstone LLC, Peapack, NJ, 07977, a) NDC 59762-3719-3, b) NDC 59762-3719-4.","12,310 bottles","Subpotent Drug","12/17/2014","12/24/2014","04/26/2017","12/31/2014","Lot #: a) C100429, Exp 03/15, b) C120293, Exp 01/17"
"Drugs","No","","69945","Terminated","K C Pharmaceuticals Inc","3201 Producer Way","N/A","Pomona","CA","	91768-3916","United States","Voluntary: Firm initiated","Letter","U.S. Nationwide and Canada (Ontario).","D-0322-2015","Class III","Eye Drops Industrial Strength (Polyethylene glycol 400 1%, Tetrahydrozoline HCl 0.05%), 0.5 FL OZ (15 mL) Bottles, Over the Counter.  Labeled: a) Manufactured for: Petragon, Inc., Edwardsville, KS 66111; b) SWIFT, Distributed by Swift First Aid, Inc., Valencia, Calif. 91355, UPC: 6 69635 24082 5; c) Xpect First aid, Manufactured for Cintas First Aid & Safety, Mason, OH 45040; d) ZEE, Distributed by ZEE MEDICAL, INC., Irvine, CA 92606, UPC: 6 90689 00609 9.","71904 Bottles","CGMP Deviations: Active Pharmaceutical Ingredient (API) used for manufacture was stored in a non-GMP compliant warehouse at S.I.M.S., Italy.","12/04/2014","12/23/2014","10/26/2015","12/31/2014","Lot #: 3A450, Expiry: 01/06."
"Drugs","No","","69999","Terminated","Par Pharmaceutical Inc.","1 RAM Ridge Rd","N/A","Spring Valley","NY","	10977-6714","United States","Voluntary: Firm initiated","Letter","Nationwide","D-0332-2015","Class II","HydrALAZINE Hydrochloride Tablets, USP 25 mg, 100 count bottle Rx only, Distributed by: Par Pharmaceutical Companies, Inc. Spring Valley, NY10977","38,788 bottles","Presence of Foreign Substance: Par Pharmaceutical, Inc. is recalling one lot of HydrALAZINE Hydrochloride tablets due to the presence of small  aluminum particles.","11/24/2014","01/06/2015","05/01/2017","01/14/2015","Lot 26708501, Exp. 01/17"
"Drugs","No","","70001","Terminated","Actavis Elizabeth LLC","200 Elmora Ave","N/A","Elizabeth","NJ","	07202-1106","United States","Voluntary: Firm initiated","Letter","Puerto Rico","D-0336-2015","Class II","Gabapentin Capsules, USP, 400 mg, Rx Only, a) 100 capsules per bottle, NDC 14550-513-02, b) 500 Capsules per bottle, NDC 45963-557-50, Manufactured by: Actavis Pharma Manufacturing Pvt. Ltd., Plot No 101, 102, 107, & 108, SIDCO Pharmaceutical Complex, Alathurt, Kanchipuram Dist-603 110, Tamlinadu, India, Distributed by: Actavis Elizabeth LLC, 700 Elmora Ave, Elizabeth, NJ 07207 USA.","10,857 Bottles","Failed Capsule/Tablet Specifications: Actavis has received several complaint for clumping and breaking of capsules with some bottles showing popped out bottle bottom (round bottom) and creased labels from one distribution center.","12/15/2014","01/08/2015","11/20/2015","01/14/2015","Lot #s: a) G01889A2 Exp 06/2015, b) G01942A1 Exp 08/2015"
"Drugs","No","","70003","Terminated","Right Value Drug Stores, Inc.","122 Grapevine Hwy","N/A","Hurst","TX","	76054-2406","United States","Voluntary: Firm initiated","Telephone","KS, MO, and TX.","D-0335-2015","Class II","Glutathione 200 mg/mL Injectable, packaged in a) 5 mL MDV (multiple dose vials), b) 30 mL MDV (multiple dose vials), and c) 100 mL MDV (multiple dose vials), Rx only, Carie Boyd's Prescription Shop, 122 Grapevine Highway, Hurst, TX 76054, (817) 282-9376.","a) 26 vials, b) 15 vials, c) 16 vials","Incorrect Product Formulation: An incorrect gas was used to remove the oxygen from the vial.","12/12/2014","01/08/2015","11/23/2016","01/14/2015","Lot #: 11142014@5, 10142014@17, 11032014@13, 08262014@6, 09162014@6, 06272014@12, 08052014@5, 07222014@18, 07222014@3,   06262014@11, 06182014@3"
"Drugs","No","","69945","Terminated","K C Pharmaceuticals Inc","3201 Producer Way","N/A","Pomona","CA","	91768-3916","United States","Voluntary: Firm initiated","Letter","U.S. Nationwide and Canada (Ontario).","D-0321-2015","Class III","Eye Drops A.C. (Tetrahydrozoline HCl 0.05%, Zinc sulfate 0.25%), 0.5 FL OZ (15 mL) Bottles, Over the Counter.  Labeled: a) Astringent Redness Reliever, Distributed by Safeway Inc., P.O. Box 99, Pleasanton, CA 94566-0009, UPC: 3 21130 70067 8; b) Best Choice, Distributed By: Valu Merchandisers, Co., 5000 Kansas Ave, Kansas City, KS 66106, UPC: 0 70038 47010 6; c) EQUALINE, Distributed by Supervalu Inc., Eden Prairie, MN, UPC: 0 41163 25114 4; d) GOODSENSE, Manufactured By: KC Pharmaceuticals, Pomona, CA 91768, UPC: 1 80410 00018 7, NDC: 48879-010-07; e) H-E-B, Made for: H-E-B, San Antonio, TX 78204, UPC: 0 41220 86936 7; f) healthy accents, Distributed by: DZA Brands, LLC 2110 Executive Drive, Salisbury, NC 28147, UPC: 7 25439 93382 7; g) HyVee, Distributed By Hy-Vee, Inc., 5820 Westown Parkway, West Des Moines, IA 50266, UPC: 0 75450 29777 5; h) Kroger, Distributed by The Kroger Co., Cincinnati, Ohio 45202, UPC: 0 11110 38599 4; i) life, Imported for/Importe pour: SHOPPERS DRUG MART PHARMAPRIX., Toronto, M2J 4W8, by/par: Arrow OTC Inc., Mississauga, Ontario L5N 2B8, UPC: 0 57800 19617 4; j) LiveBetter, Distributed By Onpoint. Inc., 2 Paragon Drive, Montvale, NJ 07645, UPC: 0 41310 62041 0; k) meijer, Dist. by Meijer Distribution, Inc., 2929 Walker Ave NW, Grand Rapids, MI 49544, UPC: 0 41250 82918 8; l) Publix, Distributed by Publix Super Markets, Inc., 3300 Publix Corporate Parkway, Lakeland, FL 33811, UPC: 0 41415 01176 2; m) QUALITY CHOICE, Distributed by Quality Choice, Novi, MI 48376, UPC: 6 35515 99505 5; n) REDNESS RELIEF ASTRINGENT, Distributed by: CVS Pharmacy, Inc., One CVS Drive, Woonsocket, RI 02895, UPC: 0 50428 79686 3; o)Rexall, Manufactured for: Rexall Brands Corp., Mississauga, Ontario L4Z 1R9, Imported by: Arrow OTC Company, Mississauga, Ontario L5N 2B8, UPC: 7 71058 10159 8; p) Rexall, Fabrique pour: Rexall Brands Corp., Mississauga, Ontario L4Z 1R9, Importe par: Arrow OTC Company, Mississauga, Ontario L5N 2B8, UPC: 7 71058 10159 8; q) select brand, Distributed by: SELECT BRAND DISTRIBUTORS, Pine Bluff, AR 71603, UPC: 0 15127 00363 6; r) Smart sense, Distributed by: Kmart Corporation, Hoffman Estates, IL 60179, UPC: 7 20007 96092 2; s) TopCare, Distributed by Topco Associates LLC, 7711 Gross Point Road, Skokie, IL 60077, UPC: 0 36800 03640 6; t)WESTERN FAMILY, Distributed by Western Family Foods, Inc., P.O. Box 4057 Portland, OR 97208, UPC: 0 15400 04552 0.   ","302,976 Bottles","CGMP Deviations: Active Pharmaceutical Ingredient (API) used for manufacture was stored in a non-GMP compliant warehouse at S.I.M.S., Italy.","12/04/2014","12/23/2014","10/26/2015","12/31/2014","Lot #: 3B251, Expiry: 02/16; Lot #: 3B250, Expiry: 02/16; Lot #: 3B251, Expiry: 02/16; Lot #: 3C252, Expiry: 03/16; Lot #: 3C253, Expiry: 03/16."
"Drugs","No","","69945","Terminated","K C Pharmaceuticals Inc","3201 Producer Way","N/A","Pomona","CA","	91768-3916","United States","Voluntary: Firm initiated","Letter","U.S. Nationwide and Canada (Ontario).","D-0320-2015","Class III","Eye Drops (Tetrahydrozoline HCl 0.05%), 0.5 FL OZ (15 mL) Bottles, Over the Counter. Labeled: a) Best Choice, DISTRIBUTED BY: VALU MERCHANDISERS, CO., 5000 KANSAS AVE, KANSAS CITY, KS 66106, 0 70038 47011 3; b) CVP, Distributed by Salado Sales, Inc., Temple, Texas 76503, UPC: 7 61706 16500 3; c) Equaline, DISTRIBUTED BY SUPERVALU INC. EDEN PRAIRIE, MN 55344, UPC: 0 41163 25110 6; d) exact, Prepared For/Prepare Pour: Loblaws Inc., Montreal H4N 3L4, Tonronto M4T 2S8, Calgary T2E 7S9, CANADA, Imported by/Importe par: Arrow OTC, Mississauga, ON L5N 2B8, UPC: 0 60383 73613 2; e) FAMILY wellness, Distributed by: Family Dollar Services, Inc., 10401 Monroe Rd., Matthews, NC 28105, UPC: 0 32251 00459 9; f) Good Neighbor Pharmacy, Distributed By: AmerisourceBergen 1300 Moris Drive, Chesterbrook, PA 19087, UPC: 0 87701 14975 7, NDC: 24385-075-05; g) GOODSENSE, Manufactured By: KC Pharmaceuticals, Pomona, CA 91768, UPC: 1 80410 00015 6, NDC: 48879-009-07; h) H-E-B, Made with Pride and Care for H-E-B, San Antonio, TX 78204, UPC: 0 41220 94731 7; i) Health Mart PHARMACY, Distributed by McKesson One Post STreet, San Francisco, CA 94104, UPC: 0 52569 13472 6, NDC: 62011-0102-1; j) healthy accents, Distributed by: DZA Brands, LLC, 2110 Executive Drive, Salisbury, NC 28147, UPC: 7 25439 93380 3; k) HyVee, Distributed by HY-VEE, Inc., 5820 Westown Parkway, West Des Moines, IA 50266, UPC: 0 75450 29604 4; l) Kroger, Distributed by The Kroger Co., Cincinnati, Ohio 45202, UPC: 0 11110 38597 0; m) life BRAND, Imported for SHOPPERS DRUG MART PHARMAPRIX, Toronto, M2J 4W8, UPC: 057800-19616-7; n) life BRAND, Importe pour: SHOPPERS DRUG MART PHARMAPRIX, Toronto, M2J 4W8, UPC: 0 57800 19616 7; o) LiveBetter, Distributed By Onpoint, Inc., 2 Paragon Drive, Montvale, NJ 07645, UPC: 0 41310 62042 7; p) meijer, Dist. By Meijer Distribution, Inc., 2929 Walker Ave NW, Grand Rapids, MI 49544, UPC: 0 41250 82916 4; q) Our Family, Distributed By: Nash Finch Company, NFC Brands, 7600 France Ave S, MPLS, MN, 55435, UPC: 0 70253 96684 2; r) Publix, Distributed by Publix Super Markets, Inc., 3300 Publix Corporate Parkway, Lakeland, FL 33811, UPC: 0 41415 01076 5; s) Redness Relief, Distributed by: Safeway Inc., P.O. BOX 99, PLEASANTON, CA 94566-0009, UPC: 3 21130 70060 9; t) Rexall, Manufactured For: Rexall Brads Corp., Mississauga, Ontario, L4Z 1R9., Imported by: Arrow OTC Company, Mississauga, Ontario L5N 2B8, UPC: 7 71058 10160 4; u) Rexall, Fabrique pour: Rexall Brands Corp., Mississauga, Ontario L4Z 1%9, Importe par: Arrow OTC Company, Mississauga, Ontario l5N 2B8, UPC: 7 71058 10160 4; v) select brand, Distributed by: SELECT BRAND DISTRIBUTORS, Pine Bluff, AR 71603, UPC: 0 15127 00066 6; w) Smart sense, Distributed by: Kmart Corgoration, Hoffman Estates, IL 60179, UPC: 7 20007 78036 0; x) sunmark, Cistributed By McKesson, One Post Street, San Francisco, CA 94104, UPC: 0 10939 16733 0, NDC: 49348-037-29; y) SWIFT, Distributed by Swift First Aid, Inc., Valencia, Calif. 91355; UPC: 6 69635 24061 0; z) TopCare, Distributed By Topco Associates LLC, 7711 Gross Point Road, Skokie, IL 60077, UPC: 0 36800 03639 0; aa) Western Family Foods, Distributed by: Western Family Foods, Inc., P.O. Box 4059, Portland, OR 97208, UPC:0 15400 03420 3;bb)  ZEE, Distributed by ZEE MEDICAL, INC., Irvine, CA 92606, UPC: 6 90689 00614 3.","751,440 Bottles","CGMP Deviations: Active Pharmaceutical Ingredient (API) used for manufacture was stored in a non-GMP compliant warehouse at S.I.M.S., Italy.","12/04/2014","12/23/2014","10/26/2015","12/31/2014","Lot #: 3A001, Expiry: 01/16; Lot #: 3A002, Expiry: 01/16; Lot #: 3B004, Expiry: 02/16; Lot #: 3B003, Expiry: 02/16; Lot #: 3C005, Expiry: 03/16; Lot #: 3C006, Expiry: 03/16; Lot #: 3D007, Expiry: 04/16; Lot #: 3D008, Expiry: 04/16."
"Drugs","No","","70013","Terminated","American Specialty Pharmacy","2743 W 15th St","N/A","Plano","TX","	75075-7525","United States","Voluntary: Firm initiated","Telephone","TX","D-0427-2015","Class II","Hydroxocobalamin Injection Solution 1 mg/mL Inj., Rx, compounded by American Specialty Pharmacy, Plano, TX 75075 214-919-2090.  NDC 99999-9994-27","15 vials","Presence of Particulate Matter; preservative may not have dissolved completely or precipitated out of product","12/12/2014","03/26/2015","11/23/2016","04/01/2015","Lot# 10082014@10"
"Drugs","No","","69633","Terminated","Vann Healthcare Services Inc","1220 N Race St","N/A","Glasgow","KY","	42141-3462","United States","Voluntary: Firm initiated","Letter","KY","D-0312-2015","Class II","Tri-mix #4 (Papaverine 30 mg, Phentolamine 1 mg, Prostaglandin-1 10 mcg/mL),  packaged in 10 mL sterile glass vials, Rx, Vann Healthcare Pharmacy, 1220 N Race Street, Glasgow, KY 42141","7 vials","Lack of Assurance of Sterility: A recent FDA inspection of Vann Healthcare Services facility revealed deficiencies that raise concerns about the pharmacy's ability to consistently assure sterility of their products.","10/14/2014","12/19/2014","07/01/2015","12/31/2014","Lot #s:  04302014@1;  5 mL vial  05072014@4; 10 mL vial  05212014@2; 10 mL vial  06192014@2; 10 mL vial  08072014@4; 5 mL vial  10022014@4; 10 mL split into 2 - 5 mL vials for two different patients"
"Drugs","No","","70041","Terminated","Akorn, Inc.","1925 W. Field Court, Suite 300","N/A","Lake Forest","IL","	60045","United States","Voluntary: Firm initiated","Letter","Nationwide","D-0333-2015","Class III","Triamcinolone Acetonide Lotion USP, 0.025% is supplied in the following size: 60 mL (NDC 61748-219-60).","3,937 bottles","Failed Impurities/Degradation Specifications: The known impurity went out of specification at 12 months stability point.","12/09/2014","01/06/2015","01/26/2017","01/14/2015","Lots 1413900, 1417200, 1417300, Exp. 02/15"
"Drugs","No","","70057","Terminated","Baxter Healthcare Corp.","1 Baxter Pkwy","N/A","Deerfield","IL","	60015-4625","United States","Voluntary: Firm initiated","Letter","Nationwide, United Arab Emirates, and Columbia","D-0380-2015","Class II","Fluconazole Injection, USP, 200 mg/100 mL (2 mg/mL), 100 mL Single-Dose INTRAVIA Container bag, packaged in 10 x 100 mL Single Dose INTRAVIA container bags per carton, Rx only, Baxter Healthcare Corporation, Deerfield, IL  60015 USA, NDC 0338-6046-48, Product Code 2J1446.","31,130 bags","Lack of Assurance of Sterility: Complaints of leaks due to an incomplete seal at the bag seam.","12/23/2014","01/26/2015","04/21/2016","02/04/2015","Lot #: P318394; Exp 05/31/16"
"Drugs","No","","70085","Terminated","Jaymac Pharmaceuticals L.L.C.","2085 I49 South Service Road","N/A","Sunset","LA","	70584","United States","Voluntary: Firm initiated","E-Mail","U.S. including: LA, AR, TX, MS","D-0327-2015","Class II","J-TAN D PD Drops (bromphenirame maleate 1 mg and pseudoephedrine hcl 7.5 mg/ teaspoon), 1 fl oz (30 mL) Bottle, Over the Counter. Manufactured for JayMac Pharmaceuticals, LLC, Sunset, LA; Manufactured by Sonar Products Inc., Carlstadt, NJ, NDC: 64661-032-30.","5572 Bottles","Labeling: Not Elsewhere Classified: Product is labeled ""Dye Free"" on front panel but contains Red Dye 40.","12/16/2014","12/29/2014","06/01/2015","01/07/2015","Lot #: 7770, Expiry: 02/16"
"Drugs","No","","70084","Terminated","Tropichem Research Labs, Inc.","15843 Guild Ct","N/A","Jupiter","FL","	33478-6436","United States","Voluntary: Firm initiated","Two or more of the following: Email, Fax, Letter, Press Release, Telephone, Visit","NY and IN.","D-0328-2015","Class II","Entertainer's Secret Throat Relief, 2.0 FL oz (59.2 mL), Honey  Apple Flavor, KLI Corp, Carmel, IN","24,348 / 2 oz. bottles","Microbial Contamination of Non Sterile Product; microbial assay reported unacceptable high plate counts and positive for E. Coli","12/17/2014","12/29/2014","05/04/2017","01/07/2015","Lot No. 141010, Best By Date: 10/2016;   UPC Code: 728409847025"
"Drugs","No","","70096","Terminated","Bethel Nutritional Consulting, Inc","599 W 190th St Ste 1","N/A","New York","NY","	10040-3577","United States","Voluntary: Firm initiated","Press Release","Nationwide","D-0424-2015","Class II","B-Lipo, 30 Capsules, Manufactured by KM DALI, Kunming, China for Bethel Nutritional Consulting, Inc.599 West 190th Street, Suite #1 NYC, NY 10040.   ","UNKNOWN","Marketed without an Approved NDA/ANDA; found to contain Lorcaserin, a controlled substance used for weight loss","12/19/2014","03/24/2015","06/04/2018","04/01/2015","Lot #: 20213, Exp 12/22/2016."
"Drugs","No","","70101","Terminated","Zydus Pharmaceuticals USA Inc","73 Route 31 N","N/A","Pennington","NJ","	08534-3601","United States","Voluntary: Firm initiated","Letter","Nationwide","D-0325-2015","Class II","Benzonatate Capsules, USP, 100 mg,  Rx only, Manufactured by: Cadila Healthcare Ltd, Ahmedabad, India; Distributed by: Zydus Pharmaceuticals USA, In, Pennington, NJ USA 08534;  100-bottle capsules  - NDC 68382-247-01  500-bottle capsules - NDC 68382-247-05","19,536 units","Failed Tablet/Capsule Specifications: Recall due to wet and/or leaking capsules.","12/23/2014","12/23/2014","09/22/2017","12/31/2014","Lot #: MP2625, MP2626, MP2627 Exp 2/16; MP4875, MP4876, MP4877, MP4878  Exp 4/16; MP6482, MP6483, MP6484, MP6493, MP6494  Exp 6/16"
"Drugs","No","","70118","Terminated","Walgreens Infusion Services","9030 Kirby Dr","N/A","Houston","TX","	77054-2504","United States","Voluntary: Firm initiated","Letter","Texas, Florida, Virginia, Georgia, Louisiana, Mississippi","D-0340-2015","Class II","Liposomal Amphotericin B 130 mg in dextrose bags","N/A","Lack of sterility assurance.","12/26/2014","01/16/2015","07/24/2015","01/28/2015","All products within expiry."
"Drugs","No","","70123","Terminated","Valeant Pharmaceuticals North America LLC","400 Somerset Corporate Blvd","N/A","Bridgewater","NJ","	08807","United States","Voluntary: Firm initiated","Press Release","Nationwide and Australia","D-0379-2015","Class II","Virazole (Ribavirin for Inhalation Solution, USP), Sterile Lyophilized For Administration by Aerosol Inhalation Only, Rx only, Contents: Four  6 g vials, 100 mL, Distributed by: Valeant Pharmaceuticals North America, Bridgewater, NJ 08807 USA, NDC 0187-0007-14.","2,428 vials","Non-Sterility: Valeant's laboratory observed a positive microbial contamination of Virazole lot 340353F, during testing at the 12 month stability pull.","12/31/2014","01/22/2015","10/04/2017","01/28/2015","Lot #: 340353F, Exp 10/2018"
"Drugs","No","","70167","Terminated","SCA Pharmaceuticals","8821 Knoedl Ct","N/A","Little Rock","AR","	72205-4600","United States","Voluntary: Firm initiated","Telephone","Louisiana","D-0339-2015","Class II","Glycopyrrolate injection, 0.2 mg per mL (1 mg/5 mL), 5 mL Fill in 10 mL Syringe, Rx Only, SCA Pharmaceuticals, 8821 Knoedl Ct, Little Rock, AR  72205, 877-550-5059","972 syringes","Labeling: Incorrect or missing Lot and/or Exp Date: Printing error caused an overlap in the ""y"" and ""3"" making the actual ""Use By 3/2015"" date appear to read ""Use By8/2015"".","01/02/2015","01/14/2015","04/22/2015","01/21/2015","Lot #: 20141218@41, Use by 3/18/2015; 20141226@24, Use by 3/26/2015"
"Drugs","No","","70168","Terminated","Qualitest Pharmaceuticals","120 Vintage Dr NE","N/A","Huntsville","AL","	35811-8216","United States","Voluntary: Firm initiated","Letter","Nationwide","D-0331-2015","Class III","ACETAMINOPHEN and CODEINE PHOSPHATE ORAL SOLUTION USP, 120 mg/12 mg per 5 mL, packaged in a) 4 oz. (120 mL) bottles, NDC 0603-9013-54, UPC 3 0603-9013-54 8 and b) ONE PINT (473 mL) bottles, NDC 0603-9013-58, UPC 3 0603-9013-58 6, Rx only, Manufactured for: QUALITEST PHARMACEUTICALS, HUNTSVILLE, AL  35811","a) 3936 bottles; b) 84420 bottles","Failed Impurities/Degradation Specifications: High out of specification results for the known impurity p-Aminophenol.","12/22/2014","01/06/2015","02/01/2016","01/14/2015","Lot #: a) L140H13B, Exp. 03/15; L001D14A. Exp. 08/15; b) L140H13A, Exp. 03/15; L205K13A, Exp. 05/15; L019L13A, L020L13A, Exp. 06/15; L001D14B, 08/15; L091D14A, Exp. 10/15"
"Drugs","No","","70174","Terminated","Hospira Inc.","375 N Field Dr","N/A","Lake Forest","IL","	60045-2513","United States","Voluntary: Firm initiated","Letter","Nationwide","D-0334-2015","Class II","0.9% Sodium Chloride Injection, USP, 100mL, VisIV Container, Rx only, Hospira Inc., Lake Forest, IL  60045, NDC 0409-7984-11","30840 bags","Lack of Assurance of Sterility: The product has the potential for solution to leak at the administrative port.","12/22/2014","01/07/2015","07/02/2015","01/14/2015","Lot #: 42-306-C6"
"Drugs","No","","70179","Terminated","Hospira Inc.","375 N Field Dr","N/A","Lake Forest","IL","	60045-2513","United States","Voluntary: Firm initiated","Letter","Nationwide","D-0381-2015","Class II","Propofol Injectable Emulsion, 1%, 200 mg/20 mL, (10mg/mL), 20 mL, Single patient infusion vial, Contains Benzyl Alcohol, For I.V. Administration, Hospira, Inc., Lake Forest, IL 60045, NDC 0409-4699-30","126,075 vials","Presence of Particulate Matter: The firm received a complaint of an embedded particulate in the neck of one vial composed primarily of iron.","12/23/2014","01/27/2015","07/30/2015","02/04/2015","Lot 35-844-DJ, Exp 11/01/2015"
"Drugs","No","","70183","Terminated","Taro Pharmaceuticals U.S.A., Inc.","3 Skyline Dr","N/A","Hawthorne","NY","	10532-2174","United States","Voluntary: Firm initiated","Letter","Nationwide","D-0383-2015","Class II","Children's Loratadine Syrup (Loratadine Oral Solution) 5 mg/5 mL, Antihistamine, Grape Flavored Syrup, 24 Hour Non-Drowsy Allergy Relief Sugar Free, 4 FL OZ (120 mL) Bottles, Distributed by: Taro Pharmaceuticals U.S.A., Inc. Hawthorne, NY 10532. NDC: 51672-2092-8.","36,684 Bottles","Presence of Foreign Substance: Presence of blue plastic floating in loratadine syrup.","12/30/2014","02/05/2015","06/04/2018","02/11/2015","Lot #: A4105, Exp 12/2016"
"Drugs","No","","70001","Terminated","Actavis Elizabeth LLC","200 Elmora Ave","N/A","Elizabeth","NJ","	07202-1106","United States","Voluntary: Firm initiated","Letter","Puerto Rico","D-0337-2015","Class II","Gabapentin Capsules, USP, 300 mg, Rx Only, 100 capsules per bottle, Manufactured by: Actavis Pharma Manufacturing Pvt. Ltd., Plot No 101, 102, 107, & 108, SIDCO Pharmaceutical Complex, Alathurt, Kanchipuram Dist-603 110, Tamlinadu, India, Distributed by: Actavis Elizabeth LLC, 700 Elmora Ave, Elizabeth, NJ 07207 USA, NDC 45963-556-11","24,240 Bottles","Failed Capsule/Tablet Specifications: Actavis has received several complaint for clumping and breaking of capsules with some bottles showing popped out bottle bottom (round bottom) and creased labels from one distribution center.","12/15/2014","01/08/2015","11/20/2015","01/14/2015","Lot #s: G01960A1, Exp 09/2015, G01967A1, Exp 10/2015"
"Drugs","No","","70001","Terminated","Actavis Elizabeth LLC","200 Elmora Ave","N/A","Elizabeth","NJ","	07202-1106","United States","Voluntary: Firm initiated","Letter","Puerto Rico","D-0338-2015","Class II","Gabapentin Capsules, USP, 100 mg, Rx Only, a) 100 capsules per bottle, NDC 45963-555-11, b) 500 Capsules per bottle, NDC 45963-555-50, Manufactured by: Actavis Pharma Manufacturing Pvt. Ltd., Plot No 101, 102, 107, & 108, SIDCO Pharmaceutical Complex, Alathurt, Kanchipuram Dist-603 110, Tamlinadu, India, Distributed by: Actavis Elizabeth LLC, 700 Elmora Ave, Elizabeth, NJ 07207 USA.","29,622 Bottles","Failed Capsule/Tablet Specifications: Actavis has received several complaint for clumping and breaking of capsules with some bottles showing popped out bottle bottom (round bottom) and creased labels from one distribution center.","12/15/2014","01/08/2015","11/20/2015","01/14/2015","Lot #s: a) G01966A1, Exp 10/2015, b) G02004A1, Exp 03/2016"
"Drugs","No","","70118","Terminated","Walgreens Infusion Services","9030 Kirby Dr","N/A","Houston","TX","	77054-2504","United States","Voluntary: Firm initiated","Letter","Texas, Florida, Virginia, Georgia, Louisiana, Mississippi","D-0341-2015","Class II","Amikacin various strength in normal saline bags","N/A","Lack of sterility assurance.","12/26/2014","01/16/2015","07/24/2015","01/28/2015","All products within expiry."
"Drugs","No","","70118","Terminated","Walgreens Infusion Services","9030 Kirby Dr","N/A","Houston","TX","	77054-2504","United States","Voluntary: Firm initiated","Letter","Texas, Florida, Virginia, Georgia, Louisiana, Mississippi","D-0342-2015","Class II","Aztreonam 1 gram in normal saline","N/A","Lack of sterility assurance.","12/26/2014","01/16/2015","07/24/2015","01/28/2015","All products within expiry."
"Drugs","No","","70118","Terminated","Walgreens Infusion Services","9030 Kirby Dr","N/A","Houston","TX","	77054-2504","United States","Voluntary: Firm initiated","Letter","Texas, Florida, Virginia, Georgia, Louisiana, Mississippi","D-0343-2015","Class II","Cefepime various strengths in normal saline","N/A","Lack of sterility assurance.","12/26/2014","01/16/2015","07/24/2015","01/28/2015","All products within expiry."
"Drugs","No","","70118","Terminated","Walgreens Infusion Services","9030 Kirby Dr","N/A","Houston","TX","	77054-2504","United States","Voluntary: Firm initiated","Letter","Texas, Florida, Virginia, Georgia, Louisiana, Mississippi","D-0344-2015","Class II","Cefoxitin various strength in normal saline bags","N/A","Lack of sterility assurance.","12/26/2014","01/16/2015","07/24/2015","01/28/2015","All products within expiry."
"Drugs","No","","70118","Terminated","Walgreens Infusion Services","9030 Kirby Dr","N/A","Houston","TX","	77054-2504","United States","Voluntary: Firm initiated","Letter","Texas, Florida, Virginia, Georgia, Louisiana, Mississippi","D-0345-2015","Class II","Ceftazidime various strength in normal saline bags","N/A","Lack of sterility assurance.","12/26/2014","01/16/2015","07/24/2015","01/28/2015","All products within expiry."
"Drugs","No","","70118","Terminated","Walgreens Infusion Services","9030 Kirby Dr","N/A","Houston","TX","	77054-2504","United States","Voluntary: Firm initiated","Letter","Texas, Florida, Virginia, Georgia, Louisiana, Mississippi","D-0346-2015","Class II","Imipenem/ cilastatin various strength in normal saline bags","N/A","Lack of sterility assurance.","12/26/2014","01/16/2015","07/24/2015","01/28/2015","All products within expiry."
"Drugs","No","","70118","Terminated","Walgreens Infusion Services","9030 Kirby Dr","N/A","Houston","TX","	77054-2504","United States","Voluntary: Firm initiated","Letter","Texas, Florida, Virginia, Georgia, Louisiana, Mississippi","D-0347-2015","Class II","Ertapenem various strength in normal saline bags","N/A","Lack of sterility assurance.","12/26/2014","01/16/2015","07/24/2015","01/28/2015","All products within expiry."
"Drugs","No","","70118","Terminated","Walgreens Infusion Services","9030 Kirby Dr","N/A","Houston","TX","	77054-2504","United States","Voluntary: Firm initiated","Letter","Texas, Florida, Virginia, Georgia, Louisiana, Mississippi","D-0348-2015","Class II","Piperacillin/ tazobactam various strength in normal saline bags","N/A","Lack of sterility assurance.","12/26/2014","01/16/2015","07/24/2015","01/28/2015","All products within expiry."
"Drugs","No","","70118","Terminated","Walgreens Infusion Services","9030 Kirby Dr","N/A","Houston","TX","	77054-2504","United States","Voluntary: Firm initiated","Letter","Texas, Florida, Virginia, Georgia, Louisiana, Mississippi","D-0349-2015","Class II","Vancomycin various strengths in normal saline bags","N/A","Lack of sterility assurance.","12/26/2014","01/16/2015","07/24/2015","01/28/2015","All products within expiry."
"Drugs","No","","70118","Terminated","Walgreens Infusion Services","9030 Kirby Dr","N/A","Houston","TX","	77054-2504","United States","Voluntary: Firm initiated","Letter","Texas, Florida, Virginia, Georgia, Louisiana, Mississippi","D-0350-2015","Class II","Cefuroxime various strengths in normal saline bags","N/A","Lack of sterility assurance.","12/26/2014","01/16/2015","07/24/2015","01/28/2015","All products within expiry."
"Drugs","No","","70118","Terminated","Walgreens Infusion Services","9030 Kirby Dr","N/A","Houston","TX","	77054-2504","United States","Voluntary: Firm initiated","Letter","Texas, Florida, Virginia, Georgia, Louisiana, Mississippi","D-0351-2015","Class II","Meropenem various strengths in normal saline bags","N/A","Lack of sterility assurance.","12/26/2014","01/16/2015","07/24/2015","01/28/2015","All products within expiry."
"Drugs","No","","70118","Terminated","Walgreens Infusion Services","9030 Kirby Dr","N/A","Houston","TX","	77054-2504","United States","Voluntary: Firm initiated","Letter","Texas, Florida, Virginia, Georgia, Louisiana, Mississippi","D-0352-2015","Class II","Nafcillin various strengths in sterile water for injection bags","N/A","Lack of sterility assurance.","12/26/2014","01/16/2015","07/24/2015","01/28/2015","All products within expiry."
"Drugs","No","","70118","Terminated","Walgreens Infusion Services","9030 Kirby Dr","N/A","Houston","TX","	77054-2504","United States","Voluntary: Firm initiated","Letter","Texas, Florida, Virginia, Georgia, Louisiana, Mississippi","D-0353-2015","Class II","Cefazolin various strengths in normal saline bags","N/A","Lack of sterility assurance.","12/26/2014","01/16/2015","07/24/2015","01/28/2015","All products within expiry."
"Drugs","No","","70118","Terminated","Walgreens Infusion Services","9030 Kirby Dr","N/A","Houston","TX","	77054-2504","United States","Voluntary: Firm initiated","Letter","Texas, Florida, Virginia, Georgia, Louisiana, Mississippi","D-0354-2015","Class II","Tobramycin various strengths in normal saline bags","N/A","Lack of sterility assurance.","12/26/2014","01/16/2015","07/24/2015","01/28/2015","All products within expiry."
"Drugs","No","","70118","Terminated","Walgreens Infusion Services","9030 Kirby Dr","N/A","Houston","TX","	77054-2504","United States","Voluntary: Firm initiated","Letter","Texas, Florida, Virginia, Georgia, Louisiana, Mississippi","D-0355-2015","Class II","Gentamicin various strength in normal saline bags","N/A","Lack of sterility assurance.","12/26/2014","01/16/2015","07/24/2015","01/28/2015","All products within expiry."
"Drugs","No","","70118","Terminated","Walgreens Infusion Services","9030 Kirby Dr","N/A","Houston","TX","	77054-2504","United States","Voluntary: Firm initiated","Letter","Texas, Florida, Virginia, Georgia, Louisiana, Mississippi","D-0356-2015","Class II","Daptomycin various strengths in normal saline bags","N/A","Lack of sterility assurance.","12/26/2014","01/16/2015","07/24/2015","01/28/2015","All products within expiry."
"Drugs","No","","70118","Terminated","Walgreens Infusion Services","9030 Kirby Dr","N/A","Houston","TX","	77054-2504","United States","Voluntary: Firm initiated","Letter","Texas, Florida, Virginia, Georgia, Louisiana, Mississippi","D-0357-2015","Class II","Ceftriaxone various strengths in normal saline","N/A","Lack of sterility assurance.","12/26/2014","01/16/2015","07/24/2015","01/28/2015","All products within expiry."
"Drugs","No","","70261","Terminated","3M Company/3m Espe Dental Products","Bldg 0260-02a-11","N/A","Saint Paul","MN","	55144-0001","United States","Voluntary: Firm initiated","E-Mail","Nationwide.","D-0376-2015","Class III","3M ESPE Clinpro 5000 (1.1% Sodium Flouride), Anti-Cavity Toothpaste, 4 oz tube (NDC 48878-3130-04), Rx Only,  Manufactured for 3M ESPE Dental Products, St. Paul, MN 55144    ","19,728 tubes","Labeling: Incorrect or Missing Lot and/or Exp. Date - The subject lot is missing the lot number and expiration date stamp on the primary box..","12/19/2014","01/20/2015","04/14/2015","01/28/2015","Product Code: 12115SM, Lot # 30131"
"Drugs","No","","70118","Terminated","Walgreens Infusion Services","9030 Kirby Dr","N/A","Houston","TX","	77054-2504","United States","Voluntary: Firm initiated","Letter","Texas, Florida, Virginia, Georgia, Louisiana, Mississippi","D-0358-2015","Class II","Levofloxacin various strengths in normal saline","N/A","Lack of sterility assurance.","12/26/2014","01/16/2015","07/24/2015","01/28/2015","All products within expiry."
"Drugs","No","","70118","Terminated","Walgreens Infusion Services","9030 Kirby Dr","N/A","Houston","TX","	77054-2504","United States","Voluntary: Firm initiated","Letter","Texas, Florida, Virginia, Georgia, Louisiana, Mississippi","D-0359-2015","Class II","Linezolid various strengths in dextrose","N/A","Lack of sterility assurance.","12/26/2014","01/16/2015","07/24/2015","01/28/2015","All products within expiry."
"Drugs","No","","70118","Terminated","Walgreens Infusion Services","9030 Kirby Dr","N/A","Houston","TX","	77054-2504","United States","Voluntary: Firm initiated","Letter","Texas, Florida, Virginia, Georgia, Louisiana, Mississippi","D-0360-2015","Class II","Tigecycline various strengths in normal saline","N/A","Lack of sterility assurance.","12/26/2014","01/16/2015","07/24/2015","01/28/2015","All products within expiry."
"Drugs","No","","70118","Terminated","Walgreens Infusion Services","9030 Kirby Dr","N/A","Houston","TX","	77054-2504","United States","Voluntary: Firm initiated","Letter","Texas, Florida, Virginia, Georgia, Louisiana, Mississippi","D-0361-2015","Class II","Acyclovir various strengths in normal saline","N/A","Lack of sterility assurance.","12/26/2014","01/16/2015","07/24/2015","01/28/2015","All products within expiry."
"Drugs","No","","70118","Terminated","Walgreens Infusion Services","9030 Kirby Dr","N/A","Houston","TX","	77054-2504","United States","Voluntary: Firm initiated","Letter","Texas, Florida, Virginia, Georgia, Louisiana, Mississippi","D-0362-2015","Class II","Milrinone various strengths in dextrose","N/A","Lack of sterility assurance.","12/26/2014","01/16/2015","07/24/2015","01/28/2015","All products within expiry."
"Drugs","No","","70118","Terminated","Walgreens Infusion Services","9030 Kirby Dr","N/A","Houston","TX","	77054-2504","United States","Voluntary: Firm initiated","Letter","Texas, Florida, Virginia, Georgia, Louisiana, Mississippi","D-0363-2015","Class II","Caspofungin various strengths in normal saline","N/A","Lack of sterility assurance.","12/26/2014","01/16/2015","07/24/2015","01/28/2015","All products within expiry."
"Drugs","No","","70118","Terminated","Walgreens Infusion Services","9030 Kirby Dr","N/A","Houston","TX","	77054-2504","United States","Voluntary: Firm initiated","Letter","Texas, Florida, Virginia, Georgia, Louisiana, Mississippi","D-0364-2015","Class II","Dobutamine various strengths in dextrose","N/A","Lack of sterility assurance.","12/26/2014","01/16/2015","07/24/2015","01/28/2015","All products within expiry."
"Drugs","No","","70118","Terminated","Walgreens Infusion Services","9030 Kirby Dr","N/A","Houston","TX","	77054-2504","United States","Voluntary: Firm initiated","Letter","Texas, Florida, Virginia, Georgia, Louisiana, Mississippi","D-0365-2015","Class II","Dopamine various strengths in dextrose","N/A","Lack of sterility assurance.","12/26/2014","01/16/2015","07/24/2015","01/28/2015","All products within expiry."
"Drugs","No","","70118","Terminated","Walgreens Infusion Services","9030 Kirby Dr","N/A","Houston","TX","	77054-2504","United States","Voluntary: Firm initiated","Letter","Texas, Florida, Virginia, Georgia, Louisiana, Mississippi","D-0366-2015","Class II","Folic acid 1 mg/ 0.2 ml pre-drawn syringes","N/A","Lack of sterility assurance.","12/26/2014","01/16/2015","07/24/2015","01/28/2015","All products within expiry."
"Drugs","No","","70118","Terminated","Walgreens Infusion Services","9030 Kirby Dr","N/A","Houston","TX","	77054-2504","United States","Voluntary: Firm initiated","Letter","Texas, Florida, Virginia, Georgia, Louisiana, Mississippi","D-0367-2015","Class II","Thiamine 100 mg/ ml vials","N/A","Lack of sterility assurance.","12/26/2014","01/16/2015","07/24/2015","01/28/2015","All products within expiry."
"Drugs","No","","70118","Terminated","Walgreens Infusion Services","9030 Kirby Dr","N/A","Houston","TX","	77054-2504","United States","Voluntary: Firm initiated","Letter","Texas, Florida, Virginia, Georgia, Louisiana, Mississippi","D-0368-2015","Class II","Ranitidine various strengths in syringes","N/A","Lack of sterility assurance.","12/26/2014","01/16/2015","07/24/2015","01/28/2015","All products within expiry."
"Drugs","No","","70118","Terminated","Walgreens Infusion Services","9030 Kirby Dr","N/A","Houston","TX","	77054-2504","United States","Voluntary: Firm initiated","Letter","Texas, Florida, Virginia, Georgia, Louisiana, Mississippi","D-0369-2015","Class II","Magnesium sulfate various strengths in sodium chloride","N/A","Lack of sterility assurance.","12/26/2014","01/16/2015","07/24/2015","01/28/2015","All products within expiry."
"Drugs","No","","70118","Terminated","Walgreens Infusion Services","9030 Kirby Dr","N/A","Houston","TX","	77054-2504","United States","Voluntary: Firm initiated","Letter","Texas, Florida, Virginia, Georgia, Louisiana, Mississippi","D-0370-2015","Class III","Deferoxamine various strengths in  normal saline","N/A","Lack of sterility assurance.","12/26/2014","01/16/2015","07/24/2015","01/28/2015","All products within expiry."
"Drugs","No","","70118","Terminated","Walgreens Infusion Services","9030 Kirby Dr","N/A","Houston","TX","	77054-2504","United States","Voluntary: Firm initiated","Letter","Texas, Florida, Virginia, Georgia, Louisiana, Mississippi","D-0371-2015","Class II","Dehydrated alcohol vials","N/A","Lack of sterility assurance.","12/26/2014","01/16/2015","07/24/2015","01/28/2015","All products within expiry."
"Drugs","No","","70118","Terminated","Walgreens Infusion Services","9030 Kirby Dr","N/A","Houston","TX","	77054-2504","United States","Voluntary: Firm initiated","Letter","Texas, Florida, Virginia, Georgia, Louisiana, Mississippi","D-0372-2015","Class II","Diphenhydramine 50 mg/ml vials","N/A","Lack of sterility assurance.","12/26/2014","01/16/2015","07/24/2015","01/28/2015","All products within expiry."
"Drugs","No","","70118","Terminated","Walgreens Infusion Services","9030 Kirby Dr","N/A","Houston","TX","	77054-2504","United States","Voluntary: Firm initiated","Letter","Texas, Florida, Virginia, Georgia, Louisiana, Mississippi","D-0373-2015","Class II","Immune globulin g human various strengths","N/A","Lack of sterility assurance.","12/26/2014","01/16/2015","07/24/2015","01/28/2015","All products within expiry."
"Drugs","No","","70118","Terminated","Walgreens Infusion Services","9030 Kirby Dr","N/A","Houston","TX","	77054-2504","United States","Voluntary: Firm initiated","Letter","Texas, Florida, Virginia, Georgia, Louisiana, Mississippi","D-0374-2015","Class II","L-cysteine various strengths","N/A","Lack of sterility assurance.","12/26/2014","01/16/2015","07/24/2015","01/28/2015","All products within expiry."
"Drugs","No","","70118","Terminated","Walgreens Infusion Services","9030 Kirby Dr","N/A","Houston","TX","	77054-2504","United States","Voluntary: Firm initiated","Letter","Texas, Florida, Virginia, Georgia, Louisiana, Mississippi","D-0375-2015","Class II","Total parenteral nutrition various strengths","N/A","Lack of sterility assurance.","12/26/2014","01/16/2015","07/24/2015","01/28/2015","All products within expiry."
"Drugs","No","","70339","Terminated","Sun Pharma Global Fze","Office # 43 Block Y Saif Zone","N/A","Sharm","N/A","	N/A","United Arab Emirates","Voluntary: Firm initiated","Two or more of the following: Email, Fax, Letter, Press Release, Telephone, Visit","Nationwide.","D-0386-2015","Class II","Levetiracetam, extended release tablets, 750 mg, 60-count bottle, Rx only, Manufactured by Sun Pharmaceutical Ind. Ltd Halol-Baroda Highway, Halol-389 350, Gujarat, India,   NDC Number: 47335-576-86  ","3263 bottles","Failed Dissolution Specifications: 6 month time point.","01/21/2015","02/12/2015","10/23/2015","02/18/2015","Lot #: JKN0249A Exp 02/2016"
"Drugs","No","","70375","Terminated","Mylan Institutional LLC","4901 Hiawatha Dr","N/A","Rockford","IL","	61103-1287","United States","Voluntary: Firm initiated","Letter","Nationwide","D-0413-2015","Class III","Nicardipine Hydrochloride Injection, 25 mg/10 ml (2.5 mg/mL),10 mL single dose vial, Rx only, Manufactured in India for: Mylan Institutional LLC, Rockford, IL 61103, NDC 67457-224-10","78,090 vials","Subpotent Drug and Failed Impurities/Degradation Specifications","01/23/2015","03/16/2015","04/11/2016","03/25/2015","Lot #: UW301, UW302, Exp 02/15; UW303, UW304, UW305, UW306, Exp 04/15"
"Drugs","No","","70382","Terminated","Sun Pharma Global Fze","Office # 43 Block Y Saif Zone","N/A","Sharm","N/A","	N/A","United Arab Emirates","Voluntary: Firm initiated","Two or more of the following: Email, Fax, Letter, Press Release, Telephone, Visit","Nationwide and Puerto Rico","D-0394-2015","Class II","Ketorolac Tromethamine Ophthalmic Solution, 0.5%, 3 mL bottle, Rx only, Distributed by: Caraco Pharmaceutical Laboratories Ltd., 1150 Elijah Mccoy Drive, Detroit, MI  48202; Manufactured at: Sun Pharmaceutical Ind. Ltd., Halol-Baroda Highway, Halol-389 350, Gujarat, India; NDC 41616-219-90, UPC 3 41616 21990 6.","5322 bottles","Presence of Particulate Matter: lot is not meeting the specification limit for number of particles present in the solution.","01/21/2015","02/20/2015","10/23/2015","03/04/2015","Lot #: JKM5035A, Exp 07/15"
"Drugs","No","","70390","Terminated","Akorn, Inc.","1925 W. Field Court, Suite 300","N/A","Lake Forest","IL","	60045","United States","Voluntary: Firm initiated","Letter","Nationwide","D-0385-2015","Class II","Erythromycin Pledgets USP, 2%, 60-count jar,Rx only, Manufactured by Ei LLC, Kannapolis, NC 28083, Marketed by VersaPharm Incorporated, Marietta, GA 30062, NDC 61748-202-60    .","23,449 jars","Microbial Contamination of Non-Sterile Products: Active Pharmaceutical Ingredient (API) failed USP microbial tests.","01/28/2015","02/10/2015","11/30/2017","02/18/2015","Lot # 1446800; Exp. 03/15  Lot # 1538100; Exp. 05/15  Lot # 1538101; Exp. 05/15  Lot # 1538200; Exp. 06/15  Lot # 1608200; Exp. 08/15"
"Drugs","No","","70439","Terminated","Par Pharmaceutical Inc.","1 RAM Ridge Rd","N/A","Spring Valley","NY","	10977-6714","United States","Voluntary: Firm initiated","Letter","Nationwide","D-0393-2015","Class II","Mafenide Acetate, USP, For 5% Topical Solution, STERILE, Net Wt. 50 grams sterile powder per packet, Rx only, PAR Pharmaceuticals label --- Distributed by: Par Pharmaceutical Companies, Inc. Spring Valley, NY 10977  Made in India -- NDC 49884-902-52 (packets of 50 g) and NDC 49884-902-78 (cartons of five 50 g packets)","2856 cartons (each containing 5 packets)","Presence of Foreign Substance; oxidized steel, organic material and shredded polypropylene","02/12/2015","02/20/2015","05/02/2017","03/04/2015","Lots M13012 (exp. date MAR 2015), M13014 (exp. date MAR 2015), M14036 (exp. date FEB 2016), and M14077 (exp. date JUL 2016)"
"Drugs","No","","70465","Terminated","AnazaoHealth Corporation","7465 W Sunset Rd Ste 1200","N/A","Las Vegas","NV","	89113-1944","United States","Voluntary: Firm initiated","Two or more of the following: Email, Fax, Letter, Press Release, Telephone, Visit","Nationwide","D0384-2015","Class II","Compounded Plaquex, intravenous injection, 50 ML vial.   Each ml contains: Phosphatidyl Choline 50 mg, Sodium Deoxycholate 25 mg, Benzyl Alcohol 0.9%, Ethanol (95%) 2.4 mg di Alpha Tocopheryl Acetate 0.2 mg in Sterile Water for injection.  ","51 vials","Good Manufacturing Practices Deviations: The product has an active pharmaceutical ingredient from an unapproved source.","01/26/2015","02/09/2015","02/09/2015","02/18/2015","Lot #:  112614-1MC-82186 Exp 5/26/2015; 112614-1MC-82187 Exp 5/26/2015; 112614-1MC-82188 Exp 05/26/205 ;112614-1MC-82189 Exp 5/26/2015"
"Drugs","No","","70503","Terminated","Qualitest Pharmaceuticals","120 Vintage Dr NE","N/A","Huntsville","AL","	35811-8216","United States","Voluntary: Firm initiated","Letter","Nationwide","D-0397-2015","Class II","AMLODIPINE BESYLATE TABLETS USP, 10 mg*, 1000 count bottles (NDC 0603-2110-32), Rx only, Manufactured for:  QUALITEST PHARMACEUTICALS, HUNTSVILLE, AL 35811","2808 bottles","Failed tablet specifications: One lot was found to contain oversized tablets.","02/13/2015","03/03/2015","01/27/2016","03/11/2015","Lot T018H14A, Exp 08/16"
"Drugs","No","","70522","Terminated","Actavis Elizabeth LLC","200 Elmora Ave","N/A","Elizabeth","NJ","	07202-1106","United States","Voluntary: Firm initiated","Letter","Nationwide","D-0395-2015","Class II","Dextroamphetamine Sulfate Extended-Release Capsules, 15 mg, 90-count bottles, Rx Only,  Manufactured by: Actavis Elizabeth LLC, Elizabeth, NJ 07201 USA; Distributed by: Actavis Pharma, Inc., Parsippany, NJ 07054 USA; NDC 45963-305-09, UPC 3 45963-305-09 1.","42 bottles","Failed Dissolution Specifications","02/10/2015","02/27/2015","08/14/2015","03/11/2015","Lot #: 2020E141, Exp 07/15"
"Drugs","No","","70548","Terminated","West-Ward Pharmaceutical Corporation","2 Esterbrook Ln","N/A","Cherry Hill","NJ","	08003-4002","United States","Voluntary: Firm initiated","Letter","Nationwide","D-0420-2015","Class III","Fentanyl Citrate Inj., USP, CII, 250 mcg/5 mL (50 mcg/mL) (0.05 mg/mL) 25 x 5 mL Single Dose Vials, For Intravenous or Intramuscular Use, Preservative Free, Rx Only, Manufactured by: West-Ward Pharmaceuticals, Eatontown, NJ 07724, NDC 0641-6028-25.","445,475 Vials","Failed Impurities/Degradation Specifications; 12 month stability testing.","02/16/2015","03/20/2015","07/26/2016","04/01/2015","Lot #: 113312, Exp 11/2015; 014315 Exp 01/2016"
"Drugs","No","","70555","Terminated","Actavis Inc","400 Interpace Pkwy","N/A","Parsippany","NJ","	07054-1120","United States","Voluntary: Firm initiated","Letter","Nationwide","D-0396-2015","Class II","Vancomycin Hydrochloride Capsules, USP, 125 mg, 2 x 10 count blister pack, Rx Only, Manufactured for Watson Pharma Inc., Parsippany, NJ 07054, by Patheon Pharmaceuticals Inc., Cincinnati, OH. NDC 0591-3560-15","51,472 cartons","Subpotent Drug","02/12/2015","03/03/2015","12/04/2015","03/11/2015","Lot #:  310935 Exp 3/31/2015; Lot #: 3109552  Exp 3/31/2015; Lot #: 3110204,  Exp 3/31/2015; Lot #: 3112972, Exp 7/31/2015; Lot #: 3114073, Exp 8/31/2015; Lot #: 3115756, Exp 10/31/2015, Lot #: 3115888, Exp 10/31/2015; Lot #: 3118059, Exp 11/30/2015."
"Drugs","No","","70564","Terminated","Mylan Institutional LLC","4901 Hiawatha Dr","N/A","Rockford","IL","	61103-1287","United States","Voluntary: Firm initiated","Letter","Nationwide and Puerto Rico","D-0421-2015","Class II","Haloperidol Decanoate Injection, 100 mg/mL, For Intra Muscular Use Only, 1 mL single dose vials (NDC 67457-409-00) packaged in cartons of five (NDC 67457-409-13), Rx only, Manufactured in India for: Mylan Institutional LLC Rockford, IL 61103","11,030 cartons (55,150 vials)","Lack of Assurance of Sterility; due to leaking vials","02/18/2015","03/23/2015","02/23/2017","04/01/2015","Lot 7602281, Exp 4/16; Lot 7602283, Exp 4/16"
"Drugs","No","","70565","Terminated","Mylan Institutional LLC","4901 Hiawatha Dr","N/A","Rockford","IL","	61103-1287","United States","Voluntary: Firm initiated","Letter","Nationwide","D-0412-2015","Class III","DOXOrubicin Hydrochloride Injection, USP, 200 mg/100 mL (2 mg/mL), For IV Use Only, Sterile, ISOTONIC SOLUTION, Caution: Cytotoxic Agent, 100 mL Multi-Dose Vial, Rx Only, Manufactured By: Onco Therapies Limited, Bangalore, 560105, INDIA, Distributed By: Amneal-Agila, LLC, Glasgow, KY, 42141, NDC 53150-317-01.","936 vials","Correct Labeled Product Mispack: Ifosfamide Injection 50 mg/mL, 60 mL, correctly labeled vial may have been mis-packaged in a carton labeled Doxorubicin Hydrochloride Injection 2 mg/mL, 100 mL","02/11/2015","03/13/2015","02/09/2016","03/25/2015","Lot Number: 7801009; Exp: Apr-2015"
"Drugs","No","","70568","Terminated","Nanophase Technologies Corporation","1319 Marquette Dr","N/A","Romeoville","IL","	60446-4055","United States","Voluntary: Firm initiated","E-Mail","NJ","D-0400-2015","Class III","Z-COTE HP 1 TRANSPARENT ZINC OXIDE, Zinc Oxide (and) Triethoxycaprylylsilane, powder, Net: 22 kg, Packaged in double plastic liners in a single fiber carton, For manufacturing, processing, or repackaging. Nano Technologies Corporation 1319 Marquettte Drive, Romeoville, IL 60446. NDC 10117-3004","4,104 cartons","Labeling: Illegible label. Writing is rubbing off of labels.","02/12/2015","03/04/2015","01/05/2017","03/11/2015","Batch #: CNND2902, CNND2903, CNND3001, CNND3002, CNND3003, CNNE0101, CNNE0102, CNNE0103, CNNE0201, CNNE0202, CNNE0203, CNNE0501, CNNE0502, CNNE0503, CNNE0601, CNNE0602, CNNE0603, CNNE0701, CNNE0702, CNNE0703, CNNE0801, CNNE0802, CNNE0803, CNNE0901, CNNE0902, CNNE0903, CNNE1201, CNNE1202, CNNE1203, CNNE1204, CNNE1301, CNNE1302, CNNE1303, CNNE1401, CNNE1402,   CNNE1403, CNNE1501, CNNE1502, CNNE1503, CNNE1601, CNNE1602,   CNNE1603, CNNE1901, CNNE1902, CNNE1903, CNNE2001, CNNE2801,   CNNE2802, CNNE2901, CNNE2902, CNNE3001, CNNE3002, CNNE3003,  CNNF0201, CNNF0202, CNNF0203, CNNF0301, CNNF0302, CNNF0303, CNNF0401, CNNF0402, CNNF0403, CNNF0501,CNNF0502, CNNF0601, CNNF0602, CNNF0901, CNNF1903, CNNF2001, CNNF2002, CNNF2003,   CNNF2101, CNNF2102, CNNF2301, CNNF2302, CNNF2303, CNNF2401, CNNF2402, CNNF2403, CNNF2501, CNNF2601, CNNF2602, CNNF2603,   CNNG0701, CNNG0702, CNNG0703, CNNG0801, CNNG0802, CNNG0901,  CNNG0902, CNNG0903, CNNG1001, CNNG1002, CNNG1101, CNNG1102, CNNG1103, CNNG1401, CNNG1402, CNNG1403, CNNG1404, CNNG1501, CNNG1502, CNNG1503, CNNG1602, CNNG1603, CNNG1701, CNNG1702,  CNNG1703, CNNG1801, CNNG2801, CNNG2803."
"Drugs","No","","70577","Terminated","Tarmac Products, Inc.","16311 NW 52nd Ave","N/A","Miami Gardens","FL","	33014-6209","United States","Voluntary: Firm initiated","Two or more of the following: Email, Fax, Letter, Press Release, Telephone, Visit","Nationwide","D-0418-2015","Class II","Comfort Gel Maximum Strength Antacid & Anti-Gas (Aluminum hydroxide 400 mg, Magnesium hydroxide 400 mg, Simethicone 40 mg in each 5 mL, 1 teaspoon) liquid, 12 FL OZ (355 mL) bottle, Distributed By: Walgreen Co., 200 Wilmot Road, Deerfield, IL  60015, NDC 0363-0050-02, UPC 3 11917 15115 1.","20,801 bottles","Microbial Contamination of Non-Sterile Products: Lots failed microbiological testing at the 12-month time point.","02/06/2015","03/18/2015","12/30/2016","03/25/2015","Lot #: 7566 (Refer to lot 13F0003), Exp 05/15"
"Drugs","No","","70577","Terminated","Tarmac Products, Inc.","16311 NW 52nd Ave","N/A","Miami Gardens","FL","	33014-6209","United States","Voluntary: Firm initiated","Two or more of the following: Email, Fax, Letter, Press Release, Telephone, Visit","Nationwide","D-0419-2015","Class II","Antacid Liquid Regular Strength Antacid & Anti-Gas (Aluminum hydroxide 200 mg, Magnesium hydroxide 200 mg, Simethicone 20 mg (in each 5 mL, 1 teaspoon), Mint flavor, 12 fl oz (355 mL) bottle, Distributed By: Walgreen Co., 200 Wilmot Rd., Deerfield, IL  60015, NDC 0363-0073-02, UPC 3 11917 15114 4.","78,591 bottles","Microbial Contamination of Non-Sterile Products: Lots failed microbiological testing at the 12-month time point.","02/06/2015","03/18/2015","12/30/2016","03/25/2015","Lot #: 7599 (Refer to lot 13L0009), 7600 (Refer to lot 13K0014), 7622 (Refer to lot 13L0008), 7623 (Refer to lot 13K0015), Exp 10/15"
"Drugs","No","","70592","Terminated","Heritage Pharmaceuticals, Inc.","12 Christopher Way","Suite 300","Eatontown","NJ","	07724-3330","United States","Voluntary: Firm initiated","Press Release","Nationwide","D-0415-2015","Class II","Colistimethate for Injection USP, 150 mg per vial, Rx Only,  Manufactured by: Emcure Pharmaceuticals Ltd., Hinjwadi, Pune, India  Manufactured for: Heritage Pharmaceuticals Inc.  NDC 23155-193-31  ","N/A","Lack of Assurance of Sterility: Firm is recalling two injectable products due to concerns with quality control processes.","02/25/2015","03/17/2015","02/26/2016","03/25/2015","Lot # VCOA002; Exp. 09/14, VCOA003; Exp. 10/14, VCOA004; Exp. 10/14  VCOA005; Exp. 01/15, VCOA006; Exp 03/15, VCOA007; Exp 09/15,   VCOA008; Exp. 12/15, VCOA009; Exp. 02/16, VCOA010; Exp. 10/16  VCOA011; Exp. 10/16"
"Drugs","No","","70592","Terminated","Heritage Pharmaceuticals, Inc.","12 Christopher Way","Suite 300","Eatontown","NJ","	07724-3330","United States","Voluntary: Firm initiated","Press Release","Nationwide","D-0416-2015","Class II","RIFAMPIN for Injection,USP, 600 mg per vial, Rx Only,   Manufactured by: Emcure Pharmaceuticals Ltd., Hinjwadi, Pune, India  Manufactured for: Heritage Pharmaceuticals Inc., Eatontown, NJ 07724  NDC 23155-340-31   ","24,344 vials","Lack of Assurance of Sterility: Firm is recalling two injectable products due to concerns with quality control processes.","02/25/2015","03/17/2015","02/26/2016","03/25/2015","Lot # VRIA002; Exp. 08/16, VRIA003; Exp. 09/16, VRIA004; Exp. 09/16"
"Drugs","No","","70598","Terminated","Qualitest Pharmaceuticals","120 Vintage Dr NE","N/A","Huntsville","AL","	35811-8216","United States","Voluntary: Firm initiated","Letter","Nationwide","D-0411-2015","Class II","PROMETHAZINE DM SYRUP (Promethazine Hydrochloride, USP and Dextromethorphan Hydrobromide, USP), EACH 5 ml (ONE TEASPOONFUL) CONTAINS:  Promethazine Hydrochloride 6.25 mg, Dextromethorphan Hydrobromide 15 mg, alcohol 7%,  ONE PINT (574 mL), Rx only, Manufactured for:  QUALITEST PHARMACEUTICALS, HUNTSVILLE, AL 35811, NDC:  0603-1586-58.","972 bottles","Presence of Foriegn Substance: Plastic cap closure particulates may be present in the product.","02/23/2015","03/12/2015","07/12/2016","03/18/2015","Lot #:  0000001099; Exp. 03/16"
"Drugs","No","","70600","Terminated","Sagent Pharmaceuticals Inc","1901 N Roselle Rd Ste 700","N/A","Schaumburg","IL","	60195-3194","United States","Voluntary: Firm initiated","Letter","Nationwide and Puerto Rico","D-0398-2015","Class II","Atracurium Besylate Injection, USP, 50 mg per 5 mL (10 mg per mL), Rx Only, 5 mL Single-Dose Vial, For Intravenous Injection, Mfd. for: Sagent Pharmaceuticals, Schaumberg, IL 60195, NDC 25021-659-05","140,720 vials","Lack of Assurance of Sterility: Recall initiated due to FDA observations pertaining to aseptic and GMP practices at the manufacturers site potentially impacting product sterility.","02/23/2015","03/03/2015","06/22/2016","03/11/2015","Lot Numbers: VATA012, Exp 11/15; VATA015, Exp 08/16"
"Drugs","No","","70600","Terminated","Sagent Pharmaceuticals Inc","1901 N Roselle Rd Ste 700","N/A","Schaumburg","IL","	60195-3194","United States","Voluntary: Firm initiated","Letter","Nationwide and Puerto Rico","D-0399-2015","Class II","Atracurium Besylate Injection, USP, 100 mg per 10 mL (10 mg per mL), Rx Only, 10 mL Multi-Dose Vial, For Intravenous Injection, Mfd. for: Sagent Pharmaceuticals, Schaumberg, IL 60195, NDC 25021-672-10","140,850 vials","Lack of Assurance of Sterility: Recall initiated due to FDA observations pertaining to aseptic and GMP practices at the manufacturers site potentially impacting product sterility.","02/23/2015","03/03/2015","06/22/2016","03/11/2015","Lot Numbers: VATB012, VATB013, VATB014, Exp 11/15; VATB017, Exp 08/16"
"Drugs","No","","70614","Terminated","Pfizer Inc.","235 East 42nd Street","N/A","New York","NY","	10017-5703","United States","Voluntary: Firm initiated","Letter","Nationwide","D-0403-2015","Class III","Oxecta(TM) (oxycodone HCl) tablets, 5 mg, 100 count bottles, Rx only, Manufactured and Distributed by:  King Pharmaceuticals, Inc. Bristol, TN, NDC 60793-525-01","137 bottles","Failed Impurities/Degradation Specifications   ","02/26/2015","03/05/2015","07/29/2017","03/11/2015","Lot 13T02, Exp. 12/15"
"Drugs","No","","70614","Terminated","Pfizer Inc.","235 East 42nd Street","N/A","New York","NY","	10017-5703","United States","Voluntary: Firm initiated","Letter","Nationwide","D-0404-2015","Class III","Oxecta(TM) (oxycodone HCl) tablets, 7.5 mg, 100 count bottles, Rx only, Manufactured and Distributed by:  King Pharmaceuticals, Inc. Bristol, TN, NDC 60793-526-01","139 bottles","Failed Impurities/Degradation Specifications   ","02/26/2015","03/05/2015","07/29/2017","03/11/2015","Lot 13T03, Exp 12/15"
"Drugs","No","","70625","Terminated","Akorn, Inc.","1925 W. Field Court, Suite 300","N/A","Lake Forest","IL","	60045","United States","Voluntary: Firm initiated","Letter","Nationwide and Puerto Rico","D-0405-2015","Class II","Fluticasone Propionate Nasal Spray, USP, 50 mcg per spray,  in amber glass bottle with net fill weight of 16 g that provides 120 actuations, Rx only, Manufactured by HI-TECH PHARMACAL CO., INC. Amityville, NY 11701 for Akorn Inc. 1925 W. Field Court, Suite 300 Lake Forest Illinois, 60045. NDC 50383-700-16.","44,448 bottles","Failed Stability Specifications: Out of specification for preservative, benazalkonium chloride.","02/27/2015","03/05/2015","11/30/2017","03/11/2015","Lot #: 631639, Exp 01/2017."
"Drugs","No","","70635","Terminated","AVKARE Inc.","615 N 1st St","N/A","Pulaski","TN","	38478-2403","United States","Voluntary: Firm initiated","Letter","Nationwide","D-0401-2015","Class III","Quinapril Tablets USP, 5 mg, Rx only, 50 tablets (5 X 10) unit dose pack, Manufactured for: AvKARE, Inc., Pulaski, TN  38478, UPC 5026868815, NDC 50268-688-15","214 unit dose packs","Subpotent Drug","02/27/2015","03/04/2015","09/22/2015","03/11/2015","Lot number:  I1404952, Exp. 02/2016"
"Drugs","No","","70635","Terminated","AVKARE Inc.","615 N 1st St","N/A","Pulaski","TN","	38478-2403","United States","Voluntary: Firm initiated","Letter","Nationwide","D-0402-2015","Class III","Quinapril Tablets USP, 40 mg, Rx only, 50 tablets (5 X 10) unit dose pack, Manufactured for: AvKARE, Inc., Pulaski, TN  38478, UPC 5026869115, NDC 50268-691-15","431 unit dose packs","Subpotent Drug","02/27/2015","03/04/2015","09/22/2015","03/11/2015","Lot number:  I1407932, Exp. 02/2016"
"Drugs","No","","70642","Terminated","Hospira Inc.","275 N Field Dr","N/A","Lake Forest","IL","	60045-2579","United States","Voluntary: Firm initiated","Letter","Nationwide","D-0417-2015","Class II","5% DEXTROSE Injection, USP, 250 mL ADD-Vantage Unit bag (NDC 0409-7100-02), UPC (01)0030404097100026; packaged in 24 bags per case pack (NDC 0409-7100-02), UPC (01)30304097100027(30)01, Rx ONLY, Hospira, Inc., Lake Forest, IL 60045.","94,440 bags","Lack of Assurance of Sterility: there is a potential for solution to leak at the administrative port of the primary container.","03/05/2015","03/17/2015","12/09/2016","03/25/2015","Lot: 37-042-JT, Exp 1JAN2016"
"Drugs","No","","70555","Terminated","Actavis Inc","400 Interpace Pkwy","N/A","Parsippany","NJ","	07054-1120","United States","Voluntary: Firm initiated","Letter","Nationwide","D-0406-2015","Class II","Vancomycin Hydrochloride Capsules, USP, 250 mg, 2 x 10 count blister pack, Rx Only, Manufactured for Watson Pharma Inc., Parsippany, NJ 07054, by Patheon Pharmaceuticals Inc., Cincinnati, OH. NDC 0591-3561-15","29,405 cartons","Subpotent Drug","02/12/2015","03/03/2015","12/04/2015","03/11/2015","Lot #:  3109554, Exp 3/31/2015; Lot #: 3111457, Exp 3/31/2015; Lot #:  3112973, Exp 7/31/2015; Lot #: 3114262, Exp 6/30/2015; Lot #: 3114076,  Exp 12/31/2015; Lot #: 3115889, Exp 12/31/2015; Lot #: 3116033, Exp 12/31/2015."
"Drugs","No","","70682","Terminated","Fusion Pharmaceuticals, LLC","768 Calle Plano Suite A","N/A","Camarillo","CA","	93012-8555","United States","Voluntary: Firm initiated","Letter","California","D-0410-2015","Class II","DICOPANOL (diphenhydramine hydrochloride in 5 mg/mL oral suspension kit) FusePaq, 150 mL Kits, Rx Only.  Fusion Pharmaceuticals LLC., 768 Calle Plano, Camarillo, CA 93012. NDC: 43093-104-01.","9,439 Kits","Microbial Contamination of a Non-Sterile Product: Kit component is contaminated with Burkholderia multivorans.","03/06/2015","03/12/2015","10/27/2015","03/18/2015","Lot Numbers: PL713, PL714, PL715, PL716, PL717, PL718, PL719, PL720, PL721, PL722, PL735, PL736, PL737, PL738, PL739, PL740, PL741, PL742, PL743, PL744; Expiry: 7/20/2015."
"Drugs","No","","70695","Terminated","Baxter Healthcare Corp","1 Baxter Pkwy","N/A","Deerfield","IL","	60015-4625","United States","Voluntary: Firm initiated","Letter","Nationwide and Singapore","D-0428-2015","Class II","Clinimix E 5/20 sulfite-free (5% amino-acid with electrolytes in 20% dextrose with calcium) Injection, 2000 mL in Dual Chamber Container, Rx Only, Baxter Healthcare Corporation, Deerfield, IL --- Product code 2B7722, NDC 0338-1125-04","7444 containers","Lack of Assurance of Sterility; increased complaints received for leaks","03/23/2015","03/31/2015","10/20/2016","04/08/2015","Product code: 2B7722; Lot#: P306365, exp date: 8/31/2015"
"Drugs","No","","69928","Terminated","Micro Labs Usa, Inc                                    S","104 Carnegie Ctr","Te 216","Princeton","NJ","	08540-6232","United States","Voluntary: Firm initiated","E-Mail","Nationwide.","D-0408-2015","Class III","Simvastatin Tablets, USP, 40mg, Rx Only, 90 count bottles, Manufactured by: Micro Labs Limited Goa-403 722, India, Manufactured for: Micro Labs USA Inc.,   Princeton, NJ 08540 NDC 42571-0040-90.  ","13488 bottles","Failed Impurities/Degradation Specifications: Product failed a known impurity specification.","12/04/2014","03/11/2015","04/25/2018","03/18/2015","Lot #: STDG010, Exp 3/2015"
"Drugs","No","","69928","Terminated","Micro Labs Usa, Inc                                    S","104 Carnegie Ctr","Te 216","Princeton","NJ","	08540-6232","United States","Voluntary: Firm initiated","E-Mail","Nationwide.","D-0409-2015","Class III","Simvastatin Tablets, USP, 80mg, Rx Only, 90 count bottles, Manufactured by: Micro Labs Limited Goa-403 722, India, Manufactured for: Micro Labs USA Inc.,   Princeton, NJ 08540 NDC 42571-080-90.      ","13464 bottles","Failed Impurities/Degradation Specifications: Product failed a known impurity specification.","12/04/2014","03/11/2015","04/25/2018","03/18/2015","Lot #: STEG004, Exp 2/2015; Lot #: STEG006 Exp 3/2015"
"Drugs","No","","70711","Terminated","Mutual Pharmaceutical Company,  Inc.","1100 Orthodox St","N/A","Philadelphia","PA","	19124-3168","United States","Voluntary: Firm initiated","Letter","Nationwide","D-0414-2015","Class II","Ergoloid Mesylates ,1 mg tablets, 100 count bottle, Rx only,  Manufactured by MUTUAL PHARMACEUTICAL CO., INC., PHILADELPHIA, PA 19124 USA for Sun Pharmaceutical Industries, Inc. 270 Prospect Plains Road, Cranbury, NJ 08512. NDC  53489-281-01","23246 bottles","Failed Impurities/Degradation Specifications: during long-term stability testing.    ","03/10/2015","03/16/2015","07/15/2016","03/25/2015","Lot #: 6557301, Exp 3/15;  6557401, Exp 3/15;  6557501, Exp 3/15;  6656301, Exp 10/16; 6687701, Exp 4/17."
"Drugs","No","","70695","Terminated","Baxter Healthcare Corp","1 Baxter Pkwy","N/A","Deerfield","IL","	60015-4625","United States","Voluntary: Firm initiated","Letter","Nationwide and Singapore","D-0429-2015","Class II","0.9% Sodium Chloride Injection, USP, 50 mL, VIAFLEX Plastic Container Multi Pack, Rx Only, Baxter Healthcare Corporation, Deerfield, IL , Product code 2B1308, NDC 0338-0049-31","196,128 containers","Lack of Assurance of Sterility; increased complaints received for leaks","03/23/2015","03/31/2015","10/20/2016","04/08/2015","Product code: 2B1308; Lot#: P316497, exp date: 10/2015"
"Drugs","No","","70713","Terminated","Matheson, Inc.","305 2nd St Nw Ste 125","N/A","New Brighton","MN","	55112-3279","United States","Voluntary: Firm initiated","Two or more of the following: Email, Fax, Letter, Press Release, Telephone, Visit","Michigan and Wisconsin","D-0423-2015","Class III","AIR COMPRESSED, Medical Air, USP, Rx Only.  Matheson Tri-Gas, Inc., 150 Allen Road, Basking Ridge, NJ 07920.  Available in A) E or 22 cu ft cylinder, NDC: 55037-302-09; B) 40 cu ft cylinder, NDC: 55037-302-10; C) 200 cu ft cylinder, NDC: 55037-302-15; D) 220 cu ft cylinder, NDC: 55037-302-16; E) 300 cu ft cylinder, NDC: 55037-302-18, 55037-302-19, 55037-302-20.   ","137,880 cubic feet","Failed Impurities/Degradation Specification; out of specification results for carbon dioxide","03/10/2015","03/23/2015","04/17/2015","04/01/2015","A) Lot #: BAHC564281A, BAHC564281B, BAHC546288A, BAHC564288B, BAHC546288C, BAHC546288D, BAHC546288E, BAHC564307A, BAHC564314A, BAHC564329A. BAHC564329B, BAHC564329C, BAHC564329D, BAHC564329E, BAHC564344A, BAHC565005A, BAHC565006A, BAHC565013A, BAHC565015A, BAHC565015B, BAHC565015C, BAHC565015D, BAHC565029A, BAHC565035A. BAHC565035B, BAHC565035D; B) Lot #: BAHC564282A, BAHC564296A, BAHC564303A, BAHC564344A, BAJC565016A, BAHC565034A, BAHC565043A, BAHC565054A; C) Lot #: BAHC564269A, BAHC564275A, BAHC564282A, BAHC564288A, BAHC564296A, BAHC564303A, BAHC564308A, BAHC564317A, BAHC564324A, BAHC564329A, BAHC564338A, BAHC564344A, BAHC564351A, BAHC565016A, BAHC565020A, BAHC565028A, BAHC565043A, BAHC565054A; D) Lot #: BAHC564365A; E) Lot #: BAHC564269A, BAHC564275A, BAHC564279A, BAHC564282A, BAHC564290A, BAHC564296A, BAHC564303A, BAHC564308A, BAHC564317, BAHC564324A, BAHC564329A, BAHC564350A, BAHC564356A, BAHC564365A, BAHC565005A, BAHC565006A, BAHC565013A, BAHC565020A, BAHC565029A, BAHC565042A, BAHC565054A."
"Drugs","No","","70770","Terminated","Baxter Healthcare Corp.","1 Baxter Pkwy","N/A","Deerfield","IL","	60015-4625","United States","Voluntary: Firm initiated","Letter","Nationwide","D-0425-2015","Class II","0.9% Sodium Chloride Injection, USP, 500 mL in VIAFLEX Plastic Container, Rx only, Manufactured by Baxter Healthcare Corp., North Cove, North Carolina Facility Highway 221 North, Marion, NC 28752 for Baxter Healthcare Corporation, One Baxter Parkway, Deerfield, IL 60015. NDC 0338-0049-03","597,498 units total","Lack of Assurance of Sterility. Complaints were receive of missing closures and/or leaks which may compromise product sterility.","03/18/2015","03/25/2015","02/24/2016","04/01/2015","Lot #:  C929844, Exp 5/31/2015; C926873, Exp 4/30/2015; C928630, Exp 4/30/2015."
"Drugs","No","","70770","Terminated","Baxter Healthcare Corp.","1 Baxter Pkwy","N/A","Deerfield","IL","	60015-4625","United States","Voluntary: Firm initiated","Letter","Nationwide","D-0426-2015","Class II","5% Dextrose Injection, USP, 1000mL in VIAFLEX Plastic Container, Rx only, Manufactured by Baxter Healthcare Corp., North Cove, North Carolina Facility Highway 221 North, Marion, NC 28752 for Baxter Healthcare Corporation, One Baxter Parkway, Deerfield, IL 60015. NDC 0338-0017-04","48,874","Lack of Assurance of Sterility. Complaints were receive of missing closures and/or leaks which may compromise product sterility.","03/18/2015","03/25/2015","02/24/2016","04/01/2015","Lot #: C926899, Exp 7/31/2015"
"Drugs","No","","70564","Terminated","Mylan Institutional LLC","4901 Hiawatha Dr","N/A","Rockford","IL","	61103-1287","United States","Voluntary: Firm initiated","Letter","Nationwide and Puerto Rico","D-0422-2015","Class II","Haloperidol Decanoate Injection, 50 mg/mL, For Intra Muscular Use Only, 1 mL single dose vials (NDC 67457-410-00) packaged in cartons of ten (NDC 67457-410-13), Rx only, Manufactured in India for: Mylan Institutional LLC Rockford, IL 61103","2,523 cartons (25,936 vials)","Lack of Assurance of Sterility; due to leaking vials","02/18/2015","03/23/2015","02/23/2017","04/01/2015","Lot 7602368, Exp 7/16; Lot 7602369, Exp 7/16"





