Product Type,Recently Updated Record,Last Modified Date,Event ID,Status,Recalling Firm,Address1,Address2,City,State/Province,Postal Code,Country,Voluntary/Mandated,Initial Firm Notification of Consignee or Public,Distribution Pattern,Recall Number,Classification,Product Description,Product Quantity,Reason for Recall,Recall Initiation Date,Center Classification Date,Termination Date,Report Date,Code Info
"Drugs","No","","71078","Terminated","South Coast Specialty Compounding, Inc.","9257 Research Dr","N/A","Irvine","CA","	92618-4286","United States","Voluntary: Firm initiated","Letter","Nationwide.","D-1337-2015","Class II","Bi-Est 80:20 Progesterone (estriol,estradiol, progesterone) capsules, Rx only,  Manufactured by Park Compounding, Irvine, CA                  ","ALL LOTS","Penicillin Cross Contamination: Multiple finished products potentially contaminated with penicillin.","04/23/2015","09/02/2015","05/31/2016","09/09/2015","All Lots, Exp 09/15"
"Drugs","No","","71078","Terminated","South Coast Specialty Compounding, Inc.","9257 Research Dr","N/A","Irvine","CA","	92618-4286","United States","Voluntary: Firm initiated","Letter","Nationwide.","D-1338-2015","Class II","Leucovorin Calcium capsules, 10 mg, Rx only, Manufactured by Park Compounding, Irvine, CA   ","2,355 capsules ( 26 presciptions)","Penicillin Cross Contamination: Multiple finished products potentially contaminated with penicillin.","04/23/2015","09/02/2015","05/31/2016","09/09/2015","All Lots; Exp 06/15"
"Drugs","No","","71078","Terminated","South Coast Specialty Compounding, Inc.","9257 Research Dr","N/A","Irvine","CA","	92618-4286","United States","Voluntary: Firm initiated","Letter","Nationwide.","D-1339-2015","Class II","Meloxicam capsules, 12 mg, Rx Only, Manufactured by Park Compounding, Irving, CA  -non-sterile formulation","40 capsules ( 1 prescription)","Penicillin Cross Contamination: Multiple finished products potentially contaminated with penicillin.","04/23/2015","09/02/2015","05/31/2016","09/09/2015","All lots; Exp 08/15"
"Drugs","No","","71078","Terminated","South Coast Specialty Compounding, Inc.","9257 Research Dr","N/A","Irvine","CA","	92618-4286","United States","Voluntary: Firm initiated","Letter","Nationwide.","D-1340-2015","Class II","Artesunate Lyophilized Powder for Injection, 60 mg per vial, Rx only, Manufactured by Park Compounding, Irvine, CA  ","172 vials ( 100 prescriptions)","Penicillin Cross Contamination: Multiple finished products potentially contaminated with penicillin.","04/23/2015","09/02/2015","05/31/2016","09/09/2015","Lot # 12032014@2B; Exp.06/15  Lot # 12072014@3B; Exp.06/15  Lot # 01032015@2B; Exp.07/15  Lot # 02152015@2B; Exp.08/15"
"Drugs","No","","71078","Terminated","South Coast Specialty Compounding, Inc.","9257 Research Dr","N/A","Irvine","CA","	92618-4286","United States","Voluntary: Firm initiated","Letter","Nationwide.","D-1341-2015","Class II","Chorionic Gonadotropin/ Hydroxocobalamin Lyophilized Powder Injectable, 10,000 UNITS/ 5000 mcg per vial, Rx Only, Manufactured by Park Compounding, Irving, CA","337 vials (112 prescriptions)","Penicillin Cross Contamination: Multiple finished products potentially contaminated with penicillin.","04/23/2015","09/02/2015","05/31/2016","09/09/2015","Lot # 120322014@1B, Exp 05/15"
"Drugs","No","","71371","Terminated","The Compounding Pharmacy of America","6216 Highland Place Way Ste 101-A","N/A","Knoxville","TN","	37919-4068","United States","Voluntary: Firm initiated","Telephone","Nationwide","D-1431-2015","Class II","5-Methyl Tetrahydrofolate (5-MTHF) 1 mg/ml Injectable, Sterile-Multi-Dose Vial, The Compounding Pharmacy of America, Knoxville, TN","23 ML total","Lack of Assurance of Sterility; FDA inspection identified GMP violations potentially impacting product quality and sterility","06/02/2015","09/15/2015","02/10/2016","09/23/2015","All lots distributed between November 2014 and May 2015;    05012015@19, 7/30/2015"
"Drugs","No","","71371","Terminated","The Compounding Pharmacy of America","6216 Highland Place Way Ste 101-A","N/A","Knoxville","TN","	37919-4068","United States","Voluntary: Firm initiated","Telephone","Nationwide","D-1432-2015","Class II","5-Methy Tetrahydrofolate 5 mg/ml Injectable, Sterile-Multi-Dose Vial, The Compounding Pharmacy of America, Knoxville, TN","351 ML total","Lack of Assurance of Sterility; FDA inspection identified GMP violations potentially impacting product quality and sterility","06/02/2015","09/15/2015","02/10/2016","09/23/2015","All lots distributed between November 2014 and May 2015;    02232015@75, 5/24/2015; 03042015@22, 6/2/2015; 03172015@44, 6/15/2015; 03192015@21, 6/17/2015; 03232015@61, 6/21/2015; 03272015@49, 6/25/2015; 04132015@50, 7/12/2015; 04132015@54, 7/12/201; 04152015@35, 7/14/2015; 04162015@12, 7/15/2015; 04222015@39, 7/21/2015, 04242015@3, 7/23/2015; 05012015@53, 7/30/2015; 05062015@20, 8/4/2015; 05052015@105, 8/3/2015"
"Drugs","No","","71371","Terminated","The Compounding Pharmacy of America","6216 Highland Place Way Ste 101-A","N/A","Knoxville","TN","	37919-4068","United States","Voluntary: Firm initiated","Telephone","Nationwide","D-1433-2015","Class II","Acetyl-L-Carnitine 250 mg/ml Injectable, Sterile-Multi-Dose Vial, The Compounding Pharmacy of America, Knoxville, TN","250 ML total volume","Lack of Assurance of Sterility; FDA inspection identified GMP violations potentially impacting product quality and sterility","06/02/2015","09/15/2015","02/10/2016","09/23/2015","All lots distributed between November 2014 and May 2015;    05042015@40, 8/2/2015; 03202015@17, 6/18/2015; 04132015@58, 7/12/2015; 04212015@5, 7/20/2015"
"Drugs","No","","71371","Terminated","The Compounding Pharmacy of America","6216 Highland Place Way Ste 101-A","N/A","Knoxville","TN","	37919-4068","United States","Voluntary: Firm initiated","Telephone","Nationwide","D-1434-2015","Class II","Acetyl-L-Carnitine 500 mg/ml, Injectable, Sterile-Multi-Dose Vial, The Compounding Pharmacy of America, Knoxville, TN","33 ml total volume","Lack of Assurance of Sterility; FDA inspection identified GMP violations potentially impacting product quality and sterility","06/02/2015","09/15/2015","02/10/2016","09/23/2015","All lots distributed between November 2014 and May 2015;    04212015@45, 7/20/2015"
"Drugs","No","","71371","Terminated","The Compounding Pharmacy of America","6216 Highland Place Way Ste 101-A","N/A","Knoxville","TN","	37919-4068","United States","Voluntary: Firm initiated","Telephone","Nationwide","D-1435-2015","Class II","Acetylcysteine 100 mg/ml Injectable, Multi-Dose Vial, Sterile, Refrigerate, The Compounding Pharmacy of America, Knoxville, TN","99 mL total","Lack of Assurance of Sterility; FDA inspection identified GMP violations potentially impacting product quality and sterility","06/02/2015","09/15/2015","02/10/2016","09/23/2015","All lots distributed between November 2014 and May 2015;    05042015@39, 6/8/2015; 04212015@3, 5/26/2015"
"Drugs","No","","71371","Terminated","The Compounding Pharmacy of America","6216 Highland Place Way Ste 101-A","N/A","Knoxville","TN","	37919-4068","United States","Voluntary: Firm initiated","Telephone","Nationwide","D-1436-2015","Class II","Alprostadil 10 mcg/ml Injection, Sterile, Keep Frozen, The Compounding Pharmacy of America, Knoxville, TN","130 mL total","Lack of Assurance of Sterility; FDA inspection identified GMP violations potentially impacting product quality and sterility","06/02/2015","09/15/2015","02/10/2016","09/23/2015","All lots distributed between November 2014 and May 2015;    12052014@40, 6/3/2015; 12182014@71, 6/16/2015; 01022015@12, 7/1/2015; 02112015@56, 8/10/2015; 02132015@47, 8/12/2015; 03062015@26, 9/2/2015; 03312015@23, 9/27/2015; 04162015@2, 10/13/2015; 05012015@26, 10/28/2015; 05072015@15, 11/3/2015"
"Drugs","No","","71371","Terminated","The Compounding Pharmacy of America","6216 Highland Place Way Ste 101-A","N/A","Knoxville","TN","	37919-4068","United States","Voluntary: Firm initiated","Telephone","Nationwide","D-1437-2015","Class II","Alprostadil 100 mcg/ml Injection, Sterile, Keep Frozen, The Compounding Pharmacy of America, Knoxville, TN","24 mL total","Lack of Assurance of Sterility; FDA inspection identified GMP violations potentially impacting product quality and sterility","06/02/2015","09/15/2015","02/10/2016","09/23/2015","All lots distributed between November 2014 and May 2015;  12012014@41, 5/30/2015"
"Drugs","No","","71371","Terminated","The Compounding Pharmacy of America","6216 Highland Place Way Ste 101-A","N/A","Knoxville","TN","	37919-4068","United States","Voluntary: Firm initiated","Telephone","Nationwide","D-1438-2015","Class II","Alprostadil 20 mcg/ml Injection, Sterile, Keep Frozen, The Compounding Pharmacy of America, Knoxville, TN","11 mL total","Lack of Assurance of Sterility; FDA inspection identified GMP violations potentially impacting product quality and sterility","06/02/2015","09/15/2015","02/10/2016","09/23/2015","All lots distributed between November 2014 and May 2015;  12172014@7, 6/15/2015"
"Drugs","No","","71371","Terminated","The Compounding Pharmacy of America","6216 Highland Place Way Ste 101-A","N/A","Knoxville","TN","	37919-4068","United States","Voluntary: Firm initiated","Telephone","Nationwide","D-1439-2015","Class II","Alprostadil 40 mcg/ml Injection, Sterile, Keep Frozen, The Compounding Pharmacy of America, Knoxville, TN","76 mL total","Lack of Assurance of Sterility; FDA inspection identified GMP violations potentially impacting product quality and sterility","06/02/2015","09/15/2015","02/10/2016","09/23/2015","All lots distributed between November 2014 and May 2015;    01082015@34,7/7/2015; 12162014@46, 6/14/2015; 02032015@98, 8/2/2015; 02112015@79, 8/10/2015, 02192015@15, 8/18/2015"
"Drugs","No","","71371","Terminated","The Compounding Pharmacy of America","6216 Highland Place Way Ste 101-A","N/A","Knoxville","TN","	37919-4068","United States","Voluntary: Firm initiated","Telephone","Nationwide","D-1440-2015","Class II","Alprostadil 50 mcg/ml Injection, Sterile, Keep Frozen, The Compounding Pharmacy of America, Knoxville, TN","7 mL total","Lack of Assurance of Sterility; FDA inspection identified GMP violations potentially impacting product quality and sterility","06/02/2015","09/15/2015","02/10/2016","09/23/2015","All lots distributed between November 2014 and May 2015;  02032015@24, 8/2/2015"
"Drugs","No","","71371","Terminated","The Compounding Pharmacy of America","6216 Highland Place Way Ste 101-A","N/A","Knoxville","TN","	37919-4068","United States","Voluntary: Firm initiated","Telephone","Nationwide","D-1441-2015","Class II","L-Arginine 100 mg/ml Injectable, Multi-Dose Vial, Sterile, Refrigerate, The Compounding Pharmacy of America, Knoxville, TN","33 mL total","Lack of Assurance of Sterility; FDA inspection identified GMP violations potentially impacting product quality and sterility","06/02/2015","09/15/2015","02/10/2016","09/23/2015","All lots distributed between November 2014 and May 2015;  03242015@36, 6/22/2015"
"Drugs","No","","71371","Terminated","The Compounding Pharmacy of America","6216 Highland Place Way Ste 101-A","N/A","Knoxville","TN","	37919-4068","United States","Voluntary: Firm initiated","Telephone","Nationwide","D-1442-2015","Class II","Ascorbic Acid 500 mg/ml Injectable Vial, Sterile Multi-Dose Vial, Refrigerate, The Compounding Pharmacy of America, Knoxville, TN","2923 mL total volume","Lack of Assurance of Sterility; FDA inspection identified GMP violations potentially impacting product quality and sterility","06/02/2015","09/15/2015","02/10/2016","09/23/2015","All lots distributed between November 2014 and May 2015;    05052015@1, 8/3/2015; 03112015@4, 6/9/2015; 03122015@32, 6/10/2015; 03122015@90, 6/10/2015; 03232015@6, 6/21/2015; 03272015@38, 6/25/2015;   04072015@21, 7/6/2015; 05112015@75, 8/9/2015; 04222015@9, 7/21/2015"
"Drugs","No","","71371","Terminated","The Compounding Pharmacy of America","6216 Highland Place Way Ste 101-A","N/A","Knoxville","TN","	37919-4068","United States","Voluntary: Firm initiated","Telephone","Nationwide","D-1443-2015","Class II","Ascorbic Acid 1.25% Glutathione 1.25% DMSO 6.25%   Ophthalmic Solution, Sterile, Refrigerate, The Compounding Pharmacy of America, Knoxville, TN  ","13 mL total volume","Lack of Assurance of Sterility; FDA inspection identified GMP violations potentially impacting product quality and sterility","06/02/2015","09/15/2015","02/10/2016","09/23/2015","All lots distributed between November 2014 and May 2015;    03032015@24, 6/1/2015; 03312015@79, 6/29/2015"
"Drugs","No","","71371","Terminated","The Compounding Pharmacy of America","6216 Highland Place Way Ste 101-A","N/A","Knoxville","TN","	37919-4068","United States","Voluntary: Firm initiated","Telephone","Nationwide","D-1444-2015","Class II","B-Complex Injection, Sterile, Refrigerate, The Compounding Pharmacy of America, Knoxville, TN","1397 mL total volume","Lack of Assurance of Sterility; FDA inspection identified GMP violations potentially impacting product quality and sterility","06/02/2015","09/15/2015","02/10/2016","09/23/2015","All lots distributed between November 2014 and May 2015;    02192015@21, 5/20/2015; 03032015@3, 6/1/2015; 02242015@37, 5/25/2015; 03122015@27, 6/10/2015; 03182015@48, 6/16/2015; 03272015@14, 6/25/2015; 04072015@16, 7/6/2015, 04072015@18, 7/6/2015, 04202015@80, 7/19/2015, 04222015@85, 7/21/2015; 05072015@25, 8/5/2015; 04272015@74, 7/26/2015; 04272015@81, 7/26/2015; 04292015@98, 7/28/2015; 05012015@17, 7/30/2015; 05042015@45, 8/2/2015; 02202015@47, 5/21/2015"
"Drugs","No","","71371","Terminated","The Compounding Pharmacy of America","6216 Highland Place Way Ste 101-A","N/A","Knoxville","TN","	37919-4068","United States","Voluntary: Firm initiated","Telephone","Nationwide","D-1445-2015","Class II","Baclofen 1,000 mcg/ml Intrathecal Solution, Sterile-Preservative Free, The Compounding Pharmacy of America, Knoxville, TN","22 mL total volume","Lack of Assurance of Sterility; FDA inspection identified GMP violations potentially impacting product quality and sterility","06/02/2015","09/15/2015","02/10/2016","09/23/2015","All lots distributed between November 2014 and May 2015;  04272015@23, 7/26/2015"
"Drugs","No","","71371","Terminated","The Compounding Pharmacy of America","6216 Highland Place Way Ste 101-A","N/A","Knoxville","TN","	37919-4068","United States","Voluntary: Firm initiated","Telephone","Nationwide","D-1446-2015","Class II","Biotin10 mg/ml Injectable, ml Multi-Dose Vial, Sterile, Refrigerate, the Compounding Pharmacy of America, Knoxville, TN","66 mL total volume","Lack of Assurance of Sterility; FDA inspection identified GMP violations potentially impacting product quality and sterility","06/02/2015","09/15/2015","02/10/2016","09/23/2015","All lots distributed between November 2014 and May 2015;  05042015@46, 8/2/2015"
"Drugs","No","","71371","Terminated","The Compounding Pharmacy of America","6216 Highland Place Way Ste 101-A","N/A","Knoxville","TN","	37919-4068","United States","Voluntary: Firm initiated","Telephone","Nationwide","D-1447-2015","Class II","Brompheniramine Maleate 20 mg/ml Injectable, Vial, Sterile, Room Temperature, The Compounding Pharmacy of America, Knoxville, TN","44 mL total volume","Lack of Assurance of Sterility; FDA inspection identified GMP violations potentially impacting product quality and sterility","06/02/2015","09/15/2015","02/10/2016","09/23/2015","All lots distributed between November 2014 and May 2015;  02192015@51, 5/20/2015; 04162015@14, 7/15/2015"
"Drugs","No","","71371","Terminated","The Compounding Pharmacy of America","6216 Highland Place Way Ste 101-A","N/A","Knoxville","TN","	37919-4068","United States","Voluntary: Firm initiated","Telephone","Nationwide","D-1448-2015","Class II","Bupivacaine 40 mg/ml +Baclofen 130 mcg/ml Intrathecal Solution, Sterile-Preservative Free, The Compounding Pharmacy of America, Knoxville, TN","129 mL total volume","Lack of Assurance of Sterility; FDA inspection identified GMP violations potentially impacting product quality and sterility","06/02/2015","09/15/2015","02/10/2016","09/23/2015","All lots distributed between November 2014 and May 2015;  02232015@27, 5/24/2015; 3182015@46, 6/16/2015; 04242015@45, 6/23/2015"
"Drugs","No","","71371","Terminated","The Compounding Pharmacy of America","6216 Highland Place Way Ste 101-A","N/A","Knoxville","TN","	37919-4068","United States","Voluntary: Firm initiated","Telephone","Nationwide","D-1449-2015","Class II","Bupivacaine 15 mg/ml Intrathecal Solution, Sterile-Preservative Free, The Compounding Pharmacy of America, Knoxville, TN","22 mL","Lack of Assurance of Sterility; FDA inspection identified GMP violations potentially impacting product quality and sterility","06/02/2015","09/15/2015","02/10/2016","09/23/2015","All lots distributed between November 2014 and May 2015;  03092015@3, 6/7/2015"
"Drugs","No","","71371","Terminated","The Compounding Pharmacy of America","6216 Highland Place Way Ste 101-A","N/A","Knoxville","TN","	37919-4068","United States","Voluntary: Firm initiated","Telephone","Nationwide","D-1450-2015","Class II","Cholecalciferol 50,000 IU/ml Injectable, Vial, Sterile, Refrigerate, The Compounding Pharmacy of America, Knoxville, TN","102 mL total volume","Lack of Assurance of Sterility; FDA inspection identified GMP violations potentially impacting product quality and sterility","06/02/2015","09/15/2015","02/10/2016","09/23/2015","All lots distributed between November 2014 and May 2015;   03202015@26, 6/18/2015; 04282015@1, 7/27/2015; 05042015@53, 8/2/2015"
"Drugs","No","","71371","Terminated","The Compounding Pharmacy of America","6216 Highland Place Way Ste 101-A","N/A","Knoxville","TN","	37919-4068","United States","Voluntary: Firm initiated","Telephone","Nationwide","D-1451-2015","Class II","Cholecalciferol 100,000 IU /ml Injectable, ml Vial, Sterile, Refrigerate, The Compounding Pharmacy of America, Knoxville, TN","33 mL total volume","Lack of Assurance of Sterility; FDA inspection identified GMP violations potentially impacting product quality and sterility","06/02/2015","09/15/2015","02/10/2016","09/23/2015","All lots distributed between November 2014 and May 2015;  04272015@82, 7/26/2015"
"Drugs","No","","71371","Terminated","The Compounding Pharmacy of America","6216 Highland Place Way Ste 101-A","N/A","Knoxville","TN","	37919-4068","United States","Voluntary: Firm initiated","Telephone","Nationwide","D-1452-2015","Class II","Cholecalciferol 500,000 IU/ml Injectable, ml Vial, Sterile, Refrigerate, The Compounding Pharmac of America, Knoxville, TN","11 mL total volume","Lack of Assurance of Sterility; FDA inspection identified GMP violations potentially impacting product quality and sterility","06/02/2015","09/15/2015","02/10/2016","09/23/2015","All lots distributed between November 2014 and May 2015;  04102015@10, 7/9/2015; 04162015@41, 7/15/2015; 04092015@21, 7/8/2015"
"Drugs","No","","71371","Terminated","The Compounding Pharmacy of America","6216 Highland Place Way Ste 101-A","N/A","Knoxville","TN","	37919-4068","United States","Voluntary: Firm initiated","Telephone","Nationwide","D-1453-2015","Class II","Cholecalciferol 600,000 IU/ml Injectable, ml Vial, Sterile, Refrigerate, The Compounding Pharmac of America, Knoxville, TN","260 mL total volume","Lack of Assurance of Sterility; FDA inspection identified GMP violations potentially impacting product quality and sterility","06/02/2015","09/15/2015","02/10/2016","09/23/2015","All lots distributed between November 2014 and May 2015;  03102015@17, 6/8/2015; 03032015@14, 6/1/2015; 03272015@1, 6/25/2015; 04292015@79, 7/28/2015, 04282015@51, 7/27/2015"
"Drugs","No","","71371","Terminated","The Compounding Pharmacy of America","6216 Highland Place Way Ste 101-A","N/A","Knoxville","TN","	37919-4068","United States","Voluntary: Firm initiated","Telephone","Nationwide","D-1454-2015","Class II","Clotrimazole 2% Otic Suspension, ml, Sterile, Room Temperature, Shake Well, The Compounding Pharmacy of America, Knoxville, TN","29 mL Total volume","Lack of Assurance of Sterility; FDA inspection identified GMP violations potentially impacting product quality and sterility","06/02/2015","09/15/2015","02/10/2016","09/23/2015","All lots distributed between November 2014 and May 2015;  05012015@13, 5/31/2015, 05012015@16, 5/31/2015"
"Drugs","No","","71371","Terminated","The Compounding Pharmacy of America","6216 Highland Place Way Ste 101-A","N/A","Knoxville","TN","	37919-4068","United States","Voluntary: Firm initiated","Telephone","Nationwide","D-1455-2015","Class II","Collagenase 250 units/ml, Sterile, Multi-Dose Vial, Refrigerate, The Compounding Pharmacy of America, Knoxville, TN","35 mL total volume","Lack of Assurance of Sterility; FDA inspection identified GMP violations potentially impacting product quality and sterility","06/02/2015","09/15/2015","02/10/2016","09/23/2015","All lots distributed between November 2014 and May 2015;  05112015@16, 8/9/2015"
"Drugs","No","","71371","Terminated","The Compounding Pharmacy of America","6216 Highland Place Way Ste 101-A","N/A","Knoxville","TN","	37919-4068","United States","Voluntary: Firm initiated","Telephone","Nationwide","D-1456-2015","Class II","Copper (Cupric)Sulfate 2 mg/ml Injectable, Multi-Dose Vial, Sterile, Refrigerate, The Compounding Pharmacy of America, Knoxville, TN","35 ML","Lack of Assurance of Sterility; FDA inspection identified GMP violations potentially impacting product quality and sterility","06/02/2015","09/15/2015","02/10/2016","09/23/2015","All lots distributed between November 2014 and May 2015;  05042015@47, 8/2/2015"
"Drugs","No","","71371","Terminated","The Compounding Pharmacy of America","6216 Highland Place Way Ste 101-A","N/A","Knoxville","TN","	37919-4068","United States","Voluntary: Firm initiated","Telephone","Nationwide","D-1457-2015","Class II","Cyanocobalamin 1,000 mcg/ml,  Multi-Dose vial, Sterile, Room Temperature, The Compounding Pharmacy of America, Knoxville, TN","6615 mL total volume","Lack of Assurance of Sterility; FDA inspection identified GMP violations potentially impacting product quality and sterility","06/02/2015","09/15/2015","02/10/2016","09/23/2015","All lots distributed between November 2014 and May 2015    05062015@2, 8/4/2015; 03182015@9, 6/16/2015; 03242015@9, 6/22/2015; 03312015@72, 6/29/2015; 04152015@12, 7/14/2015; 04152015@13, 7/14/2015; 05052015@93, 8/3/2015; 05012015@35, 7/30/2015; 05072015@10, 8/5/2015"
"Drugs","No","","71371","Terminated","The Compounding Pharmacy of America","6216 Highland Place Way Ste 101-A","N/A","Knoxville","TN","	37919-4068","United States","Voluntary: Firm initiated","Telephone","Nationwide","D-1458-2015","Class II","Cyanocobalamin 10 mg Pellet, Sterile, Room Temperature, The Compounding Pharmacy of America, Knoxville, TN","32 pellets","Lack of Assurance of Sterility; FDA inspection identified GMP violations potentially impacting product quality and sterility","06/02/2015","09/15/2015","02/10/2016","09/23/2015","All lots distributed between November 2014 and May 2015;  03042015@33, 8/31/2015; 03312015@29, 9/27/2015"
"Drugs","No","","71371","Terminated","The Compounding Pharmacy of America","6216 Highland Place Way Ste 101-A","N/A","Knoxville","TN","	37919-4068","United States","Voluntary: Firm initiated","Telephone","Nationwide","D-1459-2015","Class II","Cyanocobalamin 1,000 mcg/ml + B-Complex 100 mg/ml, ml, Multi-Dose Vial, Sterile, Room Temperature, The Compounding Pharmacy of America, Knoxville, TN","38 mL total volume","Lack of Assurance of Sterility; FDA inspection identified GMP violations potentially impacting product quality and sterility","06/02/2015","09/15/2015","02/10/2016","09/23/2015","All lots distributed between November 2014 and May 2015;  04232015@35, 7/22/2015"
"Drugs","No","","71371","Terminated","The Compounding Pharmacy of America","6216 Highland Place Way Ste 101-A","N/A","Knoxville","TN","	37919-4068","United States","Voluntary: Firm initiated","Telephone","Nationwide","D-1460-2015","Class II","Cyanocobalamin 1,000 mcg/ml + B-Complex 500 mg/ml, ml, Multi-Dose Vial, Sterile, Room Temperature, The Compounding Pharmacy of America, Knoxville, TN","33 mL total volume","Lack of Assurance of Sterility; FDA inspection identified GMP violations potentially impacting product quality and sterility","06/02/2015","09/15/2015","02/10/2016","09/23/2015","All lots distributed between November 2014 and May 2015;   05052015@24, 8/3/2015"
"Drugs","No","","71371","Terminated","The Compounding Pharmacy of America","6216 Highland Place Way Ste 101-A","N/A","Knoxville","TN","	37919-4068","United States","Voluntary: Firm initiated","Telephone","Nationwide","D-1461-2015","Class II","Dexpanthenol 215 mg/ml Injectable,  Multi-Dose Vial, Sterile, Refrigerate, The Compounding Pharmacy of America, Knoxville, TN","55 mL total volume","Lack of Assurance of Sterility; FDA inspection identified GMP violations potentially impacting product quality and sterility","06/02/2015","09/15/2015","02/10/2016","09/23/2015","All lots distributed between November 2014 and May 2015;  04202015@83, 7/19/2015"
"Drugs","No","","71371","Terminated","The Compounding Pharmacy of America","6216 Highland Place Way Ste 101-A","N/A","Knoxville","TN","	37919-4068","United States","Voluntary: Firm initiated","Telephone","Nationwide","D-1462-2015","Class II","Dexpanthenol 250 mg/ml Injectable, ml Multi-Dose Vial, Sterile, Refrigerate, The Compounding Pharmacy of America, Knoxville, TN","262 mL total volume","Lack of Assurance of Sterility; FDA inspection identified GMP violations potentially impacting product quality and sterility","06/02/2015","09/15/2015","02/10/2016","09/23/2015","All lots distributed between November 2014 and May 2015;  03122015@25, 6/10/2015; 03202015@31, 6/18/2015; 03172015@42, 6/15/2015; 03232015@5, 6/21/2015; 04162015@15, 7/15/2015"
"Drugs","No","","71371","Terminated","The Compounding Pharmacy of America","6216 Highland Place Way Ste 101-A","N/A","Knoxville","TN","	37919-4068","United States","Voluntary: Firm initiated","Telephone","Nationwide","D-1463-2015","Class II","DMPS (Sodium 2, 3 Dimercaptopropane Sulfonate) 50 mg/ml Injectable, Multi-Dose Vial, Sterile, Refrigerate, The Compounding Pharmacy of America, Knoxville, TN","30 mL total volume","Lack of Assurance of Sterility; FDA inspection identified GMP violations potentially impacting product quality and sterility","06/02/2015","09/15/2015","02/10/2016","09/23/2015","All lots distributed between November 2014 and May 2015;  04222015@67, 7/21/2015"
"Drugs","No","","71371","Terminated","The Compounding Pharmacy of America","6216 Highland Place Way Ste 101-A","N/A","Knoxville","TN","	37919-4068","United States","Voluntary: Firm initiated","Telephone","Nationwide","D-1464-2015","Class II","Estradiol 10 mg Sterile Pellet, The Compounding Pharmacy of America, Knoxville, TN","212 pellets","Lack of Assurance of Sterility; FDA inspection identified GMP violations potentially impacting product quality and sterility","06/02/2015","09/15/2015","02/10/2016","09/23/2015","All lots distributed between November 2014 and May 2015;  12082014@56, 6/6/2015; 01222015@28, 7/21/2015; 01062015@73, 7/5/2015; 03022015@55, 8/29/2015; 03242015@94, 9/20/2015; 04222015@32, 10/19/2015; 04222015@47, 10/19/2015; 04222015@49, 10/19/2015; 04302015@54, 10/27/2015"
"Drugs","No","","71371","Terminated","The Compounding Pharmacy of America","6216 Highland Place Way Ste 101-A","N/A","Knoxville","TN","	37919-4068","United States","Voluntary: Firm initiated","Telephone","Nationwide","D-1465-2015","Class II","Estradiol 100 mg, Sterile Pellet, The Compounding Pharmacy of America, Knoxville, TN","98 pellets","Lack of Assurance of Sterility; FDA inspection identified GMP violations potentially impacting product quality and sterility","06/02/2015","09/15/2015","02/10/2016","09/23/2015","All lots distributed between November 2014 and May 2015;  01122015@36, 7/11/2015; 04022015@40, 9/29/2015; 05072015@56, 11/3/2015"
"Drugs","No","","71371","Terminated","The Compounding Pharmacy of America","6216 Highland Place Way Ste 101-A","N/A","Knoxville","TN","	37919-4068","United States","Voluntary: Firm initiated","Telephone","Nationwide","D-1466-2015","Class II","Estradiol 12.5 mg, Sterile Pellet, The Compounding Pharmacy of America, Knoxville, TN","144 pellets","Lack of Assurance of Sterility; FDA inspection identified GMP violations potentially impacting product quality and sterility","06/02/2015","09/15/2015","02/10/2016","09/23/2015","All lots distributed between November 2014 and May 2015;  01082015@8, 7/7/2015; 12052014@62, 6/3/2015; 02242015@10, 8/23/2015; 02122015@29, 7/1/2015; 03032015@19, 8/30/2015; 04232015@13, 10/20/2015"
"Drugs","No","","71371","Terminated","The Compounding Pharmacy of America","6216 Highland Place Way Ste 101-A","N/A","Knoxville","TN","	37919-4068","United States","Voluntary: Firm initiated","Telephone","Nationwide","D-1467-2015","Class II","Estradiol 15 mg, Sterile Pellet, The Compounding Pharmacy of America, Knoxville, TN","120 pellets","Lack of Assurance of Sterility; FDA inspection identified GMP violations potentially impacting product quality and sterility","06/02/2015","09/15/2015","02/10/2016","09/23/2015","All lots distributed between November 2014 and May 2015;  11262014@20, 5/25/2015; 01152015@27, 7/14/2015; 02232015@21, 8/22/2015; 02242015@23, 8/23/2015; 05052015@68, 11/1/2015"
"Drugs","No","","71371","Terminated","The Compounding Pharmacy of America","6216 Highland Place Way Ste 101-A","N/A","Knoxville","TN","	37919-4068","United States","Voluntary: Firm initiated","Telephone","Nationwide","D-1468-2015","Class II","Estradiol 18 mg, Sterile Pellet, The Compounding Pharmacy of America, Knoxville, TN","120 pellets","Lack of Assurance of Sterility; FDA inspection identified GMP violations potentially impacting product quality and sterility","06/02/2015","09/15/2015","02/10/2016","09/23/2015","All lots distributed between November 2014 and May 2015;  12112014@4, 6/9/2015; 02102015@18, 8/9/2015; 03022015@59, 8/29/2015; 03242015@96, 9/20/2015; 04292015@16, 10/26/2015"
"Drugs","No","","71371","Terminated","The Compounding Pharmacy of America","6216 Highland Place Way Ste 101-A","N/A","Knoxville","TN","	37919-4068","United States","Voluntary: Firm initiated","Telephone","Nationwide","D-1469-2015","Class II","Estradiol 20 mg, Sterile Pellet, The Compounding Pharmacy of America, Knoxville, TN","120 pellets","Lack of Assurance of Sterility; FDA inspection identified GMP violations potentially impacting product quality and sterility","06/02/2015","09/15/2015","02/10/2016","09/23/2015","All lots distributed between November 2014 and May 2015;  12082014@58, 6/6/2015; 02032015@42, 7/1/2015; 02272015@28, 8/26/2015; 03242015@97, 9/20/2015; 05052015@62, 11/1/2015"
"Drugs","No","","71371","Terminated","The Compounding Pharmacy of America","6216 Highland Place Way Ste 101-A","N/A","Knoxville","TN","	37919-4068","United States","Voluntary: Firm initiated","Telephone","Nationwide","D-1470-2015","Class II","Estradiol 22 mg, Sterile Pellet, The Compounding Pharmacy of America, Inc., Knoxville, TN","48 pellets","Lack of Assurance of Sterility; FDA inspection identified GMP violations potentially impacting product quality and sterility","06/02/2015","09/15/2015","02/10/2016","09/23/2015","All lots distributed between November 2014 and May 2015;  02242015@1, 8/23/2015; 05042015@29, 10/31/2015"
"Drugs","No","","71371","Terminated","The Compounding Pharmacy of America","6216 Highland Place Way Ste 101-A","N/A","Knoxville","TN","	37919-4068","United States","Voluntary: Firm initiated","Telephone","Nationwide","D-1471-2015","Class II","Estradiol 25 mg, Sterile Pellet, The Compounding Pharmacy of America, Inc., Knoxville, TN","144 pellets","Lack of Assurance of Sterility; FDA inspection identified GMP violations potentially impacting product quality and sterility","06/02/2015","09/15/2015","02/10/2016","09/23/2015","All lots distributed between November 2014 and May 2015;  12012014@59, 5/30/2015; 01122015@34, 7/11/2015; 02102015@42, 7/1/2015; 03162015@12, 9/12/2015; 04282015@59, 10/25/2015; 05052015@65, 11/1/2015"
"Drugs","No","","71371","Terminated","The Compounding Pharmacy of America","6216 Highland Place Way Ste 101-A","N/A","Knoxville","TN","	37919-4068","United States","Voluntary: Firm initiated","Telephone","Nationwide","D-1472-2015","Class II","Estradiol 3 mg, Sterile Pellet, The Compounding Pharmacy of America, Inc., Knoxville, TN","10 pellets","Lack of Assurance of Sterility; FDA inspection identified GMP violations potentially impacting product quality and sterility","06/02/2015","09/15/2015","02/10/2016","09/23/2015","All lots distributed between November 2014 and May 2015;  03112015@11, 9/7/2015"
"Drugs","No","","71371","Terminated","The Compounding Pharmacy of America","6216 Highland Place Way Ste 101-A","N/A","Knoxville","TN","	37919-4068","United States","Voluntary: Firm initiated","Telephone","Nationwide","D-1473-2015","Class II","Estradiol 4 mg, Sterile Pellet, The Compounding Pharmacy of America, Inc., Knoxville, TN","24 pellets","Lack of Assurance of Sterility; FDA inspection identified GMP violations potentially impacting product quality and sterility","06/02/2015","09/15/2015","02/10/2016","09/23/2015","All lots distributed between November 2014 and May 2015;  12182014@21, 6/16/2015"
"Drugs","No","","71371","Terminated","The Compounding Pharmacy of America","6216 Highland Place Way Ste 101-A","N/A","Knoxville","TN","	37919-4068","United States","Voluntary: Firm initiated","Telephone","Nationwide","D-1474-2015","Class II","Estradiol  50 mg, Sterile Pellet, The Compounding Pharmacy of America, Inc., Knoxville, TN","96 pellets","Lack of Assurance of Sterility; FDA inspection identified GMP violations potentially impacting product quality and sterility","06/02/2015","09/15/2015","02/10/2016","09/23/2015","All lots distributed between November 2014 and May 2015;  11212014@11, 5/20/2015; 02092015@42, 8/8/2015; 02252015@76, 7/1/2015; 04072015@35, 10/4/2015"
"Drugs","No","","71371","Terminated","The Compounding Pharmacy of America","6216 Highland Place Way Ste 101-A","N/A","Knoxville","TN","	37919-4068","United States","Voluntary: Firm initiated","Telephone","Nationwide","D-1475-2015","Class II","Estradiol 6 mg, Sterile Pellet, The Compounding Pharmacy of America, Inc., Knoxville, TN","144 pellets","Lack of Assurance of Sterility; FDA inspection identified GMP violations potentially impacting product quality and sterility","06/02/2015","09/15/2015","02/10/2016","09/23/2015","All lots distributed between November 2014 and May 2015;  11212014@13, 5/20/2015; 12182014@35, 6/16/2015; 02202015@1, 8/19/2015; 03022015@48, 8/29/2015; 03172015@33, 9/13/2015; 04232015@24, 10/20/2015"
"Drugs","No","","71371","Terminated","The Compounding Pharmacy of America","6216 Highland Place Way Ste 101-A","N/A","Knoxville","TN","	37919-4068","United States","Voluntary: Firm initiated","Telephone","Nationwide","D-1476-2015","Class II","Estradiol 8 mg, Sterile Pellet, The Compounding Pharmacy of America, Inc., Knoxville, TN","24 pellets","Lack of Assurance of Sterility; FDA inspection identified GMP violations potentially impacting product quality and sterility","06/02/2015","09/15/2015","02/10/2016","09/23/2015","All lots distributed between November 2014 and May 2015;  03182015@14, 9/14/2015"
"Drugs","No","","71371","Terminated","The Compounding Pharmacy of America","6216 Highland Place Way Ste 101-A","N/A","Knoxville","TN","	37919-4068","United States","Voluntary: Firm initiated","Telephone","Nationwide","D-1477-2015","Class II","Estradiol Cypionate 5mg/ml Injectable, ml Multi-Dose Vial, Sterile Room Temperature, The Compounding Pharmacy of America, Knoxville, TN","32 ml total volume","Lack of Assurance of Sterility; FDA inspection identified GMP violations potentially impacting product quality and sterility","06/02/2015","09/15/2015","02/10/2016","09/23/2015","All lots distributed between November 2014 and May 2015;  03122015@48, 9/8/2015; 04212015@20, 10/18/2015; 05052015@37, 11/1/2015"
"Drugs","No","","71371","Terminated","The Compounding Pharmacy of America","6216 Highland Place Way Ste 101-A","N/A","Knoxville","TN","	37919-4068","United States","Voluntary: Firm initiated","Telephone","Nationwide","D-1478-2015","Class II","Estradiol Valerate 20 mg/ml Injectable ml Multi-Dose Vial, Sterile, Room Temperature, The Compounding Pharmacy of America, Knoxville, TN","12 ml total volume","Lack of Assurance of Sterility; FDA inspection identified GMP violations potentially impacting product quality and sterility","06/02/2015","09/15/2015","02/10/2016","09/23/2015","All lots distributed between November 2014 and May 2015;  11262014@56, 5/25/2015; 01262015@16, 7/25/2015; 01302015@51, 7/29/2015;   03272015@41, 9/23/2015"
"Drugs","No","","71371","Terminated","The Compounding Pharmacy of America","6216 Highland Place Way Ste 101-A","N/A","Knoxville","TN","	37919-4068","United States","Voluntary: Firm initiated","Telephone","Nationwide","D-1479-2015","Class II","Estradiol Valerate 40 mg/ml Injectable, Multi-Dose Vial, Sterile, Room Temperature, The Compounding Pharmacy of America, Knoxville, TN","36 ml total volume","Lack of Assurance of Sterility; FDA inspection identified GMP violations potentially impacting product quality and sterility","06/02/2015","09/15/2015","02/10/2016","09/23/2015","All lots distributed between November 2014 and May 2015;  04302015@35, 10/27/2015"
"Drugs","No","","71371","Terminated","The Compounding Pharmacy of America","6216 Highland Place Way Ste 101-A","N/A","Knoxville","TN","	37919-4068","United States","Voluntary: Firm initiated","Telephone","Nationwide","D-1480-2015","Class II","Fentanyl 10,000 mcg/ml + Bupivacaine 40 mg/ml Intrathecal Solution, Sterile-Preservative Free, The Compounding Pharmacy of America, Knoxville, TN","44 ml total volume","Lack of Assurance of Sterility; FDA inspection identified GMP violations potentially impacting product quality and sterility","06/02/2015","09/15/2015","02/10/2016","09/23/2015","All lots distributed between November 2014 and May 2015;  04062015@14, 7/5/2015; 05012015@48, 7/30/2015"
"Drugs","No","","71371","Terminated","The Compounding Pharmacy of America","6216 Highland Place Way Ste 101-A","N/A","Knoxville","TN","	37919-4068","United States","Voluntary: Firm initiated","Telephone","Nationwide","D-1481-2015","Class II","Fentanyl 100 mcg/ml +Clonidine 400 mcg/ml Intrathecal Solution, Sterile-Preservative Free,The Compounding Pharmacy of America, Knoxville, TN","44 ml total volume","Lack of Assurance of Sterility; FDA inspection identified GMP violations potentially impacting product quality and sterility","06/02/2015","09/15/2015","02/10/2016","09/23/2015","All lots distributed between November 2014 and May 2015;  03092015@27, 5/20/2015"
"Drugs","No","","71371","Terminated","The Compounding Pharmacy of America","6216 Highland Place Way Ste 101-A","N/A","Knoxville","TN","	37919-4068","United States","Voluntary: Firm initiated","Telephone","Nationwide","D-1482-2015","Class II","Fentanyl 15,000 mcg/ml + Bupivacaine 30 mg/ml Clonidine 1,300 mcg/ml + Baclofen 300 mcg/ml Intrathecal Solution, Sterile-Preservative Free, The Compounding Pharmacy of America, Knoxville, TN","22 ml total volume","Lack of Assurance of Sterility; FDA inspection identified GMP violations potentially impacting product quality and sterility","06/02/2015","09/15/2015","02/10/2016","09/23/2015","All lots distributed between November 2014 and May 2015;  03092015@16, 6/7/2015"
"Drugs","No","","71371","Terminated","The Compounding Pharmacy of America","6216 Highland Place Way Ste 101-A","N/A","Knoxville","TN","	37919-4068","United States","Voluntary: Firm initiated","Telephone","Nationwide","D-1483-2015","Class II","Fentanyl 20,000 mcg/ml + Bupivacaine 30 mg/ml + Clonidine 1,300 mcg/ml + Baclofen 350 mcg/ml Intrathecal Solution, The Compounding Pharmacy of America Knoxville, TN","66 ml total volume","Lack of Assurance of Sterility; FDA inspection identified GMP violations potentially impacting product quality and sterility","06/02/2015","09/15/2015","02/10/2016","09/23/2015","All lots distributed between November 2014 and May 2015;  04062015@12, 7/5/2015; 04062015@35, 7/5/2015; 05012015@50, 7/30/2015"
"Drugs","No","","71371","Terminated","The Compounding Pharmacy of America","6216 Highland Place Way Ste 101-A","N/A","Knoxville","TN","	37919-4068","United States","Voluntary: Firm initiated","Telephone","Nationwide","D-1484-2015","Class II","Fentanyl 3,000 mcg/ml + Bupivacaine 20 mg/ml Intrathecal Solution, Sterile - Preservative Free, The Compounding Pharmacy of America, Knoxville, TN","22 ml total volume","Lack of Assurance of Sterility; FDA inspection identified GMP violations potentially impacting product quality and sterility","06/02/2015","09/15/2015","02/10/2016","09/23/2015","All lots distributed between November 2014 and May 2015;  03232015@10, 6/21/2015"
"Drugs","No","","71371","Terminated","The Compounding Pharmacy of America","6216 Highland Place Way Ste 101-A","N/A","Knoxville","TN","	37919-4068","United States","Voluntary: Firm initiated","Telephone","Nationwide","D-1485-2015","Class II","Fentanyl 4,000 mcg/ml + Bupivacaine 40 mg/ml Intrathecal Solution, Sterile-Preservative Free, The Compounding Pharmacy of America, Knoxville, TN","44 ml total volume","Lack of Assurance of Sterility; FDA inspection identified GMP violations potentially impacting product quality and sterility","06/02/2015","09/15/2015","02/10/2016","09/23/2015","All lots distributed between November 2014 and May 2015;  03022015@85, 5/31/2015; 03202015@76, 6/18/2015"
"Drugs","No","","71371","Terminated","The Compounding Pharmacy of America","6216 Highland Place Way Ste 101-A","N/A","Knoxville","TN","	37919-4068","United States","Voluntary: Firm initiated","Telephone","Nationwide","D-1486-2015","Class II","Fentanyl 7,000 mcg/ml + Bupivacaine 6 mg/ml + Clonidine 40 mcg/ml Intrathecal Solution, Sterile-Preservative Free, The Compounding Pharmacy of America, Knoxville, TN","65 ml total volume","Lack of Assurance of Sterility; FDA inspection identified GMP violations potentially impacting product quality and sterility","06/02/2015","09/15/2015","02/10/2016","09/23/2015","All lots distributed between November 2014 and May 2015;  02252015@51, 5/20/2015; 04222015@22, 7/21/2015"
"Drugs","No","","71371","Terminated","The Compounding Pharmacy of America","6216 Highland Place Way Ste 101-A","N/A","Knoxville","TN","	37919-4068","United States","Voluntary: Firm initiated","Telephone","Nationwide","D-1487-2015","Class II","Fentanyl 8,000 mcg/ml + Bupivacaine 30 mg/ml Intrathecal Solution, Sterile-Preservative Free, The Compounding Pharmacy of America, Knoxville, TN","22 ml total volume","Lack of Assurance of Sterility; FDA inspection identified GMP violations potentially impacting product quality and sterility","06/02/2015","09/15/2015","02/10/2016","09/23/2015","All lots distributed between November 2014 and May 2015;  03202015@70, 6/18/2015; 03242015@103, 6/22/2015"
"Drugs","No","","71371","Terminated","The Compounding Pharmacy of America","6216 Highland Place Way Ste 101-A","N/A","Knoxville","TN","	37919-4068","United States","Voluntary: Firm initiated","Telephone","Nationwide","D-1488-2015","Class II","Fentanyl 950 mcg/ml + Bupivacaine 5 mg/ml Intrathecal Solution, Sterile-Preservative Free,The Compounding Pharmacy of America, Knoxville, TN","129 ml total volume","Lack of Assurance of Sterility; FDA inspection identified GMP violations potentially impacting product quality and sterility","06/02/2015","09/15/2015","02/10/2016","09/23/2015","All lots distributed between November 2014 and May 2015;  02252015@14, 5/26/2015; 04012015@2, 6/30/2015; 04272015@30, 7/26/2015"
"Drugs","No","","71371","Terminated","The Compounding Pharmacy of America","6216 Highland Place Way Ste 101-A","N/A","Knoxville","TN","	37919-4068","United States","Voluntary: Firm initiated","Telephone","Nationwide","D-1489-2015","Class II","Fentanyl 1,000 mcg/ml Intrathecal Solution, Sterile-Preservative Free,The Compounding Pharmacy of America, Knoxville, TN","22 ml total volume","Lack of Assurance of Sterility; FDA inspection identified GMP violations potentially impacting product quality and sterility","06/02/2015","09/15/2015","02/10/2016","09/23/2015","All lots distributed between November 2014 and May 2015;  03022015@2, 5/31/2015"
"Drugs","No","","71371","Terminated","The Compounding Pharmacy of America","6216 Highland Place Way Ste 101-A","N/A","Knoxville","TN","	37919-4068","United States","Voluntary: Firm initiated","Telephone","Nationwide","D-1490-2015","Class II","Fentanyl 1,000 mcg/ml + Bupivacaine 25 mg/ml Baclofen 500 mcg/ml + Clonidine 500 mcg/ml Intrathecal Solution, Sterile - Preservative Free, The Compounding Pharmacy of America, Knoxville, TN","22 ml total volume","Lack of Assurance of Sterility; FDA inspection identified GMP violations potentially impacting product quality and sterility","06/02/2015","09/15/2015","02/10/2016","09/23/2015","All lots distributed between November 2014 and May 2015;  03162015@71, 5/20/2015; 04272015@31, 7/26/2015"
"Drugs","No","","71371","Terminated","The Compounding Pharmacy of America","6216 Highland Place Way Ste 101-A","N/A","Knoxville","TN","	37919-4068","United States","Voluntary: Firm initiated","Telephone","Nationwide","D-1491-2015","Class II","Fentanyl 17,500 mcg/ml + Clonidine 1,000 mcg/ml Intrathecal Solution, Sterile - Preservative Free, The Compounding Pharmacy of America, Knoxville, TN","67 ml total volume","Lack of Assurance of Sterility; FDA inspection identified GMP violations potentially impacting product quality and sterility","06/02/2015","09/15/2015","02/10/2016","09/23/2015","All lots distributed between November 2014 and May 2015;  03022015@3, 5/31/2015; 03202015@54, 6/18/2015; 04172015@34, 6/16/2015"
"Drugs","No","","71371","Terminated","The Compounding Pharmacy of America","6216 Highland Place Way Ste 101-A","N/A","Knoxville","TN","	37919-4068","United States","Voluntary: Firm initiated","Telephone","Nationwide","D-1492-2015","Class II","Fentanyl 2,000 mcg/ml + Bupivacaine 20 mg/ml Intrathecal Solution, Sterile - Preservative Free, The Compounding Pharmacy of America, Knoxville, TN","43 ml total volume","Lack of Assurance of Sterility; FDA inspection identified GMP violations potentially impacting product quality and sterility","06/02/2015","09/15/2015","02/10/2016","09/23/2015","All lots distributed between November 2014 and May 2015;  03162015@1, 6/14/2015"
"Drugs","No","","71371","Terminated","The Compounding Pharmacy of America","6216 Highland Place Way Ste 101-A","N/A","Knoxville","TN","	37919-4068","United States","Voluntary: Firm initiated","Telephone","Nationwide","D-1493-2015","Class II","Fentanyl 2,000 mcg/ml + Bupivacaine 30 mg/ml Intrathecal Solution, Sterile - Preservative Free, The Compounding Pharmacy of America, Knoxville, TN","22 ml total volume","Lack of Assurance of Sterility; FDA inspection identified GMP violations potentially impacting product quality and sterility","06/02/2015","09/15/2015","02/10/2016","09/23/2015","All lots distributed between November 2014 and May 2015;  03092015@30, 6/7/2015"
"Drugs","No","","71371","Terminated","The Compounding Pharmacy of America","6216 Highland Place Way Ste 101-A","N/A","Knoxville","TN","	37919-4068","United States","Voluntary: Firm initiated","Telephone","Nationwide","D-1494-2015","Class II","Fentanyl 2,000 mcg/ml Intrathecal Solution, Sterile - Preservative Free, The Compounding Pharmacy of America, Knoxville, TN","22 ml total volume","Lack of Assurance of Sterility; FDA inspection identified GMP violations potentially impacting product quality and sterility","06/02/2015","09/15/2015","02/10/2016","09/23/2015","All lots distributed between November 2014 and May 2015;  03122015@2, 6/10/2015"
"Drugs","No","","71371","Terminated","The Compounding Pharmacy of America","6216 Highland Place Way Ste 101-A","N/A","Knoxville","TN","	37919-4068","United States","Voluntary: Firm initiated","Telephone","Nationwide","D-1495-2015","Class II","Fentanyl 5,000 mcg/ml Intrathecal Solution, Sterile - Preservative Free, The Compounding Pharmacy of America, Knoxville, TN","22 ml total volume","Lack of Assurance of Sterility; FDA inspection identified GMP violations potentially impacting product quality and sterility","06/02/2015","09/15/2015","02/10/2016","09/23/2015","All lots distributed between November 2014 and May 2015;  03092015@29, 6/7/2015"
"Drugs","No","","71371","Terminated","The Compounding Pharmacy of America","6216 Highland Place Way Ste 101-A","N/A","Knoxville","TN","	37919-4068","United States","Voluntary: Firm initiated","Telephone","Nationwide","D-1496-2015","Class II","Fentanyl 5,000 mcg/ml + Baclofen 250 mcg/ml Intrathecal Solution, Sterile - Preservative Free, The Compounding Pharmacy of America, Knoxville, TN","43 ml total volume","Lack of Assurance of Sterility; FDA inspection identified GMP violations potentially impacting product quality and sterility","06/02/2015","09/15/2015","02/10/2016","09/23/2015","All lots distributed between November 2014 and May 2015;  04032015@30, 7/2/2015"
"Drugs","No","","71371","Terminated","The Compounding Pharmacy of America","6216 Highland Place Way Ste 101-A","N/A","Knoxville","TN","	37919-4068","United States","Voluntary: Firm initiated","Telephone","Nationwide","D-1497-2015","Class II","Fentanyl 5,000 mcg/ml, + Bupivacaine 15 mg/ml Intrathecal Solution, Sterile - Preservative Free, The Compounding Pharmacy of America, Knoxville, TN","22 ml total volume","Lack of Assurance of Sterility; FDA inspection identified GMP violations potentially impacting product quality and sterility","06/02/2015","09/15/2015","02/10/2016","09/23/2015","All lots distributed between November 2014 and May 2015;  03202015@73, 6/18/2015"
"Drugs","No","","71371","Terminated","The Compounding Pharmacy of America","6216 Highland Place Way Ste 101-A","N/A","Knoxville","TN","	37919-4068","United States","Voluntary: Firm initiated","Telephone","Nationwide","D-1498-2015","Class II","Fentanyl 5,000 mcg/ml + Clonidine 3,000 mcg/ml Intrathecal Solution, Sterile - Preservative Free, The Compounding Pharmacy of America, Knoxville, TN","23 ml total volume","Lack of Assurance of Sterility; FDA inspection identified GMP violations potentially impacting product quality and sterility","06/02/2015","09/15/2015","02/10/2016","09/23/2015","All lots distributed between November 2014 and May 2015;  04172015@36m, 6/16/2015"
"Drugs","No","","71371","Terminated","The Compounding Pharmacy of America","6216 Highland Place Way Ste 101-A","N/A","Knoxville","TN","	37919-4068","United States","Voluntary: Firm initiated","Telephone","Nationwide","D-1499-2015","Class II","Fentanyl 500 mcg/ml Intrathecal Solution, Sterile - Preservative Free, The Compounding Pharmacy of America, Knoxville, TN","23 ml total volume","Lack of Assurance of Sterility; FDA inspection identified GMP violations potentially impacting product quality and sterility","06/02/2015","09/15/2015","02/10/2016","09/23/2015","All lots distributed between November 2014 and May 2015;  04172015@24, 6/16/2015"
"Drugs","No","","71371","Terminated","The Compounding Pharmacy of America","6216 Highland Place Way Ste 101-A","N/A","Knoxville","TN","	37919-4068","United States","Voluntary: Firm initiated","Telephone","Nationwide","D-1500-2015","Class II","Fentanyl 7,500 mcg/ml, + Bupivacaine 20 mg/ml Intrathecal Solution, Sterile - Preservative Free, The Compounding Pharmacy of America, Knoxville, TN","66 ml total volume","Lack of Assurance of Sterility; FDA inspection identified GMP violations potentially impacting product quality and sterility","06/02/2015","09/15/2015","02/10/2016","09/23/2015","All lots distributed between November 2014 and May 2015;  03092015@13, 6/7/2015; 04032015@25, 7/2/2015; 05012015@47, 7/30/2015"
"Drugs","No","","71371","Terminated","The Compounding Pharmacy of America","6216 Highland Place Way Ste 101-A","N/A","Knoxville","TN","	37919-4068","United States","Voluntary: Firm initiated","Telephone","Nationwide","D-1501-2015","Class II","Fentanyl 8,000 mcg/ml, + Bupivacaine 40 mg/ml Intrathecal Solution, Sterile - Preservative Free, The Compounding Pharmacy of America, Knoxville, TN","22 ml total volume","Lack of Assurance of Sterility; FDA inspection identified GMP violations potentially impacting product quality and sterility","06/02/2015","09/15/2015","02/10/2016","09/23/2015","All lots distributed between November 2014 and May 2015;  03242015@103, 6/22/2015"
"Drugs","No","","71371","Terminated","The Compounding Pharmacy of America","6216 Highland Place Way Ste 101-A","N/A","Knoxville","TN","	37919-4068","United States","Voluntary: Firm initiated","Telephone","Nationwide","D-1502-2015","Class II","Folic Acid 5 mg/ml Injection, Multi-Dose Vial, Sterile, Refrigerate, The Compounding Pharmacy of America, Knoxville, TN","33 ml total volume","Lack of Assurance of Sterility; FDA inspection identified GMP violations potentially impacting product quality and sterility","06/02/2015","09/15/2015","02/10/2016","09/23/2015","All lots distributed between November 2014 and May 2015;  04222015@69, 7/21/2015"
"Drugs","No","","71371","Terminated","The Compounding Pharmacy of America","6216 Highland Place Way Ste 101-A","N/A","Knoxville","TN","	37919-4068","United States","Voluntary: Firm initiated","Telephone","Nationwide","D-1503-2015","Class II","Glutathione 200 mg/ml Injection, Multi-Dose Vial, Sterile, Refrigerate, The Compounding Pharmacy of America, Knoxville, TN","559 ml total volume","Lack of Assurance of Sterility; FDA inspection identified GMP violations potentially impacting product quality and sterility","06/02/2015","09/15/2015","02/10/2016","09/23/2015","All lots distributed between November 2014 and May 2015;  03162015@78, 6/14/2015; 03262015@42, 6/24/2015; 04202015@82, 7/19/2015; 04222015@79, 7/21/2015; 05042015@49, 8/2/2015; 04222015@57, 7/21/2015; 04272015@19, 7/26/2015"
"Drugs","No","","71371","Terminated","The Compounding Pharmacy of America","6216 Highland Place Way Ste 101-A","N/A","Knoxville","TN","	37919-4068","United States","Voluntary: Firm initiated","Telephone","Nationwide","D-1504-2015","Class II","HCG 1,000 IU/ml + Hydroxocobalamin 1,000 mcg/ml Injection, Multi-Dose Vial, Sterile, Refrigerate, The Compounding Pharmacy of America, Knoxville, TN","25 ml total volume","Lack of Assurance of Sterility; FDA inspection identified GMP violations potentially impacting product quality and sterility","06/02/2015","09/15/2015","02/10/2016","09/23/2015","All lots distributed between November 2014 and May 2015;  05062015@48, 7/5/2015; 03232015@78, 5/22/2015"
"Drugs","No","","71371","Terminated","The Compounding Pharmacy of America","6216 Highland Place Way Ste 101-A","N/A","Knoxville","TN","	37919-4068","United States","Voluntary: Firm initiated","Telephone","Nationwide","D-1505-2015","Class II","HCG 1,000 IU/ml + Methylcobalamin 0.05 mg/ml Injection, Multi-Dose Vial, Sterile, Refrigerate, The Compounding Pharmacy of America, Knoxville, TN","3120 ml total  volume","Lack of Assurance of Sterility; FDA inspection identified GMP violations potentially impacting product quality and sterility","06/02/2015","09/15/2015","02/10/2016","09/23/2015","All lots distributed between November 2014 and May 2015;  04152015@15, 6/14/2015; 03232015@64, 5/22/2015; 04222015@68, 6/21/2015; 04272015@86, 6/26/2015; 04292015@62, 6/28/2015; 05062015@5, 7/5/2015"
"Drugs","No","","71371","Terminated","The Compounding Pharmacy of America","6216 Highland Place Way Ste 101-A","N/A","Knoxville","TN","	37919-4068","United States","Voluntary: Firm initiated","Telephone","Nationwide","D-1506-2015","Class II","HCG 1,000 IU/ml + Methylcobalamin 0.5 mg/ml Injection, Multi-Dose Vial, Sterile, Refrigerate, The Compounding Pharmacy of America, Knoxville, TN","398 ml total volume","Lack of Assurance of Sterility; FDA inspection identified GMP violations potentially impacting product quality and sterility","06/02/2015","09/15/2015","02/10/2016","09/23/2015","All lots distributed between November 2014 and May 2015;  04172015@3, 6/16/2015; 03242015@49, 5/23/2015; 03272015@31, 5/26/2015; 05052015@51, 7/4/2015; 03252015@2, 5/24/2015; 03252015@30, 5/24/2015; 03302015@45, 5/29/2015; 04162015@26, 6/15/2015; 04212015@7, 6/20/2015; 04172015@71, 6/16/2015; 04292015@53, 6/28/2015; 04072015@53, 6/6/2015; 04272015@44, 6/26/2015"
"Drugs","No","","71371","Terminated","The Compounding Pharmacy of America","6216 Highland Place Way Ste 101-A","N/A","Knoxville","TN","	37919-4068","United States","Voluntary: Firm initiated","Telephone","Nationwide","D-1507-2015","Class II","HCG 1,000 IU/ml + Methylcobalamin 1 mg/ml Injection, Multi-Dose Vial, Sterile, Refrigerate, The Compounding Pharmacy of America, Knoxville, TN","48 ml total volume","Lack of Assurance of Sterility; FDA inspection identified GMP violations potentially impacting product quality and sterility","06/02/2015","09/15/2015","02/10/2016","09/23/2015","All lots distributed between November 2014 and May 2015;  03312015@25, 5/30/2015; 03312015@45, 5/30/2015; 03312015@50, 5/30/2015; 04292015@58, 6/28/2015"
"Drugs","No","","71371","Terminated","The Compounding Pharmacy of America","6216 Highland Place Way Ste 101-A","N/A","Knoxville","TN","	37919-4068","United States","Voluntary: Firm initiated","Telephone","Nationwide","D-1508-2015","Class II","HCG 1,000 IU/ml + MIC B-12 Injection, Multi-Dose Vial, Sterile, Refrigerate, The Compounding Pharmacy of America, Knoxville, TN","12 ml total volume","Lack of Assurance of Sterility; FDA inspection identified GMP violations potentially impacting product quality and sterility","06/02/2015","09/15/2015","02/10/2016","09/23/2015","All lots distributed between November 2014 and May 2015;  05052015@55, 8/3/2015"
"Drugs","No","","71371","Terminated","The Compounding Pharmacy of America","6216 Highland Place Way Ste 101-A","N/A","Knoxville","TN","	37919-4068","United States","Voluntary: Firm initiated","Telephone","Nationwide","D-1509-2015","Class II","HCG 1,100 IU/ml + Methylcobalamin 0.5 mg/ml Injection, ml Multi-Dose Vial, Sterile, Refrigerate, The Compounding Pharmacy of America, Knoxville, TN","161 ml total volume","Lack of Assurance of Sterility; FDA inspection identified GMP violations potentially impacting product quality and sterility","06/02/2015","09/15/2015","02/10/2016","09/23/2015","All lots distributed between November 2014 and May 2015;  03242015@21, 5/23/2015; 04132015@32, 6/12/2015; 04172015@45, 6/16/2015; 05052015@40, 7/4/2015"
"Drugs","No","","71371","Terminated","The Compounding Pharmacy of America","6216 Highland Place Way Ste 101-A","N/A","Knoxville","TN","	37919-4068","United States","Voluntary: Firm initiated","Telephone","Nationwide","D-1510-2015","Class II","HCG 1,000 IU/ml Injection, Multi-Dose Vial, Sterile, Refrigerate, 15 DAY KIT, The Compounding Pharmacy of America, Knoxville, TN","57 ml total","Lack of Assurance of Sterility; FDA inspection identified GMP violations potentially impacting product quality and sterility","06/02/2015","09/15/2015","02/10/2016","09/23/2015","All lots distributed between November 2014 and May 2015;  04152015@18, 6/14/2015; 04222015@25, 6/21/2015; 04292015@75, 6/28/2015; 05012015@41, 6/30/2015; 05042015@71, 7/3/2015; 05082015@61, 7/7/2015"
"Drugs","No","","71371","Terminated","The Compounding Pharmacy of America","6216 Highland Place Way Ste 101-A","N/A","Knoxville","TN","	37919-4068","United States","Voluntary: Firm initiated","Telephone","Nationwide","D-1511-2015","Class II","HCG 2,500 IU/ml + Methylcobalamin 500 mcg/ml, Injection, Multi-Dose Vial, Sterile, Refrigerate, The Compounding Pharmacy of America, Knoxville, TN","61 ml total","Lack of Assurance of Sterility; FDA inspection identified GMP violations potentially impacting product quality and sterility","06/02/2015","09/15/2015","02/10/2016","09/23/2015","All lots distributed between November 2014 and May 2015;  03242015@5, 5/23/2015; 05042015@78, 7/3/2015; 03262015@2, 5/25/2015; 04062015@52, 6/5/2015; 04242015@58, 6/23/2015; 05072015@17, 7/6/2015; 05082015@19, 7/7/2015"
"Drugs","No","","71371","Terminated","The Compounding Pharmacy of America","6216 Highland Place Way Ste 101-A","N/A","Knoxville","TN","	37919-4068","United States","Voluntary: Firm initiated","Telephone","Nationwide","D-1512-2015","Class II","HCG 1,000 IU/ml Injection, Multi-Dose Vial, Sterile, Refrigerate, 23 DAY KIT, The Compounding Pharmacy of America, Knoxville, TN","4 ml","Lack of Assurance of Sterility; FDA inspection identified GMP violations potentially impacting product quality and sterility","06/02/2015","09/15/2015","02/10/2016","09/23/2015","All lots distributed between November 2014 and May 2015;  04232015@36, 6/22/2015"
"Drugs","No","","71371","Terminated","The Compounding Pharmacy of America","6216 Highland Place Way Ste 101-A","N/A","Knoxville","TN","	37919-4068","United States","Voluntary: Firm initiated","Telephone","Nationwide","D-1513-2015","Class II","HCG 625 IU/ml Injection, Multi-Dose Vial, Sterile, Refrigerate, 23 DAY KIT, The Compounding Pharmacy of America, Knoxville, TN","39 ml total","Lack of Assurance of Sterility; FDA inspection identified GMP violations potentially impacting product quality and sterility","06/02/2015","09/15/2015","02/10/2016","09/23/2015","All lots distributed between November 2014 and May 2015;  03272015@34, 5/26/2015; 05042015@32, 7/3/2015; 04102015@59, 6/9/2015"
"Drugs","No","","71371","Terminated","The Compounding Pharmacy of America","6216 Highland Place Way Ste 101-A","N/A","Knoxville","TN","	37919-4068","United States","Voluntary: Firm initiated","Telephone","Nationwide","D-1514-2015","Class II","HCG 625 IU/ml Injection, Multi-Dose Vial, Sterile, Refrigerate, 40 DAY KIT, The Compounding Pharmacy of America, Knoxville, TN","56 ml total","Lack of Assurance of Sterility; FDA inspection identified GMP violations potentially impacting product quality and sterility","06/02/2015","09/15/2015","02/10/2016","09/23/2015","All lots distributed between November 2014 and May 2015;  04202015@19, 6/19/2015; 03272015@35, 5/26/2015; 05042015@59, 7/3/2015"
"Drugs","No","","71371","Terminated","The Compounding Pharmacy of America","6216 Highland Place Way Ste 101-A","N/A","Knoxville","TN","	37919-4068","United States","Voluntary: Firm initiated","Telephone","Nationwide","D-1515-2015","Class II","HCG 625 IU/ml Injection, Multi-Dose Vial, Sterile, Refrigerate, 42 DAY KIT, The Compounding Pharmacy of America, Knoxville, TN","10 ml total","Lack of Assurance of Sterility; FDA inspection identified GMP violations potentially impacting product quality and sterility","06/02/2015","09/15/2015","02/10/2016","09/23/2015","All lots distributed between November 2014 and May 2015;  05082015@49, 7/7/2015"
"Drugs","No","","71371","Terminated","The Compounding Pharmacy of America","6216 Highland Place Way Ste 101-A","N/A","Knoxville","TN","	37919-4068","United States","Voluntary: Firm initiated","Telephone","Nationwide","D-1516-2015","Class II","HCG 5,000 IU/ml + Methylcobalamin 1,000 mcg/ml  Injection, Multi-Dose Vial, Sterile, Refrigerate, The Compounding Pharmacy of America, Knoxville, TN","5 ml total","Lack of Assurance of Sterility; FDA inspection identified GMP violations potentially impacting product quality and sterility","06/02/2015","09/15/2015","02/10/2016","09/23/2015","All lots distributed between November 2014 and May 2015;  03242015@47, 5/23/2015"
"Drugs","No","","71371","Terminated","The Compounding Pharmacy of America","6216 Highland Place Way Ste 101-A","N/A","Knoxville","TN","	37919-4068","United States","Voluntary: Firm initiated","Telephone","Nationwide","D-1517-2015","Class II","HCG 5,000 IU/ml + Methylcobalamin 500 mcg/ml Injection, Multi-Dose Vial, Sterile, Refrigerate, The Compounding Pharmacy of America, Knoxville, TN","12 ml total","Lack of Assurance of Sterility; FDA inspection identified GMP violations potentially impacting product quality and sterility","06/02/2015","09/15/2015","02/10/2016","09/23/2015","All lots distributed between November 2014 and May 2015;  04032015@53, 6/2/2015"
"Drugs","No","","71371","Terminated","The Compounding Pharmacy of America","6216 Highland Place Way Ste 101-A","N/A","Knoxville","TN","	37919-4068","United States","Voluntary: Firm initiated","Telephone","Nationwide","D-1518-2015","Class II","HCG 1,000 IU/ml Injection, Multi-Dose Vial, Sterile, Refrigerate The Compounding Pharmacy of America, Knoxville, TN","695 ml total","Lack of Assurance of Sterility; FDA inspection identified GMP violations potentially impacting product quality and sterility","06/02/2015","09/15/2015","02/10/2016","09/23/2015","All lots distributed between November 2014 and May 2015;  04092015@6,6/8/2015; 04202015@38, 6/19/2015; 04202015@8, 6/19/2015; 03202015@99, 5/22/2015; 03302015@54, 5/29/2015; 03312015@56, 5/30/2015; 04072015@7, 6/6/2015; 04062015@56, 6/5/2015; 04142015@86, 6/13/2015; 05052015@49, 7/4/2015; 05062015@30, 7/5/2015"
"Drugs","No","","71371","Terminated","The Compounding Pharmacy of America","6216 Highland Place Way Ste 101-A","N/A","Knoxville","TN","	37919-4068","United States","Voluntary: Firm initiated","Telephone","Nationwide","D-1519-2015","Class II","HCG 1,100 IU/ml Injection, Multi-Dose Vial, Sterile, Refrigerate The Compounding Pharmacy of America, Knoxville, TN","1558 ml total","Lack of Assurance of Sterility; FDA inspection identified GMP violations potentially impacting product quality and sterility","06/02/2015","09/15/2015","02/10/2016","09/23/2015","All lots distributed between November 2014 and May 2015;  05062015@32, 8/4/2015; 02272015@16, 5/28/2015; 03032015@33, 6/1/2015; 03042015@36, 6/2/2015; 03062015@43, 6/4/2015; 03092015@77, 6/7/2015; 03092015@92, 6/7/2015; 03132015@17, 11/2015; 03162015@23, 14/2015; 03172015@40, 5/2015; 03232015@39, 6/21/2015; 03242015@23, 6/22/2015; 03242015@29, 6/22/2015; 04162015@46, 7/15/2015; 04012015@8, 6/30/2015; 04062015@10, 7/5/2015; 04072015@17, 7/6/2015; 04142015@2, 7/13/2015; 04132015@34, 7/12/2015; 04202015@45, 7/19/2015; 04172015@63, 7/16/2015; 04272015@5, 7/26/2015; 05082015@44, 8/6/2015"
"Drugs","No","","71371","Terminated","The Compounding Pharmacy of America","6216 Highland Place Way Ste 101-A","N/A","Knoxville","TN","	37919-4068","United States","Voluntary: Firm initiated","Telephone","Nationwide","D-1520-2015","Class II","HCG 10,000 IU/ml Injection, Multi-Dose Vial, Sterile, Refrigerate The Compounding Pharmacy of America, Knoxville, TN","58 ml total","Lack of Assurance of Sterility; FDA inspection identified GMP violations potentially impacting product quality and sterility","06/02/2015","09/15/2015","02/10/2016","09/23/2015","All lots distributed between November 2014 and May 2015;  03252015@5; 5/24/2015; 03232015@34, 5/22/2015; 04152015@40, 6/14/2015; 04072015@46, 6/6/2015; 04222015@16, 6/21/2015; 04302015@46, 6/29/2015"
"Drugs","No","","71371","Terminated","The Compounding Pharmacy of America","6216 Highland Place Way Ste 101-A","N/A","Knoxville","TN","	37919-4068","United States","Voluntary: Firm initiated","Telephone","Nationwide","D-1521-2015","Class II","HCG 2,000 IU/ml Injection, Multi-Dose Vial, Sterile, Refrigerate The Compounding Pharmacy of America, Knoxville, TN","51 ml total","Lack of Assurance of Sterility; FDA inspection identified GMP violations potentially impacting product quality and sterility","06/02/2015","09/15/2015","02/10/2016","09/23/2015","All lots distributed between November 2014 and May 2015;  04292015@41, 6/28/2015; 05052015@80, 7/4/2015; 05062015@51, 7/5/2015"
"Drugs","No","","71371","Terminated","The Compounding Pharmacy of America","6216 Highland Place Way Ste 101-A","N/A","Knoxville","TN","	37919-4068","United States","Voluntary: Firm initiated","Telephone","Nationwide","D-1522-2015","Class II","HCG 625 IU/ml Injection, Multi-Dose Vial, Sterile, Refrigerate The Compounding Pharmacy of America, Knoxville, TN","1043 ml total","Lack of Assurance of Sterility; FDA inspection identified GMP violations potentially impacting product quality and sterility","06/02/2015","09/15/2015","02/10/2016","09/23/2015","All lots distributed between November 2014 and May 2015;  05072015@2, 7/6/2015; 04082015@25, 6/7/2015; 03042015@54, 6/2/2015; 04142015@16, 6/13/2015; 03312015@37, 5/30/2015; 04062015@75, 6/5/2015; 05112015@15, 7/10/2015; 04272015@21, 6/26/2015; 04272015@62, 6/26/2015"
"Drugs","No","","71371","Terminated","The Compounding Pharmacy of America","6216 Highland Place Way Ste 101-A","N/A","Knoxville","TN","	37919-4068","United States","Voluntary: Firm initiated","Telephone","Nationwide","D-1523-2015","Class II","HCG 1,250 IU/ml Injection, Multi-Dose Vial, Sterile, Refrigerate The Compounding Pharmacy of America, Knoxville, TN","55 ml total","Lack of Assurance of Sterility; FDA inspection identified GMP violations potentially impacting product quality and sterility","06/02/2015","09/15/2015","02/10/2016","09/23/2015","All lots distributed between November 2014 and May 2015;  04162015@25, 6/15/2015"
"Drugs","No","","71371","Terminated","The Compounding Pharmacy of America","6216 Highland Place Way Ste 101-A","N/A","Knoxville","TN","	37919-4068","United States","Voluntary: Firm initiated","Telephone","Nationwide","D-1524-2015","Class II","HCG 11,000 IU/ml Injection, Multi-Dose Vial, Sterile, Refrigerate The Compounding Pharmacy of America, Knoxville, TN","112 ml total","Lack of Assurance of Sterility; FDA inspection identified GMP violations potentially impacting product quality and sterility","06/02/2015","09/15/2015","02/10/2016","09/23/2015","All lots distributed between November 2014 and May 2015;  04172015@59, 6/16/2015; 04302015@57, 6/29/2015; 03262015@39, 5/25/2015; 04012015@42, 5/31/2015; 04022015@18, 6/1/2015; 04302015@4, 6/29/2015"
"Drugs","No","","71371","Terminated","The Compounding Pharmacy of America","6216 Highland Place Way Ste 101-A","N/A","Knoxville","TN","	37919-4068","United States","Voluntary: Firm initiated","Telephone","Nationwide","D-1525-2015","Class II","HCG 5,000 IU/ml Injection, Multi-Dose Vial, Sterile, Refrigerate The Compounding Pharmacy of America, Knoxville, TN","60 ml total","Lack of Assurance of Sterility; FDA inspection identified GMP violations potentially impacting product quality and sterility","06/02/2015","09/15/2015","02/10/2016","09/23/2015","All lots distributed between November 2014 and May 2015;  03302015@35, 5/29/2015; 04172015@15, 6/16/2015"
"Drugs","No","","71371","Terminated","The Compounding Pharmacy of America","6216 Highland Place Way Ste 101-A","N/A","Knoxville","TN","	37919-4068","United States","Voluntary: Firm initiated","Telephone","Nationwide","D-1526-2015","Class II","HCG 1,500 IU/ml Injection, Multi-Dose Vial, Sterile, Refrigerate The Compounding Pharmacy of America, Knoxville, TN","40 ml total","Lack of Assurance of Sterility; FDA inspection identified GMP violations potentially impacting product quality and sterility","06/02/2015","09/15/2015","02/10/2016","09/23/2015","All lots distributed between November 2014 and May 2015;  04012015@78, 5/31/2015; 04222015@61, 6/21/2015; 04302015@55, 6/29/2015"
"Drugs","No","","71371","Terminated","The Compounding Pharmacy of America","6216 Highland Place Way Ste 101-A","N/A","Knoxville","TN","	37919-4068","United States","Voluntary: Firm initiated","Telephone","Nationwide","D-1527-2015","Class II","HCG 1,100 IU/ml Injection, Multi-Dose Vial, Sterile, Refrigerate, 30 DAY KIT, The Compounding Pharmacy of America, Knoxville, TN","89 ml total","Lack of Assurance of Sterility; FDA inspection identified GMP violations potentially impacting product quality and sterility","06/02/2015","09/15/2015","02/10/2016","09/23/2015","All lots distributed between November 2014 and May 2015;  04132015@52, 6/12/2015; 04232015@26, 6/22/2015"
"Drugs","No","","71371","Terminated","The Compounding Pharmacy of America","6216 Highland Place Way Ste 101-A","N/A","Knoxville","TN","	37919-4068","United States","Voluntary: Firm initiated","Telephone","Nationwide","D-1528-2015","Class II","HCG 2,500 IU/ml Injection, Multi-Dose Vial, Sterile, Refrigerate The Compounding Pharmacy of America, Knoxville, TN","99 ml total","Lack of Assurance of Sterility; FDA inspection identified GMP violations potentially impacting product quality and sterility","06/02/2015","09/15/2015","02/10/2016","09/23/2015","All lots distributed between November 2014 and May 2015;  03312015@18, 5/30/2015; 03252015@49, 5/24/2015; 04012015@60 5/31/2015; 05112015@59, 7/10/2015; 04062015@39, 6/5/2015; 04072015@25, 6/6/2015; 04072015@74, 6/6/2015; 04142015@44, 6/13/2015; 04172015@72, 6/16/2015; 04172015@77, 6/16/2015; 04232015@8, 6/22/2015; 04222015@60, 6/21/2015; 04242015@11, 6/23/2015; 04292015@33, 6/28/2015"
"Drugs","No","","71371","Terminated","The Compounding Pharmacy of America","6216 Highland Place Way Ste 101-A","N/A","Knoxville","TN","	37919-4068","United States","Voluntary: Firm initiated","Telephone","Nationwide","D-1529-2015","Class II","HCG 3,000 IU/ml Injection, Multi-Dose Vial, Sterile, Refrigerate The Compounding Pharmacy of America, Knoxville, TN","45 ml total","Lack of Assurance of Sterility; FDA inspection identified GMP violations potentially impacting product quality and sterility","06/02/2015","09/15/2015","02/10/2016","09/23/2015","All lots distributed between November 2014 and May 2015;  04062015@2, 6/5/2015; 04212015@76, 6/20/2015; 04272015@33, 6/26/2015"
"Drugs","No","","71371","Terminated","The Compounding Pharmacy of America","6216 Highland Place Way Ste 101-A","N/A","Knoxville","TN","	37919-4068","United States","Voluntary: Firm initiated","Telephone","Nationwide","D-1530-2015","Class II","HCG 4,000 IU/ml Injection, Multi-Dose Vial, Sterile, Refrigerate The Compounding Pharmacy of America, Knoxville, TN","53 ml total","Lack of Assurance of Sterility; FDA inspection identified GMP violations potentially impacting product quality and sterility","06/02/2015","09/15/2015","02/10/2016","09/23/2015","All lots distributed between November 2014 and May 2015;  03262015@37, 5/25/2015; 04032015@4, 6/2/2015; 4292015@56, 6/28/2015"
"Drugs","No","","71371","Terminated","The Compounding Pharmacy of America","6216 Highland Place Way Ste 101-A","N/A","Knoxville","TN","	37919-4068","United States","Voluntary: Firm initiated","Telephone","Nationwide","D-1531-2015","Class II","HCG 5,000 IU/ml Injection, Multi-Dose Vial, Sterile, Refrigerate The Compounding Pharmacy of America, Knoxville, TN","60 ml total","Lack of Assurance of Sterility; FDA inspection identified GMP violations potentially impacting product quality and sterility","06/02/2015","09/15/2015","02/10/2016","09/23/2015","All lots distributed between November 2014 and May 2015;  03272015@23, 5/26/2015; 03312015@20, 5/30/2015; 04062015@4, 6/5/2015; 05112015@23, 7/10/2015"
"Drugs","No","","71371","Terminated","The Compounding Pharmacy of America","6216 Highland Place Way Ste 101-A","N/A","Knoxville","TN","	37919-4068","United States","Voluntary: Firm initiated","Telephone","Nationwide","D-1532-2015","Class II","HCG 1,200 IU/ml Injection, Multi-Dose Vial, Sterile, Refrigerate The Compounding Pharmacy of America, Knoxville, TN","28 ml total","Lack of Assurance of Sterility; FDA inspection identified GMP violations potentially impacting product quality and sterility","06/02/2015","09/15/2015","02/10/2016","09/23/2015","All lots distributed between November 2014 and May 2015;  03272015@22, 5/26/2015; 04062015@19, 6/5/2015; 04212015@39, 6/20/2015; 04222015@62, 6/21/2015"
"Drugs","No","","71371","Terminated","The Compounding Pharmacy of America","6216 Highland Place Way Ste 101-A","N/A","Knoxville","TN","	37919-4068","United States","Voluntary: Firm initiated","Telephone","Nationwide","D-1533-2015","Class II","HCG 500 IU/ml Injection, Multi-Dose Vial, Sterile, Refrigerate The Compounding Pharmacy of America, Knoxville, TN","200 ml total","Lack of Assurance of Sterility; FDA inspection identified GMP violations potentially impacting product quality and sterility","06/02/2015","09/15/2015","02/10/2016","09/23/2015","All lots distributed between November 2014 and May 2015;  04092015@59, 6/8/2015; 04162015@28, 6/15/2015; 03272015@2, 5/26/2015; 03302015@34, 5/29/2015; 04062015@71, 6/5/2015; 04162015@54, 6/15/2015; 05012015@36, 6/30/2015; 05112015@5, 7/10/2015"
"Drugs","No","","71371","Terminated","The Compounding Pharmacy of America","6216 Highland Place Way Ste 101-A","N/A","Knoxville","TN","	37919-4068","United States","Voluntary: Firm initiated","Telephone","Nationwide","D-1534-2015","Class II","Hyaluronic Acid Sodium 28 mg/ml + Lidocaine HCl 3 mg/ml Injection, ml Syringe, Sterile, Room Temperature, The Compounding Pharmacy of America, Knoxville, TN","20 ml total","Lack of Assurance of Sterility; FDA inspection identified GMP violations potentially impacting product quality and sterility","06/02/2015","09/15/2015","02/10/2016","09/23/2015","All lots distributed between November 2014 and May 2015;  03042015@6, 6/2/2015; 03122015@80, 6/10/2015; 03262015@43, 6/24/2015"
"Drugs","No","","71371","Terminated","The Compounding Pharmacy of America","6216 Highland Place Way Ste 101-A","N/A","Knoxville","TN","	37919-4068","United States","Voluntary: Firm initiated","Telephone","Nationwide","D-1535-2015","Class II","Hyaluronic Acid Sodium 32 mg/ml + Lidocaine HCl 3 mg/ml Injection, ml Syringe, Sterile, Room Temperature, The Compounding Pharmacy of America, Knoxville, TN","8 ml total","Lack of Assurance of Sterility; FDA inspection identified GMP violations potentially impacting product quality and sterility","06/02/2015","09/15/2015","02/10/2016","09/23/2015","All lots distributed between November 2014 and May 2015;  03232015@42, 6/21/2015; 03252015@25, 6/23/2015"
"Drugs","No","","71371","Terminated","The Compounding Pharmacy of America","6216 Highland Place Way Ste 101-A","N/A","Knoxville","TN","	37919-4068","United States","Voluntary: Firm initiated","Telephone","Nationwide","D-1536-2015","Class II","Hyaluronic Acid Sodium 35 mg/ml + Lidocaine HCl 3 mg/ml Injection, ml Syringe, Sterile, Room Temperature, The Compounding Pharmacy of America, Knoxville, TN","33 ml total","Lack of Assurance of Sterility; FDA inspection identified GMP violations potentially impacting product quality and sterility","06/02/2015","09/15/2015","02/10/2016","09/23/2015","All lots distributed between November 2014 and May 2015;  04062015@66, 7/5/2015; 04072015@57, 7/6/2015"
"Drugs","No","","71371","Terminated","The Compounding Pharmacy of America","6216 Highland Place Way Ste 101-A","N/A","Knoxville","TN","	37919-4068","United States","Voluntary: Firm initiated","Telephone","Nationwide","D-1537-2015","Class II","Hyaluronidase 150 units/ml Injection, ml, Sterile, Preservative Free, Refrigerate, The Compounding Pharmacy of America, Knoxville, TN","5 ml total","Lack of Assurance of Sterility; FDA inspection identified GMP violations potentially impacting product quality and sterility","06/02/2015","09/15/2015","02/10/2016","09/23/2015","All lots distributed between November 2014 and May 2015;  02202015@6, 5/21/2015"
"Drugs","No","","71371","Terminated","The Compounding Pharmacy of America","6216 Highland Place Way Ste 101-A","N/A","Knoxville","TN","	37919-4068","United States","Voluntary: Firm initiated","Telephone","Nationwide","D-1538-2015","Class II","Hyaluronidase 150 units/ml Injection, ml, Sterile, Preserved, Refrigerate, The Compounding Pharmacy of America, Knoxville, TN","50 ml total","Lack of Assurance of Sterility; FDA inspection identified GMP violations potentially impacting product quality and sterility","06/02/2015","09/15/2015","02/10/2016","09/23/2015","All lots distributed between November 2014 and May 2015;  04132015@19, 7/12/2015; 02202015@12, 5/21/2015; 05112015@17, 8/9/2015"
"Drugs","No","","71371","Terminated","The Compounding Pharmacy of America","6216 Highland Place Way Ste 101-A","N/A","Knoxville","TN","	37919-4068","United States","Voluntary: Firm initiated","Telephone","Nationwide","D-1539-2015","Class II","Hyaluronidase 175 units/ml Injection, ml, Sterile, Preserved, Refrigerate, The Compounding Pharmacy of America, Knoxville, TN","18 ml total","Lack of Assurance of Sterility; FDA inspection identified GMP violations potentially impacting product quality and sterility","06/02/2015","09/15/2015","02/10/2016","09/23/2015","All lots distributed between November 2014 and May 2015;  03112015@15, 6/9/2015"
"Drugs","No","","71371","Terminated","The Compounding Pharmacy of America","6216 Highland Place Way Ste 101-A","N/A","Knoxville","TN","	37919-4068","United States","Voluntary: Firm initiated","Telephone","Nationwide","D-1540-2015","Class II","Hydromorphone 0.25 mg/ml Intrathecal Solution, Sterile-Preservative Free, The Compounding Pharmacy of America, Knoxville, TN","86 ml total","Lack of Assurance of Sterility; FDA inspection identified GMP violations potentially impacting product quality and sterility","06/02/2015","09/15/2015","02/10/2016","09/23/2015","All lots distributed between November 2014 and May 2015;  04092015@64, 7/8/2015; 04032015@28, 7/2/2015"
"Drugs","No","","71371","Terminated","The Compounding Pharmacy of America","6216 Highland Place Way Ste 101-A","N/A","Knoxville","TN","	37919-4068","United States","Voluntary: Firm initiated","Telephone","Nationwide","D-1541-2015","Class II","Hydromorphone 1 mg/ml Intrathecal Solution, Sterile-Preservative Free, The Compounding Pharmacy of America, Knoxville, TN","22 ml total","Lack of Assurance of Sterility; FDA inspection identified GMP violations potentially impacting product quality and sterility","06/02/2015","09/15/2015","02/10/2016","09/23/2015","All lots distributed between November 2014 and May 2015;  04272015@22, 7/26/2015"
"Drugs","No","","71371","Terminated","The Compounding Pharmacy of America","6216 Highland Place Way Ste 101-A","N/A","Knoxville","TN","	37919-4068","United States","Voluntary: Firm initiated","Telephone","Nationwide","D-1542-2015","Class II","Hydromorphone 10 mg/ml Intrathecal Solution, Sterile-Preservative Free, The Compounding Pharmacy of America, Knoxville, TN","190 ml","Lack of Assurance of Sterility; FDA inspection identified GMP violations potentially impacting product quality and sterility","06/02/2015","09/15/2015","02/10/2016","09/23/2015","All lots distributed between November 2014 and May 2015;  04212015@19, 7/20/2015; 02232015@28, 5/24/2015; 02252015@18, 5/26/2015; 03022015@12, 5/31/2015; 03302015@61, 6/28/2015; 04222015@11, 7/21/2015"
"Drugs","No","","71371","Terminated","The Compounding Pharmacy of America","6216 Highland Place Way Ste 101-A","N/A","Knoxville","TN","	37919-4068","United States","Voluntary: Firm initiated","Telephone","Nationwide","D-1543-2015","Class II","Hydromorphone 10 mg/ml + Baclofen 2,500 mcg/ml Intrathecal Solution, Sterile-Preservative Free, The Compounding Pharmacy of America, Knoxville, TN","23 ml total","Lack of Assurance of Sterility; FDA inspection identified GMP violations potentially impacting product quality and sterility","06/02/2015","09/15/2015","02/10/2016","09/23/2015","All lots distributed between November 2014 and May 2015;  04142015@74, 7/13/2015"
"Drugs","No","","71371","Terminated","The Compounding Pharmacy of America","6216 Highland Place Way Ste 101-A","N/A","Knoxville","TN","	37919-4068","United States","Voluntary: Firm initiated","Telephone","Nationwide","D-1544-2015","Class II","Hydromorphone 10 mg/ml + Bupivacaine 10 mg/ml Solution, Sterile-Preservative Free, The Compounding Pharmacy of America, Knoxville, TN","43 ml total","Lack of Assurance of Sterility; FDA inspection identified GMP violations potentially impacting product quality and sterility","06/02/2015","09/15/2015","02/10/2016","09/23/2015","All lots distributed between November 2014 and May 2015;  02202015@5, 5/21/2015"
"Drugs","No","","71371","Terminated","The Compounding Pharmacy of America","6216 Highland Place Way Ste 101-A","N/A","Knoxville","TN","	37919-4068","United States","Voluntary: Firm initiated","Telephone","Nationwide","D-1545-2015","Class II","Hydromorphone 12.5 mg/ml Solution, Sterile-Preservative Free, The Compounding Pharmacy of America, Knoxville, TN","86 ml total","Lack of Assurance of Sterility; FDA inspection identified GMP violations potentially impacting product quality and sterility","06/02/2015","09/15/2015","02/10/2016","09/23/2015","All lots distributed between November 2014 and May 2015;  03162015@50, 6/14/2015; 04142015@81, 7/13/2015"
"Drugs","No","","71371","Terminated","The Compounding Pharmacy of America","6216 Highland Place Way Ste 101-A","N/A","Knoxville","TN","	37919-4068","United States","Voluntary: Firm initiated","Telephone","Nationwide","D-1546-2015","Class II","Hydromorphone 15 mg/ml Solution, Sterile-Preservative Free, The Compounding Pharmacy of America, Knoxville, TN","22 ml total","Lack of Assurance of Sterility; FDA inspection identified GMP violations potentially impacting product quality and sterility","06/02/2015","09/15/2015","02/10/2016","09/23/2015","All lots distributed between November 2014 and May 2015;  03202015@67, 6/18/2015"
"Drugs","No","","71371","Terminated","The Compounding Pharmacy of America","6216 Highland Place Way Ste 101-A","N/A","Knoxville","TN","	37919-4068","United States","Voluntary: Firm initiated","Telephone","Nationwide","D-1547-2015","Class II","Hydromorphone 20 mg/ml Solution, Sterile-Preservative Free, The Compounding Pharmacy of America, Knoxville, TN","130 ml total","Lack of Assurance of Sterility; FDA inspection identified GMP violations potentially impacting product quality and sterility","06/02/2015","09/15/2015","02/10/2016","09/23/2015","All lots distributed between November 2014 and May 2015;  03092015@26, 6/7/2015; 03122015@95, 6/10/2015; 04132015@5, 6/12/2015; 04292015@8, 6/28/2015"
"Drugs","No","","71371","Terminated","The Compounding Pharmacy of America","6216 Highland Place Way Ste 101-A","N/A","Knoxville","TN","	37919-4068","United States","Voluntary: Firm initiated","Telephone","Nationwide","D-1548-2015","Class II","Hydromorphone 20 mg/ml + Bupivacaine 0.25 mg/ml Solution, Sterile-Preservative Free, The Compounding Pharmacy of America, Knoxville, TN","40 ml total","Lack of Assurance of Sterility; FDA inspection identified GMP violations potentially impacting product quality and sterility","06/02/2015","09/15/2015","02/10/2016","09/23/2015","All lots distributed between November 2014 and May 2015;  03162015@86, 6/14/2015; 04142015@57, 7/13/2015"
"Drugs","No","","71371","Terminated","The Compounding Pharmacy of America","6216 Highland Place Way Ste 101-A","N/A","Knoxville","TN","	37919-4068","United States","Voluntary: Firm initiated","Telephone","Nationwide","D-1549-2015","Class II","Hydromorphone 30 mg/ml Solution, Sterile-Preservative Free, The Compounding Pharmacy of America, Knoxville, TN","44 ml total","Lack of Assurance of Sterility; FDA inspection identified GMP violations potentially impacting product quality and sterility","06/02/2015","09/15/2015","02/10/2016","09/23/2015","All lots distributed between November 2014 and May 2015;  03122015@93, 6/10/2015; 04242015@46, 7/23/2015"
"Drugs","No","","71371","Terminated","The Compounding Pharmacy of America","6216 Highland Place Way Ste 101-A","N/A","Knoxville","TN","	37919-4068","United States","Voluntary: Firm initiated","Telephone","Nationwide","D-1550-2015","Class II","Hydromorphone 40 mg/ml + Bupivacaine 20 mg/ml Solution, Sterile-Preservative Free, The Compounding Pharmacy of America, Knoxville, TN","45 ml total","Lack of Assurance of Sterility; FDA inspection identified GMP violations potentially impacting product quality and sterility","06/02/2015","09/15/2015","02/10/2016","09/23/2015","All lots distributed between November 2014 and May 2015;  03162015@64, 6/14/2015; 04162015@53, 7/15/2015"
"Drugs","No","","71371","Terminated","The Compounding Pharmacy of America","6216 Highland Place Way Ste 101-A","N/A","Knoxville","TN","	37919-4068","United States","Voluntary: Firm initiated","Telephone","Nationwide","D-1551-2015","Class II","Hydromorphone 40 mg/ml + Bupivacaine 40 mg/ml Solution, Sterile-Preservative Free, The Compounding Pharmacy of America, Knoxville, TN","43 ml total","Lack of Assurance of Sterility; FDA inspection identified GMP violations potentially impacting product quality and sterility","06/02/2015","09/15/2015","02/10/2016","09/23/2015","All lots distributed between November 2014 and May 2015;  03202015@79, 6/18/2015"
"Drugs","No","","71371","Terminated","The Compounding Pharmacy of America","6216 Highland Place Way Ste 101-A","N/A","Knoxville","TN","	37919-4068","United States","Voluntary: Firm initiated","Telephone","Nationwide","D-1552-2015","Class II","Hydromorphone 5 mg/ml Solution, Sterile-Preservative Free, The Compounding Pharmacy of America, Knoxville, TN","87 ml total","Lack of Assurance of Sterility; FDA inspection identified GMP violations potentially impacting product quality and sterility","06/02/2015","09/15/2015","02/10/2016","09/23/2015","All lots distributed between November 2014 and May 2015;  03022015@10, 5/31/2015; 04132015@4, 6/12/2015; 04222015@1, 6/21/2015"
"Drugs","No","","71371","Terminated","The Compounding Pharmacy of America","6216 Highland Place Way Ste 101-A","N/A","Knoxville","TN","	37919-4068","United States","Voluntary: Firm initiated","Telephone","Nationwide","D-1553-2015","Class II","Hydromorphone 60 mg/ml + Bupivacaine 30 mg/ml Solution, Sterile-Preservative Free, The Compounding Pharmacy of America, Knoxville, TN","44 ml total","Lack of Assurance of Sterility; FDA inspection identified GMP violations potentially impacting product quality and sterility","06/02/2015","09/15/2015","02/10/2016","09/23/2015","All lots distributed between November 2014 and May 2015;  02252015@59, 5/26/2015; 03202015@55, 6/18/2015"
"Drugs","No","","71371","Terminated","The Compounding Pharmacy of America","6216 Highland Place Way Ste 101-A","N/A","Knoxville","TN","	37919-4068","United States","Voluntary: Firm initiated","Telephone","Nationwide","D-1554-2015","Class II","Hydromorphone 65 mg/ml Solution, Sterile-Preservative Free, The Compounding Pharmacy of America, Knoxville, TN","43 ml total","Lack of Assurance of Sterility; FDA inspection identified GMP violations potentially impacting product quality and sterility","06/02/2015","09/15/2015","02/10/2016","09/23/2015","All lots distributed between November 2014 and May 2015;  03162015@5, 6/14/2015"
"Drugs","No","","71371","Terminated","The Compounding Pharmacy of America","6216 Highland Place Way Ste 101-A","N/A","Knoxville","TN","	37919-4068","United States","Voluntary: Firm initiated","Telephone","Nationwide","D-1555-2015","Class II","Hydromorphone 70 mg/ml Solution, Sterile-Preservative Free, The Compounding Pharmacy of America, Knoxville, TN","22 ml total","Lack of Assurance of Sterility; FDA inspection identified GMP violations potentially impacting product quality and sterility","06/02/2015","09/15/2015","02/10/2016","09/23/2015","All lots distributed between November 2014 and May 2015;  03202015@85, 6/18/2015"
"Drugs","No","","71371","Terminated","The Compounding Pharmacy of America","6216 Highland Place Way Ste 101-A","N/A","Knoxville","TN","	37919-4068","United States","Voluntary: Firm initiated","Telephone","Nationwide","D-1556-2015","Class II","Hydroxocobalamin 1,000 mcg/ml Injection, Multi-Dose Vial, Sterile, Refrigerate, The Compounding Pharmacy of America, Knoxville, TN","1098 ml total","Lack of Assurance of Sterility; FDA inspection identified GMP violations potentially impacting product quality and sterility","06/02/2015","09/15/2015","02/10/2016","09/23/2015","All lots distributed between November 2014 and May 2015;  03202015@27, 6/18/2015; 04152015@1, 7/14/2015; 04222015@66, 7/21/2015; 05052015@5, 8/3/2015"
"Drugs","No","","71371","Terminated","The Compounding Pharmacy of America","6216 Highland Place Way Ste 101-A","N/A","Knoxville","TN","	37919-4068","United States","Voluntary: Firm initiated","Telephone","Nationwide","D-1557-2015","Class II","Hydroxocobalamin 10,000 mcg/ml Injection, Multi-Dose Vial, sterile, Refrigerate, The Compounding Pharmacy of America, Knoxville, TN","63 ml total","Lack of Assurance of Sterility; FDA inspection identified GMP violations potentially impacting product quality and sterility","06/02/2015","09/15/2015","02/10/2016","09/23/2015","All lots distributed between November 2014 and May 2015;  04212015@52,    7/20/2015"
"Drugs","No","","71371","Terminated","The Compounding Pharmacy of America","6216 Highland Place Way Ste 101-A","N/A","Knoxville","TN","	37919-4068","United States","Voluntary: Firm initiated","Telephone","Nationwide","D-1558-2015","Class II","Hydroxocobalamin 5,000 mcg/ml Injection, Multi-Dose Vial, Sterile, Refrigerate, The Compounding Pharmacy of America, Knoxville, TN","353 ml total","Lack of Assurance of Sterility; FDA inspection identified GMP violations potentially impacting product quality and sterility","06/02/2015","09/15/2015","02/10/2016","09/23/2015","All lots distributed between November 2014 and May 2015;  03032015@4, 6/1/2015; 03312015@71, 6/29/2015"
"Drugs","No","","71371","Terminated","The Compounding Pharmacy of America","6216 Highland Place Way Ste 101-A","N/A","Knoxville","TN","	37919-4068","United States","Voluntary: Firm initiated","Telephone","Nationwide","D-1559-2015","Class II","Hydroxocobalamin 10 mg/ml Folic Acid 4 mg/ml Injectable, ml Multi-Dose Vial, Sterile, Refrigerate, The Compounding Pharmacy of America, Knoxville, TN","165 ml total","Lack of Assurance of Sterility; FDA inspection identified GMP violations potentially impacting product quality and sterility","06/02/2015","09/15/2015","02/10/2016","09/23/2015","All lots distributed between November 2014 and May 2015;   03202015@28, 6/18/2015; 05042015@42, 8/2/2015"
"Drugs","No","","71371","Terminated","The Compounding Pharmacy of America","6216 Highland Place Way Ste 101-A","N/A","Knoxville","TN","	37919-4068","United States","Voluntary: Firm initiated","Telephone","Nationwide","D-1560-2015","Class II","Hydroxyprogesterone Caproate (17-HP) 250 mg/ml Injectable, Multi-Dose Vial, Room Temperature, The Compounding Pharmacy of America, Knoxville, TN","37 ml total","Lack of Assurance of Sterility; FDA inspection identified GMP violations potentially impacting product quality and sterility","06/02/2015","09/15/2015","02/10/2016","09/23/2015","All lots distributed between November 2014 and May 2015;  04162015@27, 10/13/2015; 04032015@20, 9/30/2015; 04202015@47, 10/17/2015"
"Drugs","No","","71371","Terminated","The Compounding Pharmacy of America","6216 Highland Place Way Ste 101-A","N/A","Knoxville","TN","	37919-4068","United States","Voluntary: Firm initiated","Telephone","Nationwide","D-1561-2015","Class II","L-Arginine 100 mg/ml Injectable, Multi-Dose Vial, Sterile, Refrigerate, The Compounding Pharmacy of America, Knoxville, TN","63 ml total","Lack of Assurance of Sterility; FDA inspection identified GMP violations potentially impacting product quality and sterility","06/02/2015","09/15/2015","02/10/2016","09/23/2015","All lots distributed between November 2014 and May 2015;   05042015@50, 6/8/2015"
"Drugs","No","","71371","Terminated","The Compounding Pharmacy of America","6216 Highland Place Way Ste 101-A","N/A","Knoxville","TN","	37919-4068","United States","Voluntary: Firm initiated","Telephone","Nationwide","D-1562-2015","Class II","Lidocaine 1% Injection, The Compounding Pharmacy of America, Knoxville, TN","160 ml","Lack of Assurance of Sterility; FDA inspection identified GMP violations potentially impacting product quality and sterility","06/02/2015","09/15/2015","02/10/2016","09/23/2015","All lots distributed between November 2014 and May 2015;  04062015@78, 7/5/2015"
"Drugs","No","","71371","Terminated","The Compounding Pharmacy of America","6216 Highland Place Way Ste 101-A","N/A","Knoxville","TN","	37919-4068","United States","Voluntary: Firm initiated","Telephone","Nationwide","D-1563-2015","Class II","Lidocaine 2% with Epinephrine 1:100,000 (Buffered) Vial, Sterile, Refrigerate, The Compounding Pharmacy of America, Knoxville, TN","45 ml total","Lack of Assurance of Sterility; FDA inspection identified GMP violations potentially impacting product quality and sterility","06/02/2015","09/15/2015","02/10/2016","09/23/2015","All lots distributed between November 2014 and May 2015;  05122015@20, 5/26/2015"
"Drugs","No","","71371","Terminated","The Compounding Pharmacy of America","6216 Highland Place Way Ste 101-A","N/A","Knoxville","TN","	37919-4068","United States","Voluntary: Firm initiated","Telephone","Nationwide","D-1564-2015","Class II","Magnesium Chloride 200 mg/ml (20%) Injection, Multi-Dose Vial, Sterile, Refrigerate, The Compounding Pharmacy of America, Knoxville, TN","924 ml total","Lack of Assurance of Sterility; FDA inspection identified GMP violations potentially impacting product quality and sterility","06/02/2015","09/15/2015","02/10/2016","09/23/2015","All lots distributed between November 2014 and May 2015;  04202015@79, 7/19/2015; 04072015@24, 7/6/2015; 04222015@10, 7/21/2015; 05052015@4, 8/3/2015"
"Drugs","No","","71371","Terminated","The Compounding Pharmacy of America","6216 Highland Place Way Ste 101-A","N/A","Knoxville","TN","	37919-4068","United States","Voluntary: Firm initiated","Telephone","Nationwide","D-1565-2015","Class II","Magnesium Sulfate 500 mg/ml Injectable, Multi-Dose Vial, Sterile, Refrigerate, The Compounding Pharmacy of America, Knoxville, TN","376 ml total","Lack of Assurance of Sterility; FDA inspection identified GMP violations potentially impacting product quality and sterility","06/02/2015","09/15/2015","02/10/2016","09/23/2015","All lots distributed between November 2014 and May 2015;  03122015@31, 6/10/2015; 03202015@23, 6/18/2015; 05042015@79, 8/2/2015, 04272015@75, 7/26/2015; 04292015@61, 7/28/2015"
"Drugs","No","","71371","Terminated","The Compounding Pharmacy of America","6216 Highland Place Way Ste 101-A","N/A","Knoxville","TN","	37919-4068","United States","Voluntary: Firm initiated","Telephone","Nationwide","D-1566-2015","Class II","Mannitol 5% Injectable, Multi-Dose Vial, Sterile, Room Temperature, The Compounding Pharmacy of America, Knoxville, TN","425 ml total","Lack of Assurance of Sterility; FDA inspection identified GMP violations potentially impacting product quality and sterility","06/02/2015","09/15/2015","02/10/2016","09/23/2015","All lots distributed between November 2014 and May 2015;  04072015@30, 7/6/2015; 05042015@23, 8/2/2015"
"Drugs","No","","71371","Terminated","The Compounding Pharmacy of America","6216 Highland Place Way Ste 101-A","N/A","Knoxville","TN","	37919-4068","United States","Voluntary: Firm initiated","Telephone","Nationwide","D-1567-2015","Class II","Methionine 25 mg/ml + Inositol 50 mg/ml + Choline 25 mg/ml Injectable, Multi-Dose Vial, Sterile, Room Temperature, The Compounding Pharmacy of America, Knoxville, TN","2442 ml total","Lack of Assurance of Sterility; FDA inspection identified GMP violations potentially impacting product quality and sterility","06/02/2015","09/15/2015","02/10/2016","09/23/2015","All lots distributed between November 2014 and May 2015;  04222015@75, 7/21/2015"
"Drugs","No","","71371","Terminated","The Compounding Pharmacy of America","6216 Highland Place Way Ste 101-A","N/A","Knoxville","TN","	37919-4068","United States","Voluntary: Firm initiated","Telephone","Nationwide","D-1568-2015","Class II","Methionine 25 mg/ml + Inositol 50 mg/ml + Choline 50 mg/ml Injectable, Multi-Dose Vial, Sterile, Room Temperature, The Compounding Pharmacy of America, Knoxville, TN","63 ml total","Lack of Assurance of Sterility; FDA inspection identified GMP violations potentially impacting product quality and sterility","06/02/2015","09/15/2015","02/10/2016","09/23/2015","All lots distributed between November 2014 and May 2015;  04212015@8, 7/20/2015; 03032015@11, 6/1/2015; 03102015@49, 6/8/2015; 03192015@9, 6/17/2015; 05042015@14, 8/2/2015; 04072015@20, 7/6/2015; 05042015@51, 8/2/2015"
"Drugs","No","","71371","Terminated","The Compounding Pharmacy of America","6216 Highland Place Way Ste 101-A","N/A","Knoxville","TN","	37919-4068","United States","Voluntary: Firm initiated","Telephone","Nationwide","D-1569-2015","Class II","Methylcobalamin 1,000 mcg/ml Injectable, Multi-Dose Vial, Sterile, Refrigerate, The Compounding Pharmacy of America, Knoxville, TN","1588 ml total","Lack of Assurance of Sterility; FDA inspection identified GMP violations potentially impacting product quality and sterility","06/02/2015","09/15/2015","02/10/2016","09/23/2015","All lots distributed between November 2014 and May 2015;  03022015@86, 5/31/2015; 04012015@71, 6/30/2015; 02202015@43, 5/21/2015,; 2232015@74, 5/24/2015; 02272015@70, 5/28/2015; 03052015@8, 6/3/2015; 03102015@61, 6/8/2015; 03092015@97, 6/7/2015; 03202015@98, 6/18/2015; 03232015@62, 6/21/2015; 03272015@50, 6/25/2015; 03312015@47, 6/29/2015; 04022015@20, 7/1/2015; 04062015@1, 7/5/2015; 04062015@61, 7/5/2015; 04132015@49, 7/12/2015; 04132015@53, 7/12/2015; 04152015@26, 7/14/2015; 04162015@20, 7/15/2015; 04222015@41, 7/21/2015; 04162015@50, 7/15/2015; 05012015@52, 7/30/2015; 04242015@64, 7/1/2015; 04302015@3, 7/29/2015; 04302015@40, 7/29/2015; 04302015@43, 7/29/2015; 04292015@99, 7/28/2015; 05062015@19, 8/4/2015; 05122015@14, 7/11/2015"
"Drugs","No","","71371","Terminated","The Compounding Pharmacy of America","6216 Highland Place Way Ste 101-A","N/A","Knoxville","TN","	37919-4068","United States","Voluntary: Firm initiated","Telephone","Nationwide","D-1570-2015","Class II","Methylcobalamin 10,000 mcg/ml Injectable, Multi-Dose Vial, Sterile, Refrigerate, The Compounding Pharmacy of America, Knoxville, TN","255 ml total","Lack of Assurance of Sterility; FDA inspection identified GMP violations potentially impacting product quality and sterility","06/02/2015","09/15/2015","02/10/2016","09/23/2015","All lots distributed between November 2014 and May 2015;  03052015@5, 6/3/2015; 03162015@63, 6/14/2015; 04222015@70, 7/21/2015"
"Drugs","No","","71371","Terminated","The Compounding Pharmacy of America","6216 Highland Place Way Ste 101-A","N/A","Knoxville","TN","	37919-4068","United States","Voluntary: Firm initiated","Telephone","Nationwide","D-1571-2015","Class II","Methylcobalamin 4,000 mcg/ml Injectable, Multi-Dose Vial, Sterile, Refrigerate, The Compounding Pharmacy of America, Knoxville, TN","79 ml total","Lack of Assurance of Sterility; FDA inspection identified GMP violations potentially impacting product quality and sterility","06/02/2015","09/15/2015","02/10/2016","09/23/2015","All lots distributed between November 2014 and May 2015;  03062015@27, 6/4/2015; 03182015@45, 6/16/2015"
"Drugs","No","","71371","Terminated","The Compounding Pharmacy of America","6216 Highland Place Way Ste 101-A","N/A","Knoxville","TN","	37919-4068","United States","Voluntary: Firm initiated","Telephone","Nationwide","D-1572-2015","Class II","Methylcobalamin 5,000 mcg/ml Injectable,  Multi-Dose Vial, Sterile, Refrigerate, The Compounding Pharmacy of America, Knoxville, TN","33 ml total","Lack of Assurance of Sterility; FDA inspection identified GMP violations potentially impacting product quality and sterility","06/02/2015","09/15/2015","02/10/2016","09/23/2015","All lots distributed between November 2014 and May 2015;  03042015@15, 6/2/2015"
"Drugs","No","","71371","Terminated","The Compounding Pharmacy of America","6216 Highland Place Way Ste 101-A","N/A","Knoxville","TN","	37919-4068","United States","Voluntary: Firm initiated","Telephone","Nationwide","D-1573-2015","Class II","Methylcobalamin 25,000 mcg/ml Intramuscular, Multi-Dose Vial, Sterile, Refrigerate, The Compounding Pharmacy of America, Knoxville, TN","99 ml total","Lack of Assurance of Sterility; FDA inspection identified GMP violations potentially impacting product quality and sterility","06/02/2015","09/15/2015","02/10/2016","09/23/2015","All lots distributed between November 2014 and May 2015;  02192015@39, 5/20/2015; 03172015@46, 6/15/2015; 04162015@43, 7/15/2015"
"Drugs","No","","71371","Terminated","The Compounding Pharmacy of America","6216 Highland Place Way Ste 101-A","N/A","Knoxville","TN","	37919-4068","United States","Voluntary: Firm initiated","Telephone","Nationwide","D-1574-2015","Class II","Methylcobalamin 10 mg/ml + 5 Methyl Tetrahydrofolate 4 mg/ml Injectable, Sterile-Multi-Dose Vial,Refrigerate, The Compounding Pharmacy of America, Knoxville, TN","78 ml total","Lack of Assurance of Sterility; FDA inspection identified GMP violations potentially impacting product quality and sterility","06/02/2015","09/15/2015","02/10/2016","09/23/2015","All lots distributed between November 2014 and May 2015;  04212015@36, 7/20/2015; 03202015@56, 6/18/2015; 03182015@10, 6/16/2015"
"Drugs","No","","71371","Terminated","The Compounding Pharmacy of America","6216 Highland Place Way Ste 101-A","N/A","Knoxville","TN","	37919-4068","United States","Voluntary: Firm initiated","Telephone","Nationwide","D-1575-2015","Class II","Methylcobalamin 1,000 mcg/ml + Hydroxocobalamin 1,000 mcg/ml Injectable, Preservative Free, Sterile, Refrigerate, The Compounding Pharmacy of America, Knoxville, TN","32 ml total","Lack of Assurance of Sterility; FDA inspection identified GMP violations potentially impacting product quality and sterility","06/02/2015","09/15/2015","02/10/2016","09/23/2015","All lots distributed between November 2014 and May 2015;  04202015@81, 7/19/2015"
"Drugs","No","","71371","Terminated","The Compounding Pharmacy of America","6216 Highland Place Way Ste 101-A","N/A","Knoxville","TN","	37919-4068","United States","Voluntary: Firm initiated","Telephone","Nationwide","D-1576-2015","Class II","Methylcobalamin 7.5 mg/ml + Methionine 25 mg/ml + Inositol 50 mg/ml + Choline 50 mg/ml Injection, Multi-Dose Vial, Sterile, Room Temperature, The Compounding Pharmacy of America, Knoxville, TN","188 ml total","Lack of Assurance of Sterility; FDA inspection identified GMP violations potentially impacting product quality and sterility","06/02/2015","09/15/2015","02/10/2016","09/23/2015","All lots distributed between November 2014 and May 2015;  02272015@17, 5/28/2015; 04082015@47, 7/7/2015"
"Drugs","No","","71371","Terminated","The Compounding Pharmacy of America","6216 Highland Place Way Ste 101-A","N/A","Knoxville","TN","	37919-4068","United States","Voluntary: Firm initiated","Telephone","Nationwide","D-1577-2015","Class II","MIC+Methylcobalamin 4000 mcg/ml Injection, Multi-Dose Vial, Sterile, Room Temperature, The Compounding Pharmacy of America, Knoxville, TN","1076 ml total","Lack of Assurance of Sterility; FDA inspection identified GMP violations potentially impacting product quality and sterility","06/02/2015","09/15/2015","02/10/2016","09/23/2015","All lots distributed between November 2014 and May 2015;  03172015@50, 6/15/2015; 04142015@11, 7/13/2015; 03232015@32, 6/21/2015; 03232015@37, 6/21/2015; 03302015@53, 6/28/2015; 04142015@10, 7/13/2015; 04302015@47, 7/29/2015; 04292015@84, 7/28/2015; 05042015@55, 8/2/2015"
"Drugs","No","","71371","Terminated","The Compounding Pharmacy of America","6216 Highland Place Way Ste 101-A","N/A","Knoxville","TN","	37919-4068","United States","Voluntary: Firm initiated","Telephone","Nationwide","D-1578-2015","Class II","MIC-B COMPLEX Injectable, Multi-Dose Vial, Sterile, Room Temperature, The Compounding Pharmacy of America, Knoxville, TN","155 ml total","Lack of Assurance of Sterility; FDA inspection identified GMP violations potentially impacting product quality and sterility","06/02/2015","09/15/2015","02/10/2016","09/23/2015","All lots distributed between November 2014 and May 2015;  02242015@38, 5/25/2015; 05082015@25, 8/6/2015"
"Drugs","No","","71371","Terminated","The Compounding Pharmacy of America","6216 Highland Place Way Ste 101-A","N/A","Knoxville","TN","	37919-4068","United States","Voluntary: Firm initiated","Telephone","Nationwide","D-1579-2015","Class II","MIC-B12+B6 Injection, Multi-Dose Vial, Sterile, Room Temperature, The Compounding Pharmacy of America, Knoxville, TN","473 ml total","Lack of Assurance of Sterility; FDA inspection identified GMP violations potentially impacting product quality and sterility","06/02/2015","09/15/2015","02/10/2016","09/23/2015","All lots distributed between November 2014 and May 2015;   02232015@93, 5/24/2015; 03132015@21, 6/11/2015, 04062015@38, 7/5/2015; 04082015@17, 7/7/2015; 04272015@83, 7/26/2015"
"Drugs","No","","71371","Terminated","The Compounding Pharmacy of America","6216 Highland Place Way Ste 101-A","N/A","Knoxville","TN","	37919-4068","United States","Voluntary: Firm initiated","Telephone","Nationwide","D-1580-2015","Class II","MIC-PLUS Carnitine Injectable, Multi-Dose Vial, Sterile, Room Temperature, The Compounding Pharmacy of America, Knoxville, TN","806 ml total volume","Lack of Assurance of Sterility; FDA inspection identified GMP violations potentially impacting product quality and sterility","06/02/2015","09/15/2015","02/10/2016","09/23/2015","All lots distributed between November 2014 and May 2015;  02252015@29, 5/26/2015; 03112015@36, 6/9/2015; 03192015@18, 6/17/2015; 04162015@40, 7/15/2015"
"Drugs","No","","71371","Terminated","The Compounding Pharmacy of America","6216 Highland Place Way Ste 101-A","N/A","Knoxville","TN","	37919-4068","United States","Voluntary: Firm initiated","Telephone","Nationwide","D-1581-2015","Class II","Mitomycin 0.02% Ophthalmic Solution, single dose dropper, Keep Frozen, The Compounding Pharmacy of America, Knoxville, TN","78 ml total volume","Lack of Assurance of Sterility; FDA inspection identified GMP violations potentially impacting product quality and sterility","06/02/2015","09/15/2015","02/10/2016","09/23/2015","All lots distributed between November 2014 and May 2015;  06132014@45, 6/13/2015; 02032015@82, 2/3/2016; 03242015@26, 3/23/2016; 08142014@46, 8/14/2015; 07172014@54, 7/17/2015; 12032014@77, 12/3/2015;   03102015@23, 3/9/2016; 03042015@44, 3/3/2016"
"Drugs","No","","71371","Terminated","The Compounding Pharmacy of America","6216 Highland Place Way Ste 101-A","N/A","Knoxville","TN","	37919-4068","United States","Voluntary: Firm initiated","Telephone","Nationwide","D-1582-2015","Class II","Mitomycin 0.03% Ophthalmic Solution, ml single dose dropper, Keep Frozen, The Compounding Pharmacy of America, Knoxville, TN","N/A","Lack of Assurance of Sterility; FDA inspection identified GMP violations potentially impacting product quality and sterility","06/02/2015","09/15/2015","02/10/2016","09/23/2015","All lots distributed between November 2014 and May 2015;  05112015@22, 5/10/2016; 10202014@63, 10/20/2015; 10272014@17, 10/27/2015; 11102014@20, 11/10/2015; 12302014@8, 12/30/2015; 08252014@26, 8/25/2015; 08262014@20, 8/26/2015; 09052014@13, 9/5/2015; 01262015@15, 1/26/2016; 01022015@22, 1/2/2016; 02232015@50, 2/23/2016; 04132015@59, 4/12/2016;   04222015@40, 4/21/2016; 05062015@21, 5/5/2016; 06042014@17, 6/4/2015"
"Drugs","No","","71371","Terminated","The Compounding Pharmacy of America","6216 Highland Place Way Ste 101-A","N/A","Knoxville","TN","	37919-4068","United States","Voluntary: Firm initiated","Telephone","Nationwide","D-1583-2015","Class II","Mitomycin 40 mg/40 ml Sodium Chloride 0.9% Injection, Single Dose Syringe, Refrigerate, The Compounding Pharmacy of America, Knoxville, TN","2255 ml total volume","Lack of Assurance of Sterility; FDA inspection identified GMP violations potentially impacting product quality and sterility","06/02/2015","09/15/2015","02/10/2016","09/23/2015","All lots distributed between November 2014 and May 2015;  10222014@55, 10/22/2015; 10032014@43, 10/3/2015; 12012014@42, 12/1/2015; 01092015@35, 1/9/2016; 02022015@52, 2/2/2016; 02232015@78, 2/23/2016; 03122015@81, 3/11/2016; 03312015@38, 3/30/2016"
"Drugs","No","","71371","Terminated","The Compounding Pharmacy of America","6216 Highland Place Way Ste 101-A","N/A","Knoxville","TN","	37919-4068","United States","Voluntary: Firm initiated","Telephone","Nationwide","D-1584-2015","Class II","Mitomycin 40 mg/50 ml Sodium Chloride 0.9% Injection, Single Dose Syringe, The Compounding Pharmacy of America, Knoxville, TN","315 ml total volume","Lack of Assurance of Sterility; FDA inspection identified GMP violations potentially impacting product quality and sterility","06/02/2015","09/15/2015","02/10/2016","09/23/2015","All lots distributed between November 2014 and May 2015;  03102015@55, 3/9/2016; 03172015@62, 3/16/2016; 04102015@7, 4/9/2016"
"Drugs","No","","71371","Terminated","The Compounding Pharmacy of America","6216 Highland Place Way Ste 101-A","N/A","Knoxville","TN","	37919-4068","United States","Voluntary: Firm initiated","Telephone","Nationwide","D-1585-2015","Class II","Morphine 10 mg/ml Solution, Sterile-Preservative Free, The Compounding Pharmacy of America, Knoxville, TN","429 ml total volume","Lack of Assurance of Sterility; FDA inspection identified GMP violations potentially impacting product quality and sterility","06/02/2015","09/15/2015","02/10/2016","09/23/2015","All lots distributed between November 2014 and May 2015;  02252015@1, 5/26/2015; 03062015@38, 6/4/2015; 03162015@77, 6/14/2015; 03242015@44, 6/22/2015; 03242015@51, 6/22/2015; 04072015@58, 7/6/2015; 04132015@6, 6/12/2015; 04142015@60, 6/13/2015; 04222015@12, 6/21/2015; 05122015@16, 7/11/2015"
"Drugs","No","","71371","Terminated","The Compounding Pharmacy of America","6216 Highland Place Way Ste 101-A","N/A","Knoxville","TN","	37919-4068","United States","Voluntary: Firm initiated","Telephone","Nationwide","D-1586-2015","Class II","Morphine 12.5 mg/ml Solution, Sterile-Preservative Free,The Compounding Pharmacy of America, Knoxville, TN","151 ml total volume","Lack of Assurance of Sterility; FDA inspection identified GMP violations potentially impacting product quality and sterility","06/02/2015","09/15/2015","02/10/2016","09/23/2015","All lots distributed between November 2014 and May 2015;  03022015@13, 5/31/2015; 03162015@51, 6/14/2015; 04072015@59, 7/6/2015; 04272015@26, 7/26/2015"
"Drugs","No","","71371","Terminated","The Compounding Pharmacy of America","6216 Highland Place Way Ste 101-A","N/A","Knoxville","TN","	37919-4068","United States","Voluntary: Firm initiated","Telephone","Nationwide","D-1587-2015","Class II","Morphine 15 mg/ml Solution, Sterile-Preservative Free,  The Compounding Pharmacy of America, Knoxville, TN","86 ml total volume","Lack of Assurance of Sterility; FDA inspection identified GMP violations potentially impacting product quality and sterility","06/02/2015","09/15/2015","02/10/2016","09/23/2015","All lots distributed between November 2014 and May 2015;  03162015@54, 6/14/2015; 04222015@14, 7/21/2015"
"Drugs","No","","71371","Terminated","The Compounding Pharmacy of America","6216 Highland Place Way Ste 101-A","N/A","Knoxville","TN","	37919-4068","United States","Voluntary: Firm initiated","Telephone","Nationwide","D-1588-2015","Class II","Morphine 20 mg/ml Solution, Sterile-Preservative Free, The Compounding Pharmacy of America, Knoxville, TN","235 ml total volume","Lack of Assurance of Sterility; FDA inspection identified GMP violations potentially impacting product quality and sterility","06/02/2015","09/15/2015","02/10/2016","09/23/2015","All lots distributed between November 2014 and May 2015;  03122015@98, 6/10/2015; 03162015@57, 6/14/2015; 03162015@79, 6/14/2015; 04062015@42, 7/5/2015; 05042015@4, 7/2/2015; 05042015@69, 7/3/2015; 05122015@17, 7/11/2015"
"Drugs","No","","71371","Terminated","The Compounding Pharmacy of America","6216 Highland Place Way Ste 101-A","N/A","Knoxville","TN","	37919-4068","United States","Voluntary: Firm initiated","Telephone","Nationwide","D-1589-2015","Class II","Morphine 20 mg/ml + Clonidine 400 mcg/ml Solution Sterile-Preservative Free, The Compounding Pharmacy of America, Knoxville, TN","43 ml total volume","Lack of Assurance of Sterility; FDA inspection identified GMP violations potentially impacting product quality and sterility","06/02/2015","09/15/2015","02/10/2016","09/23/2015","All lots distributed between November 2014 and May 2015;  03022015@81, 5/31/2015"
"Drugs","No","","71371","Terminated","The Compounding Pharmacy of America","6216 Highland Place Way Ste 101-A","N/A","Knoxville","TN","	37919-4068","United States","Voluntary: Firm initiated","Telephone","Nationwide","D-1590-2015","Class II","Morphine 20 mg/ml + Clonidine 500 mcg/ml Solution, Sterile-Preservative Free, The Compounding Pharmacy of America, Knoxville, TN","66 ml total volume","Lack of Assurance of Sterility; FDA inspection identified GMP violations potentially impacting product quality and sterility","06/02/2015","09/15/2015","02/10/2016","09/23/2015","All lots distributed between November 2014 and May 2015;  03092015@11, 6/7/2015; 03302015@7, 6/28/2015; 4242015@50, 7/23/2015"
"Drugs","No","","71371","Terminated","The Compounding Pharmacy of America","6216 Highland Place Way Ste 101-A","N/A","Knoxville","TN","	37919-4068","United States","Voluntary: Firm initiated","Telephone","Nationwide","D-1591-2015","Class II","Morphine 25 mg/ml + Baclofen 100 mcg/ml Solution, Sterile-Preservative Free, The Compounding Pharmacy of America, Knoxville, TN","86 ml total volume","Lack of Assurance of Sterility; FDA inspection identified GMP violations potentially impacting product quality and sterility","06/02/2015","09/15/2015","02/10/2016","09/23/2015","All lots distributed between November 2014 and May 2015;  03022015@22, 5/31/2015; 04072015@66, 7/6/2015"
"Drugs","No","","71371","Terminated","The Compounding Pharmacy of America","6216 Highland Place Way Ste 101-A","N/A","Knoxville","TN","	37919-4068","United States","Voluntary: Firm initiated","Telephone","Nationwide","D-1592-2015","Class II","Morphine 25 mg/ml Solution, Sterile-Preservative Free, The Compounding Pharmacy of America, Knoxville, TN","458 ml total volume","Lack of Assurance of Sterility; FDA inspection identified GMP violations potentially impacting product quality and sterility","06/02/2015","09/15/2015","02/10/2016","09/23/2015","All lots distributed between November 2014 and May 2015;  02252015@2, 5/26/2015; 03022015@14, 5/31/2015; 03242015@63, 6/22/2015;   04072015@62, 7/6/2015; 04222015@15, 7/21/2015"
"Drugs","No","","71371","Terminated","The Compounding Pharmacy of America","6216 Highland Place Way Ste 101-A","N/A","Knoxville","TN","	37919-4068","United States","Voluntary: Firm initiated","Telephone","Nationwide","D-1593-2015","Class II","Morphine 30 mg/ml + Baclofen 10 mcg/ml Solution, Sterile-Preservative Free, The Compounding Pharmacy of America, Knoxville, TN","43 ml total volume","Lack of Assurance of Sterility; FDA inspection identified GMP violations potentially impacting product quality and sterility","06/02/2015","09/15/2015","02/10/2016","09/23/2015","All lots distributed between November 2014 and May 2015;  03242015@74, 6/22/2015"
"Drugs","No","","71371","Terminated","The Compounding Pharmacy of America","6216 Highland Place Way Ste 101-A","N/A","Knoxville","TN","	37919-4068","United States","Voluntary: Firm initiated","Telephone","Nationwide","D-1594-2015","Class II","Morphine 30 mg/ml + Bupivacaine 5 mg/ml Solution, Sterile-Preservative Free, The Compounding Pharmacy of America, Knoxville, TN","129 ml total volume","Lack of Assurance of Sterility; FDA inspection identified GMP violations potentially impacting product quality and sterility","06/02/2015","09/15/2015","02/10/2016","09/23/2015","All lots distributed between November 2014 and May 2015;  02252015@10, 5/26/2015; 03242015@75, 6/22/2015; 04222015@20, 7/21/2015"
"Drugs","No","","71371","Terminated","The Compounding Pharmacy of America","6216 Highland Place Way Ste 101-A","N/A","Knoxville","TN","	37919-4068","United States","Voluntary: Firm initiated","Telephone","Nationwide","D-1595-2015","Class II","Morphine 30 mg/ml + Clonidine 250 mcg/ml Solution, Sterile-Preservative Free, The Compounding Pharmacy of America, Knoxville, TN","87 ml total volume","Lack of Assurance of Sterility; FDA inspection identified GMP violations potentially impacting product quality and sterility","06/02/2015","09/15/2015","02/10/2016","09/23/2015","All lots distributed between November 2014 and May 2015;  03092015@20, 6/7/2015; 03202015@72, 6/18/2015; 04132015@9, 6/12/2015"
"Drugs","No","","71371","Terminated","The Compounding Pharmacy of America","6216 Highland Place Way Ste 101-A","N/A","Knoxville","TN","	37919-4068","United States","Voluntary: Firm initiated","Telephone","Nationwide","D-1596-2015","Class II","Morphine 33 mg/ml Solution, Sterile-Preservative Free, The Compounding Pharmacy of America, Knoxville, TN","43 ml total volume","Lack of Assurance of Sterility; FDA inspection identified GMP violations potentially impacting product quality and sterility","06/02/2015","09/15/2015","02/10/2016","09/23/2015","All lots distributed between November 2014 and May 2015;  03242015@68, 6/22/2015"
"Drugs","No","","71371","Terminated","The Compounding Pharmacy of America","6216 Highland Place Way Ste 101-A","N/A","Knoxville","TN","	37919-4068","United States","Voluntary: Firm initiated","Telephone","Nationwide","D-1597-2015","Class II","Morphine 35 mg/ml Solution, Sterile-Preservative Free, The Compounding Pharmacy of America, Knoxville, TN","296 ml total volume","Lack of Assurance of Sterility; FDA inspection identified GMP violations potentially impacting product quality and sterility","06/02/2015","09/15/2015","02/10/2016","09/23/2015","All lots distributed between November 2014 and May 2015;  04142015@64, 7/13/2015; 02252015@4, 5/26/2015; 03162015@59, 6/14/2015;  03242015@71, 6/22/2015; 04222015@17, 6/21/2015"
"Drugs","No","","71371","Terminated","The Compounding Pharmacy of America","6216 Highland Place Way Ste 101-A","N/A","Knoxville","TN","	37919-4068","United States","Voluntary: Firm initiated","Telephone","Nationwide","D-1598-2015","Class II","Morphine 36 mg/ml + Bupivacaine 40 mg/ml Solution, Sterile- Preservative Free, The Compounding Pharmacy of America, Knoxville, TN","22 ml total volume","Lack of Assurance of Sterility; FDA inspection identified GMP violations potentially impacting product quality and sterility","06/02/2015","09/15/2015","02/10/2016","09/23/2015","All lots distributed between November 2014 and May 2015;  03022015@83, 5/31/2015"
"Drugs","No","","71371","Terminated","The Compounding Pharmacy of America","6216 Highland Place Way Ste 101-A","N/A","Knoxville","TN","	37919-4068","United States","Voluntary: Firm initiated","Telephone","Nationwide","D-1599-2015","Class II","Morphine 40 mg/ml Solution, Sterile-Preservative Free, The Compounding Pharmacy of America, Knoxville, TN","103 ml total volume","Lack of Assurance of Sterility; FDA inspection identified GMP violations potentially impacting product quality and sterility","06/02/2015","09/15/2015","02/10/2016","09/23/2015","All lots distributed between November 2014 and May 2015;  02252015@5, 5/26/2015; 03022015@19, 5/31/2015; 04062015@48, 7/5/2015; 04212015@23, 7/20/2015"
"Drugs","No","","71371","Terminated","The Compounding Pharmacy of America","6216 Highland Place Way Ste 101-A","N/A","Knoxville","TN","	37919-4068","United States","Voluntary: Firm initiated","Telephone","Nationwide","D-1600-2015","Class II","Morphine 40 mg/ml + Bupivacaine 16 mg/ml Solution, Sterile-Preservative Free, The Compounding Pharmacy of America, Knoxville, TN","43 ml total volume","Lack of Assurance of Sterility; FDA inspection identified GMP violations potentially impacting product quality and sterility","06/02/2015","09/15/2015","02/10/2016","09/23/2015","All lots distributed between November 2014 and May 2015;  03162015@7, 6/14/2015"
"Drugs","No","","71371","Terminated","The Compounding Pharmacy of America","6216 Highland Place Way Ste 101-A","N/A","Knoxville","TN","	37919-4068","United States","Voluntary: Firm initiated","Telephone","Nationwide","D-1601-2015","Class II","Morphine 40 mg/ml + Bupivacaine 8 mg/ml Solution, Sterile-Preservative Free, The Compounding Pharmacy of America, Knoxville, TN","43 ml total volume","Lack of Assurance of Sterility; FDA inspection identified GMP violations potentially impacting product quality and sterility","06/02/2015","09/15/2015","02/10/2016","09/23/2015","All lots distributed between November 2014 and May 2015;  03162015@6, 6/14/2015"
"Drugs","No","","71371","Terminated","The Compounding Pharmacy of America","6216 Highland Place Way Ste 101-A","N/A","Knoxville","TN","	37919-4068","United States","Voluntary: Firm initiated","Telephone","Nationwide","D-1602-2015","Class II","Morphine 40 mg/ml + Clonidine 500 mcg/ml Solution, Sterile-Preservative Free, The Compounding Pharmacy of America, Knoxville, TN","45 ml total volume","Lack of Assurance of Sterility; FDA inspection identified GMP violations potentially impacting product quality and sterility","06/02/2015","09/15/2015","02/10/2016","09/23/2015","All lots distributed between November 2014 and May 2015;  05042015@3, 8/2/2015; 03122015@101, 5/20/2015"
"Drugs","No","","71371","Terminated","The Compounding Pharmacy of America","6216 Highland Place Way Ste 101-A","N/A","Knoxville","TN","	37919-4068","United States","Voluntary: Firm initiated","Telephone","Nationwide","D-1603-2015","Class II","Morphine 40 mg/ml + Fentanyl 2,000 mcg/ml Solution, Sterile-Preservative Free, The Compounding Pharmacy of America, Knoxville, TN","86 ml total volume","Lack of Assurance of Sterility; FDA inspection identified GMP violations potentially impacting product quality and sterility","06/02/2015","09/15/2015","02/10/2016","09/23/2015","All lots distributed between November 2014 and May 2015;   04142015@73, 7/13/2015; 03162015@65, 6/14/2015"
"Drugs","No","","71371","Terminated","The Compounding Pharmacy of America","6216 Highland Place Way Ste 101-A","N/A","Knoxville","TN","	37919-4068","United States","Voluntary: Firm initiated","Telephone","Nationwide","D-1604-2015","Class II","Morphine 42 mg/ml + Bupivacaine 8 mg/ml Solution, Sterile-Preservative Free, The Compounding Pharmacy of America, Knoxville, TN","44 ml total volume","Lack of Assurance of Sterility; FDA inspection identified GMP violations potentially impacting product quality and sterility","06/02/2015","09/15/2015","02/10/2016","09/23/2015","All lots distributed between November 2014 and May 2015;  03122015@4, 6/10/2015; 05012015@22, 7/30/2015"
"Drugs","No","","71371","Terminated","The Compounding Pharmacy of America","6216 Highland Place Way Ste 101-A","N/A","Knoxville","TN","	37919-4068","United States","Voluntary: Firm initiated","Telephone","Nationwide","D-1605-2015","Class II","Morphine 45 mg/ml Solution, Sterile-Preservative Free, The Compounding Pharmacy of America, Knoxville, TN","22 ml total volume","Lack of Assurance of Sterility; FDA inspection identified GMP violations potentially impacting product quality and sterility","06/02/2015","09/15/2015","02/10/2016","09/23/2015","All lots distributed between November 2014 and May 2015;  03232015@6/21/2015"
"Drugs","No","","71371","Terminated","The Compounding Pharmacy of America","6216 Highland Place Way Ste 101-A","N/A","Knoxville","TN","	37919-4068","United States","Voluntary: Firm initiated","Telephone","Nationwide","D-1606-2015","Class II","Morphine 45 mg/ml + Bupivacaine 40 mg/ml Solution, Sterile-Preservative Free, The Compounding Pharmacy of America, Knoxville, TN","23 ml total volume","Lack of Assurance of Sterility; FDA inspection identified GMP violations potentially impacting product quality and sterility","06/02/2015","09/15/2015","02/10/2016","09/23/2015","All lots distributed between November 2014 and May 2015;  04142015@80; 7/13/2015"
"Drugs","No","","71371","Terminated","The Compounding Pharmacy of America","6216 Highland Place Way Ste 101-A","N/A","Knoxville","TN","	37919-4068","United States","Voluntary: Firm initiated","Telephone","Nationwide","D-1607-2015","Class II","Morphine 50 mg/ml Solution, Sterile-Preservative Free, The Compounding Pharmacy of America, Knoxville, TN","944 ml total volume","Lack of Assurance of Sterility; FDA inspection identified GMP violations potentially impacting product quality and sterility","06/02/2015","09/15/2015","02/10/2016","09/23/2015","All lots distributed between November 2014 and May 2015;  04142015@54, 6/13/2015; 04092015@68, 6/8/2015; 02252015@6, 5/26/2015; 05042015@68, 7/3/2015; 03022015@20, 05/31/2015; 031192015@5, 6/9/2015; 03092015@22, 6/7/2015; 03122015@3, 6/10/2015; 03162015@81, 6/14/2015; 03242015@74, 6/22/2015, 03302015@64, 6/28/2015; 04062015@46, 7/5/2015; 04212015@25, 6/20/2015; 04222015@18, 6/21/2015, 04242015@56, 6/23/2015; 04272015@29, 6/26/2015; 05012015@18, 6/30/2015; 05082015@32, 7/7/2015"
"Drugs","No","","71371","Terminated","The Compounding Pharmacy of America","6216 Highland Place Way Ste 101-A","N/A","Knoxville","TN","	37919-4068","United States","Voluntary: Firm initiated","Telephone","Nationwide","D-1608-2015","Class II","Morphine 50 mg/ml + Bupivacaine 2.5 mg/ml Solution, Sterile-Preservative Free, The Compounding Pharmacy of America, Knoxville, TN","43 ml total volume","Lack of Assurance of Sterility; FDA inspection identified GMP violations potentially impacting product quality and sterility","06/02/2015","09/15/2015","02/10/2016","09/23/2015","All lots distributed between November 2014 and May 2015;  04142015@77, 6/13/2015"
"Drugs","No","","71371","Terminated","The Compounding Pharmacy of America","6216 Highland Place Way Ste 101-A","N/A","Knoxville","TN","	37919-4068","United States","Voluntary: Firm initiated","Telephone","Nationwide","D-1609-2015","Class II","Morphine 50 mg/ml + Clonidine 100 mcg/ml Solution, Sterile-Preservative Free, The Compounding Pharmacy of America, Knoxville, TN","86 ml total volume","Lack of Assurance of Sterility; FDA inspection identified GMP violations potentially impacting product quality and sterility","06/02/2015","09/15/2015","02/10/2016","09/23/2015","All lots distributed between November 2014 and May 2015;    02272015@33, 5/28/2015; 04012015@3, 6/30/2015"
"Drugs","No","","71371","Terminated","The Compounding Pharmacy of America","6216 Highland Place Way Ste 101-A","N/A","Knoxville","TN","	37919-4068","United States","Voluntary: Firm initiated","Telephone","Nationwide","D-1610-2015","Class II","Morphine 50 mg/ml + Clonidine 200 mcg/ml Solution, Sterile-Preservative Free, The Compounding Pharmacy of America, Knoxville, TN","129 ml total volume","Lack of Assurance of Sterility; FDA inspection identified GMP violations potentially impacting product quality and sterility","06/02/2015","09/15/2015","02/10/2016","09/23/2015","All lots distributed between November 2014 and May 2015;  03222015@23, 5/31/2015; 04072015@68, 7/6/2015; 04142015@76, 7/13/2015"
"Drugs","No","","71371","Terminated","The Compounding Pharmacy of America","6216 Highland Place Way Ste 101-A","N/A","Knoxville","TN","	37919-4068","United States","Voluntary: Firm initiated","Telephone","Nationwide","D-1611-2015","Class II","Morphine 50 mg/ml +Fentanyl 1,000 mcg/ml Solution, Sterile-Preservative Free, The Compounding Pharmacy of America, Knoxville, TN","133 ml total volume","Lack of Assurance of Sterility; FDA inspection identified GMP violations potentially impacting product quality and sterility","06/02/2015","09/15/2015","02/10/2016","09/23/2015","All lots distributed between November 2014 and May 2015;    03022015@4, 5/31/2015; 03092015@12, 6/7/2015; 03302015@5, 6/28/2015; 04172015@44, 6/16/2015; 04032015@29, 7/202015; 04242015@57, 6/23/2015"
"Drugs","No","","71371","Terminated","The Compounding Pharmacy of America","6216 Highland Place Way Ste 101-A","N/A","Knoxville","TN","	37919-4068","United States","Voluntary: Firm initiated","Telephone","Nationwide","D-1612-2015","Class II","Morphine 60 mg/ml Solution, Sterile-Preservative Free, The Compounding Pharmacy of America, Knoxville, TN","43 ml total volume","Lack of Assurance of Sterility; FDA inspection identified GMP violations potentially impacting product quality and sterility","06/02/2015","09/15/2015","02/10/2016","09/23/2015","All lots distributed between November 2014 and May 2015;  02232015@19, 5/24/2015"
"Drugs","No","","71371","Terminated","The Compounding Pharmacy of America","6216 Highland Place Way Ste 101-A","N/A","Knoxville","TN","	37919-4068","United States","Voluntary: Firm initiated","Telephone","Nationwide","D-1613-2015","Class II","Morphine 64 mg/ml + Bupivacaine 10 mg/ml Solution, Sterile-Preservative Free, The Compounding Pharmacy of America, Knoxville, TN","33 ml total volume","Lack of Assurance of Sterility; FDA inspection identified GMP violations potentially impacting product quality and sterility","06/02/2015","09/15/2015","02/10/2016","09/23/2015","All lots distributed between November 2014 and May 2015;  04012015@4, 6/30/2015"
"Drugs","No","","71371","Terminated","The Compounding Pharmacy of America","6216 Highland Place Way Ste 101-A","N/A","Knoxville","TN","	37919-4068","United States","Voluntary: Firm initiated","Telephone","Nationwide","D-1614-2015","Class II","Morphine 70 mg/ml + Bupivacaine 40 mg/ml Solution, Sterile-Preservative Free, The Compounding Pharmacy of America, Knoxville, TN","44 ml total volume","Lack of Assurance of Sterility; FDA inspection identified GMP violations potentially impacting product quality and sterility","06/02/2015","09/15/2015","02/10/2016","09/23/2015","All lots distributed between November 2014 and May 2015  03222015@80, 5/31/2015; 03202015@77, 6/18/2015"
"Drugs","No","","71371","Terminated","The Compounding Pharmacy of America","6216 Highland Place Way Ste 101-A","N/A","Knoxville","TN","	37919-4068","United States","Voluntary: Firm initiated","Telephone","Nationwide","D-1615-2015","Class II","Morphine 70 mg/ml + Clonidine 1,100 mcg/ml Solution, Sterile-Preservative Free, The Compounding Pharmacy of America, Knoxville, TN","44 ml total volume","Lack of Assurance of Sterility; FDA inspection identified GMP violations potentially impacting product quality and sterility","06/02/2015","09/15/2015","02/10/2016","09/23/2015","All lots distributed between November 2014 and May 2015;  02232015@22, 5/24/2015; 03202015@81, 6/18/2015"
"Drugs","No","","71371","Terminated","The Compounding Pharmacy of America","6216 Highland Place Way Ste 101-A","N/A","Knoxville","TN","	37919-4068","United States","Voluntary: Firm initiated","Telephone","Nationwide","D-1616-2015","Class II","Nandrolone Decanoate 200 mg/ml Injection, ml Multi-Dose Vial, Sterile, Room Temperature, The Compounding Pharmacy of America, Knoxville, TN","169 ml total volume","Lack of Assurance of Sterility; FDA inspection identified GMP violations potentially impacting product quality and sterility","06/02/2015","09/15/2015","02/10/2016","09/23/2015","All lots distributed between November 2014 and May 2015:    02272015@1, 8/26/2015; 12182015@67, 6/16/2015; 02062015@141, 8/5/2015; 04222015@13, 9/29/2015; 04072015@33, 10/4/2015; 04212015@13, 10/18/2015; 04082015@7, 10/5/2015 ; 04142015@24, 10/11/2015; 04272015@84, 10/24/2015; and 05082015@7, 11/4/2015"
"Drugs","No","","71371","Terminated","The Compounding Pharmacy of America","6216 Highland Place Way Ste 101-A","N/A","Knoxville","TN","	37919-4068","United States","Voluntary: Firm initiated","Telephone","Nationwide","D-1617-2015","Class II","Nandrolone Decanoate 250 mg/ml Injection, ml Multi-Dose Vial, Sterile, Room Temperature, The Compounding Pharmacy of America, Knoxville, TN","24 ml total volume","Lack of Assurance of Sterility; FDA inspection identified GMP violations potentially impacting product quality and sterility","06/02/2015","09/15/2015","02/10/2016","09/23/2015","All lots distributed between November 2014 and May 2015;    03092015@49, 9/5/2015"
"Drugs","No","","71371","Terminated","The Compounding Pharmacy of America","6216 Highland Place Way Ste 101-A","N/A","Knoxville","TN","	37919-4068","United States","Voluntary: Firm initiated","Telephone","Nationwide","D-1618-2015","Class II","Neomycin + Polymyxin B+ Bacitracin Ophthalmic Ointment, grams, Refrigerate, The Compounding Pharmacy of America, Knoxville, TN","200 gm","Lack of Assurance of Sterility; FDA inspection identified GMP violations potentially impacting product quality and sterility","06/02/2015","09/15/2015","02/10/2016","09/23/2015","All lots distributed between November 2014 and May 2015    01282015@15 and 03182015@54"
"Drugs","No","","71371","Terminated","The Compounding Pharmacy of America","6216 Highland Place Way Ste 101-A","N/A","Knoxville","TN","	37919-4068","United States","Voluntary: Firm initiated","Telephone","Nationwide","D-1619-2015","Class II","Oxytocin 100 units/ml Injection, Multi-Dose Vial, Sterile, Refrigerate, The Compounding Pharmacy of America, Knoxville, TN","90 ml total volume","Lack of Assurance of Sterility; FDA inspection identified GMP violations potentially impacting product quality and sterility","06/02/2015","09/15/2015","02/10/2016","09/23/2015","All lots distributed between November 2014 and May 2015    03102015@4 6/8/2015  03052015@29 6/3/2015  04272015@37 7/26/2015  05042015@17 8/2/2015"
"Drugs","No","","71371","Terminated","The Compounding Pharmacy of America","6216 Highland Place Way Ste 101-A","N/A","Knoxville","TN","	37919-4068","United States","Voluntary: Firm initiated","Telephone","Nationwide","D-1620-2015","Class II","PGE 150 (Alprostadil) 150 mcg/ml, ml, Multi-Dose Vial, Sterile, Keep Frozen,  The Compounding Pharmacy of America, Knoxville, TN","188 ml","Lack of Assurance of Sterility; FDA inspection identified GMP violations potentially impacting product quality and sterility","06/02/2015","09/15/2015","02/10/2016","09/23/2015","All lots distributed between November 2014 and May 2015;    02112015@33, 04272015@36"
"Drugs","No","","71494","Terminated","Life Science Pharmacy Inc","144 Route 17m Ste 4","N/A","Harriman","NY","	10926-3321","United States","Voluntary: Firm initiated","Telephone","Nationwide","D-0486-2016","Class II","2-DEOXY-D-GLUCOSE Powder, Rx, compounded by Life Science Pharmacy Inc., Harriman, NY","unknown","Penicillin Cross Contamination: potentially contaminated with penicillin","06/08/2015","12/02/2015","06/11/2018","12/09/2015","all lots"
"Drugs","No","","71494","Terminated","Life Science Pharmacy Inc","144 Route 17m Ste 4","N/A","Harriman","NY","	10926-3321","United States","Voluntary: Firm initiated","Telephone","Nationwide","D-0487-2016","Class II","E3 CREAM, Rx, compounded by Life Science Pharmacy Inc., Harriman, NY","unknown","Penicillin Cross Contamination: potentially contaminated with penicillin","06/08/2015","12/02/2015","06/11/2018","12/09/2015","Lot: 02-11-15 14:44 Y, Exp Date: 08/10/15"
"Drugs","No","","71494","Terminated","Life Science Pharmacy Inc","144 Route 17m Ste 4","N/A","Harriman","NY","	10926-3321","United States","Voluntary: Firm initiated","Telephone","Nationwide","D-0488-2016","Class II","HYDROXOCOBALAMIN Injection, Rx, compounded by Life Science Pharmacy Inc., Harriman, NY","unknown","Penicillin Cross Contamination: potentially contaminated with penicillin","06/08/2015","12/02/2015","06/11/2018","12/09/2015","all lot numbers, all expiration dates"
"Drugs","No","","71371","Terminated","The Compounding Pharmacy of America","6216 Highland Place Way Ste 101-A","N/A","Knoxville","TN","	37919-4068","United States","Voluntary: Firm initiated","Telephone","Nationwide","D-1621-2015","Class II","PGE 40 (Alprostadil) 40 mcg/ml Injection, ml, Multi-Dose Vial, Sterile, Keep Frozen, The Compounding Pharmacy of America, Knoxville, TN","209 ml total volume","Lack of Assurance of Sterility; FDA inspection identified GMP violations potentially impacting product quality and sterility","06/02/2015","09/15/2015","02/10/2016","09/23/2015","All lots distributed between November 2014 and May 2015; 02112015@31, 8/10/2015; 03132015@28, 9/9/2015; 03272015@5, 9/23/2015; 03262015@17, 9/22/2015; 03272015@17, 9/23/2015; 04012015@28, 9/28/2015"
"Drugs","No","","71371","Terminated","The Compounding Pharmacy of America","6216 Highland Place Way Ste 101-A","N/A","Knoxville","TN","	37919-4068","United States","Voluntary: Firm initiated","Telephone","Nationwide","D-1622-2015","Class II","PGE 80 (Alprostadil) 80 mcg/ml Injection, Multi-Dose Vial, Sterile, Keep Frozen, The Compounding Pharmacy of America, Knoxville, TN","195 ml total volume","Lack of Assurance of Sterility; FDA inspection identified GMP violations potentially impacting product quality and sterility","06/02/2015","09/15/2015","02/10/2016","09/23/2015","All lots distributed between November 2014 and May 2015;    02112015@32, 8/10/2015; 04012015@30, 9/28/2015; 04272015@38, 10/24/2015"
"Drugs","No","","71371","Terminated","The Compounding Pharmacy of America","6216 Highland Place Way Ste 101-A","N/A","Knoxville","TN","	37919-4068","United States","Voluntary: Firm initiated","Telephone","Nationwide","D-1623-2015","Class II","Phosphatidylcholine 0.1% Sodium Deoxycholate 0.089% Injection, Vial, Sterile, Refrigerate, The Compounding Pharmacy of America, Knoxville, TN","100 ml total volume","Lack of Assurance of Sterility; FDA inspection identified GMP violations potentially impacting product quality and sterility","06/02/2015","09/15/2015","02/10/2016","09/23/2015","All lots distributed between November 2014 and May 2015;    05112015@18, 8/9/2015"
"Drugs","No","","71371","Terminated","The Compounding Pharmacy of America","6216 Highland Place Way Ste 101-A","N/A","Knoxville","TN","	37919-4068","United States","Voluntary: Firm initiated","Telephone","Nationwide","D-1624-2015","Class II","Polidocanol 1% Injection, Multi-Dose Vial, Sterile, Refrigerate,  The Compounding Pharmacy of America, Knoxville, TN","548 ml total volume","Lack of Assurance of Sterility; FDA inspection identified GMP violations potentially impacting product quality and sterility","06/02/2015","09/15/2015","02/10/2016","09/23/2015","All lots distributed between November 2014 and May 2015;    04102015@36, 7/9/2015; 03252015@36, 6/23/2015; 04012015@77, 6/30/2015; 04162015@49, 7/15/2015; 04292015@83; 7/28/2015"
"Drugs","No","","71371","Terminated","The Compounding Pharmacy of America","6216 Highland Place Way Ste 101-A","N/A","Knoxville","TN","	37919-4068","United States","Voluntary: Firm initiated","Telephone","Nationwide","D-1625-2015","Class II","Polidocanol 5% Injection, Multi-Dose Vial, Sterile, Refrigerate, The Compounding Pharmacy of America, Knoxville, TN","533 ml total volume","Lack of Assurance of Sterility; FDA inspection identified GMP violations potentially impacting product quality and sterility","06/02/2015","09/15/2015","02/10/2016","09/23/2015","All lots distributed between November 2014 and May 2015;    05062015@45, 8/4/2015, 02272015@13, 5/28/2015, 03102015@46, 6/8/2015, 04172015@17, 7/16/2015"
"Drugs","No","","71371","Terminated","The Compounding Pharmacy of America","6216 Highland Place Way Ste 101-A","N/A","Knoxville","TN","	37919-4068","United States","Voluntary: Firm initiated","Telephone","Nationwide","D-1626-2015","Class II","Progesterone 100 mg/ml Injection, Multi-Dose Vial, Sterile, Room Temperature, The Compounding Pharmacy of America, Knoxville, TN","18 ml","Lack of Assurance of Sterility; FDA inspection identified GMP violations potentially impacting product quality and sterility","06/02/2015","09/15/2015","02/10/2016","09/23/2015","All lots distributed between November 2014 and May 2015;    04292015@66, 10/26/2015"
"Drugs","No","","71371","Terminated","The Compounding Pharmacy of America","6216 Highland Place Way Ste 101-A","N/A","Knoxville","TN","	37919-4068","United States","Voluntary: Firm initiated","Telephone","Nationwide","D-1627-2015","Class II","Pyridoxine Hydrochloride 100 mg/ml Injectable, Multi-Dose Vial, Sterile, Refrigerate, Protect from Light, The Compounding Pharmacy of America, Knoxville, TN","196 ml total volume","Lack of Assurance of Sterility; FDA inspection identified GMP violations potentially impacting product quality and sterility","06/02/2015","09/15/2015","02/10/2016","09/23/2015","All lots distributed between November 2014 and May 2015    03122015@6/102015; 03202015@29, 6/18/2015, 03232015@3, 6/21/2015"
"Drugs","No","","71371","Terminated","The Compounding Pharmacy of America","6216 Highland Place Way Ste 101-A","N/A","Knoxville","TN","	37919-4068","United States","Voluntary: Firm initiated","Telephone","Nationwide","D-1628-2015","Class II","Selenium 200 mcg/ml Injectable, Multi-Dose Vial, Sterile, Room Temperature, The Compounding Pharmacy of America, Knoxville, TN","229 ml","Lack of Assurance of Sterility; FDA inspection identified GMP violations potentially impacting product quality and sterility","06/02/2015","09/15/2015","02/10/2016","09/23/2015","All lots distributed between November 2014 and May 2015;    04162015@17, 7/15/2015; 03202015@25, 6/18/2015; 03272015@36, 6/25/2015; 04292015@89, 7/28/2015, and 05042015@52, 8/2/2015"
"Drugs","No","","71371","Terminated","The Compounding Pharmacy of America","6216 Highland Place Way Ste 101-A","N/A","Knoxville","TN","	37919-4068","United States","Voluntary: Firm initiated","Telephone","Nationwide","D-1629-2015","Class II","Sermorelin 1000 mcg/ml Injection, Multi-Dose Vial, Sterile, Refrigerate, DO NOT SHAKE, The Compounding Pharmacy of America, Knoxville, TN","77 ml","Lack of Assurance of Sterility; FDA inspection identified GMP violations potentially impacting product quality and sterility","06/02/2015","09/15/2015","02/10/2016","09/23/2015","All lots distributed between November 2014 and May 2015;    04092015@84, 6/8/2015; 04062015@55, 6/5/2015; 04222015@104, 6/21/2015; 04292015@47, 6/28/2015"
"Drugs","No","","71371","Terminated","The Compounding Pharmacy of America","6216 Highland Place Way Ste 101-A","N/A","Knoxville","TN","	37919-4068","United States","Voluntary: Firm initiated","Telephone","Nationwide","D-1630-2015","Class II","Sermorelin/GHRP2 1000/1000 mcg/ml Injection, Multi-Dose Vial, Sterile, Refrigerate, DO NOT SHAKE, The Compounding Pharmacy of America, Knoxville, TN","43 ml total volume","Lack of Assurance of Sterility; FDA inspection identified GMP violations potentially impacting product quality and sterility","06/02/2015","09/15/2015","02/10/2016","09/23/2015","All lots distributed between November 2014 and May 2015;    04092015@9, 6/8/2015; 04152015@59, 6/14/2015; 04042015@26, 6/6/2015; 04132015@36, 6/12/2015"
"Drugs","No","","71371","Terminated","The Compounding Pharmacy of America","6216 Highland Place Way Ste 101-A","N/A","Knoxville","TN","	37919-4068","United States","Voluntary: Firm initiated","Telephone","Nationwide","D-1631-2015","Class II","Sermorelin/GHRP6 1000/1000 mcg/ml Injection, Multi-Dose Vial, Sterile, Refrigerate, DO NOT SHAKE, The Compounding Pharmacy of America, Knoxville, TN","185 ml total volume","Lack of Assurance of Sterility; FDA inspection identified GMP violations potentially impacting product quality and sterility","06/02/2015","09/15/2015","02/10/2016","09/23/2015","All lots distributed between November 2014 and May 2015;    05072015@31, 7/6/2015; 03232015@11, 5/22/2015; 03302015@44, 5/29/2015; 03272015@16, 5/26/2015; 04222015@81, 6/1/2015; 04032015@15, 6/2/2015; 04142015@9, 6/13/2015; 04232015@11, 6/22/2015; 04272015@42, 6/26/2015; 04292015@86, 6/28/2015"
"Drugs","No","","71371","Terminated","The Compounding Pharmacy of America","6216 Highland Place Way Ste 101-A","N/A","Knoxville","TN","	37919-4068","United States","Voluntary: Firm initiated","Telephone","Nationwide","D-1632-2015","Class II","Sermorelin 1000mcg/GHRP6 1000/GHRP2 1000 ml Injection,   Multi-Dose Vial, Sterile, Refrigerate, DO NOT SHAKE, The Compounding Pharmacy of America, Knoxville, TN","41 ml","Lack of Assurance of Sterility; FDA inspection identified GMP violations potentially impacting product quality and sterility","06/02/2015","09/15/2015","02/10/2016","09/23/2015","All lots distributed between November 2014 and May 2015;    03242015@91, 5/23/2015; 04012015@50, 5/31/2015; 04242015, 6/23/2015"
"Drugs","No","","71371","Terminated","The Compounding Pharmacy of America","6216 Highland Place Way Ste 101-A","N/A","Knoxville","TN","	37919-4068","United States","Voluntary: Firm initiated","Telephone","Nationwide","D-1633-2015","Class II","Sermorelin 300 mcg/ml + GHRP-2 300 mcg/ml Injection, Multi-Dose Vial, Sterile, Refrigerate, DO NOT SHAKE, The Compounding Pharmacy of America, Knoxville, TN","32 ml","Lack of Assurance of Sterility; FDA inspection identified GMP violations potentially impacting product quality and sterility","06/02/2015","09/15/2015","02/10/2016","09/23/2015","All lots distributed between November 2014 and May 2015;    04012015@76, 5/31/2015, 04062015@11, 6/5/2015"
"Drugs","No","","71371","Terminated","The Compounding Pharmacy of America","6216 Highland Place Way Ste 101-A","N/A","Knoxville","TN","	37919-4068","United States","Voluntary: Firm initiated","Telephone","Nationwide","D-1634-2015","Class II","Sodium Ascorbate 500 mg/ml Injection, Preservative Free Vial, Sterile, Refrigerate, The Compounding Pharmacy of America, Knoxville, TN","4554 ml","Lack of Assurance of Sterility; FDA inspection identified GMP violations potentially impacting product quality and sterility","06/02/2015","09/15/2015","02/10/2016","09/23/2015","All lots distributed between November 2014 and May 2015;    04202015@78, 7/19/2015; 02242015@9, 5/25/2015; 03162015@75, 6/14/2015; 03312015@70, 6/29/2015; 04292015@87, 7/28/2015; 05042015@41, 8/2/2015; 04212015@16, 7/20/2015; 02242015@54, 5/25/2015; and 04222015@65, 7/21/2015"
"Drugs","No","","71371","Terminated","The Compounding Pharmacy of America","6216 Highland Place Way Ste 101-A","N/A","Knoxville","TN","	37919-4068","United States","Voluntary: Firm initiated","Telephone","Nationwide","D-1635-2015","Class II","Sodium Tetradecyl Sulfate 5% Injectable, Multi-Dose Vial, Sterile, Refrigerate, The Compounding Pharmacy of America, Knoxville, TN","66 ml","Lack of Assurance of Sterility; FDA inspection identified GMP violations potentially impacting product quality and sterility","06/02/2015","09/15/2015","02/10/2016","09/23/2015","All lots distributed between November 2014 and May 2015;    03312015@58, 6/29/2015; and 04012015@68, 6/30/2015"
"Drugs","No","","71371","Terminated","The Compounding Pharmacy of America","6216 Highland Place Way Ste 101-A","N/A","Knoxville","TN","	37919-4068","United States","Voluntary: Firm initiated","Telephone","Nationwide","D-1636-2015","Class II","Sufentanil 45 mcg/ml + Bupivacaine 5 mg/ml Solution, Sterile=Preservative Free, The Compounding Pharmacy of America, Knoxville, TN","43 ml","Lack of Assurance of Sterility; FDA inspection identified GMP violations potentially impacting product quality and sterility","06/02/2015","09/15/2015","02/10/2016","09/23/2015","All lots distributed between November 2014 and May 2015    04142015@70, 7/13/2015"
"Drugs","No","","71371","Terminated","The Compounding Pharmacy of America","6216 Highland Place Way Ste 101-A","N/A","Knoxville","TN","	37919-4068","United States","Voluntary: Firm initiated","Telephone","Nationwide","D-1637-2015","Class II","Sufentanil 50 mcg/ml Solution, Sterile-Preservative Free, The Compounding Pharmacy of America, Knoxville, TN","159 ml","Lack of Assurance of Sterility; FDA inspection identified GMP violations potentially impacting product quality and sterility","06/02/2015","09/15/2015","02/10/2016","09/23/2015","All lots distributed between November 2014 and May 2015;    03112015@2, 6/9/2015; 03162015@6/14/2015; 03242015@2, 6/22/2015, 03302015@62, 6/28/2015, 0406201@43, 7/5/2015; 04142015@62, 7/13/2015, 04122015@6/20/2015"
"Drugs","No","","71371","Terminated","The Compounding Pharmacy of America","6216 Highland Place Way Ste 101-A","N/A","Knoxville","TN","	37919-4068","United States","Voluntary: Firm initiated","Telephone","Nationwide","D-1638-2015","Class II","Sufentanil 50 mcg/ml + Bupivacaine 0.25 mg/ml Solution, Sterile-Preservative Free, The Compounding Pharmacy of America, Knoxville, TN","200 ml","Lack of Assurance of Sterility; FDA inspection identified GMP violations potentially impacting product quality and sterility","06/02/2015","09/15/2015","02/10/2016","09/23/2015","All lots distributed between November 2014 and May 2015;    04212015@27, 6/2062015; 02272015@42, 5/28/2015; 03112015@3, 6/9/2015; 03162015@85, 6/14/2015; 03242015@3, 6/22/2015; 03302015@63, 6/28/2015, 04062015@44, 7/5/2015; 04142015@63, 7/13/2015; 04212015@28, 6/20/2015; and 05072015@8, 7/6/2015,"
"Drugs","No","","71371","Terminated","The Compounding Pharmacy of America","6216 Highland Place Way Ste 101-A","N/A","Knoxville","TN","	37919-4068","United States","Voluntary: Firm initiated","Telephone","Nationwide","D-1639-2015","Class II","SUPER LIPO Injectable, Multi-Dose Vial, Sterile, Room Temperature, The Compounding Pharmacy of America, Knoxville, TN","394 ml","Lack of Assurance of Sterility; FDA inspection identified GMP violations potentially impacting product quality and sterility","06/02/2015","09/15/2015","02/10/2016","09/23/2015","All lots distributed between November 2014 and May 2015;    03312015@51, 6/11/2015; 04142015@18, 7/13/2015; 03302015, 6/28/2015; 04302015@48, 7/29/2015"
"Drugs","No","","71371","Terminated","The Compounding Pharmacy of America","6216 Highland Place Way Ste 101-A","N/A","Knoxville","TN","	37919-4068","United States","Voluntary: Firm initiated","Telephone","Nationwide","D-1640-2015","Class II","Testosterone Cypionate 100 mg/ml Injection, Multi-Dose Vial, Sterile, Room Temperature, The Compounding Pharmacy of America, Knoxville, TN","54 ml","Lack of Assurance of Sterility; FDA inspection identified GMP violations potentially impacting product quality and sterility","06/02/2015","09/15/2015","02/10/2016","09/23/2015","All lots distributed between November 2014 and May 2015;    05062015@65, 10/6/2015; 04162015@52, 10/13/2015; 03132015@16, 9/9/2015"
"Drugs","No","","71371","Terminated","The Compounding Pharmacy of America","6216 Highland Place Way Ste 101-A","N/A","Knoxville","TN","	37919-4068","United States","Voluntary: Firm initiated","Telephone","Nationwide","D-1641-2015","Class II","Testosterone Cypionate 150 mg/ml Injection Multi-Dose Vial, Sterile, Room Temperature, The Compounding Pharmacy of America, Knoxville, TN","37 ml","Lack of Assurance of Sterility; FDA inspection identified GMP violations potentially impacting product quality and sterility","06/02/2015","09/15/2015","02/10/2016","09/23/2015","All lots distributed between November 2014 and May 2015    03202015@1, 9/16/2015, 01192015@54, 7/18/2015; 04082015@4, 10/5/2015"
"Drugs","No","","71371","Terminated","The Compounding Pharmacy of America","6216 Highland Place Way Ste 101-A","N/A","Knoxville","TN","	37919-4068","United States","Voluntary: Firm initiated","Telephone","Nationwide","D-1642-2015","Class II","Testosterone Cypionate 200mg/ml Injection Multi-Dose Vial, Sterile, Room Temperature, The Compounding Pharmacy of America, Knoxville, TN","9026 ml","Lack of Assurance of Sterility; FDA inspection identified GMP violations potentially impacting product quality and sterility","06/02/2015","09/15/2015","02/10/2016","09/23/2015","All lots distributed between November 2014 and May 2015;    01142015@3, 7/13/2015; 01142015@13, 7/13/2015; 03032015@47, 8/30/2015; 05042015@33, 10/31/2015; 11242014@30, 5/23/2015; 11242014@34, 5/23/2015; 12182014@79, 6/16/2015; 12232014@4, 6/21/2015; 01232015@28, 7/22/2015; 01142015@17, 7/13/2015; 01302015@6, 7/29/2015; 02022015@5, 8/1/2015; 04092015@10, 10/6/2015; 02162015@4, 8/15/2015; 02192015@19, 8/18/2015; 03032015@48, 8/30/2015; 03202015@100, 9/16/2015; 03202015@11, 9/16/2015; 04132015@18, 10/10/2015; 04202015@14, 10/17/2015; 03302015@12, 9/26/2015; 04062015@23, 10/3/2015; 04082015@10, 10/5/2015; 04242015@1, 10/21/2015; 04292015@29, 10/26/2015; 12012014@23, 5/30/2015; 03042015@50, 8/31/2015; 03262015@56, 9/22/2015; 04062015@21, 10/3/2015; 05012015@51, 10/28/2015; 11242014@8, 5/23/2015; 05052015@23, 11/1/2015; 12042014@54, 6/2/2015; 04102015@21, 10/7/2015; 01122015@41, 7/11/2015; 12162014@3, 6/14/2015; 12012014@28, 5/30/2015; 12052014@17, 6/3/2015; 12172014@34, 6/15/2015; 12192014@51, 6/17/2015; 01072015@7, 7/6/2015; 01182015@6, 7/17/2015; 01192015@4, 7/18/2015; 01232015@25, 7/22/2015; 01072015@61, 7/6/2015; 01192015@37, 7/18/2015; 01062015@3, 7/5/2015; 01302015@58, 7/29/2015; 01272015@22, 7/26/2015; 02022015@9, 8/1/2015; 02062015@1, 8/5/2015; 02102015@49, 8/9/2015; 02052015@37, 8/4/2015; 02052015@62, 8/4/2015; 02052015@71, 8/4/2015; 02062015@25, 8/5/2015; 02092015@66, 8/8/2015; 05072015@41, 11/3/2015; 02132015@2, 8/12/2015; 02232015@57, 8/22/2015; 02242015@16, 8/23/2015; 02192015@42, 8/18/2015; 04082015@26, 10/5/2015; 02272015@67, 8/26/2015; 03022015@75, 8/29/2015; 04082015@30, 10/5/2015; 03102015@2, 9/6/2015; 03032015@53, 8/30/2015; 03032015@55, 8/30/2015; 03062015@11, 9/2/2015; 03062015@31, 9/2/2015; 03192015@45, 9/15/2015; 03252015@47, 9/21/2015; 03272015@53, 9/23/2015; 04022015@1, 9/29/2015; 04022015@6, 9/29/2015; 04012015@75, 9/28/2015; 04202015@57, 10/17/2015; 04202015@61, 10/17/2015; 04212015@40, 10/18/2015; 04242015@9, 10/21/2015; 04282015@43, 10/25/2015; and 05052015@21, 11/1/2015"
"Drugs","No","","71371","Terminated","The Compounding Pharmacy of America","6216 Highland Place Way Ste 101-A","N/A","Knoxville","TN","	37919-4068","United States","Voluntary: Firm initiated","Telephone","Nationwide","D-1643-2015","Class II","Testosterone Cypionate 200 mg/ml Anastrazole 0.25 mg/ml Injection, Multi-Dose Vial, Sterile, Room Temperature, The Compounding Pharmacy of America, Knoxville, TN","13 ml","Lack of Assurance of Sterility; FDA inspection identified GMP violations potentially impacting product quality and sterility","06/02/2015","09/15/2015","02/10/2016","09/23/2015","All lots distributed between November 2014 and May 2015;  04172015@10/14/2015"
"Drugs","No","","71371","Terminated","The Compounding Pharmacy of America","6216 Highland Place Way Ste 101-A","N/A","Knoxville","TN","	37919-4068","United States","Voluntary: Firm initiated","Telephone","Nationwide","D-1644-2015","Class II","Testosterone Cypionate 200 mg/ml Anastrazole 0.5 mg/ml   Injection,  Multi-Dose Vial, Sterile, Room Temperature, The Compounding Pharmacy of America, Knoxville, TN","125 ml","Lack of Assurance of Sterility; FDA inspection identified GMP violations potentially impacting product quality and sterility","06/02/2015","09/15/2015","02/10/2016","09/23/2015","All lots distributed between November 2014 and May 2015;    04172015@56, 10/14/2015; 04202015@32, 10/17/2015; 049057, 10/21/2015; 05052015@69 11/1/2015; 05082015@43, 11/4/2015"
"Drugs","No","","71371","Terminated","The Compounding Pharmacy of America","6216 Highland Place Way Ste 101-A","N/A","Knoxville","TN","	37919-4068","United States","Voluntary: Firm initiated","Telephone","Nationwide","D-1645-2015","Class II","Testosterone Cypionate 200 mg/ml Anastrazole 2 mg/ml Injection, Multi-Dose Vial, Sterile, Room Temperature, The Compounding Pharmacy of America, Knoxville, TN","89 ml","Lack of Assurance of Sterility; FDA inspection identified GMP violations potentially impacting product quality and sterility","06/02/2015","09/15/2015","02/10/2016","09/23/2015","All lots distributed between November 2014 and May 2015"
"Drugs","No","","71371","Terminated","The Compounding Pharmacy of America","6216 Highland Place Way Ste 101-A","N/A","Knoxville","TN","	37919-4068","United States","Voluntary: Firm initiated","Telephone","Nationwide","D-1646-2015","Class II","Testosterone Cypionate 200 mg/ml Anastrazole 0.25 mg/ml Cholecalciferol 50,000 U/ml, Injectable, Multi-Dose Vial, Sterile, Room Temperature, The Compounding Pharmacy of America, Knoxville, TN","13 ml","Lack of Assurance of Sterility; FDA inspection identified GMP violations potentially impacting product quality and sterility","06/02/2015","09/15/2015","02/10/2016","09/23/2015","All lots distributed between November 2014 and May 2015;  04202015@66, 10/17/2015"
"Drugs","No","","71371","Terminated","The Compounding Pharmacy of America","6216 Highland Place Way Ste 101-A","N/A","Knoxville","TN","	37919-4068","United States","Voluntary: Firm initiated","Telephone","Nationwide","D-1647-2015","Class II","Testosterone Enanthate 200 mg/ml Injection, Multi-Dose Vial, Sterile, Room Temperature, The Compounding Pharmacy of America, Knoxville, TN","120 ml","Lack of Assurance of Sterility; FDA inspection identified GMP violations potentially impacting product quality and sterility","06/02/2015","09/15/2015","02/10/2016","09/23/2015","All lots distributed between November 2014 and May 2015;    12022014@35, 5/31/2015; 01122015@40, 7/11/2015; 12312014@28, 6/29/2015; 03022015@71, 8/29/2015; 03122015@1, 9/8/2015; 04222015@2, 10/19/2015; 04282015@48, 10/25/2015"
"Drugs","No","","71371","Terminated","The Compounding Pharmacy of America","6216 Highland Place Way Ste 101-A","N/A","Knoxville","TN","	37919-4068","United States","Voluntary: Firm initiated","Telephone","Nationwide","D-1648-2015","Class II","Testosterone USP Aqueous 200 mg/ml Injection, Multi-Dose Vial, Sterile, Room Temperature, The Compounding Pharmacy of America, Knoxville, TN","N/A","Lack of Assurance of Sterility; FDA inspection identified GMP violations potentially impacting product quality and sterility","06/02/2015","09/15/2015","02/10/2016","09/23/2015","All lots distributed between November 2014 and May 2015;  01122015@25, 7/11/2015; 02232015@48, 8/22/2015; 03242015@27, 9/20/2015"
"Drugs","No","","71371","Terminated","The Compounding Pharmacy of America","6216 Highland Place Way Ste 101-A","N/A","Knoxville","TN","	37919-4068","United States","Voluntary: Firm initiated","Telephone","Nationwide","D-1649-2015","Class II","Testosterone Propionate 100 mg/ml Injection, Multi-Dose Vial, Sterile, Room Temperature, The Compounding Pharmacy of America, Knoxville, TN","12 ml","Lack of Assurance of Sterility; FDA inspection identified GMP violations potentially impacting product quality and sterility","06/02/2015","09/15/2015","02/10/2016","09/23/2015","All lots distributed between November 2014 and May 2015;  04302015@39, 10/27/2015"
"Drugs","No","","71371","Terminated","The Compounding Pharmacy of America","6216 Highland Place Way Ste 101-A","N/A","Knoxville","TN","	37919-4068","United States","Voluntary: Firm initiated","Telephone","Nationwide","D-1650-2015","Class II","Testosterone USP (10 AQUEOUS) 100 mg/ml Injection, Multi-Dose Vial, Sterile, Room Temperature, The Compounding Pharmacy of America, Knoxville, TN","49 ml","Lack of Assurance of Sterility; FDA inspection identified GMP violations potentially impacting product quality and sterility","06/02/2015","09/15/2015","02/10/2016","09/23/2015","All lots distributed between November 2014 and May 2015; 01122015@25, 7/11/2015; 02232015@48, 8/22/2015; 03242015, 9/20/2015"
"Drugs","No","","71371","Terminated","The Compounding Pharmacy of America","6216 Highland Place Way Ste 101-A","N/A","Knoxville","TN","	37919-4068","United States","Voluntary: Firm initiated","Telephone","Nationwide","D-1651-2015","Class II","Testosterone 50 mg Pellet, Sterile, The Compounding Pharmacy of America, Inc., Knoxville, TN","216 pellets","Lack of Assurance of Sterility; FDA inspection identified GMP violations potentially impacting product quality and sterility","06/02/2015","09/15/2015","02/10/2016","09/23/2015","All lots distributed between November 2014 and May 2015;  12032014@47, 6/1/2015; 12052014@36, 6/3/2015; 12192014@33, 6/17/2015; 01202015@53, 7/19/2015; 01062015@58, 7/5/2015; 02122015@40, 8/11/2015; 03022015@15, 8/29/2015; 03252015@22, 9/21/2015; 05082015@6, 11/4/2015"
"Drugs","No","","71371","Terminated","The Compounding Pharmacy of America","6216 Highland Place Way Ste 101-A","N/A","Knoxville","TN","	37919-4068","United States","Voluntary: Firm initiated","Telephone","Nationwide","D-1652-2015","Class II","Testosterone 62.5 mg Pellet, Sterile, The Compounding Pharmacy of America, Knoxville, TN","24 pellets","Lack of Assurance of Sterility; FDA inspection identified GMP violations potentially impacting product quality and sterility","06/02/2015","09/15/2015","02/10/2016","09/23/2015","All lots distributed between November 2014 and May 2015    05062015@31, 11/2/2015"
"Drugs","No","","71371","Terminated","The Compounding Pharmacy of America","6216 Highland Place Way Ste 101-A","N/A","Knoxville","TN","	37919-4068","United States","Voluntary: Firm initiated","Telephone","Nationwide","D-1653-2015","Class II","Testosterone 70 mg Pellet, Sterile, The Compounding Pharmacy of America, Knoxville, TN","60 pellets","Lack of Assurance of Sterility; FDA inspection identified GMP violations potentially impacting product quality and sterility","06/02/2015","09/15/2015","02/10/2016","09/23/2015","All lots distributed between November 2014 and May 2015;  12182014@19, 6/16/2015; 03192015@38, 9/15/2015; 04072015@9, 10/4/2015"
"Drugs","No","","71371","Terminated","The Compounding Pharmacy of America","6216 Highland Place Way Ste 101-A","N/A","Knoxville","TN","	37919-4068","United States","Voluntary: Firm initiated","Telephone","Nationwide","D-1654-2015","Class II","Testosterone 72.5 mg Pellet, Sterile, The Compounding Pharmacy of America, Knoxville, TN","96 pellets","Lack of Assurance of Sterility; FDA inspection identified GMP violations potentially impacting product quality and sterility","06/02/2015","09/15/2015","02/10/2016","09/23/2015","All lots distributed between November 2014 and May 2015;  01122015@63, 7/11/2015; 03162015@9, 9/12/2015; 03232015@13, 9/19/2015;   05012015@23, 10/28/2015"
"Drugs","No","","71371","Terminated","The Compounding Pharmacy of America","6216 Highland Place Way Ste 101-A","N/A","Knoxville","TN","	37919-4068","United States","Voluntary: Firm initiated","Telephone","Nationwide","D-1655-2015","Class II","Testosterone 75 mg Pellet, Sterile, The Compounding Pharmacy of America, Knoxville, TN","192 pellets","Lack of Assurance of Sterility; FDA inspection identified GMP violations potentially impacting product quality and sterility","06/02/2015","09/15/2015","02/10/2016","09/23/2015","All lots distributed between November 2014 and May 2015;  05072015@42, 11/3/2015; 12292014@9, 6/27/2015; 12032014@12, 6/1/2015; 12042014@73, 6/2/2015; 02272015@63, 8/26/2015; 05042015@44, 10/31/2015; 03302015@9, 9/26/2015; 04092015@46, 10/6/2015"
"Drugs","No","","71371","Terminated","The Compounding Pharmacy of America","6216 Highland Place Way Ste 101-A","N/A","Knoxville","TN","	37919-4068","United States","Voluntary: Firm initiated","Telephone","Nationwide","D-1656-2015","Class II","Testosterone 80 mg Pellet, Sterile, The Compounding Pharmacy of America, Knoxville, TN","72 pellets","Lack of Assurance of Sterility; FDA inspection identified GMP violations potentially impacting product quality and sterility","06/02/2015","09/15/2015","02/10/2016","09/23/2015","All lots distributed between November 2014 and May 2015;  11212014@51, 5/20/2015; 02232015@24, 8/22/2015; 05062015@27, 11/2/2015"
"Drugs","No","","71371","Terminated","The Compounding Pharmacy of America","6216 Highland Place Way Ste 101-A","N/A","Knoxville","TN","	37919-4068","United States","Voluntary: Firm initiated","Telephone","Nationwide","D-1657-2015","Class II","Testosterone 60 mg Anastrazole 4 mg Pellet, Sterile, The Compounding Pharmacy of America, Knoxville, TN","85 pellets","Lack of Assurance of Sterility; FDA inspection identified GMP violations potentially impacting product quality and sterility","06/02/2015","09/15/2015","02/10/2016","09/23/2015","All lots distributed between November 2014 and May 2015;  12032014@36, 6/1/2015; 12082014@22, 6/6/2015; 01202015@19, 7/19/2015;   05042015@81, 10/31/2015; 05112015@19, 11/7/2015; 04282015@44, 10/25/2015"
"Drugs","No","","71371","Terminated","The Compounding Pharmacy of America","6216 Highland Place Way Ste 101-A","N/A","Knoxville","TN","	37919-4068","United States","Voluntary: Firm initiated","Telephone","Nationwide","D-1658-2015","Class II","Testosterone 200 mg Anastrazole 1 mg Pellet, Sterile, The Compounding Pharmacy of America, Knoxville, TN","10 pellets","Lack of Assurance of Sterility; FDA inspection identified GMP violations potentially impacting product quality and sterility","06/02/2015","09/15/2015","02/10/2016","09/23/2015","All lots distributed between November 2014 and May 2015;  03162015@38, 9/12/2015"
"Drugs","No","","71371","Terminated","The Compounding Pharmacy of America","6216 Highland Place Way Ste 101-A","N/A","Knoxville","TN","	37919-4068","United States","Voluntary: Firm initiated","Telephone","Nationwide","D-1659-2015","Class II","Testosterone 200 mg Anastrazole 9 mg Pellet, Sterile, The Compounding Pharmacy of America, Knoxville, TN","94 pellets","Lack of Assurance of Sterility; FDA inspection identified GMP violations potentially impacting product quality and sterility","06/02/2015","09/15/2015","02/10/2016","09/23/2015","All lots distributed between November 2014 and May 2015;  01292015@32, 7/28/2015; 02232015@18, 5/20/2015; 02272015@31, 8/26/2015; 03092015@23, 9/5/2015; 03272015@32, 9/23/2015"
"Drugs","No","","71371","Terminated","The Compounding Pharmacy of America","6216 Highland Place Way Ste 101-A","N/A","Knoxville","TN","	37919-4068","United States","Voluntary: Firm initiated","Telephone","Nationwide","D-1660-2015","Class II","Testosterone 75 mg and B12 6 mg Pellet, Sterile, The Compounding Pharmacy of America, Knoxville, TN","1 pellet","Lack of Assurance of Sterility; FDA inspection identified GMP violations potentially impacting product quality and sterility","06/02/2015","09/15/2015","02/10/2016","09/23/2015","All lots distributed between November 2014 and May 2015;  02242015@49, 8/23/2015"
"Drugs","No","","71371","Terminated","The Compounding Pharmacy of America","6216 Highland Place Way Ste 101-A","N/A","Knoxville","TN","	37919-4068","United States","Voluntary: Firm initiated","Telephone","Nationwide","D-1661-2015","Class II","Vancomycin 25 mg/ml Ophthalmic Solution, Single Dose, Sterile, Keep Frozen, The Compounding Pharmacy of America, Knoxville, TN","28 ml","Lack of Assurance of Sterility; FDA inspection identified GMP violations potentially impacting product quality and sterility","06/02/2015","09/15/2015","02/10/2016","09/23/2015","All lots distributed between November 2014 and May 2015;  03102015@34 6/8/2015; 03042015@43, 6/2/2015"
"Drugs","No","","71371","Terminated","The Compounding Pharmacy of America","6216 Highland Place Way Ste 101-A","N/A","Knoxville","TN","	37919-4068","United States","Voluntary: Firm initiated","Telephone","Nationwide","D-1662-2015","Class II","Zinc 5 mg/ml Injectable, Multi-Dose Vial, Sterile, Refrigerate, The Compounding Pharmacy of America, Knoxville, TN","33 ml","Lack of Assurance of Sterility; FDA inspection identified GMP violations potentially impacting product quality and sterility","06/02/2015","09/15/2015","02/10/2016","09/23/2015","All lots distributed between November 2014 and May 2015;  04292015@91, 7/28/2015"
"Drugs","No","","71371","Terminated","The Compounding Pharmacy of America","6216 Highland Place Way Ste 101-A","N/A","Knoxville","TN","	37919-4068","United States","Voluntary: Firm initiated","Telephone","Nationwide","D-1663-2015","Class II","Zinc Chloride 25mg/ml Injectable, Multi-Dose Vial, Sterile, Refrigerate, The Compounding Pharmacy of America, Knoxville, TN","130 ml","Lack of Assurance of Sterility; FDA inspection identified GMP violations potentially impacting product quality and sterility","06/02/2015","09/15/2015","02/10/2016","09/23/2015","All lots distributed between November 2014 and May 2015;  05042015@54, 8/2/2015"
"Drugs","No","","71371","Terminated","The Compounding Pharmacy of America","6216 Highland Place Way Ste 101-A","N/A","Knoxville","TN","	37919-4068","United States","Voluntary: Firm initiated","Telephone","Nationwide","D-1664-2015","Class II","Bi-Mix #1 (17.365 mg/0.59 mg) Injectable, Sterile, Keep Frozen, The Compounding Pharmacy of America, Knoxville, TN","112 ml","Lack of Assurance of Sterility; FDA inspection identified GMP violations potentially impacting product quality and sterility","06/02/2015","09/15/2015","02/10/2016","09/23/2015","All lots distributed between November 2014 and May 2015;  02112015@40, 8/10/2015; 03132015@26, 7/20/2015; 04012015@11, 9/28/2015; 04272015@51, 10/24/2015"
"Drugs","No","","71371","Terminated","The Compounding Pharmacy of America","6216 Highland Place Way Ste 101-A","N/A","Knoxville","TN","	37919-4068","United States","Voluntary: Firm initiated","Telephone","Nationwide","D-1665-2015","Class II","Bi-Mix (20/1) Injectable, Sterile, Keep Frozen, The Compounding Pharmacy of America, Knoxville, TN","12 ml","Lack of Assurance of Sterility; FDA inspection identified GMP violations potentially impacting product quality and sterility","06/02/2015","09/15/2015","02/10/2016","09/23/2015","All lots distributed between November 2014 and May 2015;  03092015@34, 9/5/2015"
"Drugs","No","","71371","Terminated","The Compounding Pharmacy of America","6216 Highland Place Way Ste 101-A","N/A","Knoxville","TN","	37919-4068","United States","Voluntary: Firm initiated","Telephone","Nationwide","D-1666-2015","Class II","Bi-Mix Medium (30/1) Injectable, Sterile, Keep Frozen, The Compounding Pharmacy of America, Knoxville, TN","8 ml","Lack of Assurance of Sterility; FDA inspection identified GMP violations potentially impacting product quality and sterility","06/02/2015","09/15/2015","02/10/2016","09/23/2015","All lots distributed between November 2014 and May 2015;  12022014@48, 5/31/2015"
"Drugs","No","","71371","Terminated","The Compounding Pharmacy of America","6216 Highland Place Way Ste 101-A","N/A","Knoxville","TN","	37919-4068","United States","Voluntary: Firm initiated","Telephone","Nationwide","D-1667-2015","Class II","Buckshot Injectable, Multi-Dose, Sterile, Room Temperature, The Compounding Pharmacy of America, Knoxville, TN","426 ml","Lack of Assurance of Sterility; FDA inspection identified GMP violations potentially impacting product quality and sterility","06/02/2015","09/15/2015","02/10/2016","09/23/2015","All lots distributed between November 2014 and May 2015;  03232015@2, 6/21/2015; 05052015@8, 8/3/2015; 04222015@7, 7/21/2015"
"Drugs","No","","71371","Terminated","The Compounding Pharmacy of America","6216 Highland Place Way Ste 101-A","N/A","Knoxville","TN","	37919-4068","United States","Voluntary: Firm initiated","Telephone","Nationwide","D-1668-2015","Class II","Calmme Injectable, Multi-Dose Vial, Sterile, Room Temperature, The Compounding Pharmacy of America, Knoxville, TN","296 ml","Lack of Assurance of Sterility; FDA inspection identified GMP violations potentially impacting product quality and sterility","06/02/2015","09/15/2015","02/10/2016","09/23/2015","All lots distributed between November 2014 and May 2015;  03232015@1, 6/21/2015; 04222015@8, 7/21/2015; 05052015@7, 8/3/2015"
"Drugs","No","","71371","Terminated","The Compounding Pharmacy of America","6216 Highland Place Way Ste 101-A","N/A","Knoxville","TN","	37919-4068","United States","Voluntary: Firm initiated","Telephone","Nationwide","D-1669-2015","Class II","Hydromophone 10 mg/ml + Clonidine 300 mcg/ml + Baclofen 120 mcg/ml Intrathecal Solution, Sterile-reservative Free, The Compounding Pharmacy of America, Knoxville, TN","86 ml","Lack of Assurance of Sterility; FDA inspection identified GMP violations potentially impacting product quality and sterility","06/02/2015","09/15/2015","02/10/2016","09/23/2015","All lots distributed between November 2014 and May 2015  04142015@68, 7/13/2015; 03162015@67, 5/20/2015"
"Drugs","No","","71371","Terminated","The Compounding Pharmacy of America","6216 Highland Place Way Ste 101-A","N/A","Knoxville","TN","	37919-4068","United States","Voluntary: Firm initiated","Telephone","Nationwide","D-1670-2015","Class II","Hydromorphone 20 mg/ml + Clonidine 1,000 mcg/ml Intrathecal Solution, Sterile-Preservative Free, The Compounding Pharmacy of America, Knoxville, TN","43 ml","Lack of Assurance of Sterility; FDA inspection identified GMP violations potentially impacting product quality and sterility","06/02/2015","09/15/2015","02/10/2016","09/23/2015","All lots distributed between November 2014 and May 2015;  03162015@8, 6/14/2015"
"Drugs","No","","71371","Terminated","The Compounding Pharmacy of America","6216 Highland Place Way Ste 101-A","N/A","Knoxville","TN","	37919-4068","United States","Voluntary: Firm initiated","Telephone","Nationwide","D-1671-2015","Class II","Hydromorphone 3 mg/ml + Baclofen 2,500 mcg/ml Intrathecal Solution, Sterile-Preservative Free, The Compounding Pharmacy of America, Knoxville, TN","67 ml","Lack of Assurance of Sterility; FDA inspection identified GMP violations potentially impacting product quality and sterility","06/02/2015","09/15/2015","02/10/2016","09/23/2015","All lots distributed between November 2014 and May 2015;  03022015@5, 5/31/2015; 03202015@53, 6/18/2015; 04172015@37, 6/16/2015"
"Drugs","No","","71371","Terminated","The Compounding Pharmacy of America","6216 Highland Place Way Ste 101-A","N/A","Knoxville","TN","	37919-4068","United States","Voluntary: Firm initiated","Telephone","Nationwide","D-1672-2015","Class II","Hydromorphone 35 mg/ml + Bupivacaine 10 mg/ml + Baclofen 1,500 mcg/ml + Clonidine 200 mcg/ml Intrathecal Solution, Sterile-Preservative Free, The Compounding Pharmacy of America, Knoxville, TN","22 ml","Lack of Assurance of Sterility; FDA inspection identified GMP violations potentially impacting product quality and sterility","06/02/2015","09/15/2015","02/10/2016","09/23/2015","All lots distributed between November 2014 and May 2015;  03242015@81, 6/22/2015"
"Drugs","No","","71371","Terminated","The Compounding Pharmacy of America","6216 Highland Place Way Ste 101-A","N/A","Knoxville","TN","	37919-4068","United States","Voluntary: Firm initiated","Telephone","Nationwide","D-1673-2015","Class II","Hydromorphone 35 mg/ml + Bupivacaine 4 mg/ml Intrathecal Solution, Sterile-Preservative Free, The Compounding Pharmacy of America, Knoxville, TN","22 ml","Lack of Assurance of Sterility; FDA inspection identified GMP violations potentially impacting product quality and sterility","06/02/2015","09/15/2015","02/10/2016","09/23/2015","All lots distributed between November 2014 and May 2015;  03232015@18, 6/21/2015"
"Drugs","No","","71371","Terminated","The Compounding Pharmacy of America","6216 Highland Place Way Ste 101-A","N/A","Knoxville","TN","	37919-4068","United States","Voluntary: Firm initiated","Telephone","Nationwide","D-1674-2015","Class II","Hydromorphone 45 mg/ml + Fentanyl 10,000 mcg/ml + Bupivacaine 15 mg/ml + Baclofen 720 mcg/ml Intrathecal Solution, Sterile-Preservative Free, The Compounding Pharmacy of America, Knoxville, TN","67 ml","Lack of Assurance of Sterility; FDA inspection identified GMP violations potentially impacting product quality and sterility","06/02/2015","09/15/2015","02/10/2016","09/23/2015","All lots distributed between November 2014 and May 2015;  03022015@8, 5/31/2015, 03202015@60, 6/18/2015; 04172015@29, 6/16/2015"
"Drugs","No","","71371","Terminated","The Compounding Pharmacy of America","6216 Highland Place Way Ste 101-A","N/A","Knoxville","TN","	37919-4068","United States","Voluntary: Firm initiated","Telephone","Nationwide","D-1675-2015","Class II","Hydromorphone 50 mg/ml + Fentanyl 3,000 mcg/ml + Bupivacaine 20 mg/ml Intrathecal Solution, Sterile-Preservative Free, The Compounding Pharmacy of America, Knoxville, TN","23 ml","Lack of Assurance of Sterility; FDA inspection identified GMP violations potentially impacting product quality and sterility","06/02/2015","09/15/2015","02/10/2016","09/23/2015","All lots distributed between November 2014 and May 2015;  04072015@70, 7/6/2015"
"Drugs","No","","71371","Terminated","The Compounding Pharmacy of America","6216 Highland Place Way Ste 101-A","N/A","Knoxville","TN","	37919-4068","United States","Voluntary: Firm initiated","Telephone","Nationwide","D-1676-2015","Class II","Hydromorphone 60 mg/ml + Fentanyl 1,000 mcg/ml + Bupivacaine 10 mg/ml Intrathecal Solution, Sterile-Preservative Free, The Compounding Pharmacy of America, Knoxville, TN","45 ml","Lack of Assurance of Sterility; FDA inspection identified GMP violations potentially impacting product quality and sterility","06/02/2015","09/15/2015","02/10/2016","09/23/2015","All lots distributed between November 2014 and May 2015;  03122015@21, 6/10/2015; 04092015@71, 6/8/2015"
"Drugs","No","","71371","Terminated","The Compounding Pharmacy of America","6216 Highland Place Way Ste 101-A","N/A","Knoxville","TN","	37919-4068","United States","Voluntary: Firm initiated","Telephone","Nationwide","D-1677-2015","Class II","Hydromorphone 60 mg/ml + Fentanyl 20,000 mcg/ml + Bupivacaine 40 mg/ml + Clonidine 1,000 mcg/ml + Baclofen 300 mcg/ml Intrathecal Solution, Sterile-Preservative Free, The Compounding Pharmacy of America, Knoxville, TN","45 ml","Lack of Assurance of Sterility; FDA inspection identified GMP violations potentially impacting product quality and sterility","06/02/2015","09/15/2015","02/10/2016","09/23/2015","All lots distributed between November 2014 and May 2015;  03202015@61, 6/18/2015; 04172015@38, 6/16/2015"
"Drugs","No","","71371","Terminated","The Compounding Pharmacy of America","6216 Highland Place Way Ste 101-A","N/A","Knoxville","TN","	37919-4068","United States","Voluntary: Firm initiated","Telephone","Nationwide","D-1678-2015","Class II","Hydromorphone 60 mg/ml + Fentanyl 15,000 mcg/ml + Bupivacaine 35 mg/ml + Clonidine 1,200 mcg/ml + Baclofen 90 mcg/ml Intrathecal Solution, Sterile-Preservative Free, The Compounding Pharmacy of America, Knoxville, TN","66 ml","Lack of Assurance of Sterility; FDA inspection identified GMP violations potentially impacting product quality and sterility","06/02/2015","09/15/2015","02/10/2016","09/23/2015","All lots distributed between November 2014 and May 2015;  03092015@17, 6/7/2015, 04032015@26, 7/2/2015; 5012015@15, 7/30/2015"
"Drugs","No","","71371","Terminated","The Compounding Pharmacy of America","6216 Highland Place Way Ste 101-A","N/A","Knoxville","TN","	37919-4068","United States","Voluntary: Firm initiated","Telephone","Nationwide","D-1679-2015","Class II","Hydromorphone 60 mg/ml + Fentanyl 7,500 mcg/ml + Bupivacaine 30 mg/ml + Clonidine 1,100 mcg/ml + Baclofen 600 mcg/ml Intrathecal Solution, Sterile-Preservative Free, The Compounding Pharmacy of America, Knoxville, TN","67 ml","Lack of Assurance of Sterility; FDA inspection identified GMP violations potentially impacting product quality and sterility","06/02/2015","09/15/2015","02/10/2016","09/23/2015","All lots distributed between November 2014 and May 2015;  03022015@7, 5/31/2015; 03202015@59, 6/18/2015; 04172015@39, 6/16/2015"
"Drugs","No","","71371","Terminated","The Compounding Pharmacy of America","6216 Highland Place Way Ste 101-A","N/A","Knoxville","TN","	37919-4068","United States","Voluntary: Firm initiated","Telephone","Nationwide","D-1680-2015","Class II","Hydromorphone 70 mg/ml + Bupivacaine 20 mg/ml + Clonidine 125 mcg/ml Intrathecal Solution, Sterile-Preservative Free, The Compounding Pharmacy of America, Knoxville, TN","44 ml","Lack of Assurance of Sterility; FDA inspection identified GMP violations potentially impacting product quality and sterility","06/02/2015","09/15/2015","02/10/2016","09/23/2015","All lots distributed between November 2014 and May 2015;  03122015@19, 6/10/2015; 04242015@48, 7/23/2015"
"Drugs","No","","71371","Terminated","The Compounding Pharmacy of America","6216 Highland Place Way Ste 101-A","N/A","Knoxville","TN","	37919-4068","United States","Voluntary: Firm initiated","Telephone","Nationwide","D-1681-2015","Class II","Hydromorphone 70 mg/ml +Fentanyl 16,000 mcg/ml + Bupivacaine 12 mg/ml + Clonidine 1,000 mcg/ml, Baclofen 900 mcg/ml Intrathecal Solution, Sterile-Preservative Free, The Compounding Pharmacy of America, Knoxville, TN","22 ml","Lack of Assurance of Sterility; FDA inspection identified GMP violations potentially impacting product quality and sterility","06/02/2015","09/15/2015","02/10/2016","09/23/2015","All lots distributed between November 2014 and May 2015;  03122015@24, 6/10/2015"
"Drugs","No","","71371","Terminated","The Compounding Pharmacy of America","6216 Highland Place Way Ste 101-A","N/A","Knoxville","TN","	37919-4068","United States","Voluntary: Firm initiated","Telephone","Nationwide","D-1682-2015","Class II","Hydromorphone 80 mg/ml + Bupivacaine 10 mg/ml + Clonidine 1,000 mcg/ml, Baclofen 500 mcg/ml Intrathecal Solution, Sterile-Preservative Free, The Compounding Pharmacy of America, Knoxville, TN","22 ml","Lack of Assurance of Sterility; FDA inspection identified GMP violations potentially impacting product quality and sterility","06/02/2015","09/15/2015","02/10/2016","09/23/2015","All lots distributed between November 2014 and May 2015;  03202015@58, 6/18/2015"
"Drugs","No","","71371","Terminated","The Compounding Pharmacy of America","6216 Highland Place Way Ste 101-A","N/A","Knoxville","TN","	37919-4068","United States","Voluntary: Firm initiated","Telephone","Nationwide","D-1683-2015","Class II","Lipo-B MMC I (SULFUR FREE) Injectable, Multi-Dose Vial, Sterile, Room Temperature, The Compounding Pharmacy of America, Knoxville, TN","1200 ml","Lack of Assurance of Sterility; FDA inspection identified GMP violations potentially impacting product quality and sterility","06/02/2015","09/15/2015","02/10/2016","09/23/2015","All lots distributed between November 2014 and May 2015;  04222015@13, 7/21/2015; 05112015@74, 8/9/2015"
"Drugs","No","","71371","Terminated","The Compounding Pharmacy of America","6216 Highland Place Way Ste 101-A","N/A","Knoxville","TN","	37919-4068","United States","Voluntary: Firm initiated","Telephone","Nationwide","D-1684-2015","Class II","Lipo-DEN III  Injection, Multi-Dose Vial, Sterile, Room Temperature, The Compounding Pharmacy of America, Knoxville, TN","2733 ml","Lack of Assurance of Sterility; FDA inspection identified GMP violations potentially impacting product quality and sterility","06/02/2015","09/15/2015","02/10/2016","09/23/2015","All lots distributed between November 2014 and May 2015;  03022015@26, 5/31/2015; 02272015@22, 5/28/2015; 03092015@75, 6/7/2015; 04092015@97, 7/8/2015; 04092015@37, 7/8/2015; 03022015@78, 5/31/2015; 04102015@6, 7/9/2015; 04242015@31, 7/23/2015"
"Drugs","No","","71371","Terminated","The Compounding Pharmacy of America","6216 Highland Place Way Ste 101-A","N/A","Knoxville","TN","	37919-4068","United States","Voluntary: Firm initiated","Telephone","Nationwide","D-1685-2015","Class II","LIPO-DEN MODIFIED Injection, Multi-Dose Vial, Sterile, Room Temperature, The Compounding Pharmacy of America, Knoxville, TN","1650 ml","Lack of Assurance of Sterility; FDA inspection identified GMP violations potentially impacting product quality and sterility","06/02/2015","09/15/2015","02/10/2016","09/23/2015","All lots distributed between November 2014 and May 2015;  03022015@68, 5/31/2015; 04102015@4, 7/9/2015; 04242015@23, 7/23/2015"
"Drugs","No","","71371","Terminated","The Compounding Pharmacy of America","6216 Highland Place Way Ste 101-A","N/A","Knoxville","TN","	37919-4068","United States","Voluntary: Firm initiated","Telephone","Nationwide","D-1686-2015","Class II","LIPO-EXTREME Injectable, Multi-Dose Vial, Sterile, Room Temperature, The Compounding Pharmacy of America, Knoxville, TN","105 ml","Lack of Assurance of Sterility; FDA inspection identified GMP violations potentially impacting product quality and sterility","06/02/2015","09/15/2015","02/10/2016","09/23/2015","All lots distributed between November 2014 and May 2015;  03122015@79, 6/10/2015"
"Drugs","No","","71371","Terminated","The Compounding Pharmacy of America","6216 Highland Place Way Ste 101-A","N/A","Knoxville","TN","	37919-4068","United States","Voluntary: Firm initiated","Telephone","Nationwide","D-1687-2015","Class II","LIPO-Tropic Injectable, Multi-Dose Vial, Sterile, Room Temperature, The Compounding Pharmacy of America, Knoxville, TN","305 ml","Lack of Assurance of Sterility; FDA inspection identified GMP violations potentially impacting product quality and sterility","06/02/2015","09/15/2015","02/10/2016","09/23/2015","All lots distributed between November 2014 and May 2015;  02262015@3, 5/27/2015"
"Drugs","No","","71371","Terminated","The Compounding Pharmacy of America","6216 Highland Place Way Ste 101-A","N/A","Knoxville","TN","	37919-4068","United States","Voluntary: Firm initiated","Telephone","Nationwide","D-1688-2015","Class II","LIPO-VITE Injection, Multi-Dose Vial, Sterile, Room Temperature, The Compounding Pharmacy of America, Knoxville, TN","2804 ml","Lack of Assurance of Sterility; FDA inspection identified GMP violations potentially impacting product quality and sterility","06/02/2015","09/15/2015","02/10/2016","09/23/2015","All lots distributed between November 2014 and May 2015;  03022015@27, 5/31/2015; 02242015@4, 5/25/2015; 02272015@4, 5/28/2015; 03052015@1, 6/3/2015; 03132015@49, 6/11/2015; 03162015@29, 6/14/2015;   03182015@1, 6/16/2015; 03172015@13, 6/15/2015; 03172015@17, 6/15/2015; 03172015@20, 6/15/2015; 03182015@18, 6/16/2015; 03232015@14, 6/21/2015; 04272015@57, 7/26/2015; 03302015@31, 6/28/2015; 04092015@24, 7/8/2015; 03312015@46, 6/29/2015; 03312015@55, 6/29/2015; 04022015@61, 7/1/2015; 04032015@17, 7/2/2015; 04072015@11, 7/6/2015; 04072015@11, 7/6/2015; 04102015@51, 7/9/2015; 04142015@69, 7/13/2015; 04142015@83, 7/13/2015;   04212015@6, 7/20/2015; 05052015@95, 8/3/2015; 04222015@50, 7/21/2015;   05042015@26, 8/2/2015; 04292015@5, 7/28/2015; 04272015@50, 7/26/2015;   04302015@37, 7/29/2015; 05012015@39, 7/30/2015; 05112015@24, 8/9/2015"
"Drugs","No","","71371","Terminated","The Compounding Pharmacy of America","6216 Highland Place Way Ste 101-A","N/A","Knoxville","TN","	37919-4068","United States","Voluntary: Firm initiated","Telephone","Nationwide","D-1689-2015","Class II","LIPO-VITE III, Injection Multi-Dose Vial, Sterile, Room Temperature, The Compounding Pharmacy of America, Knoxville, TN","620 ml","Lack of Assurance of Sterility; FDA inspection identified GMP violations potentially impacting product quality and sterility","06/02/2015","09/15/2015","02/10/2016","09/23/2015","All lots distributed between November 2014 and May 2015;  02232015@72, 5/24/2015; 02252015@60, 5/26/2015; 03112015@55, 6/9/2015; 03122015@99, 6/10/2015; 03172015@67, 6/15/2015; 03312015@74, 6/29/2015;   05052015@34, 8/3/2015; 04292015@21, 7/28/2015"
"Drugs","No","","71371","Terminated","The Compounding Pharmacy of America","6216 Highland Place Way Ste 101-A","N/A","Knoxville","TN","	37919-4068","United States","Voluntary: Firm initiated","Telephone","Nationwide","D-1690-2015","Class II","Lipotropic (w/Cyanocobalamin 4000 mcg/ml) Injection,  Multi-Dose Vial, Sterile, Room Temperature, The Compounding Pharmacy of America, Knoxville, TN","775 ml","Lack of Assurance of Sterility; FDA inspection identified GMP violations potentially impacting product quality and sterility","06/02/2015","09/15/2015","02/10/2016","09/23/2015","All lots distributed between November 2014 and May 2015;  05062015@1, 7/31/2015; 04152015@62, 7/14/2015; 03232015@53, 6/21/2015; 03232015@75, 6/21/2015; 04152015@11, 7/14/2015"
"Drugs","No","","71371","Terminated","The Compounding Pharmacy of America","6216 Highland Place Way Ste 101-A","N/A","Knoxville","TN","	37919-4068","United States","Voluntary: Firm initiated","Telephone","Nationwide","D-1691-2015","Class II","Lipotropic B-12 Injection, Multi-Dose Vial, Sterile, Room Temperature, The Compounding Pharmacy of America, Knoxville, TN","249 ml","Lack of Assurance of Sterility; FDA inspection identified GMP violations potentially impacting product quality and sterility","06/02/2015","09/15/2015","02/10/2016","09/23/2015","All lots distributed between November 2014 and May 2015;  03042015@17, 6/2/2015; 04142015@20, 7/13/2015; 03192015@51, 6/17/2015; 04142015@89, 7/13/2015; 04232015@3, 7/22/2015"
"Drugs","No","","71371","Terminated","The Compounding Pharmacy of America","6216 Highland Place Way Ste 101-A","N/A","Knoxville","TN","	37919-4068","United States","Voluntary: Firm initiated","Telephone","Nationwide","D-1692-2015","Class II","Lipotropic B-12 II* + Lidocaine Injection, Multi-Dose Vial, Sterile, Room Temperature, The Compounding Pharmacy of America, Knoxville, TN","520 ml","Lack of Assurance of Sterility; FDA inspection identified GMP violations potentially impacting product quality and sterility","06/02/2015","09/15/2015","02/10/2016","09/23/2015","All lots distributed between November 2014 and May 2015;  04132015@63, 7/12/2015; 03182015@34, 6/16/2015; 05082015@26, 8/6/2015"
"Drugs","No","","71371","Terminated","The Compounding Pharmacy of America","6216 Highland Place Way Ste 101-A","N/A","Knoxville","TN","	37919-4068","United States","Voluntary: Firm initiated","Telephone","Nationwide","D-1693-2015","Class II","Lipotropic Methyl B-12 Injection, Multi-Dose Vial, Sterile, Room Temperature, The Compounding Pharmacy of America, Knoxville, TN","128 ml","Lack of Assurance of Sterility; FDA inspection identified GMP violations potentially impacting product quality and sterility","06/02/2015","09/15/2015","02/10/2016","09/23/2015","All lots distributed between November 2014 and May 2015;  03102015@62, 6/8/2015; 03172015@52, 6/15/2015; 03272015@8, 6/25/2015"
"Drugs","No","","71371","Terminated","The Compounding Pharmacy of America","6216 Highland Place Way Ste 101-A","N/A","Knoxville","TN","	37919-4068","United States","Voluntary: Firm initiated","Telephone","Nationwide","D-1694-2015","Class II","Lipovicine Modified II Injectable, Multi-Dose Vial, Sterile, Room Temperature, The Compounding Pharmacy of America, Knoxville, TN","331 ml","Lack of Assurance of Sterility; FDA inspection identified GMP violations potentially impacting product quality and sterility","06/02/2015","09/15/2015","02/10/2016","09/23/2015","All lots distributed between November 2014 and May 2015;  04152015@29; 7/14/2015; 04212015@31, 7/20/2015"
"Drugs","No","","71371","Terminated","The Compounding Pharmacy of America","6216 Highland Place Way Ste 101-A","N/A","Knoxville","TN","	37919-4068","United States","Voluntary: Firm initiated","Telephone","Nationwide","D-1695-2015","Class II","Lipovicine-Choline 100 mg/ml-Acorbic Acid 45 mg/ml Injectable, Multi-Dose Vial, Sterile, Room Temperature, The Compounding Pharmacy of America, Knoxville, TN","480 ml","Lack of Assurance of Sterility; FDA inspection identified GMP violations potentially impacting product quality and sterility","06/02/2015","09/15/2015","02/10/2016","09/23/2015","All lots distributed between November 2014 and May 2015;  03182015@17, 6/16/2015"
"Drugs","No","","71371","Terminated","The Compounding Pharmacy of America","6216 Highland Place Way Ste 101-A","N/A","Knoxville","TN","	37919-4068","United States","Voluntary: Firm initiated","Telephone","Nationwide","D-1696-2015","Class II","MEGA-BURN Injection, Multi-Dose Vial, Sterile, Room Temperature, The Compounding Pharmacy of America, Knoxville, TN","3513 ml","Lack of Assurance of Sterility; FDA inspection identified GMP violations potentially impacting product quality and sterility","06/02/2015","09/15/2015","02/10/2016","09/23/2015","All lots distributed between November 2014 and May 2015;  04212015@10, 7/20/2015; 02232015@86, 5/24/2015; 02252015@79, 5/26/2015; 03112015@21, 6/9/2015; 03232015@40, 6/21/2015; 03242015@76, 6/22/2015; 03312015@60, 6/29/2015; 03272015@27, 6/25/2015; 04022015@62, 7/1/2015; 04072015@55, 7/6/2015;  04142015@59, 7/13/2015; 04212015@30, 7/20/2015; 04212015@54, 7/20/2015; 04222015@31, 7/21/2015; 05042015@64, 8/2/2015; 05052015@60, 8/3/2015; 04272015@77, 7/26/2015; 04292015@14, 7/28/2015; 04292015@23, 7/28/2015; 05052015@92, 8/3/2015; 05082015@23, 8/6/2015; 05012015@11, 7/30/2015; 05052015@98, 8/3/2015"
"Drugs","No","","71371","Terminated","The Compounding Pharmacy of America","6216 Highland Place Way Ste 101-A","N/A","Knoxville","TN","	37919-4068","United States","Voluntary: Firm initiated","Telephone","Nationwide","D-1697-2015","Class II","MEGA-BURN Injectable ROCK CREEK, Multi-Dose Vial, Sterile, Room Temperature, The Compounding Pharmacy of America, Knoxville, TN","461 ml","Lack of Assurance of Sterility; FDA inspection identified GMP violations potentially impacting product quality and sterility","06/02/2015","09/15/2015","02/10/2016","09/23/2015","All lots distributed between November 2014 and May 2015;  02272015@77, 5/28/2015; 03122015@85, 6/10/2015; 03252015@29, 6/23/2015; 04072015@54, 7/6/2015; 04172015@69, 7/16/2015; 04272015@45, 7/26/2015"
"Drugs","No","","71371","Terminated","The Compounding Pharmacy of America","6216 Highland Place Way Ste 101-A","N/A","Knoxville","TN","	37919-4068","United States","Voluntary: Firm initiated","Telephone","Nationwide","D-1698-2015","Class II","MEGA-BURN IV Injectable, Multi-Dose Vial, Sterile, Room Temperature, The Compounding Pharmacy of America, Knoxville, TN","428 ml","Lack of Assurance of Sterility; FDA inspection identified GMP violations potentially impacting product quality and sterility","06/02/2015","09/15/2015","02/10/2016","09/23/2015","All lots distributed between November 2014 and May 2015;  04142015@6, 7/13/2015; 03132015@9, 6/11/2015; 03122015@100, 6/10/2015; 04142015@15, 7/13/2015; 03302015@46, 6/28/2015; 04302015@49, 7/29/2015"
"Drugs","No","","71371","Terminated","The Compounding Pharmacy of America","6216 Highland Place Way Ste 101-A","N/A","Knoxville","TN","	37919-4068","United States","Voluntary: Firm initiated","Telephone","Nationwide","D-1699-2015","Class II","MEGA-BURN III Injection, Multi-Dose Vial, Sterile, Room Temperature, The Compounding Pharmacy of America, Knoxville, TN","1436 ml","Lack of Assurance of Sterility; FDA inspection identified GMP violations potentially impacting product quality and sterility","06/02/2015","09/15/2015","02/10/2016","09/23/2015","All lots distributed between November 2014 and May 2015;  03022015@28, 5/31/2015; 04152015@17, 7/14/2015; 04152015@44, 7/14/2015; 02272015@62, 5/28/2015; 03032015@25, 6/1/2015; 03122015@89, 6/10/2015; 03162015@58, 6/14/2015; 03182015@28, 6/16/2015; 03302015@26, 6/28/2015; 04062015@65, 7/5/2015; 04142015@45, 7/13/2015; 04172015@46, 7/16/2015; 04242015@27, 7/23/2015; 04292015@31, 7/28/2015; 04292015@81, 7/28/2015; 5082015@63, 8/6/2015; 04302015@9, 7/29/2015; 05112015@30, 8/9/2015; 5072015@14, 8/5/2015"
"Drugs","No","","71371","Terminated","The Compounding Pharmacy of America","6216 Highland Place Way Ste 101-A","N/A","Knoxville","TN","	37919-4068","United States","Voluntary: Firm initiated","Telephone","Nationwide","D-1700-2015","Class II","MEGA-BURN*  Injection, Multi-Dose Vial, Sterile, Room Temperature, The Compounding Pharmacy of America, Knoxville, TN","134 ml","Lack of Assurance of Sterility; FDA inspection identified GMP violations potentially impacting product quality and sterility","06/02/2015","09/15/2015","02/10/2016","09/23/2015","All lots distributed between November 2014 and May 2015;  03022015@61, 5/31/2015; 03052015@11, 6/3/2015; 04132015@21, 7/12/2015;   03242015@7, 6/22/2015; 04292015@11, 7/28/2015"
"Drugs","No","","71371","Terminated","The Compounding Pharmacy of America","6216 Highland Place Way Ste 101-A","N/A","Knoxville","TN","	37919-4068","United States","Voluntary: Firm initiated","Telephone","Nationwide","D-1701-2015","Class II","Morphine 25 mg/ml + Bupivacaine 20 mg/ml + Clonidine 2,000 mcg/ml Solution, Sterile, Preservative Free, The Compounding Pharmacy of America, Knoxville, TN","44 ml","Lack of Assurance of Sterility; FDA inspection identified GMP violations potentially impacting product quality and sterility","06/02/2015","09/15/2015","02/10/2016","09/23/2015","All lots distributed between November 2014 and May 2015;  03092015@14, 6/7/2015; 04242015@54, 7/23/2015"
"Drugs","No","","71371","Terminated","The Compounding Pharmacy of America","6216 Highland Place Way Ste 101-A","N/A","Knoxville","TN","	37919-4068","United States","Voluntary: Firm initiated","Telephone","Nationwide","D-1702-2015","Class II","Morphine 25 mg/ml + Bupivacaine 30 mg/ml + Clonidine 200 mcg/ml Solution, Sterile, Preservative Free, The Compounding Pharmacy of America, Knoxville, TN     ","43 ml","Lack of Assurance of Sterility; FDA inspection identified GMP violations potentially impacting product quality and sterility","06/02/2015","09/15/2015","02/10/2016","09/23/2015","All lots distributed between November 2014 and May 2015;   03202015@84, 6/18/2015"
"Drugs","No","","71371","Terminated","The Compounding Pharmacy of America","6216 Highland Place Way Ste 101-A","N/A","Knoxville","TN","	37919-4068","United States","Voluntary: Firm initiated","Telephone","Nationwide","D-1703-2015","Class II","Morphine 45 mg/ml + Bupivacaine 8 mg/ml + Baclofen 25 mcg/ml Solution, Sterile, Preservative Free, The Compounding Pharmacy of America, Knoxville, TN     ","66 ml","Lack of Assurance of Sterility; FDA inspection identified GMP violations potentially impacting product quality and sterility","06/02/2015","09/15/2015","02/10/2016","09/23/2015","All lots distributed between November 2014 and May 2015;  02272015@35, 5/28/2015; 04222015@23, 7/21/2015"
"Drugs","No","","71371","Terminated","The Compounding Pharmacy of America","6216 Highland Place Way Ste 101-A","N/A","Knoxville","TN","	37919-4068","United States","Voluntary: Firm initiated","Telephone","Nationwide","D-1704-2015","Class II","Morphine 50 mg/ml + Clonidine 500 mcg/ml +Bupivacaine 2.5 mg/ml Solution, Sterile, Preservative Free, The Compounding Pharmacy of America, Knoxville, TN   ","43 ml","Lack of Assurance of Sterility; FDA inspection identified GMP violations potentially impacting product quality and sterility","06/02/2015","09/15/2015","02/10/2016","09/23/2015","All lots distributed between November 2014 and May 2015;  04012015@6, 6/30/2015"
"Drugs","No","","71371","Terminated","The Compounding Pharmacy of America","6216 Highland Place Way Ste 101-A","N/A","Knoxville","TN","	37919-4068","United States","Voluntary: Firm initiated","Telephone","Nationwide","D-1705-2015","Class II","Morphine 50 mg/ml + Clonidine 750 mcg/ml + Baclofen 15 mcg/ml Solution, Sterile, Preservative Free, The Compounding Pharmacy of America, Knoxville, TN   ","44 ml","Lack of Assurance of Sterility; FDA inspection identified GMP violations potentially impacting product quality and sterility","06/02/2015","09/15/2015","02/10/2016","09/23/2015","All lots distributed between November 2014 and May 2015;  03092015@25, 6/7/2015; 04242015@44, 7/23/2015"
"Drugs","No","","71371","Terminated","The Compounding Pharmacy of America","6216 Highland Place Way Ste 101-A","N/A","Knoxville","TN","	37919-4068","United States","Voluntary: Firm initiated","Telephone","Nationwide","D-1706-2015","Class II","Morphine 50 mg/ml + Fentanyl 1,500 mcg/ml + Baclofen 800 mcg/ml +Clonidine 200 mcg/ml Solution, Sterile, Preservative Free, The Compounding Pharmacy of America, Knoxville, TN","129 ml","Lack of Assurance of Sterility; FDA inspection identified GMP violations potentially impacting product quality and sterility","06/02/2015","09/15/2015","02/10/2016","09/23/2015","All lots distributed between November 2014 and May 2015;  02252015@12, 5/20/2015; 03242015@80, 6/22/2015; 04222015@24, 7/21/2015"
"Drugs","No","","71371","Terminated","The Compounding Pharmacy of America","6216 Highland Place Way Ste 101-A","N/A","Knoxville","TN","	37919-4068","United States","Voluntary: Firm initiated","Telephone","Nationwide","D-1707-2015","Class II","Morphine 50 mg/ml + Fentanyl 10,000 mcg/ml + Bupivacaine 25 mg/ml, Solution, Sterile, Preservative Free, The Compounding Pharmacy of America, Knoxville, TN","N/A","Lack of Assurance of Sterility; FDA inspection identified GMP violations potentially impacting product quality and sterility","06/02/2015","09/15/2015","02/10/2016","09/23/2015","All lots distributed between November 2014 and May 2015;  03092015@15, 6/7/2015; 04092015@69, 6/8/2015; 05012015@12, 6/30/2015"
"Drugs","No","","71371","Terminated","The Compounding Pharmacy of America","6216 Highland Place Way Ste 101-A","N/A","Knoxville","TN","	37919-4068","United States","Voluntary: Firm initiated","Telephone","Nationwide","D-1708-2015","Class II","Morphine 50 mg/ml + Fentanyl 2,000 mcg/ml + Bupivacaine 10 mg/ml Clonidine 200 mcg/ml, Solution, Sterile, Preservative Free, The Compounding Pharmacy of America, Knoxville, TN","86 ml","Lack of Assurance of Sterility; FDA inspection identified GMP violations potentially impacting product quality and sterility","06/02/2015","09/15/2015","02/10/2016","09/23/2015","All lots distributed between November 2014 and May 2015;  03162015@70, 6/14/2015; 04142015@72, 5/20/2015"
"Drugs","No","","71371","Terminated","The Compounding Pharmacy of America","6216 Highland Place Way Ste 101-A","N/A","Knoxville","TN","	37919-4068","United States","Voluntary: Firm initiated","Telephone","Nationwide","D-1709-2015","Class II","Morphine 50 mg/ml + Fentanyl 3,000 mcg/ml + Baclofen 450 mcg/ml, Sterile, Preservative Free, The Compounding Pharmacy of America, Knoxville, TN","44 ml","Lack of Assurance of Sterility; FDA inspection identified GMP violations potentially impacting product quality and sterility","06/02/2015","09/15/2015","02/10/2016","09/23/2015","All lots distributed between November 2014 and May 2015;  03202015@57, 6/18/2015; 04242015@53, 7/23/2015"
"Drugs","No","","71371","Terminated","The Compounding Pharmacy of America","6216 Highland Place Way Ste 101-A","N/A","Knoxville","TN","	37919-4068","United States","Voluntary: Firm initiated","Telephone","Nationwide","D-1710-2015","Class II","Morphine 50 mg/ml + Fentanyl 3,000 mcg/ml + Bupivacaine 15 mg/ml Solution, Sterile, Preservative Free, The Compounding Pharmacy of America, Knoxville, TN","70 ml","Lack of Assurance of Sterility; FDA inspection identified GMP violations potentially impacting product quality and sterility","06/02/2015","09/15/2015","02/10/2016","09/23/2015","All lots distributed between November 2014 and May 2015;  05082015@38, 7/7/2015; 03122015@15, 6/10/2015; 04092015@72, 6/8/2015"
"Drugs","No","","71371","Terminated","The Compounding Pharmacy of America","6216 Highland Place Way Ste 101-A","N/A","Knoxville","TN","	37919-4068","United States","Voluntary: Firm initiated","Telephone","Nationwide","D-1711-2015","Class II","Morphine 50 mg/ml + Ropivacaine 5 mg/ml +Baclofen 20 mcg/ml Solution, Sterile, Preservative Free, The Compounding Pharmacy of America, Knoxville, TN","33 ml","Lack of Assurance of Sterility; FDA inspection identified GMP violations potentially impacting product quality and sterility","06/02/2015","09/15/2015","02/10/2016","09/23/2015","All lots distributed between November 2014 and May 2015;  04072015@69, 7/6/2015"
"Drugs","No","","71371","Terminated","The Compounding Pharmacy of America","6216 Highland Place Way Ste 101-A","N/A","Knoxville","TN","	37919-4068","United States","Voluntary: Firm initiated","Telephone","Nationwide","D-1712-2015","Class II","Morphine 50 mg/ml + Fentanyl 20,000 mcg/ml + Bupivacaine 30 mg/ml + Clonidine 1,200 mcg/ml Solution, Sterile, Preservative Free, The Compounding Pharmacy of America, Knoxville, TN     ","70 ml","Lack of Assurance of Sterility; FDA inspection identified GMP violations potentially impacting product quality and sterility","06/02/2015","09/15/2015","02/10/2016","09/23/2015","All lots distributed between November 2014 and May 2015;  03122015@23, 6/10/2015; 04092015@73, 6/8/2015; 05082015@39, 7/7/2015"
"Drugs","No","","71371","Terminated","The Compounding Pharmacy of America","6216 Highland Place Way Ste 101-A","N/A","Knoxville","TN","	37919-4068","United States","Voluntary: Firm initiated","Telephone","Nationwide","D-1713-2015","Class II","Morphine 60 mg/ml + Fentanyl 12,000 mcg/ml + Bupivacaine 40 mg/ml + Clonidine 1,400 mcg/ml Solution, Sterile, Preservative Free, The Compounding Pharmacy of America, Knoxville, TN     ","22 ml","Lack of Assurance of Sterility; FDA inspection identified GMP violations potentially impacting product quality and sterility","06/02/2015","09/15/2015","02/10/2016","09/23/2015","All lots distributed between November 2014 and May 2015;  03162015@69, 6/14/2015"
"Drugs","No","","71371","Terminated","The Compounding Pharmacy of America","6216 Highland Place Way Ste 101-A","N/A","Knoxville","TN","	37919-4068","United States","Voluntary: Firm initiated","Telephone","Nationwide","D-1714-2015","Class II","Myers Cocktail Injection, Sterile, Refrigerate, The Compounding Pharmacy of America, Knoxville, TN   ","185 ml","Lack of Assurance of Sterility; FDA inspection identified GMP violations potentially impacting product quality and sterility","06/02/2015","09/15/2015","02/10/2016","09/23/2015","All lots distributed between November 2014 and May 2015;  05072015@9, 6/11/2015; 05062015@39, 6/10/2015"
"Drugs","No","","71371","Terminated","The Compounding Pharmacy of America","6216 Highland Place Way Ste 101-A","N/A","Knoxville","TN","	37919-4068","United States","Voluntary: Firm initiated","Telephone","Nationwide","D-1715-2015","Class II","MYO-DEN Injection, Multi-Dose Vial, Sterile, Room Temperature, The Compounding Pharmacy of America, Knoxville, TN   ","13 ml","Lack of Assurance of Sterility; FDA inspection identified GMP violations potentially impacting product quality and sterility","06/02/2015","09/15/2015","02/10/2016","09/23/2015","All lots distributed between November 2014 and May 2015;  03062015@29, 6/4/2015; 02192015@44, 5/20/2015; 03162015@87, 6/14/2015"
"Drugs","No","","71371","Terminated","The Compounding Pharmacy of America","6216 Highland Place Way Ste 101-A","N/A","Knoxville","TN","	37919-4068","United States","Voluntary: Firm initiated","Telephone","Nationwide","D-1716-2015","Class II","Quad-Mix 1 Injectable, Multi-Dose Vial, Sterile, Keep Frozen, The Compounding Pharmacy of America, Knoxville, TN","12 ml","Lack of Assurance of Sterility; FDA inspection identified GMP violations potentially impacting product quality and sterility","06/02/2015","09/15/2015","02/10/2016","09/23/2015","All lots distributed between November 2014 and May 2015;  02112015@26, 8/10/2015"
"Drugs","No","","71371","Terminated","The Compounding Pharmacy of America","6216 Highland Place Way Ste 101-A","N/A","Knoxville","TN","	37919-4068","United States","Voluntary: Firm initiated","Telephone","Nationwide","D-1717-2015","Class II","Quad-Mix 2 Injectable, Multi-Dose Vial, Sterile, Keep Frozen, The Compounding Pharmacy of America, Knoxville, TN","12 ml","Lack of Assurance of Sterility; FDA inspection identified GMP violations potentially impacting product quality and sterility","06/02/2015","09/15/2015","02/10/2016","09/23/2015","All lots distributed between November 2014 and May 2015;  05052015@16, 11/1/2015"
"Drugs","No","","71371","Terminated","The Compounding Pharmacy of America","6216 Highland Place Way Ste 101-A","N/A","Knoxville","TN","	37919-4068","United States","Voluntary: Firm initiated","Telephone","Nationwide","D-1718-2015","Class II","Quad-Mix 4 Injectable, Multi-Dose Vial, Sterile, Keep Frozen, The Compounding Pharmacy of America, Knoxville, TN","45 ml","Lack of Assurance of Sterility; FDA inspection identified GMP violations potentially impacting product quality and sterility","06/02/2015","09/15/2015","02/10/2016","09/23/2015","All lots distributed between November 2014 and May 2015;  02112015@27, 8/10/2015; 02032015@93, 8/2/2015"
"Drugs","No","","71371","Terminated","The Compounding Pharmacy of America","6216 Highland Place Way Ste 101-A","N/A","Knoxville","TN","	37919-4068","United States","Voluntary: Firm initiated","Telephone","Nationwide","D-1719-2015","Class II","TRI-MIX (1/1/40) (MFG) Injectable, Multi-Dose Vial, Sterile, Keep Frozen, The Compounding Pharmacy of America, Knoxville, TN","13 ml","Lack of Assurance of Sterility; FDA inspection identified GMP violations potentially impacting product quality and sterility","06/02/2015","09/15/2015","02/10/2016","09/23/2015","All lots distributed between November 2014 and May 2015;  03042015@7, 8/31/2015"
"Drugs","No","","71371","Terminated","The Compounding Pharmacy of America","6216 Highland Place Way Ste 101-A","N/A","Knoxville","TN","	37919-4068","United States","Voluntary: Firm initiated","Telephone","Nationwide","D-1720-2015","Class II","Tri-Mix Super Injectable, Multi-Dose Vial, Sterile, Keep Frozen, The Compounding Pharmacy of America, Knoxville, TN","N/A","Lack of Assurance of Sterility; FDA inspection identified GMP violations potentially impacting product quality and sterility","06/02/2015","09/15/2015","02/10/2016","09/23/2015","All lots distributed between November 2014 and May 2015;  01202015@30, 7/19/2015; 01262015@22, 7/25/2015; 02092015@14, 7/1/2015; 02192015@12, 8/18/2015; 03202015@86, 9/16/2015; 03232015@25, 9/19/2015; 04282015@14, 10/25/2015; 04282015@18, 10/25/2015"
"Drugs","No","","71371","Terminated","The Compounding Pharmacy of America","6216 Highland Place Way Ste 101-A","N/A","Knoxville","TN","	37919-4068","United States","Voluntary: Firm initiated","Telephone","Nationwide","D-1721-2015","Class II","Tri-Mix Injectable, The Compounding Pharmacy of America, Knoxville, TN","160.75 ml","Lack of Assurance of Sterility; FDA inspection identified GMP violations potentially impacting product quality and sterility","06/02/2015","09/15/2015","02/10/2016","09/23/2015","All lots distributed between November 2014 and May 2015"
"Drugs","No","","71371","Terminated","The Compounding Pharmacy of America","6216 Highland Place Way Ste 101-A","N/A","Knoxville","TN","	37919-4068","United States","Voluntary: Firm initiated","Telephone","Nationwide","D-1722-2015","Class II","Tri-Mix (15 mg/0.5 mg/20 mcg) Injectable, Multi-Dose Vial, Sterile, Keep Frozen, The Compounding Pharmacy of America, Knoxville, TN","8 ml","Lack of Assurance of Sterility; FDA inspection identified GMP violations potentially impacting product quality and sterility","06/02/2015","09/15/2015","02/10/2016","09/23/2015","All lots distributed between November 2014 and May 2015;  01212015@40, 7/20/2015"
"Drugs","No","","71371","Terminated","The Compounding Pharmacy of America","6216 Highland Place Way Ste 101-A","N/A","Knoxville","TN","	37919-4068","United States","Voluntary: Firm initiated","Telephone","Nationwide","D-1723-2015","Class II","Vitatrim Injection, Multi-Dose Vial, Sterile, Keep Frozen, The Compounding Pharmacy of America, Knoxville, TN","3215 ml","Lack of Assurance of Sterility; FDA inspection identified GMP violations potentially impacting product quality and sterility","06/02/2015","09/15/2015","02/10/2016","09/23/2015","All lots distributed between November 2014 and May 2015;  04102015@70, 7/9/2015; 04212015@9, 7/20/2015; 04092015@75, 7/8/2015; 03022015@1, 5/31/2015; 04202015@12, 7/19/2015; 03112015@19, 6/9/2015; 03032015@36, 6/1/2015; 03032015@40, 6/1/2015; 03062015@28, 6/4/2015; 03192015@5, 6/17/2015; 03202015@15, 6/18/2015; 03172015@18, 6/15/2015; 03172015@27, 7/13/2015; 03202015@87, 6/18/2015; 03242015@35, 6/22/2015; 05042015@76, 8/2/2015; 03272015@9, 6/25/2015; 03312015@14, 6/29/2015; 03272015@33, 6/25/2015; 03272015@43, 6/25/2015; 04012015@37, 6/30/2015; 04022015@32, 7/1/2015; 04162015@39, 7/15/2015; 04232015@5, 7/22/2015; 04212015@65, 7/20/2015; 04222015@48, 7/21/2015; 04272015@65, 7/26/2015; 05052015@96, 8/3/2015; 05012015@34, 7/30/2015; 05052015@87, 8/3/2015; 05072015@53, 8/5/2015"
"Drugs","No","","71371","Terminated","The Compounding Pharmacy of America","6216 Highland Place Way Ste 101-A","N/A","Knoxville","TN","	37919-4068","United States","Voluntary: Firm initiated","Telephone","Nationwide","D-1724-2015","Class II","Vitatrim Active Injectable, Multi-Dose Vial, Sterile, Keep Frozen, The Compounding Pharmacy of America, Knoxville, TN","761 ml","Lack of Assurance of Sterility; FDA inspection identified GMP violations potentially impacting product quality and sterility","06/02/2015","09/15/2015","02/10/2016","09/23/2015","All lots distributed between November 2014 and May 2015;  04152015@28, 7/14/2015; 04212015@29, 7/20/2015; 04212015@37, 7/20/2015; 04172015@10, 7/16/2015"
"Drugs","No","","71371","Terminated","The Compounding Pharmacy of America","6216 Highland Place Way Ste 101-A","N/A","Knoxville","TN","	37919-4068","United States","Voluntary: Firm initiated","Telephone","Nationwide","D-1725-2015","Class II","Baclofen 2,500 mcg/ml Intrathecal Solution, Sterile-Preservative Free, The Compounding Pharmacy of America, Knoxville, TN","100 ML","Lack of Assurance of Sterility; FDA inspection identified GMP violations potentially impacting product quality and sterility","06/02/2015","09/15/2015","02/10/2016","09/23/2015","All lots distributed between November 2014 and May 2015;  04022015@36, 7/1/2015"
"Drugs","No","","71371","Terminated","The Compounding Pharmacy of America","6216 Highland Place Way Ste 101-A","N/A","Knoxville","TN","	37919-4068","United States","Voluntary: Firm initiated","Telephone","Nationwide","D-1726-2015","Class II","B-Complex 100 mg/ml Injection, Sterile, Refrigerate, The Compounding Pharmacy of America, Knoxville, TN","33 ML","Lack of Assurance of Sterility; FDA inspection identified GMP violations potentially impacting product quality and sterility","06/02/2015","09/15/2015","02/10/2016","09/23/2015","All lots distributed between November 2014 and May 2015;  02202015@47 5/21/2015"
"Drugs","No","","71371","Terminated","The Compounding Pharmacy of America","6216 Highland Place Way Ste 101-A","N/A","Knoxville","TN","	37919-4068","United States","Voluntary: Firm initiated","Telephone","Nationwide","D-1727-2015","Class II","Betamethasone Sodium Phosphate (10 ml) 30 mg/ml Injectable, The Compounding Pharmacy of America, Knoxville, TN","13 ml","Lack of Assurance of Sterility; FDA inspection identified GMP violations potentially impacting product quality and sterility","06/02/2015","09/15/2015","02/10/2016","09/23/2015","All lots distributed between November 2014 and May 2015;  12122015@76, 6/10/2015"
"Drugs","No","","71601","Terminated","VistaPharm, Inc.","7265 Ulmerton Rd","N/A","Largo","FL","	33771-4809","United States","Voluntary: Firm initiated","E-Mail","U.S. Including: CA, IL, LA, OH, PA, and SC.","D-1831-2015","Class III","METOCLOPRAMIDE ORAL SOLUTION, USP 10 mg/10 mL, 10 mL cups, Rx only. Manufactured by VistaPharm, Inc, Largo, FL. NDC: 66689-031-01.","84,100 Cups","Defective Container: Lids on unit dose cups are not fully qualified.","06/26/2015","09/28/2015","02/14/2017","10/07/2015","Lot #: 387500, Expiry: 01/17"
"Drugs","No","","71371","Terminated","The Compounding Pharmacy of America","6216 Highland Place Way Ste 101-A","N/A","Knoxville","TN","	37919-4068","United States","Voluntary: Firm initiated","Telephone","Nationwide","D-1728-2015","Class II","Fentanyl 5,000 mcg/ml + Bupivacaine 40 mg/ml Intrathecal Solution, Sterile - Preservative Free, The Compounding Pharmacy of America, Knoxville, TN","44 ml total","Lack of Assurance of Sterility; FDA inspection identified GMP violations potentially impacting product quality and sterility","06/02/2015","09/15/2015","02/10/2016","09/23/2015","All lots distributed between November 2014 and May 2015;  03022015@82, 5/31/2015; 03202015@69, 6/18/2015"
"Drugs","No","","71371","Terminated","The Compounding Pharmacy of America","6216 Highland Place Way Ste 101-A","N/A","Knoxville","TN","	37919-4068","United States","Voluntary: Firm initiated","Telephone","Nationwide","D-1729-2015","Class II","Hydromorphone 70 mg/ml+Fentanyl 16,000 mcg/ml+Bupivacaine 15 mg/ml+Clonidine 1,000 mcg/ml+Baclofen 900 mcg/ml Intrathecal Solution, Sterile-Preservative Free, The Compounding Pharmacy of America, Knoxville, TN","48 ml total","Lack of Assurance of Sterility; FDA inspection identified GMP violations potentially impacting product quality and sterility","06/02/2015","09/15/2015","02/10/2016","09/23/2015","All lots distributed between November 2014 and May 2015;    04092015@82, 6/8/2015; 05082015@37, 7/7/2015"
"Drugs","No","","71371","Terminated","The Compounding Pharmacy of America","6216 Highland Place Way Ste 101-A","N/A","Knoxville","TN","	37919-4068","United States","Voluntary: Firm initiated","Telephone","Nationwide","D-1730-2015","Class II","Hydromorphone 80 mg/ml + Clonidine 1,800 mcg/ml + Baclofen 730 mcg/ml Intrathecal Solution, The Compounding Pharmacy of America, Knoxville, TN","22 ml total","Lack of Assurance of Sterility; FDA inspection identified GMP violations potentially impacting product quality and sterility","06/02/2015","09/15/2015","02/10/2016","09/23/2015","All lots distributed between November 2014 and May 2015;  04242015@52, 7/23/2015"
"Drugs","No","","71371","Terminated","The Compounding Pharmacy of America","6216 Highland Place Way Ste 101-A","N/A","Knoxville","TN","	37919-4068","United States","Voluntary: Firm initiated","Telephone","Nationwide","D-1731-2015","Class II","Hydromorphone 80 mg/ml + Fentanyl 15,000 mcg/ml + Bupivacaine 30 mg/ml Intrathecal Solution, The Compounding Pharmacy of America, Knoxville, TN","70 ml","Lack of Assurance of Sterility; FDA inspection identified GMP violations potentially impacting product quality and sterility","06/02/2015","09/15/2015","02/10/2016","09/23/2015","All lots distributed between November 2014 and May 2015;  03022015@6, 5/31/2015; 04172015@25, 6/16/2015; 05082015@35, 7/7/2015"
"Drugs","No","","71371","Terminated","The Compounding Pharmacy of America","6216 Highland Place Way Ste 101-A","N/A","Knoxville","TN","	37919-4068","United States","Voluntary: Firm initiated","Telephone","Nationwide","D-1732-2015","Class II","Hydromorphone 80 mg/ml + Fentanyl 15,000 mcg/ml + Bupivacaine 30 mg/ml + Baclofen 750 mcg/ml Intrathecal Solution, The Compounding Pharmacy of America, Knoxville, TN","22 ml","Lack of Assurance of Sterility; FDA inspection identified GMP violations potentially impacting product quality and sterility","06/02/2015","09/15/2015","02/10/2016","09/23/2015","All lots distributed between November 2014 and May 2015;  04272015@27, 6/26/2015"
"Drugs","No","","71371","Terminated","The Compounding Pharmacy of America","6216 Highland Place Way Ste 101-A","N/A","Knoxville","TN","	37919-4068","United States","Voluntary: Firm initiated","Telephone","Nationwide","D-1733-2015","Class II","LIPOLEAN  Injectable, Multi-Dose Vial, Sterile, Room Temperature, The Compounding Pharmacy of America, Knoxville, TN","1830 ml","Lack of Assurance of Sterility; FDA inspection identified GMP violations potentially impacting product quality and sterility","06/02/2015","09/15/2015","02/10/2016","09/23/2015","All lots distributed between November 2014 and May 2015;    05082015@29, 8/6/2015; 04022015@43, 7/1/2015; 04242015@32, 7/23/2015; 04282015@37, 7/27/2015; 04292015@97, 7/28/2015; 04302015@61, 7/29/2015"
"Drugs","No","","71371","Terminated","The Compounding Pharmacy of America","6216 Highland Place Way Ste 101-A","N/A","Knoxville","TN","	37919-4068","United States","Voluntary: Firm initiated","Telephone","Nationwide","D-1734-2015","Class II","LIPOLEAN + Ascorbic Acid 50 mg/ml Injectable, Multi-Dose Vial, Sterile, Room Temperature, The Compounding Pharmacy of America, Knoxville, TN","33 ml","Lack of Assurance of Sterility; FDA inspection identified GMP violations potentially impacting product quality and sterility","06/02/2015","09/15/2015","02/10/2016","09/23/2015","All lots distributed between November 2014 and May 2015;    04132015@56, 7/12/2015"
"Drugs","No","","71371","Terminated","The Compounding Pharmacy of America","6216 Highland Place Way Ste 101-A","N/A","Knoxville","TN","	37919-4068","United States","Voluntary: Firm initiated","Telephone","Nationwide","D-1735-2015","Class II","MEGA-BURN, Winning at Weight Loss Formula Injectable, Multi-Dose Vial, Sterile, Room Temperature, The Compounding Pharmacy of America, Knoxville, TN  ","200 ml","Lack of Assurance of Sterility; FDA inspection identified GMP violations potentially impacting product quality and sterility","06/02/2015","09/15/2015","02/10/2016","09/23/2015","All lots distributed between November 2014 and May 2015;  04292015@11, 7/28/2015"
"Drugs","No","","71371","Terminated","The Compounding Pharmacy of America","6216 Highland Place Way Ste 101-A","N/A","Knoxville","TN","	37919-4068","United States","Voluntary: Firm initiated","Telephone","Nationwide","D-1736-2015","Class II","Morphine 30 mg/ml Solution, Sterile-Preservative Free, The Compounding Pharmacy of America, Knoxville, TN","359 ml","Lack of Assurance of Sterility; FDA inspection identified GMP violations potentially impacting product quality and sterility","06/02/2015","09/15/2015","02/10/2016","09/23/2015","All lots distributed between November 2014 and May 2015;    02252015@3, 5/26/2015; 03022015@17, 5/31/2015; 03162015@60, 6/14/2015; 04012015@1, 6/30/2015; 04142015@66, 7/13/2015; 04272015@28, 6/26/2015"
"Drugs","No","","71371","Terminated","The Compounding Pharmacy of America","6216 Highland Place Way Ste 101-A","N/A","Knoxville","TN","	37919-4068","United States","Voluntary: Firm initiated","Telephone","Nationwide","D-1737-2015","Class II","Morphine 40 mg/ml + Bupivacaine 8 mg/ml Solution, Sterile-Preservative Free, The Compounding Pharmacy of America, Knoxville, TN","43 ml","Lack of Assurance of Sterility; FDA inspection identified GMP violations potentially impacting product quality and sterility","06/02/2015","09/15/2015","02/10/2016","09/23/2015","All lots distributed between November 2014 and May 2015;   03162015@6, 6/14/2015"
"Drugs","No","","71371","Terminated","The Compounding Pharmacy of America","6216 Highland Place Way Ste 101-A","N/A","Knoxville","TN","	37919-4068","United States","Voluntary: Firm initiated","Telephone","Nationwide","D-1738-2015","Class II","Morphine 40 mg/ml + Bupivacaine 16 mg/ml Solution, Sterile-Preservative Free, The Compounding Pharmacy of America, Knoxville, TN","43 ml","Lack of Assurance of Sterility; FDA inspection identified GMP violations potentially impacting product quality and sterility","06/02/2015","09/15/2015","02/10/2016","09/23/2015","All lots distributed between November 2014 and May 2015    03162015@7, 6/14/2015"
"Drugs","No","","71371","Terminated","The Compounding Pharmacy of America","6216 Highland Place Way Ste 101-A","N/A","Knoxville","TN","	37919-4068","United States","Voluntary: Firm initiated","Telephone","Nationwide","D-1739-2015","Class II","MYO-DEN (30 ml) 25 mg/ml Injection, Multi-Dose Vial, Sterile, Room Temperature, The Compounding Pharmacy of America, Knoxville, TN","218 ml","Lack of Assurance of Sterility; FDA inspection identified GMP violations potentially impacting product quality and sterility","06/02/2015","09/15/2015","02/10/2016","09/23/2015","All lots distributed between November 2014 and May 2015;    02192015@44, 5/20/2015; 03162015@87, 6/14/2015"
"Drugs","No","","71371","Terminated","The Compounding Pharmacy of America","6216 Highland Place Way Ste 101-A","N/A","Knoxville","TN","	37919-4068","United States","Voluntary: Firm initiated","Telephone","Nationwide","D-1740-2015","Class II","PGE 2 (Alprostadil) 100 mcg/ml, Sterile, Keep Frozen, The Compounding Pharmacy of America, Knoxville, TN","25 ml","Lack of Assurance of Sterility; FDA inspection identified GMP violations potentially impacting product quality and sterility","06/02/2015","09/15/2015","02/10/2016","09/23/2015","All lots distributed between November 2014 and May 2015;  04282015@46, 10/25/2015; 04302015@31, 10/27/2015; 05072015@36, 11/3/2015"
"Drugs","No","","71371","Terminated","The Compounding Pharmacy of America","6216 Highland Place Way Ste 101-A","N/A","Knoxville","TN","	37919-4068","United States","Voluntary: Firm initiated","Telephone","Nationwide","D-1741-2015","Class II","Testosterone 18 mg, Sterile Pellet, The Compounding Pharmacy of America, Knoxville, TN","24 pellets","Lack of Assurance of Sterility; FDA inspection identified GMP violations potentially impacting product quality and sterility","06/02/2015","09/15/2015","02/10/2016","09/23/2015","All lots distributed between November 2014 and May 2015;  02092015@20, 8/8/2015"
"Drugs","No","","71371","Terminated","The Compounding Pharmacy of America","6216 Highland Place Way Ste 101-A","N/A","Knoxville","TN","	37919-4068","United States","Voluntary: Firm initiated","Telephone","Nationwide","D-1742-2015","Class II","Testosterone 100 mg, Sterile Pellet, The Compounding Pharmacy of America, Knoxville, TN","1222 pellets","Lack of Assurance of Sterility; FDA inspection identified GMP violations potentially impacting product quality and sterility","06/02/2015","09/15/2015","02/10/2016","09/23/2015","All lots distributed between November 2014 and May 2015;    01082015@1, 7/7/2015; 11212014@6, 5/20/2015; 11212014@8, 5/20/2015; 1242014@51, 5/23/2015, 11262014@72, 5/25/2015, 01152015@29, 7/14/2015; 02112015@12, 8/10/2015; 12192014@6, 6/17/2015; 12012014@57, 5/30/2015; 12022014@33; 5/31/2015; 12042014@50, 6/2/2015; 12152014@10, 6/13/2015; 12082014@38; 6/6/2015; 12182014@18, 6/16/2015; 12092014@62, 6/7/2015; 12292014@37, 6/27/2015; 12292014@72, 6/29/2015; 01222015@44, 7/21/2015; 01052015@3, 7/4/2015; 01092015@9, 7/8/2015; 01202015@42; 7/19/2015; 04212015@11, 10/18/2015; 01272015@40, 7/26/2015; 01292015@25, 7/28/2015;   01282015@30, 7/27/2015; 02102015@34, 8/9/2015; 02092015@29, 8/8/2015; 02132015@26, 8/12/2015; 02232015@10, 8/22/2015; 02242015@13, 8/23/2015;   02162015@28, 8/15/2015; 04102015@38, 10/7/2015; 05042015@34, 10/31/2015; 02272015@29, 8/26/2015, 03032015@16, 8/30/2015, 03112015@34, 9/7/2015; 03182015@26, 9/14/2015; 03272015@29; 9/23/2015; 04012015@5, 9/28/2015, 04062015@16, 10/3/2015; 04032015@57, 9/30/2015; 04212015@42; 10/18/2015;   05012015@6, 10/28/2015; 05072015@57, 11/3/2015; 05042015@13, 10/31/2015; 04272015@39, 10/24/2015, 04282015@60, 10/25/2015; 05062015@14, 11/2/2015; 05112015@28, 11/7/2015"
"Drugs","No","","71371","Terminated","The Compounding Pharmacy of America","6216 Highland Place Way Ste 101-A","N/A","Knoxville","TN","	37919-4068","United States","Voluntary: Firm initiated","Telephone","Nationwide","D-1743-2015","Class II","Testosterone 12.5 mg, Sterile Pellet, The Compounding Pharmacy of America, Knoxville, TN","144 pellets","Lack of Assurance of Sterility; FDA inspection identified GMP violations potentially impacting product quality and sterility","06/02/2015","09/15/2015","02/10/2016","09/23/2015","All lots distributed between November 2014 and May 2015;    11262014@67, 5/25/2015; 03022015@70, 8/29/2015; 01052015@50, 7/4/2015; 02052015@72, 8/4/2015; 04302015@53, 10/27/2015"
"Drugs","No","","71371","Terminated","The Compounding Pharmacy of America","6216 Highland Place Way Ste 101-A","N/A","Knoxville","TN","	37919-4068","United States","Voluntary: Firm initiated","Telephone","Nationwide","D-1744-2015","Class II","Testosterone 20 mg, Sterile Pellet, The Compounding Pharmacy of America, Knoxville, TN","24 pellets","Lack of Assurance of Sterility; FDA inspection identified GMP violations potentially impacting product quality and sterility","06/02/2015","09/15/2015","02/10/2016","09/23/2015","All lots distributed between November 2014 and May 2015;  03032015@43, 8/30/2015"
"Drugs","No","","71371","Terminated","The Compounding Pharmacy of America","6216 Highland Place Way Ste 101-A","N/A","Knoxville","TN","	37919-4068","United States","Voluntary: Firm initiated","Telephone","Nationwide","D-1745-2015","Class II","Testosterone 200 mg, Sterile Pellet, The Compounding Pharmacy of America, Knoxville, TN","510 pellets","Lack of Assurance of Sterility; FDA inspection identified GMP violations potentially impacting product quality and sterility","06/02/2015","09/15/2015","02/10/2016","09/23/2015","All lots distributed between November 2014 and May 2015;  12122014@8, 6/10/2015; 12042014@47, 6/2/2015; 01122015@54, 7/11/2015; 04142015@82, 10/11/2015; 01072015@32, 7/6/2015; 01192015@17, 7/18/2015; 02042015@43, 8/3/2015; 02232015@35, 8/22/2015; 02272015@30, 8/26/2015; 02272015@19, 8/26/2015; 03162015@55, 9/12/2015; 03192015@23, 9/15/2015; 03192015@33, 9/15/2015; 04012015@55, 9/28/2015; 04072015@42, 10/4/2015, 04072015@6, 10/4/2015; 04102015@46, 10/7/2015; 04162015@56, 10/13/2015; 04282015@7, 10/25/2015, 04272015@59, 10/24/2015; 04302015@59, 10/27/2015"
"Drugs","No","","71371","Terminated","The Compounding Pharmacy of America","6216 Highland Place Way Ste 101-A","N/A","Knoxville","TN","	37919-4068","United States","Voluntary: Firm initiated","Telephone","Nationwide","D-1746-2015","Class II","Testosterone 25 mg, Sterile Pellet, The Compounding Pharmacy of America, Knoxville, TN","240 pellets","Lack of Assurance of Sterility; FDA inspection identified GMP violations potentially impacting product quality and sterility","06/02/2015","09/15/2015","02/10/2016","09/23/2015","All lots distributed between November 2014 and May 2015;  12102014@3, 6/8/2015; 12042014@62, 6/2/2015; 01192015@15, 7/18/2015; 01062015@12, 7/5/2015; 02202015@23, 8/19/2015; 02242015@35, 8/23/2015; 03032015@17, 8/30/2015; 03252015@9, 9/21/2015; 04292015@19, 10/26/2015"
"Drugs","No","","71371","Terminated","The Compounding Pharmacy of America","6216 Highland Place Way Ste 101-A","N/A","Knoxville","TN","	37919-4068","United States","Voluntary: Firm initiated","Telephone","Nationwide","D-1747-2015","Class II","Testosterone 30 mg, Sterile Pellet, The Compounding Pharmacy of America, Knoxville, TN","24 pellets","Lack of Assurance of Sterility; FDA inspection identified GMP violations potentially impacting product quality and sterility","06/02/2015","09/15/2015","02/10/2016","09/23/2015","All lots distributed between November 2014 and May 2015;  02192015@41, 8/18/2015"
"Drugs","No","","71371","Terminated","The Compounding Pharmacy of America","6216 Highland Place Way Ste 101-A","N/A","Knoxville","TN","	37919-4068","United States","Voluntary: Firm initiated","Telephone","Nationwide","D-1748-2015","Class II","Testosterone 37.5 mg, Sterile Pellet, The Compounding Pharmacy of America, Knoxville, TN","144 pellets","Lack of Assurance of Sterility; FDA inspection identified GMP violations potentially impacting product quality and sterility","06/02/2015","09/15/2015","02/10/2016","09/23/2015","All lots distributed between November 2014 and May 2015;  03022015@79, 8/29/2015; 12092014@5, 6/7/2015; 12042014@28, 6/2/2015; 01152015@30, 7/14/2015; 04152015@24, 10/12/2015"
"Drugs","No","","71371","Terminated","The Compounding Pharmacy of America","6216 Highland Place Way Ste 101-A","N/A","Knoxville","TN","	37919-4068","United States","Voluntary: Firm initiated","Telephone","Nationwide","D-1749-2015","Class II","Testosterone 60 mg, Sterile Pellet, The Compounding Pharmacy of America, Knoxville, TN","24 pellets","Lack of Assurance of Sterility; FDA inspection identified GMP violations potentially impacting product quality and sterility","06/02/2015","09/15/2015","02/10/2016","09/23/2015","All lots distributed between November 2014 and May 2015;  04282015@24, 10/25/2015"
"Drugs","No","","71371","Terminated","The Compounding Pharmacy of America","6216 Highland Place Way Ste 101-A","N/A","Knoxville","TN","	37919-4068","United States","Voluntary: Firm initiated","Telephone","Nationwide","D-1750-2015","Class II","Testosterone 70 mg, Sterile Pellet, The Compounding Pharmacy of America, Knoxville, TN","60 pellets","Lack of Assurance of Sterility; FDA inspection identified GMP violations potentially impacting product quality and sterility","06/02/2015","09/15/2015","02/10/2016","09/23/2015","All lots distributed between November 2014 and May 2015;  12182014@19, 6/16/2015; 03192015@38, 9/15/2015; 04072015@9, 10/4/2015"
"Drugs","No","","71371","Terminated","The Compounding Pharmacy of America","6216 Highland Place Way Ste 101-A","N/A","Knoxville","TN","	37919-4068","United States","Voluntary: Firm initiated","Telephone","Nationwide","D-1751-2015","Class II","Testosterone 87.5 mg Sterile Pellet, The Compounding Pharmacy of America, Knoxville, TN","265 pellets","Lack of Assurance of Sterility; FDA inspection identified GMP violations potentially impacting product quality and sterility","06/02/2015","09/15/2015","02/10/2016","09/23/2015","All lots distributed between November 2014 and May 2015;  03022015@60, 8/29/2015; 12042014@65, 6/2/2015; 12182014@39, 6/16/2015; 01152015@37, 7/14/2015; 01052015@1, 7/4/2015; 02052015@50, 8/4/2015; 02132015@14, 8/12/2015; 03162015@14, 9/12/2015; 03252015@14, 9/21/2015; 04222015@44, 10/19/2015, 05042015@28, 10/31/2015"
"Drugs","No","","71371","Terminated","The Compounding Pharmacy of America","6216 Highland Place Way Ste 101-A","N/A","Knoxville","TN","	37919-4068","United States","Voluntary: Firm initiated","Telephone","Nationwide","D-1752-2015","Class II","Testosterone Bi-Blend 15 mg/ml +Estradiol Valerate 5 mg/ml Injection, Multi-Dose Vial,Sterile, Room Temperature, The Compounding Pharmacy of America, Knoxville, TN","12 ml","Lack of Assurance of Sterility; FDA inspection identified GMP violations potentially impacting product quality and sterility","06/02/2015","09/15/2015","02/10/2016","09/23/2015","All lots distributed between November 2014 and May 2015  03252015@48, 9/21/15"
"Drugs","No","","71371","Terminated","The Compounding Pharmacy of America","6216 Highland Place Way Ste 101-A","N/A","Knoxville","TN","	37919-4068","United States","Voluntary: Firm initiated","Telephone","Nationwide","D-1753-2015","Class II","Testosterone Bi-Blend 50 mg/ml + Estradiol Valerate 2.5 mg/ml  Injectable, The Compounding Pharmacy of America, Knoxville, TN","12 ml","Lack of Assurance of Sterility; FDA inspection identified GMP violations potentially impacting product quality and sterility","06/02/2015","09/15/2015","02/10/2016","09/23/2015","All lots distributed between November 2014 and May 2015;  03252015@48, 9/21/2015"
"Drugs","No","","71371","Terminated","The Compounding Pharmacy of America","6216 Highland Place Way Ste 101-A","N/A","Knoxville","TN","	37919-4068","United States","Voluntary: Firm initiated","Telephone","Nationwide","D-1754-2015","Class II","Testosterone Cypionate 50 mg/ml Injection, Multi-Dose Vial, Sterile, Room Temperature, The Compounding Pharmacy of America, Knoxville, TN","12 ml","Lack of Assurance of Sterility; FDA inspection identified GMP violations potentially impacting product quality and sterility","06/02/2015","09/15/2015","02/10/2016","09/23/2015","All lots distributed between November 2014 and May 2015;    02022015@1, 8/1/2015"
"Drugs","No","","71371","Terminated","The Compounding Pharmacy of America","6216 Highland Place Way Ste 101-A","N/A","Knoxville","TN","	37919-4068","United States","Voluntary: Firm initiated","Telephone","Nationwide","D-1755-2015","Class II","Testosterone Cypionate 250 mg/ml Injection, Multi-Dose Vial, Sterile, Room Temperature, The Compounding Pharmacy of America, Knoxville, TN","44 ml","Lack of Assurance of Sterility; FDA inspection identified GMP violations potentially impacting product quality and sterility","06/02/2015","09/15/2015","02/10/2016","09/23/2015","All lots distributed between November 2014 and May 2015;    01222015@34, 7/21/2015; 03172015@80, 9/13/2015; 04092015@65, 10/6/2015"
"Drugs","No","","71371","Terminated","The Compounding Pharmacy of America","6216 Highland Place Way Ste 101-A","N/A","Knoxville","TN","	37919-4068","United States","Voluntary: Firm initiated","Telephone","Nationwide","D-1756-2015","Class II","Testosterone Cypionate 220 mg/ml Injection, Multi-Dose Vial, Sterile, Room Temperature, The Compounding Pharmacy of America, Knoxville, TN","138 ml","Lack of Assurance of Sterility; FDA inspection identified GMP violations potentially impacting product quality and sterility","06/02/2015","09/15/2015","02/10/2016","09/23/2015","All lots distributed between November 2014 and May 2015;  11242014@36, 5/23/2015; 12042014@53, 6/2/2015; 12222014@67, 6/20/2015; 02192015@5, 8/18/2015, 05042015@77, 10/31/2015; 05052015@54, 11/1/2015"
"Drugs","No","","71371","Terminated","The Compounding Pharmacy of America","6216 Highland Place Way Ste 101-A","N/A","Knoxville","TN","	37919-4068","United States","Voluntary: Firm initiated","Telephone","Nationwide","D-1757-2015","Class II","Testosterone Cypionate 40 mg/ml (10 ml Sesame Oil), Injection, Multi-Dose Vial, Sterile, Room Temperature, The Compounding Pharmacy of America, Knoxville, TN","45 ml","Lack of Assurance of Sterility; FDA inspection identified GMP violations potentially impacting product quality and sterility","06/02/2015","09/15/2015","02/10/2016","09/23/2015","All lots distributed between November 2014 and May 2015;    04092015@12, 10/6/2015; 03122015@13, 9/8/2015"
"Drugs","No","","71371","Terminated","The Compounding Pharmacy of America","6216 Highland Place Way Ste 101-A","N/A","Knoxville","TN","	37919-4068","United States","Voluntary: Firm initiated","Telephone","Nationwide","D-1758-2015","Class II","Testosterone Cypionate 250 mg/ml Injection, Multi-Dose Vial, Sterile, Room Temperature, The Compounding Pharmacy of America, Knoxville, TN","8 ml","Lack of Assurance of Sterility; FDA inspection identified GMP violations potentially impacting product quality and sterility","06/02/2015","09/15/2015","02/10/2016","09/23/2015","All lots distributed between November 2014 and May 2015;  01292015@59, 7/28/2015"
"Drugs","No","","71371","Terminated","The Compounding Pharmacy of America","6216 Highland Place Way Ste 101-A","N/A","Knoxville","TN","	37919-4068","United States","Voluntary: Firm initiated","Telephone","Nationwide","D-1759-2015","Class II","Testosterone Cypionate 40 mg/ml Injectable, 5 Sesame, The Compounding Pharmacy of America, Knoxville, TN","7 ml","Lack of Assurance of Sterility; FDA inspection identified GMP violations potentially impacting product quality and sterility","06/02/2015","09/15/2015","02/10/2016","09/23/2015","All lots distributed between November 2014 and May 2015; 04152015@56, 10/12/2015"
"Drugs","No","","71371","Terminated","The Compounding Pharmacy of America","6216 Highland Place Way Ste 101-A","N/A","Knoxville","TN","	37919-4068","United States","Voluntary: Firm initiated","Telephone","Nationwide","D-1760-2015","Class II","Testosterone Tri-Blend 200 mg/ml (10 ml Sesame Oil) Injection, The Compounding Pharmacy of America, Knoxville, TN","15 ml total","Lack of Assurance of Sterility; FDA inspection identified GMP violations potentially impacting product quality and sterility","06/02/2015","09/15/2015","02/10/2016","09/23/2015","All lots distributed between November 2014 and May 2015;  01122015@49, 7/11/2015"
"Drugs","No","","71371","Terminated","The Compounding Pharmacy of America","6216 Highland Place Way Ste 101-A","N/A","Knoxville","TN","	37919-4068","United States","Voluntary: Firm initiated","Telephone","Nationwide","D-1761-2015","Class II","Tri-Mix (10/0.174/16) Injectable, Sterile, Keep Frozen, The Compounding Pharmacy of America, Knoxville, TN","8 ml","Lack of Assurance of Sterility; FDA inspection identified GMP violations potentially impacting product quality and sterility","06/02/2015","09/15/2015","02/10/2016","09/23/2015","All lots distributed between November 2014 and May 2015;  04142015@61, 10/11/2015"
"Drugs","No","","71371","Terminated","The Compounding Pharmacy of America","6216 Highland Place Way Ste 101-A","N/A","Knoxville","TN","	37919-4068","United States","Voluntary: Firm initiated","Telephone","Nationwide","D-1762-2015","Class II","Tri-Mix (15 mg/0.5 mg/5 mcg) Injectable, Sterile, Keep Frozen, The Compounding Pharmacy of America, Knoxville, TN","7 ml","Lack of Assurance of Sterility; FDA inspection identified GMP violations potentially impacting product quality and sterility","06/02/2015","09/15/2015","02/10/2016","09/23/2015","All lots distributed between November 2014 and May 2015;  01212015@40, 7/20/2015"
"Drugs","No","","71371","Terminated","The Compounding Pharmacy of America","6216 Highland Place Way Ste 101-A","N/A","Knoxville","TN","	37919-4068","United States","Voluntary: Firm initiated","Telephone","Nationwide","D-1763-2015","Class II","Tri-Mix (17 mg/0.5 mg/6 mcg) Injectable, Sterile, Keep Frozen, The Compounding Pharmacy of America, Knoxville, TN","25 ml total","Lack of Assurance of Sterility; FDA inspection identified GMP violations potentially impacting product quality and sterility","06/02/2015","09/15/2015","02/10/2016","09/23/2015","All lots distributed between November 2014 and May 2015;  05072015@6, 11/3/2015, 05052015@77, 11/1/2015"
"Drugs","No","","71371","Terminated","The Compounding Pharmacy of America","6216 Highland Place Way Ste 101-A","N/A","Knoxville","TN","	37919-4068","United States","Voluntary: Firm initiated","Telephone","Nationwide","D-1764-2015","Class II","Tri-Mix (17.7 mg/0.59 mg/6 mcg)  Injectable, Sterile, Keep Frozen, The Compounding Pharmacy of America, Knoxville, TN","307 ml total","Lack of Assurance of Sterility; FDA inspection identified GMP violations potentially impacting product quality and sterility","06/02/2015","09/15/2015","02/10/2016","09/23/2015","All lots distributed between November 2014 and May 2015;    01082015@10, 7/7/2015; 12022014@44, 5/31/2015; 12192014@14, 6/17/2015;  01072015@22, 7/6/2015; 01262015@83, 7/25/2015; 02092015@12, 8/8/2015  02132015@5, 8/12/2015; 02202015@19, 8/19/2015; 02192015@24, 8/18/2015; 03022015@49, 8/29/2015; 03302015@1, 9/26/2015; 03312015@12, 9/27/2015; 04012015@63, 9/28/2015; 04162015@37, 10/13/2015; 05042015@37, 10/31/2015"
"Drugs","No","","71371","Terminated","The Compounding Pharmacy of America","6216 Highland Place Way Ste 101-A","N/A","Knoxville","TN","	37919-4068","United States","Voluntary: Firm initiated","Telephone","Nationwide","D-1765-2015","Class II","Tri-Mix (17.7 mg/1 mg/10 mcg) Injectable, Sterile, Keep Frozen, The Compounding Pharmacy of America, Knoxville, TN","14 ml total","Lack of Assurance of Sterility; FDA inspection identified GMP violations potentially impacting product quality and sterility","06/02/2015","09/15/2015","02/10/2016","09/23/2015","All lots distributed between November 2014 and May 2015  05012015@2, 10/28/2015; 02232015@9, 8/22/2015"
"Drugs","No","","71371","Terminated","The Compounding Pharmacy of America","6216 Highland Place Way Ste 101-A","N/A","Knoxville","TN","	37919-4068","United States","Voluntary: Firm initiated","Telephone","Nationwide","D-1766-2015","Class II","Tri-Mix (17.7/0.59/6) (MFG) Injectable, Sterile, Keep Frozen, The Compounding Pharmacy of America, Knoxville, TN","62 ml","Lack of Assurance of Sterility; FDA inspection identified GMP violations potentially impacting product quality and sterility","06/02/2015","09/15/2015","02/10/2016","09/23/2015","All lots distributed between November 2014 and May 2015;    01082015@10, 7/7/2015; 12192014@10, 6/17/2015; 12022014@4, 5/31/2015; 12302014@56, 6/28/2015; 01262015@84, 7/25/2015, 03302015@51, 9/26/2015; 05052015@83, 11/1/2015"
"Drugs","No","","71371","Terminated","The Compounding Pharmacy of America","6216 Highland Place Way Ste 101-A","N/A","Knoxville","TN","	37919-4068","United States","Voluntary: Firm initiated","Telephone","Nationwide","D-1767-2015","Class II","Tri-Mix (18 mg/0.6 mg/5.88 mcg)  Injectable, Sterile, Keep Frozen, The Compounding Pharmacy of America, Knoxville, TN","13 ml","Lack of Assurance of Sterility; FDA inspection identified GMP violations potentially impacting product quality and sterility","06/02/2015","09/15/2015","02/10/2016","09/23/2015","All lots distributed between November 2014 and May 2015;    01262015@6, 7/25/2015"
"Drugs","No","","71371","Terminated","The Compounding Pharmacy of America","6216 Highland Place Way Ste 101-A","N/A","Knoxville","TN","	37919-4068","United States","Voluntary: Firm initiated","Telephone","Nationwide","D-1768-2015","Class II","Tri-Mix (18/0.6/5.88) (MFG) Injectable, Sterile, Keep Frozen, The Compounding Pharmacy of America, Knoxville, TN","13 ml","Lack of Assurance of Sterility; FDA inspection identified GMP violations potentially impacting product quality and sterility","06/02/2015","09/15/2015","02/10/2016","09/23/2015","All lots distributed between November 2014 and May 2015;  01232015@45, 7/22/2015"
"Drugs","No","","71371","Terminated","The Compounding Pharmacy of America","6216 Highland Place Way Ste 101-A","N/A","Knoxville","TN","	37919-4068","United States","Voluntary: Firm initiated","Telephone","Nationwide","D-1769-2015","Class II","Tri-Mix (20/1/10) Injectable, Sterile, Keep Frozen, The Compounding Pharmacy of America, Knoxville, TN","6 ml","Lack of Assurance of Sterility; FDA inspection identified GMP violations potentially impacting product quality and sterility","06/02/2015","09/15/2015","02/10/2016","09/23/2015","All lots distributed between November 2014 and May 2015; 04292015@78, 10/26/2015"
"Drugs","No","","71371","Terminated","The Compounding Pharmacy of America","6216 Highland Place Way Ste 101-A","N/A","Knoxville","TN","	37919-4068","United States","Voluntary: Firm initiated","Telephone","Nationwide","D-1770-2015","Class II","Tri-Mix (20/2.5/20)  Injectable, Sterile, Keep Frozen, The Compounding Pharmacy of America, Knoxville, TN","26 ml total","Lack of Assurance of Sterility; FDA inspection identified GMP violations potentially impacting product quality and sterility","06/02/2015","09/15/2015","02/10/2016","09/23/2015","All lots distributed between November 2014 and May 2015;  03102015@57 9/6/2015  03092015@71 9/5/2015"
"Drugs","No","","71371","Terminated","The Compounding Pharmacy of America","6216 Highland Place Way Ste 101-A","N/A","Knoxville","TN","	37919-4068","United States","Voluntary: Firm initiated","Telephone","Nationwide","D-1771-2015","Class II","Tri-Mix (22.5/0.83/8.3) Injectable, Sterile, Keep Frozen, The Compounding Pharmacy of America, Knoxville, TN","8 ml","Lack of Assurance of Sterility; FDA inspection identified GMP violations potentially impacting product quality and sterility","06/02/2015","09/15/2015","02/10/2016","09/23/2015","All lots distributed between November 2014 and May 2015;  01272015@51, 7/26/2015"
"Drugs","No","","71371","Terminated","The Compounding Pharmacy of America","6216 Highland Place Way Ste 101-A","N/A","Knoxville","TN","	37919-4068","United States","Voluntary: Firm initiated","Telephone","Nationwide","D-1772-2015","Class II","Tri-Mix (25/2.5/10) Injectable, Sterile, Keep Frozen, The Compounding Pharmacy of America, Knoxville, TN","19 ml","Lack of Assurance of Sterility; FDA inspection identified GMP violations potentially impacting product quality and sterility","06/02/2015","09/15/2015","02/10/2016","09/23/2015","All lots distributed between November 2014 and May 2015;    01202015@49, 7/19/2015; 04082015@12, 10/5/2015; 04282015@6, 10/25/2015"
"Drugs","No","","71371","Terminated","The Compounding Pharmacy of America","6216 Highland Place Way Ste 101-A","N/A","Knoxville","TN","	37919-4068","United States","Voluntary: Firm initiated","Telephone","Nationwide","D-1773-2015","Class II","Tri-Mix (25/2.5/10) (MFG) Injectable, Sterile, Keep Frozen, The Compounding Pharmacy of America, Knoxville, TN","12 ml","Lack of Assurance of Sterility; FDA inspection identified GMP violations potentially impacting product quality and sterility","06/02/2015","09/15/2015","02/10/2016","09/23/2015","All lots distributed between November 2014 and May 2015;    01202015@32, 7/19/2015"
"Drugs","No","","71371","Terminated","The Compounding Pharmacy of America","6216 Highland Place Way Ste 101-A","N/A","Knoxville","TN","	37919-4068","United States","Voluntary: Firm initiated","Telephone","Nationwide","D-1774-2015","Class II","Tri-Mix (30/0.5/10) Injectable, Sterile, Keep Frozen, The Compounding Pharmacy of America, Knoxville, TN","7 ml","Lack of Assurance of Sterility; FDA inspection identified GMP violations potentially impacting product quality and sterility","06/02/2015","09/15/2015","02/10/2016","09/23/2015","All lots distributed between November 2014 and May 2015;  01262015@50, 7/25/2015"
"Drugs","No","","71371","Terminated","The Compounding Pharmacy of America","6216 Highland Place Way Ste 101-A","N/A","Knoxville","TN","	37919-4068","United States","Voluntary: Firm initiated","Telephone","Nationwide","D-1775-2015","Class II","Tri-Mix (30/0.5/10) (MFG) Injectable, Sterile, Keep Frozen, The Compounding Pharmacy of America, Knoxville, TN","8 ml","Lack of Assurance of Sterility; FDA inspection identified GMP violations potentially impacting product quality and sterility","06/02/2015","09/15/2015","02/10/2016","09/23/2015","All lots distributed between November 2014 and May 2015;  12302014@48, 6/28/2015"
"Drugs","No","","71371","Terminated","The Compounding Pharmacy of America","6216 Highland Place Way Ste 101-A","N/A","Knoxville","TN","	37919-4068","United States","Voluntary: Firm initiated","Telephone","Nationwide","D-1776-2015","Class II","Tri-Mix (30/1/10) Injectable, The Compounding Pharmacy of America, Knoxville, TN","139 ml","Lack of Assurance of Sterility; FDA inspection identified GMP violations potentially impacting product quality and sterility","06/02/2015","09/15/2015","02/10/2016","09/23/2015","All lots distributed between November 2014 and May 2015;  01302015@29, 7/29/2015; 04162015@31, 10/13/2015, 12162014@27, 6/14/2015; 01192015@8, 7/18/2015; 01142015@29, 7/13/2015; 01262015@49, 7/25/2015;   01092015@32, 7/8/2015; 01292015@37, 7/28/2015, 02112015@30, 8/10/2015; 02262015@5, 8/25/2015; 02272015@73, 8/26/2015; 03032015@18, 8/30/2015; 03062015@32, 9/2/2015; 03192015@44, 9/15/2015; 03302015@15, 9/26/2015; 04082015@8, 10/5/2015; 04062015@49, 10/3/2015; 04222015@81, 10/19/2015; 04302015@36, 10/27/2015; 05052015@41, 11/1/2015"
"Drugs","No","","71371","Terminated","The Compounding Pharmacy of America","6216 Highland Place Way Ste 101-A","N/A","Knoxville","TN","	37919-4068","United States","Voluntary: Firm initiated","Telephone","Nationwide","D-1777-2015","Class II","Tri-Mix (30/1/10) (MFG) Injectable, The Compounding Pharmacy of America, Knoxville, TN","27 ml total","Lack of Assurance of Sterility; FDA inspection identified GMP violations potentially impacting product quality and sterility","06/02/2015","09/15/2015","02/10/2016","09/23/2015","All lots distributed between November 2014 and May 2015;  12022014@50, 5/31/2015; 01092015@31, 7/8/2015; 02102015@43, 8/9/2015; 03272015@42, 9/23/2015"
"Drugs","No","","71371","Terminated","The Compounding Pharmacy of America","6216 Highland Place Way Ste 101-A","N/A","Knoxville","TN","	37919-4068","United States","Voluntary: Firm initiated","Telephone","Nationwide","D-1778-2015","Class II","Tri-Mix (30/1/20) Injectable, The Compounding Pharmacy of America, Knoxville, TN","16 ml","Lack of Assurance of Sterility; FDA inspection identified GMP violations potentially impacting product quality and sterility","06/02/2015","09/15/2015","02/10/2016","09/23/2015","All lots distributed between November 2014 and May 2015;  05082015@94, 11/4/2015"
"Drugs","No","","71371","Terminated","The Compounding Pharmacy of America","6216 Highland Place Way Ste 101-A","N/A","Knoxville","TN","	37919-4068","United States","Voluntary: Firm initiated","Telephone","Nationwide","D-1779-2015","Class II","Tri-Mix  (30/1/20) (MFG) Injectable, The Compounding Pharmacy of America, Knoxville, TN","8 ml","Lack of Assurance of Sterility; FDA inspection identified GMP violations potentially impacting product quality and sterility","06/02/2015","09/15/2015","02/10/2016","09/23/2015","All lots distributed between November 2014 and May 2015;    05082015@31, 11/4/2015"
"Drugs","No","","71371","Terminated","The Compounding Pharmacy of America","6216 Highland Place Way Ste 101-A","N/A","Knoxville","TN","	37919-4068","United States","Voluntary: Firm initiated","Telephone","Nationwide","D-1780-2015","Class II","Tri-Mix  (30/1/22) Injectable, The Compounding Pharmacy of America, Knoxville, TN","14 ml","Lack of Assurance of Sterility; FDA inspection identified GMP violations potentially impacting product quality and sterility","06/02/2015","09/15/2015","02/10/2016","09/23/2015","All lots distributed between November 2014 and May 2015;  03112015@1, 9/7/2015; 01272015@24, 7/26/2015"
"Drugs","No","","71371","Terminated","The Compounding Pharmacy of America","6216 Highland Place Way Ste 101-A","N/A","Knoxville","TN","	37919-4068","United States","Voluntary: Firm initiated","Telephone","Nationwide","D-1781-2015","Class II","Tri-Mix (30/1/22) (MFG) Injectable, The Compounding Pharmacy of America, Knoxville, TN","14 ml","Lack of Assurance of Sterility; FDA inspection identified GMP violations potentially impacting product quality and sterility","06/02/2015","09/15/2015","02/10/2016","09/23/2015","All lots distributed between November 2014 and May 2015;  01272015@21, 7/26/2015; 03102015@52, 9/6/2015"
"Drugs","No","","71371","Terminated","The Compounding Pharmacy of America","6216 Highland Place Way Ste 101-A","N/A","Knoxville","TN","	37919-4068","United States","Voluntary: Firm initiated","Telephone","Nationwide","D-1782-2015","Class II","Tri-Mix (30/2/20) Injectable, The Compounding Pharmacy of America, Knoxville, TN","32 ml","Lack of Assurance of Sterility; FDA inspection identified GMP violations potentially impacting product quality and sterility","06/02/2015","09/15/2015","02/10/2016","09/23/2015","All lots distributed between November 2014 and May 2015  03042015@5, 8/31/2015; 03122015@51, 9/8/2015; 04072015@27, 10/4/2015"
"Drugs","No","","71371","Terminated","The Compounding Pharmacy of America","6216 Highland Place Way Ste 101-A","N/A","Knoxville","TN","	37919-4068","United States","Voluntary: Firm initiated","Telephone","Nationwide","D-1783-2015","Class II","Tri-Mix (30/2/20) (MFG) Injectable, The Compounding Pharmacy of America, Knoxville, TN","7 ml","Lack of Assurance of Sterility; FDA inspection identified GMP violations potentially impacting product quality and sterility","06/02/2015","09/15/2015","02/10/2016","09/23/2015","All lots distributed between November 2014 and May 2015;    03122015@17, 9/8/2015"
"Drugs","No","","71371","Terminated","The Compounding Pharmacy of America","6216 Highland Place Way Ste 101-A","N/A","Knoxville","TN","	37919-4068","United States","Voluntary: Firm initiated","Telephone","Nationwide","D-1784-2015","Class II","Tri-Mix  (37.5 mg/1.5 mg/50 mcg) Injectable, The Compounding Pharmacy of America, Knoxville, TN","13 ml","Lack of Assurance of Sterility; FDA inspection identified GMP violations potentially impacting product quality and sterility","06/02/2015","09/15/2015","02/10/2016","09/23/2015","All lots distributed between November 2014 and May 2015  03042015@18, 8/31/2015"
"Drugs","No","","71371","Terminated","The Compounding Pharmacy of America","6216 Highland Place Way Ste 101-A","N/A","Knoxville","TN","	37919-4068","United States","Voluntary: Firm initiated","Telephone","Nationwide","D-1785-2015","Class II","Tri-Mix (37.5/2/20) Injectable, The Compounding Pharmacy of America, Knoxville, TN","25 ml","Lack of Assurance of Sterility; FDA inspection identified GMP violations potentially impacting product quality and sterility","06/02/2015","09/15/2015","02/10/2016","09/23/2015","All lots distributed between November 2014 and May 2015;  01162015@4, 7/15/2015; 02272015@47, 8/26/2015"
"Drugs","No","","71371","Terminated","The Compounding Pharmacy of America","6216 Highland Place Way Ste 101-A","N/A","Knoxville","TN","	37919-4068","United States","Voluntary: Firm initiated","Telephone","Nationwide","D-1786-2015","Class II","Tri-Mix (37.5/2/20) (MFG) Injectable, The Compounding Pharmacy of America, Knoxville, TN","38 ml","Lack of Assurance of Sterility; FDA inspection identified GMP violations potentially impacting product quality and sterility","06/02/2015","09/15/2015","02/10/2016","09/23/2015","All lots distributed between November 2014 and May 2015;    01152015@60, 7/14/2015; 02272015@34, 8/26/2015; 04012015@27, 9/28/2015"
"Drugs","No","","71371","Terminated","The Compounding Pharmacy of America","6216 Highland Place Way Ste 101-A","N/A","Knoxville","TN","	37919-4068","United States","Voluntary: Firm initiated","Telephone","Nationwide","D-1787-2015","Class II","Tri-Mix (6.9/0.575/39.375) Injectable, The Compounding Pharmacy of America, Knoxville, TN","6 ml","Lack of Assurance of Sterility; FDA inspection identified GMP violations potentially impacting product quality and sterility","06/02/2015","09/15/2015","02/10/2016","09/23/2015","All lots distributed between November 2014 and May 2015;    04132015@17, 10/10/2015"
"Drugs","No","","71371","Terminated","The Compounding Pharmacy of America","6216 Highland Place Way Ste 101-A","N/A","Knoxville","TN","	37919-4068","United States","Voluntary: Firm initiated","Telephone","Nationwide","D-1788-2015","Class II","Tri-Mix AT-1 (8 mg/2 mg/0.2 mg) Injectable, The Compounding Pharmacy of America, Knoxville, TN","12 ml","Lack of Assurance of Sterility; FDA inspection identified GMP violations potentially impacting product quality and sterility","06/02/2015","09/15/2015","02/10/2016","09/23/2015","All lots distributed between November 2014 and May 2015;  04012015@57, 9/28/2015"
"Drugs","No","","71371","Terminated","The Compounding Pharmacy of America","6216 Highland Place Way Ste 101-A","N/A","Knoxville","TN","	37919-4068","United States","Voluntary: Firm initiated","Telephone","Nationwide","D-1789-2015","Class II","Tri-Mix AT-6  (60 mg/4 mg/0.3 mg) Injectable, The Compounding Pharmacy of America, Knoxville, TN","70 ml","Lack of Assurance of Sterility; FDA inspection identified GMP violations potentially impacting product quality and sterility","06/02/2015","09/15/2015","02/10/2016","09/23/2015","All lots distributed between November 2014 and May 2015;    02112015@39, 8/10/2015; 02032015@99, 8/2/2015; 04012015@25, 9/28/2015;   04272015@55, 10/24/2015"
"Drugs","No","","71371","Terminated","The Compounding Pharmacy of America","6216 Highland Place Way Ste 101-A","N/A","Knoxville","TN","	37919-4068","United States","Voluntary: Firm initiated","Telephone","Nationwide","D-1790-2015","Class II","Tri-Mix MEDIUM (15 mg/0.5 mg/5 mcg) Injectable, The Compounding Pharmacy of America, Knoxville, TN","802 ml","Lack of Assurance of Sterility; FDA inspection identified GMP violations potentially impacting product quality and sterility","06/02/2015","09/15/2015","02/10/2016","09/23/2015","All lots distributed between November 2014 and May 2015;    12182014@66, 6/16/2015; 01052015@51, 7/4/2015; 01192015@33, 7/18/2015;   02192015@9, 8/18/2015; 05042015@38, 10/31/2015; 04012015@63, 9/28/2015"
"Drugs","No","","71371","Terminated","The Compounding Pharmacy of America","6216 Highland Place Way Ste 101-A","N/A","Knoxville","TN","	37919-4068","United States","Voluntary: Firm initiated","Telephone","Nationwide","D-1791-2015","Class II","Tri-Mix MEDIUM (15/0.5/5) (MFG)  Injectable, The Compounding Pharmacy of America, Knoxville, TN","7 ml","Lack of Assurance of Sterility; FDA inspection identified GMP violations potentially impacting product quality and sterility","06/02/2015","09/15/2015","02/10/2016","09/23/2015","All lots distributed between November 2014 and May 2015;    01052015@48, 7/4/2015"
"Drugs","No","","71371","Terminated","The Compounding Pharmacy of America","6216 Highland Place Way Ste 101-A","N/A","Knoxville","TN","	37919-4068","United States","Voluntary: Firm initiated","Telephone","Nationwide","D-1792-2015","Class II","Tri-Mix ST1 (30 mg/1.5 mg/50 mcg) Injectable, The Compounding Pharmacy of America, Knoxville, TN","145 ml","Lack of Assurance of Sterility; FDA inspection identified GMP violations potentially impacting product quality and sterility","06/02/2015","09/15/2015","02/10/2016","09/23/2015","All lots distributed between November 2014 and May 2015;    02112015@15, 8/10/2015  04012015@18 9/28/2015  04272015@52 10/24/2015  05052015@14 11/1/2015"
"Drugs","No","","71371","Terminated","The Compounding Pharmacy of America","6216 Highland Place Way Ste 101-A","N/A","Knoxville","TN","	37919-4068","United States","Voluntary: Firm initiated","Telephone","Nationwide","D-1793-2015","Class II","Tri-Mix ST2 (30 mg/3 mg/100 mcg) Injectable, The Compounding Pharmacy of America, Knoxville, TN","10 ml","Lack of Assurance of Sterility; FDA inspection identified GMP violations potentially impacting product quality and sterility","06/02/2015","09/15/2015","02/10/2016","09/23/2015","All lots distributed between November 2014 and May 2015;  04302015@29, 10/27/2015"
"Drugs","No","","71371","Terminated","The Compounding Pharmacy of America","6216 Highland Place Way Ste 101-A","N/A","Knoxville","TN","	37919-4068","United States","Voluntary: Firm initiated","Telephone","Nationwide","D-1794-2015","Class II","Tri-Mix ST2/LIDO2/PGE2 0.2/0.1/0.04, Injectable, The Compounding Pharmacy of America, Knoxville, TN","5 ml","Lack of Assurance of Sterility; FDA inspection identified GMP violations potentially impacting product quality and sterility","06/02/2015","09/15/2015","02/10/2016","09/23/2015","All lots distributed between November 2014 and May 2015    04292015@57, 10/26/2015"
"Drugs","No","","71371","Terminated","The Compounding Pharmacy of America","6216 Highland Place Way Ste 101-A","N/A","Knoxville","TN","	37919-4068","United States","Voluntary: Firm initiated","Telephone","Nationwide","D-1795-2015","Class II","Tri-Mix ST3/PGE 2/LIDO 2 0.06/0.2/0.02 Injectable, The Compounding Pharmacy of America, Knoxville, TN","9 ml","Lack of Assurance of Sterility; FDA inspection identified GMP violations potentially impacting product quality and sterility","06/02/2015","09/15/2015","02/10/2016","09/23/2015","All lots distributed between November 2014 and May 2015;    03022015@76, 8/29/2015"
"Drugs","No","","71371","Terminated","The Compounding Pharmacy of America","6216 Highland Place Way Ste 101-A","N/A","Knoxville","TN","	37919-4068","United States","Voluntary: Firm initiated","Telephone","Nationwide","D-1796-2015","Class II","Tri-Mix ST4 (3 mg/1.5 mg/300 mcg) Injectable, The Compounding Pharmacy of America, Knoxville, TN","10 ml","Lack of Assurance of Sterility; FDA inspection identified GMP violations potentially impacting product quality and sterility","06/02/2015","09/15/2015","02/10/2016","09/23/2015","All lots distributed between November 2014 and May 2015;  01272015@29, 7/26/2015"
"Drugs","No","","71371","Terminated","The Compounding Pharmacy of America","6216 Highland Place Way Ste 101-A","N/A","Knoxville","TN","	37919-4068","United States","Voluntary: Firm initiated","Telephone","Nationwide","D-1797-2015","Class II","Tri-Mix ST4/PGE 2/LIDO 2 0.1/0.05/0.05 Injectable, The Compounding Pharmacy of America, Knoxville, TN","8 ml","Lack of Assurance of Sterility; FDA inspection identified GMP violations potentially impacting product quality and sterility","06/02/2015","09/15/2015","02/10/2016","09/23/2015","All lots distributed between November 2014 and May 2015;  01272015@28, 7/26/2015"
"Drugs","No","","71371","Terminated","The Compounding Pharmacy of America","6216 Highland Place Way Ste 101-A","N/A","Knoxville","TN","	37919-4068","United States","Voluntary: Firm initiated","Telephone","Nationwide","D-1798-2015","Class II","Tri-Mix ST9A (30 MG/2 MG/80 MCG) Injectable, The Compounding Pharmacy of America, Knoxville, TN","112 ml","Lack of Assurance of Sterility; FDA inspection identified GMP violations potentially impacting product quality and sterility","06/02/2015","09/15/2015","02/10/2016","09/23/2015","All lots distributed between November 2014 and May 2015"
"Drugs","No","","71371","Terminated","The Compounding Pharmacy of America","6216 Highland Place Way Ste 101-A","N/A","Knoxville","TN","	37919-4068","United States","Voluntary: Firm initiated","Telephone","Nationwide","D-1799-2015","Class II","Tri-Mix ST9A (30 mg/2 mg/80 mcg) Injectable, The Compounding Pharmacy of America, Knoxville, TN","112 ml","Lack of Assurance of Sterility; FDA inspection identified GMP violations potentially impacting product quality and sterility","06/02/2015","09/15/2015","02/10/2016","09/23/2015","All lots distributed between November 2014 and May 2015;  02112015@19, 8/10/2015; 02032015@77, 8/2/2015; 04012015@19, 9/28/2015; 04272015@54, 10/24/2015"
"Drugs","No","","71371","Terminated","The Compounding Pharmacy of America","6216 Highland Place Way Ste 101-A","N/A","Knoxville","TN","	37919-4068","United States","Voluntary: Firm initiated","Telephone","Nationwide","D-1800-2015","Class II","Tri-Mix ST9C (30 mg/2 mg/120 mcg) Injectable, The Compounding Pharmacy of America, Knoxville, TN","101 ml","Lack of Assurance of Sterility; FDA inspection identified GMP violations potentially impacting product quality and sterility","06/02/2015","09/15/2015","02/10/2016","09/23/2015","All lots distributed between November 2014 and May 2015;    02112015@22, 8/10/2015; 02032015@87, 8/2/2015; 05062015@3, 11/2/2015;   04272015@53, 10/24/2015"
"Drugs","No","","71371","Terminated","The Compounding Pharmacy of America","6216 Highland Place Way Ste 101-A","N/A","Knoxville","TN","	37919-4068","United States","Voluntary: Firm initiated","Telephone","Nationwide","D-1801-2015","Class II","Tri-Mix ST9E (60 mg/4 mg/150 mcg) Injectable, Sterile Keep Frozen, The Compounding Pharmacy of America, Knoxville, TN","79 ml","Lack of Assurance of Sterility; FDA inspection identified GMP violations potentially impacting product quality and sterility","06/02/2015","09/15/2015","02/10/2016","09/23/2015","All lots distributed between November 2014 and May 2015;    02112015@24, 8/10/2015; 02032015@101, 8/2/2015, 04012015@21, 9/28/2015"
"Drugs","No","","71371","Terminated","The Compounding Pharmacy of America","6216 Highland Place Way Ste 101-A","N/A","Knoxville","TN","	37919-4068","United States","Voluntary: Firm initiated","Telephone","Nationwide","D-1802-2015","Class II","Tri-Mix SUPER (28 mg/0.9 mg/37 mcg) Injectable, Sterile Keep Frozen, The Compounding Pharmacy of America, Knoxville, TN","161 ml","Lack of Assurance of Sterility; FDA inspection identified GMP violations potentially impacting product quality and sterility","06/02/2015","09/15/2015","02/10/2016","09/23/2015","All lots distributed between November 2014 and May 2015;    01202015@30, 7/19/2015; 01262015@22, 7/25/2015; 02092015@14, 7/1/2015;   02192015@12, 8/18/2015; 03202015@86, 9/16/2015; 03232015@25, 9/19/2015; 04282015@14, 10/25/2015; 04282015@18, 10/25/2015"
"Drugs","No","","71371","Terminated","The Compounding Pharmacy of America","6216 Highland Place Way Ste 101-A","N/A","Knoxville","TN","	37919-4068","United States","Voluntary: Firm initiated","Telephone","Nationwide","D-1803-2015","Class II","Tri-Mix T-101 (17.65 mg/0.59 mg/5.9 mcg) Injectable, The Compounding Pharmacy of America, Knoxville, TN","223 ml","Lack of Assurance of Sterility; FDA inspection identified GMP violations potentially impacting product quality and sterility","06/02/2015","09/15/2015","02/10/2016","09/23/2015","All lots distributed between November 2014 and May 2015;    02112015@9, 8/10/2015; 02032015@25, 8/2/2015; 04012015@14, 9/28/2015; 05052015@10, 11/1/2015; 04272015@43, 10/24/2015"
"Drugs","No","","71371","Terminated","The Compounding Pharmacy of America","6216 Highland Place Way Ste 101-A","N/A","Knoxville","TN","	37919-4068","United States","Voluntary: Firm initiated","Telephone","Nationwide","D-1804-2015","Class II","Tri-Mix T-102 (17.65 mg/0.59 mg/10 mcg) Injectable, The Compounding Pharmacy of America, Knoxville, TN","5 ml","Lack of Assurance of Sterility; FDA inspection identified GMP violations potentially impacting product quality and sterility","06/02/2015","09/15/2015","02/10/2016","09/23/2015","All lots distributed between November 2014 and May 2015;    05052015@20, 11/3/2015"
"Drugs","No","","71371","Terminated","The Compounding Pharmacy of America","6216 Highland Place Way Ste 101-A","N/A","Knoxville","TN","	37919-4068","United States","Voluntary: Firm initiated","Telephone","Nationwide","D-1805-2015","Class II","Tri-Mix T-102/PGE 2/LIDO 2 0.06/0.3/0.2 Injectable, The Compounding Pharmacy of America, Knoxville, TN","19 ml","Lack of Assurance of Sterility; FDA inspection identified GMP violations potentially impacting product quality and sterility","06/02/2015","09/15/2015","02/10/2016","09/23/2015","All lots distributed between November 2014 and May 2015; 05062015@38, 11/2/2015"
"Drugs","No","","71078","Terminated","South Coast Specialty Compounding, Inc.","9257 Research Dr","N/A","Irvine","CA","	92618-4286","United States","Voluntary: Firm initiated","Letter","Nationwide.","D-1342-2015","Class II","Methyl Folate Lyophilized Powder for Injection, 20 mg per vial, Rx Only, Manufactured by Park Compounding, Irving, CA  ","335 vials (114 prescriptions)","Penicillin Cross Contamination: Multiple finished products potentially contaminated with penicillin.","04/23/2015","09/02/2015","05/31/2016","09/09/2015","Lot # 11152014@1B, Exp 05/15  Lot # 02082015@3B, Exp 08/14"
"Drugs","No","","71371","Terminated","The Compounding Pharmacy of America","6216 Highland Place Way Ste 101-A","N/A","Knoxville","TN","	37919-4068","United States","Voluntary: Firm initiated","Telephone","Nationwide","D-1806-2015","Class II","Tri-Mix T-105 (30 mg/1 mg/10 mcg) Injectable, The Compounding Pharmacy of America, Knoxville, TN","222 ml","Lack of Assurance of Sterility; FDA inspection identified GMP violations potentially impacting product quality and sterility","06/02/2015","09/15/2015","02/10/2016","09/23/2015","All lots distributed between November 2014 and May 2015;    05052015@11, 11/1/2015; 02112015@11, 8/10/2015; 02032015@28, 8/2/2015; 04012015@16, 9/26/2015; 04272015@47, 10/24/2015"
"Drugs","No","","71371","Terminated","The Compounding Pharmacy of America","6216 Highland Place Way Ste 101-A","N/A","Knoxville","TN","	37919-4068","United States","Voluntary: Firm initiated","Telephone","Nationwide","D-1807-2015","Class II","Tri-Mix T-106 (30 mg/1 mg/25 mcg) Injectable,The Compounding Pharmacy of America, Knoxville, TN","300 ml","Lack of Assurance of Sterility; FDA inspection identified GMP violations potentially impacting product quality and sterility","06/02/2015","09/15/2015","02/10/2016","09/23/2015","All lots distributed between November 2014 and May 2015;    02032015@57, 8/2/2015; 02112015@14, 8/10/2015; 04012015@17, 9/28/2015; 04272015@49, 10/24/2015; 05052015@12, 11/1/2015"
"Drugs","No","","71371","Terminated","The Compounding Pharmacy of America","6216 Highland Place Way Ste 101-A","N/A","Knoxville","TN","	37919-4068","United States","Voluntary: Firm initiated","Telephone","Nationwide","D-1808-2015","Class II","Tri-Mix T-106/PGE 2 0.1/0.14 Injectable, The Compounding Pharmacy of America, Knoxville, TN","4 ml","Lack of Assurance of Sterility; FDA inspection identified GMP violations potentially impacting product quality and sterility","06/02/2015","09/15/2015","02/10/2016","09/23/2015","All lots distributed between November 2014 and May 2015;  04172015@7, 10/14/2015"
"Drugs","No","","71371","Terminated","The Compounding Pharmacy of America","6216 Highland Place Way Ste 101-A","N/A","Knoxville","TN","	37919-4068","United States","Voluntary: Firm initiated","Telephone","Nationwide","D-1809-2015","Class II","Tri-Mix T-50 8.8 mg/0.29 mg/2.9 mcg Injectable, The Compounding Pharmacy of America, Knoxville, TN","68 ml","Lack of Assurance of Sterility; FDA inspection identified GMP violations potentially impacting product quality and sterility","06/02/2015","09/15/2015","02/10/2016","09/23/2015","All lots distributed between November 2014 and May 2015;  04012015@23, 9/28/2015; 04272015@41, 10/24/2015; 05052015@9, 11/1/2015"
"Drugs","No","","71371","Terminated","The Compounding Pharmacy of America","6216 Highland Place Way Ste 101-A","N/A","Knoxville","TN","	37919-4068","United States","Voluntary: Firm initiated","Telephone","Nationwide","D-1810-2015","Class II","Tri-Mix T-50/PGE 1 0.14/0.08 Injectable, The Compounding Pharmacy of America, Knoxville, TN","8 ml","Lack of Assurance of Sterility; FDA inspection identified GMP violations potentially impacting product quality and sterility","06/02/2015","09/15/2015","02/10/2016","09/23/2015","All lots distributed between November 2014 and May 2015;  001072015@39, 7/6/2015"
"Drugs","No","","71371","Terminated","The Compounding Pharmacy of America","6216 Highland Place Way Ste 101-A","N/A","Knoxville","TN","	37919-4068","United States","Voluntary: Firm initiated","Telephone","Nationwide","D-1811-2015","Class II","Tri-Mix T-50/PGE 2/LIDO 2 0.03/0.18/0.09 Injectable, The Compounding Pharmacy of America, Knoxville, TN","5 ml","Lack of Assurance of Sterility; FDA inspection identified GMP violations potentially impacting product quality and sterility","06/02/2015","09/15/2015","02/10/2016","09/23/2015","All lots distributed between November 2014 and May 2015; 01152015@46, 7/14/2015"
"Drugs","No","","71371","Terminated","The Compounding Pharmacy of America","6216 Highland Place Way Ste 101-A","N/A","Knoxville","TN","	37919-4068","United States","Voluntary: Firm initiated","Telephone","Nationwide","D-1812-2015","Class II","Tri-Mix T-50/PGE 2/LIDO 2 0.09/0.32/0.04 Injectable, The Compounding Pharmacy of America, Knoxville, TN","7 ml","Lack of Assurance of Sterility; FDA inspection identified GMP violations potentially impacting product quality and sterility","06/02/2015","09/15/2015","02/10/2016","09/23/2015","All lots distributed between November 2014 and May 2015;    04282015@33, 10/25/2015"
"Drugs","No","","71737","Terminated","Akorn, Inc.","1925 W. Field Court, Suite 300","N/A","Lake Forest","IL","	60045","United States","Voluntary: Firm initiated","Letter","Nationwide","D-1429-2015","Class III","IC-GREEN (indocyanine green for injection, USP), 25 mg Kit (NDC 17478-701-02, UPC 3 17478-701-02 6) containing 6-count IC-Green Vials 25 mg (NDC 17478-701-25, barcode (01)00317478701255) and 6-count 10 mL Sterile Aqueous Solvent Ampules (NDC 17478-701-10, UPC 3 17478-701-10 1) per carton, Rx only, Manufactured by: Akorn, Inc., Lake Forest, IL  60045.","370 kits","Subpotent Drug: Low out-of-specification potency result of the drug product.","04/20/2015","09/11/2015","01/26/2017","09/23/2015","Lot #: Kit: 071374; IC-Green: 041514, Exp 10/16"
"Drugs","No","","71776","Terminated","Qualitest Pharmaceuticals","120 Vintage Dr NE","N/A","Huntsville","AL","	35811-8216","United States","Voluntary: Firm initiated","Letter","Nationwide and PR","D-1405-2015","Class III","ALLOPURINOL TABLETS, USP, 300 mg, 500 count bottle, Rx only, Manufactured for:  QUALITEST PHARMACEUTICALS, HUNTSVILLE, AL 35811 --- NDC 0603-2116-28","21552 units","Failed Tablet/Capsule Specifications; report of oversized and discolored tablets","07/20/2015","09/01/2015","03/07/2016","09/09/2015","CP0761501, Exp. 12/16"
"Drugs","No","","71806","Terminated","JD & SN Inc., dba Moses Lake Professional Pharmacy","1555 Pilgrim St","N/A","Moses Lake","WA","	98837-4623","United States","Voluntary: Firm initiated","Press Release","Nationwide","D-0055-2016","Class II","ALPROSTADIL, Injectable Solution, 40 MCG/ML, 10 mL vials, Rx only, JD & SN Inc, DBA Moses Lake Professional Pharmacy, 1555 S. Pilgrim St. Moses Lake WA  98837, (509)764-2314         ","1 vial","Lack of Assurance of Sterility; all sterile human compounded drugs within expiry","07/24/2015","10/27/2015","04/13/2016","11/04/2015","t06152015@29"
"Drugs","No","","71830","Terminated","Novartis Pharmaceuticals Corp.","25 Old Mill Rd","N/A","Suffern","NY","	10901-4106","United States","Voluntary: Firm initiated","Letter","NJ - site for distributor","D-1430-2015","Class III","Dexmethylphenidate HCl Extended-Release, Capsules, 10mg, Rx only, 100 Capsules.  Manufactured by Alkermes Gainesville LLC Gainesville, GA 30504 for Sandoz Inc. Princeton, NJ 08540","10,767 bottles","Failed Dissolution Specifications: Product is being recalled due to out of specification (above specification) result obtained at 6-hour dissolution time point during the 12-month stability testing.","07/28/2015","09/14/2015","05/10/2017","09/23/2015","Lot #: F0002, Exp 12/2016"
"Drugs","No","","71836","Terminated","Mutual Pharmaceutical Company,  Inc.","1100 Orthodox St","N/A","Philadelphia","PA","	19124-3168","United States","Voluntary: Firm initiated","Letter","Nationwide","D-1420-2015","Class III","Felodipine Extended-Release Tablets, 2.5 mg, 100 count bottles, Rx only, Mutual Pharmaceutical Co. Inc., Philadelphia, PA --- NDC 53489-368-01        ","25,272 bottles","Chemical Contamination; benzophenone leached from the product label varnish","07/16/2015","09/09/2015","10/13/2016","09/16/2015","lot #s: 6669101 & 6669201, exp 12/15 and 6708201 & 6708301, exp 8/16"
"Drugs","No","","71836","Terminated","Mutual Pharmaceutical Company,  Inc.","1100 Orthodox St","N/A","Philadelphia","PA","	19124-3168","United States","Voluntary: Firm initiated","Letter","Nationwide","D-1421-2015","Class III","Felodipine Extended-Release Tablets,  5 mg, 100 count bottles,  Rx only, Mutual Pharmaceutical Co. Inc., Philadelphia, PA --- NDC 53489-369-01          ","97,859 bottles","Chemical Contamination; benzophenone leached from the product label varnish","07/16/2015","09/09/2015","10/13/2016","09/16/2015","lot #s: 6662801 & 6662901, exp 10/15, 6689601, exp 4/16, 6689701, exp 5/16 and 6708401, 8/16"
"Drugs","No","","71837","Terminated","3M Company - Health Care Business","3M Center 2510 Conway Ave , B# 275-5-W-6","N/A","Saint Paul","MN","	55144","United States","Voluntary: Firm initiated","Letter","Nationwide, Puerto Rico, and to foreign distribution centers in Dominican Repulbic, Malaysia, Mexico, Panama, Peru, and United Arab Emirates.","D-1417-2015","Class II","DuraPrep Surgical Solution Iodine Povacrylex (0.7% Available Iodine) and Isopropyl Alcohol (74% w/w) Patient Preoperative Skin Preparation, supplied in a) 0.9 fl oz, 26 mL Single Use Applicator w/urethane sponge and 2-count Cotton-tipped swabs per pouch, packaged in 20 pouches per case (NDC 17518-0011-08, UPC (01) 0 03 17518 01108 5) and b) 0.2 fl oz, 6 mL Single Use Applicator w/urethane sponge per pouch, packaged in 50 pouches per case (NDC 17518-0011-07, UPC (01) 0 03 17518 01107 8), OTC, Made in U.S.A. by 3M Health Care, 2510 Conway Ave., St. Paul, MN 55144.   ","a) 4460 cases (0.9 fl oz, 26 mL Single Use Applicator, 20 pouches per case), b) 1059 cases (2 fl oz, 6 mL Single Use Applicator, 50 pouches per case)","Chemical contamination: Product may be contaminated with a toxic compound.","08/06/2015","09/08/2015","03/16/2017","09/16/2015","Lot#: a) 2016-09EE, 2016-09EF, 2016-09EG, Exp 9/30/16; b) 2016-08DC, Exp 8/31/16."
"Drugs","No","","71836","Terminated","Mutual Pharmaceutical Company,  Inc.","1100 Orthodox St","N/A","Philadelphia","PA","	19124-3168","United States","Voluntary: Firm initiated","Letter","Nationwide","D-1422-2015","Class III","Felodipine Extended-Release Tablets, 10 mg, 100 count bottles, Rx only, Mutual Pharmaceutical Co Inc., Philadelphia, PA --- NDC 53489-370-01            ","63,975 bottles","Chemical Contamination; benzophenone leached from the product label varnish","07/16/2015","09/09/2015","10/13/2016","09/16/2015","lot #s: 6667301 & 6667401, exp 11/15 and 6699201, exp 6/16"
"Drugs","No","","71836","Terminated","Mutual Pharmaceutical Company,  Inc.","1100 Orthodox St","N/A","Philadelphia","PA","	19124-3168","United States","Voluntary: Firm initiated","Letter","Nationwide","D-1423-2015","Class III","Imipramine HCl Tablets, USP, 10 mg, 100 count bottles, Rx only, Mfd By: Mutual Pharmaceutical Co. Inc., Philadelphia, PA --- NDC 54738-912-01      ","5472 bottles","Chemical Contamination; benzophenone leached from the product label varnish","07/16/2015","09/09/2015","10/13/2016","09/16/2015","lot #s 6671801, exp 12/16 and 6706401, exp 7/17"
"Drugs","No","","71836","Terminated","Mutual Pharmaceutical Company,  Inc.","1100 Orthodox St","N/A","Philadelphia","PA","	19124-3168","United States","Voluntary: Firm initiated","Letter","Nationwide","D-1424-2015","Class III","Imipramine HCl Tablets, USP, 25 mg, 100 count bottles, Mfd By: Mutual Pharmaceutical Co., Inc., Philadelphia, PA --- NDC 54738-913-01      ","14,112 bottles","Chemical Contamination; benzophenone leached from the product label varnish","07/16/2015","09/09/2015","10/13/2016","09/16/2015","lot #s: 6655001, exp 8/16, 6679801, exp 2/17, 6690302, exp 4/17 and 6706001, exp 7/17"
"Drugs","No","","71836","Terminated","Mutual Pharmaceutical Company,  Inc.","1100 Orthodox St","N/A","Philadelphia","PA","	19124-3168","United States","Voluntary: Firm initiated","Letter","Nationwide","D-1425-2015","Class III","Imipramine HCl Tablets, USP, 50 mg, 100 count bottles, Mfd By: Mutual Pharmaceutical Co., Inc., Philadelphia, PA --- NDC 54738-914-01","10,080 bottles","Chemical Contamination; benzophenone leached from the product label varnish","07/16/2015","09/09/2015","10/13/2016","09/16/2015","lots# 6671901, exp 12/16, 6679901, exp 2/17, 6694201, exp 5/17, 6697901, exp 6/17 and 6704201, exp 7/17"
"Drugs","No","","71863","Terminated","Vintage Pharmaceuticals LLC dba Qualitest Pharmaceuticals","130 Vintage Dr Ne","N/A","Huntsville","AL","	35811-8216","United States","Voluntary: Firm initiated","Letter","Nationwide and Puerto Rico","D-1406-2015","Class II","Lisinopril Tablets, USP, 40 mg, a) 45-count bottle (NDC 0603-4214-60), b) 500-count bottle (NDC 0603-4214-28), Rx Only, Manufactured for: Qualitest Pharmaceuticals, Huntsville, AL 35811","8,705 bottles","Failed Dissolution Specifications","07/29/2015","09/01/2015","03/29/2016","09/09/2015","Lot # a) C0570215B; Exp 02/17           b) C0570215A; Exp 02/17"
"Drugs","No","","71892","Terminated","Pharmedium Services, LLC","150 N Field Dr Ste 350","N/A","Lake Forest","IL","	60045-2506","United States","Voluntary: Firm initiated","Telephone","VA, IL, PA, ID","D-1428-2015","Class II","Ropivacaine HCl 0.2% in 100 mL total volume in a 100 mL Yellow Cassette Res. Flowstop in Sodium Chloride 0.9%, Rx Only, PharMEDium Services, LLC, 6100 Global Drive, Memphis, TN 38141, NDC 61553-834-48  ","120 cassettes","Lack of Assurance of Sterility: The firm received a complaint of a sterility failure using a non-validated sterility test on a medication cassette.","07/21/2015","09/10/2015","09/11/2015","09/16/2015","Lot #: 151900249M, Exp 09/09/15"
"Drugs","No","","71921","Terminated","Golden State Medical Supply Inc.","5187 Camino Ruiz","N/A","Camarillo","CA","	93012-8601","United States","Voluntary: Firm initiated","Letter","U.S. Including: GA.","D-1426-2015","Class III","METHOCARBAMOL TABLETS, USP 500 mg, 500 Count Bottles, Rx Only. Manufactured by AustarPharma LLC, Edison, NJ 08837, USA, Packaged by GSMS Incorporated, Camarillo, CA 93012, USA, NDC: 60429-118-05.","1,165 Bottles","Presence of Foreign Substance: Presence of hair.","08/11/2015","09/09/2015","11/27/2015","09/16/2015","Lot # GS007849, Expiry: 02/2017"
"Drugs","No","","71939","Terminated","Hospira Inc.","275 N Field Dr","N/A","Lake Forest","IL","	60045-2579","United States","Voluntary: Firm initiated","Two or more of the following: Email, Fax, Letter, Press Release, Telephone, Visit","Nationwide","D-0418-2015","Class II","Ketamine Hydrochloride Injection, USP (100 mg/mL) packaged in 5 mL multi-dose glass fliptop vials, 10 vials per box, Rx only, Manufactured by: Hospira Inc., Lake Forest, IL 60045. NDC 00409-2051-05","83,320 vials","Defective Container: There were customer complaints of cracked and leaking glass vials.","08/20/2015","09/15/2015","04/03/2017","09/23/2015","Lot #s: 43406DD, Exp 7/1/2016; 44255DD, Exp 8/1/2016"
"Drugs","No","","71952","Terminated","Silarx Pharmaceutical, Inc.","1033 Stoneleigh Ave","N/A","Carmel","NY","	10512-2414","United States","Voluntary: Firm initiated","Letter","Nationwide","D-1416-2015","Class III","Lamivudine Oral Solution, USP, 10 mg per 1 mL, 240 mL bottle (8 ounces), Rx only, Manufactured by: Silarx Pharmaceuticals, Inc. Carmel, NY 10512, NDC 54838-0566-70","576 bottles","Labeling: Incorrect or Missing Lot and/or Exp. Date - Firm received a customer complaint that the expiration date printed on the unit carton (5/18) does not match the expiration date on the bottle label (5/17).","08/21/2015","09/03/2015","12/02/2015","09/09/2015","Lot # 0649A Exp. Date 05/18 (unit carton)"
"Drugs","No","","71078","Terminated","South Coast Specialty Compounding, Inc.","9257 Research Dr","N/A","Irvine","CA","	92618-4286","United States","Voluntary: Firm initiated","Letter","Nationwide.","D-1407-2015","Class II","Tri-Est 80:10:10 Progesterone (estriol, estradiol, estrone, progesterone) capsules Rx only, Manufactured by Park Compounding, Irvine, CA  ","2,380 capsules ( 39 prescriptions)","Penicillin Cross Contamination: Multiple finished products potentially contaminated with penicillin.","04/23/2015","09/02/2015","05/31/2016","09/09/2015","All Lots, Exp 09/15"
"Drugs","No","","71973","Terminated","Ohm Laboratories, Inc.","1385 Livingston Ave","N/A","North Brunswick","NJ","	08902-1829","United States","Voluntary: Firm initiated","Letter","Nationwide.","D-0019-2016","Class III","QC Quality Choice Loratadine Orally Disintegrating Tablets, USP 10 mg, 10-count tablets per box, Distributed by C.D.M.A., Inc., 43157 W. Nine Mile, Novi, MI 48376-0995, NDC 63868-157-10, UPC 6 35515 95777 0  ","8,735 units","Superpotent Drug: Out Of Specification (OOS) result for Assay.  ","07/28/2015","10/15/2015","10/28/2016","10/21/2015","Batch Numbers:  2644273, Exp 9/30/2016; 2600127, Exp 3/20/2016;  2544486, Exp 7/31/2016"
"Drugs","No","","71973","Terminated","Ohm Laboratories, Inc.","1385 Livingston Ave","N/A","North Brunswick","NJ","	08902-1829","United States","Voluntary: Firm initiated","Letter","Nationwide.","D-0020-2016","Class III","Rite Aid Pharmacy loratadine orally disintegrating tablets USP, 10 mg, packaged in a) 30-count tablets per box, Item 352712, UPC 0 11822 52712 5; b) 60-count tablets per box, Item 353672, UPC 0 11822 53672 1. Distributed By: Rite Aid, 30 Hunter Lane, Camp Hill, PA 17011.  ","90,410 units","Superpotent Drug: Out Of Specification (OOS) result for Assay.  ","07/28/2015","10/15/2015","10/28/2016","10/21/2015","Batch Numbers:    a) 2658137, Exp 11/30/2016; 2644272, Exp 9/30/2016; 2625093, 2625092 Exp 6/30/2016; 2617892, Exp 5/31/2016; 2610783, Exp 4/30/2016;   2600126, 2600128, Exp 2/29/2016  b) 2625093, Exp 6/30/2016; 2617892, Exp 5/31/2016; 2600128, Exp 2/29/2016"
"Drugs","No","","71999","Terminated","Apotex Inc.","150 Signet Drive","N/A","Toronto","N/A","	N/A","Canada","Voluntary: Firm initiated","N/A","Nationwide and Puerto Rico","D-1814-2015","Class II","Cevimeline Hydrochloride Capsules, 30 mg  a) 100 count bottle, and b) 500 count bottle, Rx Only, Manufactured by: Apotex Research Pvt., Ltd., Bangalore, India, Manufactured for: Apotex Corp, Westin, FL, a) NDC 60505-3145-1, b) NDC 60505-3145-5","117,644 Bottles","Failed Stability Specifications: product may not meet specification limit for assay test.","08/17/2015","09/15/2015","06/15/2022","09/23/2015","Lot #s: a) KP9749, KT3501, Exp 09/2015, KP4524, Exp 11/2015, KV8264, Exp 01/2016, KX8713, KX8714, KX8715, Exp 04/2016; b) KP4525, Exp 11/2015, KP9750, Exp 12/2015, KX8716, Exp 04/2016"
"Drugs","No","","72016","Terminated","Allergan Sales, LLC","8301 Mars Dr","N/A","Waco","TX","	76712-6578","United States","Voluntary: Firm initiated","N/A","Nationwide, Puerto Rico, and Barbados","D-1817-2015","Class II","Refresh Lacri-Lube (Mineral Oil 42.5% and White Petrolatum 56.8%) Lubricant Eye Ointment, packaged in a) Net wt. 0.12 oz (3.5 g) tubes (NDC 0023-0312-04) UPC 3 0023-0312-04 2 and b) Net wt. 0.25 oz (7 g) tubes (NDC 0023-0312-07) UPC 3 0023-0312-07 3, Allergan, Inc., 2525 Dupont Drive, Irvine, CA  92612.","320,713 tubes","Presence of Particulate Matter: Due to customer complaints of small black particles, identified as part of the ointment tube cap, generated by the action of unscrewing the cap from the aluminum tube and potentially introducing the particle into the product.","08/24/2015","09/22/2015","04/19/2017","09/30/2015","Lot #: a) 84746, Exp 04/17; 84987, 85087, Exp 05/17; 85359, Exp 06/17; 85721, Exp 07/17; 86045, Exp 08/17; 86406, Exp 09/17; 86594, Exp 10/17; 87021, Exp 11/17; and b) 86470, Exp 09/17; 86829, Exp 10/17; 87105, Exp 11/17"
"Drugs","No","","72016","Terminated","Allergan Sales, LLC","8301 Mars Dr","N/A","Waco","TX","	76712-6578","United States","Voluntary: Firm initiated","N/A","Nationwide, Puerto Rico, and Barbados","D-1818-2015","Class II","Refresh P.M. (Mineral Oil 42.5% and White Petrolatum 57.3%) Lubricant Eye Ointment, Net wt. 0.12 oz (3.5 g) tube, Allergan, Inc., 2525 Dupont Drive, Irvine, CA  92612, NDC 0023-0240-04, UPC 3 00230 66704 3.","1,154,359 tubes","Presence of Particulate Matter: Due to customer complaints of small black particles, identified as part of the ointment tube cap, generated by the action of unscrewing the cap from the aluminum tube and potentially introducing the particle into the product.","08/24/2015","09/22/2015","04/19/2017","09/30/2015","Lot #: 85165, 85228, Exp 05/17; 85244, 85351, 85374, 85397, Exp 06/17; 85561, 85676, 85694, Exp 07/17; 85834, 85977, 85985, 86073, Exp 08/17; 85599, 86290, 86325, 86411, 86427, 86506, 86515, 86517, Exp 09/17; 86746, 86792, 86789, 86809, 86822, 86822A, Exp 10/17; 86932, 87100, 87068, Exp 11/17; 87156, 87261, Exp 12/17; 87493, Exp 01/18; 87494, 87731, Exp 02/18."
"Drugs","No","","72016","Terminated","Allergan Sales, LLC","8301 Mars Dr","N/A","Waco","TX","	76712-6578","United States","Voluntary: Firm initiated","N/A","Nationwide, Puerto Rico, and Barbados","D-1819-2015","Class II","FML (fluorometholone ophthalmic ointment) 0.1%, 3.5 g tube, Rx only, Allergan, Inc., Irvine, CA  92612, NDC 0023-0316-04, UPC 3 0023-0316-04 0.","28,292 tubes","Presence of Particulate Matter: Due to customer complaints of small black particles, identified as part of the ointment tube cap, generated by the action of unscrewing the cap from the aluminum tube and potentially introducing the particle into the product.","08/24/2015","09/22/2015","04/19/2017","09/30/2015","Lot #: 86258, Exp 09/16; 87189, Exp 12/16; 87514, Exp 02/17"
"Drugs","No","","72016","Terminated","Allergan Sales, LLC","8301 Mars Dr","N/A","Waco","TX","	76712-6578","United States","Voluntary: Firm initiated","N/A","Nationwide, Puerto Rico, and Barbados","D-1820-2015","Class II","BLEPHAMIDE (sulfacetamide sodium and prednisolone acetate ophthalmic ointment, USP) 10 %/0.2 %, 3.5 g tube, Rx only, ALLERGAN, Irvine, California  92612, NDC 0023-0313-04, UPC 3 00230 31304 9.","337 tubes","Presence of Particulate Matter: Due to customer complaints of small black particles, identified as part of the ointment tube cap, generated by the action of unscrewing the cap from the aluminum tube and potentially introducing the particle into the product.","08/24/2015","09/22/2015","04/19/2017","09/30/2015","Lot #: 86430, Exp 09/17; 87806, Exp 02/18; 88147, Exp 03/18"
"Drugs","No","","72039","Terminated","Healthpoint, Ltd","3909 Hulen St","N/A","Fort Worth","TX","	76107-7253","United States","Voluntary: Firm initiated","Letter","Nationwide","D-1427-2015","Class II","Surgicept (Ethyl alcohol 70% w/w) WATERLESS Surgical Hand Scrub & Healthcare Personnel Handwash in 1150 mL bottles. MARKETED BY: CafeFusion, Leawood, KS 66211, MANUFACTURED FOR: HEALTHPOINT, LTD Ft. Worth, Texas 76107, MANUFACTURED BY: DPT LABORATORIES, LTD 3300 Research Plaza Brooks City-Base, Texas 78235. NDC: 0064-1080-11","11,910 bottles","Chemical Contamination: Naphthalene compound identified in the product after complaints of a petroleum odor.  ","09/04/2015","09/10/2015","11/17/2016","09/16/2015","Lot #: GBDM, Exp 1/2016"
"Drugs","No","","71973","Terminated","Ohm Laboratories, Inc.","1385 Livingston Ave","N/A","North Brunswick","NJ","	08902-1829","United States","Voluntary: Firm initiated","Letter","Nationwide.","D-0021-2016","Class III","Health Best Choice Care, Loratadine Orally Disintegrating Tablets, USP, 10 mg,   10-count tablets per box, Proudly Distributed by: Valu Merchandisers, Co., Kansas City, MO  64111; UPC 0 7003861209 4          ","18576 boxes","Superpotent Drug: Out Of Specification (OOS) result for Assay.  ","07/28/2015","10/15/2015","10/28/2016","10/21/2015","Batch Numbers:  2625092, Exp 6/30/2016; 2644265, Exp 9/30/2016;  2600126, Exp 2/29/2016"
"Drugs","No","","71973","Terminated","Ohm Laboratories, Inc.","1385 Livingston Ave","N/A","North Brunswick","NJ","	08902-1829","United States","Voluntary: Firm initiated","Letter","Nationwide.","D-0022-2016","Class III","CareOne Original Prescription Strength, Allergy Relief, Loratadine Orally Disintegrating Tablets, USP, 10 mg, packaged in a) 10-count tablets per box, NDC 41520-525-69, UPC 3 41520 31346 2; b) Children's 10-count tablets per box NDC 41520-527-69, UPC 3 41520 31455 1; Distributed by: American Sales Company, 4201 Walden Avenue, Lancaster, NY  14086        ","21,356 boxes","Superpotent Drug: Out Of Specification (OOS) result for Assay.  ","07/28/2015","10/15/2015","10/28/2016","10/21/2015","Batch Numbers:  (a) 2617891, Exp 5/31/2016; 2600127, Exp 2/29/2016; 2544487, Exp 7/31/2015;   2610783, Exp 4/30/2016  (b) 2600127, Exp 2/29/2016; 2544487, Exp 7/31/2015; 2617891, Exp 5/31/2016; 2644272, Exp 9/30/2016"
"Drugs","No","","71973","Terminated","Ohm Laboratories, Inc.","1385 Livingston Ave","N/A","North Brunswick","NJ","	08902-1829","United States","Voluntary: Firm initiated","Letter","Nationwide.","D-0023-2016","Class III","CVS Pharmacy, Original Prescription Strength, LORATADINE ORALLY DISINTEGRATING TABLETS, USP, 10 mg, packaged in a) 10-count tablets per box, Item  876239, UPC 0 50428 61152 4, and b) 30-count tablets per box, Item 367404, UPC 0 50428 11367 7, Distributed by: CVS Pharmacy, Inc. One CVS Drive, Woonsocket, RI  02895        ","291,312 boxes","Superpotent Drug: Out Of Specification (OOS) result for Assay.  ","07/28/2015","10/15/2015","10/28/2016","10/21/2015","Batch Numbers:     a) 2644273, 2644265, Exp 9/30/2016; 2617891, 2617892, 2617893, Exp 5/31/2016; 2625093, 6/30/2016; 2544488, 7/31/2016; 2600125, 2600126, 2600127, Exp 2/29/2016; 2610783, Exp 4/30/2016    b) 2600128, Exp 2/29/2016; 2544487, Exp 7/31/2016; 2617893, Exp 5/31/2016; 2644265, Exp 9/30/2016; 2644272, Exp 9/30/2016; 2658138, Exp 11/30/2016"
"Drugs","No","","71973","Terminated","Ohm Laboratories, Inc.","1385 Livingston Ave","N/A","North Brunswick","NJ","	08902-1829","United States","Voluntary: Firm initiated","Letter","Nationwide.","D-0024-2016","Class III","Discount Drug Mart Food Fair, Original Prescription Strength, Loratadine Orally Disintegrating Tablets, USP, 10 mg, 30-count tablets per box,  Distributed by: Drug Mart-Food Fair, Medina, OH  44256, UPC 0 93351 12101 2.        ","4,176 units","Superpotent Drug: Out Of Specification (OOS) result for Assay.  ","07/28/2015","10/15/2015","10/28/2016","10/21/2015","Batch Numbers:  2617892, Exp 5/31/2016"
"Drugs","No","","71973","Terminated","Ohm Laboratories, Inc.","1385 Livingston Ave","N/A","North Brunswick","NJ","	08902-1829","United States","Voluntary: Firm initiated","Letter","Nationwide.","D-0025-2016","Class III","Equaline Original Prescription Strength, loratadine orally disintegrating tablets, USP, 10 mg, packaged in a) 10-count tablets per box, NDC 41163-528-69, UPC 0 4116347138 2; and b) 30-count tablets per box, NDC 41163-528-31, UPC 0 4116346654 8; Distributed by: Supervalu Inc. Eden Prarie, MN  55344 USA        ","43,344 boxes","Superpotent Drug: Out Of Specification (OOS) result for Assay.  ","07/28/2015","10/15/2015","10/28/2016","10/21/2015","Batch Numbers:   a) 2617892, Exp 5/31/2016; 2625092, Exp 6/30/2016; 2544486, 2544488, Exp 7/31/2016; 2600127, Exp 2/29/2016; 2644265, Exp 9/30/2016    b) 2544486, 2544488, Exp 7/31/2016; 2600127, Exp 2/29/2016; 2644265, Exp 9/30/2016"
"Drugs","No","","71973","Terminated","Ohm Laboratories, Inc.","1385 Livingston Ave","N/A","North Brunswick","NJ","	08902-1829","United States","Voluntary: Firm initiated","Letter","Nationwide.","D-0026-2016","Class III","Fred's Loratadine Orally Disintegrating Tablets, USP, 10 mg, 30-counts tablets per box, Distributed by: fred's, Inc., 4300 New Getwell Road, Memphis, TN  38118, UPC 0 8457912198 4.    ","12,960 boxes","Superpotent Drug: Out Of Specification (OOS) result for Assay.  ","07/28/2015","10/15/2015","10/28/2016","10/21/2015","Batch Numbers:  2544486, 2544487, Exp 7/31/2016; 2600127, Exp 2/29/2016; 2658140, Exp 11/30/2016"
"Drugs","No","","71973","Terminated","Ohm Laboratories, Inc.","1385 Livingston Ave","N/A","North Brunswick","NJ","	08902-1829","United States","Voluntary: Firm initiated","Letter","Nationwide.","D-0027-2016","Class III","Good Neighbor Pharmacy Loratadine Orally Disintegrating Tablets, USP, 10 mg, packaged in a) For kids 10-count tablets per box, NDC 24385-0161-52, ABC # 042-226, UPC 0 8770140650 8; b) For adults 10-count tablets, NDC 46122-0140-52, ABC# 059-535, UPC 0877014065546, Distributed by: AmerisourceBergen, 1300 Morris Drive, Chesterbrook, PA  19087","N/A","Superpotent Drug: Out Of Specification (OOS) result for Assay.  ","07/28/2015","10/15/2015","10/28/2016","10/21/2015","Batch Numbers:    a) 2625092, Exp 6/30/2016; 2610783, Exp 4/30/2016  b) 2625093, Exp 6/30/2016, 2610783, Exp 4/30/2016"
"Drugs","No","","71973","Terminated","Ohm Laboratories, Inc.","1385 Livingston Ave","N/A","North Brunswick","NJ","	08902-1829","United States","Voluntary: Firm initiated","Letter","Nationwide.","D-0028-2016","Class III","Health Mart Pharmacy loratadine orally disintegrating tablets, USP, 10 mg, 10-count tablets per box, Distributed by: McKesson, One Post Street, San Francisco, CA  94104, NDC 62011-0073-1, UPC 0 5256913369 9","35,712 boxes","Superpotent Drug: Out Of Specification (OOS) result for Assay.  ","07/28/2015","10/15/2015","10/28/2016","10/21/2015","Batch Numbers:  2544488, Exp, 7/31/2016;  2617892, Exp 5/31/2016;  2625092, Exp 6/30/2016"
"Drugs","No","","71973","Terminated","Ohm Laboratories, Inc.","1385 Livingston Ave","N/A","North Brunswick","NJ","	08902-1829","United States","Voluntary: Firm initiated","Letter","Nationwide.","D-0029-2016","Class III","HEB Loratadine Orally Disintegrating Tablets, USP, 10 mg, 10-count tablets per box, Made with pride & care for HEB, San Antonio, TX 78204, Item code: 188330, UPC 0 4122081968 3","25,488 boxes","Superpotent Drug: Out Of Specification (OOS) result for Assay.  ","07/28/2015","10/15/2015","10/28/2016","10/21/2015","Batch Numbers:  2544486, Exp 7/31/2016; 2600127, Exp 2/29/2016; 2617891, Exp 5/31/2016;  2644265, Exp 9/30/2016"
"Drugs","No","","71973","Terminated","Ohm Laboratories, Inc.","1385 Livingston Ave","N/A","North Brunswick","NJ","	08902-1829","United States","Voluntary: Firm initiated","Letter","Nationwide.","D-0030-2016","Class III","Leader Loratadine Orally Disintegrating Tablets, USP, 10 mg, 30-count tablets per box, Distributed by Cardinal Health, Dublin, OH  43017, NDC 37205-745-65, UPC 0 9629512322 7","9,624 boxes","Superpotent Drug: Out Of Specification (OOS) result for Assay.  ","07/28/2015","10/15/2015","10/28/2016","10/21/2015","Batch Numbers:  2617891, Exp 5/31/2016; 2625092, Exp 6/30/2016"
"Drugs","No","","71973","Terminated","Ohm Laboratories, Inc.","1385 Livingston Ave","N/A","North Brunswick","NJ","	08902-1829","United States","Voluntary: Firm initiated","Letter","Nationwide.","D-0031-2016","Class III","Major loratadine orally disintegrating tablets, USP, 10 mg, 10-count tablets per box,  Distributed by Major Pharmaceuticals 31778 Enterprise Drive, Livonia, MI 48150, USA, NDC 0904-5806-15, UPC 3 0904580615 9","29,360 boxes","Superpotent Drug: Out Of Specification (OOS) result for Assay.  ","07/28/2015","10/15/2015","10/28/2016","10/21/2015","Batch Numbers:  2644265, Exp 9/30/2016;  2658140, Exp 11/30/2016;  2625092, 2617891, Exp 5/31/2016; 2600127,  Exp 2/29/2016; 2544488, 2544486, Exp 7/31/2016"
"Drugs","No","","71973","Terminated","Ohm Laboratories, Inc.","1385 Livingston Ave","N/A","North Brunswick","NJ","	08902-1829","United States","Voluntary: Firm initiated","Letter","Nationwide.","D-0032-2016","Class III","Ohm Loratadine Orally Disintegrating Tablets, USP, 10 mg, 30-count tablets, Distributed by Ohm Laboratories, Inc. 1385 Livingston Avenue, North Brunswick, NJ 08902, NDC 51660-527-31, UPC 3 5166052731 5  ","311 boxes","Superpotent Drug: Out Of Specification (OOS) result for Assay.  ","07/28/2015","10/15/2015","10/28/2016","10/21/2015","Batch Numbers: 2544486, Exp 7/31/2016; 2617891, Exp 5/31/2016;  2644272, Exp 9/30/2016"
"Drugs","No","","71973","Terminated","Ohm Laboratories, Inc.","1385 Livingston Ave","N/A","North Brunswick","NJ","	08902-1829","United States","Voluntary: Firm initiated","Letter","Nationwide.","D-0033-2016","Class III","Premier Value Loratadine Orally Disintegrating Tablets, USP, 10 mg, 30-count tablets per box; Distributed by Chain Drug Consortium, 3301 NW Boca Raton Blvd. Suite 101, Boca Raton, FL 33431, NDC 68016-527-31, UPC 8 4098601899 2","11,232 boxes","Superpotent Drug: Out Of Specification (OOS) result for Assay.  ","07/28/2015","10/15/2015","10/28/2016","10/21/2015","Batch Numbers:  2600126, Exp 2/29/2016;  2644273, Exp 9/30/2016"
"Drugs","No","","71973","Terminated","Ohm Laboratories, Inc.","1385 Livingston Ave","N/A","North Brunswick","NJ","	08902-1829","United States","Voluntary: Firm initiated","Letter","Nationwide.","D-0034-2016","Class III","Safeway Care Loratadine Orally Disintegrating Tablets, USP, 10 mg, packaged in a) 10-count tablets per box (NDC 21130-527-69, UPC 3 2113076240 9); b)  30-count tablets per box (NDC 21130-527-31, UPC 3 2113076252 2) Distributed by Safeway Inc. PO BOX 99, Pleasanton, CA  94566","33,984 boxes","Superpotent Drug: Out Of Specification (OOS) result for Assay.  ","07/28/2015","10/15/2015","10/28/2016","10/21/2015","Batch Numbers:    a) 2658140, Exp 11/30/2016;  2625092, Exp  6/30/2016; 2617893, Exp 5/31/2016; b) 2625092, Exp  6/30/2016; 2617893, Exp 5/31/2016; 2644265, Exp 9/30/2016"
"Drugs","No","","71973","Terminated","Ohm Laboratories, Inc.","1385 Livingston Ave","N/A","North Brunswick","NJ","	08902-1829","United States","Voluntary: Firm initiated","Letter","Nationwide.","D-0035-2016","Class III","TopCare LORATIDINE ORALLY DISINTEGRATING TABLETS, , USP, 10 mg, packaged in a) Children's 10-count tablets per box (NDC 36800-528-69, UPC 0 3680010261 3); and b) 10-count tablets per box, (NDC 36800-527-69, UPC 0 3680008395 0); Distributed by Topco Associates, LLC, Elk Grove Village, IL  60007.","53,688 boxes","Superpotent Drug: Out Of Specification (OOS) result for Assay.  ","07/28/2015","10/15/2015","10/28/2016","10/21/2015","Batch Numbers: a) 2600127, Exp 2/29/2016; 2617892, Exp 5/31/2016; 2644265, 9/30/2016;  2625092, Exp, 6/30/2016; 2658140, Exp 11/30/2016.  b) 2617892, Exp 5/31/2016; 2610783, 4/30/2016; 2644272, Exp 9/30/2016"
"Drugs","No","","71973","Terminated","Ohm Laboratories, Inc.","1385 Livingston Ave","N/A","North Brunswick","NJ","	08902-1829","United States","Voluntary: Firm initiated","Letter","Nationwide.","D-0036-2016","Class III","Up&Up loratadine orally disintegrating tablets, USP, 10 mg, 30-count tablets per box,  Distributed by Target Corp, Minneapolis, MN  55403; NDC 11673-527-31, UPC 3 5166052731 5","34,488 boxes","Superpotent Drug: Out Of Specification (OOS) result for Assay.  ","07/28/2015","10/15/2015","10/28/2016","10/21/2015","Batch Numbers:  2617892, 2617893, Exp 5/31/2016; 2625092, 2625093, Exp 6/30/2016;  2658137, 2658138, Exp 11/30/2016"
"Drugs","No","","71973","Terminated","Ohm Laboratories, Inc.","1385 Livingston Ave","N/A","North Brunswick","NJ","	08902-1829","United States","Voluntary: Firm initiated","Letter","Nationwide.","D-0037-2016","Class III","Sunmark loratadine Orally Disintegrating Tablets, USP, 10 mg, packaged in a) 10-count tablets per box (NDC 49348-930-01, UPC 0 1093936544 6); and b)  30-count tablets per box (NDC 49348-930-44, UPC 0 1093934944 6) Distributed by McKesson, One Post Street, San Francisco, CA  94104","N/A","Superpotent Drug: Out Of Specification (OOS) result for Assay.  ","07/28/2015","10/15/2015","10/28/2016","10/21/2015","Batch Numbers:    (a) 2544488, Exp 7/31/2016; 26917891, Exp 5/31/2016.  (b) 2544488, Exp 7/31/2016; 2617893, Exp 5/31/2016; 2644273, Exp 9/30/2016"
"Drugs","No","","71973","Terminated","Ohm Laboratories, Inc.","1385 Livingston Ave","N/A","North Brunswick","NJ","	08902-1829","United States","Voluntary: Firm initiated","Letter","Nationwide.","D-0038-2016","Class III","Wal-itin Loratadine Orally Disintegrating Tablets, USP, 10 mg, packaged in a) 10-coiunt tablets per box, (NDC 0363-0527-69, ITEM 367492,UPC 3 1191717021 3); and b) 30-count tablets per box, (NDC 0363-0527-31, ITEM 254166, UPC 3 191715562 ) Distributed by Walgreen Co., 200 Wilmot Road, Deerfield, IL  60015","329,748 boxes","Superpotent Drug: Out Of Specification (OOS) result for Assay.  ","07/28/2015","10/15/2015","10/28/2016","10/21/2015","Batch Numbers:  a) 2625093, Exp 6/30/2016; 2617893, Exp 5/31/2016; 2658137, 2658140,  Exp 11/30/2016; 2644265, Exp 9/30/2016    b) 2544486, 2544487, 2544488, Exp 7/31/2016; 2600125, 2600126, 2600127, Exp  2/29/2016; 2644272, 2644273, 2644265, Exp 9/30/2016; 2625092, 2625093, Exp 6/30/2016; 2658137, 2658138, 2658140  Exp 11/30/2016; 2610783, Exp 4/30/2016;   2617891, Exp 5/31/2016."
"Drugs","No","","72069","Terminated","Bestco, Inc.","288 Mazeppa Rd","N/A","Mooresville","NC","	28115-7928","United States","Voluntary: Firm initiated","E-Mail","U.S. Nationwide","D-1419-2015","Class III","CVS SUGAR FREE BLACK CHERRY COUGH DROPS (MENTHOL-COUGH SUPPRESSANT), Packaged in a) 25 Drop Bags (UPC: 050428 448526) and b) 36 drop bags (UPC: 050428 476581), Over the Counter. Distributed by: CVS Pharmacy, Inc., One CVS Drive Woonsocket, RI 02895.","a) 149,856 Bags; b) 19,200 Bags.","Presence of Foreign Tablets/Capsules: Presence of comingled Sugar Free Honey Lemon cough drops.","07/02/2015","09/09/2015","06/13/2017","09/16/2015","a) Lot #: 50122U3, Expiry: 01/2017; Lot #: 50122U1, Expiry: 01/2017; and b) Lot #: 50122U2, Expiry: 01/2017."
"Drugs","No","","72060","Terminated","Baxter Healthcare Corporation","Road #144, #250","N/A","Jayuya","PR","	00664-1503","United States","Voluntary: Firm initiated","Letter","Nationwide and Puerto Rico","D-1816-2015","Class II","0.9% Sodium Chloride Injection, USP, 100 mL MINI-BAG VIAFLEX Container, Single Dose Container, Rx Only, Baxter Healthcare Corporation, Deerfield, IL 60015, USA, NDC 0338-0049-38","139,104 Bags","Lack of Assurance of Sterility: Recalling firm reported a complaint for mold on the interior surface of the overpouch.","09/02/2015","09/18/2015","09/15/2016","09/30/2015","Lot #: P329821, Exp 08/31/2016"
"Drugs","No","","72072","Ongoing","Hospira, Inc.","600 N Field Dr Bldg J45","N/A","Lake Forest","IL","	60045","United States","Voluntary: Firm initiated","Letter","Nationwide","D-1815-2015","Class II","1% Lidocaine HCl Injection, USP, 10 mg/mL, 30 mL Vial, Single-dose Preservative Free, Rx only, Hospira, Inc., Lake Forest, IL 60045, USA, NDC 0409-4279-02","100,200 Vials","Presence of Particulate Matter: particulate matter identified as iron oxide, was found embedded in the neck of glass vials.","08/25/2015","09/18/2015","N/A","09/30/2015","Lot #: 44-359-DK, Exp 08/01/2016"
"Drugs","No","","72089","Terminated","Guthy-Renker LLC","41550 Eclectic St","N/A","Palm Desert","CA","	92260-1967","United States","Voluntary: Firm initiated","Letter","U.S. Nationwide including Puerto Rico and Guam; Canada.","D-0001-2016","Class III","Rodan & Fields Proactiv Solution, Sheer Finish Compact Foundation, salicylic acid acne treatment, FAIR, 7 g/0.25 OZ. Compacts, Over the Counter. Manufactured for Guthy-Renker  Palm Desert, CA 92250.","9,960 Compacts","Subpotent Drug: Salicylic acid is subpotent.","05/07/2012","10/01/2015","10/02/2015","10/07/2015","Lot #: N0362A, Expiry: 12/12; Lot #:  N0363A, Expiry: 12/12; Lot #: N1264A, Expiry: 09/13; Lot #:  N1265A; Expiry: 09/13."
"Drugs","No","","72089","Terminated","Guthy-Renker LLC","41550 Eclectic St","N/A","Palm Desert","CA","	92260-1967","United States","Voluntary: Firm initiated","Letter","U.S. Nationwide including Puerto Rico and Guam; Canada.","D-0002-2016","Class III","Rodan & Fields Proactiv Solution, Sheer Finish Compact Foundation, salicylic acid acne treatment, LIGHT, 7 g/0.25 OZ. Compacts, Over the Counter. Manufactured for Guthy-Renker  Palm Desert, CA 92250.","29,341 Compacts","Subpotent Drug: Salicylic acid is subpotent.","05/07/2012","10/01/2015","10/02/2015","10/07/2015","Lot #: N0054A, Expiry: 02/12; Lot #: N0055A, Expiry: 02/12; Lot #: N0201A, Expiry: 07/12; Lot #: N0202A, Expiry: 07/12; Lot #: N0351A, Expiry: 12/12; Lot #: N0354A, 12/12; Lot #: N0355A, Expiry: 12/12;  Lot #: N1033A, Expiry: 02/13; Lot #:  N1046A, Expiry: 02/13; Lot #: N1108A, Expiry: 04/13; Lot #: N1291A, Expiry: 10/13; Lot #: N1319A, Expiry: 11/13; Lot #: N1320A, Expiry: 11/13."
"Drugs","No","","72089","Terminated","Guthy-Renker LLC","41550 Eclectic St","N/A","Palm Desert","CA","	92260-1967","United States","Voluntary: Firm initiated","Letter","U.S. Nationwide including Puerto Rico and Guam; Canada.","D-0003-2016","Class III","Rodan & Fields Proactiv Solution, Sheer Finish Compact Foundation, salicylic acid acne treatment, MEDIUM, 7 g/0.25 OZ. Compacts, Over the Counter. Manufactured for Guthy-Renker  Palm Desert, CA 92250.","5,025 Compacts","Subpotent Drug: Salicylic acid is subpotent.","05/07/2012","10/01/2015","10/02/2015","10/07/2015","Lot #: N0211A, Expiry: 07/12; Lot #: N0214A, Expiry: 08/12; Lot #: N0284A, Expiry: 10/12; Lot #: N0285A, Expiry: 10/12; Lot #: N0286A, Expiry: 10/12."
"Drugs","No","","72089","Terminated","Guthy-Renker LLC","41550 Eclectic St","N/A","Palm Desert","CA","	92260-1967","United States","Voluntary: Firm initiated","Letter","U.S. Nationwide including Puerto Rico and Guam; Canada.","D-0004-2016","Class III","Rodan & Fields Proactiv Solution, Sheer Finish Compact Foundation, salicylic acid acne treatment, TAN, 7 g/0.25 OZ. Compacts, Over the Counter. Manufactured for Guthy-Renker  Palm Desert, CA 92250.","4,526 Compacts","Subpotent Drug: Salicylic acid is subpotent.","05/07/2012","10/01/2015","10/02/2015","10/07/2015","Lot #: N0012A, Expiry: 01/12; Lot #: N0257A, Expiry: 09/12; Lot #: N0258A, Expiry: 09/12; Lot #: N0259A, Expiry: 09/12."
"Drugs","No","","72089","Terminated","Guthy-Renker LLC","41550 Eclectic St","N/A","Palm Desert","CA","	92260-1967","United States","Voluntary: Firm initiated","Letter","U.S. Nationwide including Puerto Rico and Guam; Canada.","D-0005-2016","Class III","Rodan & Fields Proactiv Solution, Sheer Finish Compact Foundation, salicylic acid acne treatment, DARK, 7 g/0.25 OZ. Compacts, Over the Counter. Manufactured for Guthy-Renker  Palm Desert, CA 92250.","2,537 Compacts","Subpotent Drug: Salicylic acid is subpotent.","05/07/2012","10/01/2015","10/02/2015","10/07/2015","Lot #: N0343A, Expiry: 12/12; Lot #: N0344A, Expiry: 12/12."
"Drugs","No","","71078","Terminated","South Coast Specialty Compounding, Inc.","9257 Research Dr","N/A","Irvine","CA","	92618-4286","United States","Voluntary: Firm initiated","Letter","Nationwide.","D-1408-2015","Class II","Estradiol, Estriol, Progesterone capsules, Rx only, Manufactured by Park Compounding, Irvine, CA  ","2,370 capsules (40 prescriptions)","Penicillin Cross Contamination: Multiple finished products potentially contaminated with penicillin.","04/23/2015","09/02/2015","05/31/2016","09/09/2015","All Lots, Exp 09/15"
"Drugs","No","","71078","Terminated","South Coast Specialty Compounding, Inc.","9257 Research Dr","N/A","Irvine","CA","	92618-4286","United States","Voluntary: Firm initiated","Letter","Nationwide.","D-1409-2015","Class II","Estradiol, Estriol capsules, Rx only, Manufactured by Park Compounding, Irvine, CA  ","540 capsules (11 prescriptions)","Penicillin Cross Contamination: Multiple finished products potentially contaminated with penicillin.","04/23/2015","09/02/2015","05/31/2016","09/09/2015","All Lots; Exp 09/15"
"Drugs","No","","71078","Terminated","South Coast Specialty Compounding, Inc.","9257 Research Dr","N/A","Irvine","CA","	92618-4286","United States","Voluntary: Firm initiated","Letter","Nationwide.","D-1410-2015","Class II","Bi-Est (estriol,estradiol), Progesterone, DHEA, Testosterone drops, Rx only, Manufactured by Park Compounding, Irvine, CA  ","5 prescriptions","Penicillin Cross Contamination: Multiple finished products potentially contaminated with penicillin.","04/23/2015","09/02/2015","05/31/2016","09/09/2015","Lot # 01152015@20,03032015@22, 03032015@22, 03092015@55,12052014@20; Exp 07/15"
"Drugs","No","","71078","Terminated","South Coast Specialty Compounding, Inc.","9257 Research Dr","N/A","Irvine","CA","	92618-4286","United States","Voluntary: Firm initiated","Letter","Nationwide.","D-1411-2015","Class II","Estriol,Estradiol cream, Rx only, Manufactured by Park Compounding, Irvine, CA  ","61 prescriptions","Penicillin Cross Contamination: Multiple finished products potentially contaminated with penicillin.","04/23/2015","09/02/2015","05/31/2016","09/09/2015","Lot #:  01022015@46  01022015@50  01052015@23  01072015@38  01072015@39  01082015@36  01082015@9  01092015@26  01122015@40  01142015@11  01142015@16  01152015@44  01162015@31  01162015@38  01192015@35  01222015@17  01222015@19  01272015@38  02022015@30  02022015@30  02062015@35  02112015@30  02112015@30  02202015@3  02202015@3  10272014@39  10312014@14  10312014@36  11042014@29  11042014@39  11042014@52  11072014@38  11072014@38  11072014@38  11072014@38  11072014@7  11112014@4  11132014@29  11142014@17  11182014@45  11192014@31  11202014@49  11242014@44  11252014@59  11252014@59  11252014@59  11252014@59  11252014@59  11252014@59  11282014@14  12012014@21  12012014@22  12022014@20  12022014@38  12092014@5  12092014@56  12092014@66  12112014@22  12152014@28  12152014@44  12152014@56  12162014@30  12172014@23  12172014@36  12222014@6  12232014@57  12242014@15  12262014@11  12262014@11  12262014@24  12312014@23    Exp. 07/15"
"Drugs","No","","71078","Terminated","South Coast Specialty Compounding, Inc.","9257 Research Dr","N/A","Irvine","CA","	92618-4286","United States","Voluntary: Firm initiated","Letter","Nationwide.","D-1412-2015","Class II","Bi-Est (estriol,estradiol) Testosterone cream, Rx only, Manufactured by Park Compounding, Irvine, CA  ","211 presciptions","Penicillin Cross Contamination: Multiple finished products potentially contaminated with penicillin.","04/23/2015","09/02/2015","05/31/2016","09/09/2015","Lot #:    01022015@18  01022015@26  01052015@34  01052015@39  01052015@57  01062015@52  01082015@29  01082015@57  01082015@60  01092015@23  01092015@26  01092015@27  01092015@28  01092015@29  01092015@31  01092015@43  01092015@44  01092015@45  01122015@42  01122015@63  01132015@35  01132015@36  01132015@37  01132015@44  01132015@52  01142015@50  01152015@20  01152015@31  01162015@14  01162015@5  01162015@60  01162015@8  01192015@28  01192015@32  01192015@53  01202015@19  01202015@29  01202015@33  01202015@34  01202015@36  01212015@38  01232015@13  01232015@19  01232015@30  01232015@48  01262015@26  01262015@32  01262015@34  01262015@36  01262015@42  01272015@2  01272015@33  01272015@4  01282015@5  02032015@41  02032015@41  02032015@41  02162015@62  02162015@62  02182015@47  02242015@26  03032015@22  03032015@22  03032015@22  03042015@41  03062015@31  03062015@61  03092015@55  10272014@19  10272014@29  10272014@43  10282014@11  10282014@49  10292014@15  10292014@31  10292014@32  10312014@13  10312014@27  11032014@34  11032014@38  11032014@64  11032014@75  11042014@27  11042014@32  11052014@25  11052014@4  11052014@43  11052014@44  11052014@46  11052014@50  11062014@3  11072014@15  11072014@20  11072014@35  11102014@34  11102014@52  11112014@1  11112014@51  11122014@1  11122014@3  11122014@37  11122014@44  11122014@45  11122014@53  11122014@55  11132014@58  11142014@35  11142014@36  11172014@10  11172014@33  11182014@15  11182014@3  11182014@6  11192014@8  11202014@36  11202014@43  11202014@50  11202014@53  11202014@9  11212014@17  11212014@27  11242014@26  11242014@28  11242014@58  11252014@26  11252014@33  11252014@37  11252014@4  11252014@50  11262014@61  11282014@2  11282014@31  11282014@35  12012014@20  12012014@22  12022014@9  12032014@19  12032014@39  12042014@3  12052014@23  12052014@31  12052014@33  12052014@9  12082014@22  12082014@31  12082014@46  12092014@72  12102014@2  12102014@4  12102014@56  12112014@47  12112014@50  12122014@6  12152014@23  12152014@29  12152014@45  12152014@46  12152014@53  12152014@67  12162014@24  12162014@29  12162014@4  12162014@44  12172014@10  12172014@30  12172014@37  12182014@14  12182014@2  12182014@5  12192014@11  12192014@17  12192014@29  12222014@36  12222014@47  12232014@26  12232014@29  12232014@31  12232014@32  12232014@41  12232014@48  12232014@5  12232014@51  12232014@56  12242014@18  12242014@26  12262014@19  12262014@4  12292014@26  12292014@56  12302014@21  12302014@46  12312014@14  12312014@2  12312014@20    Exp. 07/15"
"Drugs","No","","71078","Terminated","South Coast Specialty Compounding, Inc.","9257 Research Dr","N/A","Irvine","CA","	92618-4286","United States","Voluntary: Firm initiated","Letter","Nationwide.","D-1413-2015","Class II","Estradiol cream, Rx only, Manufactured by Park Compounding, Irvine, CA  ","24 prescriptions","Penicillin Cross Contamination: Multiple finished products potentially contaminated with penicillin.","04/23/2015","09/02/2015","05/31/2016","09/09/2015","Lot #   01022015@21  01022015@41  01052015@61  01122015@36  01162015@62  01162015@64  01202015@51  01212015@28  10272014@18  11032014@50  11132014@26  11142014@25  11242014@46  11242014@9  12032014@20  12052014@18  12122014@21  12152014@35  12152014@57  12162014@32  12172014@12  12182014@6  12222014@51  12302014@22    Exp. 07/15"
"Drugs","No","","71078","Terminated","South Coast Specialty Compounding, Inc.","9257 Research Dr","N/A","Irvine","CA","	92618-4286","United States","Voluntary: Firm initiated","Letter","Nationwide.","D-1414-2015","Class II","Bi-Est (estriol,estradiol), Progesterone, Testosterone cream, Rx only, Manufactured by Park Compounding, Irvine, CA  ","36 prescriptions","Penicillin Cross Contamination: Multiple finished products potentially contaminated with penicillin.","04/23/2015","09/02/2015","05/31/2016","09/09/2015","Lot #:  01022015@18  01132015@36  01132015@44  01142015@39  01152015@20  01222015@36  01232015@30  01272015@2  01282015@5  03102015@21  03122015@50  03122015@50  10312014@27  11052014@4  11062014@3  11072014@20  11102014@1  11112014@35  11122014@15  11122014@45  11132014@58  11142014@35  11252014@50  11282014@2  12032014@39  12082014@31  12102014@4  12152014@32  12162014@4  12172014@10  12192014@17  12192014@29  12232014@56  12242014@26  12262014@19  12312014@2    Exp. 07/15"
"Drugs","No","","71078","Terminated","South Coast Specialty Compounding, Inc.","9257 Research Dr","N/A","Irvine","CA","	92618-4286","United States","Voluntary: Firm initiated","Letter","Nationwide.","D-1415-2015","Class II","Bi-Est (estriol,estradiol), Progesterone Vaginal Suppository, Rx only, Manufactured by Park Compounding, Irvine, CA  ","24 suppositories (24 prescriptions)","Penicillin Cross Contamination: Multiple finished products potentially contaminated with penicillin.","04/23/2015","09/02/2015","05/31/2016","09/09/2015","Lot #:  01052015@12  01132015@2  01132015@36  01132015@37  01152015@4  01162015@66  01202015@34  02112015@11  02112015@11  02252015@34  10312014@13  11042014@42  11052014@46  11072014@21  11122014@43  11122014@45  11182014@15  11192014@41  11242014@29  11262014@14  12022014@13  12102014@4  12192014@40  12222014@18    Exp. 07/15"
"Drugs","No","","72099","Terminated","Nephron Pharmaceuticals Corp.","4121 SW 34th St","N/A","Orlando","FL","	32811-6475","United States","Voluntary: Firm initiated","E-Mail","Nationwide","D-0010-2016","Class II","Ipratropium Bromide 0.5 mg and Albuterol Sulfate 3 mg Inhalation Solution, packaged in 30x3 mL Sterile Unit-Dose Vials, a) 30 count (NDC 0487-0201-03) and b) 60 count (NDC 0487-0201-60) vials per carton, Rx only, Nephron Pharmaceutical Corporation, Orlando, FL","a) 85,248 cartons and b) 35,292 cartons","Lack of Assurance of Sterility; potential exposure to non-sterile lubricant during the filling process","08/21/2015","10/09/2015","02/10/2017","10/21/2015","a) Lot D4E20A, exp 3/2016 and b) Lot D4C21A, exp 3/2016"
"Drugs","No","","72101","Terminated","Eagle Pharmacy, Inc.","2200 Riverchase Ctr Ste 675","N/A","Hoover","AL","	35244-2918","United States","Voluntary: Firm initiated","Telephone","TN, AL","D-1832-2015","Class II","LIPO B STERILE INJECTION 10 mL ( Methionine 25 mg, Inositol 50 mg, Choline Chloride 50 mg, Pyridoxine Hydrochloride 5 mg, Methylcobalamin 0.1mg, Benzyl Alcohol, Sterile Water, Sodium Hydroxide, Hydrochloric Acid), Multidose vial,  Rx Only,  Compounded by Eagle Pharmacy, Birmingham, AL 35244","104 vials","Subpotent Drug: trace amounts of methylcobalamin in compounded drug.","08/28/2015","09/29/2015","11/30/2015","10/07/2015","Lot # 07072015LIPO; Exp. 12/15"
"Drugs","No","","72102","Terminated","Nephron Pharmaceuticals Corp.","4121 SW 34th St","N/A","Orlando","FL","	32811-6475","United States","Voluntary: Firm initiated","E-Mail","Nationwide","D-0388-2016","Class II","Asthmanefrin Racepinephrine Inhalation Solution Bronchodilator, Starter Kit (Racepinephrine 11.25 mg) 10 individual foil wrapped vials with 1 EZ Breathe Atomizer per carton, Manufactured By: nephron pharmaceuticals corporation, Orlando, FL --- NDC 0487-2784-10","47,754 cartons","Discoloration","08/21/2015","11/27/2015","02/10/2017","12/09/2015","Lots R4027A (Exp 10/31/2015), R4036A (Exp 12/31/2015)"
"Drugs","No","","72102","Terminated","Nephron Pharmaceuticals Corp.","4121 SW 34th St","N/A","Orlando","FL","	32811-6475","United States","Voluntary: Firm initiated","E-Mail","Nationwide","D-0389-2016","Class II","Asthmanefrin Racepinephrine Inhalation Solution Bronchodilator  Refills (Racepinephrine USP 11.25 mg), 30 individual foil wrapped vials per carton, Manufactured By: nephron pharmaceuticals corporation, Orlando, FL --- NDC 0487-2784-01","32,490 cartons","Discoloration","08/21/2015","11/27/2015","02/10/2017","12/09/2015","Lots R4016A (Exp 08/31/2015), R4017A (Exp 08/31/2015), R4035A (Exp 12/31/2015)"
"Drugs","No","","72111","Terminated","Oasis Medical, Inc.","514 S Vermont Ave Bldg 510-528","N/A","Glendora","CA","	91741-6205","United States","Voluntary: Firm initiated","Telephone","FL","D-1418-2015","Class III","ImproVue Ophthalmic Lubricant Drops (1.7% Hypromellose), 1 Single Use Syringe, 0.07 fl oz (2mL), 1 Single Use Applicator Tip per carton, Manufactured for OCULUS SURGICAL, Port St. Lucie, FL 34986, NDC 62144-5510-05","909 cartons","Falied pH specification","08/31/2015","09/09/2015","12/18/2015","09/16/2015","Lot # V0415F, Exp 10/16"
"Drugs","No","","72118","Terminated","Apotex Inc.","150 Signet Drive","N/A","Toronto","Ontario","	N/A","Canada","Voluntary: Firm initiated","Letter","Nationwide and Puerto Rico","D1834-2015","Class III","Verapamil Hydrochloride Extended-Release tablets, USP, 240 mg, 500-count bottles, Rx Only, Apotex Corp. Manufactured by Apotex Research Private Limited, Bangalore, Karnataka 560 099, India; Manufactured for: Apotex Corp., Weston, FL 33326. NDC 60505-2742-5.","2,075 bottles","Failed Dissolution Specification: One lot of product did not meet the first stage dissolution specification limits.","07/21/2015","09/30/2015","02/15/2017","10/07/2015","Lot #: KP2621, Exp 8/2015"
"Drugs","No","","72163","Terminated","Medistat RX L.L.C.","110 E Azalea Ave","N/A","Foley","AL","	36535-2540","United States","Voluntary: Firm initiated","Telephone","U.S. Nationwide","D-1833-2015","Class II","All Products Intended to be Sterile, mediStat Pharmacy, 110 East Azalea Ave., Foley, AL 36535, 844*737*2550.  An Incomplete List of Recalled Products Includes 1) All Cyanacobalamin Products, 2) All Magnesium Chloride Products, 3) All Lipostat (MIC B12) Products, 4) All Trimix (Papaverine/ Aloprostadil/ Phentolamine) Products, 5) All Testosterone Products, 6) All Dexamethasone Products, 7) All Levocarnitine Products, 8) All Hydroxyprogesterone Caproate Products, 9) All Triamcinolone Products, 10) All Betamethasone Sodium Phosphate Products, 11) All Methylprednisolone Acetate Products.","956,571 mL","Lack of Assurance of Sterility","09/10/2015","09/29/2015","08/30/2016","10/07/2015","All Lots Not Expired and Distributed Before 8/5/15."
"Drugs","No","","72172","Terminated","EMD Serono, Inc.","1 Technology Pl","N/A","Rockland","MA","	02370-1071","United States","Voluntary: Firm initiated","Letter","Nationwide","D-1813-2015","Class III","ClomiPHENE CITRATE Tablets, USP, 50 mg, 10-count (2 foil sealed plastic trays of 5 tablets each) per carton, Rx only, Manufactured In Israel By: TEVA PHARMACEUTICAL IND. LTD., Jerusalem, 91010, Israel; Manufactured For: TEVA PHARMACEUTICALS USA, Sellersville, PA  18960; NDC 0093-0041-03, UPC 3 0093-0041-03 7.","37,078 cartons","Chemical Contamination: impurity failure due to chemical contamination of the active ingredient.","09/10/2015","09/15/2015","02/13/2017","09/23/2015","Lot #: 233169, Exp 02/16"
"Drugs","No","","72174","Terminated","Noven Pharmaceuticals, Inc.","11960 SW 144th St","N/A","Miami","FL","	33186-6109","United States","Voluntary: Firm initiated","Two or more of the following: Email, Fax, Letter, Press Release, Telephone, Visit","US Nationwide","D-0008-2016","Class II","Daytrana (methylphenidate transdermal system), 30 mg over 9 Hour Patches (3.3 mg/hr), 30 Ct Carton, Rx Only, Manufactured for: Noven Therapies, LLC., Miami, FL 33186, by: Noven Pharmaceuticals, Inc., Miami, FL 33186. NDC: 68968-5555-3","125,250 Patches","Defective Delivery System: Out of specification for z-statistic related to mechanical peel force.","07/27/2015","10/06/2015","03/20/2019","10/14/2015","Lot #: 75983, Expiry: 11/15"
"Drugs","No","","72179","Terminated","US Compounding Inc","1270 Don's Lane","N/A","Conway","AR","	72032","United States","Voluntary: Firm initiated","Letter","Nationwide","D-0236-2016","Class II","ACETYLCYSTEINE 10% OPHTALMIC, 10 mL dropper bottle; For topical ophthalmic use, Rx.only, Compounded by US Compounding Pharmacy, Conway, Arkansas, 72032.","3 dropper bottles","Lack of Assurance of Sterility; The firm is recalling all sterile preparations that are within expiry due to deficient practices which may have an impact on sterility assurance.    ","09/12/2015","11/17/2015","03/30/2017","11/25/2015","Lot Numbers: 20150209@41 BUD: 10/2/2015, 20150909@2 BUD: 10/9/2015"
"Drugs","No","","72181","Terminated","Ferring Pharmaceuticals Inc","100 Interpace Pkwy","N/A","Parsippany","NJ","	07054-1149","United States","Voluntary: Firm initiated","Letter","Nationwide","D-0015-2016","Class III","Bravelle 75 IU (urofollitropin for injection, purified) For Subcutaneous or Intramuscular Injection Only, 1 Carton (contains 5 single dose vials of Bravelle, 5 single dose vials of 0.9% Sodium Chloride Inj., USP, 2 mL, and 5 Q-Cap Vial Adaptors) , Rx Only, Manufactured for: Ferring Pharmaceuticals, Inc. Parsippany, NJ 07054, By: Ferring Gmbh, Kiel Germany, NDC 55566-8505-6","32,341 vials","Subpotent Drug","09/09/2015","10/14/2015","11/18/2020","10/21/2015","Lot #'s: K11813A-1, K11813A-2, Exp 01/16; K11813B-1, K11813C-1, Exp 04/16; K13031A-1, K13031B-1, K13031B-2, Exp 05/16    additional lots added:    H14942A-1, H14941A-2. H18815A-1, H15815B-1, H15815SMA-1, H16998A-1, H16998SMA-1, K10008A-1, K10008A-2, K11813A-2, K11813B-1, K11813C-1, K13031A-1, K13031B-1, K13031B-2, K13503SMA-1, K13503A-1, K13503B-1, K13512A-1, K13512A-2, K1392A-1, K13921A-2, K13921B-1, K14616A-1, K14616A-2, K15917A-1, K15917SMA-1, K15917SMA-2, K17006AA, K18201AA, K18202AA, L10403AA, L10403AB, L10840AA, L10992AA"
"Drugs","No","","72199","Terminated","Pfizer Inc.","235 East 42nd Street","N/A","New York","NY","	10017-5703","United States","Voluntary: Firm initiated","Letter","Nationwide","D-0161-2016","Class II","Xanax (alprazolam) tablets, 0.25 mg, 100-count bottle, Rx only, Distributed by Pharmacia & Upjohn Co. Division of Pfizer Inc, NY, NY 10017, NDC 0009-0029-01","21,120 HDPE bottles","Subpotent Drug","09/24/2015","10/29/2015","05/08/2017","11/04/2015","Lot # C111054; Exp. 02/16"
"Drugs","No","","72214","Terminated","Valeant Pharmaceuticals North America LLC","400 Somerset Corporate Blvd","N/A","Bridgewater","NJ","	08807-2867","United States","Voluntary: Firm initiated","Letter","U.S. Nationwide","D-0163-2016","Class II","Fenoglide (fenofibrate) tablets, 120 mg Tablets, 90 Ct Bottle, Rx Only. Distributed by: Santarus, Inc. San Diego, CA 92130.  NDC: 68012-495-90.","3341 Bottles","Failed Dissolution Specifications: Failed 24 month dissolution testing.","09/04/2015","11/03/2015","03/14/2017","11/11/2015","Lot # 1300939, Expiry: March 2016."
"Drugs","No","","71535","Terminated","the Compounder","340 Marshall Ave Unit 100","N/A","Aurora","IL","	60506-5649","United States","Voluntary: Firm initiated","Telephone","Nationwide","D-0182-2016","Class II","BIEST 66/34: TESTOSTERONE : PROGESTERONE IN OLIVE OIL(Estradiol USP Micronized (ED)/Estriol USP Micronized (E3): Testosterone : Progesterone in Olive Oil)  3mg : 4 mg : 100 mg/mL suspension, Rx only, packaged in a 15 mL glass dropper bottle.  The Compounder, 340 Marshall Avenue Unit 100, Aurora, IL 60506.  ","3 (15mL) bottles","Recalled products were made using an active ingredient that was recalled by a supplier due to penicillin cross contamination.","03/10/2015","11/10/2015","05/19/2016","11/18/2015","Lot # 12192014:35@1, Exp 6/17/2015; Lot # 02202015:68@46, Exp 8/19/15"
"Drugs","No","","72233","Terminated","Bedford Pharmacy","209 Route 101","N/A","Bedford","NH","	03110-5440","United States","Voluntary: Firm initiated","Letter","NH, MA","D-0040-2016","Class II","Methylcobalamin (preservative Free) 1 mg/mL Injection, Bedford Pharmacy, 209 Route 101, Bedford, NH 03110, (603) 472-3919  ","1 vial","Lack of assurance of sterility","09/22/2015","10/15/2015","06/08/2016","10/21/2015","Lot #: 09102015@9, Exp 10/25/15"
"Drugs","No","","72234","Terminated","Boehringer Ingelheim Roxane Inc","1809 Wilson Rd","N/A","Columbus","OH","	43228-9579","United States","Voluntary: Firm initiated","N/A","Nationwide and Puerto Rico","D-0011-2016","Class III","FUROSEMIDE Tablets USP, 20 mg, 1000-count bottle, Rx only, Boehringer Ingelheim Roxane Laboratories, Roxane Laboratories, Inc., Columbus, OH 43216, NDC 0054-4297-31, UPC 3 0054-4297-31 8.","11,110 bottles","CGMP Deviations: The active pharmaceutical ingredient (API) intended for use in furosemide oral solution USP was inadvertently used to manufacture the recalled furosemide tablets USP.","09/25/2015","10/09/2015","02/19/2016","10/21/2015","Lot #: 559660P, 559661P, Exp 03/17"
"Drugs","No","","72234","Terminated","Boehringer Ingelheim Roxane Inc","1809 Wilson Rd","N/A","Columbus","OH","	43228-9579","United States","Voluntary: Firm initiated","N/A","Nationwide and Puerto Rico","D-0012-2016","Class III","FUROSEMIDE Tablets USP, 40 mg, 1000-count bottle, Rx only, Boehringer Ingelheim Roxane Laboratories, Roxane Laboratories, Inc., Columbus, OH 43216, NDC 0054-4299-31, UPC 3 0054-4299-31 2.","5,160 bottles","CGMP Deviations: The active pharmaceutical ingredient (API) intended for use in furosemide oral solution USP was inadvertently used to manufacture the recalled furosemide tablets USP.","09/25/2015","10/09/2015","02/19/2016","10/21/2015","Lot #: 559310P, Exp 02/17; 559664B, Exp 04/17"
"Drugs","No","","72233","Terminated","Bedford Pharmacy","209 Route 101","N/A","Bedford","NH","	03110-5440","United States","Voluntary: Firm initiated","Letter","NH, MA","D-0041-2016","Class II","P-P-P (COBAL) 30-1-20/mL, Injection, Bedford Pharmacy, 209 Route 101, Bedford, NH 03110, (603) 472-3919","4 vials","Lack of assurance of sterility","09/22/2015","10/15/2015","06/08/2016","10/21/2015","Lot #: 08132015@9, Exp 09/27/2015"
"Drugs","No","","72233","Terminated","Bedford Pharmacy","209 Route 101","N/A","Bedford","NH","	03110-5440","United States","Voluntary: Firm initiated","Letter","NH, MA","D-0042-2016","Class II","P-P (COBAL) 30-2 /mL, Injection, Bedford Pharmacy, 209 Route 101, Bedford, NH 03110, (603) 472-3919","4 vials","Lack of assurance of sterility","09/22/2015","10/15/2015","06/08/2016","10/21/2015","Lot #: 09012015@3, Exp 10/16/2015"
"Drugs","No","","72233","Terminated","Bedford Pharmacy","209 Route 101","N/A","Bedford","NH","	03110-5440","United States","Voluntary: Firm initiated","Letter","NH, MA","D-0043-2016","Class II","Methylcobalamin (Bacteriostatic) 1 mg/mL Injection, Bedford Pharmacy, 209 Route 101, Bedford, NH 03110, (603) 472-3919  ","1 vial","Lack of assurance of sterility","09/22/2015","10/15/2015","06/08/2016","10/21/2015","Lot #: 08132015@17, Exp 09/27/2015"
"Drugs","No","","72233","Terminated","Bedford Pharmacy","209 Route 101","N/A","Bedford","NH","	03110-5440","United States","Voluntary: Firm initiated","Letter","NH, MA","D-0044-2016","Class II","Hydroxocobalamin 20 mg/mL Injection, Bedford Pharmacy, 209 Route 101, Bedford, NH 03110, (603) 472-3919  ","1 vial","Lack of assurance of sterility","09/22/2015","10/15/2015","06/08/2016","10/21/2015","Lot #: 08042015@3, Exp 09/18/2015"
"Drugs","No","","72233","Terminated","Bedford Pharmacy","209 Route 101","N/A","Bedford","NH","	03110-5440","United States","Voluntary: Firm initiated","Letter","NH, MA","D-0045-2016","Class II","Acetylcysteine 10% Opthalmic Solution, Bedford Pharmacy, 209 Route 101, Bedford, NH 03110, (603) 472-3919  ","2 bottles","Lack of assurance of sterility","09/22/2015","10/15/2015","06/08/2016","10/21/2015","Lot #: 07232015@1, Exp 09/06/29015"
"Drugs","No","","72233","Terminated","Bedford Pharmacy","209 Route 101","N/A","Bedford","NH","	03110-5440","United States","Voluntary: Firm initiated","Letter","NH, MA","D-0046-2016","Class II","Testosterone Cypionate (Complete Formula) 100 mg/mL, Injection, Bedford Pharmacy, 209 Route 101, Bedford, NH 03110, (603) 472-3919   ","3 vials","Lack of assurance of sterility","09/22/2015","10/15/2015","06/08/2016","10/21/2015","Lot #:  09082015@12, Exp10/23/2015; 09032015@16, Exp 10/18/2015"
"Drugs","No","","71535","Terminated","the Compounder","340 Marshall Ave Unit 100","N/A","Aurora","IL","	60506-5649","United States","Voluntary: Firm initiated","Telephone","Nationwide","D-0183-2016","Class II","BIEST 80/20 : PROGEST : DHEA : TESTOST (Estriol USP Micronized (E3)/Estradiol (E2) Trit (Yellow): Progesterone USP: Dehydroepiandrosterone Micronized (DHEA): Testosterone Trit ) 2.5 : 25 : 2.5 : 0.1MG TROCHE, Rx only, The Compounder, 340 Marshall Avenue Unit 100, Aurora, IL 60506.  ","60 troches","Recalled products were made using an active ingredient that was recalled by a supplier due to penicillin cross contamination.","03/10/2015","11/10/2015","05/19/2016","11/18/2015","Lot # 12312014:91@6, Exp 3/31/2015"
"Drugs","No","","71535","Terminated","the Compounder","340 Marshall Ave Unit 100","N/A","Aurora","IL","	60506-5649","United States","Voluntary: Firm initiated","Telephone","Nationwide","D-0184-2016","Class II","BIEST CP 76/24: DHEA (Estriol USP Micronized (E3)/Estradiol (E2) Trit (Yellow) : Dehydroepiandrosterone Micronized (DHEA) 2.625 MG : 10 MG capsules, Rx only, The Compounder, 340 Marshall Avenue Unit 100, Aurora, IL 60506.  ","90 capsules","Recalled products were made using an active ingredient that was recalled by a supplier due to penicillin cross contamination.","03/10/2015","11/10/2015","05/19/2016","11/18/2015","Lot # 12312014:44@4, Exp 12/31/2015"
"Drugs","No","","71535","Terminated","the Compounder","340 Marshall Ave Unit 100","N/A","Aurora","IL","	60506-5649","United States","Voluntary: Firm initiated","Telephone","Nationwide","D-0185-2016","Class II","BIEST CP 80/20 (Estradiol (E2) Trit (Yellow)/Estriol USP Micronized (E3)) 1.25 MG capsules, Rx only, The Compounder, 340 Marshall Avenue Unit 100, Aurora, IL 60506.  ","240 capsules","Recalled products were made using an active ingredient that was recalled by a supplier due to penicillin cross contamination.","03/10/2015","11/10/2015","05/19/2016","11/18/2015","Lot # 02182015:78@22, Exp 2/18/2016; Lot # 02182015:98@23, Exp 2/18/2016"
"Drugs","No","","71535","Terminated","the Compounder","340 Marshall Ave Unit 100","N/A","Aurora","IL","	60506-5649","United States","Voluntary: Firm initiated","Telephone","Nationwide","D-0186-2016","Class II","BIEST CP 80/20 (Estradiol (E2) Trit (Yellow)/Estriol USP Micronized (E3)) 2.5 MG capsules, Rx only, The Compounder, 340 Marshall Avenue Unit 100, Aurora, IL 60506.  ","180 capsules","Recalled products were made using an active ingredient that was recalled by a supplier due to penicillin cross contamination.","03/10/2015","11/10/2015","05/19/2016","11/18/2015","Lot # 01162015:59@13, Exp 1/16/2016"
"Drugs","No","","71535","Terminated","the Compounder","340 Marshall Ave Unit 100","N/A","Aurora","IL","	60506-5649","United States","Voluntary: Firm initiated","Telephone","Nationwide","D-0187-2016","Class II","BIEST TD 50/50 (Estradiol USP Micronized (E2)/Estriol USP Micronized (E3)) W/V (weight /volume) 2.5 MG/ML transdermal cream, dispensed in 10 mL prefilled syringes, Rx only, The Compounder, 340 Marshall Avenue Unit 100, Aurora, IL 60506.  ","3 (10mL) syringes","Recalled products were made using an active ingredient that was recalled by a supplier due to penicillin cross contamination.","03/10/2015","11/10/2015","05/19/2016","11/18/2015","Lot # 01232015:03@14, Exp 4/23/2015"
"Drugs","No","","71535","Terminated","the Compounder","340 Marshall Ave Unit 100","N/A","Aurora","IL","	60506-5649","United States","Voluntary: Firm initiated","Telephone","Nationwide","D-0188-2016","Class II","BIEST TD 50/50 (Estradiol USP Micronized (E2)/Estriol USP Micronized (E3)) W/V (weight /volume) 4.0 MG/ML transdermal cream packaged in 3mL syringes, Rx only, The Compounder, 340 Marshall Avenue Unit 100, Aurora, IL 60506.  ","5 (3mL) syringes","Recalled products were made using an active ingredient that was recalled by a supplier due to penicillin cross contamination.","03/10/2015","11/10/2015","05/19/2016","11/18/2015","Lot # 12232014:11@21, Exp 6/21/2015"
"Drugs","No","","71535","Terminated","the Compounder","340 Marshall Ave Unit 100","N/A","Aurora","IL","	60506-5649","United States","Voluntary: Firm initiated","Telephone","Nationwide","D-0189-2016","Class II","BIEST TD 67/33 (Estradiol (E2) TRIT (YELLOW)/Estriol USP Micronized (E3)) W/V (weight /volume) 1.5 MG/ML Transdermal cream, dispensed in 3 mL prefilled, amber syringes, Rx only, The Compounder, 340 Marshall Avenue Unit 100, Aurora, IL 60506.  ","10 (3mL) syringes","Recalled products were made using an active ingredient that was recalled by a supplier due to penicillin cross contamination.","03/10/2015","11/10/2015","05/19/2016","11/18/2015","Lot # 03022015:71@18, Exp 8/29/2015"
"Drugs","No","","71535","Terminated","the Compounder","340 Marshall Ave Unit 100","N/A","Aurora","IL","	60506-5649","United States","Voluntary: Firm initiated","Telephone","Nationwide","D-0190-2016","Class II","BIEST TD 80/20 (Estradiol USP Micronized (E2)/Estriol USP Micronized (E3)) W/V (weight /volume) 8 MG/ML transdermal cream, dispensed in 3 mL prefilled, amber syringes, Rx only, The Compounder, 340 Marshall Avenue Unit 100, Aurora, IL 60506.    ","5 (3mL) syringes","Recalled products were made using an active ingredient that was recalled by a supplier due to penicillin cross contamination.","03/10/2015","11/10/2015","05/19/2016","11/18/2015","Lot # 01232015:75@4, Exp 7/22/2015"
"Drugs","No","","72240","Terminated","Midway Importing, Inc","1807 Brittmoore Rd","N/A","Houston","TX","	77043-2213","United States","Voluntary: Firm initiated","Letter","Nationwide","D-0013-2016","Class II","Sedalmex (Acetaminophen 500 mg with Caffeine 65 mg) Pain Reliever tablets, 20-count tablets in blisters per box, Manufactured in Mexico by: Merck, S.A. de C.V./, Imported & Distributed by Midway Importing, Inc., 1807 Brittmoore Rd, Houston, TX  77043, UPC: 1 88436 00017 4.","164,332 boxes","Cross Contamination With Other Products: Potential cross-contamination of cephalosporin.","09/22/2015","10/13/2015","08/02/2016","10/21/2015","Lot Numbers: M51196, M51197, M51198, Exp 01/17"
"Drugs","No","","71535","Terminated","the Compounder","340 Marshall Ave Unit 100","N/A","Aurora","IL","	60506-5649","United States","Voluntary: Firm initiated","Telephone","Nationwide","D-0191-2016","Class II","BIEST TD 80/20 (Estradiol USP Micronized (E2)/Estriol USP Micronized (E3)) W/V (weight /volume) 0.25 MG/ML Transdermal cream, dispensed in 10 mL prefilled, amber syringes, Rx only,   The Compounder, 340 Marshall Avenue Unit 100, Aurora, IL 60506.    ","6 (10mL) syringes","Recalled products were made using an active ingredient that was recalled by a supplier due to penicillin cross contamination.","03/10/2015","11/10/2015","05/19/2016","11/18/2015","Lot # 01262015:27@46, Exp 8/14/2015"
"Drugs","No","","71535","Terminated","the Compounder","340 Marshall Ave Unit 100","N/A","Aurora","IL","	60506-5649","United States","Voluntary: Firm initiated","Telephone","Nationwide","D-0192-2016","Class II","BIEST TD 80/20 (Estradiol USP Micronized (E2)/Estriol USP Micronized (E3)) W/V (weight /volume) 12.5 MG/ML 1.25MG/0.1ML Transdermal cream, dispensed in 1 mL prefilled, amber syringes,Rx only, The Compounder, 340 Marshall Avenue Unit 100, Aurora, IL 60506.    ","9 (1mL) syringes","Recalled products were made using an active ingredient that was recalled by a supplier due to penicillin cross contamination.","03/10/2015","11/10/2015","05/19/2016","11/18/2015","Lot # 01232015:17@35, Exp 8/11/2015"
"Drugs","No","","72246","Terminated","The Mentholatum Co.","707 Sterling Drive","N/A","Orchard Park","NY","	14127","United States","Voluntary: Firm initiated","Telephone","Nationwide through Walmart stores.","D-0018-2016","Class II","WellPatch¿ Capsaicin Pain Relief Patch, 0.025% Natural Capsaicin, External Analgesic, 4 Large Patches, Distributed by Consignor; The Mentholatum Company, Orchard Park, NY, Manufactured by Consignee; Mentholatum (China) Pharmaceuticals, Guangdong China --- NDC 10742-8126-2, UPC 31074201566","80,208 pouches","Labeling: Incorrect Instructions; The word  not  is missing from the following sentences ""do bandage tightly or cover with any type of wrap except clothing and ""do use with a heating pad or with other heat sources  in the Drug Facts panel ""Warning"" section","09/17/2015","10/14/2015","06/06/2018","10/21/2015","Lot numbers: EL016, EL 026, EL036, EL046, Expiration Date: 12/2016"
"Drugs","No","","71535","Terminated","the Compounder","340 Marshall Ave Unit 100","N/A","Aurora","IL","	60506-5649","United States","Voluntary: Firm initiated","Telephone","Nationwide","D-0193-2016","Class II","BIEST TD 80/20 (estradiol (E2) Trit (Yellow)/Estriol USP Micronized (E3))  W/V (weight/volume) 2.5MG/ML Transdermal cream, dispensed in a) 3 mL and b) 10 mL prefilled, amber syringes, Rx only, The Compounder, 340 Marshall Avenue Unit 100, Aurora, IL 60506.    ","30 (3mL) syringes,  9 (10mL) syringes","Recalled products were made using an active ingredient that was recalled by a supplier due to penicillin cross contamination.","03/10/2015","11/10/2015","05/19/2016","11/18/2015","a) Lot # 12162014:22@32, Exp 6/14/2015; Lot # 01122015:42@45, Exp 7/11/2015;  b) Lot # 01212015:65@5, Exp 7/20/2015"
"Drugs","No","","71535","Terminated","the Compounder","340 Marshall Ave Unit 100","N/A","Aurora","IL","	60506-5649","United States","Voluntary: Firm initiated","Telephone","Nationwide","D-0194-2016","Class II","BIEST TD 80/20 (Estradiol (E2) Trit (Yellow)/Estriol USP Micronized (E3))  W/V (weight/volume) 5 MG/ML Transdermal cream, dispensed in 10 mL prefilled, amber syringes, Rx only, The Compounder, 340 Marshall Avenue Unit 100, Aurora, IL 60506.    ","6 (10mL) syringes","Recalled products were made using an active ingredient that was recalled by a supplier due to penicillin cross contamination.","03/10/2015","11/10/2015","05/19/2016","11/18/2015","Lot # 02062015:50@2, Exp 8/25/2015"
"Drugs","No","","71535","Terminated","the Compounder","340 Marshall Ave Unit 100","N/A","Aurora","IL","	60506-5649","United States","Voluntary: Firm initiated","Telephone","Nationwide","D-0195-2016","Class II","BIEST TD 80/20  (Estriol USP Micronized (E3)/Estradiol (E2) Trit (Yellow)) W/V(weight/volume) [2977] 6.25MG/ML Transdermal cream, dispensed in 1 mL prefilled, amber syringes, Rx only, The Compounder, 340 Marshall Avenue Unit 100, Aurora, IL 60506.    ","36 (1 mL) syringes","Recalled products were made using an active ingredient that was recalled by a supplier due to penicillin cross contamination.","03/10/2015","11/10/2015","05/19/2016","11/18/2015","Lot # 12222014:95@21, Exp 6/20/2015"
"Drugs","No","","71535","Terminated","the Compounder","340 Marshall Ave Unit 100","N/A","Aurora","IL","	60506-5649","United States","Voluntary: Firm initiated","Telephone","Nationwide","D-0196-2016","Class II","BIEST TD 80/20 (Estradiol (E2) Trit (yellow) / Estriol USP Micronized (E3)): PROG (Progesterone USP Micronized) W/V  2.5MG:100MG/ML Transdermal cream, dispensed in 3 mL prefilled, amber syringes, Rx only,  The Compounder, 340 Marshall Avenue Unit 100, Aurora, IL 60506.  ","15 (3 mL) syringes","Recalled products were made using an active ingredient that was recalled by a supplier due to penicillin cross contamination.","03/10/2015","11/10/2015","05/19/2016","11/18/2015","Lot # 01132015:97@2, Exp 4/13/2015"
"Drugs","No","","71535","Terminated","the Compounder","340 Marshall Ave Unit 100","N/A","Aurora","IL","	60506-5649","United States","Voluntary: Firm initiated","Telephone","Nationwide","D-0197-2016","Class II","BIEST TD 80/20 (Estradiol (E2) Trit (Yellow)/Estriol USP Micronized (E3) : PROG (Progesterone USP Micronized): DHEA (Dehydroepiandrosterone Micronized) : TESTO  (Testosterone Trit) W/V (weight/volume) VERSABASE 2.5: 30 : 2.5 : 0.25 MG/MLTransdermal cream, dispensed in 10 mL prefilled, amber syringes, Rx only, The Compounder, 340 Marshall Avenue Unit 100, Aurora, IL 60506.    ","18 (10mL) syringes","Recalled products were made using an active ingredient that was recalled by a supplier due to penicillin cross contamination.","03/10/2015","11/10/2015","05/19/2016","11/18/2015","Lot # 12112014:43@19, Exp 6/9/2015"
"Drugs","No","","71535","Terminated","the Compounder","340 Marshall Ave Unit 100","N/A","Aurora","IL","	60506-5649","United States","Voluntary: Firm initiated","Telephone","Nationwide","D-0198-2016","Class II","BIEST TD 80/20 (Estradiol (E2) Trit (Yellow)/Estriol USP Micronized (E3) : PROG (Progesterone USP Micronized) : DHEA (Dehydroepiandrosterone Micronized) : TESTO (Testosterone Trit) W/V (weight/volume) VERSABASE 5.0 : 30 : 2.5 : 0.25 MG/ML Transdermal cream, dispensed in 10 mL prefilled, amber syringes, Rx only,   The Compounder, 340 Marshall Avenue Unit 100, Aurora, IL 60506.    ","26 (10mL) syringes","Recalled products were made using an active ingredient that was recalled by a supplier due to penicillin cross contamination.","03/10/2015","11/10/2015","05/19/2016","11/18/2015","Lot # 12172014:08@24, Exp 6/15/2015"
"Drugs","No","","71535","Terminated","the Compounder","340 Marshall Ave Unit 100","N/A","Aurora","IL","	60506-5649","United States","Voluntary: Firm initiated","Telephone","Nationwide","D-0199-2016","Class II","BIEST TD 80/20 (Estradiol (E2) Trit (Yellow)/Estriol USP Micronized (E3) : PROG (Progesterone USP Micronized) : DHEA (Dehydroepiandrosterone Micronized) : TESTO (Testosterone Trit) W/V (weight/volume) 2.5 : 20 : 1.25 : 0.25 MG/ML TRANSDERMAL (Cream)Transdermal cream, dispensed in 10 mL prefilled, amber syringes, Rx only, The Compounder, 340 Marshall Avenue Unit 100, Aurora, IL 60506.    ","6 (10mL) syringes","Recalled products were made using an active ingredient that was recalled by a supplier due to penicillin cross contamination.","03/10/2015","11/10/2015","05/19/2016","11/18/2015","Lot # 01132015:45@15, Exp 7/12/2015"
"Drugs","No","","71535","Terminated","the Compounder","340 Marshall Ave Unit 100","N/A","Aurora","IL","	60506-5649","United States","Voluntary: Firm initiated","Telephone","Nationwide","D-0200-2016","Class II","BIEST TD 80/20 (Estradiol (E2) Trit (Yellow)/Estriol USP Micronized (E3) : PROG (Progesterone USP Micronized) : DHEA (Dehydroepiandrosterone Micronized) : TESTO (Testosterone Trit) W/V (weight/volume) VERSABASE 3: 25: 1.25: 0.25 MG/ML Transdermal cream, dispensed in 10 mL prefilled, amber syringes, Rx only, The Compounder, 340 Marshall Avenue Unit 100, Aurora, IL 60506.    ","12 (10mL) syringes","Recalled products were made using an active ingredient that was recalled by a supplier due to penicillin cross contamination.","03/10/2015","11/10/2015","05/19/2016","11/18/2015","Lot # 01232015:29@51, Exp 7/22/2015"
"Drugs","No","","71535","Terminated","the Compounder","340 Marshall Ave Unit 100","N/A","Aurora","IL","	60506-5649","United States","Voluntary: Firm initiated","Telephone","Nationwide","D-0201-2016","Class II","BIEST TD 80/20 (Estradiol (E2) Trit (Yellow)/Estriol USP Micronized (E3) : PROG (Progesterone USP Micronized) : DHEA (Dehydroepiandrosterone Micronized) : TESTO (Testosterone Trit) W/V (weight/volume) VERSABASE 6.5 : 30: 1.25: 0.25  MG/ML Transdermal cream, dispensed in 10 mL prefilled, amber syringes, Rx only,  The Compounder, 340 Marshall Avenue Unit 100, Aurora, IL 60506.    ","12 (10mL) syringes","Recalled products were made using an active ingredient that was recalled by a supplier due to penicillin cross contamination.","03/10/2015","11/10/2015","05/19/2016","11/18/2015","Lot # 01232015:52@49, Exp 7/22/2015"
"Drugs","No","","71535","Terminated","the Compounder","340 Marshall Ave Unit 100","N/A","Aurora","IL","	60506-5649","United States","Voluntary: Firm initiated","Telephone","Nationwide","D-0202-2016","Class II","BIEST TD 80/20  (Estradiol (E2) Trit (Yellow)/Estriol USP Micronized (E3) : PROG (Progesterone USP Micronized) : DHEA (Dehydroepiandrosterone Micronized) IN VERSABASE W/V (weight/volume) 2.5 : 25 :1.25MG/ML Transdermal cream, dispensed in 10 mL prefilled, amber syringes, Rx only, The Compounder, 340 Marshall Avenue Unit 100, Aurora, IL 60506.    ","66 (10mL) syringes","Recalled products were made using an active ingredient that was recalled by a supplier due to penicillin cross contamination.","03/10/2015","11/10/2015","05/19/2016","11/18/2015","Lot # 02022015:66@40, Exp 8/1/2015;  Lot # 03022015:62@26, Exp 8/29/2015;   Lot # 03062015:66@10, Exp by 9/2/2015"
"Drugs","No","","71535","Terminated","the Compounder","340 Marshall Ave Unit 100","N/A","Aurora","IL","	60506-5649","United States","Voluntary: Firm initiated","Telephone","Nationwide","D-0203-2016","Class II","BIEST TD 80/20  (Estradiol (E2) Trit (Yellow)/Estriol USP Micronized (E3) : PROG (Progesterone USP Micronized) : DHEA (Dehydroepiandrosterone Micronized) IN VERSABASE W/V (weight/volume)  4 : 67.5 :10MG/ML Transdermal cream, dispensed in 10 mL prefilled, amber syringes, Rx only, The Compounder, 340 Marshall Avenue Unit 100, Aurora, IL 60506.    ","18 (10mL) syringes","Recalled products were made using an active ingredient that was recalled by a supplier due to penicillin cross contamination.","03/10/2015","11/10/2015","05/19/2016","11/18/2015","Lot # 02252015:80@18, Exp 8/24/2015"
"Drugs","No","","71806","Terminated","JD & SN Inc., dba Moses Lake Professional Pharmacy","1555 Pilgrim St","N/A","Moses Lake","WA","	98837-4623","United States","Voluntary: Firm initiated","Press Release","Nationwide","D-0056-2016","Class II","ALPROSTADIL/PROCAINE, Injectable Solution, 20 MCG/0.1%/ML, 10 mL vial, Rx only, JD & SN Inc, DBA Moses Lake Professional Pharmacy, 1555 S. Pilgrim St. Moses Lake WA  98837, (509)764-2314         ","150 vials","Lack of Assurance of Sterility; all sterile human compounded drugs within expiry","07/24/2015","10/27/2015","04/13/2016","11/04/2015","01122015@4, 02022015@2, 02102015@29, 02202015@14, 03302015@9, 04132015@7, 04222015@4, 05062015@6, 05132015@2, 05272015@11, 06032015@1, 06102015@6, 06222015@9, 06232014@2, 07082015@4, 07112014@22, 07292014@33, 08182014@8, 09022014@5, 09092014@27, 09172014@3, 10082014@3, 10272014@2, 11052014@2, 11262014@4, t03062015@44, t03242015@26, t06242015@8, t07182014@23, t11102014@21, and t12292014@19."
"Drugs","No","","71806","Terminated","JD & SN Inc., dba Moses Lake Professional Pharmacy","1555 Pilgrim St","N/A","Moses Lake","WA","	98837-4623","United States","Voluntary: Firm initiated","Press Release","Nationwide","D-0057-2016","Class II","ALPROSTADIL/PROCAINE, Injectable Solution, 40 MCG/0.1%/ML, 10 mL and 20 mL vials, Rx only, JD & SN Inc, DBA Moses Lake Professional Pharmacy, 1555 S. Pilgrim St. Moses Lake WA  98837, (509)764-2314","27 vials","Lack of Assurance of Sterility; all sterile human compounded drugs within expiry","07/24/2015","10/27/2015","04/13/2016","11/04/2015","t01212015@26, t01292015@12, t02062015@28, t02092015@14, t02182015@37, t03112015@21, t03302015@3, t05182015@26, t06012015@9, t06042015@31, t06102015@29, t06222015@36, t07062015@4, t07312014@30, t08052014@19, t10082014@18, t10132014@8, t10142014@11, t10232014@23, t11072014@7, t11112014@24, t11182014@13, t12152014@15, and t12162014@7."
"Drugs","No","","71535","Terminated","the Compounder","340 Marshall Ave Unit 100","N/A","Aurora","IL","	60506-5649","United States","Voluntary: Firm initiated","Telephone","Nationwide","D-0204-2016","Class II","BIEST TD 80/20 (Estradiol (E2) Trit (Yellow)/Estriol USP Micronized (E3) : PROG (Progesterone USP Micronized)  : TESTO (Testosterone USP) : DHEA  (Dehydroepiandrosterone Micronized) W/V (weight/volume) VERSABASE 2.5 : 17.5 : 1.25 :0.25MG/ML Transdermal cream, dispensed in 10 mL prefilled, amber syringes, Rx only,The Compounder, 340 Marshall Avenue Unit 100, Aurora, IL 60506.    ","12 (10mL) syringes","Recalled products were made using an active ingredient that was recalled by a supplier due to penicillin cross contamination.","03/10/2015","11/10/2015","05/19/2016","11/18/2015","Lot # 01152015:68@24, Exp 7/14/2015; and  Lot # 02192015:15@12, Exp 8/18/2015"
"Drugs","No","","71535","Terminated","the Compounder","340 Marshall Ave Unit 100","N/A","Aurora","IL","	60506-5649","United States","Voluntary: Firm initiated","Telephone","Nationwide","D-0205-2016","Class II","BIEST TD 80/20 (Estradiol (E2) Trit (Yellow)/Estriol USP Micronized (E3) : PROG (Progesterone USP Micronized) : TESTO (Testosterone USP) W/V  (weight/volume) 5.0 :20 :1 MG/ML Transdermal cream, dispensed in 5 mL prefilled, amber syringes, Rx only, The Compounder, 340 Marshall Avenue Unit 100, Aurora, IL 60506.    ","15 (5mL) syringes","Recalled products were made using an active ingredient that was recalled by a supplier due to penicillin cross contamination.","03/10/2015","11/10/2015","05/19/2016","11/18/2015","Lot # 01122015:21@8, Exp 7/11/2015;   Lot # 02092015:09@4, Exp 8/8/2015;   Lot # 03092015:66@35, Exp 9/5/2015"
"Drugs","No","","71535","Terminated","the Compounder","340 Marshall Ave Unit 100","N/A","Aurora","IL","	60506-5649","United States","Voluntary: Firm initiated","Telephone","Nationwide","D-0206-2016","Class II","BIEST TD 80/20 (Estradiol (E2) Trit (Yellow)/Estriol USP Micronized (E3) : PROG (Progesterone USP Micronized) : TESTO (Testosterone USP) W/V (weight/volume)  1.25:100:0.625 MG/ML Transdermal cream, dispensed in 10 mL prefilled, amber syringes, Rx only,The Compounder, 340 Marshall Avenue Unit 100, Aurora, IL 60506.    ","12 (10mL) syringes","Recalled products were made using an active ingredient that was recalled by a supplier due to penicillin cross contamination.","03/10/2015","11/10/2015","05/19/2016","11/18/2015","Lot # 01122015:25@6, Exp 7/11/2015;   Lot # 03042015:64@14, Exp 8/31/2015"
"Drugs","No","","71806","Terminated","JD & SN Inc., dba Moses Lake Professional Pharmacy","1555 Pilgrim St","N/A","Moses Lake","WA","	98837-4623","United States","Voluntary: Firm initiated","Press Release","Nationwide","D-0058-2016","Class II","B1/B2/B3/B5/B12/LIDOCAINE/ISOLEUCINE/METHIONINE/CHOLINE/INOSITOL, Injectable Solution, 50/5/50/5/1/10/25/8/17/17 MG/ML, 30 mL vial, Rx only, JD & SN Inc, DBA Moses Lake Professional Pharmacy, 1555 S. Pilgrim St. Moses Lake WA  98837, (509)764-2314         ","5 vials","Lack of Assurance of Sterility; all sterile human compounded drugs within expiry","07/24/2015","10/27/2015","04/13/2016","11/04/2015","t05122015@3"
"Drugs","No","","71806","Terminated","JD & SN Inc., dba Moses Lake Professional Pharmacy","1555 Pilgrim St","N/A","Moses Lake","WA","	98837-4623","United States","Voluntary: Firm initiated","Press Release","Nationwide","D-0059-2016","Class II","B1/B2/B5/B12/LIDOCAINE/ISOLEUCINE/METHIONINE/CHOLINE/INOSITOL, Injectable Solution, 50/5/5/1/10/25/8/17/17 MG/ML, 30 mM vial, Rx only, JD & SN Inc, DBA Moses Lake Professional Pharmacy, 1555 S. Pilgrim St. Moses Lake WA  98837, (509)764-2314         ","22 vials","Lack of Assurance of Sterility; all sterile human compounded drugs within expiry","07/24/2015","10/27/2015","04/13/2016","11/04/2015","t05212015@13, t06032015@22, t06102015@17, t06292015@19"
"Drugs","No","","71535","Terminated","the Compounder","340 Marshall Ave Unit 100","N/A","Aurora","IL","	60506-5649","United States","Voluntary: Firm initiated","Telephone","Nationwide","D-0207-2016","Class II","BIEST TD 80/20 (Estradiol (E2) Trit (Yellow)/Estriol USP Micronized (E3) : TESTO (Testosterone USP) W/V  (weight/volume) 1.0 :4.0 MG/ML Transdermal cream, dispensed in 3 mL prefilled, amber syringes, Rx only, The Compounder, 340 Marshall Avenue Unit 100, Aurora, IL 60506.    ","5 (3mL) syringes","Recalled products were made using an active ingredient that was recalled by a supplier due to penicillin cross contamination.","03/10/2015","11/10/2015","05/19/2016","11/18/2015","Lot # 01052015:78@27, Exp 7/4/2015"
"Drugs","No","","71806","Terminated","JD & SN Inc., dba Moses Lake Professional Pharmacy","1555 Pilgrim St","N/A","Moses Lake","WA","	98837-4623","United States","Voluntary: Firm initiated","Press Release","Nationwide","D-0060-2016","Class II","CALM ME VITAMIN COCKTAIL, MAGNESIUM, COMPOUNDED B COMPLEX,  Injectable Solution, 30 mL vial, Rx only, JD & SN Inc, DBA Moses Lake Professional Pharmacy, 1555 S. Pilgrim St. Moses Lake WA  98837, (509)764-2314    ","4 vials","Lack of Assurance of Sterility; all sterile human compounded drugs within expiry","07/24/2015","10/27/2015","04/13/2016","11/04/2015","t06112015@21, t06172015@43, t07062015@30"
"Drugs","No","","71806","Terminated","JD & SN Inc., dba Moses Lake Professional Pharmacy","1555 Pilgrim St","N/A","Moses Lake","WA","	98837-4623","United States","Voluntary: Firm initiated","Press Release","Nationwide","D-0061-2016","Class II","CHORIONIC GONADOTROPIN, Injectable Solution, 4000 UNITS/ mL, 8 mL vial, Rx only, JD & SN Inc, DBA Moses Lake Professional Pharmacy, 1555 S. Pilgrim St. Moses Lake WA  98837, (509)764-2314","9 vials","Lack of Assurance of Sterility; all sterile human compounded drugs within expiry","07/24/2015","10/27/2015","04/13/2016","11/04/2015","t05062015@33, t08212014@16, t02032015@14"
"Drugs","No","","71806","Terminated","JD & SN Inc., dba Moses Lake Professional Pharmacy","1555 Pilgrim St","N/A","Moses Lake","WA","	98837-4623","United States","Voluntary: Firm initiated","Press Release","Nationwide","D-0062-2016","Class II","CHORIONIC GONADOTROPIN, Injectable Solution, 1000 UNITS/0.1 mL, 1 mL vial, Rx only, JD & SN Inc, DBA Moses Lake Professional Pharmacy, 1555 S. Pilgrim St. Moses Lake WA  98837, (509)764-2314","95 vials","Lack of Assurance of Sterility; all sterile human compounded drugs within expiry","07/24/2015","10/27/2015","04/13/2016","11/04/2015","t12172014@5, t12162014@23, t09102014@8, t05272015@14, t05222015@20, t03202015@23, t03062015@32, and t02122015@14."
"Drugs","No","","71806","Terminated","JD & SN Inc., dba Moses Lake Professional Pharmacy","1555 Pilgrim St","N/A","Moses Lake","WA","	98837-4623","United States","Voluntary: Firm initiated","Press Release","Nationwide","D-0063-2016","Class II","CHORIONIC GONADOTROPIN, Injectable Solution,175 UNITS/1.5mg per syringe with Methylcobalamin, Rx only, JD & SN Inc, DBA Moses Lake Professional Pharmacy, 1555 S. Pilgrim St. Moses Lake WA  98837, (509)764-2314    ","834 syringes","Lack of Assurance of Sterility; all sterile human compounded drugs within expiry","07/24/2015","10/27/2015","04/13/2016","11/04/2015","04292015@12, 05042015@8, 05202015@21, 06102015@25, 06242015@14, 07012015@8, 07062015@21, t03062015@15, t03122015@33, t03182015@45, t03192015@2, t04082015@14, t04082015@3, t04202015@22, t05082015@27, t05192015@29, t06022015@37, and t07152015@5."
"Drugs","No","","71806","Terminated","JD & SN Inc., dba Moses Lake Professional Pharmacy","1555 Pilgrim St","N/A","Moses Lake","WA","	98837-4623","United States","Voluntary: Firm initiated","Press Release","Nationwide","D-0064-2016","Class II","CHORIONIC GONADOTROPIN, Injectable Solution, 200 UNITS/0.1 ML, vial sizes: 4 mL; 5 mL; 6 mL; 7.5 mL ; 9 mL, 10 mL; 12 mL; 15 mL; 20 mL; 28 mL; Rx only, JD & SN Inc, DBA Moses Lake Professional Pharmacy, 1555 S. Pilgrim St. Moses Lake WA  98837, (509)764-2314        ","9 (4mL), 4 (5mL) vials, 9 (6mL) vials, 5 (7.5mL) vials, 4 (10mL) vials, 5 (9mL) vials, 3 (12mL) vials, 2 (15mL) vials, 1 (20mL),  1 (28mL) vials","Lack of Assurance of Sterility; all sterile human compounded drugs within expiry","07/24/2015","10/27/2015","04/13/2016","11/04/2015","11032014@10, 12082014@3, t01082015@26, t03092015@26, t03132015@13, t03162015@12, t03242015@19, t04092015@21, t05132015@28, t05132015@44, t05202015@22, t05262015@14, t05272015@36, t06172015@27, t06182015@7, t06242015@9, t06292015@11, t07092015@42, t07102015@25, t08012014@1, t09122014@19, t09252014@4, t12242014@2, and t12312014@8."
"Drugs","No","","71806","Terminated","JD & SN Inc., dba Moses Lake Professional Pharmacy","1555 Pilgrim St","N/A","Moses Lake","WA","	98837-4623","United States","Voluntary: Firm initiated","Press Release","Nationwide","D-0065-2016","Class II","CHORIONIC GONADOTROPIN, Injectable Solution, 5000 UNITS/0.1 mL, vial sizes: 5 mL; 6 mL; 8 mL; 10 mL,  Rx only, JD & SN Inc, DBA Moses Lake Professional Pharmacy, 1555 S. Pilgrim St. Moses Lake WA  98837, (509)764-2314","9 (5mL) vials, 2 (6mL) vials, 8 (8mL) vials, 2 (10mL) vials","Lack of Assurance of Sterility; all sterile human compounded drugs within expiry","07/24/2015","10/27/2015","04/13/2016","11/04/2015","t12292014@35, t12192014@15, t12162014@29, t10232014@24, t09162014@29, t09032014@6, t07252014@16, t07142015@6, t07022015@8, t06152015@32, t05272015@33, t04282015@11, t04162015@34, t04092015@8, t04022015@30, t02262015@24, t02032015@21, and t01232015@10"
"Drugs","No","","71806","Terminated","JD & SN Inc., dba Moses Lake Professional Pharmacy","1555 Pilgrim St","N/A","Moses Lake","WA","	98837-4623","United States","Voluntary: Firm initiated","Press Release","Nationwide","D-0066-2016","Class II","CHORIONIC GONADOTROPIN COMPOUNDED, Injectable Solution, 150 UNITS/0.150 ML per syringe, Rx only, JD & SN Inc, DBA Moses Lake Professional Pharmacy, 1555 S. Pilgrim St. Moses Lake WA  98837, (509)764-2314        ","42 syringes","Lack of Assurance of Sterility; all sterile human compounded drugs within expiry","07/24/2015","10/27/2015","04/13/2016","11/04/2015","t07012015@9"
"Drugs","No","","71806","Terminated","JD & SN Inc., dba Moses Lake Professional Pharmacy","1555 Pilgrim St","N/A","Moses Lake","WA","	98837-4623","United States","Voluntary: Firm initiated","Press Release","Nationwide","D-0067-2016","Class II","CHORIONIC GONADOTROPIN COMPOUNDED, Injectable Solution, 175 UNITS/0.175ML per syringe, packaged in 14, 26, and 40-count containers, Rx only, JD & SN Inc, DBA Moses Lake Professional Pharmacy, 1555 S. Pilgrim St. Moses Lake WA  98837, (509)764-2314","1 (14-count) container, 1(40-count) container, 30 (26-count) container","Lack of Assurance of Sterility; all sterile human compounded drugs within expiry","07/24/2015","10/27/2015","04/13/2016","11/04/2015","01052015@18, 01072015@12, 01122015@13, 01142015@7, 01192015@18, 01212015@16, 01262015@11, 02022015@13, 02192015@10, 02232015@22, 03042015@20, 03092015@46, 03162015@13, 03182015@17, 03252015@23, 03302015@13, 04012015@11, 04152015@14, 04212015@15, 04272015@13, 05062015@19, 05112015@27, 05202015@16, 05272015@29, 06032015@19, 06102015@27, 06152015@31, 06172015@40, 06222015@27, 06292015@27, 07012015@12, 07062015@16, 07092014@4, 07152015@13, 07162014@3, 07212014@4, 07232014@15, 07282014@14, 07302014@5, 08112014@19, 08182014@7, 08252014@14, 09022014@22, 09152014@10, 09172014@16, 09222014@6, 09292014@22, 10062014@15, 10132014@20, 10222014@14, 10272014@13, 11032014@17, 11052014@19, 11262014@13, 12302014@8, t03022015@10, t04072015@32, t05112015@26, t05152015@4, t07132015@6."
"Drugs","No","","71535","Terminated","the Compounder","340 Marshall Ave Unit 100","N/A","Aurora","IL","	60506-5649","United States","Voluntary: Firm initiated","Telephone","Nationwide","D-0208-2016","Class II","BIEST TD 80/20 (Estradiol (E2) Trit (Yellow)/Estriol USP Micronized (E3) VAN CR (vanishing cream) W/V (weight/volume) (4812) 2.5MG/ML Transdermal cream, dispensed in a) 1mL and b)3 mL prefilled, amber syringes, Rx only, The Compounder, 340 Marshall Avenue Unit 100, Aurora, IL 60506.    ","1(1mL) syringe, 56 (3mL) syringes","Recalled products were made using an active ingredient that was recalled by a supplier due to penicillin cross contamination.","03/10/2015","11/10/2015","05/19/2016","11/18/2015","a) Lot # 12292014:90@21, Exp 6/27/2015;  b) Lot # 02032015:55@13, Exp 8/2/2015"
"Drugs","No","","71535","Terminated","the Compounder","340 Marshall Ave Unit 100","N/A","Aurora","IL","	60506-5649","United States","Voluntary: Firm initiated","Telephone","Nationwide","D-0209-2016","Class II","BIEST TD 83/17  (Estradiol (E2) Trit (Yellow)/Estriol USP Micronized (E3) W/V (weight/volume) 1.2 MG/ML Transdermal cream, dispensed in 10 mL prefilled, amber syringes, Rx only, The Compounder, 340 Marshall Avenue Unit 100, Aurora, IL 60506.    ","6 (10mL) syringes","Recalled products were made using an active ingredient that was recalled by a supplier due to penicillin cross contamination.","03/10/2015","11/10/2015","05/19/2016","11/18/2015","Lot # 01052015:05@12, Exp 7/4/2015"
"Drugs","No","","71535","Terminated","the Compounder","340 Marshall Ave Unit 100","N/A","Aurora","IL","	60506-5649","United States","Voluntary: Firm initiated","Telephone","Nationwide","D-0210-2016","Class II","BIEST TD 86/14 (Estradiol (E2) Trit (Yellow)/Estriol USP Micronized (E3) IN PLO GEL (Pluronic F127 20% or Polox 20% gel) 2.9 MG/ML Transdermal cream, dispensed in 3 mL prefilled, amber syringes, Rx only,The Compounder, 340 Marshall Avenue Unit 100, Aurora, IL 60506.    ","20 (3mL) syringes","Recalled products were made using an active ingredient that was recalled by a supplier due to penicillin cross contamination.","03/10/2015","11/10/2015","05/19/2016","11/18/2015","Lot # 12102014:93@49, Exp 6/8/2015"
"Drugs","No","","71535","Terminated","the Compounder","340 Marshall Ave Unit 100","N/A","Aurora","IL","	60506-5649","United States","Voluntary: Firm initiated","Telephone","Nationwide","D-0211-2016","Class II","BIEST TD 89/11 (Estradiol (E2) Trit (Yellow)/Estriol USP Micronized (E3) W/V (weight/volume) VERSABASE 2.25MG/ML Transdermal cream, dispensed in 3 mL prefilled, amber syringes, Rx only, The Compounder, 340 Marshall Avenue Unit 100, Aurora, IL 60506.    ","10 (3mL) syringes","Recalled products were made using an active ingredient that was recalled by a supplier due to penicillin cross contamination.","03/10/2015","11/10/2015","05/19/2016","11/18/2015","Lot # 02182015:05@17, Exp 8/17/2015"
"Drugs","No","","71535","Terminated","the Compounder","340 Marshall Ave Unit 100","N/A","Aurora","IL","	60506-5649","United States","Voluntary: Firm initiated","Telephone","Nationwide","D-0212-2016","Class II","BIEST TD 91/9 (Estriol USP Micronized (E3)/Estradiol (E2) Trit (Yellow)) : PROGESTERONE W/V (weight/volume) PLO (Pluronic F127 20% or Polox 20% gel) 3.3 MG/ML : 40  MG/ML Transdermal cream, dispensed in 10 mL prefilled, amber syringes, Rx only, The Compounder, 340 Marshall Avenue Unit 100, Aurora, IL 60506.    ","10 (10mL) syringes","Recalled products were made using an active ingredient that was recalled by a supplier due to penicillin cross contamination.","03/10/2015","11/10/2015","05/19/2016","11/18/2015","Lot # 12242014:95@3, Exp 6/22/2015; Lot # 02042015:29@7; Exp 8/3/2015"
"Drugs","No","","71535","Terminated","the Compounder","340 Marshall Ave Unit 100","N/A","Aurora","IL","	60506-5649","United States","Voluntary: Firm initiated","Telephone","Nationwide","D-0213-2016","Class II","E2 (Estradiol (E2) Trit (Yellow) : E3 (Estriol USP Micronized (E3)  : PROGEST (Progesterone USP Micronized) : TESTOST (Testosterone USP)  IN OLIVE OIL 0.75 : 3 : 50 : 5MG capsules, Rx only, The Compounder, 340 Marshall Avenue Unit 100, Aurora, IL 60506.    ","120 capsules","Recalled products were made using an active ingredient that was recalled by a supplier due to penicillin cross contamination.","03/10/2015","11/10/2015","05/19/2016","11/18/2015","Lot # 02172015:64@24, Exp 5/18/2015"
"Drugs","No","","71535","Terminated","the Compounder","340 Marshall Ave Unit 100","N/A","Aurora","IL","	60506-5649","United States","Voluntary: Firm initiated","Telephone","Nationwide","D-0214-2016","Class II","ESTRIOL (E3)  4.0MG capsules,  Rx only, The Compounder, 340 Marshall Avenue Unit 100, Aurora, IL 60506.    ","90 capsules","Recalled products were made using an active ingredient that was recalled by a supplier due to penicillin cross contamination.","03/10/2015","11/10/2015","05/19/2016","11/18/2015","Lot # 01142015:26@28, Exp 1/14/2016"
"Drugs","No","","71535","Terminated","the Compounder","340 Marshall Ave Unit 100","N/A","Aurora","IL","	60506-5649","United States","Voluntary: Firm initiated","Telephone","Nationwide","D-0215-2016","Class II","ESTRIOL (E3)  : PROGESTERONE : DHEA (Dehydroepiandrosterone Micronized) W/V (weight/volume) VERSABASE 4.0 : 30 : 4MG/ML Transdermal cream, dispensed in 10 mL prefilled, amber syringes, Rx only, The Compounder, 340 Marshall Avenue Unit 100, Aurora, IL 60506.    ","3 (10mL) syringes","Recalled products were made using an active ingredient that was recalled by a supplier due to penicillin cross contamination.","03/10/2015","11/10/2015","05/19/2016","11/18/2015","Lot # 01282015:71@21, Exp 7/27/2015"
"Drugs","No","","71535","Terminated","the Compounder","340 Marshall Ave Unit 100","N/A","Aurora","IL","	60506-5649","United States","Voluntary: Firm initiated","Telephone","Nationwide","D-0216-2016","Class II","ESTRIOL (E3)  : PROGESTERONE W/V  (weight/volume) 4.0 : 100 MG/ML Transdermal cream, dispensed in 3 mL prefilled, amber syringes, Rx only, The Compounder, 340 Marshall Avenue Unit 100, Aurora, IL 60506.    ","40 (3mL) syringes","Recalled products were made using an active ingredient that was recalled by a supplier due to penicillin cross contamination.","03/10/2015","11/10/2015","05/19/2016","11/18/2015","Lot # 12172014:36@7, Exp  6/15/2015; Lot # 02202015:63@45, Exp 8/19/2015"
"Drugs","No","","71535","Terminated","the Compounder","340 Marshall Ave Unit 100","N/A","Aurora","IL","	60506-5649","United States","Voluntary: Firm initiated","Telephone","Nationwide","D-0217-2016","Class II","ESTRIOL (E3) : ESTRADIOL (E2) (Estradiol (E2) Trit (Yellow)) : PROGEST (Progesterone USP) : TESTO (Testosterone USP) W/V (weight/volume) 2 :0.1 : 35 : 0.5 MG/ML Transdermal cream, dispensed in 10 mL prefilled, amber syringes, Rx only,   The Compounder, 340 Marshall Avenue Unit 100, Aurora, IL 60506.    ","6 (10mL) syringes","Recalled products were made using an active ingredient that was recalled by a supplier due to penicillin cross contamination.","03/10/2015","11/10/2015","05/19/2016","11/18/2015","Lot # 01132015:27@20, Exp 7/12/2015"
"Drugs","No","","71535","Terminated","the Compounder","340 Marshall Ave Unit 100","N/A","Aurora","IL","	60506-5649","United States","Voluntary: Firm initiated","Telephone","Nationwide","D-0218-2016","Class II","ESTRIOL (E3) : ESTRADIOL (E2) (Estradiol (E2) Trit (Yellow)) : PROGEST (Progesterone USP) : TESTO (Testosterone USP) W/V (weight/volume) 2 :0.1 : 30 : 0.5 MG/ML Transdermal cream, dispensed in 10 mL prefilled, amber syringes, Rx only, The Compounder, 340 Marshall Avenue Unit 100, Aurora, IL 60506.    ","5 (10mL) syringes","Recalled products were made using an active ingredient that was recalled by a supplier due to penicillin cross contamination.","03/10/2015","11/10/2015","05/19/2016","11/18/2015","Lot # 01162015:90@26, Exp 7/15/2015"
"Drugs","No","","71535","Terminated","the Compounder","340 Marshall Ave Unit 100","N/A","Aurora","IL","	60506-5649","United States","Voluntary: Firm initiated","Telephone","Nationwide","D-0219-2016","Class II","ESTRIOL (E3) : ESTRADIOL (E2)  (Estradiol (E2) Trit (Yellow)) : TESTO (Testosterone USP) W/V (weight/volume) 2.0: 0.1: 0.5MG/ML Transdermal cream, dispensed in 5 mL prefilled, amber syringes, Rx only, The Compounder, 340 Marshall Avenue Unit 100, Aurora, IL 60506.    ","9 (5mL) syringes","Recalled products were made using an active ingredient that was recalled by a supplier due to penicillin cross contamination.","03/10/2015","11/10/2015","05/19/2016","11/18/2015","Lot # 12102014:82@10, Exp 6/8/2015"
"Drugs","No","","71535","Terminated","the Compounder","340 Marshall Ave Unit 100","N/A","Aurora","IL","	60506-5649","United States","Voluntary: Firm initiated","Telephone","Nationwide","D-0220-2016","Class II","ESTRIOL (E3) : TESTO (Testosterone USP) WV (weight/volume) 0.5MG : 2MG/ML Transdermal cream, dispensed in 3 mL prefilled, amber syringes, Rx only, The Compounder, 340 Marshall Avenue Unit 100, Aurora, IL 60506.    ","30 (3mL) syringes","Recalled products were made using an active ingredient that was recalled by a supplier due to penicillin cross contamination.","03/10/2015","11/10/2015","05/19/2016","11/18/2015","Lot # 12292014:45@12, Exp  6/27/2015; Lot # 01282015:06@16, Exp 7/27/2015; Lot # 03022015:06@38, Exp 8/29/2015"
"Drugs","No","","71535","Terminated","the Compounder","340 Marshall Ave Unit 100","N/A","Aurora","IL","	60506-5649","United States","Voluntary: Firm initiated","Telephone","Nationwide","D-0221-2016","Class II","ESTRIOL (E3) 2.5MG suppositories, Rx only, The Compounder, 340 Marshall Avenue Unit 100, Aurora, IL 60506.    ","20 suppositories","Recalled products were made using an active ingredient that was recalled by a supplier due to penicillin cross contamination.","03/10/2015","11/10/2015","05/19/2016","11/18/2015","Lot # 01132015:97@2, Exp 4/13/2015"
"Drugs","No","","71535","Terminated","the Compounder","340 Marshall Ave Unit 100","N/A","Aurora","IL","	60506-5649","United States","Voluntary: Firm initiated","Telephone","Nationwide","D-0222-2016","Class II","ESTRIOL (E3) W/V (weight/volume) PGF 0.1% (1.0MG/ML) Transdermal cream, is dispensed in 3 mL prefilled, amber syringes, Rx only, The Compounder, 340 Marshall Avenue Unit 100, Aurora, IL 60506.    ","10 (3mL) syringes","Recalled products were made using an active ingredient that was recalled by a supplier due to penicillin cross contamination.","03/10/2015","11/10/2015","05/19/2016","11/18/2015","Lot # 12302014:27@3; use by 6/28/2015; and  Lot # 02252015:26@3; use by 8/24/2015"
"Drugs","No","","71535","Terminated","the Compounder","340 Marshall Ave Unit 100","N/A","Aurora","IL","	60506-5649","United States","Voluntary: Firm initiated","Telephone","Nationwide","D-0223-2016","Class II","ESTRIOL (E3) W/V (weight/volume) VERSABASE  3MG/ML Transdermal cream, dispensed in 5 mL prefilled, amber syringes, Rx only, The Compounder, 340 Marshall Avenue Unit 100, Aurora, IL 60506.    ","6  (5mL) syringes","Recalled products were made using an active ingredient that was recalled by a supplier due to penicillin cross contamination.","03/10/2015","11/10/2015","05/19/2016","11/18/2015","Lot # 01232015:87@5, Exp 7/22/2015"
"Drugs","No","","71535","Terminated","the Compounder","340 Marshall Ave Unit 100","N/A","Aurora","IL","	60506-5649","United States","Voluntary: Firm initiated","Telephone","Nationwide","D-0224-2016","Class II","ESTRIOL (E3) W/V (weight/volume) VERSABASE [4714] 0.05% (0.5MG/ML) transdermal cream,  dispensed in a) 1 mL and b) 3 mL prefilled, amber syringes,  Rx only, The Compounder, 340 Marshall Avenue Unit 100, Aurora, IL 60506.    ","10 (3mL) syringes, 20 (1mL) syringes","Recalled products were made using an active ingredient that was recalled by a supplier due to penicillin cross contamination.","03/10/2015","11/10/2015","05/19/2016","11/18/2015","a) Lot # 12292014:32@20, Exp 6/27/2015; b) Lot # 01082015:73@21, Exp 7/7/2015"
"Drugs","No","","71535","Terminated","the Compounder","340 Marshall Ave Unit 100","N/A","Aurora","IL","	60506-5649","United States","Voluntary: Firm initiated","Telephone","Nationwide","D-0225-2016","Class II","ESTRIOL 5 ESTRADIOL (Estradiol (E2) Trit (Yellow)) 0.95 ESTRONE (Estrone E1) Trit (Red)) 0.02 TEST (Testosterone USP) 0.75MG/ML W/V (weight/volume)  transdermal cream, dispensed in 10 mL prefilled, amber syringes, Rx only, The Compounder, 340 Marshall Avenue Unit 100, Aurora, IL 60506.    ","20 (10mL) syringes","Recalled products were made using an active ingredient that was recalled by a supplier due to penicillin cross contamination.","03/10/2015","11/10/2015","05/19/2016","11/18/2015","Lot # 12182014:10@21, Exp 6/16/2015; Lot # 01292015:64@13, Exp 7/28/2015"
"Drugs","No","","71535","Terminated","the Compounder","340 Marshall Ave Unit 100","N/A","Aurora","IL","	60506-5649","United States","Voluntary: Firm initiated","Telephone","Nationwide","D-0226-2016","Class II","TRIEST 70/20/10  ( Estriol USP / Estradiol USP (E2) / Estrone (E1) Triturate) [909] 12.5MG/ML transdermal cream, dispensed in 1 mL prefilled amber syringes, Rx only, The Compounder, 340 Marshall Avenue Unit 100, Aurora, IL 60506.    ","24 (1mL) syringes","Recalled products were made using an active ingredient that was recalled by a supplier due to penicillin cross contamination.","03/10/2015","11/10/2015","05/19/2016","11/18/2015","Lot # 12222014:81@25, Exp 6/20/2015"
"Drugs","No","","71535","Terminated","the Compounder","340 Marshall Ave Unit 100","N/A","Aurora","IL","	60506-5649","United States","Voluntary: Firm initiated","Telephone","Nationwide","D-0227-2016","Class II","TRIEST 80/10/10 (E1/E2 Trit - Estrone (E1)/Estradiol (E2) / Estriol USP (E3)) (23) 5MG capsules, Rx only, The Compounder, 340 Marshall Avenue Unit 100, Aurora, IL 60506.        ","120 capsules","Recalled products were made using an active ingredient that was recalled by a supplier due to penicillin cross contamination.","03/10/2015","11/10/2015","05/19/2016","11/18/2015","Lot # 12302014:78@17, Exp 12/30/2015, Lot # 03032015:04@4, Exp 3/2/2016"
"Drugs","No","","72271","Terminated","Diabetes Corporation of America dba DCA Pharmacy","233 Bedford Way","N/A","Franklin","TN","	37064-5527","United States","Voluntary: Firm initiated","Telephone","KY, OH, TN","D-0006-2016","Class II","Sermorelin 6mg/6mL Lyophilized Powder, Sterile Compound for Subcutaneous Injection, Diabetes Corporation of America dba DCA Pharmacy, Franklin, TN 37064-5527","129 vials","Lack of Assurance of Sterility: A recent FDA inspection found that this product was not being compounded in an area appropriate for lyophilization which may lead to a lack of sterility assurance.","09/23/2015","10/05/2015","01/12/2016","10/14/2015","Lot #: 101614, Exp 4/30/2015"
"Drugs","No","","72179","Terminated","US Compounding Inc","1270 Don's Lane","N/A","Conway","AR","	72032","United States","Voluntary: Firm initiated","Letter","Nationwide","D-0237-2016","Class II","Alprostadil (PGE-1), 5 mL (40 mcg/mL) in 10 mL Multi-Dose Vial, Rx only, Compounded by US Compounding Pharmacy, Conway, Arkansas, 72032, NDC: 62295-3253-05.","82 vials","Lack of Assurance of Sterility; The firm is recalling all sterile preparations that are within expiry due to deficient practices which may have an impact on sterility assurance.    ","09/12/2015","11/17/2015","03/30/2017","11/25/2015","Lot Numbers: 20150408@10 BUD: 1/27/2015; 20151407@11 BUD: 1/10/2015; 20151604@8 9/16/2015; 20152703@2 9/16/2015"
"Drugs","No","","72179","Terminated","US Compounding Inc","1270 Don's Lane","N/A","Conway","AR","	72032","United States","Voluntary: Firm initiated","Letter","Nationwide","D-0238-2016","Class II","Betamethasone Combo 10 mL (7 mg/mL), 10 mL Multi-Dose Vial,for IM & Regional Injection, Rx  only, Compounded by US Compounding Pharmacy, Conway, Arkansas, 72032, NDC 62295-3018-10","19,494 vials","Lack of Assurance of Sterility; The firm is recalling all sterile preparations that are within expiry due to deficient practices which may have an impact on sterility assurance.    ","09/12/2015","11/17/2015","03/30/2017","11/25/2015","Lot Numbers: 20150104@4 BUD: 9/27/2015; 20150105@1 BUD: 10/27/2015; 20150107@25 BUD: 12/27/2015; 20150306@44 BUD: 11/29/2015; 20150704@49 BUD: 10/3/2015; 20150705@5 BUD: 11/1/2015; 20151106@17 BUD: 12/7/2015; 20151305@5 BUD: 11/8/2015; 20151806@19 BUD: 12/13/2015; 20152005@29 BUD: 11/15/2015; 20152205@7 BUD: 11/16/2015"
"Drugs","No","","72179","Terminated","US Compounding Inc","1270 Don's Lane","N/A","Conway","AR","	72032","United States","Voluntary: Firm initiated","Letter","Nationwide","D-0239-2016","Class II","Betamethasone Combo PF 2 mL (6 mg/mL) 10 mL  Multi-Dose Vial, For IM & Regional Injection, Rx only, Compounded by US Compounding Pharmacy, Conway, Arkansas, 72032, NDC 62295-3018-02","5,514 vials","Lack of Assurance of Sterility; The firm is recalling all sterile preparations that are within expiry due to deficient practices which may have an impact on sterility assurance.    ","09/12/2015","11/17/2015","03/30/2017","11/25/2015","Lot Numbers: 20150206@41 BUD: 11/28/2015; 20151603@58 BUD: 9/12/2015; 20152007@43 BUD: 1/16/2016; 20152104@41 BUD: 10/18/2015"
"Drugs","No","","72179","Terminated","US Compounding Inc","1270 Don's Lane","N/A","Conway","AR","	72032","United States","Voluntary: Firm initiated","Letter","Nationwide","D-0240-2016","Class II","Betamethasone SP, 2 mL (6 mg/mL),10 mL Multi-Dose Vial, For IM & Regional Injection, Rx only, Compounded by US Compounding Pharmacy, Conway, Arkansas, 72032, NDC 62295-3240-07","100 vials","Lack of Assurance of Sterility; The firm is recalling all sterile preparations that are within expiry due to deficient practices which may have an impact on sterility assurance.    ","09/12/2015","11/17/2015","03/30/2017","11/25/2015","Lot Numbers: 20150806@9 BUD: 12/5/2015; 20152107@38 BUD: 1/17/2016"
"Drugs","No","","72179","Terminated","US Compounding Inc","1270 Don's Lane","N/A","Conway","AR","	72032","United States","Voluntary: Firm initiated","Letter","Nationwide","D-0241-2016","Class II","Betamethasone SP PF (12 mg/mL), 2 mL Single Dose Vial, For IM & Regional Injection, Rx only, Compounded by US Compounding Pharmacy, Conway, Arkansas, 72032, NDC 62295-3016-02","6,008 vials","Lack of Assurance of Sterility; The firm is recalling all sterile preparations that are within expiry due to deficient practices which may have an impact on sterility assurance.    ","09/12/2015","11/17/2015","03/30/2017","11/25/2015","Lot Numbers: 20150107@27 BUD:12/28/2015; 20150704@5 BUD: 10/4/2015; 20152005@22 BUD: 11/16/2015"
"Drugs","No","","72179","Terminated","US Compounding Inc","1270 Don's Lane","N/A","Conway","AR","	72032","United States","Voluntary: Firm initiated","Letter","Nationwide","D-0242-2016","Class II","Bi-Mix (Papaverine 30 mg/mL, Phentolamine 1 mg/mL), 5 mL Multi-Dose Vial, Rx only, Compounded by US Compounding Pharmacy, Conway, Arkansas, 72032, NDC 62295-3254-05","96 vials","Lack of Assurance of Sterility; The firm is recalling all sterile preparations that are within expiry due to deficient practices which may have an impact on sterility assurance.    ","09/12/2015","11/17/2015","03/30/2017","11/25/2015","Lot Numbers: 20152303@7 BUD: 9/19/2015"
"Drugs","No","","72179","Terminated","US Compounding Inc","1270 Don's Lane","N/A","Conway","AR","	72032","United States","Voluntary: Firm initiated","Letter","Nationwide","D-0243-2016","Class II","Brompheniramine Maleate (10 mg/mL), 10 mL Multi-Dose Vial, Rx only, Compounded by US Compounding Pharmacy, Conway, Arkansas, 72032, NDC 62295-3019-07","589 vials.","Lack of Assurance of Sterility; The firm is recalling all sterile preparations that are within expiry due to deficient practices which may have an impact on sterility assurance.    ","09/12/2015","11/17/2015","03/30/2017","11/25/2015","Lot Numbers: 20151205@11 BUD: 11/7/2015; 20151806@11 BUD: 12/15/2015"
"Drugs","No","","72179","Terminated","US Compounding Inc","1270 Don's Lane","N/A","Conway","AR","	72032","United States","Voluntary: Firm initiated","Letter","Nationwide","D-0244-2016","Class II","Cyclo/PE/Trop PF (1%/2.5%/1%), 3 mL dropper bottle, For topical ophthalmic use, Rx only, Compounded by US Compounding Pharmacy, Conway, Arkansas, 72032, NDC 62295-3049-03","135 bottles","Lack of Assurance of Sterility; The firm is recalling all sterile preparations that are within expiry due to deficient practices which may have an impact on sterility assurance.    ","09/12/2015","11/17/2015","03/30/2017","11/25/2015","Lot Numbers: 20150707@5 BUD: 1/3/2016"
"Drugs","No","","72179","Terminated","US Compounding Inc","1270 Don's Lane","N/A","Conway","AR","	72032","United States","Voluntary: Firm initiated","Letter","Nationwide","D-0245-2016","Class II","Cyclo/PE/Tropic/Ketor (1%/2.5%/1%/0.5%), 10 mL Opthalmic dropper bottle, For topical ophthalmic use, Rx. only, Compounded by US Compounding Pharmacy, Conway, Arkansas, 72032, NDC 62295-3044-07","1,198 bottles","Lack of Assurance of Sterility; The firm is recalling all sterile preparations that are within expiry due to deficient practices which may have an impact on sterility assurance.    ","09/12/2015","11/17/2015","03/30/2017","11/25/2015","Lot Numbers: 20152707@22 BUD: 10/25/2015; 20150707@9 BUD: 10/5/2015; 20152906@15 BUD: 9/27/2015; 20152907@2 BUD: 10/27/2015"
"Drugs","No","","72179","Terminated","US Compounding Inc","1270 Don's Lane","N/A","Conway","AR","	72032","United States","Voluntary: Firm initiated","Letter","Nationwide","D-0246-2016","Class II","Cyclopent/PE/Tropic 2mL (1%/2.5%/0.25%), 2 mL dropper bottles; For topical ophthalmic use, Rx only, Compounded by US Compounding Pharmacy, Conway, Arkansas, 72032, NDC 62295-3299-02","820 bottles","Lack of Assurance of Sterility; The firm is recalling all sterile preparations that are within expiry due to deficient practices which may have an impact on sterility assurance.    ","09/12/2015","11/17/2015","03/30/2017","11/25/2015","Lot Numbers: 20151806@22 BUD: 12/15/2015; 20152306@36 BUD: 12/20/2015"
"Drugs","No","","72179","Terminated","US Compounding Inc","1270 Don's Lane","N/A","Conway","AR","	72032","United States","Voluntary: Firm initiated","Letter","Nationwide","D-0247-2016","Class II","Dapiprazole (Diluent+Powder)  0.5% in 5 mL vial, For topical ophthalmic use, Rx only, Compounded by US Compounding Pharmacy, Conway, Arkansas, 72032, NDC 62295-0201-99","2,984 bottles","Lack of Assurance of Sterility; The firm is recalling all sterile preparations that are within expiry due to deficient practices which may have an impact on sterility assurance.    ","09/12/2015","11/17/2015","03/30/2017","11/25/2015","Lot Numbers: 20150506@6 BUD: 11/28/2015; 20150805@40 BUD: 10/31/2015; 20151206@7 BUD: 12/5/2015; 20151704@21 BUD: 10/10/2015; 20152003@43 BUD: 9/12/2015"
"Drugs","No","","72179","Terminated","US Compounding Inc","1270 Don's Lane","N/A","Conway","AR","	72032","United States","Voluntary: Firm initiated","Letter","Nationwide","D-0248-2016","Class II","Dex LA 8 (Dexamethasone acetate (8 mg/mL), 10 mL Multi-Dose Vial, For IM & Regional Injection, Rx only, Compounded by US Compounding Pharmacy, Conway, Arkansas, 72032, NDC 62295-3299-02","4,333 vials","Lack of Assurance of Sterility; The firm is recalling all sterile preparations that are within expiry due to deficient practices which may have an impact on sterility assurance.    ","09/12/2015","11/17/2015","03/30/2017","11/25/2015","Lot Numbers: 20150107@23 BUD: 12/28/2015; 20151305@43 BUD: 11/9/2015; 20151307@18 BUD: 1/9/2016; 20152204@33 BUD: 10/19/2015; 20152606@1 BUD: 12/22/2015; 20153003@34 BUD: 9/26/2015"
"Drugs","No","","72179","Terminated","US Compounding Inc","1270 Don's Lane","N/A","Conway","AR","	72032","United States","Voluntary: Firm initiated","Letter","Nationwide","D-0249-2016","Class II","Dex Combo (Dexamethasone acetate 8mg/mL, dexamethasone sodium phosphate USP, 4 mg/mL),30 mL Multi-Dose Vial, For IM & Regional Injection, Rx only, Compounded by US Compounding Pharmacy, Conway, Arkansas, 72032, NDC 62295-3057-06","854 vials","Lack of Assurance of Sterility; The firm is recalling all sterile preparations that are within expiry due to deficient practices which may have an impact on sterility assurance.    ","09/12/2015","11/17/2015","03/30/2017","11/25/2015","Lot Numbers: 20150705@1 BUD: 11/2/2015; 20151706@49 BUD: 12/14/2015; 20152204@21 BUD: 10/19/2015; 20152303@26 BUD: 9/19/2015"
"Drugs","No","","72179","Terminated","US Compounding Inc","1270 Don's Lane","N/A","Conway","AR","	72032","United States","Voluntary: Firm initiated","Letter","Nationwide","D-0250-2016","Class II","Dexamethasone Sodium Phosphate PF (10 mg/mL), 2 mL Single Use Vial, For IV or IM Use Only, Rx only, Compounded by US Compounding Pharmacy, Conway, Arkansas, 72032, NDC 62295-3227-02","235 vials","Lack of Assurance of Sterility; The firm is recalling all sterile preparations that are within expiry due to deficient practices which may have an impact on sterility assurance.    ","09/12/2015","11/17/2015","03/30/2017","11/25/2015","Lot Numbers: 20151407@13 BUD: 1/10/2016"
"Drugs","No","","72179","Terminated","US Compounding Inc","1270 Don's Lane","N/A","Conway","AR","	72032","United States","Voluntary: Firm initiated","Letter","Nationwide","D-0251-2016","Class II","ePHEDrine Sulfate PF (50 mg/10 mL), 10 mL Single-Use Syringe, For IV or IM Use  Rx only, Compounded by US Compounding Pharmacy, Conway, Arkansas, 72032, NDC 62295-3084-07","12,191 syringes","Lack of Assurance of Sterility; The firm is recalling all sterile preparations that are within expiry due to deficient practices which may have an impact on sterility assurance.    ","09/12/2015","11/17/2015","03/30/2017","11/25/2015","Lot Numbers: 20151706@45 BUD: 12/14/2015; 20151707@16 BUD: 1/13/2016; 20150904@17 BUD: 10/6/2015; 20151703@19 BUD: 9/13/2015; 20153003@7 BUD: 9/26/2015; 20153006@42 BUD: 12/27/2015"
"Drugs","No","","72179","Terminated","US Compounding Inc","1270 Don's Lane","N/A","Conway","AR","	72032","United States","Voluntary: Firm initiated","Letter","Nationwide","D-0252-2016","Class II","Fentanyl PF 50 mL (25 mcg/mL), 10 mL Single Use Syringe, For IV, IM or SC injection, Rx only, Compounded by US Compounding Pharmacy, Conway, Arkansas, 72032, NDC 62295-0002-50","711 syringes","Lack of Assurance of Sterility; The firm is recalling all sterile preparations that are within expiry due to deficient practices which may have an impact on sterility assurance.    ","09/12/2015","11/17/2015","03/30/2017","11/25/2015","Lot Numbers: 20150604@20 BUD: 10/3/2015; 20152306@20 BUD: 12/20/2015; 20152403@28 BUD: 9/20/2015"
"Drugs","No","","72179","Terminated","US Compounding Inc","1270 Don's Lane","N/A","Conway","AR","	72032","United States","Voluntary: Firm initiated","Letter","Nationwide","D-0253-2016","Class II","Glycopyrrolate USP ( 1 mg/5 mL), 5 mL Single Use syringe,  For IM or IV Injection, Rx only, Compounded by US Compounding Pharmacy, Conway, Arkansas, 72032, NDC 62295-3082-05","14,325 syringes","Lack of Assurance of Sterility; The firm is recalling all sterile preparations that are within expiry due to deficient practices which may have an impact on sterility assurance.    ","09/12/2015","11/17/2015","03/30/2017","11/25/2015","Lot Numbers: 20150306@57 BUD: 11/30/2015; 20151305@40 BUD: 11/9/2015; 20151404@36 BUD: 10/11/2015; 20151603@3 BUD: 9/12/2015; 20152005@40 BUD: 11/16/2015; 20153003@10 BUD: 9/26/2015"
"Drugs","No","","72179","Terminated","US Compounding Inc","1270 Don's Lane","N/A","Conway","AR","	72032","United States","Voluntary: Firm initiated","Letter","Nationwide","D-0254-2016","Class II","HCG/B12 (5,000 units, 0.6 mg) 5 mL, Multi-Dose Vial, For IM or SC Injection, Rx only, Compounded by US Compounding Pharmacy, Conway, Arkansas, 72032, NDC 62295-3083-99","7,852 vials","Lack of Assurance of Sterility; The firm is recalling all sterile preparations that are within expiry due to deficient practices which may have an impact on sterility assurance.    ","09/12/2015","11/17/2015","03/30/2017","11/25/2015","Lot Numbers: 20150806@22  BUD: 12/5/2015; 20150106@12 BUD: 11/28/2015; 20150106@20 BUD: 11/28/2015; 20150604@2 BUD: 10/3/2015; 20150604@2 BUD: 10/3/2015; 20150607@9 BUD: 1/2/2016; 20150806@22 BUD: 12/5/2015; 20151304@13 BUD: 10/10/2015; 20151506@22 BUD: 12/12/2015; 20152007@4 BUD: 1/16/2016; 20152206@20 BUD: 12/19/2015; 20152303@11 BUD: 9/19/2015; 20152303@2 BUD: 9/19/2015; 20152704@2 BUD: 10/24/2015; 20152707@3 BUD: 1/23/2016; 20152707@9 BUD: 1/23/2016; 20152303@11 BUD: 9/19/2015"
"Drugs","No","","72304","Terminated","C. O. Truxton","136 Harding Ave","N/A","Bellmawr","NJ","	08031-2412","United States","Voluntary: Firm initiated","Two or more of the following: Email, Fax, Letter, Press Release, Telephone, Visit","Nationwide","D-0164-2016","Class II","Doxycycline Hyclate Tablets, USP, 100 mg, 500-count bottle, Rx only, Distributed by: Truxton Inc. Bellmawr, NJ 08031, Manufactured for: Blu Caribe Dorado, PR 00646 USA, NDC 0463-6000-50 (top panel) NDC 24658-312-05 (side panel)","287 bottles","Labeling: Wrong Bar Code","08/24/2015","11/10/2015","07/25/2016","11/18/2015","Lot # 13D0011FP8, Exp 09/15"
"Drugs","No","","72179","Terminated","US Compounding Inc","1270 Don's Lane","N/A","Conway","AR","	72032","United States","Voluntary: Firm initiated","Letter","Nationwide","D-0255-2016","Class II","Hyaluronic Acid/Lidocaine PF (20 mg/1%), 2 mL Single-Use Syringe , For Intra-Articular Injection, Rx only, Compounded by US Compounding Pharmacy, Conway, Arkansas, 72032, NDC 62295-3087-02","5,118 syringes","Lack of Assurance of Sterility; The firm is recalling all sterile preparations that are within expiry due to deficient practices which may have an impact on sterility assurance.    ","09/12/2015","11/17/2015","03/30/2017","11/25/2015","Lot Numbers: 20150906@32 BUD: 12/6/2015, 20150906@33 BUD: 12/6/2015, 20151105@45 BUD: 11/7/2015, 20151205@12 BUD: 11/8/2015, 20151404@39 BUD: 10/11/2015"
"Drugs","No","","72179","Terminated","US Compounding Inc","1270 Don's Lane","N/A","Conway","AR","	72032","United States","Voluntary: Firm initiated","Letter","Nationwide","D-0256-2016","Class II","Hyaluronic Acid/Lidocaine PF (60 mg/2%), 3 mL Single Use Syringe, For Intra-Articular Injection , Rx only, Compounded by US Compounding Pharmacy, Conway, Arkansas, 72032, NDC 62295-3249-03","531 syringes","Lack of Assurance of Sterility; The firm is recalling all sterile preparations that are within expiry due to deficient practices which may have an impact on sterility assurance.    ","09/12/2015","11/17/2015","03/30/2017","11/25/2015","Lot Numbers: 20151105@39 BUD: 11/7/2015"
"Drugs","No","","72179","Terminated","US Compounding Inc","1270 Don's Lane","N/A","Conway","AR","	72032","United States","Voluntary: Firm initiated","Letter","Nationwide","D-0257-2016","Class II","Hyaluronic Acid/Lidocaine (20 mg/1%/2 mL), 3 mL Single Use Syringe, For Intra-Articular Injection, Rx only, Compounded by US Compounding Pharmacy, Conway, Arkansas, 72032, NDC 62295-3239-01","105 syringes","Lack of Assurance of Sterility; The firm is recalling all sterile preparations that are within expiry due to deficient practices which may have an impact on sterility assurance.    ","09/12/2015","11/17/2015","03/30/2017","11/25/2015","Lot Numbers: 20151806@30 BUD: 11/7/2015, 20152306@38 BUD: 11/7/2015, 20151806@29 BUD: 11/7/2015, 20151903@30 BUD: 9/15/2015"
"Drugs","No","","72179","Terminated","US Compounding Inc","1270 Don's Lane","N/A","Conway","AR","	72032","United States","Voluntary: Firm initiated","Letter","Nationwide","D-0258-2016","Class II","Hyaluronidase PF (150 units/mL) in 1 mL Single-Use Vial, Not for IV Use, Rx only, Compounded by US Compounding Pharmacy, Conway, Arkansas, 72032, NDC 62295-3239-01","1,096 vials","Lack of Assurance of Sterility; The firm is recalling all sterile preparations that are within expiry due to deficient practices which may have an impact on sterility assurance.    ","09/12/2015","11/17/2015","03/30/2017","11/25/2015","Lot Numbers: 20150608@1 BUD: 10/5/2015, 20152707@4 BUD: 9/23/2015"
"Drugs","No","","72179","Terminated","US Compounding Inc","1270 Don's Lane","N/A","Conway","AR","	72032","United States","Voluntary: Firm initiated","Letter","Nationwide","D-0259-2016","Class II","Choline chloride 50 mg/mL, Inositol 50 mg/mL Cyanocobalamin 1000 mcg/mL, 30 mL Multi-Dose Vial, For Deep IM Injection Only, Rx only, Compounded by US Compounding Pharmacy, Conway, Arkansas, 72032, NDC 62295-3294-06","103 vials","Lack of Assurance of Sterility; The firm is recalling all sterile preparations that are within expiry due to deficient practices which may have an impact on sterility assurance.    ","09/12/2015","11/17/2015","03/30/2017","11/25/2015","Lot Numbers: 20150405@59 BUD: 10/31/2015"
"Drugs","No","","72179","Terminated","US Compounding Inc","1270 Don's Lane","N/A","Conway","AR","	72032","United States","Voluntary: Firm initiated","Letter","Nationwide","D-0260-2016","Class II","L-Cysteine PF (50 mg/mL), 10 mL Single Dose Vial, For IV Use After Dilution, Rx only, Compounded by US Compounding Pharmacy, Conway, Arkansas, 72032, NDC 62295-3239-01","1,706 vials","Lack of Assurance of Sterility; The firm is recalling all sterile preparations that are within expiry due to deficient practices which may have an impact on sterility assurance.    ","09/12/2015","11/17/2015","03/30/2017","11/25/2015","Lot Numbers: 20151906@10 BUD: 9/17/2015"
"Drugs","No","","72179","Terminated","US Compounding Inc","1270 Don's Lane","N/A","Conway","AR","	72032","United States","Voluntary: Firm initiated","Letter","Nationwide","D-0261-2016","Class II","Lidocaine 1% PF(100 mg/10 mL),10 mL Single Use Syringe, For IV Injection, Rx only, Compounded by US Compounding Pharmacy, Conway, Arkansas, 72032, NDC 62295-3099-07","7,320 syringes","Lack of Assurance of Sterility; The firm is recalling all sterile preparations that are within expiry due to deficient practices which may have an impact on sterility assurance.    ","09/12/2015","11/17/2015","03/30/2017","11/25/2015","Lot Numbers: 20150104@21 BUD: 9/28/2015, 20150406@26 BUD: 12/1/2015, 20151704@1 BUD: 10/14/2015, 20152004@10 BUD: 10/17/2015"
"Drugs","No","","72179","Terminated","US Compounding Inc","1270 Don's Lane","N/A","Conway","AR","	72032","United States","Voluntary: Firm initiated","Letter","Nationwide","D-0262-2016","Class II","Lincomycin/Lidocaine (300 mg/1%/mL), 10 mL Multi-Dose Vial, For IV Injection or IV Injection After Dilution, Rx only, Compounded by US Compounding Pharmacy, Conway, Arkansas, 72032, NDC 62295-3104-07","1,421 vials","Lack of Assurance of Sterility; The firm is recalling all sterile preparations that are within expiry due to deficient practices which may have an impact on sterility assurance.    ","09/12/2015","11/17/2015","03/30/2017","11/25/2015","Lot Numbers: 20150505@1 BUD: 10/31/2015"
"Drugs","No","","72179","Terminated","US Compounding Inc","1270 Don's Lane","N/A","Conway","AR","	72032","United States","Voluntary: Firm initiated","Letter","Nationwide","D-0263-2016","Class II","MedroxyPROGESTERone/Lidocaine (150 mg/mL/1%) 10 mL Multi-Dose Vial, For IM Injection Only, Rx only, Compounded by US Compounding Pharmacy, Conway, Arkansas, 72032, NDC 62295-3113-07","439 vials","Lack of Assurance of Sterility; The firm is recalling all sterile preparations that are within expiry due to deficient practices which may have an impact on sterility assurance.    ","09/12/2015","11/17/2015","03/30/2017","11/25/2015","Lot Numbers: 20150705@13 BUD: 11/3/2015, 20151805@36 BUD: 11/14/2015"
"Drugs","No","","72179","Terminated","US Compounding Inc","1270 Don's Lane","N/A","Conway","AR","	72032","United States","Voluntary: Firm initiated","Letter","Nationwide","D-0264-2016","Class II","Methylcobalamin (12.5 mg/mL), 2.5 mL Multi-Dose Vial, For IM or SC Injection, Rx only, Compounded by US Compounding Pharmacy, Conway, Arkansas, 72032, NDC 62295-3251-04.","265 vials","Lack of Assurance of Sterility; The firm is recalling all sterile preparations that are within expiry due to deficient practices which may have an impact on sterility assurance.    ","09/12/2015","11/17/2015","03/30/2017","11/25/2015","Lot Numbers: 20152105@38 BUD: 11/17/2015, 20152705@34 BUD: 11/23/2015"
"Drugs","No","","72179","Terminated","US Compounding Inc","1270 Don's Lane","N/A","Conway","AR","	72032","United States","Voluntary: Firm initiated","Letter","Nationwide","D-0265-2016","Class II","MethylPREDNISolone (100 mg/mL) 10 mL Multi-Dose Vial, For IM & Regional Injection, Rx only, Compounded by US Compounding Pharmacy, Conway, Arkansas, 72032, NDC 62295-3115-07","3,629 vials","Lack of Assurance of Sterility; The firm is recalling all sterile preparations that are within expiry due to deficient practices which may have an impact on sterility assurance.    ","09/12/2015","11/17/2015","03/30/2017","11/25/2015","Lot Numbers: 20150806@41 BUD: 12/5/2015, 20151205@67 BUD: 11/8/2015, 20151504@24 BUD: 10/12/2015, 20152306@30 BUD: 12/20/2015, 20152603@27 BUD: 9/22/2015"
"Drugs","No","","72179","Terminated","US Compounding Inc","1270 Don's Lane","N/A","Conway","AR","	72032","United States","Voluntary: Firm initiated","Letter","Nationwide","D-0266-2016","Class II","MethylPREDNISolone PF (80 mg/mL), 1 mL Single Use Vial, For IM & Regional Injection, Rx only, Compounded by US Compounding Pharmacy, Conway, Arkansas, 72032, NDC 62295-3119-01.","22,627 vials","Lack of Assurance of Sterility; The firm is recalling all sterile preparations that are within expiry due to deficient practices which may have an impact on sterility assurance.    ","09/12/2015","11/17/2015","03/30/2017","11/25/2015","Lot Numbers: 20150806@35 BUD: 12/5/2015, 20151006@34 BUD: 12/7/2015, 20152303@42 BUD: 9/19/2015, 20152704@16 BUD: 10/24/2015, 20152906@26 BUD: 12/26/2015, 20153007@19 BUD: 1/26/2016, 20151703@6 BUD: 9/13/2015, 20151806@12 BUD: 12/15/2015"
"Drugs","No","","72179","Terminated","US Compounding Inc","1270 Don's Lane","N/A","Conway","AR","	72032","United States","Voluntary: Firm initiated","Letter","Nationwide","D-0267-2016","Class II","Methylprednisolone/Lidocaine (40 mg/mL/1%) 10 mL Multi-Dose Vial, For IM & Regional Injection, Rx only, Compounded by US Compounding Pharmacy, Conway, Arkansas, 72032, NDC 62295-3122-07","11,363 vials","Lack of Assurance of Sterility; The firm is recalling all sterile preparations that are within expiry due to deficient practices which may have an impact on sterility assurance.    ","09/12/2015","11/17/2015","03/30/2017","11/25/2015","Lot Numbers: 20150707@31 BUD: 1/3/2016, 20150707@36 BUD: 1/3/2016, 20151106@19 BUD: 12/8/2015, 20151604@24 BUD: 10/13/2015, 20151606@20 BUD: 12/13/2015, 20151805@60 BUD: 11/14/2015, 20152105@35 BUD: 11/17/2015, 20153103@13 BUD: 9/27/2015"
"Drugs","No","","72179","Terminated","US Compounding Inc","1270 Don's Lane","N/A","Conway","AR","	72032","United States","Voluntary: Firm initiated","Letter","Nationwide","D-0268-2016","Class II","MIC Combo (Methionine 25 mg/mL, Inositol 50 mg/mL, Choline chloride 50 mg/mL, Cyanocobalamin 1000 mcg/mL), 30 mL Multi-Dose Vial, For Deep IM Injection Only, Rx only, Compounded by US Compounding Pharmacy, Conway, Arkansas, 72032, NDC 62295-3127-06.","1,939 vials","Lack of Assurance of Sterility; The firm is recalling all sterile preparations that are within expiry due to deficient practices which may have an impact on sterility assurance.    ","09/12/2015","11/17/2015","03/30/2017","11/25/2015","Lot Numbers: 20150705@32 BUD: 11/2/2015, 20151304@17 BUD: 10/10/2015, 20151905@56 BUD: 11/15/2015, 20152004@9 BUD: 10/17/2015"
"Drugs","No","","72179","Terminated","US Compounding Inc","1270 Don's Lane","N/A","Conway","AR","	72032","United States","Voluntary: Firm initiated","Letter","Nationwide","D-0269-2016","Class II","MIC-Combo, 30 mL Multi-Dose Vial, For Deep IM Injection Only, Rx only, Compounded by US Compounding Pharmacy, Conway, Arkansas, 72032, NDC 62295-3127-06.","1,736 vials","Lack of Assurance of Sterility; The firm is recalling all sterile preparations that are within expiry due to deficient practices which may have an impact on sterility assurance.    ","09/12/2015","11/17/2015","03/30/2017","11/25/2015","Lot Code: 20150105@18 BUD: 10/28/2015, 20150805@34 BUD: 11/4/2015, 20152603@12 BUD: 9/21/2015, 20153004@20 BUD: 10/27/2015, 20150805@34 BUD: 11/4/2015, 20152603@12 BUD: 9/21/2015, 20153004@20 BUD: 10/27/2015"
"Drugs","No","","72308","Terminated","Actavis Laboratories, FL, Inc.","4955 Orange Dr","N/A","Davie","FL","	33314-3902","United States","Voluntary: Firm initiated","Letter","Nationwide and Puerto Rico","D-0014-2016","Class II","Metformin Hydrochloride Extended-Release Tablets, 1000 mg, 60-count bottle, Rx only, Manufactured by: Actavis Laboratories FL, Inc., Fort Lauderdale, FL  33314 USA; Distributed by: Actavis Pharma, Inc., Parsippany, NJ  07054 USA; NDC 0591-2720-60; UPC 3 05912 72060 3.","13,284 bottles","Failed Dissolution Specifications: Low Out-of-Specification results for the 8 hour timepoint.","09/25/2015","10/13/2015","04/10/2017","10/21/2015","Lot: 1037736A, Exp 03/18"
"Drugs","No","","72179","Terminated","US Compounding Inc","1270 Don's Lane","N/A","Conway","AR","	72032","United States","Voluntary: Firm initiated","Letter","Nationwide","D-0270-2016","Class II","Morphine PF (2 mg/2 mL), 2 mL Single Use Vial, For IV or IM Administration, Rx only, Compounded by US Compounding Pharmacy, Conway, Arkansas, 72032, NDC 62295-2171-02","5,919 vials","Lack of Assurance of Sterility; The firm is recalling all sterile preparations that are within expiry due to deficient practices which may have an impact on sterility assurance.    ","09/12/2015","11/17/2015","03/30/2017","11/25/2015","Lot Code: 20151008@2 BUD: 2/6/2016, 20151307@2 BUD: 1/9/2016, 20153107@27 BUD: 1/27/2016"
"Drugs","No","","72179","Terminated","US Compounding Inc","1270 Don's Lane","N/A","Conway","AR","	72032","United States","Voluntary: Firm initiated","Letter","Nationwide","D-0271-2016","Class II","Neostigmine (5 mg/5 mL),  5 mL Single Use Syringe, For IM, SC or Slow IV Injection, Rx only, Compounded by US Compounding Pharmacy, Conway, Arkansas, 72032, NDC 62295-3132-05","15,640 syringes","Lack of Assurance of Sterility; The firm is recalling all sterile preparations that are within expiry due to deficient practices which may have an impact on sterility assurance.    ","09/12/2015","11/17/2015","03/30/2017","11/25/2015","Lot Code: 20150106@48 BUD: 11/28/2015, 20150106@49 BUD: 11/28/2015, 20150306@37 BUD: 11/30/2015, 20150906@50 BUD: 12/6/2015, 20150906@7 BUD: 12/5/2015, 20151208@32 BUD: 2/8/2016, 20152304@2 BUD: 10/20/2015, 20152804@6 BUD:10/24/2015"
"Drugs","No","","72179","Terminated","US Compounding Inc","1270 Don's Lane","N/A","Conway","AR","	72032","United States","Voluntary: Firm initiated","Letter","Nationwide","D-0272-2016","Class II","Omnipaque 300 (600 mg/2 mL), 2 mL Single Use Vial (300 mg/mL), For IV or IT Injection, Rx only, Compounded by US Compounding Pharmacy, Conway, Arkansas, 72032, NDC 62295-3137-02","8,218 vials","Lack of Assurance of Sterility; The firm is recalling all sterile preparations that are within expiry due to deficient practices which may have an impact on sterility assurance.    ","09/12/2015","11/17/2015","03/30/2017","11/25/2015","Lot Code: 20150604@4 BUD: 10/3/2015, 20152205@1 BUD: 11/18/2015, 20152303@3 BUD: 9/19/2015, 20150604@1 BUD: 10/3/2015, 20151304@27 BUD: 9/19/2015, 20151506@19 BUD: 12/12/2015, 20151506@27R BUD: 11/28/2015, 20151603@2 BUD: 9/12/2015, 20152004@13 BUD: 10/17/2015, 20152206@13 BUD: 12/19/2015, 20152906@7 BUD: 12/26/2015"
"Drugs","No","","72179","Terminated","US Compounding Inc","1270 Don's Lane","N/A","Conway","AR","	72032","United States","Voluntary: Firm initiated","Letter","Nationwide","D-0273-2016","Class II","Phenylephrine 1.5%/ Lidocaine 1%, 1 mL Single Use Vial, For Intracameral Injection, Rx only, Compounded by US Compounding Pharmacy, Conway, Arkansas, 72032, NDC 62295-3155-01","542 vials","Lack of Assurance of Sterility; The firm is recalling all sterile preparations that are within expiry due to deficient practices which may have an impact on sterility assurance.    ","09/12/2015","11/17/2015","03/30/2017","11/25/2015","Lot Code: 20151506@31 BUD: 9/13/2015"
"Drugs","No","","72179","Terminated","US Compounding Inc","1270 Don's Lane","N/A","Conway","AR","	72032","United States","Voluntary: Firm initiated","Letter","Nationwide","D-0274-2016","Class II","Phenylephrine 10% PF Ophthalmic Solution, 3 mL dropper bottle, For Topical Ophthalmic Use, Rx only, Compounded by US Compounding Pharmacy, Conway, Arkansas, 72032, NDC 62295-3273-03.","862 bottles","Lack of Assurance of Sterility; The firm is recalling all sterile preparations that are within expiry due to deficient practices which may have an impact on sterility assurance.    ","09/12/2015","11/17/2015","03/30/2017","11/25/2015","Lot Code: 20151803@4 BUD: 9/14/2015, 20152005@19 BUD: 11/16/2015, 20152307@15 BUD: 1/19/2016, 20153003@4 BUD: 9/26/2015"
"Drugs","No","","72179","Terminated","US Compounding Inc","1270 Don's Lane","N/A","Conway","AR","	72032","United States","Voluntary: Firm initiated","Letter","Nationwide","D-0275-2016","Class II","Phenylephrine (1 mg/mL), 5 mL Multi-Dose Vial, For SC, IM, IV or penile injection, Rx only, Compounded by US Compounding Pharmacy, Conway, Arkansas, 72032, NDC 62295-3289-05","11 vials","Lack of Assurance of Sterility; The firm is recalling all sterile preparations that are within expiry due to deficient practices which may have an impact on sterility assurance.    ","09/12/2015","11/17/2015","03/30/2017","11/25/2015","Lot Code: 20150904@11 BUD: 10/6/2015"
"Drugs","No","","72179","Terminated","US Compounding Inc","1270 Don's Lane","N/A","Conway","AR","	72032","United States","Voluntary: Firm initiated","Letter","Nationwide","D-0276-2016","Class II","Phenylephrine PF (1 mg/10 mL), 10 mL Single Use Syringe, For IV Use, Rx only, Compounded by US Compounding Pharmacy, Conway, Arkansas, 72032, NDC 62295-3159-07","14,580 vials","Lack of Assurance of Sterility; The firm is recalling all sterile preparations that are within expiry due to deficient practices which may have an impact on sterility assurance.    ","09/12/2015","11/17/2015","03/30/2017","11/25/2015","Lot Code: 20150806@1 BUD: 12/5/2015, 20150806@2 BUD: 12/5/2015, 20151105@4 BUD: 11/7/2015, 20151105@6 BUD: 11/7/2015, 20151407@3 BUD: 1/10/2016, 20151603@1 BUD: 9/12/2015, 20151805@25 BUD: 11/14/2015, 20151805@28 BUD: 11/14/2015, 20152206@17 BUD: 12/19/2015, 20152707@1 BUD: 1/23/2016, 20153003@1 BUD: 9/26/2015, 20152003@2 BUD: 9/26/2015"
"Drugs","No","","72179","Terminated","US Compounding Inc","1270 Don's Lane","N/A","Conway","AR","	72032","United States","Voluntary: Firm initiated","Letter","Nationwide","D-0277-2016","Class II","Phenylephrine PF Sterile Solution (2.5%), 3 mL Single Use Ophthalmic Dropper  For Topical Ophthalmic Use, Rx only, Compounded by US Compounding Pharmacy, Conway, Arkansas, 72032, NDC 62295-3272-03","3,860 dropper bottles","Lack of Assurance of Sterility; The firm is recalling all sterile preparations that are within expiry due to deficient practices which may have an impact on sterility assurance.    ","09/12/2015","11/17/2015","03/30/2017","11/25/2015","Lot Code: 20150206@3 BUD: 11/29/2015, 20150306@51 BUD: 11/30/2015, 20151106@28 BUD: 12/8/2015, 20151404@4 BUD: 10/11/2015, 20151606@3 BUD: 12/13/2015"
"Drugs","No","","72179","Terminated","US Compounding Inc","1270 Don's Lane","N/A","Conway","AR","	72032","United States","Voluntary: Firm initiated","Letter","Nationwide","D-0278-2016","Class II","Pilocarpine (1/16%) Ophthalmic, 15 mL dropper bottle, Rx only, Compounded by US Compounding Pharmacy, Conway, Arkansas, 72653","2 bottles","Lack of Assurance of Sterility; The firm is recalling all sterile preparations that are within expiry due to deficient practices which may have an impact on sterility assurance.    ","09/12/2015","11/17/2015","03/30/2017","11/25/2015","Lot Code: 20152406@3 BUD: 9/12/2015, 20153108@16 BUD: 11/29/2015"
"Drugs","No","","72179","Terminated","US Compounding Inc","1270 Don's Lane","N/A","Conway","AR","	72032","United States","Voluntary: Firm initiated","Letter","Nationwide","D-0279-2016","Class II","Prednisolone Sodium Phosphate PF Solution (1%) in 15 mL dropper bottle; For Topical Ophthalmic Use, Compounded by US Compounding Pharmacy, Conway, Arkansas, 72653","1 bottle","Lack of Assurance of Sterility; The firm is recalling all sterile preparations that are within expiry due to deficient practices which may have an impact on sterility assurance.    ","09/12/2015","11/17/2015","03/30/2017","11/25/2015","Lot Code: 20150209@16 BUD: 10/2/2015"
"Drugs","No","","72179","Terminated","US Compounding Inc","1270 Don's Lane","N/A","Conway","AR","	72032","United States","Voluntary: Firm initiated","Letter","Nationwide","D-0280-2016","Class II","Succinylcholine Chloride (200 mg/10 mL), 10 mL Single Use Syringe (20 mg/mL), For IV use, Rx only, Compounded by US Compounding Pharmacy, Conway, Arkansas, 72653, NDC 62295-3292-07","1,590 syringes","Lack of Assurance of Sterility; The firm is recalling all sterile preparations that are within expiry due to deficient practices which may have an impact on sterility assurance.    ","09/12/2015","11/17/2015","03/30/2017","11/25/2015","Lot Code: 20152606@4 BUD: 9/23/2015, 20151108@49 BUD: 11/9/2015"
"Drugs","No","","72179","Terminated","US Compounding Inc","1270 Don's Lane","N/A","Conway","AR","	72032","United States","Voluntary: Firm initiated","Letter","Nationwide","D-0281-2016","Class II","Testosterone cypionate, USP (250 mg/mL), 10 mL Multi-Dose Vial, For Deep IM Injection Only, Rx only, Compounded by US Compounding Pharmacy, Conway, Arkansas, 72653, NDC 62295-2131-07","2,524 vials","Lack of Assurance of Sterility; The firm is recalling all sterile preparations that are within expiry due to deficient practices which may have an impact on sterility assurance.    ","09/12/2015","11/17/2015","03/30/2017","11/25/2015","Lot Code: 20150306@41 BUD: 11/30/2015, 20150505@56 BUD: 11/1/2015, 20150605@21 BUD: 11/2/2015, 20151607@33 BUD: 1/12/2015, 20152104@9 BUD: 10/18/2015, 20152206@24 BUD: 12/19/2015, 20151404@26 BUD: 10/11/2015, 20152104@9 BUD: 10/18/2015"
"Drugs","No","","72179","Terminated","US Compounding Inc","1270 Don's Lane","N/A","Conway","AR","	72032","United States","Voluntary: Firm initiated","Letter","Nationwide","D-0282-2016","Class II","Testosterone EO-Pro-Cyp 220 (220 mg/mL) 30 mL Multi-Dose Vial, For Deep IM Injection Only, Rx only, Compounded by US Compounding Pharmacy, Conway, Arkansas, 72653, NDC 62295-2169-06","1,386 vials","Lack of Assurance of Sterility; The firm is recalling all sterile preparations that are within expiry due to deficient practices which may have an impact on sterility assurance.    ","09/12/2015","11/17/2015","03/30/2017","11/25/2015","Lot Code: 20151006@46 BUD: 12/7/2015, 20151607@40 BUD: 1/12/2016, 20152005@32 BUD: 11/16/2015, 20152304@28 BUD: 10/20/2015, 20152304@5 BUD: 10/20/2015, 20152606@2 BUD: 12/22/2015, 20152907@16 BUD: 1/23/2016"
"Drugs","No","","72179","Terminated","US Compounding Inc","1270 Don's Lane","N/A","Conway","AR","	72032","United States","Voluntary: Firm initiated","Letter","Nationwide","D-0283-2016","Class II","Trace Elements-4 (Zinc Sulfate heptahydrate 4.39 mg, Cupric Sulfate pentahydrate 1.57 mg, Manganese Sulfate monohydrate USP 0.308 mg, Chromic Chloride hexahydrate USP 0.0205 mg), 10 mL Multi-Dose Vial, For IV Injection After Dilution, Dilute Before IV Use, Rx only, Compounded by US Compounding Pharmacy, Conway, Arkansas, 72653, NDC 62295-3201-07","1,093 vials","Lack of Assurance of Sterility; The firm is recalling all sterile preparations that are within expiry due to deficient practices which may have an impact on sterility assurance.    ","09/12/2015","11/17/2015","03/30/2017","11/25/2015","Lot Code: 20152804@35 BUD: 10/25/2015, 20150505@26 BUD: 11/1/2015"
"Drugs","No","","72179","Terminated","US Compounding Inc","1270 Don's Lane","N/A","Conway","AR","	72032","United States","Voluntary: Firm initiated","Letter","Nationwide","D-0284-2016","Class II","Triamcinolone acetonide, USP (50 mg/mL), 10 mL Multi-Dose Vial, For IM & Regional Injection, Rx only, Compounded by US Compounding Pharmacy, Conway, Arkansas, 72653, NDC 62295-3203-07","1,244 vials","Lack of Assurance of Sterility; The firm is recalling all sterile preparations that are within expiry due to deficient practices which may have an impact on sterility assurance.    ","09/12/2015","11/17/2015","03/30/2017","11/25/2015","Lot Code: 20150605@28 BUD: 11/2/2015, 20150607@38 BUD: 1/2/2016, 20150906@3 BUD: 12/6/2015"
"Drugs","No","","72179","Terminated","US Compounding Inc","1270 Don's Lane","N/A","Conway","AR","	72032","United States","Voluntary: Firm initiated","Letter","Nationwide","D-0285-2016","Class II","Triamcinolone/Lidocaine (40 mg/1%/mL), 10 mL Multidose Vial, For IM & Regional Injection, Rx only, Compounded by US Compounding Pharmacy, Conway, Arkansas, 72653, NDC 62295-3204-07","980 vials","Lack of Assurance of Sterility; The firm is recalling all sterile preparations that are within expiry due to deficient practices which may have an impact on sterility assurance.    ","09/12/2015","11/17/2015","03/30/2017","11/25/2015","Lot Code: 20150204@18 BUD: 9/29/2015, 20150906@38 BUD: 12/6/2015"
"Drugs","No","","72179","Terminated","US Compounding Inc","1270 Don's Lane","N/A","Conway","AR","	72032","United States","Voluntary: Firm initiated","Letter","Nationwide","D-0286-2016","Class II","Triamcinolone diacetate USP (40 mg/mL), 30 mL Multi-Dose Vial, For IM & Regional Injection, Rx only, Compounded by US Compounding Pharmacy, Conway, Arkansas, 72032, NDC 62295-3205-06","13,843 vials","Lack of Assurance of Sterility; The firm is recalling all sterile preparations that are within expiry due to deficient practices which may have an impact on sterility assurance.    ","09/12/2015","11/17/2015","03/30/2017","11/25/2015","Lot: 20150204@7 BUD: 9/29/2015, 20150304@1 BUD: 9/29/2015, 20150604@23 BUD: 10/3/2015, 20150807@50 BUD: 1/4/2016, 20150906@23 BUD: 12/6/2015, 20150906@24 BUD: 12/6/2015, 20152005@42 BUD: 11/16/2015, 20152206@52 BUD: 12/19/2015, 20152406@14 BUD: 12/21/2015, 20152603@26 BUD: 9/22/2015, 20152804@20 BUD: 10/25/2015, 20152904@20 BUD: 10/26/2015, 20152907@8 BUD: 1/25/2016, 20151603@56 BUD: 9/12/2015, 20152406@30 BUD: 12/21/2015"
"Drugs","No","","72179","Terminated","US Compounding Inc","1270 Don's Lane","N/A","Conway","AR","	72032","United States","Voluntary: Firm initiated","Letter","Nationwide","D-0287-2016","Class II","Triamcinolone diacetate USP PF (40 mg/mL),  2 mL Vial, For IM & Regional Injection, Rx only, Compounded by US Compounding Pharmacy, Conway, Arkansas, 72032, NDC 62295-3206-01","33,778 vials","Lack of Assurance of Sterility; The firm is recalling all sterile preparations that are within expiry due to deficient practices which may have an impact on sterility assurance.    ","09/12/2015","11/17/2015","03/30/2017","11/25/2015","Lot Code: 20150608@19 BUD: 2/2/2016, 20150807@35 BUD: 1/4/2016, 20152104@12 BUD: 10/1//2015, 20150105@2 BUD: 10/28/2015, 20150605@36 BUD: 11/2/2015, 20150607@26 BUD: 1/2/2016, 20150904@32 BUD: 10/6/2015, 20150906@35 BUD: 12/6/2015, 20151506@45 BUD: 12/12/2015, 20151603@43 BUD: 9/12/2015, 20152204@15 BUD: 10/19/2015, 20152506@35 BUD: 12/22/2015, 20152907@1 BUD: 1/25/2016"
"Drugs","No","","72179","Terminated","US Compounding Inc","1270 Don's Lane","N/A","Conway","AR","	72032","United States","Voluntary: Firm initiated","Letter","Nationwide","D-0288-2016","Class II","Tri-Mix 30/1/10 (papaverine HCL USP 30 mg/ phentolamine mesylate USP 1 mg/ alprostadil USP 10 mcg/mL), 5 mL Multi-Dose Vial, For Penile Injection, Rx only, Compounded by US Compounding Pharmacy, Conway, Arkansas, 72032, NDC 62295-3256-05","797 vials","Lack of Assurance of Sterility; The firm is recalling all sterile preparations that are within expiry due to deficient practices which may have an impact on sterility assurance.    ","09/12/2015","11/17/2015","03/30/2017","11/25/2015","Lot Code: 20151305@17 BUD: 9/16/2015, 20151504@18 BUD: 9/16/2015, 20151903@13 BUD: 9/12/2015, 20151903@13 BUD: 9/12/2015, 20152107@3 BUD: 1/16/2016, 20152204@6 BUD: 9/16/2015, 20152403@13 BUD: 9/12/2015, 20152403@21 BUD: 9/16/2015, 20152904@8 BUD: 9/16/2015"
"Drugs","No","","72179","Terminated","US Compounding Inc","1270 Don's Lane","N/A","Conway","AR","	72032","United States","Voluntary: Firm initiated","Letter","Nationwide","D-0289-2016","Class II","Tropicamide 0.5%/ Phenylephrine 5%, 2 mL Dropper Bottle  For Topical Ophthalmic Use, Rx only, Compounded by US Compounding Pharmacy, Conway, Arkansas, 72032, NDC 62295-3298-02","1,833 bottles","Lack of Assurance of Sterility; The firm is recalling all sterile preparations that are within expiry due to deficient practices which may have an impact on sterility assurance.    ","09/12/2015","11/17/2015","03/30/2017","11/25/2015","Lot Code: 20151606@11 BUD: 12/13/2015"
"Drugs","No","","72179","Terminated","US Compounding Inc","1270 Don's Lane","N/A","Conway","AR","	72032","United States","Voluntary: Firm initiated","Letter","Nationwide","D-0290-2016","Class II","Tropicamide 1%/Phenylephrine 2.5% (tropicamide USP 10 mg/ phenylephrine HCL USP 25 mg), 10 mL Ophthalmic Dropper, For Topical Ophthalmic Use, Rx only, Compounded by US Compounding Pharmacy, Conway, Arkansas, 72032, NDC 62295-3214-07","751 bottles","Lack of Assurance of Sterility; The firm is recalling all sterile preparations that are within expiry due to deficient practices which may have an impact on sterility assurance.    ","09/12/2015","11/17/2015","03/30/2017","11/25/2015","Lot Code: 20151307@4 BUD: 1/9/2016, 20151805@30 BUD: 11/14/2015, 20152004@23 BUD: 10/17/2015"
"Drugs","No","","72179","Terminated","US Compounding Inc","1270 Don's Lane","N/A","Conway","AR","	72032","United States","Voluntary: Firm initiated","Letter","Nationwide","D-0291-2016","Class II","Vancomycin Ophthalmic PF 0.5 mL (5 mg/0.5 mL (10 mg/mL), 1 mL syringe, For Topical Ophthalmic Use, Rx only, Compounded by US Compounding Pharmacy, Conway, Arkansas, 72032, NDC 62295-0209-64","494 syringes","Lack of Assurance of Sterility; The firm is recalling all sterile preparations that are within expiry due to deficient practices which may have an impact on sterility assurance.    ","09/12/2015","11/17/2015","03/30/2017","11/25/2015","Lot Code: 20152306@13 BUD: 12/20/2015"
"Drugs","No","","72179","Terminated","US Compounding Inc","1270 Don's Lane","N/A","Conway","AR","	72032","United States","Voluntary: Firm initiated","Letter","Nationwide","D-0292-2016","Class II","Vitamin D3 in Olive Oil (50,000 IU/mL) 30 mL vial, For IM Use only, Rx only, Compounded by US Compounding Pharmacy, Conway, Arkansas, 72032, NDC 62295-3277-06","55 vials","Lack of Assurance of Sterility; The firm is recalling all sterile preparations that are within expiry due to deficient practices which may have an impact on sterility assurance.    ","09/12/2015","11/17/2015","03/30/2017","11/25/2015","Lot Code: 20151703@26 BUD: 9/13/2015, 20151703@26 BUD: 9/13/2015"
"Drugs","No","","72179","Terminated","US Compounding Inc","1270 Don's Lane","N/A","Conway","AR","	72032","United States","Voluntary: Firm initiated","Letter","Nationwide","D-0293-2016","Class II","Voriconazole Solution (1%(10 mg/mL), 15 mL dropper bottle; For Topical Ophthalmic Use, Rx only, Compounded by US Compounding Pharmacy, Conway, Arkansas, 72032, NDC 62295-2815-10","2 dropper bottles","Lack of Assurance of Sterility; The firm is recalling all sterile preparations that are within expiry due to deficient practices which may have an impact on sterility assurance.    ","09/12/2015","11/17/2015","03/30/2017","11/25/2015","Lot Code: 20150209@40 BUD: 9/16/2015"
"Drugs","No","","72179","Terminated","US Compounding Inc","1270 Don's Lane","N/A","Conway","AR","	72032","United States","Voluntary: Firm initiated","Letter","Nationwide","D-0294-2016","Class II","Zinc Sulfate  (1 mg/mL), 10 mL Single Dose Vial, For IV Use After Dilution, Rx only, Compounded by US Compounding Pharmacy, Conway, Arkansas, 72032, NDC  62295-3226-07","562 vials","Lack of Assurance of Sterility; The firm is recalling all sterile preparations that are within expiry due to deficient practices which may have an impact on sterility assurance.    ","09/12/2015","11/17/2015","03/30/2017","11/25/2015","Lot Code: 20150804@1 BUD: 10/5/2015, 20150907@1 BUD: 1/5/2016"
"Drugs","No","","72324","Terminated","Merck Sharp & Dohme, Wilson Facility","4633 Merck Rd W","N/A","Wilson","NC","	27893-9613","United States","Voluntary: Firm initiated","Letter","KY, MS and OH.","D-0007-2016","Class II","Vytorin (ezetimibe and simvastatin) tablets, 10 mg/20 mg, each tablet contains 10 mg ezetimibe and 20 mg simvastatin, Rx Only, 1000 count Bottle, Manuf. For Merck Sharp & Dohme Corp, a subsidiary of Merck & Co., Inc., Whitehouse Station, NJ 08889, NDC 66582-0312-82.","N/A","Presence of Foreign Tablet/Capsule: Vytorin 10 mg/40 mg tablets were found in bottles of Vytorin 10 mg/20 mg tablets.","08/14/2015","10/05/2015","05/04/2016","10/14/2015","Lot number: L013425, Exp. 11/2016"
"Drugs","No","","71973","Terminated","Ohm Laboratories, Inc.","1385 Livingston Ave","N/A","North Brunswick","NJ","	08902-1829","United States","Voluntary: Firm initiated","Letter","Nationwide.","D-0039-2016","Class III","Meijer Loratadine Orally Disintegrating Tablets, USP, 10 mg, 30-count tablets per box, Dist. By Meijer Distribution Inc. 2929 Walker Avenue NW, Grand Rapids, MI  49544. NDC 41250-527-31, UPC 7 6023662291 8","5,040 boxes","Superpotent Drug: Out Of Specification (OOS) result for Assay.  ","07/28/2015","10/15/2015","10/28/2016","10/21/2015","Batch Number:  2610783, Exp 4/30/2016"
"Drugs","No","","71806","Terminated","JD & SN Inc., dba Moses Lake Professional Pharmacy","1555 Pilgrim St","N/A","Moses Lake","WA","	98837-4623","United States","Voluntary: Firm initiated","Press Release","Nationwide","D-0068-2016","Class II","CHORIONIC GONADOTROPIN COMPOUNDED, Injectable Solution, 200 UNITS/0.2ML per syringe, Rx only, JD & SN Inc, DBA Moses Lake Professional Pharmacy, 1555 S. Pilgrim St. Moses Lake WA  98837, (509)764-2314","184 syringes","Lack of Assurance of Sterility; all sterile human compounded drugs within expiry","07/24/2015","10/27/2015","04/13/2016","11/04/2015","t01292015@25, t04132015@3, t04232015@27, t05132015@22, t06232015@26, t08052014@6, t11042014@11."
"Drugs","No","","71806","Terminated","JD & SN Inc., dba Moses Lake Professional Pharmacy","1555 Pilgrim St","N/A","Moses Lake","WA","	98837-4623","United States","Voluntary: Firm initiated","Press Release","Nationwide","D-0069-2016","Class II","CHORIONIC GONADOTROPIN COMPOUNDED, Injectable Solution, 250 UNITS/0.25ML per syringe, Rx only, JD & SN Inc, DBA Moses Lake Professional Pharmacy, 1555 S. Pilgrim St. Moses Lake WA  98837, (509)764-2314","40 syringes","Lack of Assurance of Sterility; all sterile human compounded drugs within expiry","07/24/2015","10/27/2015","04/13/2016","11/04/2015","t04292015@13"
"Drugs","No","","71806","Terminated","JD & SN Inc., dba Moses Lake Professional Pharmacy","1555 Pilgrim St","N/A","Moses Lake","WA","	98837-4623","United States","Voluntary: Firm initiated","Press Release","Nationwide","D-0070-2016","Class II","CHORIONIC GONADOTROPIN COMPOUNDED, Injectable Solution, 500 UNITS/0.5ML per syringe, Rx only, JD & SN Inc, DBA Moses Lake Professional Pharmacy, 1555 S. Pilgrim St. Moses Lake WA  98837, (509)764-2314","64 syringes","Lack of Assurance of Sterility; all sterile human compounded drugs within expiry","07/24/2015","10/27/2015","04/13/2016","11/04/2015","t03272015@13 and t04292015@14"
"Drugs","No","","71806","Terminated","JD & SN Inc., dba Moses Lake Professional Pharmacy","1555 Pilgrim St","N/A","Moses Lake","WA","	98837-4623","United States","Voluntary: Firm initiated","Press Release","Nationwide","D-0071-2016","Class II","CHORIONIC GONADOTROPIN/CYANOCOBALAMIN, Injectable Solution, 1000 units/1 mL per syringe, Rx only, JD & SN Inc, DBA Moses Lake Professional Pharmacy, 1555 S. Pilgrim St. Moses Lake WA  98837, (509)764-2314  ","42 syringes","Lack of Assurance of Sterility; all sterile human compounded drugs within expiry","07/24/2015","10/27/2015","04/13/2016","11/04/2015","t05112015@18, t05222015@21, t06092015@1"
"Drugs","No","","71806","Terminated","JD & SN Inc., dba Moses Lake Professional Pharmacy","1555 Pilgrim St","N/A","Moses Lake","WA","	98837-4623","United States","Voluntary: Firm initiated","Press Release","Nationwide","D-0072-2016","Class II","CHORIONIC GONADOTROPIN/CYANOCOBALAMIN, Injectable Solution, 2000 unit/1mg/mL per syringe, Rx only, JD & SN Inc, DBA Moses Lake Professional Pharmacy, 1555 S. Pilgrim St. Moses Lake WA  98837, (509)764-2314","26 syringes","Lack of Assurance of Sterility; all sterile human compounded drugs within expiry","07/24/2015","10/27/2015","04/13/2016","11/04/2015","t05192015@19"
"Drugs","No","","71806","Terminated","JD & SN Inc., dba Moses Lake Professional Pharmacy","1555 Pilgrim St","N/A","Moses Lake","WA","	98837-4623","United States","Voluntary: Firm initiated","Press Release","Nationwide","D-0073-2016","Class II","CYANOCOBALAMIN MDV (COMPOUNDED), Injectable Solution, 1 MG/ML per syringe, Rx only, JD & SN Inc, DBA Moses Lake Professional Pharmacy, 1555 S. Pilgrim St. Moses Lake WA  98837, (509)764-2314","30 syringes","Lack of Assurance of Sterility; all sterile human compounded drugs within expiry","07/24/2015","10/27/2015","04/13/2016","11/04/2015","t01062015@24"
"Drugs","No","","71806","Terminated","JD & SN Inc., dba Moses Lake Professional Pharmacy","1555 Pilgrim St","N/A","Moses Lake","WA","	98837-4623","United States","Voluntary: Firm initiated","Press Release","Nationwide","D-0074-2016","Class II","DEXPANTHENOL, Injectable Solution, 250 MG/ML, 30 mL syringes, Rx only, JD & SN Inc, DBA Moses Lake Professional Pharmacy, 1555 S. Pilgrim St. Moses Lake WA  98837, (509)764-2314","6 syringes","Lack of Assurance of Sterility; all sterile human compounded drugs within expiry","07/24/2015","10/27/2015","04/13/2016","11/04/2015","t05282015@25"
"Drugs","No","","71806","Terminated","JD & SN Inc., dba Moses Lake Professional Pharmacy","1555 Pilgrim St","N/A","Moses Lake","WA","	98837-4623","United States","Voluntary: Firm initiated","Press Release","Nationwide","D-0075-2016","Class II","DIHYDROERGOTAMINE MESYLATE, Injectable Solution, 1 MG/ML, 20 mL syringe, Rx only, JD & SN Inc, DBA Moses Lake Professional Pharmacy, 1555 S. Pilgrim St. Moses Lake WA  98837, (509)764-2314","8 syringes","Lack of Assurance of Sterility; all sterile human compounded drugs within expiry","07/24/2015","10/27/2015","04/13/2016","11/04/2015","t02162015@9, t04132015@10, t05192015@15, t07062015@20, t07242014@11, t08292014@13, t11212014@17, t12312014@15."
"Drugs","No","","71806","Terminated","JD & SN Inc., dba Moses Lake Professional Pharmacy","1555 Pilgrim St","N/A","Moses Lake","WA","	98837-4623","United States","Voluntary: Firm initiated","Press Release","Nationwide","D-0076-2016","Class II","DMPS (DIMERCAPTO-PROPANESULFONIC NA (SINGLE USE ONLY), Injectable Solution, 500 mg/mL, 5mL syringe, Rx only,  JD & SN Inc, DBA Moses Lake Professional Pharmacy, 1555 S. Pilgrim St. Moses Lake WA  98837, (509)764-2314  ","1 syringe","Lack of Assurance of Sterility; all sterile human compounded drugs within expiry","07/24/2015","10/27/2015","04/13/2016","11/04/2015","t07012015@25"
"Drugs","No","","71806","Terminated","JD & SN Inc., dba Moses Lake Professional Pharmacy","1555 Pilgrim St","N/A","Moses Lake","WA","	98837-4623","United States","Voluntary: Firm initiated","Press Release","Nationwide","D-0077-2016","Class II","EDETATE CALCIUM DISODIUM (SINGLE USE ONLY), Injectable Solution, 300 mg/mL, 10 mL syringe, Rx only, JD & SN Inc, DBA Moses Lake Professional Pharmacy, 1555 S. Pilgrim St. Moses Lake WA  98837, (509)764-2314          ","1 syringe","Lack of Assurance of Sterility; all sterile human compounded drugs within expiry","07/24/2015","10/27/2015","04/13/2016","11/04/2015","t07012015@24"
"Drugs","No","","71806","Terminated","JD & SN Inc., dba Moses Lake Professional Pharmacy","1555 Pilgrim St","N/A","Moses Lake","WA","	98837-4623","United States","Voluntary: Firm initiated","Press Release","Nationwide","D-0078-2016","Class II","ESTRADIOL, Pellet, 12.5 mg, Rx only, JD & SN Inc, DBA Moses Lake Professional Pharmacy, 1555 S. Pilgrim St. Moses Lake WA  98837, (509)764-2314                ","2 pellets","Lack of Assurance of Sterility; all sterile human compounded drugs within expiry","07/24/2015","10/27/2015","04/13/2016","11/04/2015","t03132015@20, t07072015@13"
"Drugs","No","","71806","Terminated","JD & SN Inc., dba Moses Lake Professional Pharmacy","1555 Pilgrim St","N/A","Moses Lake","WA","	98837-4623","United States","Voluntary: Firm initiated","Press Release","Nationwide","D-0079-2016","Class II","ESTRADIOL, Pellet, 12 mg, Rx only, JD & SN Inc, DBA Moses Lake Professional Pharmacy, 1555 S. Pilgrim St. Moses Lake WA  98837, (509)764-2314              ","1 pellet","Lack of Assurance of Sterility; all sterile human compounded drugs within expiry","07/24/2015","10/27/2015","04/13/2016","11/04/2015","07102015@10"
"Drugs","No","","71806","Terminated","JD & SN Inc., dba Moses Lake Professional Pharmacy","1555 Pilgrim St","N/A","Moses Lake","WA","	98837-4623","United States","Voluntary: Firm initiated","Press Release","Nationwide","D-0080-2016","Class II","ESTRADIOL, Pellet, 18 mg, Rx only, JD & SN Inc, DBA Moses Lake Professional Pharmacy, 1555 S. Pilgrim St. Moses Lake WA  98837, (509)764-2314    ","1 pellet","Lack of Assurance of Sterility; all sterile human compounded drugs within expiry","07/24/2015","10/27/2015","04/13/2016","11/04/2015","t07312014@14"
"Drugs","No","","71806","Terminated","JD & SN Inc., dba Moses Lake Professional Pharmacy","1555 Pilgrim St","N/A","Moses Lake","WA","	98837-4623","United States","Voluntary: Firm initiated","Press Release","Nationwide","D-0081-2016","Class II","ESTRADIOL, Pellet, 20 mg, Rx only, JD & SN Inc, DBA Moses Lake Professional Pharmacy, 1555 S. Pilgrim St. Moses Lake WA  98837, (509)764-2314            ","9 pellets","Lack of Assurance of Sterility; all sterile human compounded drugs within expiry","07/24/2015","10/27/2015","04/13/2016","11/04/2015","t12022014@19, t08132014@24, t08042014@40, t07082015@25, t06192015@25, t03192015@5, t02162015@11, t02062015@12."
"Drugs","No","","71806","Terminated","JD & SN Inc., dba Moses Lake Professional Pharmacy","1555 Pilgrim St","N/A","Moses Lake","WA","	98837-4623","United States","Voluntary: Firm initiated","Press Release","Nationwide","D-0082-2016","Class II","ESTRADIOL, Injectable Solution, 20 mg/mL, 5 mL  syringe, Rx only, JD & SN Inc, DBA Moses Lake Professional Pharmacy, 1555 S. Pilgrim St. Moses Lake WA  98837, (509)764-2314","2 syringes","Lack of Assurance of Sterility; all sterile human compounded drugs within expiry","07/24/2015","10/27/2015","04/13/2016","11/04/2015","t03132015@5, t05182015@21"
"Drugs","No","","71806","Terminated","JD & SN Inc., dba Moses Lake Professional Pharmacy","1555 Pilgrim St","N/A","Moses Lake","WA","	98837-4623","United States","Voluntary: Firm initiated","Press Release","Nationwide","D-0083-2016","Class II","ESTRADIOL, Pellet, 25 mg,  Rx only, JD & SN Inc, DBA Moses Lake Professional Pharmacy, 1555 S. Pilgrim St. Moses Lake WA  98837, (509)764-2314              ","10 pellets","Lack of Assurance of Sterility; all sterile human compounded drugs within expiry","07/24/2015","10/27/2015","04/13/2016","11/04/2015","t10222014@3, t10202014@24, t09022014@12, t08082014@20, t07222014@33, t06112015@38, t04232015@28, t04072015@12, t02182015@7, t01122015@14."
"Drugs","No","","71806","Terminated","JD & SN Inc., dba Moses Lake Professional Pharmacy","1555 Pilgrim St","N/A","Moses Lake","WA","	98837-4623","United States","Voluntary: Firm initiated","Press Release","Nationwide","D-0084-2016","Class II","ESTRADIOL, Pellet, 30 mg,  Rx only, JD & SN Inc, DBA Moses Lake Professional Pharmacy, 1555 S. Pilgrim St. Moses Lake WA  98837, (509)764-2314              ","1 pellet","Lack of Assurance of Sterility; all sterile human compounded drugs within expiry","07/24/2015","10/27/2015","04/13/2016","11/04/2015","t06162015@18"
"Drugs","No","","71806","Terminated","JD & SN Inc., dba Moses Lake Professional Pharmacy","1555 Pilgrim St","N/A","Moses Lake","WA","	98837-4623","United States","Voluntary: Firm initiated","Press Release","Nationwide","D-0085-2016","Class II","ESTRADIOL, Pellet, 3 mg,  Rx only, JD & SN Inc, DBA Moses Lake Professional Pharmacy, 1555 S. Pilgrim St. Moses Lake WA  98837, (509)764-2314            ","68 pellets","Lack of Assurance of Sterility; all sterile human compounded drugs within expiry","07/24/2015","10/27/2015","04/13/2016","11/04/2015","t12092014@19, t11252014@18, t09222014@34, t09082014@23, t09052014@11, t08262014@16, t08042014@36, t07022015@34, t06022015@28, t05112015@13, t03302015@22, t03062015@27, t01232015@23, t01022015@16, 10242014@3, 10072014@5."
"Drugs","No","","71806","Terminated","JD & SN Inc., dba Moses Lake Professional Pharmacy","1555 Pilgrim St","N/A","Moses Lake","WA","	98837-4623","United States","Voluntary: Firm initiated","Press Release","Nationwide","D-0086-2016","Class II","ESTRADIOL, Pellet, 6 mg,  Rx only, JD & SN Inc, DBA Moses Lake Professional Pharmacy, 1555 S. Pilgrim St. Moses Lake WA  98837, (509)764-2314            ","79 pellets","Lack of Assurance of Sterility; all sterile human compounded drugs within expiry","07/24/2015","10/27/2015","04/13/2016","11/04/2015","t12242014@13, t12092014@20, t11172014@26, t10032014@20, t09162014@19, t08152014@8, t07232014@21, t06122015@14, t05222015@11, t04092015@5, t02252015@11, t01122015@34."
"Drugs","No","","71806","Terminated","JD & SN Inc., dba Moses Lake Professional Pharmacy","1555 Pilgrim St","N/A","Moses Lake","WA","	98837-4623","United States","Voluntary: Firm initiated","Press Release","Nationwide","D-0087-2016","Class II","ESTRADIOL, Pellet, 75 mg,  Rx only, JD & SN Inc, DBA Moses Lake Professional Pharmacy, 1555 S. Pilgrim St. Moses Lake WA  98837, (509)764-2314        ","6 pellets","Lack of Assurance of Sterility; all sterile human compounded drugs within expiry","07/24/2015","10/27/2015","04/13/2016","11/04/2015","t11122014@22, t10282014@8, t05122015@2, t02022015@17, t01282014@25."
"Drugs","No","","71806","Terminated","JD & SN Inc., dba Moses Lake Professional Pharmacy","1555 Pilgrim St","N/A","Moses Lake","WA","	98837-4623","United States","Voluntary: Firm initiated","Press Release","Nationwide","D-0088-2016","Class II","ESTRADIOL, Pellet, 9 mg,  Rx only, JD & SN Inc, DBA Moses Lake Professional Pharmacy, 1555 S. Pilgrim St. Moses Lake WA  98837, (509)764-2314        ","6 pellets","Lack of Assurance of Sterility; all sterile human compounded drugs within expiry","07/24/2015","10/27/2015","04/13/2016","11/04/2015","t12052014@17, t11192014@17, t11072014@13, t07202015@15, t05142015@15, t03052015@3."
"Drugs","No","","71806","Terminated","JD & SN Inc., dba Moses Lake Professional Pharmacy","1555 Pilgrim St","N/A","Moses Lake","WA","	98837-4623","United States","Voluntary: Firm initiated","Press Release","Nationwide","D-0089-2016","Class II","ETHYL ALCOHOL (STERILE FOR INJECTION) 100%, Injectable Solution, 200 PROOF, 30 mL syringe, Rx only, JD & SN Inc, DBA Moses Lake Professional Pharmacy, 1555 S. Pilgrim St. Moses Lake WA  98837, (509)764-2314                ","1 syringe","Lack of Assurance of Sterility; all sterile human compounded drugs within expiry","07/24/2015","10/27/2015","04/13/2016","11/04/2015","t05192015@11"
"Drugs","No","","71806","Terminated","JD & SN Inc., dba Moses Lake Professional Pharmacy","1555 Pilgrim St","N/A","Moses Lake","WA","	98837-4623","United States","Voluntary: Firm initiated","Press Release","Nationwide","D-0090-2016","Class II","FOLIC ACID (COMPOUNDED), Injectable Solution, 5 mg/mL, 5 mL syringe, Rx only, JD & SN Inc, DBA Moses Lake Professional Pharmacy, 1555 S. Pilgrim St. Moses Lake WA  98837, (509)764-2314        ","3 syringes","Lack of Assurance of Sterility; all sterile human compounded drugs within expiry","07/24/2015","10/27/2015","04/13/2016","11/04/2015","t06032015@23"
"Drugs","No","","71806","Terminated","JD & SN Inc., dba Moses Lake Professional Pharmacy","1555 Pilgrim St","N/A","Moses Lake","WA","	98837-4623","United States","Voluntary: Firm initiated","Press Release","Nationwide","D-0091-2016","Class II","FOLIC ACID, Injectable Solution, 10 mg/mL, 30 mL syringe, Rx only, JD & SN Inc, DBA Moses Lake Professional Pharmacy, 1555 S. Pilgrim St. Moses Lake WA  98837, (509)764-2314","6 syringes","Lack of Assurance of Sterility; all sterile human compounded drugs within expiry","07/24/2015","10/27/2015","04/13/2016","11/04/2015","t02182015@36, t03052015@23, t03302015@17, t05132015@33, t06192015@20,"
"Drugs","No","","71806","Terminated","JD & SN Inc., dba Moses Lake Professional Pharmacy","1555 Pilgrim St","N/A","Moses Lake","WA","	98837-4623","United States","Voluntary: Firm initiated","Press Release","Nationwide","D-0092-2016","Class II","GLUTATHIONE  MDV, Injectable Solution, 200 mg/mL, syringe sizes: 60 mL, 90 mL; 100 mL; and 150 mL, Rx only, JD & SN Inc, DBA Moses Lake Professional Pharmacy, 1555 S. Pilgrim St. Moses Lake WA  98837, (509)764-2314","1 (60mL) syringe, 3 (90mL) syringe, 5 (100mL) syringe, 1 (150mL) syringe","Lack of Assurance of Sterility; all sterile human compounded drugs within expiry","07/24/2015","10/27/2015","04/13/2016","11/04/2015","t12012014@6, t09182014@28, t09162014@31, t09162014@22, t08292014@6, t08122014@26, t07222014@15, t05262015@13, t01192015@11, t05082015@4, t04202015@13"
"Drugs","No","","71806","Terminated","JD & SN Inc., dba Moses Lake Professional Pharmacy","1555 Pilgrim St","N/A","Moses Lake","WA","	98837-4623","United States","Voluntary: Firm initiated","Press Release","Nationwide","D-0093-2016","Class II","GLUTATHIONE (L), Injectable Solution, 75 mg/mL, 64 mL syringe , Rx only, JD & SN Inc, DBA Moses Lake Professional Pharmacy, 1555 S. Pilgrim St. Moses Lake WA  98837, (509)764-2314      ","2 syringes","Lack of Assurance of Sterility; all sterile human compounded drugs within expiry","07/24/2015","10/27/2015","04/13/2016","11/04/2015","t03192015@31, t04272015@5"
"Drugs","No","","71806","Terminated","JD & SN Inc., dba Moses Lake Professional Pharmacy","1555 Pilgrim St","N/A","Moses Lake","WA","	98837-4623","United States","Voluntary: Firm initiated","Press Release","Nationwide","D-0094-2016","Class II","GLYCOPYRROLATE, Injectable Solution, 0.2 mg/mL, 300 mL syringe, Rx only, JD & SN Inc, DBA Moses Lake Professional Pharmacy, 1555 S. Pilgrim St. Moses Lake WA  98837, (509)764-2314      ","2 syringes","Lack of Assurance of Sterility; all sterile human compounded drugs within expiry","07/24/2015","10/27/2015","04/13/2016","11/04/2015","t02052015@24 and  t04282015@22."
"Drugs","No","","71806","Terminated","JD & SN Inc., dba Moses Lake Professional Pharmacy","1555 Pilgrim St","N/A","Moses Lake","WA","	98837-4623","United States","Voluntary: Firm initiated","Press Release","Nationwide","D-0095-2016","Class II","HYDROXOCOBALAMIN  (PRESERVATIVE FREE) UNIT DOSE SYRINGES, Injectable Solution, 1.5 mg/0.25 mL, 20 mL syringes, Rx only, JD & SN Inc, DBA Moses Lake Professional Pharmacy, 1555 S. Pilgrim St. Moses Lake WA  98837, (509)764-2314        ","11 syringes","Lack of Assurance of Sterility; all sterile human compounded drugs within expiry","07/24/2015","10/27/2015","04/13/2016","11/04/2015","t12192014@13, t11212014@24, t10022014@24, t09092014@17, t06112015@34, t05182015@12, t03062015@39, t03032015@22, t02202015@18, t01292015@26, t01192015@10."
"Drugs","No","","71806","Terminated","JD & SN Inc., dba Moses Lake Professional Pharmacy","1555 Pilgrim St","N/A","Moses Lake","WA","	98837-4623","United States","Voluntary: Firm initiated","Press Release","Nationwide","D-0096-2016","Class II","HYDROXOCOBALAMIN  (PRESERVATIVE FREE) UNIT DOSE SYRINGES, Injectable Solution, 3 mg/0.25 mL, syringe sizes: 20 mL and 30 mL, Rx only, JD & SN Inc, DBA Moses Lake Professional Pharmacy, 1555 S. Pilgrim St. Moses Lake WA  98837, (509)764-2314","3 (30mL) syringes, 1 (20mL) syringe","Lack of Assurance of Sterility; all sterile human compounded drugs within expiry","07/24/2015","10/27/2015","04/13/2016","11/04/2015","t03312015@20, t05062015@28, t06082015@22, t05112015@17."
"Drugs","No","","71806","Terminated","JD & SN Inc., dba Moses Lake Professional Pharmacy","1555 Pilgrim St","N/A","Moses Lake","WA","	98837-4623","United States","Voluntary: Firm initiated","Press Release","Nationwide","D-0097-2016","Class II","HYDROXOCOBALAMIN (COMPOUNDED), Injectable Solution, 1 mg/mL, 30 mL syringe, Rx only, JD & SN Inc, DBA Moses Lake Professional Pharmacy, 1555 S. Pilgrim St. Moses Lake WA  98837, (509)764-2314    ","3 syringes","Lack of Assurance of Sterility; all sterile human compounded drugs within expiry","07/24/2015","10/27/2015","04/13/2016","11/04/2015","t10032014@12, t11032014@18, t02022015@4"
"Drugs","No","","71806","Terminated","JD & SN Inc., dba Moses Lake Professional Pharmacy","1555 Pilgrim St","N/A","Moses Lake","WA","	98837-4623","United States","Voluntary: Firm initiated","Press Release","Nationwide","D-0098-2016","Class II","HYDROXOCOBALAMIN MULTIDOSE VIAL, Injectable Solution, 5 mg/mL, syringe sizes: 6 mL, 10 mL, 30 mL, Rx only, JD & SN Inc, DBA Moses Lake Professional Pharmacy, 1555 S. Pilgrim St. Moses Lake WA  98837, (509)764-2314    ","2 (6mL) syringes, 5 (10mL) syringes, 1 (30mL) syringe","Lack of Assurance of Sterility; all sterile human compounded drugs within expiry","07/24/2015","10/27/2015","04/13/2016","11/04/2015","t12232014@26, t10302014@14, t09232014@18, t09052014@20, t08132014@15, t07222014@23, t06302015@24, t03192015@37."
"Drugs","No","","71806","Terminated","JD & SN Inc., dba Moses Lake Professional Pharmacy","1555 Pilgrim St","N/A","Moses Lake","WA","	98837-4623","United States","Voluntary: Firm initiated","Press Release","Nationwide","D-0099-2016","Class II","HYDROXYCOBALAMINE/METHYLCOBALAMINE PF UNIT DOSE, Injectable Solution, 1.5/1.5 mg/0.25 mL per syringe, Rx only, JD & SN Inc, DBA Moses Lake Professional Pharmacy, 1555 S. Pilgrim St. Moses Lake WA  98837, (509)764-2314","5 syringes","Lack of Assurance of Sterility; all sterile human compounded drugs within expiry","07/24/2015","10/27/2015","04/13/2016","11/04/2015","t07092015@35"
"Drugs","No","","71806","Terminated","JD & SN Inc., dba Moses Lake Professional Pharmacy","1555 Pilgrim St","N/A","Moses Lake","WA","	98837-4623","United States","Voluntary: Firm initiated","Press Release","Nationwide","D-0100-2016","Class II","HYDROXYPROGESTERONE CAPROATE OIL, injectable Solution, 250 mg/mL, syringe sizes: 4 mL; 5 mL; 6 mL; 10 mL; 16 mL; 18 mL; 20 mL; and 22 mL, Rx only, JD & SN Inc, DBA Moses Lake Professional Pharmacy, 1555 S. Pilgrim St. Moses Lake WA  98837, (509)764-2314    ","3 (4mL) syringes, 4 (5mL) syringes, 1 (6mL) syringe, 13 (10mL) syringes, 1 (16mL) syringe, 1 (18mL) syringe, 14 (20mL) syringes, 2 (22mL) syringes","Lack of Assurance of Sterility; all sterile human compounded drugs within expiry","07/24/2015","10/27/2015","04/13/2016","11/04/2015","t12182014@7, t12052014@12, t10312014@21, t10102014@21, t10072014@6, t09172014@30, t09152014@11, t08132014@13, t08112014@28, t07282014@28, t07282014@16, t07012015@7, t06302015@31, t06222015@17, t06112015@14, t06022015@17, t05182015@24, t05152015@19, t05072015@9, t04272015@19, t04232015@22, t04212015@16, t04162015@21, t04092015@2, t04022015@27, t03162015@16, t03052015@25, t03022015@13, t02272015@22, t02202015@23, t02172015@8, t02132015@19, 08202014@12, 05042015@11; t02062015@29, t03312015@5, t06052015@3, t06172015@47, t06292015@13, and t10232014@22, t07242014@6"
"Drugs","No","","71806","Terminated","JD & SN Inc., dba Moses Lake Professional Pharmacy","1555 Pilgrim St","N/A","Moses Lake","WA","	98837-4623","United States","Voluntary: Firm initiated","Press Release","Nationwide","D-0101-2016","Class II","MEDROXYPROGESTERONE ACETATE, injectable Solution,150MG/ML, 10mL syringe, Rx only, JD & SN Inc, DBA Moses Lake Professional Pharmacy, 1555 S. Pilgrim St. Moses Lake WA  98837, (509)764-2314","11 Syringes","Lack of Assurance of Sterility; all sterile human compounded drugs within expiry","07/24/2015","10/27/2015","04/13/2016","11/04/2015","t03182015@4 and t07062015@5"
"Drugs","No","","71806","Terminated","JD & SN Inc., dba Moses Lake Professional Pharmacy","1555 Pilgrim St","N/A","Moses Lake","WA","	98837-4623","United States","Voluntary: Firm initiated","Press Release","Nationwide","D-0102-2016","Class II","METHIONINE/CHOLINE/INOSITOL, injectable Solution, 25/50/50 MG/ML, 10 mL syringes, Rx only, JD & SN Inc, DBA Moses Lake Professional Pharmacy, 1555 S. Pilgrim St. Moses Lake WA  98837, (509)764-2314    ","2 syringes","Lack of Assurance of Sterility; all sterile human compounded drugs within expiry","07/24/2015","10/27/2015","04/13/2016","11/04/2015","t03192015@20, t06012015@6, t04292015@18, t06192015@16, t07012015@26"
"Drugs","No","","71806","Terminated","JD & SN Inc., dba Moses Lake Professional Pharmacy","1555 Pilgrim St","N/A","Moses Lake","WA","	98837-4623","United States","Voluntary: Firm initiated","Press Release","Nationwide","D-0103-2016","Class II","METHYLCOBALAMIN, injectable Solution, 10 MG/ML, syringe sizes: 10mL; 22.5mL; and 30mL, Rx only, JD & SN Inc, DBA Moses Lake Professional Pharmacy, 1555 S. Pilgrim St. Moses Lake WA  98837, (509)764-2314    ","2 (10mL) syringes, 1 (30mL) syringe, 1 (22.5mL) syringe","Lack of Assurance of Sterility; all sterile human compounded drugs within expiry","07/24/2015","10/27/2015","04/13/2016","11/04/2015","t08062014@8, t05152015@25, t01192015@26, t01072015@7."
"Drugs","No","","71806","Terminated","JD & SN Inc., dba Moses Lake Professional Pharmacy","1555 Pilgrim St","N/A","Moses Lake","WA","	98837-4623","United States","Voluntary: Firm initiated","Press Release","Nationwide","D-0104-2016","Class II","METHYLCOBALAMIN, Injectable Solution, 15 MG/ML, syringe sizes: 5 mL; 6 mL; 10 mL; 15 mL; 20 mL; 30 mL, Rx only, JD & SN Inc, DBA Moses Lake Professional Pharmacy, 1555 S. Pilgrim St. Moses Lake WA  98837, (509)764-2314","1 (5mL) syringe, 1 (6mL) syringe, 18 (10mL), 1 (15mL) syringe, 3 (20mL) syringe, 3 (30mL) syringe","Lack of Assurance of Sterility; all sterile human compounded drugs within expiry","07/24/2015","10/27/2015","04/13/2016","11/04/2015","t12312014@6, t12042014@26, t11252014@31, t10302014@35, t10282014@27, t10242014@14, t10032014@26, t10012014@18, t09302014@13, t09222014@22, t09172014@24, t09052014@1, t08132014@16, t07302014@2, t07222014@21, t06302015@5, t06182015@4, t04102015@10, t04062015@2, t03062015@8, t03032015@1, t02102015@22, t01272015@19, t01052015@31, 03312015@14"
"Drugs","No","","71806","Terminated","JD & SN Inc., dba Moses Lake Professional Pharmacy","1555 Pilgrim St","N/A","Moses Lake","WA","	98837-4623","United States","Voluntary: Firm initiated","Press Release","Nationwide","D-0105-2016","Class II","METHYLCOBALAMIN MDV, Injectable Solution, 1 MG/ML, syringe sizes: 4 mL; 10 mL; 12 mL; 15mL; 30 mL; 50 mL; and 60 mL, Rx only, JD & SN Inc, DBA Moses Lake Professional Pharmacy, 1555 S. Pilgrim St. Moses Lake WA  98837, (509)764-2314","1 (4mL) syringe, 5 (10mL) syringes, 1 (12mL) syringe, 4 (15mL) syringes,  13 (30mL) syringes, 2 (50mL) syringes, 3 (60mL) syringes","Lack of Assurance of Sterility; all sterile human compounded drugs within expiry","07/24/2015","10/27/2015","04/13/2016","11/04/2015","t12232014@10, t12052014@10, t11182014@16, t11182014@1, t10202014@5, t10132014@2, t09292014@7, t07082015@6, t07082015@30, t06112015@31, t06092015@34, t06052015@27, t06022015@9, t05282015@22, t05262015@8, t05202015@31, t04272015@11, t04132015@19, t03182015@46, t03172015@15, t03052015@22, t01192015@5. t06242015@31, t04022015@16, t02182015@34, t04172015@25, t05132015@30, t06192015@17"
"Drugs","No","","71806","Terminated","JD & SN Inc., dba Moses Lake Professional Pharmacy","1555 Pilgrim St","N/A","Moses Lake","WA","	98837-4623","United States","Voluntary: Firm initiated","Press Release","Nationwide","D-0106-2016","Class II","METHYLCOBALAMIN MDV, Injectable Solution, 2 MG/ML, 10mL syringe; Rx only, JD & SN Inc, DBA Moses Lake Professional Pharmacy, 1555 S. Pilgrim St. Moses Lake WA  98837, (509)764-2314","1 syringe","Lack of Assurance of Sterility; all sterile human compounded drugs within expiry","07/24/2015","10/27/2015","04/13/2016","11/04/2015","t06042015@22, t01202015@4, t05082015@5"
"Drugs","No","","71806","Terminated","JD & SN Inc., dba Moses Lake Professional Pharmacy","1555 Pilgrim St","N/A","Moses Lake","WA","	98837-4623","United States","Voluntary: Firm initiated","Press Release","Nationwide","D-0107-2016","Class II","METHYLCOBALAMIN MDV, Injectable Solution, 5 MG/ML, 30 mL syringe, Rx only, JD & SN Inc, DBA Moses Lake Professional Pharmacy, 1555 S. Pilgrim St. Moses Lake WA  98837, (509)764-2314  ","6 syringes","Lack of Assurance of Sterility; all sterile human compounded drugs within expiry","07/24/2015","10/27/2015","04/13/2016","11/04/2015","t05282015@23"
"Drugs","No","","71806","Terminated","JD & SN Inc., dba Moses Lake Professional Pharmacy","1555 Pilgrim St","N/A","Moses Lake","WA","	98837-4623","United States","Voluntary: Firm initiated","Press Release","Nationwide","D-0108-2016","Class II","METHYLCOBALAMIN PRESERVATIVE FREE PREFILLED, Injectable Solution, 15 MG/ML, syringe size: 12 mL, 20 mL, 30 mL, 40 mL, 60 mL, Rx only, JD & SN Inc, DBA Moses Lake Professional Pharmacy, 1555 S. Pilgrim St. Moses Lake WA  98837, (509)764-2314","1 (12mL) syringe, 204 (20mL) syringe, 3 (30mL) syringes, 3 (40mL) syringes, 1 (60mL) syringe","Lack of Assurance of Sterility; all sterile human compounded drugs within expiry","07/24/2015","10/27/2015","04/13/2016","11/04/2015","01022015@27, 01212015@13, 02042015@2, 02182015@3, 03042015@3, 03092015@12, 03182015@19, 03252015@7, 04152015@3, 04292015@4, 05112015@2, 05132015@10, 05262015@1, 06032015@6, 06082015@6, 06152015@5, 06242015@3, 06292015@9, 07092014@1, 07292014@35, 08062014@3, 08272014@1, 09292014@12, 10202014@11, 11052014@5, 11262014@7, 12082014@11, 12292014@5, t04032015@17."
"Drugs","No","","71806","Terminated","JD & SN Inc., dba Moses Lake Professional Pharmacy","1555 Pilgrim St","N/A","Moses Lake","WA","	98837-4623","United States","Voluntary: Firm initiated","Press Release","Nationwide","D-0109-2016","Class II","METHYLCOBALAMIN PRESERVATIVE FREE PREFILLED, Injectable Solution,1 mg/mL, Rx only, JD & SN Inc, DBA Moses Lake Professional Pharmacy, 1555 S. Pilgrim St. Moses Lake WA  98837, (509)764-2314","36 syringes","Lack of Assurance of Sterility; all sterile human compounded drugs within expiry","07/24/2015","10/27/2015","04/13/2016","11/04/2015","t07142015@46"
"Drugs","No","","71806","Terminated","JD & SN Inc., dba Moses Lake Professional Pharmacy","1555 Pilgrim St","N/A","Moses Lake","WA","	98837-4623","United States","Voluntary: Firm initiated","Press Release","Nationwide","D-0110-2016","Class II","METHYLCOBALAMIN/HYDROXOCOBALAMIN PRESERVATIVE FREE UNIT DOSE SYRINGES, Injectable Solution, 2.5/0. 5MG/ML, 20 mL syringe, Rx only, JD & SN Inc, DBA Moses Lake Professional Pharmacy, 1555 S. Pilgrim St. Moses Lake WA  98837, (509)764-2314","1 syringe","Lack of Assurance of Sterility; all sterile human compounded drugs within expiry","07/24/2015","10/27/2015","04/13/2016","11/04/2015","t09232014@24, t03122015@11"
"Drugs","No","","71806","Terminated","JD & SN Inc., dba Moses Lake Professional Pharmacy","1555 Pilgrim St","N/A","Moses Lake","WA","	98837-4623","United States","Voluntary: Firm initiated","Press Release","Nationwide","D-0111-2016","Class II","PAPAVERINE/PHENTOLAMINE, Injectable Solution, 30MG/1MG/ML, 10 mL syringe,  Rx only, JD & SN Inc, DBA Moses Lake Professional Pharmacy, 1555 S. Pilgrim St. Moses Lake WA  98837, (509)764-2314","8 syringes","Lack of Assurance of Sterility; all sterile human compounded drugs within expiry","07/24/2015","10/27/2015","04/13/2016","11/04/2015","t09172014@29, t08252014@1, t06082015@10, t03032015@26, t02272015@23, t01232015@12, t01122015@36, t05132015@15"
"Drugs","No","","71806","Terminated","JD & SN Inc., dba Moses Lake Professional Pharmacy","1555 Pilgrim St","N/A","Moses Lake","WA","	98837-4623","United States","Voluntary: Firm initiated","Press Release","Nationwide","D-0112-2016","Class II","PAPAVERINE/PHENTOLAMINE/ATROPINE/PROSTAGLANDIN, Injectable Solution, 9 MG/1 MG/0. 1MG/10MCG/ML, syringe 10 mL,  Rx only, JD & SN Inc, DBA Moses Lake Professional Pharmacy, 1555 S. Pilgrim St. Moses Lake WA  98837, (509)764-2314","1 syringe","Lack of Assurance of Sterility; all sterile human compounded drugs within expiry","07/24/2015","10/27/2015","04/13/2016","11/04/2015","t05222015@6"
"Drugs","No","","71806","Terminated","JD & SN Inc., dba Moses Lake Professional Pharmacy","1555 Pilgrim St","N/A","Moses Lake","WA","	98837-4623","United States","Voluntary: Firm initiated","Press Release","Nationwide","D-0113-2016","Class II","PAPAVERINE/PHENTOLAMINE/ATROPINE/PROSTAGLANDIN, Injectable Solution, 30 MG/2 MG/0. 1MG/20MCG, 10 mL syringe, Rx only, JD & SN Inc, DBA Moses Lake Professional Pharmacy, 1555 S. Pilgrim St. Moses Lake WA  98837, (509)764-2314","1 syringe","Lack of Assurance of Sterility; all sterile human compounded drugs within expiry","07/24/2015","10/27/2015","04/13/2016","11/04/2015","t03312015@8"
"Drugs","No","","72341","Terminated","Apotex Inc.","150 Signet Drive","N/A","Toronto","N/A","	N/A","Canada","Voluntary: Firm initiated","Letter","Nationwide","D-0009-2016","Class II","Bromfenac Ophthalmic Solution 0.09%, packaged in a) 1.7 mL bottle (NDC 60505-0595-05), b) 2.5 mL bottle (NDC 60505-0596-04), Rx Only, Mfg for: Apotex Corp., Weston, FL 33326.","5,520 bottles (Lot MF0537), 2,828 bottles (Lot MF8090), and 20,454 bottles (Lot MF0532)","Lack of Assurance of Sterility: Failed preservative effectiveness testing","08/25/2015","10/09/2015","06/15/2022","10/21/2015","Lot #: a) MF0537, Exp 07/2016; b) MF8090, MF0532, Exp 07/2016"
"Drugs","No","","71535","Terminated","the Compounder","340 Marshall Ave Unit 100","N/A","Aurora","IL","	60506-5649","United States","Voluntary: Firm initiated","Telephone","Nationwide","D-0228-2016","Class II","TRIEST 80/10/10 (Estrone (E1) Trit / Estradiol (E2) Trit / Estriol USP (E3)) 1.875MG capsules, Rx only, The Compounder, 340 Marshall Avenue Unit 100, Aurora, IL 60506.        ","60 capsules","Recalled products were made using an active ingredient that was recalled by a supplier due to penicillin cross contamination.","03/10/2015","11/10/2015","05/19/2016","11/18/2015","Lot # 01222015:18@3, Exp 7/21/2015"
"Drugs","No","","72346","Terminated","Tribute Pharmaceuticals US Inc.","2015 Ayrsley Town BLVD","N/A","Charlotte","NC","	28273","United States","Voluntary: Firm initiated","Two or more of the following: Email, Fax, Letter, Press Release, Telephone, Visit","Nationwide and Puerto Rico","D-0016-2016","Class III","Fenofibric Acid Tablets, 35 mg, 30-count bottles, labeled as a) FIBRICOR (fenofibric acid) Tablets, NDC 13310-101-07, UPC 3 13310-101-07 8, Manufactured for: AR SCIENTIFIC, INC., Philadelphia, PA  19124 USA; by: MUTUAL PHARMACEUTICAL CO., INC., Philadelphia, PA  19124 USA; b) FIBRICOR (fenofibric acid) Tablets, NDC 49708-101-07, UPC 3 49708 10107 8; c) Fenofibric Acid Tablets, NDC 53489-677-07, UPC 3 53489 67707 3, Rx only, Manufactured by Mutual Pharmaceutical Company, Inc., Philadelphia, PA 19124; Distributed by: Sun Pharmaceutical Industries, Inc., Cranbury, NJ 08512.","39,650 bottles","Chemical Contamination: The product may contain trace amounts of benzophenone, a component of the label varnish that may leach through the bottle and into the drug product.","10/01/2015","10/14/2015","10/27/2017","10/21/2015","Lot #: a) 6631401, Exp 03/16; b) 6631403, Exp 03/16; 6697001, Exp 06/17; c) 6631402, Exp 03/16; 6663401, Exp 10/16; 6697002, 6697004, Exp 06/17"
"Drugs","No","","72346","Terminated","Tribute Pharmaceuticals US Inc.","2015 Ayrsley Town BLVD","N/A","Charlotte","NC","	28273","United States","Voluntary: Firm initiated","Two or more of the following: Email, Fax, Letter, Press Release, Telephone, Visit","Nationwide and Puerto Rico","D-0017-2016","Class III","Fenofibric Acid Tablets 105 mg, Rx only, labeled as a) FIBRICOR (fenofibric acid) Tablets, 30-count bottles, NDC 13310-102-07, UPC 3 13310-102-07 5; b) FIBRICOR (fenofibric acid) Tablets, 90-count bottles, NDC 13310-102-90, UPC 3 13310-102-90 7; Manufactured for: AR SCIENTIFIC, INC., Philadelphia, PA  19124 USA; by: MUTUAL PHARMACEUTICAL CO., INC., Philadelphia, PA  19124 USA; and c) FIBRICOR (fenofibric acid) Tablets, 30-count bottles, NDC 49708-102-07, UPC 3 49708 10207 5; d) FIBRICOR (fenofibric acid) Tablets, 90-count bottles, NDC 49708-102-90, UPC 3 49708 10290 7; e) Fenofibric Acid Tablets, 30-count bottles, NDC 53489-678-07, UPC 3 53489 67807 0; f) Fenofibric Acid Tablets, 90-count bottles, NDC 53489-678-90, UPC 3 53489 67890 2; Manufactured by Mutual Pharmaceutical Company, Inc., Philadelphia, PA 19124, Distributed by: Sun Pharmaceutical Industries, Inc, Cranbury, NJ 08512; g) Fenofibric Acid Tablets, 30-count bottles, Professional Sample, NDC 53489-678-87, UPC 3 53489-678-87 2; Mutual Pharmaceutical Co., Inc., Philadelphia, PA  19124 USA.","140,607 bottles","Chemical Contamination: The product may contain trace amounts of benzophenone, a component of the label varnish that may leach through the bottle and into the drug product.","10/01/2015","10/14/2015","10/27/2017","10/21/2015","Lot numbers: a) 6623102, Exp 01/16; b) 6623104, Exp 01/16; c) 6674403, Exp 01/17; d) 6674402, Exp 01/17; e) 6623001, 6623004, 6623103, Exp 01/16; 6639202, 6639203, 6639303, 6639304, Exp 04/16; 6674404, Exp 01/17; 6693301, Exp 05/17; f) 6623002, 6623005, 6623105, Exp 01/16; 6639301, 6639305, Exp 04/16; 6674401, Exp 01/17; 6693302, Exp 05/17; g) 6623003, 6623106, Exp 01/16; 6639201, Exp 04/16."
"Drugs","No","","72192","Terminated","Akorn, Inc.","1925 W. Field Court, Suite 300","N/A","Lake Forest","IL","	60045","United States","Voluntary: Firm initiated","Letter","US: Nationwide","D-0231-2016","Class III","RIFAMPIN FOR INJECTION USP, 600 mg*/vial, Rx Only. Mfd. for: Akorn, Inc., Lake Forest, IL 60045. NDC: 17478-151-42.   ","6861 Vials","Failed Impurity/Degradation Specifications:  Out of Specifications result obtained for a known impurity.","08/20/2015","11/13/2015","01/26/2017","11/25/2015","Lot #: 14RIF1(A), Expiry: 9/30/2016."
"Drugs","No","","72351","Terminated","Akorn, Inc.","1925 W. Field Court, Suite 300","N/A","Lake Forest","IL","	60045","United States","Voluntary: Firm initiated","Letter","Nationwide and Puerto Rico","D-0295-2016","Class III","Hydrocortisone and Acetic Acid Otic Solution, USP, containing hydrocortisone (1%) and acetic acid (2%), 10 mL bottles, Rx Only, Hi-Tech Pharmacal, Amityville, NY 11701, Made in USA, NDC # 50383-901-10  ","13,896 bottles","Defective Container: Product missing safety seal around the neck of the bottle.  The product label indicates, ""Tamper Evident: Do not use if printed seal around cap is broken or missing.""  Because the product is missing the approved component and is not consistent with the labeling, the lot is being recalled.","08/21/2015","11/16/2015","11/29/2017","11/25/2015","Lot # 346191, Exp. 12/2016"
"Drugs","No","","72361","Terminated","Pacific Healthcare, Inc dba B&B Pharmacy","10244 Rosecrans Ave","N/A","Bellflower","CA","	90706-2602","United States","Voluntary: Firm initiated","Letter","CA and NJ","D-0165-2016","Class II","Stanozolol 200 mg/ml Injection, 20 mL vial, Rx, B & B Health Mart Pharmacy, Bellflower, CA","2 vials","Lack of Assurance of Sterility; FDA inspection identified GMP violations potentially impacting product quality and sterility","10/07/2015","11/10/2015","04/07/2016","11/18/2015","07162015@3, exp 10/14/2015, 08112015@1, exp 11/9/2015"
"Drugs","No","","72361","Terminated","Pacific Healthcare, Inc dba B&B Pharmacy","10244 Rosecrans Ave","N/A","Bellflower","CA","	90706-2602","United States","Voluntary: Firm initiated","Letter","CA and NJ","D-0166-2016","Class II","Nandrolone 200 mg/ml Injection, 10 mL and 20 mL vials, Rx, B & B Health Mart Pharmacy, Bellflower, CA","2-10ml vials, 1-20ml vial","Lack of Assurance of Sterility; FDA inspection identified GMP violations potentially impacting product quality and sterility","10/07/2015","11/10/2015","04/07/2016","11/18/2015","10 ml--  05252015@2, exp 10/23/2015; 06252015@2, exp 10/23/2015    20 mL-- 06252015@2, exp 10/23/2015"
"Drugs","No","","72361","Terminated","Pacific Healthcare, Inc dba B&B Pharmacy","10244 Rosecrans Ave","N/A","Bellflower","CA","	90706-2602","United States","Voluntary: Firm initiated","Letter","CA and NJ","D-0167-2016","Class II","Testosterone Cypionate 250 mg/mL Injection, 10 mL vial, Rx, B & B Health Mart Pharmacy, Bellflower, CA","3 vials","Lack of Assurance of Sterility; FDA inspection identified GMP violations potentially impacting product quality and sterility","10/07/2015","11/10/2015","04/07/2016","11/18/2015","07282015@7, exp 10/26/2015, 07292015@6, 10/27/2015, 08252015@4, 11/23/2015"
"Drugs","No","","72361","Terminated","Pacific Healthcare, Inc dba B&B Pharmacy","10244 Rosecrans Ave","N/A","Bellflower","CA","	90706-2602","United States","Voluntary: Firm initiated","Letter","CA and NJ","D-0168-2016","Class II","Testosterone prop. 200 mg/ml Injection, 10 mL vial, Rx, B & B Health Mart Pharmacy, Bellflower, CA","2 vials","Lack of Assurance of Sterility; FDA inspection identified GMP violations potentially impacting product quality and sterility","10/07/2015","11/10/2015","04/07/2016","11/18/2015","07282015@8, exp 10/26/2015, 07302015@4, exp 10/28/2015"
"Drugs","No","","72361","Terminated","Pacific Healthcare, Inc dba B&B Pharmacy","10244 Rosecrans Ave","N/A","Bellflower","CA","	90706-2602","United States","Voluntary: Firm initiated","Letter","CA and NJ","D-0169-2016","Class II","PAPA+PGE1+PHENTO (30mg/20mcg/1mg/ml) Injection, 5 mL and 10 mL vials, Rx, B & B Health Mart Pharmacy, Bellflower, CA","31 -10 ml vials; 16- 5 ml vials","Lack of Assurance of Sterility; FDA inspection identified GMP violations potentially impacting product quality and sterility","10/07/2015","11/10/2015","04/07/2016","11/18/2015","5 mL  06022015@11, exp 11/29/2015;  06082015@5, exp 12/5/2015;  06112015@7, exp 12/8/2015;  06112015@9, exp 12/8/2015;  06162015@7, exp 12/13/2015;  07092015@6, exp 1/5/2016;  07092015@7, exp 1/5/2016;  07162015@4, exp 1/12/2016;  07202015@1, exp 1/16/2016;  07202015@2, exp 1/16/2016;  08032015@6, exp 1/30/2016;  08142015@12, exp 2/10/2016;  08142015@13, exp 2/10/2016;  08142015@7, exp 2/10/2016;  08182015@14, exp 2/14/2016;  08242015@6, exp 2/20/2016 ---    10 mL  05042015@4, exp 10/31/2015;  06012015@6,                 exp 11/28/2015;  06022015@12, exp 11/29/2015;  06032015@5, exp 11/30/2015;  06082015@4, exp 12/5/2015;  06082015@5, exp 12/5/2015;  06112015@4, exp 12/8/2015;  06152015@10, exp 12/12/2015;  06162015@6, exp 12/13/2015;  06232015@12, exp 12/20/2015;  07012015@1, exp 12/28/2015;  07092015@8, exp 1/5/2016;  07132015@2, exp 1/9/2016;  07152015@10, exp 1/11/2016;  07162015@6, exp 1/12/2016;  07272015@4, exp 1/23/2016;  07282015@3, exp 1/24/2016;  07282015@4, exp 1/24/2016;  07282015@5, exp 1/24/2016;  07292015@4, exp1/25/2016;  08032015@2, exp 1/30/2016;  08032015@7, exp 1/30/2016;  08142015@10, exp 2/10/2016;  08142015@11, exp 2/10/2016;  08142015@2, exp 2/10/2016;  08142015@4, exp 2/10/2016;  08142015@6, exp 2/10/2016;  08142015@8, exp 2/10/2016;  08182015@12, exp 2/14/2016;  08182015@13, exp 2/14/2016;  08312015@4, exp 2/20/2016"
"Drugs","No","","72361","Terminated","Pacific Healthcare, Inc dba B&B Pharmacy","10244 Rosecrans Ave","N/A","Bellflower","CA","	90706-2602","United States","Voluntary: Firm initiated","Letter","CA and NJ","D-0170-2016","Class II","PAPA/PHENTO (30mg/1mg/ml) Injection, 5 mL and 10 mL vials, Rx, B & B Health Mart Pharmacy, Bellflower, CA","1-5 ml vial, 3-10 ml vial","Lack of Assurance of Sterility; FDA inspection identified GMP violations potentially impacting product quality and sterility","10/07/2015","11/10/2015","04/07/2016","11/18/2015","5 ml --- 07212015@2,  exp 1/17/2016;    10 ml --- 05062015@17, exp 11/2/2015; 07082015@10, exp 1/4/2016; 08312015@3, exp 2/20/2016"
"Drugs","No","","72361","Terminated","Pacific Healthcare, Inc dba B&B Pharmacy","10244 Rosecrans Ave","N/A","Bellflower","CA","	90706-2602","United States","Voluntary: Firm initiated","Letter","CA and NJ","D-0171-2016","Class II","PGE 20mcg/ml Injection, 10 mL vial, Rx, B & B Health Mart Pharmacy, Bellflower, CA","3 vials","Lack of Assurance of Sterility; FDA inspection identified GMP violations potentially impacting product quality and sterility","10/07/2015","11/10/2015","04/07/2016","11/18/2015","05072015@7, exp 11/3/2015; 05182015@3, 11/14/2015; 07152015@, 1/11/2016"
"Drugs","No","","72361","Terminated","Pacific Healthcare, Inc dba B&B Pharmacy","10244 Rosecrans Ave","N/A","Bellflower","CA","	90706-2602","United States","Voluntary: Firm initiated","Letter","CA and NJ","D-0172-2016","Class II","PAPA/PGE1/PHENTO (30mg/50mcg/0.5mg/ml), Injection, 10 mL vial, Rx, B & B Health Mart Pharmacy, Bellflower, CA","1 vial","Lack of Assurance of Sterility; FDA inspection identified GMP violations potentially impacting product quality and sterility","10/07/2015","11/10/2015","04/07/2016","11/18/2015","06012015@7, exp 11/28/2015"
"Drugs","No","","72361","Terminated","Pacific Healthcare, Inc dba B&B Pharmacy","10244 Rosecrans Ave","N/A","Bellflower","CA","	90706-2602","United States","Voluntary: Firm initiated","Letter","CA and NJ","D-0173-2016","Class II","PAPA/PGE1/PHENTO (22.5mg/8.33mcg/0.833mg/ml) Injection, 10 mL vial, Rx, B & B Health Mart Pharmacy, Bellflower, CA","1 vial","Lack of Assurance of Sterility; FDA inspection identified GMP violations potentially impacting product quality and sterility","10/07/2015","11/10/2015","04/07/2016","11/18/2015","06012015@8, exp 11/28/2015"
"Drugs","No","","72361","Terminated","Pacific Healthcare, Inc dba B&B Pharmacy","10244 Rosecrans Ave","N/A","Bellflower","CA","	90706-2602","United States","Voluntary: Firm initiated","Letter","CA and NJ","D-0174-2016","Class II","PAPA/PGE1/PHENTO (30mg/10mg/1mg/ml) Injection, 5 mL and 10 mL vials, Rx, B & B Health Mart Pharmacy, Bellflower, CA","1-5 ml vial; 3-10 ml vials","Lack of Assurance of Sterility; FDA inspection identified GMP violations potentially impacting product quality and sterility","10/07/2015","11/10/2015","04/07/2016","11/18/2015","5 ml --- 07062015@2, exp 1/2/2016    10 ml --- 06042015@4, exp 12/1/2015; 06052015@15, exp 12/2/2015; 07132015@3, exp 1/9/2016"
"Drugs","No","","72361","Terminated","Pacific Healthcare, Inc dba B&B Pharmacy","10244 Rosecrans Ave","N/A","Bellflower","CA","	90706-2602","United States","Voluntary: Firm initiated","Letter","CA and NJ","D-0175-2016","Class II","PAPA/PGE1/PHENTO (30mg/40mcg/1mg/ml) Injection, 10 mL vial, Rx, B & B Health Mart Pharmacy, Bellflower, CA","1 vial","Lack of Assurance of Sterility; FDA inspection identified GMP violations potentially impacting product quality and sterility","10/07/2015","11/10/2015","04/07/2016","11/18/2015","07022015@3, exp 12/29/2015"
"Drugs","No","","72361","Terminated","Pacific Healthcare, Inc dba B&B Pharmacy","10244 Rosecrans Ave","N/A","Bellflower","CA","	90706-2602","United States","Voluntary: Firm initiated","Letter","CA and NJ","D-0176-2016","Class II","PAPA/PGE1/PHENTO (15mg/5mcg/0.5mg/ml) Injection, 5 mL and 10 mL vials, Rx, B & B Health Mart Pharmacy, Bellflower, CA","1- 5ml vial, 1- 10 ml vial","Lack of Assurance of Sterility; FDA inspection identified GMP violations potentially impacting product quality and sterility","10/07/2015","11/10/2015","04/07/2016","11/18/2015","5 ml --- 07062015@1, exp 1/2/2016; ----     10 ml --- 07272015@3, exp 1/23/2016"
"Drugs","No","","72361","Terminated","Pacific Healthcare, Inc dba B&B Pharmacy","10244 Rosecrans Ave","N/A","Bellflower","CA","	90706-2602","United States","Voluntary: Firm initiated","Letter","CA and NJ","D-0177-2016","Class II","PGE 30mcg/ml Injection, 10 mL vials, Rx, B & B Health Mart Pharmacy, Bellflower, CA","4 vials","Lack of Assurance of Sterility; FDA inspection identified GMP violations potentially impacting product quality and sterility","10/07/2015","11/10/2015","04/07/2016","11/18/2015","07062015@8, exp 1/2/2016; 07162015@7, exp 1/12/2016; 07272015@5, exp 1/23/2016; 08142015@9, exp 2/10/2016"
"Drugs","No","","72361","Terminated","Pacific Healthcare, Inc dba B&B Pharmacy","10244 Rosecrans Ave","N/A","Bellflower","CA","	90706-2602","United States","Voluntary: Firm initiated","Letter","CA and NJ","D-0178-2016","Class II","PAPA/PHENTO (15mg/0.8333mg/ml) Injection, 5 mL vial, Rx, B & B Health Mart Pharmacy, Bellflower, CA","1 vial","Lack of Assurance of Sterility; FDA inspection identified GMP violations potentially impacting product quality and sterility","10/07/2015","11/10/2015","04/07/2016","11/18/2015","07082015@4, exp 1/5/2016"
"Drugs","No","","72361","Terminated","Pacific Healthcare, Inc dba B&B Pharmacy","10244 Rosecrans Ave","N/A","Bellflower","CA","	90706-2602","United States","Voluntary: Firm initiated","Letter","CA and NJ","D-0179-2016","Class II","PAPA/PGE1/PHENTO (35mg/12mcg/1.5mg/ml), Injection, 10 mL vial, Rx, B & B Health Mart Pharmacy, Bellflower, CA","1 vial","Lack of Assurance of Sterility; FDA inspection identified GMP violations potentially impacting product quality and sterility","10/07/2015","11/10/2015","04/07/2016","11/18/2015","08032015@4, exp 1/30/2016"
"Drugs","No","","72361","Terminated","Pacific Healthcare, Inc dba B&B Pharmacy","10244 Rosecrans Ave","N/A","Bellflower","CA","	90706-2602","United States","Voluntary: Firm initiated","Letter","CA and NJ","D-0180-2016","Class II","PGE 25mcg/ml, Injection, 10 mL vial, Rx, B & B Health Mart Pharmacy, Bellflower, CA","1 vial","Lack of Assurance of Sterility; FDA inspection identified GMP violations potentially impacting product quality and sterility","10/07/2015","11/10/2015","04/07/2016","11/18/2015","08242015@5, exp 2/20/2016"
"Drugs","No","","71806","Terminated","JD & SN Inc., dba Moses Lake Professional Pharmacy","1555 Pilgrim St","N/A","Moses Lake","WA","	98837-4623","United States","Voluntary: Firm initiated","Press Release","Nationwide","D-0114-2016","Class II","PAPAVERINE/PHENTOLAMINE/PROSTAGLANDIN, Injectable Solution, 9 MG/1 MG/10 MCG/ML, 10 mL syringe, Rx only, JD & SN Inc, DBA Moses Lake Professional Pharmacy, 1555 S. Pilgrim St. Moses Lake WA  98837, (509)764-2314","2 syringes","Lack of Assurance of Sterility; all sterile human compounded drugs within expiry","07/24/2015","10/27/2015","04/13/2016","11/04/2015","t10282014@28, t02272015@9"
"Drugs","No","","71806","Terminated","JD & SN Inc., dba Moses Lake Professional Pharmacy","1555 Pilgrim St","N/A","Moses Lake","WA","	98837-4623","United States","Voluntary: Firm initiated","Press Release","Nationwide","D-0115-2016","Class II","PROCAINE MDV, Injectable Solution,1%, container sizes: 30mL and 300mL, Rx only, JD & SN Inc, DBA Moses Lake Professional Pharmacy, 1555 S. Pilgrim St. Moses Lake WA  98837, (509)764-2314","1 (300mL) container, 1 (30mL) container","Lack of Assurance of Sterility; all sterile human compounded drugs within expiry","07/24/2015","10/27/2015","04/13/2016","11/04/2015","06152015@9, t04022015@17."
"Drugs","No","","71806","Terminated","JD & SN Inc., dba Moses Lake Professional Pharmacy","1555 Pilgrim St","N/A","Moses Lake","WA","	98837-4623","United States","Voluntary: Firm initiated","Press Release","Nationwide","D-0116-2016","Class II","PROGESTERONE, Pellet, 100 mg, Rx only, JD & SN Inc, DBA Moses Lake Professional Pharmacy, 1555 S. Pilgrim St. Moses Lake WA  98837, (509)764-2314","21 pellets","Lack of Assurance of Sterility; all sterile human compounded drugs within expiry","07/24/2015","10/27/2015","04/13/2016","11/04/2015","t12292014@29, t11262014@15, t11202014@25, t11202014@10, t08292014@26, t07072015@20, t06222015@10, t06162015@16, t06012015@10, t05292014@20, t04302015@13, t04162015@8, t03102015@3, t02062015@13, t01062015@20."
"Drugs","No","","71806","Terminated","JD & SN Inc., dba Moses Lake Professional Pharmacy","1555 Pilgrim St","N/A","Moses Lake","WA","	98837-4623","United States","Voluntary: Firm initiated","Press Release","Nationwide","D-0117-2016","Class II","PROGESTERONE, Pellet, 200 mg, Rx only, JD & SN Inc, DBA Moses Lake Professional Pharmacy, 1555 S. Pilgrim St. Moses Lake WA  98837, (509)764-2314","5 pellets","Lack of Assurance of Sterility; all sterile human compounded drugs within expiry","07/24/2015","10/27/2015","04/13/2016","11/04/2015","t08042014@18, t07082015@26, t07072015@12, t03132015@6, t02162015@12."
"Drugs","No","","71806","Terminated","JD & SN Inc., dba Moses Lake Professional Pharmacy","1555 Pilgrim St","N/A","Moses Lake","WA","	98837-4623","United States","Voluntary: Firm initiated","Press Release","Nationwide","D-0118-2016","Class II","PROGESTERONE, Pellet, 50mg, Rx only, JD & SN Inc, DBA Moses Lake Professional Pharmacy, 1555 S. Pilgrim St. Moses Lake WA  98837, (509)764-2314","5 pellets","Lack of Assurance of Sterility; all sterile human compounded drugs within expiry","07/24/2015","10/27/2015","04/13/2016","11/04/2015","t10292014@22, t09022014@13, t08262014@11, t06192015@24, t05072014@11."
"Drugs","No","","71806","Terminated","JD & SN Inc., dba Moses Lake Professional Pharmacy","1555 Pilgrim St","N/A","Moses Lake","WA","	98837-4623","United States","Voluntary: Firm initiated","Press Release","Nationwide","D-0119-2016","Class II","PYRIDOXINE HCL, injectable Solution, 100 mg/mL, 30mL syringe, Rx only, JD & SN Inc, DBA Moses Lake Professional Pharmacy, 1555 S. Pilgrim St. Moses Lake WA  98837, (509)764-2314","6 syringes","Lack of Assurance of Sterility; all sterile human compounded drugs within expiry","07/24/2015","10/27/2015","04/13/2016","11/04/2015","t05292015@5"
"Drugs","No","","71806","Terminated","JD & SN Inc., dba Moses Lake Professional Pharmacy","1555 Pilgrim St","N/A","Moses Lake","WA","	98837-4623","United States","Voluntary: Firm initiated","Press Release","Nationwide","D-0120-2016","Class II","SERMORELIN/GHRP-6/GHRP-2, Injectable Solution, 4.5/5.4/5.4MG/9ML, 9mL syringe, Rx only, JD & SN Inc, DBA Moses Lake Professional Pharmacy, 1555 S. Pilgrim St. Moses Lake WA  98837, (509)764-2314.","5 syringes","Lack of Assurance of Sterility; all sterile human compounded drugs within expiry","07/24/2015","10/27/2015","04/13/2016","11/04/2015","t04162015@33, t05112015@19, t05282015@2, t07062015@7, t07092015@43."
"Drugs","No","","71806","Terminated","JD & SN Inc., dba Moses Lake Professional Pharmacy","1555 Pilgrim St","N/A","Moses Lake","WA","	98837-4623","United States","Voluntary: Firm initiated","Press Release","Nationwide","D-0121-2016","Class II","SERMORELIN/GHRP-6/GHRP-2, Injectable Solution, 9/5.4/5.4MG/9ML, 9mL syringe, Rx only, JD & SN Inc, DBA Moses Lake Professional Pharmacy, 1555 S. Pilgrim St. Moses Lake WA  98837, (509)764-2314","165 syringes","Lack of Assurance of Sterility; all sterile human compounded drugs within expiry","07/24/2015","10/27/2015","04/13/2016","11/04/2015","t10062014@19, t09152014@13, t08262014@1, t08072014@20, t05282015@28, t03062015@14, t02162015@26, 12222014@3, 11262014@6, 11172014@4, 11052014@3, 10272014@7, 10222014@23, 10202014@20, 10152014@5, 10012014@17, 09102014@3, 08182014@9, 07222014@31, 06292015@10, 06232014@3, 06222015@6, 05132015@7, 05062015@7, 05042015@4, 04272015@8, 04222015@6, 03302015@11, 03252015@9, 02202015@24, 01232015@20, 01192015@1, 01052015@8."
"Drugs","No","","71806","Terminated","JD & SN Inc., dba Moses Lake Professional Pharmacy","1555 Pilgrim St","N/A","Moses Lake","WA","	98837-4623","United States","Voluntary: Firm initiated","Press Release","Nationwide","D-0122-2016","Class II","SERMORELIN/GHRP-6/GHRP-2, Injectable Solution, 9/9/9MG/9ML, 9 mL syringe, Rx only, JD & SN Inc, DBA Moses Lake Professional Pharmacy, 1555 S. Pilgrim St. Moses Lake WA  98837, (509)764-2314","41 syringes","Lack of Assurance of Sterility; all sterile human compounded drugs within expiry","07/24/2015","10/27/2015","04/13/2016","11/04/2015","t12052014@8, t11192014@26, t11032014@24, t10142014@27, t09172014@2, t08252014@30, t07302014@12, t07092014@15, t06022015@10, t04302015@22, t03312015@18, t03172015@28, t03092015@38, t02102015@21, 10222014@8, 10012014@16, 05132015@5, 02172015@7, 01052015@9."
"Drugs","No","","71806","Terminated","JD & SN Inc., dba Moses Lake Professional Pharmacy","1555 Pilgrim St","N/A","Moses Lake","WA","	98837-4623","United States","Voluntary: Firm initiated","Press Release","Nationwide","D-0123-2016","Class II","SODIUM TETRADECYL SULFATE, Injectable Solution, 3%, 2 mL syringe, Rx only, JD & SN Inc, JD & SN Inc, DBA Moses Lake Professional Pharmacy, 1555 S. Pilgrim St. Moses Lake WA  98837, (509)764-2314","100 syringes","Lack of Assurance of Sterility; all sterile human compounded drugs within expiry","07/24/2015","10/27/2015","04/13/2016","11/04/2015","06152015@10"
"Drugs","No","","71806","Terminated","JD & SN Inc., dba Moses Lake Professional Pharmacy","1555 Pilgrim St","N/A","Moses Lake","WA","	98837-4623","United States","Voluntary: Firm initiated","Press Release","Nationwide","D-0124-2016","Class II","TESTOSTERONE, Pellet, 200 mg,  Rx only, JD & SN Inc, DBA Moses Lake Professional Pharmacy, 1555 S. Pilgrim St. Moses Lake WA  98837, (509)764-2314","298 pellet","Lack of Assurance of Sterility; all sterile human compounded drugs within expiry","07/24/2015","10/27/2015","04/13/2016","11/04/2015","01202015@19, 05192015@3, 07222014@27, 08192014@4, 09042014@5, 09232014@21, 10032014@24, 10092014@12, 12012014@16, t01152015@6, t02232015@23, t03122015@1, t03202015@10, t04232015@11, t05062015@22, t05182015@29, t06012015@12, t06112015@10, t06132014@15, t08112014@30, t12182014@19."
"Drugs","No","","71806","Terminated","JD & SN Inc., dba Moses Lake Professional Pharmacy","1555 Pilgrim St","N/A","Moses Lake","WA","	98837-4623","United States","Voluntary: Firm initiated","Press Release","Nationwide","D-0125-2016","Class II","TESTOSTERONE, Pellet, 100 mg,  Rx only, JD & SN Inc, DBA Moses Lake Professional Pharmacy, 1555 S. Pilgrim St. Moses Lake WA  98837, (509)764-2314","92 pellets","Lack of Assurance of Sterility; all sterile human compounded drugs within expiry","07/24/2015","10/27/2015","04/13/2016","11/04/2015","t12152014@14, t12012014@1, t11202014@24, t10032014@18, t09292014@8, t09192014@15, t09162014@8, t07132015@13, t06122015@2, t05262015@11, t05232014@5, t04092015@14, t03062015@26, t03042015@17, t02272015@21, t02182015@31, t02092015@24, t01162015@14, t01022015@15, 11192014@8."
"Drugs","No","","72233","Terminated","Bedford Pharmacy","209 Route 101","N/A","Bedford","NH","	03110-5440","United States","Voluntary: Firm initiated","Letter","NH, MA","D-0047-2016","Class II","Testosterone Cypionate (Complete Formula) 200 mg/mL, Injection, Bedford Pharmacy, 209 Route 101, Bedford, NH 03110, (603) 472-3919   ","2 vial","Lack of assurance of sterility","09/22/2015","10/15/2015","06/08/2016","10/21/2015","Lot #: 09032015@16 , Exp 10/18/2015"
"Drugs","No","","72233","Terminated","Bedford Pharmacy","209 Route 101","N/A","Bedford","NH","	03110-5440","United States","Voluntary: Firm initiated","Letter","NH, MA","D-0048-2016","Class II","P-P-P (COBAL) 30-1-5/mL, Injection,Bedford Pharmacy, 209 Route 101, Bedford, NH 03110, (603) 472-3919","1 vial","Lack of assurance of sterility","09/22/2015","10/15/2015","06/08/2016","10/21/2015","Lot #: 08182015@6, Exp 10/02/2015"
"Drugs","No","","72233","Terminated","Bedford Pharmacy","209 Route 101","N/A","Bedford","NH","	03110-5440","United States","Voluntary: Firm initiated","Letter","NH, MA","D-0049-2016","Class II","P-P-P  (COBAL) 30-4-40/mL, Injection, Bedford Pharmacy, 209 Route 101, Bedford, NH 03110, (603) 472-3919","1 vial","Lack of assurance of sterility","09/22/2015","10/15/2015","06/08/2016","10/21/2015","Lot #: 09082015@4, Exp 10/23/2015"
"Drugs","No","","72233","Terminated","Bedford Pharmacy","209 Route 101","N/A","Bedford","NH","	03110-5440","United States","Voluntary: Firm initiated","Letter","NH, MA","D-0050-2016","Class II","P-P-P  (COBAL) 30-2- 30/mL, Injection, Bedford Pharmacy, 209 Route 101, Bedford, NH 03110, (603) 472-3919   ","1 vial","Lack of assurance of sterility","09/22/2015","10/15/2015","06/08/2016","10/21/2015","Lot #: 07112015@5, Exp 09/29/2015"
"Drugs","No","","72233","Terminated","Bedford Pharmacy","209 Route 101","N/A","Bedford","NH","	03110-5440","United States","Voluntary: Firm initiated","Letter","NH, MA","D-0051-2016","Class II","P-P (COBAL)30-0.5/mL, Injection, Bedford Pharmacy, 209 Route 101, Bedford, NH 03110, (603) 472-3919","1 vial","Lack of assurance of sterility","09/22/2015","10/15/2015","06/08/2016","10/21/2015","Lot #: 08262015@9, Exp 10/10/2015"
"Drugs","No","","72233","Terminated","Bedford Pharmacy","209 Route 101","N/A","Bedford","NH","	03110-5440","United States","Voluntary: Firm initiated","Letter","NH, MA","D-0052-2016","Class II","P-P (COBAL) 300-30/mL, Injection, Bedford Pharmacy, 209 Route 101, Bedford, NH 03110, (603) 472-3919","1 vial","Lack of assurance of sterility","09/22/2015","10/15/2015","06/08/2016","10/21/2015","Lot #: 08122015@11, Exp 09/26/2015"
"Drugs","No","","72397","Terminated","Vintage Pharmaceuticals LLC, DBA Qualitest Pharmaceuticals","150 Vintage Dr NE","N/A","Huntsville","AL","	35811-8216","United States","Voluntary: Firm initiated","Letter","Nationwide","D-0232-2016","Class II","HYDROCHLOROTHIAZIDE CAPSULES, USP, 12.5 mg, 3000 count bottles, Rx only, Manufactured for: Qualitest Pharmaceuticals, Inc., Huntsville, AL 35811, NDC: 0603-3855-93.","912 HDPE bottles","Presence of Particulate Matter.","10/07/2015","11/13/2015","11/16/2016","11/25/2015","T084M14A, T085M14A, T086M14A; Exp 12/16"
"Drugs","No","","72401","Terminated","Qualgen","14844 Bristol Park Blvd","N/A","Edmond","OK","	73013-1891","United States","Voluntary: Firm initiated","E-Mail","Nationwide","D-0386-2016","Class II","Estradiol USP 99.5%, .5% Stearic Acid NF Pellets, 3 mL, one-count vials, 6 mg (NDC 69761-006-01),10 mg (NDC 69761-010-01),12.5 mg (NDC 69761-012-01), 15 mg (NDC 69761-015-01),18 mg (NDC 69761-018-01),20 mg (NDC 69761-020-01), 22 mg (NDC 69761-022-01), 25 mg (NDC 69761-025-01), Rx only, Compounded by Qualgen, Edmond, Oklahoma 73013                      ","4,221 vials","Lack of Assurance of Sterility: The firm is recalling all sterile preparations within expiry due to deficient practices which may have an impact on sterility assurance.","10/09/2015","11/24/2015","03/30/2017","12/02/2015","Lots: A002 Exp.: 10/23/2015; A003 Exp.: 10/25/2015; A009 Exp.: 11/01/2015; A011 Exp.: 11/2/2015; A014 Exp.: 11/8/2015; A016 Exp.: 11/10/2015; A027 Exp.: 11/20/2015; A028 Exp.: 11/21/2015; A030 Exp.: 11/22/2015; A032 Exp.: 11/23/2015; A037 Exp.: 11/24/2015; A039 Exp.: 11/27/2015; A042 Exp.: 11/28/2015; A044 Exp.: 11/29/2015; A050 Exp.: 12/06/2015; A051 Exp.: 12/10/2015; A053 Exp.: 12/12/2015; A062 Exp.: 12/20/2015; A065 Exp.: 12/28/2015"
"Drugs","No","","72402","Terminated","Chen Shwezin, Inc. dba Park Compounding Pharmacy","280 N Westlake Blvd Ste 100","N/A","Westlake Village","CA","	91362-7014","United States","Voluntary: Firm initiated","Telephone","CA","D-0156-2016","Class II","PROSTAGLANDIN PGE-1 40MCG/ML, 10mL vial, Rx only, Park Compounding Pharmacy 280 N. Westlake Blvd., Ste. 100 Westlake Village, CA 91362, (805) 497-8258","2 vials","Lack of Assurance of Sterility: all sterile compounded products within expiry","10/06/2015","10/28/2015","11/27/2015","11/04/2015","Lot#: 09082015@36, Exp 10/8/15"
"Drugs","No","","72402","Terminated","Chen Shwezin, Inc. dba Park Compounding Pharmacy","280 N Westlake Blvd Ste 100","N/A","Westlake Village","CA","	91362-7014","United States","Voluntary: Firm initiated","Telephone","CA","D-0157-2016","Class II","METHYLCOBALAMIN 1000MCG/ML, 10mL vial, Rx only, Park Compounding Pharmacy 280 N. Westlake Blvd., Ste. 100 Westlake Village, CA 91362, (805) 497-8258  ","2 vials","Lack of Assurance of Sterility: all sterile compounded products within expiry","10/06/2015","10/28/2015","11/27/2015","11/04/2015","Lot#: 09102015@6, Exp 3/8/16"
"Drugs","No","","72402","Terminated","Chen Shwezin, Inc. dba Park Compounding Pharmacy","280 N Westlake Blvd Ste 100","N/A","Westlake Village","CA","	91362-7014","United States","Voluntary: Firm initiated","Telephone","CA","D-0158-2016","Class II","TRI-MIX 10MCG+0.5MG+15MG/ML,5 mL vial, Rx only, Park Compounding Pharmacy 280 N. Westlake Blvd., Ste. 100 Westlake Village, CA 91362, (805) 497-8258","2 vials","Lack of Assurance of Sterility: all sterile compounded products within expiry","10/06/2015","10/28/2015","11/27/2015","11/04/2015","Lot# 09152015@8, Exp, 10/15/15"
"Drugs","No","","72402","Terminated","Chen Shwezin, Inc. dba Park Compounding Pharmacy","280 N Westlake Blvd Ste 100","N/A","Westlake Village","CA","	91362-7014","United States","Voluntary: Firm initiated","Telephone","CA","D-0159-2016","Class II","CAFFEINE + SODIUM BENZOATE 500MG/ML, 35 mL vial, Rx only, Park Compounding Pharmacy 280 N. Westlake Blvd., Ste. 100 Westlake Village, CA 91362, (805) 497-8258","2 vials","Lack of Assurance of Sterility: all sterile compounded products within expiry","10/06/2015","10/28/2015","11/27/2015","11/04/2015","Lot# 08062015@27, Exp, 11/4/15"
"Drugs","No","","71806","Terminated","JD & SN Inc., dba Moses Lake Professional Pharmacy","1555 Pilgrim St","N/A","Moses Lake","WA","	98837-4623","United States","Voluntary: Firm initiated","Press Release","Nationwide","D-0126-2016","Class II","TESTOSTERONE, Pellet, 106 mg,  Rx only, JD & SN Inc, DBA Moses Lake Professional Pharmacy, 1555 S. Pilgrim St. Moses Lake WA  98837, (509)764-2314","4 pellets","Lack of Assurance of Sterility; all sterile human compounded drugs within expiry","07/24/2015","10/27/2015","04/13/2016","11/04/2015","t12082014@45, t05122015@7, t04012015@13, t03062015@7."
"Drugs","No","","71806","Terminated","JD & SN Inc., dba Moses Lake Professional Pharmacy","1555 Pilgrim St","N/A","Moses Lake","WA","	98837-4623","United States","Voluntary: Firm initiated","Press Release","Nationwide","D-0127-2016","Class II","TESTOSTERONE, Pellet, 110 mg,  Rx only, JD & SN Inc, DBA Moses Lake Professional Pharmacy, 1555 S. Pilgrim St. Moses Lake WA  98837, (509)764-2314","51 pellets","Lack of Assurance of Sterility; all sterile human compounded drugs within expiry","07/24/2015","10/27/2015","04/13/2016","11/04/2015","t12292014@16, t12022014@29, t11262014@23, t11122014@9, t09262014@9, t09232014@26, t08222014@21, t08152014@7, t07022015@35, t06192014@7, t06102015@12, t05012015@28, t04162015@31, t03052015@2, t02132015@22, t01152015@7."
"Drugs","No","","71806","Terminated","JD & SN Inc., dba Moses Lake Professional Pharmacy","1555 Pilgrim St","N/A","Moses Lake","WA","	98837-4623","United States","Voluntary: Firm initiated","Press Release","Nationwide","D-0128-2016","Class II","TESTOSTERONE, Pellet, 112 mg,  Rx only, JD & SN Inc, DBA Moses Lake Professional Pharmacy, 1555 S. Pilgrim St. Moses Lake WA  98837, (509)764-2314","91 pellets","Lack of Assurance of Sterility; all sterile human compounded drugs within expiry","07/24/2015","10/27/2015","04/13/2016","11/04/2015","t12192014@18, t12092014@37, t11252014@6, t11192014@25, t10212014@24, t10172014@18, t09252014@14, t07162015@28, t07152014@12, t07062015@13, t06042015@18, t05282015@27, t04242015@23, t03192015@35, t02242015@23, t02192015@15, t02062015@9, t01292015@27, 11052014@20, 04102015@9."
"Drugs","No","","71806","Terminated","JD & SN Inc., dba Moses Lake Professional Pharmacy","1555 Pilgrim St","N/A","Moses Lake","WA","	98837-4623","United States","Voluntary: Firm initiated","Press Release","Nationwide","D-0129-2016","Class II","TESTOSTERONE, Pellet, 115 mg,  Rx only, JD & SN Inc, DBA Moses Lake Professional Pharmacy, 1555 S. Pilgrim St. Moses Lake WA  98837, (509)764-2314","7 pellets","Lack of Assurance of Sterility; all sterile human compounded drugs within expiry","07/24/2015","10/27/2015","04/13/2016","11/04/2015","t06022015@27, t05272015@37, t05222015@16, t03232015@16, t03062015@36, t01132015@8, t01082015@15."
"Drugs","No","","71806","Terminated","JD & SN Inc., dba Moses Lake Professional Pharmacy","1555 Pilgrim St","N/A","Moses Lake","WA","	98837-4623","United States","Voluntary: Firm initiated","Press Release","Nationwide","D-0130-2016","Class II","TESTOSTERONE, Pellet, 116 mg,  Rx only, JD & SN Inc, DBA Moses Lake Professional Pharmacy, 1555 S. Pilgrim St. Moses Lake WA  98837, (509)764-2314","1 pellet","Lack of Assurance of Sterility; all sterile human compounded drugs within expiry","07/24/2015","10/27/2015","04/13/2016","11/04/2015","t04092015@12"
"Drugs","No","","72432","Ongoing","Hospira Inc.","275 N Field Dr","N/A","Lake Forest","IL","	60045-2579","United States","Voluntary: Firm initiated","Letter","Nationwide","D-0054-2016","Class III","Amidate (Etomidate Injection, USP), 40 mg/20 mL (2 mg/mL), LifeShield, 20 mL, Glass Abboject Syringe with male luer lock adapter, Rx only, Hospira, Inc., Lake Forest, IL 60045, NDC 0409-8060-29","24,100 Syringes","Failed Impurities/Degradation Specifications: Out of Specification(OOS) results for degradation product of etomidate was confirmed during stability testing.","09/29/2015","10/21/2015","N/A","10/28/2015","Lot 34-531-DK, Exp 10/01/2015"
"Drugs","No","","72241","Terminated","Kalman Health & Wellness, Inc. dba Essential Wellness Pharma","4625 N University St","N/A","Peoria","IL","	61614-5828","United States","Voluntary: Firm initiated","Letter","Nationwide","D-298-2016","Class II","Acetylcysteine 10% Oph Solution, packaged in a) 6 mL and b) 12 mL dropper bottles, Rx only, Essential Wellness PHARMACY, 4625 N. University, Peoria, IL 61614.","2 dropper bottles","Lack of Assurance of Sterility:  A recall of all compounded sterile preparations within expiry is being initiated due to observations associated with poor sterile production practices resulting in a lack of sterility assurance for their finished drugs.","09/03/2015","11/17/2015","12/29/2017","11/25/2015","Lot #: 2839-081715, Exp 11/17/2015"
"Drugs","No","","71806","Terminated","JD & SN Inc., dba Moses Lake Professional Pharmacy","1555 Pilgrim St","N/A","Moses Lake","WA","	98837-4623","United States","Voluntary: Firm initiated","Press Release","Nationwide","D-0131-2016","Class II","TESTOSTERONE, Pellet, 120 mg,  Rx only, JD & SN Inc, DBA Moses Lake Professional Pharmacy, 1555 S. Pilgrim St. Moses Lake WA  98837, (509)764-2314","20 pellets","Lack of Assurance of Sterility; all sterile human compounded drugs within expiry","07/24/2015","10/27/2015","04/13/2016","11/04/2015","t12052014@18, t11252014@19, t11192014@18, t11112014@4, t09192014@18, t09102014@20, t08272014@10, t06242015@30, t06022015@8, t05202015@11, t05042015@22, t05012015@17, t04102015@4, t03302015@21, t03202015@18, t03052015@12, t02252015@10, t01302015@23, t01232015@24, t01142015@21."
"Drugs","No","","71806","Terminated","JD & SN Inc., dba Moses Lake Professional Pharmacy","1555 Pilgrim St","N/A","Moses Lake","WA","	98837-4623","United States","Voluntary: Firm initiated","Press Release","Nationwide","D-0132-2016","Class II","TESTOSTERONE, Pellet, 125 mg,  Rx only, JD & SN Inc, DBA Moses Lake Professional Pharmacy, 1555 S. Pilgrim St. Moses Lake WA  98837, (509)764-2314","355 pellets","Lack of Assurance of Sterility; all sterile human compounded drugs within expiry","07/24/2015","10/27/2015","04/13/2016","11/04/2015","01052015@21, 01162015@21, 02122015@8, 03252015@14, 04022015@14, 04102015@8, 04172015@30, 05192015@8, 06162014@12, 07102015@6, 07222014@18, 08072014@3, 08192014@5, 09022014@36, 09102014@26, 09192014@19, 10032014@25, 10092014@11, 10282014@1, 10312014@8, 11122014@27, 12032014@13, t03042015@9, t06022015@13, t06272014@20."
"Drugs","No","","71806","Terminated","JD & SN Inc., dba Moses Lake Professional Pharmacy","1555 Pilgrim St","N/A","Moses Lake","WA","	98837-4623","United States","Voluntary: Firm initiated","Press Release","Nationwide","D-0133-2016","Class II","TESTOSTERONE, Pellet, 130 mg,  Rx only, JD & SN Inc, DBA Moses Lake Professional Pharmacy, 1555 S. Pilgrim St. Moses Lake WA  98837, (509)764-2314","1 pellet","Lack of Assurance of Sterility; all sterile human compounded drugs within expiry","07/24/2015","10/27/2015","04/13/2016","11/04/2015","t06052015@16"
"Drugs","No","","71806","Terminated","JD & SN Inc., dba Moses Lake Professional Pharmacy","1555 Pilgrim St","N/A","Moses Lake","WA","	98837-4623","United States","Voluntary: Firm initiated","Press Release","Nationwide","D-0134-2016","Class II","TESTOSTERONE, Pellet, 25 mg,  Rx only, JD & SN Inc, DBA Moses Lake Professional Pharmacy, 1555 S. Pilgrim St. Moses Lake WA  98837, (509)764-2314","14 pellets","Lack of Assurance of Sterility; all sterile human compounded drugs within expiry","07/24/2015","10/27/2015","04/13/2016","11/04/2015","t12222014@29, t11122014@23, t10282014@9, t09192014@14, t08082014@3, t03052015@6."
"Drugs","No","","71806","Terminated","JD & SN Inc., dba Moses Lake Professional Pharmacy","1555 Pilgrim St","N/A","Moses Lake","WA","	98837-4623","United States","Voluntary: Firm initiated","Press Release","Nationwide","D-0135-2016","Class II","TESTOSTERONE, Pellet, 50 mg,  Rx only, JD & SN Inc, DBA Moses Lake Professional Pharmacy, 1555 S. Pilgrim St. Moses Lake WA  98837, (509)764-2314","16 pellets","Lack of Assurance of Sterility; all sterile human compounded drugs within expiry","07/24/2015","10/27/2015","04/13/2016","11/04/2015","t12292014@30, t11202014@11, t10132014@24, t09042014@30, t08252014@23, t06292015@23, t06252015@16, t06052015@8, t05162014@7, t05072015@11, t04302015@14, t03102015@5, t03052015@8, t03032015@33, t02182015@29, t01092015@2."
"Drugs","No","","71806","Terminated","JD & SN Inc., dba Moses Lake Professional Pharmacy","1555 Pilgrim St","N/A","Moses Lake","WA","	98837-4623","United States","Voluntary: Firm initiated","Press Release","Nationwide","D-0136-2016","Class II","TESTOSTERONE, Pellet, 60 mg,  Rx only, JD & SN Inc, DBA Moses Lake Professional Pharmacy, 1555 S. Pilgrim St. Moses Lake WA  98837, (509)764-2314","4 pellets","Lack of Assurance of Sterility; all sterile human compounded drugs within expiry","07/24/2015","10/27/2015","04/13/2016","11/04/2015","t12082014@41, t09152014@40, t08062014@5, t02112015@16."
"Drugs","No","","71806","Terminated","JD & SN Inc., dba Moses Lake Professional Pharmacy","1555 Pilgrim St","N/A","Moses Lake","WA","	98837-4623","United States","Voluntary: Firm initiated","Press Release","Nationwide","D-0137-2016","Class II","TESTOSTERONE, Pellet, 70 mg,  Rx only, JD & SN Inc, DBA Moses Lake Professional Pharmacy, 1555 S. Pilgrim St. Moses Lake WA  98837, (509)764-2314","6 pellets","Lack of Assurance of Sterility; all sterile human compounded drugs within expiry","07/24/2015","10/27/2015","04/13/2016","11/04/2015","t01022015@4, t02102015@23, t03242015@18, t05012015@14, t09052014@10, t09182014@17."
"Drugs","No","","71806","Terminated","JD & SN Inc., dba Moses Lake Professional Pharmacy","1555 Pilgrim St","N/A","Moses Lake","WA","	98837-4623","United States","Voluntary: Firm initiated","Press Release","Nationwide","D-0138-2016","Class II","TESTOSTERONE, Pellet, 76 mg,  Rx only, JD & SN Inc, DBA Moses Lake Professional Pharmacy, 1555 S. Pilgrim St. Moses Lake WA  98837, (509)764-2314","18 pellets","Lack of Assurance of Sterility; all sterile human compounded drugs within expiry","07/24/2015","10/27/2015","04/13/2016","11/04/2015","t12172014@7, t12092014@16, t10062014@26, t08252014@4, t05292015@3, t05212015@18, t05052014@11, t04012015@1, t01202015@15, t01052015@30."
"Drugs","No","","71806","Terminated","JD & SN Inc., dba Moses Lake Professional Pharmacy","1555 Pilgrim St","N/A","Moses Lake","WA","	98837-4623","United States","Voluntary: Firm initiated","Press Release","Nationwide","D-0139-2016","Class II","TESTOSTERONE, Pellet, 80 mg,  Rx only, JD & SN Inc, DBA Moses Lake Professional Pharmacy, 1555 S. Pilgrim St. Moses Lake WA  98837, (509)764-2314","13 pellets","Lack of Assurance of Sterility; all sterile human compounded drugs within expiry","07/24/2015","10/27/2015","04/13/2016","11/04/2015","t10222014@22, t10032014@21, t09092014@15, t09032014@11, t06292015@18, t06022015@6, t02132015@16, t02122015@1, t01092015@5."
"Drugs","No","","71806","Terminated","JD & SN Inc., dba Moses Lake Professional Pharmacy","1555 Pilgrim St","N/A","Moses Lake","WA","	98837-4623","United States","Voluntary: Firm initiated","Press Release","Nationwide","D-0140-2016","Class II","TESTOSTERONE, Pellet, 90 mg, JD & SN Inc, DBA Moses Lake Professional Pharmacy, 1555 S. Pilgrim St. Moses Lake WA  98837, (509)764-2314","36 pellets","Lack of Assurance of Sterility; all sterile human compounded drugs within expiry","07/24/2015","10/27/2015","04/13/2016","11/04/2015","03302015@26, 10092014@13, t02272015@8, t03182015@50, t03192015@32, t06162015@24, t07012015@4, t07022015@29, t08012014@17, t08012014@6, t08042014@37, t09032014@10, t12052014@24, t12242014@4."
"Drugs","No","","71806","Terminated","JD & SN Inc., dba Moses Lake Professional Pharmacy","1555 Pilgrim St","N/A","Moses Lake","WA","	98837-4623","United States","Voluntary: Firm initiated","Press Release","Nationwide","D-0141-2016","Class II","TESTOSTERONE CYPIONATE (COMPOUNDED), Injectable Solution, 200 MG/ML, syringe sizes: 5mL and 10mL, Rx only, JD & SN Inc, DBA Moses Lake Professional Pharmacy, 1555 S. Pilgrim St. Moses Lake WA  98837, (509)764-2314","38 (10mL) syringes, 7 (5mL) syringes","Lack of Assurance of Sterility; all sterile human compounded drugs within expiry","07/24/2015","10/27/2015","04/13/2016","11/04/2015","t12232014@27, t11112014@12, t08072014@38, t07142015@22, t07102015@26, t06232014@25, t06042015@24, 06172015@13, 04202015@7, 03092015@11, 02022015@3, 01192015@8, 01052015@10."
"Drugs","No","","71806","Terminated","JD & SN Inc., dba Moses Lake Professional Pharmacy","1555 Pilgrim St","N/A","Moses Lake","WA","	98837-4623","United States","Voluntary: Firm initiated","Press Release","Nationwide","D-0142-2016","Class II","TESTOSTERONE CYPIONATE FOR SUBQ INJECTION, Injectable Solution, 100 mg/mL, 10mL syringe, Rx only, JD & SN Inc, DBA Moses Lake Professional Pharmacy, 1555 S. Pilgrim St. Moses Lake WA  98837, (509)764-2314","1 syringe","Lack of Assurance of Sterility; all sterile human compounded drugs within expiry","07/24/2015","10/27/2015","04/13/2016","11/04/2015","t12102014@3, t06252015@37"
"Drugs","No","","71806","Terminated","JD & SN Inc., dba Moses Lake Professional Pharmacy","1555 Pilgrim St","N/A","Moses Lake","WA","	98837-4623","United States","Voluntary: Firm initiated","Press Release","Nationwide","D-0143-2016","Class II","TESTOSTERONE CYPIONATE FOR SUBQ INJECTION, Injectable Solution, 200 mg/mL, syringe size: 5ml and 10mL, Rx only, JD & SN Inc, DBA Moses Lake Professional Pharmacy, 1555 S. Pilgrim St. Moses Lake WA  98837, (509)764-2314","243 (10mL) syringes, 5 (5mL) syringes","Lack of Assurance of Sterility; all sterile human compounded drugs within expiry","07/24/2015","10/27/2015","04/13/2016","11/04/2015","t12312014@11, t10302014@9, t08062014@28, t05292015@30, t04282015@12, t04092015@22, t03302015@1, t03102015@29, t02172015@2, t01292015@18, 12082014@10, 11242014@5, 11122014@5, 10222014@24, 10012014@19, 09242014@7, 09152014@17, 08152014@27, 08042014@6, 07112014@23, 07082015@8, 06172015@14, 05272015@12, 05132015@12, 04082015@1, 03092015@11, 02232015@2."
"Drugs","No","","71806","Terminated","JD & SN Inc., dba Moses Lake Professional Pharmacy","1555 Pilgrim St","N/A","Moses Lake","WA","	98837-4623","United States","Voluntary: Firm initiated","Press Release","Nationwide","D-0144-2016","Class II","TESTOSTERONE PROPRIONATE, Injectable Solution, 100 mg/mL, syringe size: 10mL, Rx only, JD & SN Inc, DBA Moses Lake Professional Pharmacy, 1555 S. Pilgrim St. Moses Lake WA  98837, (509)764-2314","5 syringes","Lack of Assurance of Sterility; all sterile human compounded drugs within expiry","07/24/2015","10/27/2015","04/13/2016","11/04/2015","t02102015@6, t03162015@29, t04142015@12, t05132015@11."
"Drugs","No","","71806","Terminated","JD & SN Inc., dba Moses Lake Professional Pharmacy","1555 Pilgrim St","N/A","Moses Lake","WA","	98837-4623","United States","Voluntary: Firm initiated","Press Release","Nationwide","D-0145-2016","Class II","TESTOSTERONE/ANASTROZOLE, Pellet, 120/8 mg, Rx only, JD & SN Inc, DBA Moses Lake Professional Pharmacy, 1555 S. Pilgrim St. Moses Lake WA  98837, (509)764-2314","20 pellets","Lack of Assurance of Sterility; all sterile human compounded drugs within expiry","07/24/2015","10/27/2015","04/13/2016","11/04/2015","t05132014@15, t08262014@18, t11112014@21."
"Drugs","No","","71806","Terminated","JD & SN Inc., dba Moses Lake Professional Pharmacy","1555 Pilgrim St","N/A","Moses Lake","WA","	98837-4623","United States","Voluntary: Firm initiated","Press Release","Nationwide","D-0146-2016","Class II","TESTOSTERONE/ANASTROZOLE, Pellet, 200/13 mg, Rx only, JD & SN Inc, DBA Moses Lake Professional Pharmacy, 1555 S. Pilgrim St. Moses Lake WA  98837, (509)764-2314","60 pellets","Lack of Assurance of Sterility; all sterile human compounded drugs within expiry","07/24/2015","10/27/2015","04/13/2016","11/04/2015","t09262014@23, t07282014@9, t07012014@11, t06092015@8, t05132015@6, t02172015@13, t01232015@7, 07222015@1."
"Drugs","No","","71806","Terminated","JD & SN Inc., dba Moses Lake Professional Pharmacy","1555 Pilgrim St","N/A","Moses Lake","WA","	98837-4623","United States","Voluntary: Firm initiated","Press Release","Nationwide","D-0147-2016","Class II","TRIMIX, injectable Solution, 15MG/.5MG/5MCG/ML, 10mL syringe, JD & SN Inc, DBA Moses Lake Professional Pharmacy, 1555 S. Pilgrim St. Moses Lake WA  98837, (509)764-2314","15 syringes","Lack of Assurance of Sterility; all sterile human compounded drugs within expiry","07/24/2015","10/27/2015","04/13/2016","11/04/2015","t12192014@8, t12122014@20, t11212014@2, t10232014@25, t09292014@4, t09162014@13, t08082014@19, t06082015@2, t05042015@2, t04082015@21, t04022015@24, t03232015@5, t02092015@25, t01222015@9."
"Drugs","No","","71806","Terminated","JD & SN Inc., dba Moses Lake Professional Pharmacy","1555 Pilgrim St","N/A","Moses Lake","WA","	98837-4623","United States","Voluntary: Firm initiated","Press Release","Nationwide","D-0148-2016","Class II","TRIMIX, injectable Solution, 20MG/1MG/20MCG/ML, 10mL syringe, Rx only, JD & SN Inc, DBA Moses Lake Professional Pharmacy, 1555 S. Pilgrim St. Moses Lake WA  98837, (509)764-2314","155 syringes","Lack of Assurance of Sterility; all sterile human compounded drugs within expiry","07/24/2015","10/27/2015","04/13/2016","11/04/2015","t11242014@14, t10082014@1, t08152014@22, t08042014@31, t07252014@19, t07142015@19, t07102015@24, t07082014@2, t04142015@25, t04062015@16, t02242015@29, 12152014@9, 12032014@4, 11122014@2, 10292014@3, 10012014@15, 09232014@23, 09032014@3, 08132014@1, 06242015@4, 06172015@12, 06102015@5, 05272015@10, 05182015@6, 05132015@9, 05042015@5, 04222015@8, 03112015@4, 02102015@30, 01232015@6, 01072015@5;"
"Drugs","No","","71806","Terminated","JD & SN Inc., dba Moses Lake Professional Pharmacy","1555 Pilgrim St","N/A","Moses Lake","WA","	98837-4623","United States","Voluntary: Firm initiated","Press Release","Nationwide","D-0149-2016","Class II","TRIMIX, injectable Solution, 30MG/1MG/10MCG, syringe sizes: 5 mL and 10mL, Rx only, JD & SN Inc, DBA Moses Lake Professional Pharmacy, 1555 S. Pilgrim St. Moses Lake WA  98837, (509)764-2314","8 (10mL) syringes, 1 (5mL) syringe","Lack of Assurance of Sterility; all sterile human compounded drugs within expiry","07/24/2015","10/27/2015","04/13/2016","11/04/2015","t12082014@33, t12012014@10, t11072014@5, t10202014@19, t08282014@10, t07282014@29, t01222015@18, t02122015@33"
"Drugs","No","","71806","Terminated","JD & SN Inc., dba Moses Lake Professional Pharmacy","1555 Pilgrim St","N/A","Moses Lake","WA","	98837-4623","United States","Voluntary: Firm initiated","Press Release","Nationwide","D-0150-2016","Class II","TRIMIX, injectable Solution, 30MG/1MG/20MCG, 10mL syringe, Rx only, JD & SN Inc, DBA Moses Lake Professional Pharmacy, 1555 S. Pilgrim St. Moses Lake WA  98837, (509)764-2314","6 syringes","Lack of Assurance of Sterility; all sterile human compounded drugs within expiry","07/24/2015","10/27/2015","04/13/2016","11/04/2015","t12012014@40, t11042014@10, t10012014@40, t08122014@27, t03092015@44, t01082015@24."
"Drugs","No","","71806","Terminated","JD & SN Inc., dba Moses Lake Professional Pharmacy","1555 Pilgrim St","N/A","Moses Lake","WA","	98837-4623","United States","Voluntary: Firm initiated","Press Release","Nationwide","D-0151-2016","Class II","TRIMIX, injectable Solution, 30MG/2MG/20MCG, syringe size: 10mL, Rx only, JD & SN Inc, DBA Moses Lake Professional Pharmacy, 1555 S. Pilgrim St. Moses Lake WA  98837, (509)764-2314","10 syringes","Lack of Assurance of Sterility; all sterile human compounded drugs within expiry","07/24/2015","10/27/2015","04/13/2016","11/04/2015","t12102014@2, t11212014@14, t11102014@22, t11072014@10, t10102014@20, t08072014@37, t06222015@13, t06192015@27, t06112015@23, t04142015@9, t02272015@26."
"Drugs","No","","71806","Terminated","JD & SN Inc., dba Moses Lake Professional Pharmacy","1555 Pilgrim St","N/A","Moses Lake","WA","	98837-4623","United States","Voluntary: Firm initiated","Press Release","Nationwide","D-0152-2016","Class II","TRIMIX, injectable Solution, 40MG/2MG/40MCG/ML, syringe size: 10mL, Rx only, JD & SN Inc, DBA Moses Lake Professional Pharmacy, 1555 S. Pilgrim St. Moses Lake WA  98837, (509)764-2314","3 syringes","Lack of Assurance of Sterility; all sterile human compounded drugs within expiry","07/24/2015","10/27/2015","04/13/2016","11/04/2015","t02272015@24, t04272015@22, t06022015@4."
"Drugs","No","","71806","Terminated","JD & SN Inc., dba Moses Lake Professional Pharmacy","1555 Pilgrim St","N/A","Moses Lake","WA","	98837-4623","United States","Voluntary: Firm initiated","Press Release","Nationwide","D-0153-2016","Class II","VITAMIN B-COMPLEX, Injectable Solution, Syringe size: 30 mL, Rx only, JD & SN Inc, DBA Moses Lake Professional Pharmacy, 1555 S. Pilgrim St. Moses Lake WA  98837, (509)764-2314","3 syringes","Lack of Assurance of Sterility; all sterile human compounded drugs within expiry","07/24/2015","10/27/2015","04/13/2016","11/04/2015","t04172015@20"
"Drugs","No","","71806","Terminated","JD & SN Inc., dba Moses Lake Professional Pharmacy","1555 Pilgrim St","N/A","Moses Lake","WA","	98837-4623","United States","Voluntary: Firm initiated","Press Release","Nationwide","D-0154-2016","Class II","VITAMIN D3 OIL, Injectable Solution, 400,000 UNITS/ML, syringe size: 20 mL, Rx only, JD & SN Inc, DBA Moses Lake Professional Pharmacy, 1555 S. Pilgrim St. Moses Lake WA  98837, (509)764-2314","4 syringes","Lack of Assurance of Sterility; all sterile human compounded drugs within expiry","07/24/2015","10/27/2015","04/13/2016","11/04/2015","t03032015@1, 04062015@1, 06292015@7, t04092015@10"
"Drugs","No","","71806","Terminated","JD & SN Inc., dba Moses Lake Professional Pharmacy","1555 Pilgrim St","N/A","Moses Lake","WA","	98837-4623","United States","Voluntary: Firm initiated","Press Release","Nationwide","D-0155-2016","Class II","VITAMIN D3  OIL, Injectable Solution, 50,000 UNITS/ML, syringe sizes: 10 mL and 30 mL, Rx only,JD & SN Inc, DBA Moses Lake Professional Pharmacy, 1555 S. Pilgrim St. Moses Lake WA  98837, (509)764-2314","6 (30mL syringe), 2 (10mL syringe)","Lack of Assurance of Sterility; all sterile human compounded drugs within expiry","07/24/2015","10/27/2015","04/13/2016","11/04/2015","t10242014@16, t05282015@21, t03182015@35."
"Drugs","No","","72241","Terminated","Kalman Health & Wellness, Inc. dba Essential Wellness Pharma","4625 N University St","N/A","Peoria","IL","	61614-5828","United States","Voluntary: Firm initiated","Letter","Nationwide","D-299-2016","Class II","17-Alpha Hydroxyprogesterone 250 mg/mL in Castor Oil Injection, 5 mL vials, Rx only, Essential Wellness PHARMACY, 4625 N. University, Peoria, IL 61614.","4 vials","Lack of Assurance of Sterility:  A recall of all compounded sterile preparations within expiry is being initiated due to observations associated with poor sterile production practices resulting in a lack of sterility assurance for their finished drugs.","09/03/2015","11/17/2015","12/29/2017","11/25/2015","Lot #: 062015, Exp 09/20/2015; 062215, Exp 09/22/2015; 062515, Exp 09/25/2015; and 072115, Exp 10/21/2015"
"Drugs","No","","72455","Terminated","Downing Labs, LLC","4001 McEwen Rd Suite 110","N/A","Dallas","TX","	75244-5020","United States","Voluntary: Firm initiated","Press Release","Nationwide in the US; Australia, Brazil, Bahamas, Switzerland, France, Colombia, Hong Kong, Indonesia, India, Japan, Malaysia, New Zealand, Phillippines, Singapore, Thailand, Trinidad and Tobago, Taiwan","D-0337-2016","Class II","L-Glutamine Injectable, 30mg/mL, 30mL vial, Rx only, Downing Labs, LLC 4001 McEwen Rd, Suite 110, Dallas TX, 754244, 1-800-914-7435","14 vials","Lack of Assurance of Sterility","10/16/2015","11/18/2015","09/22/2016","11/25/2015","All lots"
"Drugs","No","","72241","Terminated","Kalman Health & Wellness, Inc. dba Essential Wellness Pharma","4625 N University St","N/A","Peoria","IL","	61614-5828","United States","Voluntary: Firm initiated","Letter","Nationwide","D-300-2016","Class II","17-Alpha Hydroxyprogesterone 250 mg/mL in Sesame Oil Injection, 5 mL vials, Rx only, Essential Wellness PHARMACY, 4625 N. University, Peoria, IL 61614.","35 vials","Lack of Assurance of Sterility:  A recall of all compounded sterile preparations within expiry is being initiated due to observations associated with poor sterile production practices resulting in a lack of sterility assurance for their finished drugs.","09/03/2015","11/17/2015","12/29/2017","11/25/2015","Lot #: 060815, Exp 09/08/2015; 062915, Exp 09/29/2015; 072315, Exp 10/23/2015; and 760-081815, Exp 11/18/2015"
"Drugs","No","","72241","Terminated","Kalman Health & Wellness, Inc. dba Essential Wellness Pharma","4625 N University St","N/A","Peoria","IL","	61614-5828","United States","Voluntary: Firm initiated","Letter","Nationwide","D-301-2016","Class II","BIMIX INJ 30 mg-1 mg/mL Injection, 5 mL vials, Rx only, Essential Wellness PHARMACY, 4625 N. University, Peoria, IL 61614.","5 vials","Lack of Assurance of Sterility:  A recall of all compounded sterile preparations within expiry is being initiated due to observations associated with poor sterile production practices resulting in a lack of sterility assurance for their finished drugs.","09/03/2015","11/17/2015","12/29/2017","11/25/2015","Lot #: 071015, Exp 09/10/2015; 072115, Exp 09/21/2015; and 080715, Exp 10/07/2015"
"Drugs","No","","72241","Terminated","Kalman Health & Wellness, Inc. dba Essential Wellness Pharma","4625 N University St","N/A","Peoria","IL","	61614-5828","United States","Voluntary: Firm initiated","Letter","Nationwide","D-302-2016","Class II","Cyclosporin 0.1% Opth Solution, 10 mL dropper bottles, Rx only, Essential Wellness PHARMACY, 4625 N. University, Peoria, IL 61614.","7 dropper bottles","Lack of Assurance of Sterility:  A recall of all compounded sterile preparations within expiry is being initiated due to observations associated with poor sterile production practices resulting in a lack of sterility assurance for their finished drugs.","09/03/2015","11/17/2015","12/29/2017","11/25/2015","Lot #: 062915, Exp 09/29/2015; 070915, Exp 10/09/2015; 073015, Exp 10/30/2015; 080315, Exp 11/03/2015; and 080615, Exp 11/06/2015"
"Drugs","No","","72241","Terminated","Kalman Health & Wellness, Inc. dba Essential Wellness Pharma","4625 N University St","N/A","Peoria","IL","	61614-5828","United States","Voluntary: Firm initiated","Letter","Nationwide","D-303-2016","Class II","Dexamethasone 0.4% Opth Ointment, 3.5 g ointment tubes, Rx only, Essential Wellness PHARMACY, 4625 N. University, Peoria, IL 61614.","2 ointment tubes","Lack of Assurance of Sterility:  A recall of all compounded sterile preparations within expiry is being initiated due to observations associated with poor sterile production practices resulting in a lack of sterility assurance for their finished drugs.","09/03/2015","11/17/2015","12/29/2017","11/25/2015","Lot #: 062515, Exp 09/25/2015; and 070615, Exp 10/06/2015"
"Drugs","No","","72241","Terminated","Kalman Health & Wellness, Inc. dba Essential Wellness Pharma","4625 N University St","N/A","Peoria","IL","	61614-5828","United States","Voluntary: Firm initiated","Letter","Nationwide","D-304-2016","Class II","DUAL TEST CYP/ENA 1:1 200 mg/mL Injection, packaged in a) 5 mL and b) 100 mL vials, Rx only, Essential Wellness PHARMACY, 4625 N. University, Peoria, IL 61614.","a) 720 vials; b) 4 vials","Lack of Assurance of Sterility:  A recall of all compounded sterile preparations within expiry is being initiated due to observations associated with poor sterile production practices resulting in a lack of sterility assurance for their finished drugs.","09/03/2015","11/17/2015","12/29/2017","11/25/2015","Lot #: 060815, Exp 09/08/2015; 061615, Exp 09/16/2015; 062915, Exp 09/29/2015; 070615, Exp 10/06/2015; 071615, Exp 10/16/2015; 073015, Exp 10/30/2015; and 080615, Exp 11/08/2015"
"Drugs","No","","72241","Terminated","Kalman Health & Wellness, Inc. dba Essential Wellness Pharma","4625 N University St","N/A","Peoria","IL","	61614-5828","United States","Voluntary: Firm initiated","Letter","Nationwide","D-305-2016","Class II","Glycerin Opth Solution, 10 mL dropper bottles, Rx only, Essential Wellness PHARMACY, 4625 N. University, Peoria, IL 61614.","1 dropper bottle","Lack of Assurance of Sterility:  A recall of all compounded sterile preparations within expiry is being initiated due to observations associated with poor sterile production practices resulting in a lack of sterility assurance for their finished drugs.","09/03/2015","11/17/2015","12/29/2017","11/25/2015","Lot #: 071515, Exp 10/15/2015"
"Drugs","No","","72241","Terminated","Kalman Health & Wellness, Inc. dba Essential Wellness Pharma","4625 N University St","N/A","Peoria","IL","	61614-5828","United States","Voluntary: Firm initiated","Letter","Nationwide","D-306-2016","Class II","HCG 1000 Units/mL SUB-Q Injection, packaged in a)1.5 mL, b) 2 mL, c) 2.4 mL, d) 4 mL, e) 6 mL, f) 7.5 mL, g) 8 mL, and h) 9 mL vials, Rx only, Essential Wellness PHARMACY, 4625 N. University, Peoria, IL 61614.","49 vials","Lack of Assurance of Sterility:  A recall of all compounded sterile preparations within expiry is being initiated due to observations associated with poor sterile production practices resulting in a lack of sterility assurance for their finished drugs.","09/03/2015","11/17/2015","12/29/2017","11/25/2015","Lot #: 080415, Exp 09/04/2015; 080515, Exp 09/05/2015; 080615, Exp 09/06/2015; 080715, Exp 09/07/2015; 081015, Exp 09/10/2015; 081115, Exp 09/11/2015; 081215, Exp 09/12/2015; 081315, Exp 09/13/2015; 081415, Exp 09/14/2015; 1702-081715, Exp 09/17/2015; 1702-081815, Exp 09/18/2015; and 1702-081915, Exp 09/19/2015"
"Drugs","No","","72457","Terminated","Rx PAK","4971 Southridge Blvd Ste 111-115","N/A","Memphis","TN","	38141-8300","United States","Voluntary: Firm initiated","E-Mail","Nationwide","D-0053-2016","Class III","Donnatal (Phenobarbital, Hyoscyamine Sulfate, Atropine Sulfate, Scopolamine Hydrobromide) tablets, 100-count bottle, Rx only, Manufactured for Concordia Pharmaceuticals, Inc., St. Michael, Barbados BB11005, Manufactured by IriSys, LLC San Diego, CA 92121, Repackaged by: RxPak, Div. of McKesson, Memphis, TN 38141, NDC 59212-425-10","2530 bottles","Labeling: Not elsewhere classified - Product label incorrectly lists Scopolamine Hydrocodone as an active ingredient on the side panel instead of Scopolamine Hydrobromide.","10/13/2015","10/21/2015","06/30/2016","10/28/2015","Lot #: 107934 Exp 9/16, 108060 Exp 5/16"
"Drugs","No","","72241","Terminated","Kalman Health & Wellness, Inc. dba Essential Wellness Pharma","4625 N University St","N/A","Peoria","IL","	61614-5828","United States","Voluntary: Firm initiated","Letter","Nationwide","D-307-2016","Class II","HCG 1000 U/ LIDO 0.2%/mL Injection, packaged in a) 3 mL and b) 8 mL vials, Rx only, Essential Wellness PHARMACY, 4625 N. University, Peoria, IL 61614.","2 vials","Lack of Assurance of Sterility:  A recall of all compounded sterile preparations within expiry is being initiated due to observations associated with poor sterile production practices resulting in a lack of sterility assurance for their finished drugs.","09/03/2015","11/17/2015","12/29/2017","11/25/2015","Lot #: 080415, Exp 09/04/2015; and 4721-081715, Exp 09/17/2015"
"Drugs","No","","72241","Terminated","Kalman Health & Wellness, Inc. dba Essential Wellness Pharma","4625 N University St","N/A","Peoria","IL","	61614-5828","United States","Voluntary: Firm initiated","Letter","Nationwide","D-308-2016","Class II","HCG 2000 Units/mL Injection, packaged in a) 4 mL and b) 15 mL vials, Rx only, Essential Wellness PHARMACY, 4625 N. University, Peoria, IL 61614.","2 vials","Lack of Assurance of Sterility:  A recall of all compounded sterile preparations within expiry is being initiated due to observations associated with poor sterile production practices resulting in a lack of sterility assurance for their finished drugs.","09/03/2015","11/17/2015","12/29/2017","11/25/2015","Lot #: 080415, Exp 09/04/2015; and 080715, Exp 09/07/2015"
"Drugs","No","","72241","Terminated","Kalman Health & Wellness, Inc. dba Essential Wellness Pharma","4625 N University St","N/A","Peoria","IL","	61614-5828","United States","Voluntary: Firm initiated","Letter","Nationwide","D-309-2016","Class II","HCG 3000 Units/mL Injection, 2 mL vial, Rx only, Essential Wellness PHARMACY, 4625 N. University, Peoria, IL 61614.","1 vial","Lack of Assurance of Sterility:  A recall of all compounded sterile preparations within expiry is being initiated due to observations associated with poor sterile production practices resulting in a lack of sterility assurance for their finished drugs.","09/03/2015","11/17/2015","12/29/2017","11/25/2015","Lot #: 081015, Exp 09/10/2015"
"Drugs","No","","72241","Terminated","Kalman Health & Wellness, Inc. dba Essential Wellness Pharma","4625 N University St","N/A","Peoria","IL","	61614-5828","United States","Voluntary: Firm initiated","Letter","Nationwide","D-310-2016","Class II","HCG 5000 Units/mL Injection, 0.4 mL vials, Rx only, Essential Wellness PHARMACY, 4625 N. University, Peoria, IL 61614.","1 vial","Lack of Assurance of Sterility:  A recall of all compounded sterile preparations within expiry is being initiated due to observations associated with poor sterile production practices resulting in a lack of sterility assurance for their finished drugs.","09/03/2015","11/17/2015","12/29/2017","11/25/2015","Lot #: 081315, Exp 09/13/2015"
"Drugs","No","","72241","Terminated","Kalman Health & Wellness, Inc. dba Essential Wellness Pharma","4625 N University St","N/A","Peoria","IL","	61614-5828","United States","Voluntary: Firm initiated","Letter","Nationwide","D-311-2016","Class II","HCG 10,000 Units/mL Injection, packaged in a) 1 mL, b) 1.2 mL, c) 1.6 mL, d) 2.0 mL, e) 2.4 mL, f) 3.6 mL, g) 4 mL, h) 4.8 mL vials; and i) 0.1 mL, j) 0. 2 mL, k) 0.3 mL prefilled syringes, Rx only, Essential Wellness PHARMACY, 4625 N. University, Peoria, IL 61614.","21 vials and 80 prefilled syringes","Lack of Assurance of Sterility:  A recall of all compounded sterile preparations within expiry is being initiated due to observations associated with poor sterile production practices resulting in a lack of sterility assurance for their finished drugs.","09/03/2015","11/17/2015","12/29/2017","11/25/2015","Lot #: 080615, Exp 09/06/2015; 081215, Exp 09/12/2015; 081315, Exp 09/13/2015; 081415, Exp 09/14/2015; 1730-081715, Exp 09/17/2015; 1730-081815, Exp 09/18/2015; and 1730-081915, Exp 09/19/2015"
"Drugs","No","","72241","Terminated","Kalman Health & Wellness, Inc. dba Essential Wellness Pharma","4625 N University St","N/A","Peoria","IL","	61614-5828","United States","Voluntary: Firm initiated","Letter","Nationwide","D-312-2016","Class II","LIPO B Injection, packaged in a) 2 mL, b) 12 mL, c) 15 mL, or d) 30 mL vials, Rx only, Essential Wellness PHARMACY, 4625 N. University, Peoria, IL 61614.","76 vials","Lack of Assurance of Sterility:  A recall of all compounded sterile preparations within expiry is being initiated due to observations associated with poor sterile production practices resulting in a lack of sterility assurance for their finished drugs.","09/03/2015","11/17/2015","12/29/2017","11/25/2015","Lot #: 061215, Exp 09/12/2015; 061915, Exp 09/19/2015; 070115, Exp 10/01/2015; 072315, Exp 10/23/2015; and 073115, Exp 10/31/2015"
"Drugs","No","","72241","Terminated","Kalman Health & Wellness, Inc. dba Essential Wellness Pharma","4625 N University St","N/A","Peoria","IL","	61614-5828","United States","Voluntary: Firm initiated","Letter","Nationwide","D-313-2016","Class II","LIPO-B Special Injection,12 mL vials, Rx only, Essential Wellness PHARMACY, 4625 N. University, Peoria, IL 61614.","1 vial","Lack of Assurance of Sterility:  A recall of all compounded sterile preparations within expiry is being initiated due to observations associated with poor sterile production practices resulting in a lack of sterility assurance for their finished drugs.","09/03/2015","11/17/2015","12/29/2017","11/25/2015","Lot #: 073115, Exp 10/31/2015"
"Drugs","No","","72241","Terminated","Kalman Health & Wellness, Inc. dba Essential Wellness Pharma","4625 N University St","N/A","Peoria","IL","	61614-5828","United States","Voluntary: Firm initiated","Letter","Nationwide","D-314-2016","Class II","Methylcobalamin 1 mg/mL (Pres Free) Injection, 1 mL prefilled syringes, Rx only, Essential Wellness PHARMACY, 4625 N. University, Peoria, IL 61614.","10 prefilled syringes","Lack of Assurance of Sterility:  A recall of all compounded sterile preparations within expiry is being initiated due to observations associated with poor sterile production practices resulting in a lack of sterility assurance for their finished drugs.","09/03/2015","11/17/2015","12/29/2017","11/25/2015","Lot #: 072915, Exp 09/13/2015; 080415, Exp 09/19/2015; and 1345-081815, Exp 10/03/2015"
"Drugs","No","","72241","Terminated","Kalman Health & Wellness, Inc. dba Essential Wellness Pharma","4625 N University St","N/A","Peoria","IL","	61614-5828","United States","Voluntary: Firm initiated","Letter","Nationwide","D-315-2016","Class II","Methylcobalamin 5000 mcg/mL Preservative Free Injection, packaged in a) 4 mL and b) 8 mL vials, Rx only, Essential Wellness PHARMACY, 4625 N. University, Peoria, IL 61614.","2 vials","Lack of Assurance of Sterility:  A recall of all compounded sterile preparations within expiry is being initiated due to observations associated with poor sterile production practices resulting in a lack of sterility assurance for their finished drugs.","09/03/2015","11/17/2015","12/29/2017","11/25/2015","Lot #: 072715, Exp 09/10/2015; and 073015, Exp 09/13/2015"
"Drugs","No","","72241","Terminated","Kalman Health & Wellness, Inc. dba Essential Wellness Pharma","4625 N University St","N/A","Peoria","IL","	61614-5828","United States","Voluntary: Firm initiated","Letter","Nationwide","D-316-2016","Class II","Methylcobalamin 20 mg/mL PF Injection, 0.05 mL prefilled syringes, Rx only, Essential Wellness PHARMACY, 4625 N. University, Peoria, IL 61614.","28 prefilled syringes","Lack of Assurance of Sterility:  A recall of all compounded sterile preparations within expiry is being initiated due to observations associated with poor sterile production practices resulting in a lack of sterility assurance for their finished drugs.","09/03/2015","11/17/2015","12/29/2017","11/25/2015","Lot #: 3327-081715, Exp 09/17/2015"
"Drugs","No","","72241","Terminated","Kalman Health & Wellness, Inc. dba Essential Wellness Pharma","4625 N University St","N/A","Peoria","IL","	61614-5828","United States","Voluntary: Firm initiated","Letter","Nationwide","D-317-2016","Class II","Methylcobalamin 25 mg/mL PF Injection, 0.5 mL prefilled syringes, Rx only, Essential Wellness PHARMACY, 4625 N. University, Peoria, IL 61614.","8 prefilled syringes","Lack of Assurance of Sterility:  A recall of all compounded sterile preparations within expiry is being initiated due to observations associated with poor sterile production practices resulting in a lack of sterility assurance for their finished drugs.","09/03/2015","11/17/2015","12/29/2017","11/25/2015","Lot #: 072915, Exp 09/13/2015"
"Drugs","No","","72241","Terminated","Kalman Health & Wellness, Inc. dba Essential Wellness Pharma","4625 N University St","N/A","Peoria","IL","	61614-5828","United States","Voluntary: Firm initiated","Letter","Nationwide","D-318-2016","Class II","Methylcobalamin 30 mg/mL PF Injection, 0.1 mL prefilled syringes, Rx only, Essential Wellness PHARMACY, 4625 N. University, Peoria, IL 61614.","30 prefilled syringes","Lack of Assurance of Sterility:  A recall of all compounded sterile preparations within expiry is being initiated due to observations associated with poor sterile production practices resulting in a lack of sterility assurance for their finished drugs.","09/03/2015","11/17/2015","12/29/2017","11/25/2015","Lot #: 072815, Exp 09/10/2015"
"Drugs","No","","72241","Terminated","Kalman Health & Wellness, Inc. dba Essential Wellness Pharma","4625 N University St","N/A","Peoria","IL","	61614-5828","United States","Voluntary: Firm initiated","Letter","Nationwide","D-319-2016","Class II","MIC Injection, 30 mL vials, Rx only, Essential Wellness PHARMACY, 4625 N. University, Peoria, IL 61614.","1 vial","Lack of Assurance of Sterility:  A recall of all compounded sterile preparations within expiry is being initiated due to observations associated with poor sterile production practices resulting in a lack of sterility assurance for their finished drugs.","09/03/2015","11/17/2015","12/29/2017","11/25/2015","Lot #: 071315, Exp 10/13/2015"
"Drugs","No","","72241","Terminated","Kalman Health & Wellness, Inc. dba Essential Wellness Pharma","4625 N University St","N/A","Peoria","IL","	61614-5828","United States","Voluntary: Firm initiated","Letter","Nationwide","D-320-2016","Class II","Progesterone 100 mg/mL IM* Injection in Sesame Oil, 10 mL vials, Rx only, Essential Wellness PHARMACY, 4625 N. University, Peoria, IL 61614.","50 vials","Lack of Assurance of Sterility:  A recall of all compounded sterile preparations within expiry is being initiated due to observations associated with poor sterile production practices resulting in a lack of sterility assurance for their finished drugs.","09/03/2015","11/17/2015","12/29/2017","11/25/2015","Lot #: 062315, Exp 09/23/2015; 071615, Exp 10/16/2015; and 080615, Exp 11/06/2015"
"Drugs","No","","72241","Terminated","Kalman Health & Wellness, Inc. dba Essential Wellness Pharma","4625 N University St","N/A","Peoria","IL","	61614-5828","United States","Voluntary: Firm initiated","Letter","Nationwide","D-321-2016","Class II","Progesterone 100 mg/mL in Corn Oil Injection, 2 mL vials, Rx only, Essential Wellness PHARMACY, 4625 N. University, Peoria, IL 61614.","1 vial","Lack of Assurance of Sterility:  A recall of all compounded sterile preparations within expiry is being initiated due to observations associated with poor sterile production practices resulting in a lack of sterility assurance for their finished drugs.","09/03/2015","11/17/2015","12/29/2017","11/25/2015","Lot #: 072915, Exp 10/29/2015"
"Drugs","No","","72241","Terminated","Kalman Health & Wellness, Inc. dba Essential Wellness Pharma","4625 N University St","N/A","Peoria","IL","	61614-5828","United States","Voluntary: Firm initiated","Letter","Nationwide","D-322-2016","Class II","Progesterone 100 mg/mL Ethyl Oleate Injection, 10 mL vials, Rx only, Essential Wellness PHARMACY, 4625 N. University, Peoria, IL 61614.","2 vials","Lack of Assurance of Sterility:  A recall of all compounded sterile preparations within expiry is being initiated due to observations associated with poor sterile production practices resulting in a lack of sterility assurance for their finished drugs.","09/03/2015","11/17/2015","12/29/2017","11/25/2015","Lot #: 072415, Exp 10/24/2015; and 080715, Exp 11/07/2015"
"Drugs","No","","72241","Terminated","Kalman Health & Wellness, Inc. dba Essential Wellness Pharma","4625 N University St","N/A","Peoria","IL","	61614-5828","United States","Voluntary: Firm initiated","Letter","Nationwide","D-323-2016","Class II","QUAD MIX (30 mg-1 mg-20 mcg-0.16 mg / mL) Injection, 5.2 mL vials, Rx only, Essential Wellness PHARMACY, 4625 N. University, Peoria, IL 61614.","1 vial","Lack of Assurance of Sterility:  A recall of all compounded sterile preparations within expiry is being initiated due to observations associated with poor sterile production practices resulting in a lack of sterility assurance for their finished drugs.","09/03/2015","11/17/2015","12/29/2017","11/25/2015","Lot #: 071315, Exp 09/13/2015"
"Drugs","No","","72241","Terminated","Kalman Health & Wellness, Inc. dba Essential Wellness Pharma","4625 N University St","N/A","Peoria","IL","	61614-5828","United States","Voluntary: Firm initiated","Letter","Nationwide","D-324-2016","Class II","Sermorelin 9 mg/10 mL SUB-Q* Injection, packaged in a) 3 mL, b) 5 mL, c)  6 mL, or d) 9 mL vials, Rx only, Essential Wellness PHARMACY, 4625 N. University, Peoria, IL 61614.","7 vials","Lack of Assurance of Sterility:  A recall of all compounded sterile preparations within expiry is being initiated due to observations associated with poor sterile production practices resulting in a lack of sterility assurance for their finished drugs.","09/03/2015","11/17/2015","12/29/2017","11/25/2015","Lot #: 080515, Exp 09/05/2015; 080715, Exp 09/07/2015; 081115, Exp 09/11/2015; and 081415, Exp. Date 09/14/2015"
"Drugs","No","","72241","Terminated","Kalman Health & Wellness, Inc. dba Essential Wellness Pharma","4625 N University St","N/A","Peoria","IL","	61614-5828","United States","Voluntary: Firm initiated","Letter","Nationwide","D-325-2016","Class II","Sermorelin 1000 mcg/mL SUB-Q* Injection, packaged in a) 3 mL, b) 6mL, c) 7.5ml, d) 9 mL or e) 10 mL vials, Rx only, Essential Wellness PHARMACY, 4625 N. University, Peoria, IL 61614.","64 vials","Lack of Assurance of Sterility:  A recall of all compounded sterile preparations within expiry is being initiated due to observations associated with poor sterile production practices resulting in a lack of sterility assurance for their finished drugs.","09/03/2015","11/17/2015","12/29/2017","11/25/2015","Lot #: 080415, Exp 09/04/2015; 080515, Exp 09/05/2015; 080615, Exp 09/06/2015; 080715, Exp 09/07/2015; 081015, Exp 09/10/2015; 081115, Exp 09/11/2015; 081215, Exp 09/12/2015; 081315, Exp 09/13/2015; 081415, Exp 09/13/2015; 081515, Exp 09/15/2015; 453-081715, Exp 09/17/2015; 453-081815, Exp 09/18/2015; and 453-081915, Exp 09/19/2015"
"Drugs","No","","72241","Terminated","Kalman Health & Wellness, Inc. dba Essential Wellness Pharma","4625 N University St","N/A","Peoria","IL","	61614-5828","United States","Voluntary: Firm initiated","Letter","Nationwide","D-326-2016","Class II","sermorelin 1000 mcg/mL / LIDO 0.2% Injection, 6 mL vials, Rx only, Essential Wellness PHARMACY, 4625 N. University, Peoria, IL 61614.","2 vials","Lack of Assurance of Sterility:  A recall of all compounded sterile preparations within expiry is being initiated due to observations associated with poor sterile production practices resulting in a lack of sterility assurance for their finished drugs.","09/03/2015","11/17/2015","12/29/2017","11/25/2015","Lot #: 080415, Exp 09/04/2015"
"Drugs","No","","72241","Terminated","Kalman Health & Wellness, Inc. dba Essential Wellness Pharma","4625 N University St","N/A","Peoria","IL","	61614-5828","United States","Voluntary: Firm initiated","Letter","Nationwide","D-327-2016","Class II","Testosterone Cypionate 50 mg/mL Injection, 1 mL vials, Rx only, Essential Wellness PHARMACY, 4625 N. University, Peoria, IL 61614.","5 vials","Lack of Assurance of Sterility:  A recall of all compounded sterile preparations within expiry is being initiated due to observations associated with poor sterile production practices resulting in a lack of sterility assurance for their finished drugs.","09/03/2015","11/17/2015","12/29/2017","11/25/2015","Lot #: 081215, Exp 11/12/2015"
"Drugs","No","","72241","Terminated","Kalman Health & Wellness, Inc. dba Essential Wellness Pharma","4625 N University St","N/A","Peoria","IL","	61614-5828","United States","Voluntary: Firm initiated","Letter","Nationwide","D-328-2016","Class II","Testosterone Cypionate 200 mcg/mL in Sesame Oil Injection, packaged a) 5 mL and b) 100 mL vials, Rx only, Essential Wellness PHARMACY, 4625 N. University, Peoria, IL 61614.","261 vials","Lack of Assurance of Sterility:  A recall of all compounded sterile preparations within expiry is being initiated due to observations associated with poor sterile production practices resulting in a lack of sterility assurance for their finished drugs.","09/03/2015","11/17/2015","12/29/2017","11/25/2015","Lot #: 060815, Exp 09/08/2015; 061615, Exp 09/16/2015; 070615, Exp 10/06/2015; 071615, Exp 10/16/2015; and 080615, Exp 11/06/2015"
"Drugs","No","","72241","Terminated","Kalman Health & Wellness, Inc. dba Essential Wellness Pharma","4625 N University St","N/A","Peoria","IL","	61614-5828","United States","Voluntary: Firm initiated","Letter","Nationwide","D-329-2016","Class II","Testosterone Cypionate 200 mcg/mL in Corn Oil Injection, 5 mL vials, Rx only, Essential Wellness PHARMACY, 4625 N. University, Peoria, IL 61614.","2 vials","Lack of Assurance of Sterility:  A recall of all compounded sterile preparations within expiry is being initiated due to observations associated with poor sterile production practices resulting in a lack of sterility assurance for their finished drugs.","09/03/2015","11/17/2015","12/29/2017","11/25/2015","Lot #: 070115, Exp 10/01/2015; and 071015, Exp 10/10/2015"
"Drugs","No","","72241","Terminated","Kalman Health & Wellness, Inc. dba Essential Wellness Pharma","4625 N University St","N/A","Peoria","IL","	61614-5828","United States","Voluntary: Firm initiated","Letter","Nationwide","D-330-2016","Class II","Testosterone CYP/ENAN/PROP Injection, 66.6 mg/66.6. mg/66.6 mg/mL, 5 mL vials, Rx only, Essential Wellness PHARMACY, 4625 N. University, Peoria, IL 61614.","20 vials","Lack of Assurance of Sterility:  A recall of all compounded sterile preparations within expiry is being initiated due to observations associated with poor sterile production practices resulting in a lack of sterility assurance for their finished drugs.","09/03/2015","11/17/2015","12/29/2017","11/25/2015","Lot #: 062915, Exp 09/29/2015; and 071615, Exp 10/16/2015"
"Drugs","No","","72241","Terminated","Kalman Health & Wellness, Inc. dba Essential Wellness Pharma","4625 N University St","N/A","Peoria","IL","	61614-5828","United States","Voluntary: Firm initiated","Letter","Nationwide","D-331-2016","Class II","Testosterone CYP/ENAN/PROP Injection in Cottonseed Oil, 66.6 mg/66.6. mg/66.6 mg/mL, 5 mL vials, Rx only, Essential Wellness PHARMACY, 4625 N. University, Peoria, IL 61614.","1 vial","Lack of Assurance of Sterility:  A recall of all compounded sterile preparations within expiry is being initiated due to observations associated with poor sterile production practices resulting in a lack of sterility assurance for their finished drugs.","09/03/2015","11/17/2015","12/29/2017","11/25/2015","Lot #: 060415, Exp 09/04/2015"
"Drugs","No","","72241","Terminated","Kalman Health & Wellness, Inc. dba Essential Wellness Pharma","4625 N University St","N/A","Peoria","IL","	61614-5828","United States","Voluntary: Firm initiated","Letter","Nationwide","D-332-2016","Class II","TRIMIX #1 Injection, 4.2 mL vials, Rx only, Essential Wellness PHARMACY, 4625 N. University, Peoria, IL 61614.","6 vials","Lack of Assurance of Sterility:  A recall of all compounded sterile preparations within expiry is being initiated due to observations associated with poor sterile production practices resulting in a lack of sterility assurance for their finished drugs.","09/03/2015","11/17/2015","12/29/2017","11/25/2015","Lot #: 071015, Exp 09/10/2015; 071715, Exp 09/17/2015; and 073015, Exp 09/30/2015"
"Drugs","No","","72241","Terminated","Kalman Health & Wellness, Inc. dba Essential Wellness Pharma","4625 N University St","N/A","Peoria","IL","	61614-5828","United States","Voluntary: Firm initiated","Letter","Nationwide","D-333-2016","Class II","TRIMIX #2 (24 mg-0.8 mg-20 mcg /mL) Injection, 5 mL vials, Rx only, Essential Wellness PHARMACY, 4625 N. University, Peoria, IL 61614.","5 vials","Lack of Assurance of Sterility:  A recall of all compounded sterile preparations within expiry is being initiated due to observations associated with poor sterile production practices resulting in a lack of sterility assurance for their finished drugs.","09/03/2015","11/17/2015","12/29/2017","11/25/2015","Lot # 070815, Exp 09/08/2015; 071715, Exp 09/17/2015; 073115, Exp 10/012015; 080415, Exp 10/04/2015; and 080615, Exp 10/06/2015"
"Drugs","No","","72241","Terminated","Kalman Health & Wellness, Inc. dba Essential Wellness Pharma","4625 N University St","N/A","Peoria","IL","	61614-5828","United States","Voluntary: Firm initiated","Letter","Nationwide","D-334-2016","Class II","TRIMIX #3 (24 mg-1 mg-20 mcg/mL) Injection, 5 mL vials, Rx only, Essential Wellness PHARMACY, 4625 N. University, Peoria, IL 61614.","2 vials","Lack of Assurance of Sterility:  A recall of all compounded sterile preparations within expiry is being initiated due to observations associated with poor sterile production practices resulting in a lack of sterility assurance for their finished drugs.","09/03/2015","11/17/2015","12/29/2017","11/25/2015","Lot #: 070915, Exp 09/09/2015; and 080315, Exp 10/03/2015"
"Drugs","No","","72476","Terminated","Par Pharmaceutical Inc.","1 Ram Ridge Rd","N/A","Spring Valley","NY","	10977-6714","United States","Voluntary: Firm initiated","Letter","U.S. Nationwide including Puerto Rico","D-0233-2016","Class III","Meclizine Hydrochloride Tablets, USP, 12.5 mg Tablets, Packaged in a) 100 Ct Bottles (NDC: 49884-034-01) and b) 1000 Ct Bottles (NDC: 49884-034-10), Rx only. Par Pharmaceutical Companies, Inc., Spring Valley, NY 10977.","a) 162,385 Bottles; b) 6949 Bottles","Failed Impurities/Degradation Specifications: Out of specification for impurities.","10/26/2015","11/13/2015","04/20/2017","11/25/2015","a)  Lot #: 24820001, Expiry: NOV 2015; Lot #: 25783601, Expiry: OCT 2016; Lot #: 25783801, Expiry: OCT 2016;  Lot #: 26731201, Expiry: AUG 2017;  Lot #: 26762002, Expiry: FEB 2018. b) Lot #:  26683201, Expiry: AUG 2017; Lot#: 26762001, Expiry: FEB 2018."
"Drugs","No","","72476","Terminated","Par Pharmaceutical Inc.","1 Ram Ridge Rd","N/A","Spring Valley","NY","	10977-6714","United States","Voluntary: Firm initiated","Letter","U.S. Nationwide including Puerto Rico","D-0234-2016","Class III","Meclizine Hydrochloride Tablets USP, 25 mg Tablets, Packaged in a) 100 Ct Bottles (NDC: 49884-035-01) and b) 1000 Ct Bottles (NDC: 49884-035-10), Rx only. Par Pharmaceutical Companies, Inc., Spring Valley, NY 10977.","a) 387,100 Bottles; b) 63,572 Bottles","Failed Impurities/Degradation Specifications: Out of specification for impurities.","10/26/2015","11/13/2015","04/20/2017","11/25/2015","a) Lot #:  25552101, Expiry: AUG 2016;  Lot#: 25712701,  Expiry: SEP 2016;  Lot #: 25787902, Expiry: NOV 2016;  Lot #: 26074601, Expiry: JAN 2017; Lot #: 26259801, Expiry: APR 2017; Lot #: 26220001, Expiry: MAR 2017; Lot #: 26579001, Expiry: JUN 2017; Lot #: 26731801, Expiry:  NOV 2017. b) Lot #:  24502301, Expiry: OCT 2015;  Lot #: 24505901, Expiry: OCT 2015; Lot #: 25787901, Expiry: NOV 2016; Lot #: 26074701, Expiry: JAN 2017; Lot #: 26259701, Expiry: MAR 2017;  Lot #: 26575801, Expiry: JUN 2017; Lot #: 26579002, Expiry: JUN 2017; Lot #: 26682801, Expiry: SEP 2017;  Lot #: 26682901, Expiry: SEP 2017; Lot #: 26731702, Expiry: NOV 2017; Lot #: 25960301, Expiry: NOV 2017; Lot #: 26764801, Expiry: MAR 2018."
"Drugs","No","","72479","Terminated","Steris Corp","7501 Page Ave","N/A","Saint Louis","MO","	63133-1031","United States","Voluntary: Firm initiated","Letter","Medical Center/Hospitals in FL, MO, and TN.","D-0518-2016","Class II","Kindest Kare Antimicrobial Foaming Handwash, Hand Soap, 0.75% Triclosan, 444 ml (15 fl oz) bottles, STERIS Corporation, 7501 Page Avenue, St. Louis, MO  63133, Reorder # 1452-RF, NDC 0519-1452-13, UPC (01)00724995 086251.","3 cases - 54 bottles","Labeling: Not Elsewhere Classified; Incorrect/Undeclared Excipients: Outdated previous version of label applied to products that incorrectly states one inactive ingredient.","10/27/2015","12/04/2015","07/07/2016","12/16/2015","Lot # 277120, Exp 06/01/17"
"Drugs","No","","72493","Terminated","Vintage Pharmaceuticals LLC, DBA Qualitest Pharmaceuticals","150 Vintage Dr NE","N/A","Huntsville","AL","	35811-8216","United States","Voluntary: Firm initiated","Letter","U.S. Nationwide","D-0162-2016","Class III","RANITIDINE SYRUP (RANITIDINE ORAL SOLUTION, USP) 15 mg/mL (75 mg/5 mL), 473 mL (16 fl oz), Rx only. Manufactured for:  QUALITEST PHARMACEUTICALS, HUNTSVILLE, AL 35811, NDC: 0603-9418-58.","61,146 Bottles","Failed Stability Specifications: Out of Specification results obtained for preservative butylparaben.","10/21/2015","11/02/2015","10/23/2016","11/11/2015","Lot #: L088L13A, Expiry: 12/15; Lot #: L023F14A, Expiry: 5/16; Lot#: L024F14A, Expiry: 5/16."
"Drugs","No","","72241","Terminated","Kalman Health & Wellness, Inc. dba Essential Wellness Pharma","4625 N University St","N/A","Peoria","IL","	61614-5828","United States","Voluntary: Firm initiated","Letter","Nationwide","D-335-2016","Class II","TRIMIX #4 (27 mg-1.5 mg-50 mcg/mL) Injection, 5 mL vials, Rx only, Essential Wellness PHARMACY, 4625 N. University, Peoria, IL 61614.","1 vial","Lack of Assurance of Sterility:  A recall of all compounded sterile preparations within expiry is being initiated due to observations associated with poor sterile production practices resulting in a lack of sterility assurance for their finished drugs.","09/03/2015","11/17/2015","12/29/2017","11/25/2015","Lot #: 070715, Exp 09/07/2015"
"Drugs","No","","72241","Terminated","Kalman Health & Wellness, Inc. dba Essential Wellness Pharma","4625 N University St","N/A","Peoria","IL","	61614-5828","United States","Voluntary: Firm initiated","Letter","Nationwide","D-336-2016","Class II","TRIMIX SPECIAL (30 mg-1 mg-10 mcg/mL) Injection, 5 mL vials, Rx only, Essential Wellness PHARMACY, 4625 N. University, Peoria, IL 61614.","1 vial","Lack of Assurance of Sterility:  A recall of all compounded sterile preparations within expiry is being initiated due to observations associated with poor sterile production practices resulting in a lack of sterility assurance for their finished drugs.","09/03/2015","11/17/2015","12/29/2017","11/25/2015","Lot #: 073115, Exp 10/01/2015"
"Drugs","No","","72455","Terminated","Downing Labs, LLC","4001 McEwen Rd Suite 110","N/A","Dallas","TX","	75244-5020","United States","Voluntary: Firm initiated","Press Release","Nationwide in the US; Australia, Brazil, Bahamas, Switzerland, France, Colombia, Hong Kong, Indonesia, India, Japan, Malaysia, New Zealand, Phillippines, Singapore, Thailand, Trinidad and Tobago, Taiwan","D-0338-2016","Class II","L-Tyrosine Injectable, 25mg/mL, 30mL vial, Rx only, Downing Labs, LLC 4001 McEwen Rd, Suite 110, Dallas TX, 754244, 1-800-914-7435","29 vials","Lack of Assurance of Sterility","10/16/2015","11/18/2015","09/22/2016","11/25/2015","All lots"
"Drugs","No","","72455","Terminated","Downing Labs, LLC","4001 McEwen Rd Suite 110","N/A","Dallas","TX","	75244-5020","United States","Voluntary: Firm initiated","Press Release","Nationwide in the US; Australia, Brazil, Bahamas, Switzerland, France, Colombia, Hong Kong, Indonesia, India, Japan, Malaysia, New Zealand, Phillippines, Singapore, Thailand, Trinidad and Tobago, Taiwan","D-0339-2016","Class II","L-Tryptophan  Injectable, 30mg/mL, 30mL vial, Rx only, Downing Labs, LLC 4001 McEwen Rd, Suite 110, Dallas TX, 754244, 1-800-914-7435","16 vials","Lack of Assurance of Sterility","10/16/2015","11/18/2015","09/22/2016","11/25/2015","All lots"
"Drugs","No","","72505","Terminated","Perrigo Company PLC","515 Eastern Ave","N/A","Allegan","MI","	49010-9070","United States","Voluntary: Firm initiated","Letter","Nationwide","D-0525-2016","Class III","Cetirizine HCl 10 mg Tablet, 14 count blister packs, sold over the counter under the following brands, GoodSense brand distributed by Perrigo, Allegan, MI; Equaline brand distributed by; Supervalu Inc, Eden Prairie, MN (NDC 41163-458-66); Good Neighbor Pharmacy brand, distributed by AmerisourceBergen, Chesterbrook, PA (NDC 24385-998-74); HEB brand, San Antonio, TX (NDC 37808-458-66); Rexall brand Packaged for Dolgencorp LLC, Goodlettsville, TN (NDC 55910-699-66 UPC: 370030659432), HyVee brand, distributed by Hy-Vee Inc., West Des Mones, IA (NDC 42507-458-66); Smart Sense brand distributed by Kmart Corporation, Hoffman Estates, IL (NDC 49738-458-66); Kroger brand distributed by The Kroger Co, Cincinnati, OH (NDC 30142-458-66); Leader brand distributed by Cardinal Health, Dublin, OH (NDC 49781-106-14; CVS Pharmacy brand distributed by CVS Pharmacy, Inc., Woonsocket, RI (NDC 59779-458-66); Healthy Accents brand distributed by DZA Brands, LLC, Salisbury, NC (NDC 55316-458-66); Safeway Care brand distributed by Safeway Inc., Pleasanton, CA (NDC 21130-458-66); Topcare brand distributed by Topsco Associates, LLC, Skokie, IL (NDC 36800-458-66); Wal-Zyr brand distributed by Walgreens Co, Deerfield, IL (NDC 0363-0495-66); Being Well brand distributed by Save-A-Lot Food Stores, Ltd, Earth City, MO (NDC 46994-458-66); CareOne brand distributed by FoodHold, USA LLC, Landover, MD (NDC 41520-458-66); Shoprite brand distributed by Wakefern Food, Corp, Keasbey, NJ (NDC 41190-458-66 UPC: 041190223343); Shopko brand distributed by Shopko Stores Operating Co., LLC, Green Bay, WI (NDC 37012-458-66 UPC: 370030677689); Western Family brand distributed by Western Family Foods, Inc., Portland, OR (NDC 55312-458-66 UPC: 015400121026)","209,256 cartons","Failed Impurity/Degradations Specifications; impurity identified as cetirizine monosaccharide ester","09/28/2015","12/24/2015","03/22/2016","12/30/2015","Batches: Exp 05/16:   4GE1457;  4GE1500;  4GE1819;  4GE1893;     4HE1255;  4HE1396;   4HE1620;   4HE1656;   4HE1811;     4JE1035;   4JE1212;   4JE1324;   4JE1513; and      4KE1377"
"Drugs","No","","72455","Terminated","Downing Labs, LLC","4001 McEwen Rd Suite 110","N/A","Dallas","TX","	75244-5020","United States","Voluntary: Firm initiated","Press Release","Nationwide in the US; Australia, Brazil, Bahamas, Switzerland, France, Colombia, Hong Kong, Indonesia, India, Japan, Malaysia, New Zealand, Phillippines, Singapore, Thailand, Trinidad and Tobago, Taiwan","D-0340-2016","Class II","EDTA Disodium Injectable, 150mg/mL, 100mL vial, Rx only, Downing Labs, LLC 4001 McEwen Rd, Suite 110, Dallas TX, 754244, 1-800-914-7435","2279 vials","Lack of Assurance of Sterility","10/16/2015","11/18/2015","09/22/2016","11/25/2015","All lots"
"Drugs","No","","72455","Terminated","Downing Labs, LLC","4001 McEwen Rd Suite 110","N/A","Dallas","TX","	75244-5020","United States","Voluntary: Firm initiated","Press Release","Nationwide in the US; Australia, Brazil, Bahamas, Switzerland, France, Colombia, Hong Kong, Indonesia, India, Japan, Malaysia, New Zealand, Phillippines, Singapore, Thailand, Trinidad and Tobago, Taiwan","D-0341-2016","Class II","Acetyl-L-Carnitine Injectable, 100mg/mL, 30mL vial, L-Carnitine Injection 500mg/mL, 30mL vial, Rx only, Downing Labs, LLC 4001 McEwen Rd, Suite 110, Dallas TX, 754244, 1-800-914-7435        ","108 vials","Lack of Assurance of Sterility","10/16/2015","11/18/2015","09/22/2016","11/25/2015","All lots"
"Drugs","No","","72455","Terminated","Downing Labs, LLC","4001 McEwen Rd Suite 110","N/A","Dallas","TX","	75244-5020","United States","Voluntary: Firm initiated","Press Release","Nationwide in the US; Australia, Brazil, Bahamas, Switzerland, France, Colombia, Hong Kong, Indonesia, India, Japan, Malaysia, New Zealand, Phillippines, Singapore, Thailand, Trinidad and Tobago, Taiwan","D-0342-2016","Class II","Ascorbic Acid Injectable 500mg/mL, packaged in a) 10mL vials, b) 50mL vials, c)100mL vials, Rx only, Downing Labs, LLC 4001 McEwen Rd, Suite 110, Dallas TX, 754244, 1-800-914-7435      ","4857 vials","Lack of Assurance of Sterility","10/16/2015","11/18/2015","09/22/2016","11/25/2015","All lots"
"Drugs","No","","72455","Terminated","Downing Labs, LLC","4001 McEwen Rd Suite 110","N/A","Dallas","TX","	75244-5020","United States","Voluntary: Firm initiated","Press Release","Nationwide in the US; Australia, Brazil, Bahamas, Switzerland, France, Colombia, Hong Kong, Indonesia, India, Japan, Malaysia, New Zealand, Phillippines, Singapore, Thailand, Trinidad and Tobago, Taiwan","D-0343-2016","Class II","MICML TRNDPPC Injection (Preserved) 10mL vial, Rx only, Downing Labs, LLC 4001 McEwen Rd, Suite 110, Dallas TX, 754244, 1-800-914-7435","502 vials","Lack of Assurance of Sterility","10/16/2015","11/18/2015","09/22/2016","11/25/2015","All lots"
"Drugs","No","","72455","Terminated","Downing Labs, LLC","4001 McEwen Rd Suite 110","N/A","Dallas","TX","	75244-5020","United States","Voluntary: Firm initiated","Press Release","Nationwide in the US; Australia, Brazil, Bahamas, Switzerland, France, Colombia, Hong Kong, Indonesia, India, Japan, Malaysia, New Zealand, Phillippines, Singapore, Thailand, Trinidad and Tobago, Taiwan","D-0344-2016","Class II","Riboflavin-5-Phosphate Injectable,10mg/mL, 10mL vial, Rx only, Downing Labs, LLC 4001 McEwen Rd, Suite 110, Dallas TX, 754244, 1-800-914-7435    ","25 vials","Lack of Assurance of Sterility","10/16/2015","11/18/2015","09/22/2016","11/25/2015","All lots"
"Drugs","No","","72455","Terminated","Downing Labs, LLC","4001 McEwen Rd Suite 110","N/A","Dallas","TX","	75244-5020","United States","Voluntary: Firm initiated","Press Release","Nationwide in the US; Australia, Brazil, Bahamas, Switzerland, France, Colombia, Hong Kong, Indonesia, India, Japan, Malaysia, New Zealand, Phillippines, Singapore, Thailand, Trinidad and Tobago, Taiwan","D-0345-2016","Class II","Procaine Injectables 20mg/mL and 2%, 50mL vial, Rx only, Downing Labs, LLC 4001 McEwen Rd, Suite 110, Dallas TX, 754244, 1-800-914-7435","881 vials","Lack of Assurance of Sterility","10/16/2015","11/18/2015","09/22/2016","11/25/2015","All lots"
"Drugs","No","","72455","Terminated","Downing Labs, LLC","4001 McEwen Rd Suite 110","N/A","Dallas","TX","	75244-5020","United States","Voluntary: Firm initiated","Press Release","Nationwide in the US; Australia, Brazil, Bahamas, Switzerland, France, Colombia, Hong Kong, Indonesia, India, Japan, Malaysia, New Zealand, Phillippines, Singapore, Thailand, Trinidad and Tobago, Taiwan","D-0346-2016","Class II","Co-Enzyme Q-10 Injectable, 20mg/mL, 10mL vial, Rx only, Downing Labs, LLC 4001 McEwen Rd, Suite 110, Dallas TX, 754244, 1-800-914-7435","12 vials","Lack of Assurance of Sterility","10/16/2015","11/18/2015","09/22/2016","11/25/2015","All lots"
"Drugs","No","","72455","Terminated","Downing Labs, LLC","4001 McEwen Rd Suite 110","N/A","Dallas","TX","	75244-5020","United States","Voluntary: Firm initiated","Press Release","Nationwide in the US; Australia, Brazil, Bahamas, Switzerland, France, Colombia, Hong Kong, Indonesia, India, Japan, Malaysia, New Zealand, Phillippines, Singapore, Thailand, Trinidad and Tobago, Taiwan","D-0347-2016","Class II","Vitamin D3 Injectable, 10,000 U/mL, 10mL vial, Rx only, Downing Labs, LLC 4001 McEwen Rd, Suite 110, Dallas TX, 754244, 1-800-914-7435","27 vials","Lack of Assurance of Sterility","10/16/2015","11/18/2015","09/22/2016","11/25/2015","All lots"
"Drugs","No","","72455","Terminated","Downing Labs, LLC","4001 McEwen Rd Suite 110","N/A","Dallas","TX","	75244-5020","United States","Voluntary: Firm initiated","Press Release","Nationwide in the US; Australia, Brazil, Bahamas, Switzerland, France, Colombia, Hong Kong, Indonesia, India, Japan, Malaysia, New Zealand, Phillippines, Singapore, Thailand, Trinidad and Tobago, Taiwan","D-0348-2016","Class II","Methylcobalamin Buffered Injectable, 1mg/mL, packaged in a) 10mL vial, b) 30mL Rx only, Downing Labs, LLC 4001 McEwen Rd, Suite 110, Dallas TX, 754244, 1-800-914-7435  ","363 vials","Lack of Assurance of Sterility","10/16/2015","11/18/2015","09/22/2016","11/25/2015","All lots"
"Drugs","No","","72455","Terminated","Downing Labs, LLC","4001 McEwen Rd Suite 110","N/A","Dallas","TX","	75244-5020","United States","Voluntary: Firm initiated","Press Release","Nationwide in the US; Australia, Brazil, Bahamas, Switzerland, France, Colombia, Hong Kong, Indonesia, India, Japan, Malaysia, New Zealand, Phillippines, Singapore, Thailand, Trinidad and Tobago, Taiwan","D-0349-2016","Class II","Taurine Injectable, 50mg/mL, 30mL vial, Rx only, Downing Labs, LLC 4001 McEwen Rd, Suite 110, Dallas TX, 754244, 1-800-914-7435","123 vials","Lack of Assurance of Sterility","10/16/2015","11/18/2015","09/22/2016","11/25/2015","All lots"
"Drugs","No","","72455","Terminated","Downing Labs, LLC","4001 McEwen Rd Suite 110","N/A","Dallas","TX","	75244-5020","United States","Voluntary: Firm initiated","Press Release","Nationwide in the US; Australia, Brazil, Bahamas, Switzerland, France, Colombia, Hong Kong, Indonesia, India, Japan, Malaysia, New Zealand, Phillippines, Singapore, Thailand, Trinidad and Tobago, Taiwan","D-0350-2016","Class II","Magnesium Sulfate 50% Injectable, 50mL vial, Rx only, Downing Labs, LLC 4001 McEwen Rd, Suite 110, Dallas TX, 754244, 1-800-914-7435","320 vials","Lack of Assurance of Sterility","10/16/2015","11/18/2015","09/22/2016","11/25/2015","All lots"
"Drugs","No","","72455","Terminated","Downing Labs, LLC","4001 McEwen Rd Suite 110","N/A","Dallas","TX","	75244-5020","United States","Voluntary: Firm initiated","Press Release","Nationwide in the US; Australia, Brazil, Bahamas, Switzerland, France, Colombia, Hong Kong, Indonesia, India, Japan, Malaysia, New Zealand, Phillippines, Singapore, Thailand, Trinidad and Tobago, Taiwan","D-0351-2016","Class II","Cyanocobalamin Buffered  Injectable 3mg/mL, 30mL vial, Rx only, Downing Labs, LLC 4001 McEwen Rd, Suite 110, Dallas TX, 754244, 1-800-914-7435","20 vials","Lack of Assurance of Sterility","10/16/2015","11/18/2015","09/22/2016","11/25/2015","All lots"
"Drugs","No","","72455","Terminated","Downing Labs, LLC","4001 McEwen Rd Suite 110","N/A","Dallas","TX","	75244-5020","United States","Voluntary: Firm initiated","Press Release","Nationwide in the US; Australia, Brazil, Bahamas, Switzerland, France, Colombia, Hong Kong, Indonesia, India, Japan, Malaysia, New Zealand, Phillippines, Singapore, Thailand, Trinidad and Tobago, Taiwan","D-0352-2016","Class II","Glucosamine HCL Injectable, 200mg/mL, 30mL vial, Rx only, Downing Labs, LLC 4001 McEwen Rd, Suite 110, Dallas TX, 754244, 1-800-914-7435","20 vials","Lack of Assurance of Sterility","10/16/2015","11/18/2015","09/22/2016","11/25/2015","All lots"
"Drugs","No","","72455","Terminated","Downing Labs, LLC","4001 McEwen Rd Suite 110","N/A","Dallas","TX","	75244-5020","United States","Voluntary: Firm initiated","Press Release","Nationwide in the US; Australia, Brazil, Bahamas, Switzerland, France, Colombia, Hong Kong, Indonesia, India, Japan, Malaysia, New Zealand, Phillippines, Singapore, Thailand, Trinidad and Tobago, Taiwan","D-0353-2016","Class II","Phosphatidylcholine/Deoxycholic Acid Injection (Preserved) 50 ML 10/4.75%; Phosphatidylcholine/Deoxycholic Acid Injection (Preserved) 50 ML 5/2.5%; Phosphatidylcholine/Deoxycholic Acid Injection (Preserved) 50 ML 5/4.2%, Rx only, Downing Labs, LLC 4001 McEwen Rd, Suite 110, Dallas TX, 754244, 1-800-914-7435","2189 vials","Lack of Assurance of Sterility","10/16/2015","11/18/2015","09/22/2016","11/25/2015","All lots"
"Drugs","No","","72455","Terminated","Downing Labs, LLC","4001 McEwen Rd Suite 110","N/A","Dallas","TX","	75244-5020","United States","Voluntary: Firm initiated","Press Release","Nationwide in the US; Australia, Brazil, Bahamas, Switzerland, France, Colombia, Hong Kong, Indonesia, India, Japan, Malaysia, New Zealand, Phillippines, Singapore, Thailand, Trinidad and Tobago, Taiwan","D-0354-2016","Class II","Methylcobalamin Buffered Injectable, 5mg/mL, 30mL vial, Rx only, Downing Labs, LLC 4001 McEwen Rd, Suite 110, Dallas TX, 754244, 1-800-914-7435","186 vials","Lack of Assurance of Sterility","10/16/2015","11/18/2015","09/22/2016","11/25/2015","All lots"
"Drugs","No","","72455","Terminated","Downing Labs, LLC","4001 McEwen Rd Suite 110","N/A","Dallas","TX","	75244-5020","United States","Voluntary: Firm initiated","Press Release","Nationwide in the US; Australia, Brazil, Bahamas, Switzerland, France, Colombia, Hong Kong, Indonesia, India, Japan, Malaysia, New Zealand, Phillippines, Singapore, Thailand, Trinidad and Tobago, Taiwan","D-0355-2016","Class II","HCG (Lyophilized) Injectable, 5000 units/vial,  5mL vial, Rx only, Downing Labs, LLC 4001 McEwen Rd, Suite 110, Dallas TX, 754244, 1-800-914-7435","1062 vials","Lack of Assurance of Sterility","10/16/2015","11/18/2015","09/22/2016","11/25/2015","All lots"
"Drugs","No","","72509","Terminated","Geritrex Corp","144 Kingsbridge Road East","N/A","Mount Vernon","NY","	10550","United States","Voluntary: Firm initiated","Two or more of the following: Email, Fax, Letter, Press Release, Telephone, Visit","Nationwide","D-0390-2016","Class II","Carbo-O-Philic 40 Cream 40% (Urea) tubes, a) 3 oz (85 g) (NDC 54162-640-03) , b) 7 oz (200 g) (NDC 54162-640-07), Rx Only For topical use only, Distributed by Geritrex Corporation, East Mount Vernon, NY 10550","9,948 tubes: 3 oz(8,832), 7 oz(1,116)","Marketed without an Approved NDA/ANDA: FDA has determined that the products are unapproved new drugs and misbranded.","10/27/2015","11/27/2015","06/11/2018","12/09/2015","Lot #: a)1502156, 1507104            b)1503039, 1507001"
"Drugs","No","","72455","Terminated","Downing Labs, LLC","4001 McEwen Rd Suite 110","N/A","Dallas","TX","	75244-5020","United States","Voluntary: Firm initiated","Press Release","Nationwide in the US; Australia, Brazil, Bahamas, Switzerland, France, Colombia, Hong Kong, Indonesia, India, Japan, Malaysia, New Zealand, Phillippines, Singapore, Thailand, Trinidad and Tobago, Taiwan","D-0356-2016","Class II","Chromium  Injectable, 200mg/mL, 30mL vial, Rx only, Downing Labs, LLC 4001 McEwen Rd, Suite 110, Dallas TX, 754244, 1-800-914-7435","30 vials","Lack of Assurance of Sterility","10/16/2015","11/18/2015","09/22/2016","11/25/2015","All lots"
"Drugs","No","","72402","Terminated","Chen Shwezin, Inc. dba Park Compounding Pharmacy","280 N Westlake Blvd Ste 100","N/A","Westlake Village","CA","	91362-7014","United States","Voluntary: Firm initiated","Telephone","CA","D-0160-2016","Class II","TRI-MIX 20MCG+0.5MG+15MG/ML, 10 mL vial, Rx only, Park Compounding Pharmacy 280 N. Westlake Blvd., Ste. 100 Westlake Village, CA 91362, (805) 497-8258  ","2 vials","Lack of Assurance of Sterility: all sterile compounded products within expiry","10/06/2015","10/28/2015","11/27/2015","11/04/2015","Lot# 09162015@4, Exp, 10/16/15"
"Drugs","No","","72509","Terminated","Geritrex Corp","144 Kingsbridge Road East","N/A","Mount Vernon","NY","	10550","United States","Voluntary: Firm initiated","Two or more of the following: Email, Fax, Letter, Press Release, Telephone, Visit","Nationwide","D-0391-2016","Class II","Carbo-O-Philic 40 Gel 40% (Urea) NET WT tube, .5 oz (15 g), Rx Only For topical use only, Distributed byGeritrex Corporation 144, Mount Vernon, NY 10550, NDC 54162-016-15","1,032 tubes","Marketed without an Approved NDA/ANDA: FDA has determined that the products are unapproved new drugs and misbranded.","10/27/2015","11/27/2015","06/11/2018","12/09/2015","Lot # 1502078, 1504139"
"Drugs","No","","72455","Terminated","Downing Labs, LLC","4001 McEwen Rd Suite 110","N/A","Dallas","TX","	75244-5020","United States","Voluntary: Firm initiated","Press Release","Nationwide in the US; Australia, Brazil, Bahamas, Switzerland, France, Colombia, Hong Kong, Indonesia, India, Japan, Malaysia, New Zealand, Phillippines, Singapore, Thailand, Trinidad and Tobago, Taiwan","D-0357-2016","Class II","EDTA Calcium Disodium Injectable, 300mg/mL, 50mL vial, Rx only, Downing Labs, LLC 4001 McEwen Rd, Suite 110, Dallas TX, 754244, 1-800-914-7435","104 vials","Lack of Assurance of Sterility","10/16/2015","11/18/2015","09/22/2016","11/25/2015","All lots"
"Drugs","No","","72455","Terminated","Downing Labs, LLC","4001 McEwen Rd Suite 110","N/A","Dallas","TX","	75244-5020","United States","Voluntary: Firm initiated","Press Release","Nationwide in the US; Australia, Brazil, Bahamas, Switzerland, France, Colombia, Hong Kong, Indonesia, India, Japan, Malaysia, New Zealand, Phillippines, Singapore, Thailand, Trinidad and Tobago, Taiwan","D-0358-2016","Class II","TNPRDC Injection, 6 mL vial, Rx only, Downing Labs, LLC 4001 McEwen Rd, Suite 110, Dallas TX, 754244, 1-800-914-7435","171 vials","Lack of Assurance of Sterility","10/16/2015","11/18/2015","09/22/2016","11/25/2015","All lots"
"Drugs","No","","72509","Terminated","Geritrex Corp","144 Kingsbridge Road East","N/A","Mount Vernon","NY","	10550","United States","Voluntary: Firm initiated","Two or more of the following: Email, Fax, Letter, Press Release, Telephone, Visit","Nationwide","D-0392-2016","Class II","GRx HiCort 25 (hydrocortisone acetate 25 mg) Suppositories, 12-count box, Rx only, Distributed by Geritrex Corporation  Mount Vernon, NY 10550, NDC 54162-015-12","844,704 suppositories","Marketed without an Approved NDA/ANDA: FDA has determined that the products are unapproved new drugs and misbranded.","10/27/2015","11/27/2015","06/11/2018","12/09/2015","Lot #: 1310001, 13J04, 1310167, 1311013, 1312008, 1401055, 13S02, 14A05, 1402061, 14C01, 14C05, 14C06, 14E02, 1405081, 1406107, 1407062, 14096751, 14096752, 14096753, 15026752, 15026752, 15046752, 15066752, 15066753"
"Drugs","No","","72455","Terminated","Downing Labs, LLC","4001 McEwen Rd Suite 110","N/A","Dallas","TX","	75244-5020","United States","Voluntary: Firm initiated","Press Release","Nationwide in the US; Australia, Brazil, Bahamas, Switzerland, France, Colombia, Hong Kong, Indonesia, India, Japan, Malaysia, New Zealand, Phillippines, Singapore, Thailand, Trinidad and Tobago, Taiwan","D-0359-2016","Class II","DMPS Injectable, 50mg/mL, 5mL vial, Rx only, Downing Labs, LLC 4001 McEwen Rd, Suite 110, Dallas TX, 754244, 1-800-914-7435","475 vials","Lack of Assurance of Sterility","10/16/2015","11/18/2015","09/22/2016","11/25/2015","All lots"
"Drugs","No","","72509","Terminated","Geritrex Corp","144 Kingsbridge Road East","N/A","Mount Vernon","NY","	10550","United States","Voluntary: Firm initiated","Two or more of the following: Email, Fax, Letter, Press Release, Telephone, Visit","Nationwide","D-0393-2016","Class II","Polyethylene Glycol 3350-GRX Powder 100% jars a)  8.4 oz (250 g) (NDC 54162-335-02), b) Net wt. 16.9 oz  (500 g) (NDC 54162-335-05), Distributed by: Geritrex Corporation, Mount Vernon, NY 10550","3,796 jars (8.4 oz) 3,204, (16.9 oz) 3,350","Marketed without an Approved NDA/ANDA: FDA has determined that the products are unapproved new drugs and misbranded.","10/27/2015","11/27/2015","06/11/2018","12/09/2015","Lot #: a) 1201092, 1403053, 1210028, 1007059, 1112105, 1305044, 1303079, 1406098, 1407061, 1505037, 1412004  1408081,  b) 1112105 & 1007036"
"Drugs","No","","72455","Terminated","Downing Labs, LLC","4001 McEwen Rd Suite 110","N/A","Dallas","TX","	75244-5020","United States","Voluntary: Firm initiated","Press Release","Nationwide in the US; Australia, Brazil, Bahamas, Switzerland, France, Colombia, Hong Kong, Indonesia, India, Japan, Malaysia, New Zealand, Phillippines, Singapore, Thailand, Trinidad and Tobago, Taiwan","D-0360-2016","Class II","Magnesium Sulfate Injectable, 14.28%, 7mL vial, Rx only, Downing Labs, LLC 4001 McEwen Rd, Suite 110, Dallas TX, 754244, 1-800-914-7435","160 vials","Lack of Assurance of Sterility","10/16/2015","11/18/2015","09/22/2016","11/25/2015","All lots"
"Drugs","No","","72455","Terminated","Downing Labs, LLC","4001 McEwen Rd Suite 110","N/A","Dallas","TX","	75244-5020","United States","Voluntary: Firm initiated","Press Release","Nationwide in the US; Australia, Brazil, Bahamas, Switzerland, France, Colombia, Hong Kong, Indonesia, India, Japan, Malaysia, New Zealand, Phillippines, Singapore, Thailand, Trinidad and Tobago, Taiwan","D-0361-2016","Class II","Green Tea (EGCG) Injectable, 10mg/mL,10mL vial, Rx only, Downing Labs, LLC 4001 McEwen Rd, Suite 110, Dallas TX, 754244, 1-800-914-7435","23 vials","Lack of Assurance of Sterility","10/16/2015","11/18/2015","09/22/2016","11/25/2015","All lots"
"Drugs","No","","72455","Terminated","Downing Labs, LLC","4001 McEwen Rd Suite 110","N/A","Dallas","TX","	75244-5020","United States","Voluntary: Firm initiated","Press Release","Nationwide in the US; Australia, Brazil, Bahamas, Switzerland, France, Colombia, Hong Kong, Indonesia, India, Japan, Malaysia, New Zealand, Phillippines, Singapore, Thailand, Trinidad and Tobago, Taiwan","D-0362-2016","Class II","TNPDR Injection Buffered, 30mL vial, Rx only, Downing Labs, LLC 4001 McEwen Rd, Suite 110, Dallas TX, 754244, 1-800-914-7435","481 vials","Lack of Assurance of Sterility","10/16/2015","11/18/2015","09/22/2016","11/25/2015","All lots"
"Drugs","No","","72455","Terminated","Downing Labs, LLC","4001 McEwen Rd Suite 110","N/A","Dallas","TX","	75244-5020","United States","Voluntary: Firm initiated","Press Release","Nationwide in the US; Australia, Brazil, Bahamas, Switzerland, France, Colombia, Hong Kong, Indonesia, India, Japan, Malaysia, New Zealand, Phillippines, Singapore, Thailand, Trinidad and Tobago, Taiwan","D-0363-2016","Class II","Calcium Gluconate (680mOsm/L) Injection 10%, 50mL vial, Rx only, Downing Labs, LLC 4001 McEwen Rd, Suite 110, Dallas TX, 754244, 1-800-914-7435","286 vials","Lack of Assurance of Sterility","10/16/2015","11/18/2015","09/22/2016","11/25/2015","All lots"
"Drugs","No","","72517","Terminated","Oasis Medical, Inc.","514 S. Vermont Ave Bldg 510-528","N/A","Glendora","CA","	91741-6205","United States","Voluntary: Firm initiated","Letter","Nationwide and Saudi Arabia, Israel, Chile, Norway, Ecuador, Greece, Switzerland, Canada, England, Columbia, Poland, South Africa, Germany, Pakistan, El Salvador, Dubai, Belgium","D-0522-2016","Class III","HPMC Visoelastic, 20,000 cps, Reference 5122, 515 (Private Label), 600102-001 (Private Label), 600103-001 (Private Label), 2.0 mL in 3-mL Syringe, OASIS Medical Inc, 514 South Vermont Avenue Glendora, CA 91741  ","15,301 units","Failed pH Specification: It has been determined that the pH of the lots recalled, may not meet specification at expiry.","10/19/2015","12/22/2015","03/14/2016","12/30/2015","Lot #: V0814H, V0814J, Exp 08/2016;  V1014L, Exp 11/2016;  V1114A, Exp 11/2016; V0115G, V0115H, Exp 01/2017; V0215A, V0215B, Exp 02/2017; V0315G, V0315H, V0315O, Exp 03/2017; V0515C, V0515D, Exp 05/2017."
"Drugs","No","","72455","Terminated","Downing Labs, LLC","4001 McEwen Rd Suite 110","N/A","Dallas","TX","	75244-5020","United States","Voluntary: Firm initiated","Press Release","Nationwide in the US; Australia, Brazil, Bahamas, Switzerland, France, Colombia, Hong Kong, Indonesia, India, Japan, Malaysia, New Zealand, Phillippines, Singapore, Thailand, Trinidad and Tobago, Taiwan","D-0364-2016","Class II","Sermorelin/GHRP-6/GHRP-2 Injection 3MG/3MG/3MG, 5mL vial, Rx only, Downing Labs, LLC 4001 McEwen Rd, Suite 110, Dallas TX, 754244, 1-800-914-7435","287 vials","Lack of Assurance of Sterility","10/16/2015","11/18/2015","09/22/2016","11/25/2015","All lots"
"Drugs","No","","72455","Terminated","Downing Labs, LLC","4001 McEwen Rd Suite 110","N/A","Dallas","TX","	75244-5020","United States","Voluntary: Firm initiated","Press Release","Nationwide in the US; Australia, Brazil, Bahamas, Switzerland, France, Colombia, Hong Kong, Indonesia, India, Japan, Malaysia, New Zealand, Phillippines, Singapore, Thailand, Trinidad and Tobago, Taiwan","D-0365-2016","Class II","Hydroxocobalamin Injection (Buffered) 1mg/mL, 30mL vial, Rx only, Downing Labs, LLC 4001 McEwen Rd, Suite 110, Dallas TX, 754244, 1-800-914-7435","106 vials","Lack of Assurance of Sterility","10/16/2015","11/18/2015","09/22/2016","11/25/2015","All lots"
"Drugs","No","","72455","Terminated","Downing Labs, LLC","4001 McEwen Rd Suite 110","N/A","Dallas","TX","	75244-5020","United States","Voluntary: Firm initiated","Press Release","Nationwide in the US; Australia, Brazil, Bahamas, Switzerland, France, Colombia, Hong Kong, Indonesia, India, Japan, Malaysia, New Zealand, Phillippines, Singapore, Thailand, Trinidad and Tobago, Taiwan","D-0366-2016","Class II","B12 Injection 12.5/12.5MG, 3mL, Rx only, Downing Labs, LLC 4001 McEwen Rd, Suite 110, Dallas TX, 754244, 1-800-914-7435  ","98 vials","Lack of Assurance of Sterility","10/16/2015","11/18/2015","09/22/2016","11/25/2015","All lots"
"Drugs","No","","72455","Terminated","Downing Labs, LLC","4001 McEwen Rd Suite 110","N/A","Dallas","TX","	75244-5020","United States","Voluntary: Firm initiated","Press Release","Nationwide in the US; Australia, Brazil, Bahamas, Switzerland, France, Colombia, Hong Kong, Indonesia, India, Japan, Malaysia, New Zealand, Phillippines, Singapore, Thailand, Trinidad and Tobago, Taiwan","D-0367-2016","Class II","Magnesium Chloride Hexahydrate Injection 200mg/mL, 50mL vial, Rx only, Downing Labs, LLC 4001 McEwen Rd, Suite 110, Dallas TX, 754244, 1-800-914-7435","289 vials","Lack of Assurance of Sterility","10/16/2015","11/18/2015","09/22/2016","11/25/2015","All lots"
"Drugs","No","","72455","Terminated","Downing Labs, LLC","4001 McEwen Rd Suite 110","N/A","Dallas","TX","	75244-5020","United States","Voluntary: Firm initiated","Press Release","Nationwide in the US; Australia, Brazil, Bahamas, Switzerland, France, Colombia, Hong Kong, Indonesia, India, Japan, Malaysia, New Zealand, Phillippines, Singapore, Thailand, Trinidad and Tobago, Taiwan","D-0368-2016","Class II","L-Arginine Injection, 100mg/mL, 30mL vial, Rx only, Downing Labs, LLC 4001 McEwen Rd, Suite 110, Dallas TX, 754244, 1-800-914-7435","32 vials","Lack of Assurance of Sterility","10/16/2015","11/18/2015","09/22/2016","11/25/2015","All lots"
"Drugs","No","","72455","Terminated","Downing Labs, LLC","4001 McEwen Rd Suite 110","N/A","Dallas","TX","	75244-5020","United States","Voluntary: Firm initiated","Press Release","Nationwide in the US; Australia, Brazil, Bahamas, Switzerland, France, Colombia, Hong Kong, Indonesia, India, Japan, Malaysia, New Zealand, Phillippines, Singapore, Thailand, Trinidad and Tobago, Taiwan","D-0369-2016","Class II","DMSO 99% Injection, 50mL vial, Rx only, Downing Labs, LLC 4001 McEwen Rd, Suite 110, Dallas TX, 754244, 1-800-914-7435","187 vials","Lack of Assurance of Sterility","10/16/2015","11/18/2015","09/22/2016","11/25/2015","All lots"
"Drugs","No","","72517","Terminated","Oasis Medical, Inc.","514 S. Vermont Ave Bldg 510-528","N/A","Glendora","CA","	91741-6205","United States","Voluntary: Firm initiated","Letter","Nationwide and Saudi Arabia, Israel, Chile, Norway, Ecuador, Greece, Switzerland, Canada, England, Columbia, Poland, South Africa, Germany, Pakistan, El Salvador, Dubai, Belgium","D-0523-2016","Class III","HPMC Visoelastic Topical, 8,000 cps,  Reference 5200, 1.5 mL in 3-mL Syringe, OASIS Medical Inc, 514 South Vermont Avenue Glendora, CA 91741  ","3,358 units","Failed pH Specification: It has been determined that the pH of the lots recalled, may not meet specification at expiry.","10/19/2015","12/22/2015","03/14/2016","12/30/2015","Lot #: V1014M,  Exp 10/2016; V1214B, Exp 12/2016;  V0415H, Exp 4/2017."
"Drugs","No","","72520","Terminated","Western Drug","105 W Main St","N/A","Springerville","AZ","	85938-7203","United States","Voluntary: Firm initiated","Telephone","Nationwide in US: Arizona, California, Georgia, New Mexico, South Carolina, South Dakota, Texas, and Utah","D-0394-2016","Class II","Prostin Injection 10 mcg/mL, 25 mcg/mL, 50 mcg/mL, Rx, Western Drug Inc. 106 E. Main Street, Springerville, Arizona 85938                                                                   ","16 containers","Lack of Assurance of Sterility","10/19/2015","12/01/2015","10/01/2016","12/09/2015","all lots"
"Drugs","No","","72520","Terminated","Western Drug","105 W Main St","N/A","Springerville","AZ","	85938-7203","United States","Voluntary: Firm initiated","Telephone","Nationwide in US: Arizona, California, Georgia, New Mexico, South Carolina, South Dakota, Texas, and Utah","D-0395-2016","Class II","Ace-Promazine 10 mg/mL Injection, Rx, Western Drug Inc. 106 E. Main Street, Springerville, Arizona 85938      ","1 container","Lack of Assurance of Sterility","10/19/2015","12/01/2015","10/01/2016","12/09/2015","all lots"
"Drugs","No","","72520","Terminated","Western Drug","105 W Main St","N/A","Springerville","AZ","	85938-7203","United States","Voluntary: Firm initiated","Telephone","Nationwide in US: Arizona, California, Georgia, New Mexico, South Carolina, South Dakota, Texas, and Utah","D-0396-2016","Class II","AMP50/B121MG Complex Mix/ML Injection, Rx, Western Drug Inc. 106 E. Main Street, Springerville, Arizona 85938  ","4 containers","Lack of Assurance of Sterility","10/19/2015","12/01/2015","10/01/2016","12/09/2015","all lots"
"Drugs","No","","72520","Terminated","Western Drug","105 W Main St","N/A","Springerville","AZ","	85938-7203","United States","Voluntary: Firm initiated","Telephone","Nationwide in US: Arizona, California, Georgia, New Mexico, South Carolina, South Dakota, Texas, and Utah","D-0397-2016","Class II","B-12 1000/B6 1000 mcg/mL Injection, Rx, Western Drug Inc. 106 E. Main Street, Springerville, Arizona 85938    ","1 container","Lack of Assurance of Sterility","10/19/2015","12/01/2015","10/01/2016","12/09/2015","all lots"
"Drugs","No","","72520","Terminated","Western Drug","105 W Main St","N/A","Springerville","AZ","	85938-7203","United States","Voluntary: Firm initiated","Telephone","Nationwide in US: Arizona, California, Georgia, New Mexico, South Carolina, South Dakota, Texas, and Utah","D-0398-2016","Class II","Bladder Mixture Prep, Rx, Western Drug Inc. 106 E. Main Street, Springerville, Arizona 85938  ","4 containers","Lack of Assurance of Sterility","10/19/2015","12/01/2015","10/01/2016","12/09/2015","all lots"
"Drugs","No","","72520","Terminated","Western Drug","105 W Main St","N/A","Springerville","AZ","	85938-7203","United States","Voluntary: Firm initiated","Telephone","Nationwide in US: Arizona, California, Georgia, New Mexico, South Carolina, South Dakota, Texas, and Utah","D-0399-2016","Class II","Boric Acid 1% Ear Drop, Rx, Western Drug Inc. 106 E. Main Street, Springerville, Arizona 85938  ","2 containers","Lack of Assurance of Sterility","10/19/2015","12/01/2015","10/01/2016","12/09/2015","all lots"
"Drugs","No","","72520","Terminated","Western Drug","105 W Main St","N/A","Springerville","AZ","	85938-7203","United States","Voluntary: Firm initiated","Telephone","Nationwide in US: Arizona, California, Georgia, New Mexico, South Carolina, South Dakota, Texas, and Utah","D-0400-2016","Class II","Butor/Nal/Hydro Nasal Susp, Rx, Western Drug Inc. 106 E. Main Street, Springerville, Arizona 85938","2 containers","Lack of Assurance of Sterility","10/19/2015","12/01/2015","10/01/2016","12/09/2015","all lots"
"Drugs","No","","72520","Terminated","Western Drug","105 W Main St","N/A","Springerville","AZ","	85938-7203","United States","Voluntary: Firm initiated","Telephone","Nationwide in US: Arizona, California, Georgia, New Mexico, South Carolina, South Dakota, Texas, and Utah","D-0401-2016","Class II","Cyclosporine 1% Opth Sol, Rx, Western Drug Inc. 106 E. Main Street, Springerville, Arizona 85938  ","4 containers","Lack of Assurance of Sterility","10/19/2015","12/01/2015","10/01/2016","12/09/2015","all lots"
"Drugs","No","","72520","Terminated","Western Drug","105 W Main St","N/A","Springerville","AZ","	85938-7203","United States","Voluntary: Firm initiated","Telephone","Nationwide in US: Arizona, California, Georgia, New Mexico, South Carolina, South Dakota, Texas, and Utah","D-0402-2016","Class II","Dep-Estradiol 10 mg/mL Injection, Rx, Western Drug Inc. 106 E. Main Street, Springerville, Arizona 85938  ","9 containers","Lack of Assurance of Sterility","10/19/2015","12/01/2015","10/01/2016","12/09/2015","all lots"
"Drugs","No","","72520","Terminated","Western Drug","105 W Main St","N/A","Springerville","AZ","	85938-7203","United States","Voluntary: Firm initiated","Telephone","Nationwide in US: Arizona, California, Georgia, New Mexico, South Carolina, South Dakota, Texas, and Utah","D-0403-2016","Class II","Depo-Testadiol 10/5mg/mL Injection, Rx, Western Drug Inc. 106 E. Main Street, Springerville, Arizona 85938  ","4 containers","Lack of Assurance of Sterility","10/19/2015","12/01/2015","10/01/2016","12/09/2015","all lots"
"Drugs","No","","72520","Terminated","Western Drug","105 W Main St","N/A","Springerville","AZ","	85938-7203","United States","Voluntary: Firm initiated","Telephone","Nationwide in US: Arizona, California, Georgia, New Mexico, South Carolina, South Dakota, Texas, and Utah","D-0404-2016","Class II","Folic Acid Injection 5 mg/mL,10 mg/mL, Rx, Western Drug Inc. 106 E. Main Street, Springerville, Arizona 85938  ","8 containers","Lack of Assurance of Sterility","10/19/2015","12/01/2015","10/01/2016","12/09/2015","all lots"
"Drugs","No","","72520","Terminated","Western Drug","105 W Main St","N/A","Springerville","AZ","	85938-7203","United States","Voluntary: Firm initiated","Telephone","Nationwide in US: Arizona, California, Georgia, New Mexico, South Carolina, South Dakota, Texas, and Utah","D-0405-2016","Class II","Furosemide 20 mg/mL svn Sol, Rx, Western Drug Inc. 106 E. Main Street, Springerville, Arizona 85938  ","1 container","Lack of Assurance of Sterility","10/19/2015","12/01/2015","10/01/2016","12/09/2015","all lots"
"Drugs","No","","72520","Terminated","Western Drug","105 W Main St","N/A","Springerville","AZ","	85938-7203","United States","Voluntary: Firm initiated","Telephone","Nationwide in US: Arizona, California, Georgia, New Mexico, South Carolina, South Dakota, Texas, and Utah","D-0406-2016","Class II","Gent 80 mg/Liter Nasal, Rx, Western Drug Inc. 106 E. Main Street, Springerville, Arizona 85938  ","1 container","Lack of Assurance of Sterility","10/19/2015","12/01/2015","10/01/2016","12/09/2015","all lots"
"Drugs","No","","72520","Terminated","Western Drug","105 W Main St","N/A","Springerville","AZ","	85938-7203","United States","Voluntary: Firm initiated","Telephone","Nationwide in US: Arizona, California, Georgia, New Mexico, South Carolina, South Dakota, Texas, and Utah","D-0407-2016","Class II","Glutathione 200 mg/mL SVN Injection, Rx, Western Drug Inc. 106 E. Main Street, Springerville, Arizona 85938  ","1 container","Lack of Assurance of Sterility","10/19/2015","12/01/2015","10/01/2016","12/09/2015","all lots"
"Drugs","No","","72520","Terminated","Western Drug","105 W Main St","N/A","Springerville","AZ","	85938-7203","United States","Voluntary: Firm initiated","Telephone","Nationwide in US: Arizona, California, Georgia, New Mexico, South Carolina, South Dakota, Texas, and Utah","D-0408-2016","Class II","Glutathione 300 mg/1.5 mL Injection, Rx, Western Drug Inc. 106 E. Main Street, Springerville, Arizona 85938  ","1 container","Lack of Assurance of Sterility","10/19/2015","12/01/2015","10/01/2016","12/09/2015","all lots"
"Drugs","No","","72520","Terminated","Western Drug","105 W Main St","N/A","Springerville","AZ","	85938-7203","United States","Voluntary: Firm initiated","Telephone","Nationwide in US: Arizona, California, Georgia, New Mexico, South Carolina, South Dakota, Texas, and Utah","D-0409-2016","Class II","Hydroxocobalamin 1mg/mL Injection, Rx, Western Drug Inc. 106 E. Main Street, Springerville, Arizona 85938  ","3 containers","Lack of Assurance of Sterility","10/19/2015","12/01/2015","10/01/2016","12/09/2015","all lots"
"Drugs","No","","72520","Terminated","Western Drug","105 W Main St","N/A","Springerville","AZ","	85938-7203","United States","Voluntary: Firm initiated","Telephone","Nationwide in US: Arizona, California, Georgia, New Mexico, South Carolina, South Dakota, Texas, and Utah","D-0410-2016","Class II","Hydroxocobalamin 5000IU/mL Injection, Rx, Western Drug Inc. 106 E. Main Street, Springerville, Arizona 85938    ","2 containers","Lack of Assurance of Sterility","10/19/2015","12/01/2015","10/01/2016","12/09/2015","all lots"
"Drugs","No","","72520","Terminated","Western Drug","105 W Main St","N/A","Springerville","AZ","	85938-7203","United States","Voluntary: Firm initiated","Telephone","Nationwide in US: Arizona, California, Georgia, New Mexico, South Carolina, South Dakota, Texas, and Utah","D-0411-2016","Class II","M-Cobalamin (B12)  Injection 200 mcg, 2000mcg, Rx, Western Drug Inc. 106 E. Main Street, Springerville, Arizona 85938      ","3 containers","Lack of Assurance of Sterility","10/19/2015","12/01/2015","10/01/2016","12/09/2015","all lots"
"Drugs","No","","72520","Terminated","Western Drug","105 W Main St","N/A","Springerville","AZ","	85938-7203","United States","Voluntary: Firm initiated","Telephone","Nationwide in US: Arizona, California, Georgia, New Mexico, South Carolina, South Dakota, Texas, and Utah","D-0412-2016","Class II","M-Cobalamin 2/Folate 5mg/mL Injection, Rx, Western Drug Inc. 106 E. Main Street, Springerville, Arizona 85938      ","2 containers","Lack of Assurance of Sterility","10/19/2015","12/01/2015","10/01/2016","12/09/2015","all lots"
"Drugs","No","","72520","Terminated","Western Drug","105 W Main St","N/A","Springerville","AZ","	85938-7203","United States","Voluntary: Firm initiated","Telephone","Nationwide in US: Arizona, California, Georgia, New Mexico, South Carolina, South Dakota, Texas, and Utah","D-0413-2016","Class II","Medroxyprogesterone 150/LID 5 mg/mL Injection, Rx, Western Drug Inc. 106 E. Main Street, Springerville, Arizona 85938        ","17 containers","Lack of Assurance of Sterility","10/19/2015","12/01/2015","10/01/2016","12/09/2015","all lots"
"Drugs","No","","72520","Terminated","Western Drug","105 W Main St","N/A","Springerville","AZ","	85938-7203","United States","Voluntary: Firm initiated","Telephone","Nationwide in US: Arizona, California, Georgia, New Mexico, South Carolina, South Dakota, Texas, and Utah","D-0414-2016","Class II","Methylcobalamin Injection 1000 mcg/mL, 10000 mcg/mL, Rx, Western Drug Inc. 106 E. Main Street, Springerville, Arizona 85938        ","46 containers","Lack of Assurance of Sterility","10/19/2015","12/01/2015","10/01/2016","12/09/2015","all lots"
"Drugs","No","","72520","Terminated","Western Drug","105 W Main St","N/A","Springerville","AZ","	85938-7203","United States","Voluntary: Firm initiated","Telephone","Nationwide in US: Arizona, California, Georgia, New Mexico, South Carolina, South Dakota, Texas, and Utah","D-0415-2016","Class II","Methylcobalamin Injection 10 mg/mL, 20 mg/mL, 30 mg/mL, Rx, Western Drug Inc. 106 E. Main Street, Springerville, Arizona 85938          ","34 containers","Lack of Assurance of Sterility","10/19/2015","12/01/2015","10/01/2016","12/09/2015","all lots"
"Drugs","No","","72520","Terminated","Western Drug","105 W Main St","N/A","Springerville","AZ","	85938-7203","United States","Voluntary: Firm initiated","Telephone","Nationwide in US: Arizona, California, Georgia, New Mexico, South Carolina, South Dakota, Texas, and Utah","D-0416-2016","Class II","Mupiro/Doxycyc Sinus Rinse, Rx, Western Drug Inc. 106 E. Main Street, Springerville, Arizona 85938            ","2 conatiners","Lack of Assurance of Sterility","10/19/2015","12/01/2015","10/01/2016","12/09/2015","all lots"
"Drugs","No","","72520","Terminated","Western Drug","105 W Main St","N/A","Springerville","AZ","	85938-7203","United States","Voluntary: Firm initiated","Telephone","Nationwide in US: Arizona, California, Georgia, New Mexico, South Carolina, South Dakota, Texas, and Utah","D-0417-2016","Class II","Alcohol4%/Bupivicaine0.5%  sol, Rx, Western Drug Inc. 106 E. Main Street, Springerville, Arizona 85938              ","3 containers","Lack of Assurance of Sterility","10/19/2015","12/01/2015","10/01/2016","12/09/2015","all lots"
"Drugs","No","","72520","Terminated","Western Drug","105 W Main St","N/A","Springerville","AZ","	85938-7203","United States","Voluntary: Firm initiated","Telephone","Nationwide in US: Arizona, California, Georgia, New Mexico, South Carolina, South Dakota, Texas, and Utah","D-0418-2016","Class II","Ascorbic Acid 500 mg/mL Injection, Rx, Western Drug Inc. 106 E. Main Street, Springerville, Arizona 85938                ","6 containers","Lack of Assurance of Sterility","10/19/2015","12/01/2015","10/01/2016","12/09/2015","all lots"
"Drugs","No","","72520","Terminated","Western Drug","105 W Main St","N/A","Springerville","AZ","	85938-7203","United States","Voluntary: Firm initiated","Telephone","Nationwide in US: Arizona, California, Georgia, New Mexico, South Carolina, South Dakota, Texas, and Utah","D-0419-2016","Class II","Cantharitus Multi-Mix Prep, Rx, Western Drug Inc. 106 E. Main Street, Springerville, Arizona 85938                    ","1 container","Lack of Assurance of Sterility","10/19/2015","12/01/2015","10/01/2016","12/09/2015","all lots"
"Drugs","No","","72520","Terminated","Western Drug","105 W Main St","N/A","Springerville","AZ","	85938-7203","United States","Voluntary: Firm initiated","Telephone","Nationwide in US: Arizona, California, Georgia, New Mexico, South Carolina, South Dakota, Texas, and Utah","D-0420-2016","Class II","Benadryl 50mg/2mL Pres-Free Injection, Rx, Western Drug Inc. 106 E. Main Street, Springerville, Arizona 85938                  ","1 container","Lack of Assurance of Sterility","10/19/2015","12/01/2015","10/01/2016","12/09/2015","all lots"
"Drugs","No","","72520","Terminated","Western Drug","105 W Main St","N/A","Springerville","AZ","	85938-7203","United States","Voluntary: Firm initiated","Telephone","Nationwide in US: Arizona, California, Georgia, New Mexico, South Carolina, South Dakota, Texas, and Utah","D-0421-2016","Class II","Calcium Chloride Dihydrate Injection, Rx, Western Drug Inc. 106 E. Main Street, Springerville, Arizona 85938                    ","1 container","Lack of Assurance of Sterility","10/19/2015","12/01/2015","10/01/2016","12/09/2015","all lots"
"Drugs","No","","72520","Terminated","Western Drug","105 W Main St","N/A","Springerville","AZ","	85938-7203","United States","Voluntary: Firm initiated","Telephone","Nationwide in US: Arizona, California, Georgia, New Mexico, South Carolina, South Dakota, Texas, and Utah","D-0422-2016","Class II","Calcium EDTA 300mg/mL Injection, Rx, Western Drug Inc. 106 E. Main Street, Springerville, Arizona 85938                      ","2 containers","Lack of Assurance of Sterility","10/19/2015","12/01/2015","10/01/2016","12/09/2015","all lots"
"Drugs","No","","72520","Terminated","Western Drug","105 W Main St","N/A","Springerville","AZ","	85938-7203","United States","Voluntary: Firm initiated","Telephone","Nationwide in US: Arizona, California, Georgia, New Mexico, South Carolina, South Dakota, Texas, and Utah","D-0423-2016","Class II","Calcium Gluconate 10% Injection, Rx, Western Drug Inc. 106 E. Main Street, Springerville, Arizona 85938                          ","2 containers","Lack of Assurance of Sterility","10/19/2015","12/01/2015","10/01/2016","12/09/2015","all lots"
"Drugs","No","","72520","Terminated","Western Drug","105 W Main St","N/A","Springerville","AZ","	85938-7203","United States","Voluntary: Firm initiated","Telephone","Nationwide in US: Arizona, California, Georgia, New Mexico, South Carolina, South Dakota, Texas, and Utah","D-0424-2016","Class II","Cantharidin 0.7% Sol, Rx, Western Drug Inc. 106 E. Main Street, Springerville, Arizona 85938                            ","1 container","Lack of Assurance of Sterility","10/19/2015","12/01/2015","10/01/2016","12/09/2015","all lots"
"Drugs","No","","72520","Terminated","Western Drug","105 W Main St","N/A","Springerville","AZ","	85938-7203","United States","Voluntary: Firm initiated","Telephone","Nationwide in US: Arizona, California, Georgia, New Mexico, South Carolina, South Dakota, Texas, and Utah","D-0425-2016","Class II","Cyancobalamin 2000mcg/mL Injection, Rx, Western Drug Inc. 106 E. Main Street, Springerville, Arizona 85938                              ","5 containers","Lack of Assurance of Sterility","10/19/2015","12/01/2015","10/01/2016","12/09/2015","all lots"
"Drugs","No","","72520","Terminated","Western Drug","105 W Main St","N/A","Springerville","AZ","	85938-7203","United States","Voluntary: Firm initiated","Telephone","Nationwide in US: Arizona, California, Georgia, New Mexico, South Carolina, South Dakota, Texas, and Utah","D-0426-2016","Class II","Dexpanthanol B5 250mg/mL Injection, Rx, Western Drug Inc. 106 E. Main Street, Springerville, Arizona 85938                              ","4 containers","Lack of Assurance of Sterility","10/19/2015","12/01/2015","10/01/2016","12/09/2015","all lots"
"Drugs","No","","72520","Terminated","Western Drug","105 W Main St","N/A","Springerville","AZ","	85938-7203","United States","Voluntary: Firm initiated","Telephone","Nationwide in US: Arizona, California, Georgia, New Mexico, South Carolina, South Dakota, Texas, and Utah","D-0427-2016","Class II","Dextrose 50% Inj Sol, Rx, Western Drug Inc. 106 E. Main Street, Springerville, Arizona 85938                                ","1 container","Lack of Assurance of Sterility","10/19/2015","12/01/2015","10/01/2016","12/09/2015","all lots"
"Drugs","No","","72520","Terminated","Western Drug","105 W Main St","N/A","Springerville","AZ","	85938-7203","United States","Voluntary: Firm initiated","Telephone","Nationwide in US: Arizona, California, Georgia, New Mexico, South Carolina, South Dakota, Texas, and Utah","D-0428-2016","Class II","HCG 10,000U/10mL Injection, Rx, Western Drug Inc. 106 E. Main Street, Springerville, Arizona                                        ","8 container","Lack of Assurance of Sterility","10/19/2015","12/01/2015","10/01/2016","12/09/2015","all lots"
"Drugs","No","","72520","Terminated","Western Drug","105 W Main St","N/A","Springerville","AZ","	85938-7203","United States","Voluntary: Firm initiated","Telephone","Nationwide in US: Arizona, California, Georgia, New Mexico, South Carolina, South Dakota, Texas, and Utah","D-0429-2016","Class II","Heparin 1000 Unit/mL Injection, Rx, Western Drug Inc. 106 E. Main Street, Springerville, Arizona 85938                                      ","2 containers","Lack of Assurance of Sterility","10/19/2015","12/01/2015","10/01/2016","12/09/2015","all lots"
"Drugs","No","","72520","Terminated","Western Drug","105 W Main St","N/A","Springerville","AZ","	85938-7203","United States","Voluntary: Firm initiated","Telephone","Nationwide in US: Arizona, California, Georgia, New Mexico, South Carolina, South Dakota, Texas, and Utah","D-0430-2016","Class II","Heparin Sodium 30,000U/30ML Injection, Rx, Western Drug Inc. 106 E. Main Street, Springerville, Arizona 85938                                         ","1 container","Lack of Assurance of Sterility","10/19/2015","12/01/2015","10/01/2016","12/09/2015","all lots"
"Drugs","No","","72520","Terminated","Western Drug","105 W Main St","N/A","Springerville","AZ","	85938-7203","United States","Voluntary: Firm initiated","Telephone","Nationwide in US: Arizona, California, Georgia, New Mexico, South Carolina, South Dakota, Texas, and Utah","D-0431-2016","Class II","Hydrochloric Acid 2mg Injection, Rx, Western Drug Inc. 106 E. Main Street, Springerville, Arizona 85938                                         ","2 containers","Lack of Assurance of Sterility","10/19/2015","12/01/2015","10/01/2016","12/09/2015","all lots"
"Drugs","No","","72520","Terminated","Western Drug","105 W Main St","N/A","Springerville","AZ","	85938-7203","United States","Voluntary: Firm initiated","Telephone","Nationwide in US: Arizona, California, Georgia, New Mexico, South Carolina, South Dakota, Texas, and Utah","D-0432-2016","Class II","Jessners Dermal Solution, Rx, Western Drug Inc. 106 E. Main Street, Springerville, Arizona 85938                                          ","1 container","Lack of Assurance of Sterility","10/19/2015","12/01/2015","10/01/2016","12/09/2015","all lots"
"Drugs","No","","72520","Terminated","Western Drug","105 W Main St","N/A","Springerville","AZ","	85938-7203","United States","Voluntary: Firm initiated","Telephone","Nationwide in US: Arizona, California, Georgia, New Mexico, South Carolina, South Dakota, Texas, and Utah","D-0433-2016","Class II","Ketorolac 40mg/mL Injection, Rx, Western Drug Inc. 106 E. Main Street, Springerville, Arizona 85938                                            ","1 container","Lack of Assurance of Sterility","10/19/2015","12/01/2015","10/01/2016","12/09/2015","all lots"
"Drugs","No","","72520","Terminated","Western Drug","105 W Main St","N/A","Springerville","AZ","	85938-7203","United States","Voluntary: Firm initiated","Telephone","Nationwide in US: Arizona, California, Georgia, New Mexico, South Carolina, South Dakota, Texas, and Utah","D-0434-2016","Class II","Lidocaine Injection 1% , 2%, Rx, Western Drug Inc. 106 E. Main Street, Springerville, Arizona 85938                                           ","4 containers","Lack of Assurance of Sterility","10/19/2015","12/01/2015","10/01/2016","12/09/2015","all lots"
"Drugs","No","","72520","Terminated","Western Drug","105 W Main St","N/A","Springerville","AZ","	85938-7203","United States","Voluntary: Firm initiated","Telephone","Nationwide in US: Arizona, California, Georgia, New Mexico, South Carolina, South Dakota, Texas, and Utah","D-0435-2016","Class II","Magnesium Chloride Injection, Rx, Western Drug Inc. 106 E. Main Street, Springerville, Arizona 85938                                                 ","2 containers","Lack of Assurance of Sterility","10/19/2015","12/01/2015","10/01/2016","12/09/2015","all lots"
"Drugs","No","","72520","Terminated","Western Drug","105 W Main St","N/A","Springerville","AZ","	85938-7203","United States","Voluntary: Firm initiated","Telephone","Nationwide in US: Arizona, California, Georgia, New Mexico, South Carolina, South Dakota, Texas, and Utah","D-0436-2016","Class II","Magnesium Sulfate 50% Injection, Rx, Western Drug Inc. 106 E. Main Street, Springerville, Arizona 85938                                                   ","4 containers","Lack of Assurance of Sterility","10/19/2015","12/01/2015","10/01/2016","12/09/2015","all lots"
"Drugs","No","","72520","Terminated","Western Drug","105 W Main St","N/A","Springerville","AZ","	85938-7203","United States","Voluntary: Firm initiated","Telephone","Nationwide in US: Arizona, California, Georgia, New Mexico, South Carolina, South Dakota, Texas, and Utah","D-0437-2016","Class II","Marcaine 0.24%/Ethanol 4% Injection, Rx, Western Drug Inc. 106 E. Main Street, Springerville, Arizona 85938                                                     ","5 containers","Lack of Assurance of Sterility","10/19/2015","12/01/2015","10/01/2016","12/09/2015","all lots"
"Drugs","No","","72520","Terminated","Western Drug","105 W Main St","N/A","Springerville","AZ","	85938-7203","United States","Voluntary: Firm initiated","Telephone","Nationwide in US: Arizona, California, Georgia, New Mexico, South Carolina, South Dakota, Texas, and Utah","D-0438-2016","Class II","N.A.C. 20% SVN Sol, Rx, Western Drug Inc. 106 E. Main Street, Springerville, Arizona 85938                                                         ","1 container","Lack of Assurance of Sterility","10/19/2015","12/01/2015","10/01/2016","12/09/2015","all lots"
"Drugs","No","","72520","Terminated","Western Drug","105 W Main St","N/A","Springerville","AZ","	85938-7203","United States","Voluntary: Firm initiated","Telephone","Nationwide in US: Arizona, California, Georgia, New Mexico, South Carolina, South Dakota, Texas, and Utah","D-0439-2016","Class II","Novarel ""HCG"" 10000U/Vial, Rx, Western Drug Inc. 106 E. Main Street, Springerville, Arizona 85938                                                           ","1 vial","Lack of Assurance of Sterility","10/19/2015","12/01/2015","10/01/2016","12/09/2015","all lots"
"Drugs","No","","72520","Terminated","Western Drug","105 W Main St","N/A","Springerville","AZ","	85938-7203","United States","Voluntary: Firm initiated","Telephone","Nationwide in US: Arizona, California, Georgia, New Mexico, South Carolina, South Dakota, Texas, and Utah","D-0440-2016","Class II","Omnitrope 17.4U/10mL Inj-Kit, Rx, Western Drug Inc. 106 E. Main Street, Springerville, Arizona 85938                                                             ","18 containers","Lack of Assurance of Sterility","10/19/2015","12/01/2015","10/01/2016","12/09/2015","all lots"
"Drugs","No","","72520","Terminated","Western Drug","105 W Main St","N/A","Springerville","AZ","	85938-7203","United States","Voluntary: Firm initiated","Telephone","Nationwide in US: Arizona, California, Georgia, New Mexico, South Carolina, South Dakota, Texas, and Utah","D-0441-2016","Class II","Phenylephrine 500mcg/mL Injection, Rx, Western Drug Inc. 106 E. Main Street, Springerville, Arizona 85938                                                             ","1 container","Lack of Assurance of Sterility","10/19/2015","12/01/2015","10/01/2016","12/09/2015","all lots"
"Drugs","No","","72520","Terminated","Western Drug","105 W Main St","N/A","Springerville","AZ","	85938-7203","United States","Voluntary: Firm initiated","Telephone","Nationwide in US: Arizona, California, Georgia, New Mexico, South Carolina, South Dakota, Texas, and Utah","D-0442-2016","Class II","Podophyllum 40% Topical, Rx, Western Drug Inc. 106 E. Main Street, Springerville, Arizona 85938                                                               ","1 container","Lack of Assurance of Sterility","10/19/2015","12/01/2015","10/01/2016","12/09/2015","all lots"
"Drugs","No","","72520","Terminated","Western Drug","105 W Main St","N/A","Springerville","AZ","	85938-7203","United States","Voluntary: Firm initiated","Telephone","Nationwide in US: Arizona, California, Georgia, New Mexico, South Carolina, South Dakota, Texas, and Utah","D-0443-2016","Class II","Potassium Chloride 40 mEq/mL Inj, Rx, Western Drug Inc. 106 E. Main Street, Springerville, Arizona 85938                                                               ","2 containers","Lack of Assurance of Sterility","10/19/2015","12/01/2015","10/01/2016","12/09/2015","all lots"
"Drugs","No","","72520","Terminated","Western Drug","105 W Main St","N/A","Springerville","AZ","	85938-7203","United States","Voluntary: Firm initiated","Telephone","Nationwide in US: Arizona, California, Georgia, New Mexico, South Carolina, South Dakota, Texas, and Utah","D-0444-2016","Class II","Procaine HCl Injection 1%, 2%, Rx, Western Drug Inc. 106 E. Main Street, Springerville, Arizona 85938                                                                    ","1 container","Lack of Assurance of Sterility","10/19/2015","12/01/2015","10/01/2016","12/09/2015","all lots"
"Drugs","No","","72520","Terminated","Western Drug","105 W Main St","N/A","Springerville","AZ","	85938-7203","United States","Voluntary: Firm initiated","Telephone","Nationwide in US: Arizona, California, Georgia, New Mexico, South Carolina, South Dakota, Texas, and Utah","D-0445-2016","Class II","Progesterone Cyp Inj, Rx, Western Drug Inc. 106 E. Main Street, Springerville, Arizona 85938                                                                   ","1 container","Lack of Assurance of Sterility","10/19/2015","12/01/2015","10/01/2016","12/09/2015","all lots"
"Drugs","No","","72520","Terminated","Western Drug","105 W Main St","N/A","Springerville","AZ","	85938-7203","United States","Voluntary: Firm initiated","Telephone","Nationwide in US: Arizona, California, Georgia, New Mexico, South Carolina, South Dakota, Texas, and Utah","D-0446-2016","Class II","Pyridoxine B6 100mg Inj, Rx, Western Drug Inc. 106 E. Main Street, Springerville, Arizona 85938                                                                     ","3 containers","Lack of Assurance of Sterility","10/19/2015","12/01/2015","10/01/2016","12/09/2015","all lots"
"Drugs","No","","72520","Terminated","Western Drug","105 W Main St","N/A","Springerville","AZ","	85938-7203","United States","Voluntary: Firm initiated","Telephone","Nationwide in US: Arizona, California, Georgia, New Mexico, South Carolina, South Dakota, Texas, and Utah","D-0447-2016","Class II","PZI 40 Insulin (Human) Inj, Rx, Western Drug Inc. 106 E. Main Street, Springerville, Arizona 85938                                                                       ","9 containers","Lack of Assurance of Sterility","10/19/2015","12/01/2015","10/01/2016","12/09/2015","all lots"
"Drugs","No","","72520","Terminated","Western Drug","105 W Main St","N/A","Springerville","AZ","	85938-7203","United States","Voluntary: Firm initiated","Telephone","Nationwide in US: Arizona, California, Georgia, New Mexico, South Carolina, South Dakota, Texas, and Utah","D-0448-2016","Class II","Quad Mix Inj, Rx, Western Drug Inc. 106 E. Main Street, Springerville, Arizona 85938                                                                          ","15 containers","Lack of Assurance of Sterility","10/19/2015","12/01/2015","10/01/2016","12/09/2015","all lots"
"Drugs","No","","72520","Terminated","Western Drug","105 W Main St","N/A","Springerville","AZ","	85938-7203","United States","Voluntary: Firm initiated","Telephone","Nationwide in US: Arizona, California, Georgia, New Mexico, South Carolina, South Dakota, Texas, and Utah","D-0449-2016","Class II","Sal-Acid 60% Plaster Paste, Rx, Western Drug Inc. 106 E. Main Street, Springerville, Arizona 85938                                                                          ","1 container","Lack of Assurance of Sterility","10/19/2015","12/01/2015","10/01/2016","12/09/2015","all lots"
"Drugs","No","","72520","Terminated","Western Drug","105 W Main St","N/A","Springerville","AZ","	85938-7203","United States","Voluntary: Firm initiated","Telephone","Nationwide in US: Arizona, California, Georgia, New Mexico, South Carolina, South Dakota, Texas, and Utah","D-0450-2016","Class II","Sermorelin Injection 10mg/10mL,10mg/mL, 20mg/10mL, 9mg/9mL, Rx, Western Drug Inc. 106 E. Main Street, Springerville, Arizona 85938                                                                         ","45 containers","Lack of Assurance of Sterility","10/19/2015","12/01/2015","10/01/2016","12/09/2015","all lots"
"Drugs","No","","72520","Terminated","Western Drug","105 W Main St","N/A","Springerville","AZ","	85938-7203","United States","Voluntary: Firm initiated","Telephone","Nationwide in US: Arizona, California, Georgia, New Mexico, South Carolina, South Dakota, Texas, and Utah","D-0451-2016","Class II","Serum Tears 20% Opth, Rx, Western Drug Inc. 106 E. Main Street, Springerville, Arizona 85938                                                                           ","3 containers","Lack of Assurance of Sterility","10/19/2015","12/01/2015","10/01/2016","12/09/2015","all lots"
"Drugs","No","","72520","Terminated","Western Drug","105 W Main St","N/A","Springerville","AZ","	85938-7203","United States","Voluntary: Firm initiated","Telephone","Nationwide in US: Arizona, California, Georgia, New Mexico, South Carolina, South Dakota, Texas, and Utah","D-0452-2016","Class II","Sodium Bicarbonate 8.4% Inj, Rx, Western Drug Inc. 106 E. Main Street, Springerville, Arizona 85938                                                                         ","4 containers","Lack of Assurance of Sterility","10/19/2015","12/01/2015","10/01/2016","12/09/2015","all lots"
"Drugs","No","","72520","Terminated","Western Drug","105 W Main St","N/A","Springerville","AZ","	85938-7203","United States","Voluntary: Firm initiated","Telephone","Nationwide in US: Arizona, California, Georgia, New Mexico, South Carolina, South Dakota, Texas, and Utah","D-0453-2016","Class II","Squaric Acid 4% Inj, Rx, Western Drug Inc. 106 E. Main Street, Springerville, Arizona 85938                                                                           ","1 container","Lack of Assurance of Sterility","10/19/2015","12/01/2015","10/01/2016","12/09/2015","all lots"
"Drugs","No","","72520","Terminated","Western Drug","105 W Main St","N/A","Springerville","AZ","	85938-7203","United States","Voluntary: Firm initiated","Telephone","Nationwide in US: Arizona, California, Georgia, New Mexico, South Carolina, South Dakota, Texas, and Utah","D-0454-2016","Class II","Super B Comp w/Cyano 3X Inj, Rx, Western Drug Inc. 106 E. Main Street, Springerville, Arizona 85938                                                                             ","15 containers","Lack of Assurance of Sterility","10/19/2015","12/01/2015","10/01/2016","12/09/2015","all lots"
"Drugs","No","","72520","Terminated","Western Drug","105 W Main St","N/A","Springerville","AZ","	85938-7203","United States","Voluntary: Firm initiated","Telephone","Nationwide in US: Arizona, California, Georgia, New Mexico, South Carolina, South Dakota, Texas, and Utah","D-0455-2016","Class II","T.C.A 30% Acid Sol, Rx, Western Drug Inc. 106 E. Main Street, Springerville, Arizona 85938                                                                               ","1 container","Lack of Assurance of Sterility","10/19/2015","12/01/2015","10/01/2016","12/09/2015","all lots"
"Drugs","No","","72520","Terminated","Western Drug","105 W Main St","N/A","Springerville","AZ","	85938-7203","United States","Voluntary: Firm initiated","Telephone","Nationwide in US: Arizona, California, Georgia, New Mexico, South Carolina, South Dakota, Texas, and Utah","D-0456-2016","Class II","Tacrolimus 0.02% Opth Sol, Rx, Western Drug Inc. 106 E. Main Street, Springerville, Arizona 85938                                                                               ","2 containers","Lack of Assurance of Sterility","10/19/2015","12/01/2015","10/01/2016","12/09/2015","all lots"
"Drugs","No","","72520","Terminated","Western Drug","105 W Main St","N/A","Springerville","AZ","	85938-7203","United States","Voluntary: Firm initiated","Telephone","Nationwide in US: Arizona, California, Georgia, New Mexico, South Carolina, South Dakota, Texas, and Utah","D-0457-2016","Class II","Test Cyp/Test Prop 1:1 Injection 100mg/mL, 120mg/mL, 150mg/mL, 160mg/mL, 170mg/mL, 200mg/mL, 300mg/mL, Rx, Western Drug Inc. 106 E. Main Street, Springerville, Arizona 85938                                                                               ","75 containers","Lack of Assurance of Sterility","10/19/2015","12/01/2015","10/01/2016","12/09/2015","all lots"
"Drugs","No","","72520","Terminated","Western Drug","105 W Main St","N/A","Springerville","AZ","	85938-7203","United States","Voluntary: Firm initiated","Telephone","Nationwide in US: Arizona, California, Georgia, New Mexico, South Carolina, South Dakota, Texas, and Utah","D-0458-2016","Class II","Testost CYP 200mg/mL SUS, Rx, Western Drug Inc. 106 E. Main Street, Springerville, Arizona 85938                                                                                  ","2 containers","Lack of Assurance of Sterility","10/19/2015","12/01/2015","10/01/2016","12/09/2015","all lots"
"Drugs","No","","72520","Terminated","Western Drug","105 W Main St","N/A","Springerville","AZ","	85938-7203","United States","Voluntary: Firm initiated","Telephone","Nationwide in US: Arizona, California, Georgia, New Mexico, South Carolina, South Dakota, Texas, and Utah","D-0459-2016","Class II","Testosterone Injection 100mg/mL, 200mg/mL, 300mg/mL, Rx, Western Drug Inc. 106 E. Main Street, Springerville, Arizona 85938                                                                                 ","39 containers","Lack of Assurance of Sterility","10/19/2015","12/01/2015","10/01/2016","12/09/2015","all lots"
"Drugs","No","","72520","Terminated","Western Drug","105 W Main St","N/A","Springerville","AZ","	85938-7203","United States","Voluntary: Firm initiated","Telephone","Nationwide in US: Arizona, California, Georgia, New Mexico, South Carolina, South Dakota, Texas, and Utah","D-0460-2016","Class II","Tev-Tropin (Somatropin) Injection, Rx, Western Drug Inc. 106 E. Main Street, Springerville, Arizona 85938                                                                                   ","6 containers","Lack of Assurance of Sterility","10/19/2015","12/01/2015","10/01/2016","12/09/2015","all lots"
"Drugs","No","","72520","Terminated","Western Drug","105 W Main St","N/A","Springerville","AZ","	85938-7203","United States","Voluntary: Firm initiated","Telephone","Nationwide in US: Arizona, California, Georgia, New Mexico, South Carolina, South Dakota, Texas, and Utah","D-0461-2016","Class II","Toradol 60mg/mL Injection, Rx, Western Drug Inc. 106 E. Main Street, Springerville, Arizona 85938                                                                                     ","1 container","Lack of Assurance of Sterility","10/19/2015","12/01/2015","10/01/2016","12/09/2015","all lots"
"Drugs","No","","72520","Terminated","Western Drug","105 W Main St","N/A","Springerville","AZ","	85938-7203","United States","Voluntary: Firm initiated","Telephone","Nationwide in US: Arizona, California, Georgia, New Mexico, South Carolina, South Dakota, Texas, and Utah","D-0462-2016","Class II","Testosterone CYP Inj 200 mg/mL, Rx, Western Drug Inc. 106 E. Main Street, Springerville, Arizona 85938                                                                                                    ","1 container","Lack of Assurance of Sterility","10/19/2015","12/01/2015","10/01/2016","12/09/2015","all lots"
"Drugs","No","","72520","Terminated","Western Drug","105 W Main St","N/A","Springerville","AZ","	85938-7203","United States","Voluntary: Firm initiated","Telephone","Nationwide in US: Arizona, California, Georgia, New Mexico, South Carolina, South Dakota, Texas, and Utah","D-0463-2016","Class II","Tri-Amino OAC 1:1:1 300mg/mL, Rx, Western Drug Inc. 106 E. Main Street, Springerville, Arizona 85938                                                                                       ","36 containers","Lack of Assurance of Sterility","10/19/2015","12/01/2015","10/01/2016","12/09/2015","all lots"
"Drugs","No","","72520","Terminated","Western Drug","105 W Main St","N/A","Springerville","AZ","	85938-7203","United States","Voluntary: Firm initiated","Telephone","Nationwide in US: Arizona, California, Georgia, New Mexico, South Carolina, South Dakota, Texas, and Utah","D-0464-2016","Class II","Tri-Mix ED Injection, Rx, Western Drug Inc. 106 E. Main Street, Springerville, Arizona 85938                                                                                           ","68 containers","Lack of Assurance of Sterility","10/19/2015","12/01/2015","10/01/2016","12/09/2015","all lots"
"Drugs","No","","72520","Terminated","Western Drug","105 W Main St","N/A","Springerville","AZ","	85938-7203","United States","Voluntary: Firm initiated","Telephone","Nationwide in US: Arizona, California, Georgia, New Mexico, South Carolina, South Dakota, Texas, and Utah","D-0465-2016","Class II","Tri-Test 1:1:1 300mg/mL Injection, Rx, Western Drug Inc. 106 E. Main Street, Springerville, Arizona 85938                                                                                             ","3 containers","Lack of Assurance of Sterility","10/19/2015","12/01/2015","10/01/2016","12/09/2015","all lots"
"Drugs","No","","72520","Terminated","Western Drug","105 W Main St","N/A","Springerville","AZ","	85938-7203","United States","Voluntary: Firm initiated","Telephone","Nationwide in US: Arizona, California, Georgia, New Mexico, South Carolina, South Dakota, Texas, and Utah","D-0466-2016","Class II","Verapamil 120mg/12mL Injection, Rx, Western Drug Inc. 106 E. Main Street, Springerville, Arizona 85938                                                                                             ","1 container","Lack of Assurance of Sterility","10/19/2015","12/01/2015","10/01/2016","12/09/2015","all lots"
"Drugs","No","","72520","Terminated","Western Drug","105 W Main St","N/A","Springerville","AZ","	85938-7203","United States","Voluntary: Firm initiated","Telephone","Nationwide in US: Arizona, California, Georgia, New Mexico, South Carolina, South Dakota, Texas, and Utah","D-0467-2016","Class II","Vitamin B12 (Cyan) Inj 100mcg/mL, 1000mcg/mL, Rx Western Drug Inc. 106 E. Main Street, Springerville, Arizona 85938                                                                                               ","8 containers","Lack of Assurance of Sterility","10/19/2015","12/01/2015","10/01/2016","12/09/2015","all lots"
"Drugs","No","","72520","Terminated","Western Drug","105 W Main St","N/A","Springerville","AZ","	85938-7203","United States","Voluntary: Firm initiated","Telephone","Nationwide in US: Arizona, California, Georgia, New Mexico, South Carolina, South Dakota, Texas, and Utah","D-0468-2016","Class II","Vitamin B-Complex 100 Injection, Rx, Western Drug Inc. 106 E. Main Street, Springerville, Arizona 85938                                                                                                 ","7 containers","Lack of Assurance of Sterility","10/19/2015","12/01/2015","10/01/2016","12/09/2015","all lots"
"Drugs","No","","72520","Terminated","Western Drug","105 W Main St","N/A","Springerville","AZ","	85938-7203","United States","Voluntary: Firm initiated","Telephone","Nationwide in US: Arizona, California, Georgia, New Mexico, South Carolina, South Dakota, Texas, and Utah","D-0469-2016","Class II","VitB12/VitC/VitB3/VitB9 Inj, Rx, Western Drug Inc. 106 E. Main Street, Springerville, Arizona 85938                                                                                                    ","4 containers","Lack of Assurance of Sterility","10/19/2015","12/01/2015","10/01/2016","12/09/2015","all lots"
"Drugs","No","","72520","Terminated","Western Drug","105 W Main St","N/A","Springerville","AZ","	85938-7203","United States","Voluntary: Firm initiated","Telephone","Nationwide in US: Arizona, California, Georgia, New Mexico, South Carolina, South Dakota, Texas, and Utah","D-0470-2016","Class II","Wilson's Nasal Irrigation Solution, Rx, Western Drug Inc. 106 E. Main Street, Springerville, Arizona 85938                                                                                                    ","2 containers","Lack of Assurance of Sterility","10/19/2015","12/01/2015","10/01/2016","12/09/2015","all lots"
"Drugs","No","","72455","Terminated","Downing Labs, LLC","4001 McEwen Rd Suite 110","N/A","Dallas","TX","	75244-5020","United States","Voluntary: Firm initiated","Press Release","Nationwide in the US; Australia, Brazil, Bahamas, Switzerland, France, Colombia, Hong Kong, Indonesia, India, Japan, Malaysia, New Zealand, Phillippines, Singapore, Thailand, Trinidad and Tobago, Taiwan","D-0370-2016","Class II","L-Glutathione Injection, 200mg/mL, 50mL vial, Rx only, Downing Labs, LLC 4001 McEwen Rd, Suite 110, Dallas TX, 754244, 1-800-914-7435  ","467 vials","Lack of Assurance of Sterility","10/16/2015","11/18/2015","09/22/2016","11/25/2015","All lots"
"Drugs","No","","72455","Terminated","Downing Labs, LLC","4001 McEwen Rd Suite 110","N/A","Dallas","TX","	75244-5020","United States","Voluntary: Firm initiated","Press Release","Nationwide in the US; Australia, Brazil, Bahamas, Switzerland, France, Colombia, Hong Kong, Indonesia, India, Japan, Malaysia, New Zealand, Phillippines, Singapore, Thailand, Trinidad and Tobago, Taiwan","D-0371-2016","Class II","Folic Acid Injection, 10mg/mL, 30mL vial, Rx only, Downing Labs, LLC 4001 McEwen Rd, Suite 110, Dallas TX, 754244, 1-800-914-7435","178 vials","Lack of Assurance of Sterility","10/16/2015","11/18/2015","09/22/2016","11/25/2015","All lots"
"Drugs","No","","72455","Terminated","Downing Labs, LLC","4001 McEwen Rd Suite 110","N/A","Dallas","TX","	75244-5020","United States","Voluntary: Firm initiated","Press Release","Nationwide in the US; Australia, Brazil, Bahamas, Switzerland, France, Colombia, Hong Kong, Indonesia, India, Japan, Malaysia, New Zealand, Phillippines, Singapore, Thailand, Trinidad and Tobago, Taiwan","D-0372-2016","Class II","Piracetam Injection, 200mg/mL,10mL vial, Rx only, Downing Labs, LLC 4001 McEwen Rd, Suite 110, Dallas TX, 754244, 1-800-914-7435    ","28 vials","Lack of Assurance of Sterility","10/16/2015","11/18/2015","09/22/2016","11/25/2015","All lots"
"Drugs","No","","72455","Terminated","Downing Labs, LLC","4001 McEwen Rd Suite 110","N/A","Dallas","TX","	75244-5020","United States","Voluntary: Firm initiated","Press Release","Nationwide in the US; Australia, Brazil, Bahamas, Switzerland, France, Colombia, Hong Kong, Indonesia, India, Japan, Malaysia, New Zealand, Phillippines, Singapore, Thailand, Trinidad and Tobago, Taiwan","D-0373-2016","Class II","Pyridoxine Injection, 100 mg/mL, 30mL vial, Rx only, Downing Labs, LLC 4001 McEwen Rd, Suite 110, Dallas TX, 754244, 1-800-914-7435","280 vials","Lack of Assurance of Sterility","10/16/2015","11/18/2015","09/22/2016","11/25/2015","All lots"
"Drugs","No","","72455","Terminated","Downing Labs, LLC","4001 McEwen Rd Suite 110","N/A","Dallas","TX","	75244-5020","United States","Voluntary: Firm initiated","Press Release","Nationwide in the US; Australia, Brazil, Bahamas, Switzerland, France, Colombia, Hong Kong, Indonesia, India, Japan, Malaysia, New Zealand, Phillippines, Singapore, Thailand, Trinidad and Tobago, Taiwan","D-0374-2016","Class II","DMAE Dimethylaminoethanol Injection, 100mg/mL, 30mL vial, Rx only, Downing Labs, LLC 4001 McEwen Rd, Suite 110, Dallas TX, 754244, 1-800-914-7435","16 vials","Lack of Assurance of Sterility","10/16/2015","11/18/2015","09/22/2016","11/25/2015","All lots"
"Drugs","No","","72455","Terminated","Downing Labs, LLC","4001 McEwen Rd Suite 110","N/A","Dallas","TX","	75244-5020","United States","Voluntary: Firm initiated","Press Release","Nationwide in the US; Australia, Brazil, Bahamas, Switzerland, France, Colombia, Hong Kong, Indonesia, India, Japan, Malaysia, New Zealand, Phillippines, Singapore, Thailand, Trinidad and Tobago, Taiwan","D-0375-2016","Class II","Dexpanthenol Injection, 250mg/mL, 30mL vial, Rx only, Downing Labs, LLC 4001 McEwen Rd, Suite 110, Dallas TX, 754244, 1-800-914-7435","235 vials","Lack of Assurance of Sterility","10/16/2015","11/18/2015","09/22/2016","11/25/2015","All lots"
"Drugs","No","","72455","Terminated","Downing Labs, LLC","4001 McEwen Rd Suite 110","N/A","Dallas","TX","	75244-5020","United States","Voluntary: Firm initiated","Press Release","Nationwide in the US; Australia, Brazil, Bahamas, Switzerland, France, Colombia, Hong Kong, Indonesia, India, Japan, Malaysia, New Zealand, Phillippines, Singapore, Thailand, Trinidad and Tobago, Taiwan","D-0376-2016","Class II","M.I.C Injection (Preserved), 25/50/25mg/mL, 50mL vial, Rx only, Downing Labs, LLC 4001 McEwen Rd, Suite 110, Dallas TX, 754244, 1-800-914-7435","172 vials","Lack of Assurance of Sterility","10/16/2015","11/18/2015","09/22/2016","11/25/2015","All lots"
"Drugs","No","","72455","Terminated","Downing Labs, LLC","4001 McEwen Rd Suite 110","N/A","Dallas","TX","	75244-5020","United States","Voluntary: Firm initiated","Press Release","Nationwide in the US; Australia, Brazil, Bahamas, Switzerland, France, Colombia, Hong Kong, Indonesia, India, Japan, Malaysia, New Zealand, Phillippines, Singapore, Thailand, Trinidad and Tobago, Taiwan","D-0377-2016","Class II","Zinc Sulfate (Elemental) Injection, 10mg/mL, 30 mL vial, Rx only, Downing Labs, LLC 4001 McEwen Rd, Suite 110, Dallas TX, 754244, 1-800-914-7435","74 vials","Lack of Assurance of Sterility","10/16/2015","11/18/2015","09/22/2016","11/25/2015","All lots"
"Drugs","No","","72455","Terminated","Downing Labs, LLC","4001 McEwen Rd Suite 110","N/A","Dallas","TX","	75244-5020","United States","Voluntary: Firm initiated","Press Release","Nationwide in the US; Australia, Brazil, Bahamas, Switzerland, France, Colombia, Hong Kong, Indonesia, India, Japan, Malaysia, New Zealand, Phillippines, Singapore, Thailand, Trinidad and Tobago, Taiwan","D-0378-2016","Class II","Thiamine HCl Injection, 100mg/mL, 30mL vial, Rx only, Downing Labs, LLC 4001 McEwen Rd, Suite 110, Dallas TX, 754244, 1-800-914-7435    ","72 vials","Lack of Assurance of Sterility","10/16/2015","11/18/2015","09/22/2016","11/25/2015","All lots"
"Drugs","No","","72455","Terminated","Downing Labs, LLC","4001 McEwen Rd Suite 110","N/A","Dallas","TX","	75244-5020","United States","Voluntary: Firm initiated","Press Release","Nationwide in the US; Australia, Brazil, Bahamas, Switzerland, France, Colombia, Hong Kong, Indonesia, India, Japan, Malaysia, New Zealand, Phillippines, Singapore, Thailand, Trinidad and Tobago, Taiwan","D-0379-2016","Class II","Testosterone Cypionate Injection (Sesame Oil), 200mg/mL, 10mL vial, Rx only, Downing Labs, LLC 4001 McEwen Rd, Suite 110, Dallas TX, 754244, 1-800-914-7435    ","34 vials","Lack of Assurance of Sterility","10/16/2015","11/18/2015","09/22/2016","11/25/2015","All lots"
"Drugs","No","","72455","Terminated","Downing Labs, LLC","4001 McEwen Rd Suite 110","N/A","Dallas","TX","	75244-5020","United States","Voluntary: Firm initiated","Press Release","Nationwide in the US; Australia, Brazil, Bahamas, Switzerland, France, Colombia, Hong Kong, Indonesia, India, Japan, Malaysia, New Zealand, Phillippines, Singapore, Thailand, Trinidad and Tobago, Taiwan","D-0380-2016","Class II","Potassium Chloride Injection (20mEq/10mL), 2mEq/ML, 10mL vial, Rx only, Downing Labs, LLC 4001 McEwen Rd, Suite 110, Dallas TX, 754244, 1-800-914-7435","225 vials","Lack of Assurance of Sterility","10/16/2015","11/18/2015","09/22/2016","11/25/2015","All lots"
"Drugs","No","","72455","Terminated","Downing Labs, LLC","4001 McEwen Rd Suite 110","N/A","Dallas","TX","	75244-5020","United States","Voluntary: Firm initiated","Press Release","Nationwide in the US; Australia, Brazil, Bahamas, Switzerland, France, Colombia, Hong Kong, Indonesia, India, Japan, Malaysia, New Zealand, Phillippines, Singapore, Thailand, Trinidad and Tobago, Taiwan","D-0381-2016","Class II","Magnesium Sulfate Injection (4060mOsm/L), 50%, 50mL vial, Rx only, Downing Labs, LLC 4001 McEwen Rd, Suite 110, Dallas TX, 754244, 1-800-914-7435","304 vials","Lack of Assurance of Sterility","10/16/2015","11/18/2015","09/22/2016","11/25/2015","All lots"
"Drugs","No","","72455","Terminated","Downing Labs, LLC","4001 McEwen Rd Suite 110","N/A","Dallas","TX","	75244-5020","United States","Voluntary: Firm initiated","Press Release","Nationwide in the US; Australia, Brazil, Bahamas, Switzerland, France, Colombia, Hong Kong, Indonesia, India, Japan, Malaysia, New Zealand, Phillippines, Singapore, Thailand, Trinidad and Tobago, Taiwan","D-0382-2016","Class II","Thiotic Acid Injection, 25mg/mL, 30mL vial, Rx only, Downing Labs, LLC 4001 McEwen Rd, Suite 110, Dallas TX, 754244, 1-800-914-7435","7 vials","Lack of Assurance of Sterility","10/16/2015","11/18/2015","09/22/2016","11/25/2015","All lots"
"Drugs","No","","72455","Terminated","Downing Labs, LLC","4001 McEwen Rd Suite 110","N/A","Dallas","TX","	75244-5020","United States","Voluntary: Firm initiated","Press Release","Nationwide in the US; Australia, Brazil, Bahamas, Switzerland, France, Colombia, Hong Kong, Indonesia, India, Japan, Malaysia, New Zealand, Phillippines, Singapore, Thailand, Trinidad and Tobago, Taiwan","D-0383-2016","Class II","MIC w/Methyl B-12 Preserved Injection, 25/50/50/1mg/mL, 50mL vial, Rx only, Downing Labs, LLC 4001 McEwen Rd, Suite 110, Dallas TX, 754244, 1-800-914-7435","49 vials","Lack of Assurance of Sterility","10/16/2015","11/18/2015","09/22/2016","11/25/2015","All lots"
"Drugs","No","","72517","Terminated","Oasis Medical, Inc.","514 S. Vermont Ave Bldg 510-528","N/A","Glendora","CA","	91741-6205","United States","Voluntary: Firm initiated","Letter","Nationwide and Saudi Arabia, Israel, Chile, Norway, Ecuador, Greece, Switzerland, Canada, England, Columbia, Poland, South Africa, Germany, Pakistan, El Salvador, Dubai, Belgium","D-0524-2016","Class III","HPMC Visoelastic, 8,000 cps, Reference 51082, LT5108 (Private Label), 2.0 mL in 3-mL Syringe, OASIS Medical Inc, 514 South Vermont Avenue Glendora, CA 91741  ","14,852 units","Failed pH Specification: It has been determined that the pH of the lots recalled, may not meet specification at expiry.","10/19/2015","12/22/2015","03/14/2016","12/30/2015","Lot #: V0814C, V0814D, Exp 8/2016; V1014A, V1014B, Exp 10/2016; V1214C, Exp 12/2016;  V0115A, V0115B, Exp 01/2017;  V0215C, Exp 02/2017; V0315C, V0315D, Exp 03/2017; V0515A, V0515B, Exp 05/2017."
"Drugs","No","","72563","Terminated","Breckenridge Pharmaceutical, Inc","15 Massirio Dr Ste 201","N/A","Berlin","CT","	06037-2352","United States","Voluntary: Firm initiated","Letter","Nationwide","D-0181-2016","Class III","Duloxetine Delayed-release Capsules, USP, 60 mg, Rx Only, 1000 count bottle, Manufactured by: Laboratorios Dr. Esteve, S.A., Barcelona, Spain, Distributed by: Breckenridge Pharmaceutical, Inc., Boca Raton, FL 33487, NDC: 51991-748-10","595 Bottles","Presence of Foreign Tablets/Capsules: one foreign capsule identified as omeprazole 10 mg was found in the bottle","10/21/2015","11/10/2015","12/24/2015","11/18/2015","Lot #: 142391, Exp 10/2016"
"Drugs","No","","72592","Terminated","Solutions Rx Pharmacy","2705 4th Ave S","N/A","Birmingham","AL","	35233-2707","United States","Voluntary: Firm initiated","Telephone","AL, GA, TN, LA","D-0385-2016","Class II","c-Budesonide 0.6MG capsules, 60-count bottle, NOT FOR ORAL USE-USE IN NASAL RINSE OR NEBULIZER, SOLUTIONS Rx PHARMACY, 2705 4TH AVENUE SOUTH, BIRMINGHAM, AL 35233","11,712 capsules","Penicillin Cross Contamination - Possible presence of penicillin in bulk budesonide powder used to compound prescription nasal rinse/nebulizer capsules.","06/22/2015","11/18/2015","11/27/2015","11/25/2015","Lot #: 04-24-2015-D, Exp 05/31/15; 03-13-2015-C, 03-18-2015-F, 03-18-2015-G, 03-23-2015-C, 03-24-2015-C, 04-02-2015-G, 04-14-2015-F, 04-14-2015-G, 04-22-2015, 05-06-2015-B, 05-14-2015-D, 05-22-2015-F, 05-27-2015-C, 06-02-2015-E, 06-10-2015-J, Exp 06/16/15"
"Drugs","No","","72595","Terminated","Mylan Institutional, Inc. (d.b.a. UDL Laboratories)","1718 Northrock Ct","N/A","Rockford","IL","	61103-1201","United States","Voluntary: Firm initiated","Letter","US Nationwide including Puerto Rico","D-0235-2016","Class III","Meclizine Hydrochloride Tablets, USP, 25 mg Tablets, Packaged in 10 x 10 Tablet Blister Pack Packages, Rx Only.  Manufactured by: Par Pharmaceutical Companies, Inc., Spring Valley, NY 10977. Mylan. NDC: 51079-090-20.","4,609 Packages","Failed Impurities/Degradation Specifications: Out of specification for impurities.","11/02/2015","11/13/2015","12/21/2016","11/25/2015","Lot #: 3060153, Expiry: 08/31/16"
"Drugs","No","","72607","Terminated","Teva Pharmaceutical Industries","20 Kiryat HaMada Street,","Har Hozvim","Jerusalem","N/A","	N/A","Israel","Voluntary: Firm initiated","Letter","Nationwide","D-0521-2016","Class III","Irbesartan and Hydrochlorothiazide tablets USP 150 mg/ 12.5 mg, 90-count bottles, Rx only, Manufactured in Israel by: TEVA PHARMACEUTICAL INDUSTRIES LTD Jerusalem, 971010 Israel, Manufactured for: TEVA PHARMACEUTICAL INDUSTRIES USA Sellersville, PA 18960. NDC 0093-8238-98  ","3536 bottles","Labeling: Incorrect or Missing Lot AND/OR Exp Date.","10/20/2015","12/17/2015","11/01/2016","12/23/2015","Lot #: 24I030, Exp 5/2017"
"Drugs","No","","72455","Terminated","Downing Labs, LLC","4001 McEwen Rd Suite 110","N/A","Dallas","TX","	75244-5020","United States","Voluntary: Firm initiated","Press Release","Nationwide in the US; Australia, Brazil, Bahamas, Switzerland, France, Colombia, Hong Kong, Indonesia, India, Japan, Malaysia, New Zealand, Phillippines, Singapore, Thailand, Trinidad and Tobago, Taiwan","D-0384-2016","Class II","Methylcobalamin Injection Buffered 5mg/mL, 30mL vial, Rx only, Downing Labs, LLC 4001 McEwen Rd, Suite 110, Dallas TX, 754244, 1-800-914-7435  ","315 vials","Lack of Assurance of Sterility","10/16/2015","11/18/2015","09/22/2016","11/25/2015","All lots"
"Drugs","No","","72594","Terminated","Walgreens Infusion Services","14220 Northbrook Dr Ste 100B","N/A","San Antonio","TX","	78232-5045","United States","Voluntary: Firm initiated","Letter","Texas","D-0526-2016","Class II","Pedi MVI a) 5 mL, b) 10 mL syringe, Rx Only, Compounded by Option Care 148, San Antonio, TX 78232-5045","73 syringes","Lack of Assurance of Sterility","11/10/2015","12/30/2015","10/18/2017","01/06/2016","All lots within expiry."
"Drugs","No","","72594","Terminated","Walgreens Infusion Services","14220 Northbrook Dr Ste 100B","N/A","San Antonio","TX","	78232-5045","United States","Voluntary: Firm initiated","Letter","Texas","D-0527-2016","Class II","Heparin injection, Preservative Free, a) 280 units/0.28 mL, b) 350 units/0.35 mL syringe, c) 440 units/0.44 mL, d) 500 units/0.5 mL syringe, e) Heparin 800 units/0.8 f) Heparin 2300 units/2.3 mL syringe, Rx Only, Compounded by Option Care 148, San Antonio, TX 78232-5045","49 syringes","Lack of Assurance of Sterility","11/10/2015","12/30/2015","10/18/2017","01/06/2016","All lots within expiry."
"Drugs","No","","72594","Terminated","Walgreens Infusion Services","14220 Northbrook Dr Ste 100B","N/A","San Antonio","TX","	78232-5045","United States","Voluntary: Firm initiated","Letter","Texas","D-0528-2016","Class II","Vancomycin Injection in NS, Accuflo bag, a) 500 mg/NS 100 mL, b)1G/NS 100 mL, c) Vancomycin 1G/NS 250 mL, d) 1.5G/NS 250 mL e) 750 mg/NS 100 mL, Rx Only, Compounded by Option Care 148, San Antonio, TX 78232-5045","95 Accuflo bags","Lack of Assurance of Sterility","11/10/2015","12/30/2015","10/18/2017","01/06/2016","All lots within expiry."
"Drugs","No","","72594","Terminated","Walgreens Infusion Services","14220 Northbrook Dr Ste 100B","N/A","San Antonio","TX","	78232-5045","United States","Voluntary: Firm initiated","Letter","Texas","D-0529-2016","Class II","Piperacillin/Tazobactam (Zosyn)  Accuflo bag, a) 18 g/NS 275 mL  b) 4.5 g/NS 100 mL Accuflo, Rx Only, Compounded by Option Care 148, San Antonio, TX 78232-5045","26 Accuflo bags","Lack of Assurance of Sterility","11/10/2015","12/30/2015","10/18/2017","01/06/2016","All lots within expiry."
"Drugs","No","","72594","Terminated","Walgreens Infusion Services","14220 Northbrook Dr Ste 100B","N/A","San Antonio","TX","	78232-5045","United States","Voluntary: Firm initiated","Letter","Texas","D-0530-2016","Class II","Invanz 1 g/NS 100 mL Minibag Plus, Rx Only, Compounded by Option Care 148, San Antonio, TX 78232-5045","52 Minibags","Lack of Assurance of Sterility","11/10/2015","12/30/2015","10/18/2017","01/06/2016","All lots within expiry."
"Drugs","No","","72594","Terminated","Walgreens Infusion Services","14220 Northbrook Dr Ste 100B","N/A","San Antonio","TX","	78232-5045","United States","Voluntary: Firm initiated","Letter","Texas","D-0531-2016","Class II","L-Cysteine 800 mg (16 mL) syringe, Rx Only, Compounded by Option Care 148, San Antonio, TX 78232-5045","14 syringes","Lack of Assurance of Sterility","11/10/2015","12/30/2015","10/18/2017","01/06/2016","All lots within expiry."
"Drugs","No","","72594","Terminated","Walgreens Infusion Services","14220 Northbrook Dr Ste 100B","N/A","San Antonio","TX","	78232-5045","United States","Voluntary: Firm initiated","Letter","Texas","D-0532-2016","Class II","Primaxin (Imipenem-Cilastatin) 500 mg/NS 100 mL Minibag Plus, Rx Only, Compounded by Option Care 148, San Antonio, TX 78232-5045","40 Minibags","Lack of Assurance of Sterility","11/10/2015","12/30/2015","10/18/2017","01/06/2016","All lots within expiry."
"Drugs","No","","71494","Terminated","Life Science Pharmacy Inc","144 Route 17m Ste 4","N/A","Harriman","NY","	10926-3321","United States","Voluntary: Firm initiated","Telephone","Nationwide","D-0489-2016","Class II","ESTRIOL Capsules, Rx, compounded by Life Science Pharmacy Inc., Harriman, NY","unknown","Penicillin Cross Contamination: potentially contaminated with penicillin","06/08/2015","12/02/2015","06/11/2018","12/09/2015","All lots"
"Drugs","No","","72594","Terminated","Walgreens Infusion Services","14220 Northbrook Dr Ste 100B","N/A","San Antonio","TX","	78232-5045","United States","Voluntary: Firm initiated","Letter","Texas","D-0533-2016","Class II","Cefazolin in Accuflo bags, a) 1g/NS 25 mL, b) 2g/NS 25 mL, c) 8g/NS 275 mL, Rx Only, Compounded by Option Care 148, San Antonio, TX 78232-5045 Lack","34 Accuflo bags","Lack of Assurance of Sterility","11/10/2015","12/30/2015","10/18/2017","01/06/2016","All lots within expiry."
"Drugs","No","","71494","Terminated","Life Science Pharmacy Inc","144 Route 17m Ste 4","N/A","Harriman","NY","	10926-3321","United States","Voluntary: Firm initiated","Telephone","Nationwide","D-0490-2016","Class II","ESTRIOL Vaginal Creams, Rx, compounded by Life Science Pharmacy Inc., Harriman, NY","unknown","Penicillin Cross Contamination: potentially contaminated with penicillin","06/08/2015","12/02/2015","06/11/2018","12/09/2015","All lots"
"Drugs","No","","72594","Terminated","Walgreens Infusion Services","14220 Northbrook Dr Ste 100B","N/A","San Antonio","TX","	78232-5045","United States","Voluntary: Firm initiated","Letter","Texas","D-0534-2016","Class II","Dextrose 5% and 0.45% Sodium Chloride with KCl 20 mEq 1000 mL, Rx Only, Compounded by Option Care 148, San Antonio, TX 78232-5045","1 bag","Lack of Assurance of Sterility","11/10/2015","12/30/2015","10/18/2017","01/06/2016","All lots within expiry."
"Drugs","No","","72594","Terminated","Walgreens Infusion Services","14220 Northbrook Dr Ste 100B","N/A","San Antonio","TX","	78232-5045","United States","Voluntary: Firm initiated","Letter","Texas","D-0535-2016","Class II","0.9% NaCl 1000 mL with Ca 4.65 meq bag, Rx Only, Compounded by Option Care 148, San Antonio, TX 78232-5045","7 bags","Lack of Assurance of Sterility","11/10/2015","12/30/2015","10/18/2017","01/06/2016","All lots within expiry."
"Drugs","No","","72594","Terminated","Walgreens Infusion Services","14220 Northbrook Dr Ste 100B","N/A","San Antonio","TX","	78232-5045","United States","Voluntary: Firm initiated","Letter","Texas","D-0536-2016","Class II","Meropenem 1 g/NS 100 mL Minibag Plus, Rx Only, Compounded by Option Care 148, San Antonio, TX 78232-5045","35 Minibags","Lack of Assurance of Sterility","11/10/2015","12/30/2015","10/18/2017","01/06/2016","All lots within expiry."
"Drugs","No","","71494","Terminated","Life Science Pharmacy Inc","144 Route 17m Ste 4","N/A","Harriman","NY","	10926-3321","United States","Voluntary: Firm initiated","Telephone","Nationwide","D-0491-2016","Class II","ESTRIOL Suppositories, Rx, compounded by Life Science Pharmacy Inc., Harriman, NY","unknown","Penicillin Cross Contamination: potentially contaminated with penicillin","06/08/2015","12/02/2015","06/11/2018","12/09/2015","All lots"
"Drugs","No","","71494","Terminated","Life Science Pharmacy Inc","144 Route 17m Ste 4","N/A","Harriman","NY","	10926-3321","United States","Voluntary: Firm initiated","Telephone","Nationwide","D-0492-2016","Class II","ESTRIOL Vaginal Gels, Rx, compounded by Life Science Pharmacy Inc., Harriman, NY","unknown","Penicillin Cross Contamination: potentially contaminated with penicillin","06/08/2015","12/02/2015","06/11/2018","12/09/2015","All lots"
"Drugs","No","","71494","Terminated","Life Science Pharmacy Inc","144 Route 17m Ste 4","N/A","Harriman","NY","	10926-3321","United States","Voluntary: Firm initiated","Telephone","Nationwide","D-0493-2016","Class II","ESTRIOL Face Creams, Rx, compounded by Life Science Pharmacy Inc., Harriman, NY","unknown","Penicillin Cross Contamination: potentially contaminated with penicillin","06/08/2015","12/02/2015","06/11/2018","12/09/2015","All lots"
"Drugs","No","","71494","Terminated","Life Science Pharmacy Inc","144 Route 17m Ste 4","N/A","Harriman","NY","	10926-3321","United States","Voluntary: Firm initiated","Telephone","Nationwide","D-0494-2016","Class II","ESTRIOL Creams, Rx, compounded by Life Science Pharmacy Inc., Harriman, NY","unknown","Penicillin Cross Contamination: potentially contaminated with penicillin","06/08/2015","12/02/2015","06/11/2018","12/09/2015","All lots"
"Drugs","No","","71494","Terminated","Life Science Pharmacy Inc","144 Route 17m Ste 4","N/A","Harriman","NY","	10926-3321","United States","Voluntary: Firm initiated","Telephone","Nationwide","D-0495-2016","Class II","ESTRIOL Gels, Rx, compounded by Life Science Pharmacy Inc., Harriman, NY","unknown","Penicillin Cross Contamination: potentially contaminated with penicillin","06/08/2015","12/02/2015","06/11/2018","12/09/2015","All lots"
"Drugs","No","","72520","Terminated","Western Drug","105 W Main St","N/A","Springerville","AZ","	85938-7203","United States","Voluntary: Firm initiated","Telephone","Nationwide in US: Arizona, California, Georgia, New Mexico, South Carolina, South Dakota, Texas, and Utah","D-0471-2016","Class II","Hydroxocobalamin 1mg Injection, Rx, Western Drug Inc. 106 E. Main Street, Springerville, Arizona 85938                                                                                                      ","2 containers","Lack of Assurance of Sterility","10/19/2015","12/01/2015","10/01/2016","12/09/2015","all lots"
"Drugs","No","","72520","Terminated","Western Drug","105 W Main St","N/A","Springerville","AZ","	85938-7203","United States","Voluntary: Firm initiated","Telephone","Nationwide in US: Arizona, California, Georgia, New Mexico, South Carolina, South Dakota, Texas, and Utah","D-0472-2016","Class II","17-Hydroxyprogesterone 250mg/mL Injection, Rx, Western Drug Inc. 106 E. Main Street, Springerville, Arizona 85938                                                                                                      ","41 containers","Lack of Assurance of Sterility","10/19/2015","12/01/2015","10/01/2016","12/09/2015","all lots"
"Drugs","No","","72594","Terminated","Walgreens Infusion Services","14220 Northbrook Dr Ste 100B","N/A","San Antonio","TX","	78232-5045","United States","Voluntary: Firm initiated","Letter","Texas","D-0537-2016","Class II","Oxacillin 12 g/NS 270 mL-24 hr Accuflo bag, Rx Only, Compounded by Option Care 148, San Antonio, TX 78232-5045","14 Accuflo bags","Lack of Assurance of Sterility","11/10/2015","12/30/2015","10/18/2017","01/06/2016","All lots within expiry."
"Drugs","No","","72594","Terminated","Walgreens Infusion Services","14220 Northbrook Dr Ste 100B","N/A","San Antonio","TX","	78232-5045","United States","Voluntary: Firm initiated","Letter","Texas","D-0538-2016","Class II","Milrinone 0.375 mcg/kg/min D5W bag a) 365 mL, b) 400 mL c) 430 mL, Rx Only, Compounded by Option Care 148, San Antonio, TX 78232-5045","19 bags","Lack of Assurance of Sterility","11/10/2015","12/30/2015","10/18/2017","01/06/2016","All lots within expiry."
"Drugs","No","","72594","Terminated","Walgreens Infusion Services","14220 Northbrook Dr Ste 100B","N/A","San Antonio","TX","	78232-5045","United States","Voluntary: Firm initiated","Letter","Texas","D-0539-2016","Class II","Ceftriaxone 2g/NS 100 mL Minibag Plus, Rx Only, Compounded by Option Care 148, San Antonio, TX 78232-5045","46 Minibags","Lack of Assurance of Sterility","11/10/2015","12/30/2015","10/18/2017","01/06/2016","All lots within expiry."
"Drugs","No","","72594","Terminated","Walgreens Infusion Services","14220 Northbrook Dr Ste 100B","N/A","San Antonio","TX","	78232-5045","United States","Voluntary: Firm initiated","Letter","Texas","D-0540-2016","Class II","IVIG Gamunex 40 gm (400 mL) Bag, Rx Only, Compounded by Option Care 148, San Antonio, TX 78232-5045","1 bag","Lack of Assurance of Sterility","11/10/2015","12/30/2015","10/18/2017","01/06/2016","All lots within expiry."
"Drugs","No","","72594","Terminated","Walgreens Infusion Services","14220 Northbrook Dr Ste 100B","N/A","San Antonio","TX","	78232-5045","United States","Voluntary: Firm initiated","Letter","Texas","D-0541-2016","Class II","Phytonadione (Vitamin K) 1 mg/0.1mL Syringe, Rx Only, Compounded by Option Care 148, San Antonio, TX 78232-5045","20 syringes","Lack of Assurance of Sterility","11/10/2015","12/30/2015","10/18/2017","01/06/2016","All lots within expiry."
"Drugs","No","","72594","Terminated","Walgreens Infusion Services","14220 Northbrook Dr Ste 100B","N/A","San Antonio","TX","	78232-5045","United States","Voluntary: Firm initiated","Letter","Texas","D-0542-2016","Class II","Thiamine 100 mg (1 mL) syringe, Rx Only, Compounded by Option Care 148, San Antonio, TX 78232-5045","23 syringes","Lack of Assurance of Sterility","11/10/2015","12/30/2015","10/18/2017","01/06/2016","All lots within expiry."
"Drugs","No","","72594","Terminated","Walgreens Infusion Services","14220 Northbrook Dr Ste 100B","N/A","San Antonio","TX","	78232-5045","United States","Voluntary: Firm initiated","Letter","Texas","D-0543-2016","Class II","Folic Acid 1 mg/0.2 mL syringe, Rx Only, Compounded by Option Care 148, San Antonio, TX 78232-5045","23 syringes","Lack of Assurance of Sterility","11/10/2015","12/30/2015","10/18/2017","01/06/2016","All lots within expiry."
"Drugs","No","","72594","Terminated","Walgreens Infusion Services","14220 Northbrook Dr Ste 100B","N/A","San Antonio","TX","	78232-5045","United States","Voluntary: Firm initiated","Letter","Texas","D-0544-2016","Class II","Sodium Ascorbate (Vitamin C) syringe, a) 500 mg/1 mL syringe, b)1000 mg/2 mL c) 800 mg/1.6 mL, Rx Only, Compounded by Option Care 148, San Antonio, TX 78232-5045","30 syringes","Lack of Assurance of Sterility","11/10/2015","12/30/2015","10/18/2017","01/06/2016","All lots within expiry."
"Drugs","No","","72594","Terminated","Walgreens Infusion Services","14220 Northbrook Dr Ste 100B","N/A","San Antonio","TX","	78232-5045","United States","Voluntary: Firm initiated","Letter","Texas","D-0545-2016","Class II","Insulin Regular (Human) syringe, a)15 unit/0.15 mL, b) 24 unit/0.24mL syringe, c) 50 unit/0.5 mL, Rx Only, Compounded by Option Care 148, San Antonio, TX 78232-5045","23 syringes","Lack of Assurance of Sterility","11/10/2015","12/30/2015","10/18/2017","01/06/2016","All lots within expiry."
"Drugs","No","","72594","Terminated","Walgreens Infusion Services","14220 Northbrook Dr Ste 100B","N/A","San Antonio","TX","	78232-5045","United States","Voluntary: Firm initiated","Letter","Texas","D-0546-2016","Class II","Famotidine injection syringe a) 10 mg/1 mL  b) 80 mg/8 mL, Rx Only, Compounded by Option Care 148, San Antonio, TX 78232-5045","21 syringes","Lack of Assurance of Sterility","11/10/2015","12/30/2015","10/18/2017","01/06/2016","All lots within expiry."
"Drugs","No","","72594","Terminated","Walgreens Infusion Services","14220 Northbrook Dr Ste 100B","N/A","San Antonio","TX","	78232-5045","United States","Voluntary: Firm initiated","Letter","Texas","D-0547-2016","Class II","IVIG Gammagard injection bag, a) 13 gm, b) 20 gm, c) 73 gm, Rx Only, Compounded by Option Care 148, San Antonio, TX 78232-5045","5 bags","Lack of Assurance of Sterility","11/10/2015","12/30/2015","10/18/2017","01/06/2016","All lots within expiry."
"Drugs","No","","72520","Terminated","Western Drug","105 W Main St","N/A","Springerville","AZ","	85938-7203","United States","Voluntary: Firm initiated","Telephone","Nationwide in US: Arizona, California, Georgia, New Mexico, South Carolina, South Dakota, Texas, and Utah","D-0473-2016","Class II","Sodium Chloride 0.9% Inj, Rx, Western Drug Inc. 106 E. Main Street, Springerville, Arizona 85938                                                                                                    ","1 container","Lack of Assurance of Sterility","10/19/2015","12/01/2015","10/01/2016","12/09/2015","all lots"
"Drugs","No","","72647","Terminated","Northwind Pharmaceuticals LLC","9402 Uptown Dr Ste 1100","N/A","Indianapolis","IN","	46256-1042","United States","Voluntary: Firm initiated","E-Mail","Nationwide","D-0485-2016","Class III","Prednisone 20 mg, Tablet, 10-count bottle, Rx only, Mfg by: HIKMA Pharmaceuticals PO BOX 182400 Amman 11118 Jordan. Dist By: West-Ward Pharmaceuticals Corp., Eatentown, NJ 07724 USA, Repackaged By: Northwind Pharmaceuticals, Indianapolis, IN 46256. NDC 51655-320-53","40 Bottles","Labeling: Not elsewhere classified. NDC number is incorrect on the container.","11/10/2015","12/02/2015","03/29/2017","12/09/2015","Lot # NW 46400021, Exp 03/2018"
"Drugs","No","","72594","Terminated","Walgreens Infusion Services","14220 Northbrook Dr Ste 100B","N/A","San Antonio","TX","	78232-5045","United States","Voluntary: Firm initiated","Letter","Texas","D-0548-2016","Class II","Teflaro 600 mg in 100 mL NS Minibag Plus,Rx Only, Compounded by Option Care 148, San Antonio, TX 78232-5045","63 Minibags","Lack of Assurance of Sterility","11/10/2015","12/30/2015","10/18/2017","01/06/2016","All lots within expiry."
"Drugs","No","","72594","Terminated","Walgreens Infusion Services","14220 Northbrook Dr Ste 100B","N/A","San Antonio","TX","	78232-5045","United States","Voluntary: Firm initiated","Letter","Texas","D-0549-2016","Class II","Gentamicin 14.4 mg/sodium chloride 0.9% 30 mL Prefilled syringe, Rx Only, Compounded by Option Care 148, San Antonio, TX 78232-5045","27 syringes","Lack of Assurance of Sterility","11/10/2015","12/30/2015","10/18/2017","01/06/2016","All lots within expiry."
"Drugs","No","","72594","Terminated","Walgreens Infusion Services","14220 Northbrook Dr Ste 100B","N/A","San Antonio","TX","	78232-5045","United States","Voluntary: Firm initiated","Letter","Texas","D-0550-2016","Class II","Clindamycin injection, Accuflo bag, a) 500 mg/NS 50 mL  b) 900 mg/NS 100 mL, Rx Only, Compounded by Option Care 148, San Antonio, TX 78232-5045","30 Accuflo bags","Lack of Assurance of Sterility","11/10/2015","12/30/2015","10/18/2017","01/06/2016","All lots within expiry."
"Drugs","No","","72594","Terminated","Walgreens Infusion Services","14220 Northbrook Dr Ste 100B","N/A","San Antonio","TX","	78232-5045","United States","Voluntary: Firm initiated","Letter","Texas","D-0551-2016","Class II","Nafcillin 12 gm in NS 500 mL bag, Rx Only, Compounded by Option Care 148, San Antonio, TX 78232-5045","7 bags","Lack of Assurance of Sterility","11/10/2015","12/30/2015","10/18/2017","01/06/2016","All lots within expiry."
"Drugs","No","","72594","Terminated","Walgreens Infusion Services","14220 Northbrook Dr Ste 100B","N/A","San Antonio","TX","	78232-5045","United States","Voluntary: Firm initiated","Letter","Texas","D-0552-2016","Class II","Remicade (Infliximab) injection, 5 mg/kg bag, Rx Only, Compounded by Option Care 148, San Antonio, TX 78232-5045","1 bag","Lack of Assurance of Sterility","11/10/2015","12/30/2015","10/18/2017","01/06/2016","All lots within expiry."
"Drugs","No","","72594","Terminated","Walgreens Infusion Services","14220 Northbrook Dr Ste 100B","N/A","San Antonio","TX","	78232-5045","United States","Voluntary: Firm initiated","Letter","Texas","D-0553-2016","Class II","Tobramycin 620 mg/NS 100 mL Accuflo, Rx Only, Compounded by Option Care 148, San Antonio, TX 78232-5045","7 Accuflo bags","Lack of Assurance of Sterility","11/10/2015","12/30/2015","10/18/2017","01/06/2016","All lots within expiry."
"Drugs","No","","72594","Terminated","Walgreens Infusion Services","14220 Northbrook Dr Ste 100B","N/A","San Antonio","TX","	78232-5045","United States","Voluntary: Firm initiated","Letter","Texas","D-0554-2016","Class II","Cefepime 1 g/NS 100 mL Minibag Plus, Rx Only, Compounded by Option Care 148, San Antonio, TX 78232-5045","26 Minibags","Lack of Assurance of Sterility","11/10/2015","12/30/2015","10/18/2017","01/06/2016","All lots within expiry."
"Drugs","No","","72520","Terminated","Western Drug","105 W Main St","N/A","Springerville","AZ","	85938-7203","United States","Voluntary: Firm initiated","Telephone","Nationwide in US: Arizona, California, Georgia, New Mexico, South Carolina, South Dakota, Texas, and Utah","D-0474-2016","Class II","Sodium Hydroxide 10% Inj, Rx, Western Drug Inc. 106 E. Main Street, Springerville, Arizona 85938                                                                                                    ","1 container","Lack of Assurance of Sterility","10/19/2015","12/01/2015","10/01/2016","12/09/2015","all lots"
"Drugs","No","","71494","Terminated","Life Science Pharmacy Inc","144 Route 17m Ste 4","N/A","Harriman","NY","	10926-3321","United States","Voluntary: Firm initiated","Telephone","Nationwide","D-0496-2016","Class II","BI-EST Capsules, Rx, compounded by Life Science Pharmacy Inc., Harriman, NY","unknown","Penicillin Cross Contamination: potentially contaminated with penicillin","06/08/2015","12/02/2015","06/11/2018","12/09/2015","All lots"
"Drugs","No","","71494","Terminated","Life Science Pharmacy Inc","144 Route 17m Ste 4","N/A","Harriman","NY","	10926-3321","United States","Voluntary: Firm initiated","Telephone","Nationwide","D-0497-2016","Class II","BI-EST Gels, Rx, compounded by Life Science Pharmacy Inc., Harriman, NY","unknown","Penicillin Cross Contamination: potentially contaminated with penicillin","06/08/2015","12/02/2015","06/11/2018","12/09/2015","All lots"
"Drugs","No","","71494","Terminated","Life Science Pharmacy Inc","144 Route 17m Ste 4","N/A","Harriman","NY","	10926-3321","United States","Voluntary: Firm initiated","Telephone","Nationwide","D-0498-2016","Class II","BI-EST Lozenges, Rx, compounded by Life Science Pharmacy Inc., Harriman, NY","unknown","Penicillin Cross Contamination: potentially contaminated with penicillin","06/08/2015","12/02/2015","06/11/2018","12/09/2015","All lots"
"Drugs","No","","72520","Terminated","Western Drug","105 W Main St","N/A","Springerville","AZ","	85938-7203","United States","Voluntary: Firm initiated","Telephone","Nationwide in US: Arizona, California, Georgia, New Mexico, South Carolina, South Dakota, Texas, and Utah","D-0475-2016","Class II","HCG 1000unit/10mL MTU vial, Rx, Western Drug Inc. 106 E. Main Street, Springerville, Arizona 85938                                                                                                      ","3 vials","Lack of Assurance of Sterility","10/19/2015","12/01/2015","10/01/2016","12/09/2015","all lots"
"Drugs","No","","72520","Terminated","Western Drug","105 W Main St","N/A","Springerville","AZ","	85938-7203","United States","Voluntary: Firm initiated","Telephone","Nationwide in US: Arizona, California, Georgia, New Mexico, South Carolina, South Dakota, Texas, and Utah","D-0476-2016","Class II","Lipodissolve 100/50mg Inj Sol, Rx, Western Drug Inc. 106 E. Main Street, Springerville, Arizona 85938                                                                                                    ","1 container","Lack of Assurance of Sterility","10/19/2015","12/01/2015","10/01/2016","12/09/2015","all lots"
"Drugs","No","","72520","Terminated","Western Drug","105 W Main St","N/A","Springerville","AZ","	85938-7203","United States","Voluntary: Firm initiated","Telephone","Nationwide in US: Arizona, California, Georgia, New Mexico, South Carolina, South Dakota, Texas, and Utah","D-0477-2016","Class II","Super B Complex 3X Inj, Rx, Western Drug Inc. 106 E. Main Street, Springerville, Arizona 85938                                                                                                  ","1 container","Lack of Assurance of Sterility","10/19/2015","12/01/2015","10/01/2016","12/09/2015","all lots"
"Drugs","No","","72520","Terminated","Western Drug","105 W Main St","N/A","Springerville","AZ","	85938-7203","United States","Voluntary: Firm initiated","Telephone","Nationwide in US: Arizona, California, Georgia, New Mexico, South Carolina, South Dakota, Texas, and Utah","D-0478-2016","Class II","Super B Complex w/Cyano Inj, Rx, Western Drug Inc. 106 E. Main Street, Springerville, Arizona 85938                                                                                                  ","4 containers","Lack of Assurance of Sterility","10/19/2015","12/01/2015","10/01/2016","12/09/2015","all lots"
"Drugs","No","","72520","Terminated","Western Drug","105 W Main St","N/A","Springerville","AZ","	85938-7203","United States","Voluntary: Firm initiated","Telephone","Nationwide in US: Arizona, California, Georgia, New Mexico, South Carolina, South Dakota, Texas, and Utah","D-0479-2016","Class II","Tacrolimus 0.03% Opth Oint, Rx, Western Drug Inc. 106 E. Main Street, Springerville, Arizona 85938              ","3 containers","Lack of Assurance of Sterility","10/19/2015","12/01/2015","10/01/2016","12/09/2015","all lots"
"Drugs","No","","72520","Terminated","Western Drug","105 W Main St","N/A","Springerville","AZ","	85938-7203","United States","Voluntary: Firm initiated","Telephone","Nationwide in US: Arizona, California, Georgia, New Mexico, South Carolina, South Dakota, Texas, and Utah","D-0480-2016","Class II","Triamcin 40mg/mL Susp, Rx, Western Drug Inc. 106 E. Main Street, Springerville, Arizona 85938                                                                                                    ","2 containers","Lack of Assurance of Sterility","10/19/2015","12/01/2015","10/01/2016","12/09/2015","all lots"
"Drugs","No","","72520","Terminated","Western Drug","105 W Main St","N/A","Springerville","AZ","	85938-7203","United States","Voluntary: Firm initiated","Telephone","Nationwide in US: Arizona, California, Georgia, New Mexico, South Carolina, South Dakota, Texas, and Utah","D-0481-2016","Class II","Triamcin40/Lido5 mg/mL Sus, Rx, Western Drug Inc. 106 E. Main Street, Springerville, Arizona 85938                                                                                                       ","16 containers","Lack of Assurance of Sterility","10/19/2015","12/01/2015","10/01/2016","12/09/2015","all lots"
"Drugs","No","","72520","Terminated","Western Drug","105 W Main St","N/A","Springerville","AZ","	85938-7203","United States","Voluntary: Firm initiated","Telephone","Nationwide in US: Arizona, California, Georgia, New Mexico, South Carolina, South Dakota, Texas, and Utah","D-0482-2016","Class II","Tri-Mix LOW ED Injection, Rx, Western Drug Inc. 106 E. Main Street, Springerville, Arizona 85938                                                                                                      ","1 container","Lack of Assurance of Sterility","10/19/2015","12/01/2015","10/01/2016","12/09/2015","all lots"
"Drugs","No","","72520","Terminated","Western Drug","105 W Main St","N/A","Springerville","AZ","	85938-7203","United States","Voluntary: Firm initiated","Telephone","Nationwide in US: Arizona, California, Georgia, New Mexico, South Carolina, South Dakota, Texas, and Utah","D-0483-2016","Class II","Quad Mix Strong Inj, Rx, Western Drug Inc. 106 E. Main Street, Springerville, Arizona 85938                                                                                                  ","1 container","Lack of Assurance of Sterility","10/19/2015","12/01/2015","10/01/2016","12/09/2015","all lots"
"Drugs","No","","72520","Terminated","Western Drug","105 W Main St","N/A","Springerville","AZ","	85938-7203","United States","Voluntary: Firm initiated","Telephone","Nationwide in US: Arizona, California, Georgia, New Mexico, South Carolina, South Dakota, Texas, and Utah","D-0484-2016","Class II","Salicylic Acid Inj, Rx, Western Drug Inc. 106 E. Main Street, Springerville, Arizona  85938                                                                                                    ","1 container","Lack of Assurance of Sterility","10/19/2015","12/01/2015","10/01/2016","12/09/2015","all lots"
"Drugs","No","","71494","Terminated","Life Science Pharmacy Inc","144 Route 17m Ste 4","N/A","Harriman","NY","	10926-3321","United States","Voluntary: Firm initiated","Telephone","Nationwide","D-0499-2016","Class II","BI-EST Suspensions, Rx, compounded by Life Science Pharmacy Inc., Harriman, NY","unknown","Penicillin Cross Contamination: potentially contaminated with penicillin","06/08/2015","12/02/2015","06/11/2018","12/09/2015","All lots"
"Drugs","No","","72401","Terminated","Qualgen","14844 Bristol Park Blvd","N/A","Edmond","OK","	73013-1891","United States","Voluntary: Firm initiated","E-Mail","Nationwide","D-0387-2016","Class II","Testosterone USP 99.5%, .5% Stearic Acid NF Pellets, 3 mL, one-count vials, 25 mg (NDC 69761-125-01), 37.5 mg (NDC 69761-137-01), 50 mg (NDC 69761-150-01), 87.5 mg (NDC: 69761-187-01), 100 mg (NDC 69761-110-01), 200 mg (NDC 69761-120-01), Rx only, Compounded by Qualgen, Edmond, Oklahoma 73013  ","10,885 vials","Lack of Assurance of Sterility: The firm is recalling all sterile preparations within expiry due to deficient practices which may have an impact on sterility assurance.","10/09/2015","11/24/2015","03/30/2017","12/02/2015","Lots: A005 Ex.: 10/30/2015; A008 Ex.: 11/01/2015; A010 Ex.: 11/06/2015; A012 Ex.: 11/07/2015; A015 Ex.: 11/08/2015; A018 Ex.: 11/13/2015; A022 Ex.: 11/14/2015; A024 Ex.: 11/16/2015; A026 Ex.: 11/20/2015; A029 Ex.: 11/21/2015; A033 Ex.: 11/23/2015; A038 Ex.: 11/24/2015; A040 Ex.: 11/27/2015; A041 Ex.: 11/28/2015; A045 Ex.: 12/03/2015; A046 Ex.: 11/30/2015; A047 Ex.: 12/04/2015; A052 Ex.: 12/12/2015; A055 Ex.: 12/13/2015; A058 Ex.: 12/18/2015; A059 Ex.: 12/19/2015; A061 Ex.: 12/24/2015"
"Drugs","No","","72699","Terminated","RemedyRepack Inc.","625 Kolter Dr Ste 4","N/A","Indiana","PA","	15701-3571","United States","Voluntary: Firm initiated","Letter","Nationwide","D-0511-2016","Class II","Humulin 70/30, 100 Units/mL Inj, Qty: 10 mL Vial, MFG by: Lilly USA, LLC, Indianapolis, IN 46285, Repackaged by: Remedy Repack, Inc, 625 Kolter Dr, Indiana, PA 15701, NDC 52125-0415-08","65 Vials","Labeling: Incorrect Instructions; RemedyRepack, Inc. a relabeler, is recalling these products due to incorrect storage instructions.","11/11/2015","12/04/2015","11/01/2016","12/16/2015","LOT # B0080702-042715, B0080695-042715, B0097444-082015, Exp 07/2017;   B0097443-082015, Exp 02/2018."
"Drugs","No","","72699","Terminated","RemedyRepack Inc.","625 Kolter Dr Ste 4","N/A","Indiana","PA","	15701-3571","United States","Voluntary: Firm initiated","Letter","Nationwide","D-0512-2016","Class II","Bicillin L-A 600000 Units/mL Inj., Qty: 20 mL Syringe, MFG by: King Pharma Inc., Bristol, TN 37620, Repackaged by: RemedyRepack, Inc., 625 Kolter Dr., Indiana, PA 15701, NDC 61786-0253-03","60 Vials","Labeling: Incorrect Instructions; RemedyRepack, Inc. a relabeler, is recalling these products due to incorrect storage instructions.","11/11/2015","12/04/2015","11/01/2016","12/16/2015","Lot # B0077329-040215, Exp 07/2017; B0091342-070315, Exp 08/2017; B0109416-102815, Exp 03/2018"
"Drugs","No","","72699","Terminated","RemedyRepack Inc.","625 Kolter Dr Ste 4","N/A","Indiana","PA","	15701-3571","United States","Voluntary: Firm initiated","Letter","Nationwide","D-0513-2016","Class II","Vitamin B-Complex 100, Multi MG Inj, Qty: 30 mL Vial, MFG by: Mylan Institutional, Rockford, IL 61103, Repackaged by: RemedyRepack Inc., 625 Kolter Dr., Indiana, PA 15701, NDC 52125-0873-02","1 Vial","Labeling: Incorrect Instructions; RemedyRepack, Inc. a relabeler, is recalling these products due to incorrect storage instructions.","11/11/2015","12/04/2015","11/01/2016","12/16/2015","Lot # B0105037-100715, Exp 10/01/2016"
"Drugs","No","","72699","Terminated","RemedyRepack Inc.","625 Kolter Dr Ste 4","N/A","Indiana","PA","	15701-3571","United States","Voluntary: Firm initiated","Letter","Nationwide","D-0514-2016","Class II","Ascorbic Acid 500 MG/ML Inj., Qty: 50 mL Vial, MFG by: Mylan Institutional, Rockford, IL 61103, Repackaged by: RemedyRepack Inc., 625 Kolter Dr., Indiana, PA 15701, NDC 61786-0431-16","1 Vial","Labeling: Incorrect Instructions; RemedyRepack, Inc. a relabeler, is recalling these products due to incorrect storage instructions.","11/11/2015","12/04/2015","11/01/2016","12/16/2015","LOT # B0105052-100715, Exp 07/01/2017"
"Drugs","No","","72699","Terminated","RemedyRepack Inc.","625 Kolter Dr Ste 4","N/A","Indiana","PA","	15701-3571","United States","Voluntary: Firm initiated","Letter","Nationwide","D-0515-2016","Class II","Lorazepam 2 mg/mL Inj., Qty: 1 mL Vial, MFG by: West-Ward Pharma, Eatontown, NJ 07724, Repackaged by: RemedyRepack Inc., 625 Kolter Dr., Indiana, PA 15701, NDC 61786-0316-01","1625 Vials","Labeling: Incorrect Instructions; RemedyRepack, Inc. a relabeler, is recalling these products due to incorrect storage instructions.","11/11/2015","12/04/2015","11/01/2016","12/16/2015","LOT#: B0085124-051915, B0086919-052815, Exp 12/01/2016; B0089280-061215, B0090023-061915, B0089996-061915, B0091581-070715, B0091564-070715, B0091515-070715, Exp 01/01/2017; B0094980-080415, B0094965-080415, B0097515-082415, B0100639-091415, B0100611-091415, Exp 03/01/2017; B0100933-091515, B0107165-101915, B0107118-101915, Exp 06/01/2017."
"Drugs","No","","72699","Terminated","RemedyRepack Inc.","625 Kolter Dr Ste 4","N/A","Indiana","PA","	15701-3571","United States","Voluntary: Firm initiated","Letter","Nationwide","D-0516-2016","Class II","Novolin 70/30, 100 Units/mL Solu., Qty: 1 Vial, MFG by: Novo Nordisk, A/S, Bagsvaerd, Denmark DK-2880, Repackaged by: RemedyRepack Inc., 625 Kolter Dr., Indiana, PA 15701, NDC 52125-0414-01","106 Vials","Labeling: Incorrect Instructions; RemedyRepack, Inc. a relabeler, is recalling these products due to incorrect storage instructions.","11/11/2015","12/04/2015","11/01/2016","12/16/2015","LOT#:QM114CZF0496, Exp 01/2016; B0025373-050514, B0029738-060914, Exp 02/2016; B0029737-060914, Exp 03/2016."
"Drugs","No","","72699","Terminated","RemedyRepack Inc.","625 Kolter Dr Ste 4","N/A","Indiana","PA","	15701-3571","United States","Voluntary: Firm initiated","Letter","Nationwide","D-0517-2016","Class II","Rocuronium Bromide 50 MG/5ML INJ., Qty: 5 mL Vial, MFG by: Mylan Institutional, Rockford, IL 61103, Repackaged by: RemedyRepack Inc., 625 Kolter Dr., Indiana, PA 15701, NDC 61786-0222-57","4 Vials","Labeling: Incorrect Instructions; RemedyRepack, Inc. a relabeler, is recalling these products due to incorrect storage instructions.","11/11/2015","12/04/2015","11/01/2016","12/16/2015","Lot#: B0073852-030915, Exp 04/2016"
"Drugs","No","","72716","Terminated","Pfizer Inc.","235 East 42nd Street","N/A","New York","NY","	10017-5703","United States","Voluntary: Firm initiated","Letter","Nationwide","D-0520-2016","Class III","Norpace CR (disopyramide phosphate) extended-release capsules USP,150 mg, packaged in a) 100-count bottles (NDC 0025-2742-31), and b) 500-count bottles (NDC 0025-2742-51), Rx only, Distributed by G.D. Searle LLC, Division of Pfizer Inc, NY, NY 10017.  ","a) 4005 bottles, b) 104 bottles","Failed Dissolution Specification  ","12/02/2015","12/10/2015","07/26/2017","12/16/2015","Lot #: C150065; C150064, Exp 6/16"
"Drugs","No","","72733","Terminated","Golden State Medical Supply Inc.","5187 Camino Ruiz","N/A","Camarillo","CA","	93012-8601","United States","Voluntary: Firm initiated","E-Mail","U.S. Nationwide","D-0509-2016","Class III","MECLIZINE HYDROCHLORIDE TABLETS, 12.5 mg, Packaged in 1000 ct Bottles, Rx Only.  Manufactured by: Par Pharmaceuticals Companies Inc., Spring Valley, NY 10977. Packaged by: GSMS Incorporated, Carmarillo, CA 93012. NDC: 60429-204-10.","1136 Bottles","Failed Impurities/Degradation Specifications: Out of specification for impurities.","11/25/2015","12/04/2015","06/07/2016","12/16/2015","Lot # GS007205 Expiry: Aug-17; Lot #:GS007344, Expiry: Aug-17; Lot #: GS008089, Expiry: Feb-18; Lot #: GS008842, Expiry: Feb-18; Lot #: GS009055, Expiry: Feb-18; Lot #: GS009131; Expiry: Feb-18."
"Drugs","No","","71494","Terminated","Life Science Pharmacy Inc","144 Route 17m Ste 4","N/A","Harriman","NY","	10926-3321","United States","Voluntary: Firm initiated","Telephone","Nationwide","D-0500-2016","Class II","BI-EST Creams, Rx, compounded by Life Science Pharmacy Inc., Harriman, NY","unknown","Penicillin Cross Contamination: potentially contaminated with penicillin","06/08/2015","12/02/2015","06/11/2018","12/09/2015","All lots"
"Drugs","No","","71494","Terminated","Life Science Pharmacy Inc","144 Route 17m Ste 4","N/A","Harriman","NY","	10926-3321","United States","Voluntary: Firm initiated","Telephone","Nationwide","D-0501-2016","Class II","TRI-EST Capsules, Rx, compounded by Life Science Pharmacy Inc., Harriman, NY","unknown","Penicillin Cross Contamination: potentially contaminated with penicillin","06/08/2015","12/02/2015","06/11/2018","12/09/2015","All lots"
"Drugs","No","","71494","Terminated","Life Science Pharmacy Inc","144 Route 17m Ste 4","N/A","Harriman","NY","	10926-3321","United States","Voluntary: Firm initiated","Telephone","Nationwide","D-0502-2016","Class II","TRI-EST Lozenges, Rx, compounded by Life Science Pharmacy Inc., Harriman, NY","unknown","Penicillin Cross Contamination: potentially contaminated with penicillin","06/08/2015","12/02/2015","06/11/2018","12/09/2015","All lots"
"Drugs","No","","71494","Terminated","Life Science Pharmacy Inc","144 Route 17m Ste 4","N/A","Harriman","NY","	10926-3321","United States","Voluntary: Firm initiated","Telephone","Nationwide","D-0503-2016","Class II","TRI-EST Liquids, Rx, compounded by Life Science Pharmacy Inc., Harriman, NY","N/A","Penicillin Cross Contamination: potentially contaminated with penicillin","06/08/2015","12/02/2015","06/11/2018","12/09/2015","All lots"
"Drugs","No","","71494","Terminated","Life Science Pharmacy Inc","144 Route 17m Ste 4","N/A","Harriman","NY","	10926-3321","United States","Voluntary: Firm initiated","Telephone","Nationwide","D-0504-2016","Class II","TRI-EST Gels, Rx, compounded by Life Science Pharmacy Inc., Harriman, NY","unknown","Penicillin Cross Contamination: potentially contaminated with penicillin","06/08/2015","12/02/2015","06/11/2018","12/09/2015","All lots"
"Drugs","No","","71494","Terminated","Life Science Pharmacy Inc","144 Route 17m Ste 4","N/A","Harriman","NY","	10926-3321","United States","Voluntary: Firm initiated","Telephone","Nationwide","D-0505-2016","Class II","METHYLFOLATE Capsules, Rx, compounded by Life Science Pharmacy Inc., Harriman, NY","unknown","Penicillin Cross Contamination: potentially contaminated with penicillin","06/08/2015","12/02/2015","06/11/2018","12/09/2015","All lots"
"Drugs","No","","71494","Terminated","Life Science Pharmacy Inc","144 Route 17m Ste 4","N/A","Harriman","NY","	10926-3321","United States","Voluntary: Firm initiated","Telephone","Nationwide","D-0506-2016","Class II","METHYLFOLATE Injection, Rx, compounded by Life Science Pharmacy Inc., Harriman, NY","unknown","Penicillin Cross Contamination: potentially contaminated with penicillin","06/08/2015","12/02/2015","06/11/2018","12/09/2015","All lots"
"Drugs","No","","71494","Terminated","Life Science Pharmacy Inc","144 Route 17m Ste 4","N/A","Harriman","NY","	10926-3321","United States","Voluntary: Firm initiated","Telephone","Nationwide","D-0507-2016","Class II","HUMAN CHORIONIC GONADOTROPIC (HCG) Injection, Rx, compounded by Life Science Pharmacy Inc., Harriman, NY","unknown","Penicillin Cross Contamination: potentially contaminated with penicillin","06/08/2015","12/02/2015","06/11/2018","12/09/2015","All lots"
"Drugs","No","","71494","Terminated","Life Science Pharmacy Inc","144 Route 17m Ste 4","N/A","Harriman","NY","	10926-3321","United States","Voluntary: Firm initiated","Telephone","Nationwide","D-0508-2016","Class II","HUMAN CHORIONIC GONADOTROPIC (HCG) Sublingual Drops, Rx, compounded by Life Science Pharmacy Inc., Harriman, NY","unknown","Penicillin Cross Contamination: potentially contaminated with penicillin","06/08/2015","12/02/2015","06/11/2018","12/09/2015","All lots"
"Drugs","No","","72733","Terminated","Golden State Medical Supply Inc.","5187 Camino Ruiz","N/A","Camarillo","CA","	93012-8601","United States","Voluntary: Firm initiated","E-Mail","U.S. Nationwide","D-0510-2016","Class III","MECLIZINE HYDROCHLORIDE TABLETS, 25 mg, Packaged in a) 100 ct Bottles (NDC: 60429-205-01) and b) 1000 ct Bottles (NDC: 60429-205-10), Rx Only.  Manufactured by: Par Pharmaceuticals Companies Inc., Spring Valley, NY 10977. Packaged by: GSMS Incorporated, Carmarillo, CA 93012.","a) 737 Bottles; b) 3863 Bottles","Failed Impurities/Degradation Specifications: Out of specification for impurities.","11/25/2015","12/04/2015","06/07/2016","12/16/2015","a)  Lot #: GS005224, Expiry: Jul-16, Lot:#: GS007553, Expiry: Nov-17; Lot #: GS007858, Expiry: Nov-17. b)   Lot #: GS002674, Expiry: Jan-16; Lot #: GS003402, Expiry:May-16; Lot #: GS003582, Expiry: Jun-16; Lot #: GS004899, Expiry: Jun-16; Lot #: GS005908, Expiry: Jun-17; Lot #: GS006088, Expiry: Jun-17; Lot #: GS006254, Expiry: Sep-17; Lot #: GS007345, Expiry: Nov-17; Lot #: GS007664, Expiry: Nov-17; Lot #: GS007803, Expiry: Nov-17; Lot #: GS008091, Expiry: Nov-17."
"Drugs","No","","72594","Terminated","Walgreens Infusion Services","14220 Northbrook Dr Ste 100B","N/A","San Antonio","TX","	78232-5045","United States","Voluntary: Firm initiated","Letter","Texas","D-0555-2016","Class II","Dextrose 5% and 0.9% Sodium Chloride injection bag a) 1000 mL,  b) 3000 mL, Rx Only, Compounded by Option Care 148, San Antonio, TX 78232-5045","9 bags","Lack of Assurance of Sterility","11/10/2015","12/30/2015","10/18/2017","01/06/2016","All lots within expiry."
"Drugs","No","","72594","Terminated","Walgreens Infusion Services","14220 Northbrook Dr Ste 100B","N/A","San Antonio","TX","	78232-5045","United States","Voluntary: Firm initiated","Letter","Texas","D-0556-2016","Class II","0.9% Sodium Chloride injection bag, a) 500 mL, b)1000 mL c)2000 mL Bag, Rx Only, Compounded by Option Care 148, San Antonio, TX 78232-5045","43 bags","Lack of Assurance of Sterility","11/10/2015","12/30/2015","10/18/2017","01/06/2016","All lots within expiry."
"Drugs","No","","72594","Terminated","Walgreens Infusion Services","14220 Northbrook Dr Ste 100B","N/A","San Antonio","TX","	78232-5045","United States","Voluntary: Firm initiated","Letter","Texas","D-0557-2016","Class II","0.9% Sodium Chloride/MVI injection 2000 mL Bag, Rx Only, Compounded by Option Care 148, San Antonio, TX 78232-5045","7 bags","Lack of Assurance of Sterility","11/10/2015","12/30/2015","10/18/2017","01/06/2016","All lots within expiry."
"Drugs","No","","72800","Terminated","GlaxoSmithKline, LLC","1011 N Arendell Ave","N/A","Zebulon","NC","	27597-2309","United States","Voluntary: Firm initiated","Letter","MS and VT","D-0519-2016","Class II","Ventolin HFA (albuterol sulfate) Inhalation Aerosol, 90 mcg per actuation,  200 Metered Inhalations, Rx Only, For Oral Inhalation Only, Net Wt. 18 g, GlaxoSmithKline, Research Triangle Park, NC 27709, NDC 0173-0682-20","128,704 Inhalers","Defective Delivery System: Some canisters may not contain sufficient propellant to deliver the labeled claim of 200 actuations through the end of shelf life.","12/03/2015","12/09/2015","10/25/2016","12/16/2015","Lot #s: 5ZP1708, Exp. 12/2016; 5ZP1951, Exp. 02/2017"
"Drugs","No","","72594","Terminated","Walgreens Infusion Services","14220 Northbrook Dr Ste 100B","N/A","San Antonio","TX","	78232-5045","United States","Voluntary: Firm initiated","Letter","Texas","D-0558-2016","Class II","3-in-1 TPN formula daily+overfill Bag, 2000 mL, Rx Only, Compounded by Option Care 148, San Antonio, TX 78232-5045","87 bags","Lack of Assurance of Sterility","11/10/2015","12/30/2015","10/18/2017","01/06/2016","All lots within expiry."
"Drugs","No","","72942","Terminated","PD-Rx Pharmaceuticals, Inc.","727 N Ann Arbor Ave","N/A","Oklahoma City","OK","	73127-5822","United States","Voluntary: Firm initiated","E-Mail","Alabama","D-0559-2016","Class II","Clonidine Hydrochloride Tablets, USP, 0.1 mg, 100-count bottles, Rx only, Packaged by PD-RX Pharmaceuticals, Inc., Oklahoma City, OK 73127, MFG: Mutual Pharm. Co. Inc., Philadelphia, PA 19124, NDC 43063-509-01","9 bottles","cGMP Deviations","07/10/2015","12/31/2015","03/08/2017","01/06/2016","Lot# B14D26, Exp 02/16"





